date,shgold,usdcny,intl_gold,real_rate,spx,vix,gvz,dxy,premium
2011-11-09,367.02,6.3401,1772.23999,-0.04,2621.65,36.16,29.85,90.6991,5.7687337245326376
2011-11-10,360.15,6.3454,1759.19995,-0.04,2625.15,32.81,28.81,90.8588,1.257034168823452
2011-11-11,362.9,6.3454,1788.98999,-0.04,2678.75,30.04,27.85,90.8588,1.257034168823452
2011-11-14,367.36,6.3536,1781.0,-0.01,2657.22,31.13,27.85,90.7215,3.5500879322262904
2011-11-15,363.53,6.3464,1781.40002,0.04,2686.2,31.22,26.75,91.1081,0.0507424589515608
2011-11-16,362.82,6.3445,1762.34998,0.05,2639.61,33.51,26.94,91.1237,3.3353938267397325
2011-11-17,362.88,6.3505,1719.099976,0.06,2587.99,34.51,28.86,91.1822,11.885919025575843
2011-11-18,353.56,6.3565,1723.050049,0.05,2572.5,32.0,27.59,91.3676,1.42703629917861
2011-11-21,353.71,6.3603,1680.84998,0.07,2523.14,32.91,30.07,91.9978,9.995944418023726
2011-11-22,346.59,6.3605,1699.19995,0.05,2521.28,31.97,27.56,92.0193,-0.8873347685951671
2011-11-23,351.0,6.3576,1693.30005,-0.01,2460.08,33.98,27.81,92.7463,4.887041719420665
2011-11-24,348.8,6.3576,1694.75,-0.01,2460.08,33.98,27.81,92.7463,4.887041719420665
2011-11-25,346.5,6.3802,1680.13,0.05,2441.51,34.47,20.46,93.1455,1.8582257302232392
2011-11-28,351.23,6.3839,1712.30005,0.02,2527.34,32.13,26.61,92.4983,-0.21444481151633
2011-11-29,352.7,6.3769,1716.75,0.01,2515.51,30.64,25.74,92.2163,0.728579581076076
2011-11-30,353.22,6.3765,1745.69995,0.03,2620.34,27.8,25.32,91.4728,-4.66434520793473
2011-12-01,359.0,6.3655,1745.25,0.06,2626.2,27.41,24.55,91.227,1.825120163325664
2011-12-02,359.0,6.3596,1745.25,0.0,2626.93,27.52,23.51,91.3532,1.825120163325664
2011-12-05,359.0,6.3629,1721.64001,-0.01,2655.76,27.84,24.97,91.1087,6.80094781522979
2011-12-06,352.75,6.3645,1728.19995,0.01,2649.56,28.13,24.52,91.2817,-0.8799317367819981
2011-12-07,356.21,6.3642,1742.099976,-0.01,2649.21,28.67,24.15,91.2331,-0.2473976323951205
2011-12-08,357.9,6.3618,1708.80005,0.01,2596.38,30.59,25.18,91.668,8.388075036892928
2011-12-09,351.35,6.3641,1711.099976,0.05,2646.85,26.38,23.13,91.6122,1.2411261671002194
2011-12-12,346.96,6.3604,1666.30005,-0.01,2612.26,25.67,23.66,92.3375,6.215876733486539
2011-12-13,339.66,6.3648,1632.099976,-0.05,2579.27,25.41,24.1,92.5456,5.678617607510432
2011-12-14,337.53,6.371,1575.099976,-0.04,2539.31,26.04,28.63,93.2176,14.8987222628964
2011-12-15,322.33,6.3733,1570.69995,-0.01,2541.01,25.11,27.28,92.8858,0.4838414861671367
2011-12-16,328.75,6.3479,1597.94995,-0.05,2555.33,24.29,24.8,92.8252,2.625078765894557
2011-12-19,328.45,6.3376,1594.099976,-0.12,2523.14,24.92,23.42,92.8685,3.63870841231369
2011-12-20,329.7,6.3459,1615.65002,-0.1,2603.73,23.22,21.33,92.432,0.0665676879450529
2011-12-21,334.48,6.3386,1615.15002,-0.07,2577.97,21.43,21.22,92.5262,5.327656476859602
2011-12-22,331.51,6.3392,1604.69995,-0.07,2599.45,21.16,20.23,92.3883,4.456326842959811
2011-12-23,330.92,6.3364,1606.59998,-0.04,2618.64,20.73,19.67,92.3897,3.6237113742183737
2011-12-26,327.35,6.3364,1605.81995,-0.04,2618.64,20.73,19.67,92.3897,3.6237113742183737
2011-12-27,326.23,6.321,1592.90002,-0.02,2625.2,21.91,20.81,92.4137,2.513343468741482
2011-12-28,324.18,6.3211,1553.0,-0.07,2589.98,23.52,24.33,92.8374,8.567020753291388
2011-12-29,316.0,6.3187,1546.69995,-0.05,2613.74,22.65,23.12,92.7398,1.7867129401835768
2011-12-30,319.45,6.2939,1564.30005,-0.07,2605.15,23.4,23.24,92.4262,2.9085148071760614
2012-01-02,319.45,6.2939,1566.27002,-0.07,2605.15,23.4,23.24,92.4262,2.9085148071760614
2012-01-03,319.45,6.294,1604.14001,-0.04,2648.72,22.97,22.9,91.7551,2.9085148071760614
2012-01-04,327.33,6.2941,1612.40002,-0.08,2648.36,22.22,22.08,92.0345,1.0449527904576144
2012-01-05,331.95,6.3013,1623.0,-0.1,2669.86,21.48,22.34,92.5773,3.1442418055845565
2012-01-06,333.41,6.3088,1616.84998,-0.11,2674.22,20.63,21.3,92.7183,5.460310935296718
2012-01-09,330.3,6.3143,1611.5,-0.13,2676.56,21.07,21.47,92.7418,3.1505007475043385
2012-01-10,332.2,6.3141,1631.56006,-0.08,2702.5,20.69,21.51,92.2461,0.988613022778793
2012-01-11,336.2,6.3149,1641.80005,-0.1,2710.76,21.05,22.34,92.554,2.867637540951989
2012-01-12,336.98,6.3177,1650.099976,-0.1,2724.7,20.47,21.6,92.2274,1.813969862709996
2012-01-13,336.65,6.3065,1639.34998,-0.14,2710.67,20.91,21.2,92.5385,4.2578046242384175
2012-01-16,335.15,6.3065,1643.40002,-0.14,2710.67,20.91,21.2,92.5385,4.2578046242384175
2012-01-17,339.77,6.3136,1651.73999,-0.17,2728.08,22.2,21.6,92.0142,4.488581482341203
2012-01-18,338.65,6.3109,1661.25,-0.15,2769.71,20.89,21.14,91.6943,1.582383011558136
2012-01-19,340.68,6.3162,1657.59998,0.0,2788.33,19.87,20.34,91.3316,4.0705189552301135
2012-01-20,339.57,6.333,1666.90002,0.01,2786.7,18.28,19.58,91.3661,0.1716098940633514
2012-01-23,339.57,6.333,1677.0,0.02,2784.17,18.67,20.18,90.986,0.1716098940633514
2012-01-24,339.57,6.333,1665.19995,-0.01,2786.64,18.91,20.08,91.181,0.1716098940633514
2012-01-25,339.57,6.333,1711.90002,-0.12,2818.31,18.31,22.24,91.277,0.1716098940633514
2012-01-26,339.57,6.333,1721.5,-0.16,2805.28,18.57,21.71,90.3962,0.1716098940633514
2012-01-27,339.57,6.333,1738.89001,-0.18,2816.55,18.53,20.82,90.2559,0.1716098940633514
2012-01-30,353.21,6.331,1730.050049,-0.24,2811.94,19.4,21.23,90.4762,1.06484398157761
2012-01-31,355.04,6.308,1739.43005,-0.28,2813.84,19.44,20.93,90.5538,2.2718306492839133
2012-02-01,354.07,6.3076,1743.59998,-0.28,2848.27,18.55,21.54,90.0963,0.4785638642596836
2012-02-02,356.84,6.3017,1759.98999,-0.3,2859.68,17.98,21.93,89.8765,0.2586210560547783
2012-02-03,358.59,6.3027,1725.30005,-0.21,2905.66,17.1,21.05,89.8491,8.981479250405926
2012-02-06,353.36,6.312,1720.30005,-0.26,2901.99,17.76,21.2,89.7907,4.250288372691159
2012-02-07,352.63,6.3046,1746.5,-0.21,2904.08,17.65,20.45,89.5968,-1.3810887842204238
2012-02-08,357.66,6.2938,1733.55005,-0.21,2915.86,18.16,20.69,89.6555,6.87576977864228
2012-02-09,355.09,6.2947,1729.59998,-0.17,2927.23,18.63,20.03,89.6246,5.055020203321135
2012-02-10,353.1,6.2991,1719.84998,-0.24,2903.88,20.79,19.73,90.1024,4.794921503432136
2012-02-13,352.56,6.2972,1722.5,-0.22,2931.39,19.04,19.07,89.8895,3.823459096243198
2012-02-14,350.3,6.2995,1720.099976,-0.27,2931.83,19.54,19.24,90.1919,1.9221711764914176
2012-02-15,352.18,6.2998,1729.01001,-0.26,2915.83,21.14,19.28,90.1932,1.9809143344639888
2012-02-16,350.81,6.3014,1728.69995,-0.24,2959.85,19.22,19.21,90.3109,0.5847885308727427
2012-02-17,353.34,6.2985,1722.44995,-0.23,2951.78,17.78,18.61,90.23,4.541600782066325
2012-02-20,353.73,6.2985,1734.0,-0.23,2951.78,17.78,18.61,90.23,4.541600782066325
2012-02-21,355.59,6.296,1759.15002,-0.22,2948.57,18.19,19.94,90.0117,-0.4988172044947419
2012-02-22,358.22,6.296,1777.55005,-0.27,2933.17,18.19,19.84,90.2472,-1.5933687462825787
2012-02-23,362.47,6.298,1780.099976,-0.3,2956.98,16.8,19.76,90.1108,2.026009810857317
2012-02-24,362.31,6.2976,1773.48999,-0.29,2963.75,17.31,19.01,89.9104,3.2272420780940934
2012-02-27,360.9,6.3012,1766.30005,-0.32,2966.16,18.19,19.1,89.9635,3.0685702554374643
2012-02-28,361.92,6.2989,1785.84998,-0.31,2986.76,17.96,20.12,89.8103,0.2600440779334008
2012-02-29,364.75,6.2935,1695.19995,-0.28,2966.89,18.43,22.9,89.7487,21.74227143810185
2012-03-01,349.83,6.3001,1716.55005,-0.23,2988.97,17.26,19.53,89.7817,2.1380370374716904
2012-03-02,350.49,6.2982,1712.30005,-0.24,2976.19,17.29,18.96,90.135,3.7634844982076174
2012-03-05,348.82,6.3066,1706.69995,-0.2,2950.48,18.05,19.4,90.2748,2.766536413265385
2012-03-06,346.76,6.3082,1674.0,-0.21,2910.32,20.87,20.23,90.8237,7.250722908997318
2012-03-07,341.28,6.3097,1684.94995,-0.22,2935.69,19.07,19.18,90.6837,-0.5313298990467388
2012-03-08,344.61,6.3159,1700.65002,-0.21,2970.42,17.95,19.26,90.2598,-0.7252664914881279
2012-03-09,347.67,6.3109,1713.089966,-0.24,2988.34,17.11,19.41,90.4341,0.0840541601620543
2012-03-12,347.96,6.3258,1700.53003,-0.24,2983.66,15.64,19.21,90.6643,2.1078334022216154
2012-03-13,347.55,6.3266,1675.5,-0.2,3039.88,14.8,20.47,90.5363,6.745322069863505
2012-03-14,341.39,6.3315,1643.59998,-0.07,3040.73,15.31,20.6,90.9325,6.815007688202286
2012-03-15,337.36,6.3282,1658.22998,-0.08,3056.37,15.42,18.24,90.7866,-0.0171748978732466
2012-03-16,340.7,6.3222,1660.65002,-0.09,3055.26,14.47,18.99,90.5245,3.1507995420451493
2012-03-19,340.92,6.3191,1664.55005,-0.03,3078.32,15.04,17.83,90.292,2.7439676899706456
2012-03-20,338.52,6.3203,1650.34998,-0.04,3074.15,15.58,18.42,90.6065,3.1652335398267155
2012-03-21,338.6,6.3226,1650.5,-0.08,3075.32,15.13,18.04,90.6761,3.0927001784365302
2012-03-22,337.99,6.299,1644.84998,-0.08,3063.32,15.57,18.51,90.8225,4.879256063787011
2012-03-23,337.21,6.3021,1662.26001,-0.11,3067.92,14.82,18.3,90.6156,0.4077491593871514
2012-03-26,340.78,6.3139,1689.97998,-0.08,3122.57,14.26,19.22,90.3266,-2.279932024434629
2012-03-27,345.84,6.3061,1680.050049,-0.13,3120.35,15.59,18.62,90.2796,5.217124310804252
2012-03-28,342.4,6.3044,1662.18005,-0.11,3104.96,15.47,18.18,90.603,5.491037753950536
2012-03-29,339.97,6.3057,1661.38,-0.13,3095.36,15.48,17.43,90.7285,3.15376176314561
2012-03-30,340.2,6.2975,1668.90002,-0.09,3091.57,15.5,17.01,90.4593,2.2991889674794947
2012-04-02,340.2,6.2979,1677.75,-0.14,3119.7,15.64,17.1,90.247,2.2991889674794947
2012-04-03,340.2,6.2975,1645.32996,-0.06,3113.57,15.66,18.05,90.1921,2.2991889674794947
2012-04-04,340.2,6.2975,1620.22998,-0.05,3068.09,16.44,18.88,90.8284,2.2991889674794947
2012-04-05,333.06,6.3123,1631.25,-0.08,3080.5,16.7,18.02,90.8781,2.0059586541707404
2012-04-06,334.4,6.3052,1639.48999,-0.16,3080.5,16.7,18.02,90.9375,2.0479404263828656
2012-04-09,336.42,6.31,1641.28003,-0.17,3047.08,18.81,19.21,90.9624,3.451781333290512
2012-04-10,337.7,6.3105,1660.34998,-0.24,2991.22,20.39,19.94,91.2728,0.836349645859741
2012-04-11,340.23,6.3076,1657.94995,-0.25,3016.46,20.02,20.02,91.1768,4.007867294034497
2012-04-12,339.4,6.3069,1675.47998,-0.22,3055.55,17.2,18.64,90.7694,-0.3394082936647464
2012-04-13,342.62,6.3022,1659.0,-0.25,3011.33,19.55,18.44,91.0558,6.4729490250293225
2012-04-16,335.8,6.315,1652.099976,-0.26,2988.4,19.55,18.8,91.2355,0.3711463841689806
2012-04-17,336.3,6.3015,1649.90002,-0.26,3042.82,18.46,18.03,90.7661,2.033921390518742
2012-04-18,338.46,6.3026,1642.069946,-0.26,3031.45,18.64,17.54,90.9326,5.722203878675998
2012-04-19,336.01,6.3029,1643.59998,-0.21,3007.56,18.36,17.33,91.0833,2.9463154004533294
2012-04-20,336.3,6.308,1642.69995,-0.24,3000.45,17.44,16.72,90.8066,3.1493486392207046
2012-04-23,335.92,6.3084,1638.69995,-0.26,2970.45,18.97,17.11,91.079,3.559501516549574
2012-04-24,335.12,6.3073,1641.0,-0.25,2961.6,18.1,17.64,90.8153,2.351041522658249
2012-04-25,336.2,6.3039,1644.69995,-0.24,3029.63,16.82,17.45,90.756,2.860536119568565
2012-04-26,338.03,6.3054,1656.90002,-0.29,3050.61,16.24,16.94,90.6428,2.1379818635201677
2012-04-27,338.22,6.3093,1662.050049,-0.3,3069.2,16.32,16.61,90.3269,1.0755508493995762
2012-04-30,338.22,6.279,1664.35999,-0.3,3046.36,17.15,16.93,90.3634,1.0755508493995762
2012-05-01,338.22,6.3089,1662.099976,-0.28,3050.44,16.6,16.47,90.3227,1.0755508493995762
2012-05-02,338.15,6.307,1653.5,-0.28,3059.85,16.88,16.55,90.6144,2.8621867313967755
2012-05-03,335.92,6.3052,1635.76001,-0.27,3024.3,17.56,17.45,90.6839,4.324069797546883
2012-05-04,334.56,6.3059,1642.82996,-0.3,2956.34,19.16,16.32,91.0497,1.493899890237401
2012-05-07,335.39,6.3074,1639.15002,-0.27,2957.76,18.94,16.38,91.0747,2.990918348481671
2012-05-08,333.59,6.3076,1605.0,-0.28,2946.27,19.05,17.93,91.4107,8.105794042471075
2012-05-09,325.98,6.3096,1589.33997,-0.27,2934.71,20.08,19.32,91.7632,3.569355708778744
2012-05-10,326.41,6.314,1593.66003,-0.25,2933.64,18.83,18.25,91.7077,2.8975519018760565
2012-05-11,324.16,6.3097,1580.050049,-0.28,2933.82,19.89,18.46,91.7306,3.628812378822317
2012-05-14,322.89,6.321,1556.84998,-0.33,2902.58,21.87,20.05,92.2491,6.499602662722907
2012-05-15,318.91,6.3176,1544.44995,-0.36,2893.76,21.97,20.75,92.5235,5.208422874596181
2012-05-16,313.95,6.3227,1540.050049,-0.33,2874.04,22.27,22.2,92.903,0.8895905665825694
2012-05-17,318.31,6.3247,1574.0,-0.35,2813.69,24.49,22.59,92.9632,-1.752944684681779
2012-05-18,323.19,6.3245,1593.089966,-0.39,2778.79,25.1,23.29,93.1395,-0.7445247308823468
2012-05-21,327.63,6.3277,1592.65002,-0.41,2847.21,22.01,20.69,93.0945,3.6210771599980944
2012-05-22,325.26,6.3223,1568.94995,-0.38,2839.08,22.48,20.04,93.1113,6.345013941035575
2012-05-23,320.02,6.3343,1562.0,-0.41,2850.12,22.33,21.79,93.8855,1.9150729017634944
2012-05-24,321.4,6.3449,1559.0,-0.37,2839.38,21.54,21.93,93.8027,3.3747263169739767
2012-05-25,321.74,6.3439,1573.44995,-0.38,2837.53,21.76,21.11,93.9488,0.8176234891571994
2012-05-28,326.3,6.3439,1573.32996,-0.38,2837.53,21.76,21.11,93.9488,0.8176234891571994
2012-05-29,325.5,6.3478,1555.75,-0.37,2870.99,21.03,21.72,93.875,7.992650344816468
2012-05-30,319.86,6.3574,1562.44995,-0.45,2837.36,24.14,23.46,94.302,0.5030365672673724
2012-05-31,323.01,6.3684,1560.69995,-0.5,2827.34,24.06,23.11,94.6856,3.4587738813959845
2012-06-01,322.63,6.3692,1626.25,-0.59,2747.48,26.66,25.3,94.6979,-10.384339222274036
2012-06-04,335.67,6.3641,1618.40002,-0.56,2760.01,26.12,25.36,94.5184,4.528502506727534
2012-06-05,334.36,6.367,1617.099976,-0.56,2778.11,24.68,23.99,94.6184,3.3337313423891146
2012-06-06,336.4,6.3634,1620.40002,-0.5,2844.72,22.16,23.14,94.0362,4.885749601556029
2012-06-07,334.7,6.3634,1589.0,-0.49,2831.02,21.72,22.92,93.774,9.609814008069804
2012-06-08,324.92,6.37,1594.44995,-0.5,2858.42,21.23,22.03,94.2024,-1.6235138006976513
2012-06-11,329.88,6.369,1596.44995,-0.53,2809.73,23.56,22.19,94.0369,2.978213013004961
2012-06-12,328.34,6.3703,1610.050049,-0.48,2843.07,22.09,22.9,94.0693,-1.413944962615176
2012-06-13,332.58,6.3685,1618.34998,-0.51,2818.61,24.27,23.96,93.8309,1.2198042782966354
2012-06-14,333.61,6.3702,1623.31995,-0.47,2836.33,21.68,24.1,93.8152,1.1434690472133298
2012-06-15,335.31,6.3649,1626.76001,-0.54,2872.8,21.11,22.94,93.5203,2.416120287138142
2012-06-18,333.5,6.3539,1628.40002,-0.54,2895.33,18.32,20.64,93.6431,0.846411591042795
2012-06-19,335.56,6.3542,1618.069946,-0.53,2929.76,18.38,20.51,93.0524,5.001058052206361
2012-06-20,333.49,6.3597,1605.90002,-0.51,2930.45,17.24,19.88,93.1602,5.13330839956916
2012-06-21,330.37,6.3644,1565.30005,-0.47,2859.09,20.08,21.07,93.6378,10.07821167328433
2012-06-22,330.37,6.3644,1572.15002,-0.42,2892.42,18.11,20.29,93.9205,10.07821167328433
2012-06-25,325.14,6.3631,1584.59998,-0.47,2836.17,20.38,20.46,94.1757,0.9652887058369402
2012-06-26,326.9,6.3626,1572.15002,-0.45,2854.06,19.72,20.47,93.9859,5.297552775346844
2012-06-27,324.35,6.3561,1574.30005,-0.45,2875.32,19.45,19.96,93.8728,2.636734682431268
2012-06-28,325.38,6.357,1551.90002,-0.48,2849.49,19.71,20.56,94.0203,8.19934743228248
2012-06-29,324.6,6.353,1598.59998,-0.46,2935.06,17.08,19.53,92.9096,-1.9197059154114413
2012-07-02,328.13,6.3487,1596.34998,-0.5,2951.24,16.8,19.34,92.951,2.2905569139807653
2012-07-03,331.78,6.3519,1616.65002,-0.48,2976.09,16.66,25.23,92.6508,1.6306836195926735
2012-07-04,333.3,6.3519,1615.63,-0.48,2976.09,16.66,25.23,92.6508,1.6306836195926735
2012-07-05,333.8,6.3557,1604.75,-0.51,2976.12,17.5,18.94,93.2211,5.8848272702429085
2012-07-06,330.59,6.364,1582.90002,-0.53,2937.33,17.1,19.46,93.7087,6.717261328146321
2012-07-09,326.94,6.3709,1587.15002,-0.57,2931.77,17.98,19.04,93.6974,1.8455873963380327
2012-07-10,327.3,6.3654,1566.5,-0.59,2902.34,18.72,20.28,93.5552,6.712313726751006
2012-07-11,326.12,6.3682,1576.90002,-0.57,2887.99,17.95,19.22,93.5981,3.261970924043908
2012-07-12,324.7,6.3732,1572.40002,-0.58,2866.19,18.33,19.31,93.9298,2.510541981963456
2012-07-13,326.44,6.3789,1589.050049,-0.59,2908.47,16.74,18.52,93.5515,0.5476934246596556
2012-07-16,328.82,6.3784,1589.34998,-0.61,2896.95,17.11,18.03,93.3746,2.8917310774671705
2012-07-17,329.64,6.3725,1582.75,-0.59,2910.04,16.48,17.7,93.3479,5.365420772581842
2012-07-18,327.13,6.369,1573.80005,-0.6,2942.61,16.16,17.35,93.0973,4.866186652627505
2012-07-19,326.95,6.3724,1582.050049,-0.62,2965.9,15.45,16.83,93.0438,2.823913474445021
2012-07-20,327.5,6.3734,1583.63,-0.67,2925.3,16.27,16.88,93.3653,2.99930258652563
2012-07-23,326.15,6.3856,1576.90002,-0.68,2890.16,18.62,18.34,93.9297,2.4098174574565405
2012-07-24,326.5,6.3857,1580.5,-0.68,2863.0,20.47,19.6,94.2635,2.015654186827817
2012-07-25,327.49,6.3879,1605.38,-0.67,2854.25,19.34,19.64,94.0564,-2.2158820389988705
2012-07-26,332.88,6.3839,1616.19995,-0.66,2893.25,17.53,19.37,93.3595,1.1598122138988174
2012-07-27,335.3,6.3807,1623.28003,-0.61,2958.09,16.7,19.11,92.9333,2.293653851785166
2012-07-30,334.45,6.3792,1621.099976,-0.64,2945.84,18.03,19.43,93.0524,1.9690584050283635
2012-07-31,335.58,6.361,1613.90002,-0.69,2939.52,18.93,19.51,92.8422,5.520102328676842
2012-08-01,334.12,6.368,1599.19995,-0.67,2920.21,18.96,19.01,92.8905,6.706516578520109
2012-08-02,331.48,6.3671,1590.34998,-0.69,2909.77,17.57,18.05,93.4269,5.924440090086364
2012-08-03,329.85,6.3721,1604.30005,-0.66,2967.9,15.64,16.65,92.6048,1.180867953606537
2012-08-06,332.79,6.3738,1611.0,-0.68,2989.91,15.95,16.35,92.4339,2.660213963058822
2012-08-07,333.68,6.3664,1611.18005,-0.65,3015.86,15.99,16.48,92.5128,3.896642168244796
2012-08-08,332.55,6.361,1611.90002,-0.61,3011.25,15.32,16.25,92.5407,2.899123821434898
2012-08-09,334.81,6.3579,1617.69995,-0.58,3018.64,15.28,16.19,92.6057,4.13420749738782
2012-08-10,334.0,6.3599,1620.050049,-0.6,3020.86,14.74,16.16,92.5129,2.739649665307752
2012-08-13,336.02,6.3611,1610.15002,-0.58,3022.52,13.7,15.13,92.5955,6.721840878936405
2012-08-14,334.03,6.3586,1598.65002,-0.53,3016.98,14.85,14.96,92.6152,7.212245818894985
2012-08-15,331.2,6.3619,1603.38,-0.45,3030.93,14.63,14.87,92.6838,3.245164627774954
2012-08-16,331.71,6.3659,1614.80005,-0.42,3062.39,14.29,15.17,92.5737,1.2116432782484026
2012-08-17,335.34,6.358,1615.80005,-0.43,3076.59,13.45,14.7,92.711,5.047373192727491
2012-08-20,335.13,6.3592,1620.69995,-0.43,3076.21,14.02,14.78,92.6263,3.773235583133726
2012-08-21,336.3,6.3559,1638.5,-0.45,3067.26,15.02,16.29,92.3053,1.4778047486617538
2012-08-22,339.51,6.3515,1654.0,-0.55,3073.67,15.11,17.15,92.4362,1.754409793110142
2012-08-23,345.99,6.3535,1670.65002,-0.62,3053.4,15.96,17.94,92.1057,4.726962011670707
2012-08-24,344.79,6.3542,1670.34998,-0.6,3069.79,15.18,16.88,92.2785,3.550658996061543
2012-08-27,346.63,6.3558,1664.099976,-0.64,3073.19,16.35,16.9,92.3135,6.581882345690985
2012-08-28,343.93,6.3525,1667.030029,-0.68,3077.14,16.49,16.54,92.2033,3.4600124030254165
2012-08-29,345.5,6.3513,1656.55005,-0.64,3081.19,17.06,16.5,92.3823,7.234327887054519
2012-08-30,343.38,6.3494,1656.15002,-0.63,3048.71,17.83,17.14,92.6239,5.297181764495974
2012-08-31,343.39,6.3484,1691.15002,-0.68,3066.96,17.47,17.89,92.1677,-1.7832694702526055
2012-09-03,349.71,6.3484,1692.40002,-0.68,3066.96,17.47,17.89,92.1677,-1.7832694702526055
2012-09-04,350.3,6.3465,1696.40002,-0.68,3075.06,17.98,17.97,92.1582,4.158802805793584
2012-09-05,350.16,6.3489,1693.65002,-0.69,3069.27,17.74,18.18,92.1262,4.449240375584736
2012-09-06,352.6,6.3428,1701.65002,-0.63,3135.81,15.6,17.8,91.8973,5.589993188676544
2012-09-07,349.61,6.3428,1736.5,-0.68,3136.42,14.38,18.95,91.3469,-4.506810005304885
2012-09-10,358.23,6.3375,1725.80005,-0.68,3104.02,16.28,19.08,91.3102,6.589258061793714
2012-09-11,357.78,6.3349,1731.75,-0.68,3104.53,16.41,19.59,91.0575,5.071685019370818
2012-09-12,357.89,6.3261,1731.5,-0.61,3114.31,15.8,20.15,91.0477,5.722489912710785
2012-09-13,356.13,6.3294,1766.90002,-0.72,3155.83,14.05,19.03,90.9632,-3.424937116015883
2012-09-14,365.19,6.3145,1772.47998,-0.76,3183.95,14.51,17.87,90.1436,5.3486691623129445
2012-09-17,364.4,6.317,1761.44995,-0.74,3178.67,14.59,18.08,90.2837,6.656359118748696
2012-09-18,361.87,6.3187,1770.94995,-0.73,3177.8,14.18,17.89,90.5029,2.100152585239641
2012-09-19,365.41,6.3091,1769.80005,-0.75,3182.62,13.88,17.69,90.4646,6.419999020849787
2012-09-20,361.92,6.3036,1766.69995,-0.7,3175.96,14.07,17.29,90.7631,3.8712336290128064
2012-09-21,363.67,6.3051,1773.050049,-0.71,3179.96,13.98,17.09,90.5342,4.2487816821289925
2012-09-24,360.12,6.309,1764.15002,-0.73,3160.78,14.15,16.94,90.8263,2.2817349758066143
2012-09-25,360.86,6.3057,1760.65002,-0.74,3117.73,15.43,16.74,90.6074,3.918471518832291
2012-09-26,360.86,6.3015,1752.19995,-0.77,3093.7,16.81,16.31,91.0028,5.868182843570708
2012-09-27,360.31,6.3021,1777.90002,-0.78,3136.6,14.84,17.02,90.7538,0.0771092950310503
2012-09-28,365.48,6.2848,1771.21997,-0.77,3116.23,15.73,16.76,90.8342,7.5857672784091505
2012-10-01,365.48,6.284,1774.40002,-0.78,3113.53,16.32,16.9,90.7011,7.5857672784091505
2012-10-02,365.48,6.284,1778.0,-0.83,3120.04,15.71,16.34,90.644,7.5857672784091505
2012-10-03,365.48,6.284,1779.15002,-0.83,3135.23,15.43,16.59,90.8726,7.5857672784091505
2012-10-04,365.48,6.284,1790.55005,-0.86,3149.46,14.55,17.27,90.4932,7.5857672784091505
2012-10-05,365.48,6.284,1780.97998,-0.82,3136.19,14.33,15.88,90.2851,7.5857672784091505
2012-10-08,361.38,6.284,1774.90002,-0.82,3112.35,15.11,16.13,90.2851,7.5857672784091505
2012-10-09,361.8,6.2877,1764.15002,-0.81,3065.02,16.37,15.72,90.8703,5.169843240985756
2012-10-10,359.5,6.2831,1762.55005,-0.8,3051.78,16.29,15.53,90.883,3.453953119263076
2012-10-11,359.51,6.2765,1768.80005,-0.77,3049.41,15.59,15.31,90.7437,2.576744455607866
2012-10-12,359.95,6.267,1754.25,-0.78,3044.11,16.14,15.72,90.6833,6.488661243911395
2012-10-15,354.19,6.27,1736.099976,-0.78,3064.18,15.27,15.47,90.6409,4.218233172472594
2012-10-16,353.61,6.2637,1747.80005,-0.71,3101.17,15.22,15.12,90.5583,1.6336895145241217
2012-10-17,354.8,6.254,1750.30005,-0.65,3104.12,15.07,14.64,90.2309,2.866085401964483
2012-10-18,354.46,6.2501,1741.69995,-0.66,3072.87,15.03,14.73,90.3804,4.473700789460963
2012-10-19,351.67,6.2533,1720.90002,-0.71,3005.62,17.06,15.1,90.8107,5.6862973599112365
2012-10-22,350.09,6.2543,1729.44995,-0.7,3016.96,16.62,14.88,90.7911,2.33174699680103
2012-10-23,349.7,6.2478,1708.69995,-0.71,2990.46,18.83,15.8,91.0945,6.471246078094112
2012-10-24,347.3,6.2478,1702.43005,-0.69,2981.7,18.33,15.7,91.1275,5.330688945295606
2012-10-25,347.7,6.2416,1711.80005,-0.63,2986.12,18.12,15.36,91.02,4.189745781664442
2012-10-26,345.0,6.248,1711.34998,-0.69,2987.95,17.81,14.92,91.1411,1.227926920121547
2012-10-29,347.57,6.2384,1709.84998,-0.73,2987.95,17.81,14.92,91.1411,4.626983450994203
2012-10-30,347.28,6.2396,1709.48999,-0.73,2987.95,17.81,14.92,91.1411,4.343232703586409
2012-10-31,349.89,6.2372,1720.55005,-0.78,2977.23,18.6,14.99,91.1609,4.867260698635221
2012-11-01,352.0,6.2393,1714.69995,-0.77,3020.06,16.69,14.49,91.1217,8.034613531113905
2012-11-02,347.9,6.2411,1677.84998,-0.73,2982.13,17.59,16.2,91.281,11.229544579291712
2012-11-05,342.02,6.2452,1684.59998,-0.75,2999.66,18.42,17.48,91.4778,3.7730568876171446
2012-11-06,343.9,6.2454,1715.94995,-0.72,3011.93,17.58,18.0,91.2908,-0.6526650611667719
2012-11-07,351.98,6.2435,1716.68994,-0.8,2937.29,19.08,16.69,91.4514,7.383615657723453
2012-11-08,350.68,6.2427,1730.98999,-0.85,2895.58,18.49,17.02,91.5375,3.2576452626552737
2012-11-09,354.54,6.245,1731.23999,-0.83,2904.87,18.61,16.07,91.6871,6.939449015384128
2012-11-12,353.82,6.245,1728.34998,-0.83,2904.26,16.68,15.66,91.6871,6.939449015384128
2012-11-13,351.53,6.226,1725.5,-0.84,2883.89,16.65,14.54,91.7356,6.1359768193290165
2012-11-14,352.38,6.225,1726.44995,-0.81,2846.81,17.92,14.94,91.7942,6.851331562364408
2012-11-15,351.25,6.2329,1715.80005,-0.8,2836.94,17.99,14.26,91.8837,7.416986620637544
2012-11-16,348.95,6.2354,1713.69995,-0.81,2853.13,16.41,13.28,92.0095,5.400088632147515
2012-11-19,351.33,6.2343,1731.93994,-0.78,2916.07,15.24,13.61,91.5653,4.184721560531784
2012-11-20,353.25,6.2324,1728.65002,-0.74,2916.68,15.08,13.52,91.556,6.8697410372466265
2012-11-21,351.55,6.23,1729.10999,-0.71,2926.55,15.31,13.22,91.6645,5.210995138810745
2012-11-22,352.64,6.23,1729.55005,-0.71,2926.55,15.31,13.22,91.6645,5.210995138810745
2012-11-23,353.5,6.2275,1753.0,-0.72,2966.85,15.14,15.48,91.2616,2.5167505264680585
2012-11-26,356.83,6.2253,1749.099976,-0.73,2976.78,15.5,13.18,91.2789,6.751324590711647
2012-11-27,356.55,6.2221,1742.050049,-0.74,2967.79,15.92,13.68,91.2608,8.061578764997478
2012-11-28,354.18,6.2273,1719.68994,-0.75,2991.78,15.51,13.7,91.33,9.87710279029693
2012-11-29,349.92,6.2281,1725.40002,-0.78,3012.03,15.06,12.67,91.2104,4.429496855273499
2012-11-30,352.08,6.2265,1714.80005,-0.79,3010.24,15.87,13.24,91.1038,8.800224047936695
2012-12-03,349.3,6.2277,1715.25,-0.81,3002.2,16.64,13.4,91.0084,5.86397431157269
2012-12-04,345.53,6.2254,1697.34998,-0.83,2996.69,17.12,13.95,90.9748,5.803520166797966
2012-12-05,346.47,6.2251,1693.98999,-0.85,2973.7,16.46,14.0,90.9423,7.432364790168322
2012-12-06,343.6,6.2282,1699.14001,-0.87,2989.27,16.58,14.07,91.0629,3.362283656758848
2012-12-07,346.28,6.2299,1703.65002,-0.86,2978.04,15.9,13.87,91.0437,5.0460790715513895
2012-12-10,347.27,6.2296,1710.25,-0.87,2986.96,16.05,14.2,90.9631,4.730626617583255
2012-12-11,347.69,6.246,1710.099976,-0.84,3022.3,15.57,14.16,90.8403,4.278986766891194
2012-12-12,348.47,6.2502,1711.94995,-0.79,3013.81,15.95,13.34,90.7708,4.456317376179527
2012-12-13,344.99,6.2316,1697.30005,-0.73,2992.16,16.56,13.01,90.776,4.935183288697431
2012-12-14,345.43,6.241,1695.46997,-0.74,2971.33,17.0,12.6,90.7156,5.229441131383908
2012-12-17,343.89,6.236,1697.93005,-0.7,3010.6,16.34,11.97,90.6193,3.4687679264391704
2012-12-18,347.37,6.2322,1670.15002,-0.67,3054.53,15.57,13.69,90.5161,12.722485905316148
2012-12-19,341.84,6.2293,1666.93994,-0.66,3044.36,17.36,13.73,90.4896,7.991109417203802
2012-12-20,340.76,6.2297,1647.75,-0.69,3050.39,17.67,14.53,90.6002,10.73321282170815
2012-12-21,335.92,6.2284,1656.98999,-0.71,3021.01,17.84,13.82,90.9597,4.111796623659757
2012-12-24,338.81,6.2335,1657.47998,-0.69,3012.6,17.84,13.21,91.0354,6.631902508399378
2012-12-25,337.24,6.2335,1658.90002,-0.69,3012.6,17.84,13.21,91.0354,6.631902508399378
2012-12-26,337.38,6.2351,1660.14001,-0.71,2990.16,19.48,13.56,91.0606,4.583402306782148
2012-12-27,337.96,6.2358,1663.90002,-0.73,2985.91,19.47,14.83,91.1037,4.372212621859262
2012-12-28,339.2,6.2315,1655.40002,-0.73,2960.31,22.72,15.3,91.0419,7.545195086405101
2012-12-31,340.29,6.2301,1674.94995,-0.67,3019.51,18.02,14.38,91.0834,4.79381199881044
2013-01-01,340.29,6.2301,1675.15002,-0.67,3019.51,18.02,14.38,91.0834,4.79381199881044
2013-01-02,340.29,6.2301,1686.75,-0.62,3112.26,14.68,13.43,90.6941,4.79381199881044
2013-01-03,340.29,6.2301,1663.34998,-0.54,3100.57,14.56,13.72,90.8097,4.79381199881044
2013-01-04,336.84,6.2303,1656.84998,-0.55,3101.66,13.83,13.78,91.1025,4.958622328869751
2013-01-07,338.54,6.2294,1647.25,-0.6,3098.81,13.79,14.51,90.9852,8.629245583294505
2013-01-08,336.53,6.2235,1659.0,-0.6,3091.81,13.62,14.08,91.057,4.58065346343659
2013-01-09,339.32,6.226,1657.90002,-0.64,3105.81,13.81,14.16,91.0088,7.457491776809661
2013-01-10,338.68,6.223,1675.25,-0.62,3121.76,13.49,13.27,90.6425,3.506120854566234
2013-01-11,341.39,6.2156,1663.050049,-0.63,3125.63,13.36,13.79,90.5352,9.052678329950028
2013-01-14,340.35,6.219,1667.19995,-0.66,3117.5,13.52,13.78,90.4935,7.001132861253609
2013-01-15,340.9,6.2134,1678.90002,-0.66,3110.78,13.55,13.76,90.5191,5.514034296204613
2013-01-16,343.5,6.216,1679.5,-0.65,3117.54,13.42,14.49,90.596,7.853786551352698
2013-01-17,342.45,6.2158,1687.64001,-0.64,3136.0,13.57,14.9,90.5401,5.187866344366341
2013-01-18,344.28,6.2152,1683.94995,-0.66,3134.71,12.46,13.8,90.8697,7.787781142315168
2013-01-21,344.06,6.2152,1690.050049,-0.66,3134.71,12.46,13.8,90.8697,7.787781142315168
2013-01-22,345.5,6.2196,1692.099976,-0.68,3143.18,12.43,12.71,90.7892,7.139847260610566
2013-01-23,344.81,6.2178,1685.75,-0.66,3153.67,12.46,12.46,90.8376,7.817174433745379
2013-01-24,341.73,6.2179,1667.73999,-0.62,3130.38,12.69,13.03,90.9112,8.332135328146364
2013-01-25,340.1,6.2203,1658.68994,-0.56,3149.71,12.89,14.08,91.0868,8.383343232047878
2013-01-28,338.47,6.224,1654.94995,-0.55,3154.3,13.57,14.39,91.2354,7.304424138762556
2013-01-29,339.07,6.2259,1663.84998,-0.53,3153.66,13.31,13.59,90.9406,6.021835308502261
2013-01-30,339.5,6.2204,1677.099976,-0.54,3142.31,14.32,13.21,90.8836,4.096180792823986
2013-01-31,341.3,6.2186,1663.59998,-0.57,3142.13,14.28,13.76,90.798,8.69232447705241
2013-02-01,338.67,6.2265,1667.15002,-0.55,3179.1,12.9,13.32,90.6923,4.929115548732511
2013-02-04,340.15,6.2326,1674.40002,-0.59,3131.17,14.67,13.78,90.9774,4.629381270532235
2013-02-05,341.85,6.2292,1673.0,-0.55,3171.58,13.72,13.03,90.881,6.792800649444644
2013-02-06,340.83,6.2315,1677.48999,-0.58,3168.48,13.41,13.57,91.0176,4.749530834632765
2013-02-07,341.73,6.2323,1671.30005,-0.58,3165.13,13.5,13.59,91.2912,6.846681350491053
2013-02-08,341.09,6.2323,1667.5,-0.57,3193.87,13.02,13.14,91.3056,6.968108572990104
2013-02-11,341.09,6.2323,1649.73999,-0.58,3192.0,12.94,14.38,91.4451,6.968108572990104
2013-02-12,341.09,6.2323,1650.80005,-0.57,3186.49,12.64,14.06,91.2779,6.968108572990104
2013-02-13,341.09,6.2323,1642.73999,-0.54,3196.88,12.98,14.7,91.2709,6.968108572990104
2013-02-14,341.09,6.2323,1634.84998,-0.56,3198.66,12.66,14.72,91.366,6.968108572990104
2013-02-15,341.09,6.2323,1609.43994,-0.53,3192.03,12.46,15.9,91.4551,6.968108572990104
2013-02-18,329.76,6.2323,1610.050049,-0.53,3192.03,12.46,15.9,91.4551,6.968108572990104
2013-02-19,329.73,6.2438,1604.59998,-0.52,3213.59,12.31,15.75,91.5073,7.618296972237886
2013-02-20,328.97,6.2371,1562.90002,-0.52,3164.41,14.68,18.59,91.6689,15.565922814409989
2013-02-21,320.84,6.2403,1576.050049,-0.54,3131.49,15.22,16.9,92.0394,4.636835700975723
2013-02-22,324.32,6.2346,1580.69995,-0.57,3161.82,14.17,16.26,92.1197,7.473603026347519
2013-02-25,324.04,6.2337,1594.23999,-0.62,3116.25,18.99,17.48,92.1975,4.525674420467169
2013-02-26,324.54,6.2293,1613.48999,-0.62,3129.65,16.87,15.61,92.4247,1.3958781260308797
2013-02-27,328.09,6.2271,1597.59998,-0.61,3162.26,14.73,15.57,92.234,8.241274439918357
2013-02-28,326.4,6.2213,1580.14001,-0.64,3160.19,15.51,15.79,92.295,10.341516414133425
2013-03-01,323.1,6.2226,1575.23999,-0.67,3169.74,15.36,15.75,92.6177,7.955776302538311
2013-03-04,322.56,6.2246,1573.94995,-0.65,3182.03,14.01,16.03,92.6316,7.572655849984756
2013-03-05,323.47,6.2208,1575.43994,-0.65,3224.13,13.48,15.47,92.4965,8.37694684675364
2013-03-06,322.33,6.2173,1583.68994,-0.61,3222.37,13.53,15.05,92.4965,5.765129038146824
2013-03-07,323.05,6.22,1578.90002,-0.56,3232.09,13.06,14.84,92.5462,7.305529943575493
2013-03-08,321.3,6.2145,1578.34998,-0.5,3244.37,12.59,13.54,92.6252,5.944623572588341
2013-03-11,322.74,6.2179,1581.0,-0.5,3252.87,11.56,12.96,92.5351,6.682324818750317
2013-03-12,322.11,6.216,1592.69995,-0.52,3242.32,12.27,12.07,92.3853,3.810680335010545
2013-03-13,324.3,6.2137,1587.80005,-0.52,3245.12,11.83,12.24,92.4709,7.097332432523672
2013-03-14,322.95,6.2145,1590.30005,-0.53,3258.93,11.3,12.59,92.4695,5.206991633578184
2013-03-15,324.19,6.2133,1592.44995,-0.55,3249.07,11.3,12.43,92.128,6.078878282669166
2013-03-18,324.21,6.2156,1605.30005,-0.6,3237.59,13.36,13.3,92.3377,3.413208938543846
2013-03-19,325.73,6.2154,1613.40002,-0.61,3229.1,14.39,14.52,92.526,3.32491747526808
2013-03-20,326.88,6.2117,1606.5,-0.57,3254.19,12.67,13.33,92.4141,6.044851222531236
2013-03-21,325.8,6.2141,1614.69995,-0.57,3222.6,13.99,13.37,92.3322,3.202640883019626
2013-03-22,326.33,6.212,1608.44995,-0.6,3245.0,13.57,12.89,92.2051,5.089911604803319
2013-03-25,325.58,6.2105,1605.40002,-0.6,3235.3,13.74,12.99,92.3081,5.026466660986671
2013-03-26,324.57,6.2108,1599.19995,-0.61,3252.48,12.77,12.48,92.232,5.23902279614839
2013-03-27,322.97,6.2138,1605.40002,-0.64,3256.52,13.15,12.33,92.446,2.246137917726344
2013-03-28,325.03,6.2143,1596.73999,-0.64,3267.52,12.7,12.41,92.2544,6.010554604562174
2013-03-29,323.45,6.2108,1596.73999,-0.64,3267.52,12.7,12.41,92.302,6.010554604562174
2013-04-01,322.98,6.2078,1598.90002,-0.65,3239.17,13.58,13.13,92.1687,3.8631307037471743
2013-04-02,323.73,6.1992,1575.84998,-0.63,3254.86,12.78,13.73,92.1432,9.649295384249342
2013-04-03,316.24,6.1962,1557.84998,-0.65,3218.6,14.21,15.21,92.104,5.8971110622277365
2013-04-04,316.24,6.2005,1553.31995,-0.7,3224.98,13.89,16.03,92.3896,5.8971110622277365
2013-04-05,316.24,6.2005,1582.0,-0.74,3203.86,13.92,14.46,92.1043,5.8971110622277365
2013-04-08,319.29,6.2031,1573.69995,-0.69,3222.25,13.19,14.22,92.2317,5.440492393299849
2013-04-09,318.82,6.2022,1585.19995,-0.67,3237.86,12.84,13.54,91.9669,2.7228684910058405
2013-04-10,320.25,6.1938,1558.75,-0.6,3297.25,12.36,15.15,91.9598,9.848091854614438
2013-04-11,314.35,6.1961,1561.34998,-0.65,3300.16,12.24,15.29,91.6972,3.314887839696496
2013-04-12,314.49,6.1914,1478.84998,-0.68,3294.95,12.06,21.32,91.7967,20.113104596846085
2013-04-15,298.93,6.1866,1353.25,-0.69,3216.49,17.27,34.48,91.9457,29.763621618145866
2013-04-16,276.38,6.1824,1368.90002,-0.65,3264.63,13.96,30.02,91.8451,4.285622079572988
2013-04-17,275.09,6.172,1377.0,-0.64,3204.67,16.51,26.93,92.1372,1.846024241644841
2013-04-18,275.78,6.1811,1391.25,-0.55,3166.36,17.56,24.57,92.176,-0.6987041651261165
2013-04-19,282.28,6.1772,1404.34998,-0.59,3206.06,14.97,24.37,92.2166,3.3740666980885976
2013-04-22,285.6,6.1823,1426.25,-0.63,3233.55,14.39,23.28,92.3591,2.11083077467174
2013-04-23,283.31,6.179,1413.34998,-0.64,3269.33,13.48,23.68,92.3836,2.53486130435482
2013-04-24,286.49,6.1782,1431.30005,-0.65,3269.65,13.61,21.49,92.4581,2.1857265609979777
2013-04-25,290.35,6.1707,1467.84998,-0.66,3289.99,13.62,22.35,92.0394,-0.860374124648331
2013-04-26,296.15,6.1647,1463.0,-0.68,3279.26,13.61,24.21,91.9012,6.184044400147911
2013-04-29,296.15,6.1647,1476.65002,-0.67,3307.02,13.71,23.16,91.6539,6.184044400147911
2013-04-30,296.15,6.1647,1477.099976,-0.64,3328.79,13.52,22.09,91.3741,6.184044400147911
2013-05-01,296.15,6.1647,1457.59998,-0.64,3299.13,14.49,22.93,91.4331,6.184044400147911
2013-05-02,290.9,6.156,1467.099976,-0.62,3340.62,13.59,22.06,91.6174,0.5317953845708416
2013-05-03,295.41,6.1555,1470.69995,-0.53,3378.63,12.85,20.37,91.5087,4.352931109842984
2013-05-06,294.15,6.1665,1469.5,-0.51,3392.97,12.66,20.37,91.6387,2.810705386853556
2013-05-07,289.98,6.1539,1452.59998,-0.5,3396.63,12.83,22.07,91.5201,2.579706884369898
2013-05-08,290.27,6.141,1472.80005,-0.48,3413.27,12.66,20.64,91.1848,-0.5160886089990413
2013-05-09,292.87,6.1306,1458.19995,-0.5,3409.17,13.13,21.62,91.3036,5.454094604465752
2013-05-10,291.6,6.1415,1448.19995,-0.45,3436.58,12.59,23.95,92.2527,5.647615447618477
2013-05-13,285.43,6.1465,1430.55005,-0.41,3438.79,12.55,25.04,92.2711,2.7326867611362218
2013-05-14,286.31,6.1426,1426.0,-0.37,3462.61,12.77,25.06,92.3697,4.690645265002388
2013-05-15,281.82,6.1454,1392.90002,-0.36,3471.62,12.81,28.01,92.7691,6.61213648277527
2013-05-16,278.18,6.1487,1386.30005,-0.4,3465.24,13.07,27.18,92.6602,4.1290694798013305
2013-05-17,275.11,6.141,1359.19995,-0.31,3498.97,12.45,28.34,93.1617,6.752841064510449
2013-05-20,269.5,6.1386,1394.15002,-0.31,3496.43,13.02,26.66,93.0359,-5.650041402800298
2013-05-21,279.51,6.1353,1376.30005,-0.34,3502.12,13.37,27.18,92.9662,8.028858110341275
2013-05-22,278.86,6.1309,1369.40002,-0.24,3463.3,13.82,27.61,93.3104,8.933638573858275
2013-05-23,276.23,6.1337,1391.19995,-0.24,3459.42,14.07,26.08,93.2113,1.8813532780876585
2013-05-24,278.36,6.1311,1386.050049,-0.26,3459.14,13.99,24.9,93.2768,5.14279115135281
2013-05-27,279.32,6.1311,1394.78003,-0.26,3459.14,13.99,24.9,93.2768,5.14279115135281
2013-05-28,278.44,6.1213,1380.84998,-0.14,3488.89,14.48,24.86,93.5853,6.682899269407017
2013-05-29,277.46,6.1264,1392.94995,-0.1,3467.52,14.83,22.76,93.531,3.093173961772777
2013-05-30,281.88,6.1307,1413.75,-0.05,3491.3,14.53,21.43,93.4219,3.2207775652257737
2013-05-31,283.57,6.134,1386.90002,-0.05,3455.91,16.3,22.63,93.6076,10.055934937225686
2013-06-03,279.52,6.1312,1411.59998,-0.07,3465.37,16.28,21.68,93.163,1.261868362853022
2013-06-04,281.26,6.1285,1399.90002,-0.05,3445.26,16.27,22.32,93.3067,5.429714901216926
2013-06-05,280.62,6.1276,1403.30005,-0.06,3401.48,17.5,22.65,93.275,4.160392998215627
2013-06-06,279.01,6.1359,1413.65002,-0.05,3424.05,16.63,22.33,92.809,0.1341449445238822
2013-06-07,281.82,6.1333,1384.46997,0.03,3469.22,15.14,23.58,92.6056,8.816329448422152
2013-06-10,281.82,6.1333,1386.90002,0.11,3473.77,15.44,22.68,92.973,8.816329448422152
2013-06-11,281.82,6.1333,1379.59998,0.13,3436.95,17.07,23.27,92.7996,8.816329448422152
2013-06-12,281.82,6.1333,1388.40002,0.21,3400.43,18.59,22.04,92.4775,8.816329448422152
2013-06-13,278.24,6.1341,1386.050049,0.15,3445.37,16.41,22.69,92.3449,4.889103619499451
2013-06-14,277.15,6.1306,1390.69995,0.09,3423.56,17.15,20.91,92.1886,3.03856194736926
2013-06-17,277.58,6.1248,1384.84998,0.15,3452.13,16.8,21.27,92.3332,4.879848650344854
2013-06-18,275.97,6.1283,1368.40002,0.14,3482.18,16.61,22.7,92.5432,6.355138567492418
2013-06-19,274.48,6.1264,1351.30005,0.29,3443.2,16.64,22.53,92.4755,8.316879247673114
2013-06-20,266.94,6.1277,1278.0,0.46,3364.63,20.49,29.94,94.125,15.161241982413545
2013-06-21,261.3,6.1328,1297.25,0.59,3357.25,18.9,27.19,94.4243,5.516091436655074
2013-06-24,256.9,6.1441,1281.90002,0.64,3320.76,20.11,27.69,94.5714,3.67698931367849
2013-06-25,257.9,6.1448,1277.34998,0.64,3347.89,18.47,25.86,94.3285,5.547044316427389
2013-06-26,251.05,6.1468,1226.34998,0.6,3376.22,17.21,31.43,94.3807,8.693736008359224
2013-06-27,250.5,6.1488,1200.75,0.5,3401.86,16.86,33.51,94.2429,13.125698072564203
2013-06-28,243.8,6.1374,1234.25,0.53,3403.25,16.86,31.84,94.3047,0.2555130451556806
2013-07-01,252.4,6.1325,1253.30005,0.48,3434.49,16.37,28.84,94.0998,5.293965096371778
2013-07-02,254.8,6.1327,1242.5,0.44,3433.4,16.44,28.19,94.4051,9.81536000771618
2013-07-03,252.35,6.1301,1252.30005,0.48,3443.67,16.2,27.25,94.4767,5.537759046248794
2013-07-04,253.45,6.1301,1250.30005,0.48,3443.67,16.2,27.25,94.4767,5.537759046248794
2013-07-05,245.45,6.1324,1223.80005,0.66,3479.38,14.89,27.15,95.0639,4.164246736862424
2013-07-08,253.35,6.1337,1237.0,0.58,3484.83,14.78,26.79,94.9954,9.410028614143071
2013-07-09,251.5,6.1293,1249.94995,0.59,3504.26,14.35,25.68,94.9467,5.183082979889747
2013-07-10,253.85,6.1336,1264.25,0.64,3520.76,14.21,26.24,94.7595,4.540314594820501
2013-07-11,258.95,6.135,1285.30005,0.56,3578.3,14.01,23.85,93.949,5.431398982429613
2013-07-12,258.3,6.1373,1284.90002,0.55,3600.08,13.84,24.07,94.0029,4.765288705579764
2013-07-15,258.85,6.1373,1282.59998,0.47,3607.49,13.79,23.53,93.9729,5.769129446718239
2013-07-16,260.35,6.1345,1292.59998,0.41,3598.5,14.42,23.2,93.5232,5.4123056148022215
2013-07-17,256.6,6.1351,1276.0,0.38,3610.0,13.78,23.61,93.5498,4.911681965052168
2013-07-18,257.95,6.1408,1285.099976,0.38,3611.28,13.77,22.52,93.681,4.231224536762767
2013-07-19,259.4,6.1377,1296.34998,0.29,3587.61,12.54,21.19,93.4759,3.589326852412114
2013-07-22,267.4,6.1404,1335.90002,0.28,3600.39,12.29,21.76,93.2253,3.6688931210957207
2013-07-23,267.85,6.1369,1348.099976,0.33,3579.27,12.66,21.66,93.1631,1.8620969436108796
2013-07-24,263.8,6.1358,1321.30005,0.44,3579.6,13.18,22.61,93.3124,3.1466057906666838
2013-07-25,265.05,6.1346,1333.65002,0.44,3605.19,12.97,21.77,93.2862,2.0117755978587866
2013-07-26,263.75,6.1316,1333.90002,0.43,3613.16,12.72,22.22,93.1695,0.7911251906698453
2013-07-29,264.35,6.1323,1327.59998,0.45,3599.14,13.39,22.77,93.1663,2.603207601909787
2013-07-30,263.7,6.1315,1327.30005,0.46,3616.47,13.39,23.72,93.3976,2.046480088253702
2013-07-31,262.85,6.1284,1323.099976,0.38,3626.37,13.45,24.99,93.5703,2.156319452203149
2013-08-01,261.95,6.1302,1308.94995,0.48,3675.74,12.94,24.61,93.7972,3.968583648464005
2013-08-02,261.55,6.1293,1312.0,0.42,3689.59,11.98,24.24,93.5789,3.005411770379567
2013-08-05,260.75,6.1245,1303.94995,0.42,3692.95,11.84,23.49,93.507,3.992996165222564
2013-08-06,256.75,6.1215,1281.90002,0.39,3665.77,12.72,23.82,93.3199,4.4584259832494695
2013-08-07,257.25,6.119,1287.75,0.35,3654.01,12.98,23.49,93.2652,3.910592859324538
2013-08-08,261.8,6.1207,1312.0,0.34,3669.12,12.73,21.71,92.8483,3.6181748034787233
2013-08-09,261.85,6.1217,1314.5,0.33,3660.11,13.41,21.5,92.8394,3.13395035928437
2013-08-12,267.35,6.1218,1336.40002,0.37,3669.95,12.81,21.58,92.9178,4.319355781953789
2013-08-13,264.95,6.1217,1321.30005,0.48,3684.44,12.31,21.37,93.476,4.895584384876258
2013-08-14,266.35,6.1191,1335.19995,0.5,3669.27,13.04,21.21,93.382,3.6714585482341695
2013-08-15,272.55,6.1123,1366.050049,0.6,3606.12,14.73,22.45,93.5059,4.100863584397303
2013-08-16,274.8,6.1145,1376.40002,0.68,3602.78,14.37,22.97,93.4255,4.219585503560722
2013-08-19,273.1,6.1227,1365.97998,0.75,3589.09,15.1,24.25,93.6623,4.207893852910445
2013-08-20,273.85,6.1241,1371.17004,0.67,3613.59,14.91,23.82,93.5536,3.874516791872338
2013-08-21,273.2,6.1229,1366.34998,0.73,3599.79,15.94,23.28,94.0362,4.226273810278599
2013-08-22,273.5,6.1206,1375.84998,0.79,3638.71,14.76,22.69,94.2804,2.757884560001287
2013-08-23,278.7,6.12,1396.84998,0.69,3657.79,13.98,22.63,93.9466,3.852414435674461
2013-08-26,278.05,6.1202,1404.90002,0.64,3657.57,14.99,23.67,94.1853,1.609435356021038
2013-08-27,282.5,6.1212,1416.65002,0.57,3578.52,16.77,23.9,94.3934,3.701855018759943
2013-08-28,282.9,6.1202,1418.5,0.63,3593.35,16.49,25.89,94.4127,3.7833828990306415
2013-08-29,281.05,6.1203,1408.25,0.65,3620.3,16.81,24.36,94.6398,3.9457360104167942
2013-08-30,278.2,6.1193,1396.40002,0.68,3589.87,17.01,24.44,94.7541,3.47237634394844
2013-09-02,277.55,6.1193,1394.90002,0.68,3589.87,17.01,24.44,94.7541,3.47237634394844
2013-09-03,281.7,6.1204,1412.65002,0.76,3612.61,16.61,25.2,94.9574,3.725393206295053
2013-09-04,277.1,6.1199,1391.44995,0.83,3649.04,15.88,24.61,94.5739,3.3194110307521782
2013-09-05,273.55,6.1194,1367.84998,0.92,3658.78,15.77,25.64,94.8891,4.434911099651174
2013-09-06,277.0,6.1202,1391.60999,0.87,3660.01,15.85,23.59,94.2487,3.1744993072162515
2013-09-09,276.55,6.1209,1387.050049,0.84,3706.18,15.63,22.04,94.0009,3.5905374017683016
2013-09-10,272.45,6.1195,1364.44995,0.86,3729.02,14.53,22.58,93.938,3.999456844888812
2013-09-11,272.2,6.1183,1366.75,0.8,3725.01,13.82,22.63,93.7112,3.349660809876696
2013-09-12,265.5,6.1178,1321.050049,0.81,3715.97,14.29,25.09,93.5903,5.66043243454277
2013-09-13,262.7,6.1186,1326.71997,0.8,3722.18,14.16,24.88,93.6666,1.711082082659516
2013-09-16,262.7,6.1198,1314.0,0.76,3717.85,14.38,25.12,93.2875,4.162626392528182
2013-09-17,261.5,6.1213,1309.65002,0.7,3745.7,14.53,25.35,93.2231,3.755351731284293
2013-09-18,260.4,6.121,1365.15002,0.49,3783.64,13.59,23.2,93.2569,-8.254115209542363
2013-09-19,260.4,6.121,1365.0,0.55,3789.38,13.16,21.75,92.4082,-8.224592087707208
2013-09-20,260.4,6.121,1325.38,0.52,3774.73,13.12,22.27,92.6049,-8.224592087707208
2013-09-23,264.35,6.1201,1322.15002,0.46,3765.29,14.31,22.7,92.613,4.196308698313715
2013-09-24,264.2,6.1208,1323.19995,0.48,3768.25,14.08,22.84,92.7691,3.8099392685710423
2013-09-25,266.3,6.119,1333.59998,0.45,3761.1,14.01,21.97,92.7675,3.940513845065709
2013-09-26,264.15,6.1194,1323.69995,0.47,3787.43,14.06,21.79,93.0096,3.721126270998468
2013-09-27,267.05,6.1179,1336.19995,0.46,3781.59,15.46,22.57,92.9747,4.226276814345681
2013-09-30,267.4,6.12,1327.55005,0.45,3771.48,16.6,23.72,92.9207,6.188036523220831
2013-10-01,267.4,6.12,1286.59998,0.46,3817.98,15.54,25.48,92.9515,14.24547148713168
2013-10-02,267.4,6.12,1315.25,0.43,3815.02,16.6,24.04,92.772,14.24547148713168
2013-10-03,267.4,6.12,1317.30005,0.43,3774.34,17.67,24.54,92.7461,14.24547148713168
2013-10-04,267.4,6.12,1311.34998,0.46,3807.75,16.74,24.77,92.6469,14.24547148713168
2013-10-07,267.4,6.12,1321.79004,0.45,3770.38,19.41,24.81,92.6725,14.24547148713168
2013-10-08,264.25,6.1206,1318.80005,0.48,3694.83,20.34,25.44,92.7558,4.734267493047412
2013-10-09,260.85,6.1209,1307.19995,0.47,3677.78,19.6,25.81,93.0829,3.60434681129135
2013-10-10,259.5,6.1156,1286.23999,0.5,3760.75,16.48,25.36,92.8579,6.598259589949691
2013-10-11,253.55,6.1204,1273.10999,0.5,3791.87,15.72,25.83,92.854,3.033422033018809
2013-10-14,255.4,6.1204,1273.40002,0.5,3815.27,16.07,26.45,92.854,3.033422033018809
2013-10-15,256.4,6.1026,1280.80005,0.54,3794.01,18.66,26.07,92.7642,5.103188222225782
2013-10-16,256.35,6.0996,1281.59998,0.5,3839.43,14.71,24.72,92.6819,5.019852652981228
2013-10-17,262.9,6.098,1319.69995,0.45,3863.15,13.48,22.31,92.0246,4.166085967817139
2013-10-18,261.9,6.0966,1316.23999,0.42,3914.28,13.04,21.43,91.9989,3.903674087032016
2013-10-21,262.1,6.0924,1315.75,0.44,3920.05,13.16,21.52,92.2498,4.377386789268144
2013-10-22,266.3,6.0925,1340.65002,0.37,3929.57,13.33,20.75,91.9563,3.695783534007433
2013-10-23,264.75,6.0833,1332.34998,0.36,3907.07,13.42,20.52,92.0947,4.165672405549174
2013-10-24,266.0,6.0815,1347.15002,0.36,3928.96,13.2,20.67,92.1867,2.599005043483885
2013-10-25,265.9,6.0838,1352.13,0.34,3943.36,13.09,19.9,92.1623,1.4253108492612796
2013-10-28,266.6,6.0853,1352.19995,0.35,3940.13,13.31,20.32,92.1872,2.0464174213512933
2013-10-29,264.75,6.0897,1344.30005,0.35,3952.34,13.41,20.65,92.301,1.5518385556287626
2013-10-30,263.7,6.0936,1342.80005,0.37,3930.62,13.65,20.81,92.3057,0.6271501702380533
2013-10-31,261.55,6.0943,1323.80005,0.4,3919.71,13.75,20.57,92.731,2.169716600543381
2013-11-01,261.75,6.0993,1315.34998,0.5,3922.04,13.28,20.68,93.155,3.8139435107303257
2013-11-04,261.95,6.098,1314.73999,0.5,3936.59,12.93,20.3,92.9359,4.188511453051888
2013-11-05,260.65,6.0966,1311.59998,0.55,3939.86,13.27,20.19,93.2112,3.5631628894497567
2013-11-06,262.15,6.0925,1318.40002,0.48,3931.95,12.67,19.43,93.0943,3.904075205362688
2013-11-07,260.5,6.0906,1307.94995,0.46,3857.33,13.91,20.01,93.4003,4.380914833700388
2013-11-08,256.25,6.0903,1288.19995,0.59,3919.23,12.9,19.37,93.6619,4.010729323548816
2013-11-11,255.35,6.0903,1283.28003,0.59,3919.79,12.53,19.15,93.6619,4.010729323548816
2013-11-12,253.8,6.0917,1267.98999,0.62,3919.92,12.82,21.2,93.7651,5.460918479174353
2013-11-13,253.2,6.0926,1278.98999,0.58,3965.58,12.52,20.46,93.4848,2.669531947401396
2013-11-14,256.3,6.092,1287.39001,0.51,3972.74,12.37,19.44,93.4328,4.148957804748676
2013-11-15,256.3,6.092,1290.050049,0.53,3985.97,12.19,18.03,93.2854,3.627956708794869
2013-11-18,253.45,6.0918,1274.34998,0.48,3949.07,13.1,19.52,92.9824,3.861201049270989
2013-11-19,253.35,6.0924,1275.25,0.53,3931.55,13.39,19.45,93.0649,3.5603268120950986
2013-11-20,252.0,6.0925,1243.19995,0.64,3921.27,13.4,23.04,93.2501,8.48413537463631
2013-11-21,248.6,6.0914,1242.75,0.6,3969.15,12.66,21.3,93.5638,5.216221647081511
2013-11-22,248.55,6.0935,1243.59998,0.56,3991.65,12.26,20.33,93.4198,4.915795549375503
2013-11-25,248.0,6.0916,1252.59998,0.56,3994.57,12.79,20.02,93.5539,2.6791184860868213
2013-11-26,248.2,6.0925,1243.30005,0.54,4017.75,12.81,19.68,93.5226,4.664527959072103
2013-11-27,247.6,6.0922,1237.40002,0.58,4044.75,12.98,19.75,93.6864,5.232150663301525
2013-11-28,248.65,6.0922,1244.15002,0.58,4044.75,12.98,19.75,93.6864,5.232150663301525
2013-11-29,249.9,6.0922,1253.48999,0.6,4059.89,13.7,19.33,93.6291,4.38063024810711
2013-12-02,245.95,6.0927,1220.050049,0.66,4045.26,14.23,21.43,93.8856,6.960853005536364
2013-12-03,245.15,6.0914,1223.89001,0.64,4037.2,14.55,21.09,93.8251,5.459817000851984
2013-12-04,249.75,6.0913,1243.66003,0.73,4038.0,14.7,20.82,93.8997,6.191997179127725
2013-12-05,247.2,6.0903,1224.88,0.76,4033.16,15.08,21.78,93.4954,7.359253331618589
2013-12-06,246.9,6.0815,1228.84998,0.77,4062.52,13.79,20.5,93.4045,6.629575341360322
2013-12-09,247.55,6.0643,1240.93994,0.74,4068.75,13.49,20.65,93.1444,5.6019209046570495
2013-12-10,251.35,6.0705,1260.71997,0.69,4060.49,13.91,19.63,93.1444,5.294071314000007
2013-12-11,250.85,6.0712,1251.75,0.71,4003.81,15.42,20.02,93.0842,6.5165777163341545
2013-12-12,244.65,6.071,1223.80005,0.75,3998.4,15.54,22.24,93.4292,5.780094569742943
2013-12-13,245.75,6.071,1238.30005,0.72,4000.98,15.76,21.87,93.3568,4.049882535727477
2013-12-16,247.85,6.0713,1240.56995,0.71,4029.52,16.03,21.91,93.2175,5.694861914736265
2013-12-17,245.55,6.0707,1230.099976,0.67,4023.68,16.21,21.79,93.302,5.462295262488169
2013-12-18,246.3,6.0713,1218.069946,0.72,4070.06,13.8,21.39,93.4207,8.536788041545151
2013-12-19,238.75,6.0711,1190.099976,0.79,4058.13,14.15,22.07,93.7368,6.454085897291293
2013-12-20,240.15,6.0711,1203.25,0.73,4104.74,13.79,21.01,93.7211,5.287329400228259
2013-12-23,238.9,6.0697,1198.83997,0.76,4148.9,13.04,20.76,93.572,4.95208526664203
2013-12-24,240.25,6.0712,1204.34998,0.8,4155.42,12.48,20.08,93.6734,5.168751954731789
2013-12-25,240.65,6.0712,1204.69995,0.8,4155.42,12.48,20.08,93.6734,5.168751954731789
2013-12-26,242.15,6.0744,1210.69995,0.8,4167.18,12.33,19.84,93.766,5.704719684922964
2013-12-27,243.2,6.0684,1213.18994,0.8,4156.59,12.46,19.1,93.7018,6.5024633274069
2013-12-30,240.9,6.0617,1196.40002,0.76,4154.2,13.56,20.75,93.4866,7.735950898323324
2013-12-31,239.4,6.0537,1205.55005,0.8,4176.59,13.72,21.65,93.5576,4.762793972221772
2014-01-01,239.4,6.0537,1205.90002,0.8,4176.59,13.72,21.65,93.5576,4.762793972221772
2014-01-02,244.55,6.0504,1224.89001,0.74,4143.07,14.23,20.42,93.8192,6.278599144662195
2014-01-03,246.8,6.0505,1236.55005,0.75,4131.91,13.76,19.19,93.853,6.256457391451107
2014-01-06,246.6,6.0524,1238.050049,0.72,4113.68,13.55,19.5,93.9109,5.689037678473511
2014-01-07,244.7,6.0507,1232.099976,0.7,4153.18,12.92,19.12,94.0398,5.014198569832956
2014-01-08,243.6,6.051,1226.099976,0.72,4165.61,12.87,19.43,94.2181,5.069578832735857
2014-01-09,244.0,6.054,1228.0,0.66,4156.19,12.89,18.46,94.3299,4.981497259150899
2014-01-10,247.45,6.0519,1247.099976,0.59,4174.66,12.14,17.27,94.0045,4.798068713990375
2014-01-13,247.85,6.0432,1253.43994,0.57,4113.3,13.28,16.67,93.899,4.315084462906128
2014-01-14,246.5,6.0402,1245.099976,0.62,4183.02,12.28,16.5,94.0303,4.70557573793306
2014-01-15,245.25,6.0459,1241.73999,0.62,4214.88,12.28,16.43,94.341,3.880514072660645
2014-01-16,245.35,6.0555,1242.55005,0.61,4218.69,12.53,15.39,94.5507,3.439545299564344
2014-01-17,247.3,6.05,1253.81995,0.58,4197.58,12.44,14.34,94.5846,3.4171348079798065
2014-01-20,247.5,6.05,1254.34998,0.58,4197.58,12.44,14.34,94.5846,3.4171348079798065
2014-01-21,245.4,6.0503,1241.48999,0.59,4225.76,12.87,15.97,94.679,3.9034839649235664
2014-01-22,244.7,6.0508,1236.48999,0.62,4243.0,12.84,15.62,94.8479,4.156214525953658
2014-01-23,248.05,6.0515,1264.34998,0.66,4218.87,13.77,16.01,94.8415,2.057944315913033
2014-01-24,248.85,6.0486,1269.25,0.61,4128.17,18.14,17.54,94.8555,2.022937129261976
2014-01-27,248.5,6.0478,1257.069946,0.64,4083.61,17.42,18.38,94.9059,4.0738865587860005
2014-01-28,246.55,6.0506,1256.55005,0.62,4097.96,15.8,18.71,94.88,2.111858551931448
2014-01-29,248.7,6.0554,1268.40002,0.55,4051.43,17.35,17.45,94.8621,1.7609262266947496
2014-01-30,247.95,6.06,1243.69995,0.57,4123.13,17.29,17.97,95.1294,5.635736428376248
2014-01-31,247.95,6.059,1243.80005,0.53,4103.88,18.41,18.62,95.1774,5.635736428376248
2014-02-03,247.95,6.06,1257.64001,0.47,3996.96,21.44,19.15,95.2469,5.635736428376248
2014-02-04,247.95,6.06,1255.0,0.51,4031.52,19.11,18.51,95.0438,5.635736428376248
2014-02-05,247.95,6.06,1258.01001,0.56,4011.55,19.95,18.52,95.0285,5.635736428376248
2014-02-06,247.95,6.06,1257.64001,0.57,4057.12,17.23,17.93,94.7177,5.635736428376248
2014-02-07,249.15,6.0629,1267.060059,0.53,4125.86,15.29,16.59,94.7457,2.1662704611667607
2014-02-10,251.15,6.0591,1274.90002,0.51,4148.17,15.26,17.08,94.7189,2.793811430160588
2014-02-11,253.4,6.0601,1291.84998,0.56,4191.04,14.51,16.81,94.6377,1.7003499992605384
2014-02-12,254.25,6.0614,1291.25,0.59,4201.29,14.3,16.23,94.6209,2.6132790521967024
2014-02-13,255.1,6.0631,1302.69995,0.56,4240.67,14.14,16.13,94.6209,1.160730565852731
2014-02-14,259.05,6.0666,1318.93005,0.59,4244.03,13.57,16.26,94.2711,1.7985317944925896
2014-02-17,261.2,6.0666,1329.099976,0.59,4244.03,13.57,16.26,94.2711,1.7985317944925896
2014-02-18,260.4,6.0671,1321.59998,0.57,4272.78,13.87,16.28,94.1934,2.6065285688748645
2014-02-19,259.7,6.0762,1311.80005,0.6,4237.95,15.5,16.48,94.38,3.434323667432864
2014-02-20,258.95,6.0832,1322.89001,0.63,4267.55,14.79,16.07,94.6571,0.2201300872249021
2014-02-21,260.4,6.0912,1323.39001,0.61,4263.41,14.68,15.73,94.6571,1.231956888710272
2014-02-24,263.35,6.0982,1337.0,0.59,4292.97,14.23,15.94,94.4042,1.2157257221855955
2014-02-25,264.75,6.1243,1340.75,0.55,4287.59,13.67,15.86,94.4735,0.7554262382046772
2014-02-26,261.85,6.1243,1330.75,0.51,4292.06,14.35,16.46,94.7754,-0.1755670583696087
2014-02-27,262.25,6.1279,1331.43994,0.49,4318.93,14.04,15.75,94.6722,-0.0655210290160539
2014-02-28,261.0,6.1448,1326.40002,0.49,4308.12,14.0,16.07,94.3879,-1.0432698215956293
2014-03-03,266.8,6.146,1350.90002,0.44,4277.3,16.0,17.05,94.3879,-0.1356028395518365
2014-03-04,263.7,6.143,1334.90002,0.52,4351.97,14.1,16.75,94.6568,0.0547246174867268
2014-03-05,263.8,6.128,1337.39001,0.52,4357.97,13.89,16.58,94.4679,0.3079177172986647
2014-03-06,265.7,6.1183,1351.34998,0.53,4352.13,14.21,16.31,93.9858,-0.1210356594594941
2014-03-07,262.35,6.1258,1340.25,0.57,4336.22,14.11,15.82,94.2532,-1.610758435545847
2014-03-10,262.6,6.1383,1339.15002,0.57,4334.45,14.2,15.83,94.3731,-1.6823015984053311
2014-03-11,264.8,6.1397,1349.94995,0.57,4307.19,14.8,16.14,94.387,-1.6744388256948923
2014-03-12,269.35,6.1448,1367.079956,0.54,4323.33,14.47,16.67,94.462,-0.7299882209011344
2014-03-13,270.15,6.1359,1370.59998,0.49,4260.42,16.22,17.3,94.1872,-0.233217878438154
2014-03-14,271.3,6.15,1382.23999,0.48,4245.4,17.82,18.32,94.243,-2.0060889771247616
2014-03-17,269.65,6.1779,1366.94995,0.52,4279.95,15.64,17.87,94.243,-1.8589972544890545
2014-03-18,268.35,6.1918,1356.25,0.5,4333.31,14.52,17.37,94.2631,-1.6398323339817011
2014-03-19,264.9,6.1934,1331.44995,0.62,4307.6,15.12,17.59,94.3752,-0.2213567711029327
2014-03-20,265.0,6.2273,1328.5,0.66,4319.29,14.52,16.91,94.9986,-0.981900750719376
2014-03-21,265.6,6.2248,1334.55005,0.61,4276.79,15.0,16.43,94.8547,-1.485927668590307
2014-03-24,260.6,6.1956,1309.62,0.59,4226.39,15.09,17.53,94.759,-0.2671587441927272
2014-03-25,260.65,6.201,1311.050049,0.61,4234.27,14.02,17.16,94.6379,-0.7296310334527902
2014-03-26,259.3,6.2084,1304.099976,0.57,4173.58,14.93,17.32,94.5281,-1.0042837943768177
2014-03-27,258.0,6.2123,1291.14001,0.56,4151.23,14.62,17.6,94.3315,0.1206911079781889
2014-03-28,259.05,6.2117,1294.0,0.6,4155.76,14.41,17.48,94.3683,0.6244273152539108
2014-03-31,257.15,6.2164,1284.25,0.6,4198.99,13.88,17.37,94.2432,0.4775451315767895
2014-04-01,256.05,6.2064,1279.15002,0.63,4268.04,13.1,16.65,94.1244,0.8080920434034908
2014-04-02,258.25,6.2054,1289.80005,0.68,4276.46,13.09,16.19,94.3103,0.9244504550934494
2014-04-03,257.4,6.2102,1287.30005,0.66,4237.74,13.37,16.01,94.512,0.3745600813412579
2014-04-04,257.95,6.2118,1302.69995,0.61,4127.73,13.96,15.81,94.2191,-2.217233572106011
2014-04-07,257.95,6.2118,1296.65002,0.59,4079.75,15.57,15.95,94.0881,-2.217233572106011
2014-04-08,262.15,6.1966,1308.71997,0.58,4112.99,14.89,15.99,93.6579,1.4200446540742746
2014-04-09,262.45,6.2003,1311.90002,0.57,4183.9,13.82,14.83,93.6716,0.9304380855530212
2014-04-10,263.4,6.2123,1318.92004,0.51,4054.11,15.89,15.06,93.5123,-0.0278124485025728
2014-04-11,263.1,6.2111,1318.46997,0.5,3999.73,17.03,15.19,93.6395,-0.1870522824440854
2014-04-14,264.7,6.2186,1326.40002,0.52,4022.69,16.11,15.34,93.8046,-0.4904500899256163
2014-04-15,259.85,6.2215,1302.65002,0.5,4034.16,15.61,16.1,93.9486,-0.7135089115372466
2014-04-16,259.5,6.2204,1302.80005,0.48,4086.23,14.18,15.44,93.9461,-1.0474442111016629
2014-04-17,257.65,6.2188,1294.84998,0.52,4095.52,13.36,15.96,93.8936,-1.2408983112511578
2014-04-18,258.25,6.224,1293.78003,0.52,4095.52,13.36,15.96,93.9629,-0.6432726773514332
2014-04-21,256.6,6.2269,1290.15002,0.53,4121.55,13.25,16.22,94.0337,-1.6871753834134324
2014-04-22,256.55,6.2373,1283.5,0.52,4161.46,13.19,16.19,94.0802,-0.8350065105213389
2014-04-23,256.75,6.2374,1283.90002,0.49,4126.97,13.27,15.61,94.149,-0.719351833330677
2014-04-24,259.25,6.2484,1293.84998,0.49,4148.34,13.32,15.86,94.1294,-0.672266466217593
2014-04-25,261.3,6.2534,1303.44995,0.48,4075.56,14.06,16.07,94.1623,-0.76034424839645
2014-04-28,261.0,6.252,1296.099976,0.52,4074.4,13.97,15.56,94.1374,0.4757165607729234
2014-04-29,260.55,6.2578,1296.47998,0.53,4103.54,13.71,15.31,94.0295,-0.29242669937463
2014-04-30,260.35,6.2591,1291.90002,0.49,4114.56,13.41,15.52,93.8896,0.3750320644943485
2014-05-01,260.35,6.2591,1284.099976,0.43,4127.45,13.25,15.15,93.8707,0.3750320644943485
2014-05-02,260.35,6.2591,1300.31995,0.41,4123.9,12.91,14.85,93.8182,0.3750320644943485
2014-05-05,264.75,6.2453,1309.84998,0.45,4138.06,13.29,15.51,93.7334,1.7440334658800225
2014-05-06,264.0,6.2255,1307.65002,0.45,4080.76,13.8,15.02,93.4324,2.268194913434172
2014-05-07,260.65,6.2349,1289.55005,0.42,4067.67,13.4,15.4,93.4337,2.151258483932679
2014-05-08,259.9,6.2272,1289.59998,0.42,4051.5,13.43,14.87,93.3686,1.7105037871622244
2014-05-09,259.3,6.227,1289.32996,0.44,4071.87,12.92,14.76,93.6614,1.172854793833494
2014-05-12,261.2,6.2364,1295.80005,0.48,4143.86,12.23,14.04,93.6537,1.3859137453983976
2014-05-13,260.7,6.2283,1293.34998,0.45,4130.17,12.13,13.61,93.6755,1.7139797632420937
2014-05-14,262.3,6.2282,1305.59998,0.37,4100.63,12.17,13.76,93.5968,0.8651841292459039
2014-05-15,260.65,6.2291,1296.34998,0.31,4069.29,13.17,14.57,93.7065,1.029903855900443
2014-05-16,260.25,6.2327,1293.69995,0.34,4090.59,12.44,14.04,93.6073,1.0108893415531952
2014-05-19,260.65,6.2368,1291.94995,0.37,4125.82,12.42,14.23,93.502,1.5912622965261107
2014-05-20,260.95,6.2377,1294.25,0.35,4096.89,12.96,14.07,93.6699,1.3926117639493896
2014-05-21,260.15,6.2335,1291.84998,0.36,4131.54,11.91,14.36,93.7629,1.2483699477550658
2014-05-22,260.8,6.2348,1293.84998,0.35,4154.34,12.03,13.98,93.6944,1.4434692139470258
2014-05-23,260.65,6.2363,1293.10999,0.32,4185.81,11.36,14.52,93.7042,1.3794410392077907
2014-05-26,260.35,6.2363,1293.050049,0.32,4185.81,11.36,14.52,93.7042,1.3794410392077907
2014-05-27,255.6,6.2471,1263.69995,0.31,4237.07,11.51,16.21,93.8418,1.787407923706354
2014-05-28,254.35,6.2535,1258.5,0.22,4225.07,11.68,15.8,93.8793,1.3228567524555217
2014-05-29,253.1,6.2375,1256.050049,0.22,4247.95,11.57,15.01,93.6973,1.2115571997524626
2014-05-30,253.3,6.2471,1251.050049,0.26,4242.62,11.4,15.34,93.7606,2.0281250949925607
2014-06-02,253.3,6.2471,1244.34998,0.32,4237.2,11.58,15.55,94.0006,2.0281250949925607
2014-06-03,250.95,6.2536,1244.65002,0.41,4234.08,11.87,15.05,94.0536,0.7034565218705211
2014-06-04,251.1,6.2494,1243.80005,0.44,4251.64,12.08,14.79,94.1239,1.1923036806147138
2014-06-05,253.35,6.2548,1253.59998,0.41,4296.23,11.68,14.15,93.9732,1.255632648930174
2014-06-06,252.8,6.2498,1252.72998,0.4,4321.4,10.73,13.22,93.9069,1.081967334737243
2014-06-09,252.8,6.2397,1252.079956,0.41,4336.24,11.15,12.77,93.9628,1.619158568868443
2014-06-10,252.6,6.224,1260.80005,0.43,4338.0,10.99,12.37,94.0638,0.3062224122686814
2014-06-11,254.2,6.2277,1260.73999,0.43,4331.93,11.6,12.36,93.9744,1.768266088285884
2014-06-12,253.7,6.2175,1273.35999,0.39,4297.63,12.56,12.91,93.8155,-0.8409917798639981
2014-06-13,255.75,6.209,1277.0,0.41,4310.65,12.18,12.52,93.9168,0.8303607311074757
2014-06-16,257.9,6.225,1271.59998,0.41,4321.11,12.65,12.41,93.8639,3.4042077097432752
2014-06-17,254.65,6.2263,1271.5,0.43,4337.23,12.06,12.53,94.0829,0.1210739948880359
2014-06-18,255.0,6.2309,1278.40002,0.38,4362.84,10.61,12.11,94.0525,-1.0992391408684057
2014-06-19,257.85,6.2287,1320.099976,0.39,4359.33,10.62,14.48,93.752,-6.509532544928959
2014-06-20,264.55,6.224,1314.81995,0.35,4368.04,10.85,12.79,93.7591,1.446511042165639
2014-06-23,265.8,6.225,1318.099976,0.35,4368.68,10.98,12.93,93.628,1.9977799733148915
2014-06-24,265.3,6.2308,1318.30005,0.31,4350.36,12.13,12.96,93.7093,1.2119085781342278
2014-06-25,264.5,6.2343,1319.5,0.29,4379.76,11.59,12.92,93.5851,0.023048853022999
2014-06-26,264.3,6.2235,1317.94995,0.26,4379.05,11.63,12.76,93.5471,0.5913654789654288
2014-06-27,265.15,6.218,1315.34998,0.27,4397.93,11.26,12.64,93.3983,2.1941855212435826
2014-06-30,263.9,6.2036,1327.5,0.27,4408.18,11.57,14.01,93.2058,-0.8701705595833573
2014-07-01,265.6,6.1995,1325.75,0.32,4458.65,11.15,13.74,93.1365,1.3536249939717775
2014-07-02,265.95,6.2101,1327.44995,0.38,4457.73,10.82,13.89,93.2478,0.9124018359670458
2014-07-03,265.2,6.2115,1319.80005,0.37,4485.93,10.32,12.99,93.3149,1.6303692325622023
2014-07-04,265.35,6.2115,1320.55005,0.37,4485.93,10.32,12.99,93.3149,1.6303692325622023
2014-07-07,262.9,6.2036,1320.19995,0.36,4451.53,11.33,12.99,93.3803,-0.4141739617728035
2014-07-08,264.15,6.201,1318.94995,0.31,4391.46,11.98,12.83,93.323,1.1953923207999535
2014-07-09,265.25,6.1994,1326.69995,0.28,4419.03,11.65,13.05,93.228,0.8185479116498868
2014-07-10,266.05,6.2023,1335.55005,0.27,4396.2,12.59,12.91,93.3152,-0.26993425546965
2014-07-11,268.4,6.2034,1338.15002,0.25,4415.49,12.08,13.27,93.4171,1.5142850782708592
2014-07-14,264.3,6.2059,1307.15002,0.28,4440.42,11.82,14.23,93.4101,3.491978101564144
2014-07-15,262.45,6.2075,1294.44995,0.31,4416.39,11.96,14.73,93.5796,4.109361016445121
2014-07-16,260.0,6.2035,1299.37,0.32,4425.97,11.0,14.67,93.5991,0.844541771826357
2014-07-17,261.5,6.2033,1318.25,0.24,4363.45,14.54,15.52,93.6586,-1.4125411931133272
2014-07-18,263.25,6.2075,1310.90002,0.26,4432.15,12.06,14.35,93.6608,1.6263282540550108
2014-07-21,263.3,6.2088,1311.90002,0.25,4424.7,12.81,14.69,93.6069,1.4219205499059626
2014-07-22,262.1,6.2025,1307.34998,0.25,4456.02,12.24,14.62,93.6306,1.3949908868777356
2014-07-23,261.9,6.1982,1304.15002,0.25,4473.7,11.52,14.07,93.5951,2.0134067238734588
2014-07-24,260.0,6.1944,1293.34998,0.25,4472.11,11.84,14.33,93.6836,2.423614187728049
2014-07-25,258.5,6.1913,1308.050049,0.2,4449.56,12.69,14.68,93.8294,-1.8736000248750315
2014-07-28,260.9,6.187,1304.25,0.22,4444.91,12.56,14.55,93.83,1.4631279438004867
2014-07-29,260.95,6.18,1298.75,0.2,4442.7,13.28,15.05,94.0443,2.8994590640924685
2014-07-30,259.75,6.1712,1295.050049,0.29,4462.9,13.33,14.85,94.3473,2.8010115456846165
2014-07-31,259.0,6.1737,1282.34998,0.29,4369.77,16.95,15.46,94.4467,4.467742487951512
2014-08-01,256.6,6.1793,1294.099976,0.25,4352.64,17.03,14.37,94.4754,-0.4974964777853756
2014-08-04,258.9,6.178,1288.34998,0.26,4383.89,15.12,14.17,94.448,2.9986970456700988
2014-08-05,258.1,6.1705,1288.0,0.25,4352.84,16.87,14.76,94.6754,2.5787885607729493
2014-08-06,257.9,6.1625,1306.25,0.24,4355.05,16.37,14.51,94.6092,-0.9057815036892976
2014-08-07,260.5,6.1618,1313.55005,0.19,4334.97,16.66,14.82,94.6364,0.2774302541514544
2014-08-08,262.85,6.1557,1309.59998,0.19,4370.9,15.77,14.85,94.6027,3.666802067741571
2014-08-11,260.55,6.1528,1308.099976,0.19,4401.33,14.23,14.49,94.4767,1.7856316063208624
2014-08-12,261.0,6.1575,1308.59998,0.22,4389.25,14.13,14.35,94.5211,1.9389818878904637
2014-08-13,261.05,6.1531,1312.85999,0.2,4434.13,12.9,13.53,94.4681,1.3313572598260637
2014-08-14,261.65,6.1575,1313.23999,0.19,4453.0,12.42,12.55,94.3508,1.6704080433070203
2014-08-15,261.4,6.147,1304.59998,0.16,4464.93,13.15,13.33,94.2941,3.571264421688852
2014-08-18,258.9,6.1425,1297.45996,0.21,4508.31,12.32,13.46,94.2519,2.670064323950669
2014-08-19,258.15,6.1425,1295.5,0.23,4527.51,12.21,13.43,94.4356,2.307128618965692
2014-08-20,257.75,6.1395,1292.15002,0.26,4526.48,11.78,13.51,94.5937,2.6933328149565057
2014-08-21,254.55,6.151,1277.25,0.24,4532.1,11.76,13.84,94.673,1.9621963766135764
2014-08-22,255.1,6.151,1281.22998,0.26,4538.55,11.47,13.46,94.8012,1.7251191351455477
2014-08-25,254.55,6.154,1276.59998,0.24,4557.35,11.7,13.55,94.9159,1.967612907872109
2014-08-26,257.0,6.1522,1280.90002,0.25,4570.64,11.63,13.24,94.8617,3.64095349256516
2014-08-27,255.95,6.143,1282.94995,0.23,4569.62,11.78,12.72,94.6863,2.564961568633777
2014-08-28,256.3,6.1423,1290.0,0.21,4557.69,12.05,12.9,94.6947,1.5515954796084372
2014-08-29,256.75,6.143,1287.56995,0.23,4580.27,11.98,12.85,94.7251,2.4525028421238915
2014-09-01,256.15,6.143,1287.30005,0.23,4580.27,11.98,12.85,94.7251,2.4525028421238915
2014-09-02,253.75,6.148,1265.90002,0.27,4598.19,12.25,14.05,95.063,3.5288569466459023
2014-09-03,252.3,6.1408,1269.069946,0.24,4572.57,12.36,13.44,94.8709,1.7460519106595882
2014-09-04,252.45,6.1383,1261.099976,0.28,4562.29,12.64,14.01,95.2641,3.570935499837617
2014-09-05,251.4,6.14,1268.84998,0.31,4582.9,12.09,13.27,95.2203,0.9221156075683156
2014-09-08,251.4,6.14,1255.69995,0.35,4592.29,12.66,14.47,95.4167,0.9221156075683156
2014-09-09,249.65,6.1362,1256.19995,0.39,4552.29,13.5,15.36,95.8811,1.8227737010304568
2014-09-10,249.55,6.1284,1248.75,0.44,4586.52,12.88,15.89,95.8641,3.5056802289131497
2014-09-11,248.15,6.1295,1240.75,0.42,4591.81,12.8,16.42,95.9184,3.638060025399085
2014-09-12,246.25,6.1344,1228.63,0.49,4567.6,13.31,17.86,96.0748,3.932965839857218
2014-09-15,245.7,6.1415,1233.0,0.47,4518.9,14.12,16.5,96.1195,2.2396338032697543
2014-09-16,246.45,6.1459,1235.19995,0.48,4552.76,12.73,16.58,95.8483,2.380510305753376
2014-09-17,246.85,6.1385,1223.25,0.56,4562.19,12.65,17.14,95.9106,5.432792129503127
2014-09-18,244.3,6.14,1225.44995,0.61,4593.43,12.03,15.5,96.1284,2.389517481955437
2014-09-19,243.7,6.1403,1216.44995,0.56,4579.79,12.11,16.9,96.3417,3.5544334886749027
2014-09-22,241.3,6.14,1215.050049,0.58,4527.69,13.69,16.44,96.4625,1.4425144803639969
2014-09-23,241.8,6.1368,1222.94995,0.52,4508.69,14.93,16.65,96.5112,0.5088509923320714
2014-09-24,243.6,6.1346,1217.050049,0.54,4555.22,13.27,17.21,96.6574,3.559000414892239
2014-09-25,240.65,6.1355,1222.62,0.5,4466.75,15.64,17.99,96.8988,-0.5249484784670528
2014-09-26,244.2,6.1266,1219.51001,0.57,4512.19,14.85,17.84,97.208,3.9874828470750856
2014-09-29,242.9,6.1495,1215.94995,0.55,4505.85,15.98,17.17,97.3523,2.493479270017872
2014-09-30,242.85,6.138,1209.23999,0.55,4493.39,16.31,18.83,97.5261,4.217207593357671
2014-10-01,242.85,6.138,1213.65002,0.46,4422.09,16.71,18.73,97.5387,4.217207593357671
2014-10-02,242.85,6.138,1213.5,0.49,4430.19,16.16,18.2,97.3062,4.217207593357671
2014-10-03,242.85,6.1385,1191.19995,0.52,4475.62,14.55,19.13,97.9846,4.217207593357671
2014-10-06,242.85,6.1385,1207.15002,0.5,4454.8,15.46,17.6,97.5513,4.217207593357671
2014-10-07,242.85,6.1385,1209.0,0.44,4385.2,17.2,17.56,97.4459,4.217207593357671
2014-10-08,239.0,6.1385,1221.69995,0.39,4468.59,15.11,17.5,97.4945,-2.111294326201204
2014-10-09,243.95,6.1299,1224.15002,0.37,4378.34,18.76,17.86,97.1711,2.693639539022911
2014-10-10,243.0,6.1308,1223.47998,0.35,4276.24,21.24,18.11,97.4144,1.8402893120066888
2014-10-13,245.15,6.1308,1237.15002,0.35,4213.66,24.64,17.69,97.4144,1.8402893120066888
2014-10-14,244.9,6.125,1232.75,0.29,4227.17,22.79,17.98,97.3943,2.1429549729130315
2014-10-15,243.2,6.1249,1241.069946,0.29,4215.32,26.25,20.04,97.3532,-1.1914450867394637
2014-10-16,245.6,6.123,1239.099976,0.28,4217.39,25.2,19.68,97.2869,1.6721734516051183
2014-10-17,245.8,6.1238,1238.18994,0.3,4258.44,21.99,18.08,97.3067,2.019475153214273
2014-10-20,245.8,6.1233,1246.59998,0.29,4316.07,18.57,17.27,97.2874,0.3837073791052319
2014-10-21,247.0,6.1205,1249.30005,0.33,4419.48,16.08,17.01,97.2488,1.1646131134759798
2014-10-22,246.95,6.118,1241.030029,0.34,4382.85,17.87,16.58,97.459,2.841725451412202
2014-10-23,245.95,6.119,1232.15002,0.38,4452.79,16.53,16.91,97.6047,3.548792020833673
2014-10-24,243.8,6.1168,1231.45996,0.39,4483.72,16.11,16.24,97.4772,1.6216508326073154
2014-10-27,243.2,6.116,1225.40002,0.38,4485.93,16.04,16.49,97.5423,2.244913841850604
2014-10-28,242.55,6.113,1228.40002,0.39,4564.29,14.39,16.3,97.2173,1.1234942286237697
2014-10-29,242.95,6.1107,1211.80005,0.42,4549.23,15.15,16.75,97.0145,4.875617196296247
2014-10-30,238.1,6.114,1198.90002,0.42,4566.14,14.52,18.08,97.456,2.432801058401793
2014-10-31,233.45,6.1124,1174.42004,0.43,4630.74,14.03,21.54,98.1163,2.655232449852889
2014-11-03,229.9,6.1178,1165.34998,0.43,4638.91,14.73,21.1,98.5336,0.6853422398122575
2014-11-04,230.85,6.115,1168.30005,0.43,4623.64,14.89,20.1,98.5576,1.160260718247116
2014-11-05,225.5,6.1135,1141.40002,0.43,4620.72,14.17,23.38,98.8086,1.1538967553490522
2014-11-06,225.9,6.1117,1141.19995,0.45,4638.47,13.67,23.18,99.1325,1.6592639280145534
2014-11-07,226.5,6.1225,1176.65002,0.38,4632.53,13.12,21.38,99.0236,-5.115083429517568
2014-11-10,232.05,6.119,1150.59998,0.44,4651.62,12.67,22.23,98.9305,5.692153531917654
2014-11-11,228.1,6.119,1164.80005,0.44,4660.56,12.92,21.43,98.9305,5.692153531917654
2014-11-12,231.75,6.1257,1160.92004,0.46,4675.13,13.02,21.29,98.8897,3.1118117244683106
2014-11-13,230.25,6.1243,1161.95996,0.47,4680.14,13.79,20.98,99.1045,1.4593049647789087
2014-11-14,228.65,6.129,1188.25,0.43,4688.54,13.31,23.36,99.0917,-5.496776086292528
2014-11-17,236.0,6.1242,1186.55005,0.48,4671.0,13.99,23.37,99.2188,2.3713146041442315
2014-11-18,236.05,6.1208,1197.55005,0.48,4702.44,13.86,23.97,99.0185,0.3863497342742903
2014-11-19,236.8,6.119,1183.30005,0.53,4675.71,13.96,24.26,99.2424,4.009059882328359
2014-11-20,234.3,6.123,1193.75,0.49,4701.87,13.58,21.5,99.2554,-0.7002813188226185
2014-11-21,236.6,6.1244,1201.40002,0.45,4712.97,12.9,21.23,99.2894,0.0396681245518948
2014-11-24,238.4,6.1412,1197.40002,0.44,4754.89,12.62,20.64,99.4227,1.9805294316073516
2014-11-25,238.6,6.1355,1201.18994,0.42,4758.25,12.25,20.67,99.2837,1.6523614104521869
2014-11-26,238.3,6.1386,1197.90002,0.42,4787.32,12.07,21.24,99.1893,1.8819421360297213
2014-11-27,237.85,6.1386,1191.75,0.42,4787.32,12.07,21.24,99.1893,1.8819421360297213
2014-11-28,236.05,6.1429,1167.34998,0.39,4791.63,13.33,25.17,100.0719,5.4999271097465225
2014-12-01,229.35,6.1515,1210.90002,0.43,4727.35,14.29,22.33,99.8964,-10.135957304804949
2014-12-02,240.35,6.149,1199.01001,0.51,4755.81,12.85,21.29,100.4478,3.311964039738285
2014-12-03,239.5,6.1499,1209.64001,0.5,4774.47,12.47,20.62,100.5696,0.3254666677705131
2014-12-04,240.65,6.1541,1205.78003,0.48,4769.44,12.38,20.29,100.3931,2.0758561697879827
2014-12-05,240.3,6.1497,1192.050049,0.56,4780.76,11.82,20.02,101.0989,4.611084400942019
2014-12-08,238.15,6.1725,1203.19995,0.55,4740.69,14.21,19.62,101.31,-0.6254333555708911
2014-12-09,242.0,6.1855,1230.84998,0.49,4766.47,14.89,20.04,100.8095,-2.777036387866332
2014-12-10,248.05,6.1763,1226.75,0.47,4684.03,18.53,19.27,101.0212,4.45117591267865
2014-12-11,245.4,6.1881,1227.94995,0.49,4708.16,20.08,19.11,101.4448,1.097040989117005
2014-12-12,244.8,6.1864,1222.59998,0.46,4653.6,21.08,19.66,101.3735,1.6282503167811058
2014-12-15,244.95,6.19,1192.59998,0.5,4605.16,20.42,20.95,101.674,7.607132599225167
2014-12-16,240.6,6.189,1196.59998,0.42,4547.83,23.57,22.08,101.526,2.499552261964084
2014-12-17,240.7,6.1957,1188.69995,0.49,4644.31,19.44,20.9,101.5527,3.9154490583053416
2014-12-18,241.7,6.2139,1198.40002,0.57,4748.4,16.81,19.28,101.7531,2.2819961008246707
2014-12-19,242.2,6.2196,1195.94995,0.49,4765.38,16.49,18.68,102.0483,3.0523057205780617
2014-12-22,242.15,6.2213,1175.050049,0.47,4781.42,15.25,20.26,101.9942,7.11732297510892
2014-12-23,238.55,6.2256,1175.68005,0.56,4765.42,14.8,19.76,102.348,3.2287750806179645
2014-12-24,238.5,6.2148,1173.80005,0.59,4773.47,14.37,19.37,102.3028,3.962647266706284
2014-12-25,238.05,6.2148,1173.80005,0.59,4773.47,14.37,19.37,102.3028,3.962647266706284
2014-12-26,239.5,6.2148,1195.40002,0.58,4806.86,14.5,18.92,102.3028,3.962647266706284
2014-12-29,241.6,6.2222,1183.099976,0.57,4806.91,15.06,20.15,102.3767,4.922948521317551
2014-12-30,240.0,6.2015,1200.23999,0.56,4777.44,15.92,19.48,102.1019,0.6929027927725144
2014-12-31,241.65,6.2046,1183.94995,0.49,4736.05,19.2,20.08,102.2843,5.47285402703875
2015-01-01,241.65,6.2046,1181.96997,0.49,4736.05,19.2,20.08,102.2843,5.47285402703875
2015-01-02,241.65,6.2046,1189.18005,0.41,4726.81,17.79,20.23,102.9027,5.47285402703875
2015-01-05,242.15,6.2201,1204.44995,0.4,4652.57,19.92,21.26,103.4976,1.2832443617277818
2015-01-06,244.45,6.2125,1219.19995,0.41,4592.74,21.12,20.78,103.2938,0.9314349068432648
2015-01-07,245.25,6.2127,1210.80005,0.39,4650.47,19.31,20.35,103.6316,3.4014147721317443
2015-01-08,244.5,6.2143,1208.97998,0.41,4736.19,17.01,19.2,103.2799,2.952769311685188
2015-01-09,245.15,6.2085,1223.40002,0.36,4704.07,17.55,18.44,103.1213,0.9498609748099228
2015-01-12,247.75,6.2027,1233.64001,0.35,4664.71,19.6,17.65,103.2372,1.735921519218067
2015-01-13,249.0,6.197,1230.88,0.37,4661.5,20.56,17.63,103.27,3.761896249618189
2015-01-14,247.9,6.1957,1229.94995,0.29,4639.32,21.48,18.52,103.0903,2.898604490973668
2015-01-15,246.75,6.187,1261.64001,0.19,4570.82,22.39,21.83,103.0829,-4.211041100519282
2015-01-16,253.65,6.2065,1280.30005,0.23,4634.38,20.95,22.66,103.2189,-1.8255014813445316
2015-01-19,257.85,6.2065,1277.079956,0.23,4634.38,20.95,22.66,103.2189,-1.8255014813445316
2015-01-20,257.65,6.2137,1293.93994,0.23,4654.85,19.89,23.43,103.5233,-0.8467802716093615
2015-01-21,262.2,6.2112,1293.43994,0.26,4667.42,18.85,22.34,103.7858,3.907069772597936
2015-01-22,259.05,6.2085,1301.72998,0.29,4750.4,16.4,21.25,103.9271,-0.7854069744562366
2015-01-23,261.4,6.2279,1294.55005,0.21,4757.88,16.66,20.62,104.3676,2.190320819361148
2015-01-26,261.6,6.2535,1281.23999,0.22,4771.76,15.52,20.04,104.4818,4.000878439243195
2015-01-27,259.9,6.243,1292.34998,0.17,4681.5,17.22,20.16,104.1646,0.5034393190476862
2015-01-28,260.8,6.2475,1285.099976,0.12,4637.99,20.44,19.31,104.4737,2.6727120722748623
2015-01-29,259.3,6.2463,1257.25,0.15,4683.41,18.76,20.25,105.2763,6.815209703088101
2015-01-30,255.05,6.2495,1283.55005,0.03,4635.24,20.97,19.65,105.5884,-2.8485013736396354
2015-02-02,259.1,6.2594,1275.43994,0.03,4676.69,19.43,20.33,105.2058,2.4250675828765225
2015-02-03,259.4,6.2573,1260.19995,0.09,4727.74,17.33,20.3,104.6063,5.877111992701799
2015-02-04,256.35,6.2472,1270.050049,0.1,4716.7,18.33,20.36,104.785,1.2579149898628827
2015-02-05,257.5,6.2516,1264.69995,0.13,4765.1,16.85,20.06,104.4915,3.3035845670101764
2015-02-06,256.7,6.2417,1233.71997,0.24,4744.4,17.29,20.59,105.1283,9.123041241371538
2015-02-09,251.4,6.2467,1239.68005,0.25,4726.01,18.55,20.3,104.9889,2.427718155995336
2015-02-10,252.05,6.2405,1234.0,0.31,4787.64,17.23,19.71,105.2897,4.464454964875358
2015-02-11,250.8,6.2422,1219.16003,0.32,4801.18,16.96,20.07,105.7901,6.125261167842837
2015-02-12,247.85,6.244,1222.5,0.33,4857.61,15.34,19.31,104.9385,2.4342107801372777
2015-02-13,249.45,6.2399,1229.69995,0.34,4893.84,14.69,18.49,104.8452,2.7509237544006453
2015-02-16,250.3,6.2399,1231.46997,0.34,4893.84,14.69,18.49,104.8452,2.7509237544006453
2015-02-17,249.0,6.2546,1209.40002,0.43,4899.27,15.8,19.61,104.8452,5.801859434082985
2015-02-18,249.0,6.2546,1212.98999,0.36,4906.36,15.45,19.54,105.2514,5.801859434082985
2015-02-19,249.0,6.2546,1207.44995,0.37,4924.7,15.29,18.62,105.1407,5.801859434082985
2015-02-20,249.0,6.2546,1202.39001,0.38,4955.97,14.3,19.26,105.3387,5.801859434082985
2015-02-23,249.0,6.2546,1201.92004,0.34,4960.97,14.56,19.4,105.5359,5.801859434082985
2015-02-24,249.0,6.2546,1199.89001,0.27,4968.12,13.69,18.77,105.5472,5.801859434082985
2015-02-25,245.1,6.2591,1204.80005,0.24,4967.14,13.84,17.4,105.0503,2.652558620251739
2015-02-26,246.45,6.2584,1209.050049,0.24,4987.89,13.91,16.65,105.5021,3.174522106463911
2015-02-27,246.65,6.2695,1213.15002,0.17,4963.53,13.34,15.91,105.5981,2.116617892198633
2015-03-02,249.3,6.272,1207.099976,0.25,5008.1,13.04,16.38,105.8151,5.88909609941004
2015-03-03,247.05,6.2741,1203.80005,0.26,4979.9,13.86,16.76,105.5562,4.223247586123762
2015-03-04,246.7,6.2701,1199.84998,0.25,4967.14,14.23,16.66,106.1333,4.82434743363288
2015-03-05,245.65,6.2658,1198.59998,0.27,4982.81,14.04,16.9,106.1333,4.192036919189178
2015-03-06,245.0,6.262,1167.20996,0.41,4927.37,15.2,18.43,107.4337,10.00815761827451
2015-03-09,239.9,6.2635,1167.30005,0.44,4942.44,15.06,17.58,107.5199,4.833725684408535
2015-03-10,237.5,6.2615,1161.93005,0.41,4859.79,16.69,18.97,108.1165,3.589828859292368
2015-03-11,238.25,6.2613,1154.80005,0.39,4849.94,16.87,20.01,108.5235,5.782607164306256
2015-03-12,238.4,6.2614,1153.69995,0.39,4893.29,15.42,19.07,108.1741,6.1503539174048285
2015-03-13,237.2,6.2585,1159.47998,0.44,4871.76,16.0,18.9,108.9174,3.8948910948928415
2015-03-16,238.0,6.262,1154.58997,0.45,4929.51,15.61,19.14,108.6422,5.548912754513168
2015-03-17,236.25,6.249,1149.30005,0.42,4937.43,15.66,20.83,108.5805,5.344281593711315
2015-03-18,233.65,6.2289,1167.25,0.23,4982.83,13.97,18.65,108.408,-0.1077290337100294
2015-03-19,237.75,6.1955,1171.30005,0.19,4992.38,14.07,17.25,108.1826,4.43897520295144
2015-03-20,237.4,6.2037,1182.68005,0.17,5026.42,13.02,17.21,107.1671,1.510398309354258
2015-03-23,239.75,6.2135,1189.30005,0.17,5010.97,13.41,17.26,106.5022,2.165295363062029
2015-03-24,241.1,6.2046,1193.13,0.11,4994.73,13.62,16.84,106.4401,3.091595865417048
2015-03-25,241.15,6.2116,1195.44995,0.12,4876.52,15.44,16.38,106.2636,2.409764675358105
2015-03-26,243.9,6.2103,1204.38,0.21,4863.36,15.8,16.02,106.5582,3.426705547607156
2015-03-27,243.25,6.2145,1199.30005,0.19,4891.22,15.07,15.83,106.8916,3.629051851881599
2015-03-30,240.4,6.2065,1186.19995,0.23,4947.44,14.51,16.64,107.3941,3.701558034465592
2015-03-31,237.85,6.199,1183.5,0.18,4900.88,15.29,16.34,107.4396,1.9756932499558104
2015-04-01,238.35,6.1976,1204.099976,0.07,4880.23,15.11,16.04,107.06,-1.575732192762899
2015-04-02,242.95,6.1968,1202.58997,0.11,4886.94,14.67,16.01,106.6738,3.3560788626360534
2015-04-03,241.75,6.193,1210.90002,0.02,4886.94,14.67,16.01,105.8861,0.6483933042905221
2015-04-06,241.75,6.193,1214.69995,0.07,4917.32,14.74,15.74,105.7876,0.6483933042905221
2015-04-07,243.9,6.1955,1208.59998,0.04,4910.23,14.78,15.2,106.4488,3.1592095394409228
2015-04-08,243.75,6.202,1202.80005,0.08,4950.82,13.98,14.79,106.4231,3.9131356567588966
2015-04-09,240.5,6.205,1195.01001,0.13,4974.56,13.09,15.0,107.0335,2.1011988345363197
2015-04-10,240.25,6.2082,1208.050049,0.14,4995.98,12.58,14.23,107.4526,-0.8745137750349272
2015-04-13,242.6,6.2152,1198.84998,0.14,4988.25,13.94,14.79,107.7508,3.041995412220473
2015-04-14,240.15,6.2113,1193.57996,0.1,4977.29,13.67,15.18,107.0547,1.7947279068915236
2015-04-15,240.1,6.2037,1202.050049,0.07,5011.02,12.84,14.6,107.1855,0.3469854202485294
2015-04-16,241.75,6.1947,1197.65002,0.05,5007.79,12.6,14.54,106.2761,3.221134152297964
2015-04-17,240.85,6.1976,1204.65002,-0.02,4931.81,13.89,14.47,106.329,0.8146675148455813
2015-04-20,242.75,6.2014,1196.5,0.01,4994.6,13.3,15.39,106.4902,4.192438953815497
2015-04-21,239.9,6.201,1202.68005,0.06,5014.1,13.25,15.04,106.5582,0.1257305431864779
2015-04-22,241.2,6.1927,1187.30005,0.12,5035.17,12.71,15.79,106.5815,4.808821526998543
2015-04-23,237.4,6.1975,1194.0,0.07,5056.06,12.48,15.87,106.1658,-0.5093992637484348
2015-04-24,238.9,6.193,1179.38,0.04,5092.08,12.29,16.39,105.905,4.074326361984987
2015-04-27,236.55,6.2185,1202.0,0.03,5060.25,13.12,16.42,105.6891,-3.764980629189608
2015-04-28,240.75,6.2035,1212.099976,0.11,5055.42,12.41,16.19,105.1234,-0.9997130906811263
2015-04-29,242.45,6.1989,1204.80005,0.14,5023.64,13.39,15.95,104.5634,2.3344171895445527
2015-04-30,241.2,6.2018,1184.37,0.11,4941.42,14.55,16.76,105.312,5.045680839776878
2015-05-01,241.2,6.2018,1178.5,0.18,5005.39,12.7,17.29,105.6382,5.045680839776878
2015-05-04,237.55,6.2085,1188.25,0.24,5016.93,12.85,17.62,105.6679,0.3660777725979756
2015-05-05,238.5,6.2058,1193.32996,0.25,4939.33,14.31,17.15,105.2396,0.4056676654395801
2015-05-06,239.75,6.2001,1191.80005,0.34,4919.64,15.15,17.53,104.6935,2.1793249954185114
2015-05-07,240.05,6.2063,1184.80005,0.3,4945.54,15.13,17.91,105.1941,3.638517359300408
2015-05-08,241.05,6.2084,1188.15002,0.28,5003.55,12.86,15.84,104.8424,3.889854544729701
2015-05-11,241.15,6.2086,1184.19995,0.4,4993.57,13.85,15.94,105.3075,4.770691897374917
2015-05-12,240.6,6.2086,1193.5,0.4,4976.19,13.86,15.63,104.8924,2.3642998376388675
2015-05-13,242.7,6.2043,1215.72998,0.41,4981.69,13.76,15.93,104.3608,0.1950241961836809
2015-05-14,247.15,6.2013,1221.52002,0.36,5050.8,12.74,16.21,104.2359,3.607887375182884
2015-05-15,247.45,6.2051,1223.84998,0.31,5048.29,12.38,15.48,104.0202,3.293827514652719
2015-05-18,249.2,6.2041,1225.73999,0.37,5078.44,12.73,15.81,104.6068,4.706181877955828
2015-05-19,247.75,6.2064,1207.51001,0.42,5070.03,12.85,15.88,105.3448,6.803157166749713
2015-05-20,244.25,6.2036,1209.28003,0.38,5071.74,12.88,15.25,105.5605,3.0588287778546146
2015-05-21,245.1,6.1958,1206.44995,0.35,5090.79,12.11,14.62,105.3808,4.775837117687729
2015-05-22,244.6,6.1972,1206.38,0.34,5089.36,12.13,14.19,105.8487,4.23547073480475
2015-05-25,244.2,6.1972,1207.17004,0.34,5089.36,12.13,14.19,105.8487,4.23547073480475
2015-05-26,242.5,6.2038,1187.30005,0.32,5032.75,14.06,15.22,106.7294,5.685106171652706
2015-05-27,241.1,6.2011,1188.15002,0.34,5106.59,13.27,14.08,106.908,4.218713681032682
2015-05-28,241.05,6.2002,1188.44995,0.33,5097.98,13.31,14.51,106.92,4.1433052553571486
2015-05-29,240.8,6.198,1190.5,0.32,5070.03,13.84,13.99,106.7388,3.568852379957264
2015-06-01,240.55,6.1985,1189.15002,0.39,5082.93,13.97,14.88,107.2238,3.568747119455992
2015-06-02,240.85,6.198,1193.38,0.44,5076.52,14.24,14.86,106.4507,3.0449542655970845
2015-06-03,241.15,6.1976,1185.5,0.55,5099.23,13.66,15.15,106.1443,4.930449145594537
2015-06-04,239.2,6.2006,1176.26001,0.5,5059.12,14.71,16.01,106.4725,4.7081319463726174
2015-06-05,238.35,6.2024,1172.0,0.55,5068.46,14.21,15.12,107.1336,4.639555837767432
2015-06-08,237.7,6.2053,1173.94995,0.54,5021.63,15.29,15.14,106.7693,3.491257423280331
2015-06-09,238.6,6.2047,1176.69995,0.56,5013.87,14.47,14.83,106.2238,3.865318058578623
2015-06-10,239.65,6.2055,1186.47998,0.63,5076.69,13.22,14.37,105.8037,2.933826068127388
2015-06-11,240.1,6.2065,1182.30005,0.56,5082.51,12.85,14.3,106.0934,4.179757573102705
2015-06-12,239.5,6.2081,1180.80005,0.55,5051.1,13.78,13.99,105.9015,3.8183310429694473
2015-06-15,239.75,6.208,1186.40002,0.51,5029.97,15.39,14.34,105.9989,2.9544199475943174
2015-06-16,240.55,6.2085,1181.85999,0.44,5055.55,14.81,14.36,106.0473,4.641573362644124
2015-06-17,238.65,6.2086,1185.44995,0.42,5064.88,14.5,13.58,106.058,2.0211781770540824
2015-06-18,240.3,6.2075,1201.42004,0.46,5132.95,13.19,13.53,105.102,0.5258620959056373
2015-06-19,242.55,6.2085,1200.51001,0.4,5117.0,13.96,13.26,105.4496,2.918884624399226
2015-06-22,242.55,6.2085,1185.44995,0.47,5153.97,12.74,13.85,105.3846,2.918884624399226
2015-06-23,237.85,6.2066,1178.43994,0.5,5160.09,12.11,13.89,105.9678,2.6962285079171124
2015-06-24,238.6,6.2061,1175.19995,0.48,5122.41,13.26,13.83,106.2522,4.111649502628325
2015-06-25,238.25,6.2084,1173.32996,0.49,5112.19,14.01,13.12,106.1515,4.048005894384858
2015-06-26,237.35,6.208,1175.069946,0.57,5080.51,14.02,13.22,106.4116,2.8158085177552152
2015-06-29,239.25,6.2085,1180.35999,0.46,4958.47,18.85,14.5,106.3785,3.6409850044207417
2015-06-30,238.05,6.2,1172.59998,0.48,4986.87,18.23,15.34,106.5191,4.310392688925703
2015-07-01,237.7,6.2008,1168.80005,0.54,5013.12,16.09,14.86,107.0101,4.687787546739088
2015-07-02,235.9,6.2044,1166.15002,0.49,5009.21,16.79,14.42,106.9106,3.281124822351188
2015-07-03,236.7,6.2044,1167.93994,0.49,5009.21,16.79,14.42,106.9106,3.281124822351188
2015-07-06,236.35,6.2089,1170.15002,0.43,4991.94,17.01,14.25,107.1343,2.763925790409445
2015-07-07,236.9,6.2097,1155.55005,0.4,4997.46,16.09,15.23,107.785,6.198659460028608
2015-07-08,231.7,6.2087,1158.28003,0.39,4909.76,19.66,15.78,107.4734,0.4908684790779318
2015-07-09,235.4,6.2086,1159.65002,0.47,4922.4,19.97,15.47,107.5595,3.9211273917083247
2015-07-10,235.2,6.2092,1163.95996,0.55,4997.7,16.83,14.42,107.213,2.8383627684344503
2015-07-13,235.15,6.2081,1158.0,0.58,5071.51,13.9,13.43,107.5849,4.019104763129548
2015-07-14,233.3,6.2088,1155.53003,0.56,5104.89,13.37,13.25,107.4843,2.636092392688965
2015-07-15,233.5,6.2082,1149.65002,0.52,5098.94,13.23,14.35,108.0149,4.03202198582153
2015-07-16,231.5,6.2094,1145.15002,0.52,5163.18,12.11,14.05,108.1726,2.886032626939084
2015-07-17,231.3,6.2085,1134.099976,0.51,5210.14,11.95,16.32,108.5374,4.9248428313212855
2015-07-20,225.65,6.2095,1096.94995,0.56,5218.86,12.25,19.73,108.6944,6.655008615589878
2015-07-21,223.05,6.2095,1101.41003,0.53,5208.12,12.22,19.56,108.3893,3.1645986372916184
2015-07-22,220.65,6.2093,1093.44995,0.53,5171.77,12.12,19.59,108.7817,2.360779348465627
2015-07-23,221.1,6.2091,1090.80005,0.49,5146.41,12.64,19.39,108.7565,3.3468021137492485
2015-07-24,219.3,6.2095,1099.099976,0.51,5088.63,13.74,19.27,109.0174,-0.1242223856478972
2015-07-27,223.7,6.2091,1094.42004,0.5,5039.78,15.6,20.06,108.6924,5.2241541831626535
2015-07-28,221.75,6.2084,1095.34998,0.51,5089.21,13.44,18.4,108.6881,3.1131644081212926
2015-07-29,221.85,6.2089,1096.68994,0.52,5111.73,12.5,17.22,108.604,2.928072613500092
2015-07-30,219.05,6.2096,1088.98999,0.51,5128.78,12.13,17.07,109.4328,1.640633147266385
2015-07-31,218.15,6.2097,1095.65002,0.46,5128.28,12.12,16.79,108.7819,-0.5925186616940152
2015-08-03,221.6,6.2087,1086.5,0.46,5115.38,12.56,17.58,109.214,4.719181121095687
2015-08-04,219.3,6.2086,1087.44995,0.52,5105.55,13.0,17.24,109.2244,2.2330538502098136
2015-08-05,219.15,6.2096,1085.050049,0.58,5139.94,12.51,17.74,109.842,2.527215288620283
2015-08-06,218.7,6.2096,1089.41003,0.56,5056.44,13.77,17.25,109.722,1.2067750482100053
2015-08-07,221.2,6.2087,1094.19995,0.52,5043.54,13.39,16.59,109.4376,2.7821618285723275
2015-08-10,221.55,6.2094,1104.51001,0.55,5101.8,12.23,16.41,109.1931,1.0492699826707792
2015-08-11,226.3,6.3232,1109.01001,0.49,5036.79,13.71,16.53,109.9464,0.8433119992284048
2015-08-12,235.45,6.3845,1125.30005,0.52,5044.39,13.61,16.8,109.4655,4.463835445367863
2015-08-13,234.25,6.3982,1115.050049,0.57,5033.56,13.49,15.84,109.9025,4.876674698609492
2015-08-14,232.85,6.3908,1114.10999,0.58,5048.24,12.83,15.59,109.9174,3.935115048402935
2015-08-17,232.85,6.3937,1117.66003,0.58,5091.7,13.02,15.4,110.1435,3.101485080103515
2015-08-18,232.45,6.3928,1118.01001,0.62,5059.35,13.79,15.84,110.2504,2.6618928118057568
2015-08-19,233.55,6.3956,1134.45996,0.55,5019.05,15.25,15.96,110.4333,0.2787565651454429
2015-08-20,236.95,6.3875,1153.16003,0.53,4877.49,19.14,16.87,110.1077,0.1338959723182142
2015-08-21,240.8,6.3887,1161.050049,0.52,4706.04,28.03,18.48,110.1443,2.3187857300207497
2015-08-24,240.0,6.4029,1155.050049,0.52,4526.25,40.74,21.26,109.9306,2.223866807847997
2015-08-25,239.5,6.4122,1140.65002,0.59,4506.49,36.02,20.2,110.3394,4.347169667593647
2015-08-26,236.8,6.4083,1125.55005,0.65,4697.54,30.32,20.03,110.5807,4.901262384779869
2015-08-27,234.75,6.4053,1125.70996,0.6,4812.71,26.1,18.74,110.4834,2.926893057437269
2015-08-28,235.25,6.389,1133.95996,0.58,4828.32,26.05,18.8,110.6714,2.322188517690961
2015-08-31,235.55,6.376,1134.5,0.58,4776.51,28.43,19.34,110.5621,2.9854333113636926
2015-09-01,236.75,6.363,1140.10999,0.6,4636.1,31.4,19.65,110.4506,3.511944270901978
2015-09-02,236.6,6.3544,1134.050049,0.64,4749.98,26.09,18.65,110.7979,4.915217536110077
2015-09-03,236.2,6.3549,1125.25,0.64,4733.5,25.61,18.57,110.8566,6.294966000610884
2015-09-04,236.2,6.3549,1123.0,0.62,4683.92,27.8,18.62,111.1018,6.294966000610884
2015-09-07,233.25,6.3549,1119.46997,0.62,4683.92,27.8,18.62,111.1018,6.294966000610884
2015-09-08,232.25,6.3657,1121.80005,0.67,4811.93,24.9,18.31,110.7942,2.6603210801035004
2015-09-09,232.9,6.3768,1106.099976,0.65,4756.53,26.23,17.8,110.9225,6.12879010539649
2015-09-10,229.8,6.377,1111.55005,0.64,4796.25,24.37,16.89,110.6331,1.9042754400630315
2015-09-11,229.6,6.3735,1107.90002,0.61,4822.34,23.2,17.38,110.6109,2.5772926689922144
2015-09-14,229.25,6.3664,1108.80005,0.62,4805.76,24.25,17.63,110.5005,2.2959710862121767
2015-09-15,229.3,6.3685,1105.40002,0.72,4860.52,22.54,17.69,110.6394,2.9672712919768003
2015-09-16,229.3,6.3694,1119.55005,0.73,4889.24,21.35,18.05,110.1021,0.0376311839503671
2015-09-17,231.95,6.3645,1131.40002,0.63,4893.95,21.14,16.63,110.1212,0.4392238079315973
2015-09-18,233.3,6.3628,1139.40002,0.58,4827.23,22.28,16.46,109.8165,0.2145129243975532
2015-09-21,235.7,6.3676,1133.30005,0.66,4828.95,20.14,16.59,110.6414,3.687480560708565
2015-09-22,234.45,6.375,1124.80005,0.63,4756.72,22.44,17.35,111.1967,3.9100183661002745
2015-09-23,233.6,6.3836,1130.40002,0.64,4752.74,22.13,17.34,111.6287,1.5996923924316775
2015-09-24,235.5,6.3818,1154.01001,0.64,4734.48,23.47,19.26,111.4454,-1.279175392415624
2015-09-25,237.2,6.3737,1146.23999,0.71,4686.5,23.62,18.33,111.3725,2.3135780776118224
2015-09-28,234.75,6.3685,1132.050049,0.71,4543.97,27.63,18.28,111.3914,2.9606278374941724
2015-09-29,232.25,6.3621,1127.45996,0.66,4517.32,26.83,17.67,111.5219,1.632448550291798
2015-09-30,231.0,6.3556,1115.0,0.65,4620.16,24.5,17.47,111.3311,3.164097288086566
2015-10-01,231.9,6.3559,1113.55005,0.59,4627.08,22.55,16.9,111.0439,4.349635481698186
2015-10-02,231.9,6.3559,1138.14001,0.51,4707.78,20.94,16.71,110.7006,4.349635481698186
2015-10-05,231.9,6.3559,1135.75,0.56,4781.26,19.54,16.68,110.4445,4.349635481698186
2015-10-06,231.9,6.3559,1147.10999,0.53,4748.36,19.4,17.54,110.1371,4.349635481698186
2015-10-07,231.9,6.3559,1145.40002,0.53,4791.15,18.4,17.13,109.8162,4.349635481698186
2015-10-08,234.9,6.3529,1138.95996,0.54,4810.79,17.42,16.91,109.6452,2.2670574088446926
2015-10-09,235.05,6.345,1157.53003,0.58,4830.47,17.08,16.92,109.0782,-1.081883561335502
2015-10-12,238.25,6.345,1164.0,0.58,4838.64,16.17,16.24,109.0782,-1.081883561335502
2015-10-13,236.45,6.3417,1168.80005,0.54,4796.61,17.67,17.14,109.4119,-1.856919706303188
2015-10-14,240.35,6.3462,1185.18994,0.5,4782.85,18.03,18.35,109.1244,-1.470129478290204
2015-10-15,241.65,6.3459,1183.10999,0.54,4870.1,16.05,17.9,108.6671,0.2656642969119218
2015-10-16,240.95,6.3523,1177.19995,0.56,4886.69,15.05,16.59,108.9956,0.529235700644648
2015-10-19,240.2,6.3591,1170.44995,0.59,4905.47,14.98,16.94,109.3858,0.9019056683331712
2015-10-20,239.95,6.348,1176.10999,0.6,4880.97,15.75,16.79,109.3368,-0.0855656604562113
2015-10-21,240.2,6.3487,1167.099976,0.59,4840.12,16.7,15.9,109.7746,1.977047032288965
2015-10-22,239.4,6.3577,1166.050049,0.57,4920.05,14.45,15.59,110.0342,1.053949024151649
2015-10-23,240.9,6.3488,1164.26001,0.58,5031.86,14.46,15.59,110.4329,3.252984342983922
2015-10-26,238.7,6.3517,1163.19995,0.59,5034.7,15.29,15.78,110.2089,1.1609088232835632
2015-10-27,238.95,6.3517,1166.94995,0.57,5030.15,15.43,15.3,110.4875,0.6451147808124631
2015-10-28,240.45,6.3581,1156.099976,0.63,5095.69,14.33,15.63,110.2334,4.122922423341407
2015-10-29,237.75,6.3552,1145.91003,0.67,5074.27,14.61,15.77,110.8083,3.612767127300799
2015-10-30,234.85,6.318,1142.38,0.63,5053.75,15.07,15.39,110.2079,2.800332277717928
2015-11-02,233.5,6.318,1133.75,0.65,5127.15,14.15,15.28,110.2188,3.2033292073239465
2015-11-03,232.55,6.318,1117.59998,0.65,5145.13,14.54,17.19,110.244,5.533854754609649
2015-11-04,229.25,6.3357,1107.43994,0.68,5142.48,15.51,18.02,110.7139,3.6674376562766327
2015-11-05,227.4,6.318,1103.94995,0.71,5127.74,15.05,17.82,110.8302,3.156561669908569
2015-11-06,227.8,6.318,1088.64001,0.75,5147.12,14.33,17.36,111.7603,6.66644322407447
2015-11-09,224.65,6.3619,1092.099976,0.76,5095.3,16.52,17.55,111.9112,1.272218164695289
2015-11-10,224.8,6.3603,1089.91003,0.77,5083.24,15.29,17.36,111.9919,1.9262152552285272
2015-11-11,227.2,6.3603,1086.14001,0.77,5067.02,16.06,17.89,111.9919,1.9262152552285272
2015-11-12,226.35,6.369,1085.050049,0.78,5005.08,18.37,18.47,111.7965,4.166523475460991
2015-11-13,225.3,6.3735,1083.64001,0.76,4927.88,20.08,18.29,112.0264,3.2484751318983456
2015-11-16,228.75,6.37,1082.84998,0.76,4984.62,18.16,18.5,112.2199,6.982212689890218
2015-11-17,224.5,6.3771,1070.37,0.72,4986.01,18.84,20.17,112.3141,5.043780378413999
2015-11-18,223.1,6.3834,1071.14001,0.71,5075.2,16.85,19.4,112.3663,3.268947551433115
2015-11-19,224.4,6.3825,1082.40002,0.68,5073.64,16.99,18.04,111.5749,2.2893652595367087
2015-11-20,225.9,6.3835,1078.099976,0.66,5104.92,15.47,17.26,111.7799,4.637081138907234
2015-11-23,222.95,6.389,1069.33997,0.64,5102.48,15.62,17.7,112.1125,3.295843126014745
2015-11-24,223.1,6.3883,1075.48999,0.62,5102.81,15.93,16.72,111.7638,2.206766019354717
2015-11-25,224.95,6.3877,1071.39001,0.62,5116.14,15.19,16.39,111.8936,4.919522179915418
2015-11-26,223.55,6.3877,1072.25,0.62,5116.14,15.19,16.39,111.8936,4.919522179915418
2015-11-27,222.95,6.3945,1058.81006,0.62,5127.52,15.12,17.16,112.2824,5.271573820631119
2015-11-30,219.15,6.3883,1064.42004,0.62,5108.67,16.13,16.91,112.34,0.5304060143713798
2015-12-01,224.15,6.3883,1069.48999,0.58,5156.31,14.67,16.62,112.1134,4.489096785988721
2015-12-02,222.9,6.3883,1053.68994,0.62,5123.22,15.91,17.36,112.3715,6.484244740881252
2015-12-03,220.0,6.3883,1062.56995,0.72,5037.53,18.11,17.76,111.6407,1.7603931523783274
2015-12-04,221.95,6.3883,1086.98999,0.68,5142.27,14.81,15.96,111.5463,-1.305201283360418
2015-12-07,227.55,6.4081,1070.39001,0.67,5101.81,15.84,16.23,112.3056,7.022849580240148
2015-12-08,225.3,6.4162,1074.68994,0.68,5098.24,17.6,16.12,112.5485,3.607084635877016
2015-12-09,226.3,6.427,1073.20996,0.69,5022.87,19.61,17.39,112.1918,4.539734662658589
2015-12-10,225.7,6.4363,1071.54004,0.73,5045.17,19.34,17.07,112.2672,3.964402416062484
2015-12-11,225.95,6.4538,1074.89001,0.67,4933.47,24.39,18.16,112.7147,2.9164138589547406
2015-12-14,226.95,6.4588,1062.90002,0.78,4952.23,22.73,19.05,112.7521,6.233403823492523
2015-12-15,224.85,6.46,1060.73999,0.8,4995.36,20.95,18.09,112.8609,4.541020772581845
2015-12-16,225.25,6.4723,1072.93994,0.84,5071.13,17.86,15.41,112.9864,1.98287013802306
2015-12-17,225.85,6.4822,1051.73999,0.77,5002.55,18.94,16.06,113.8177,6.659588529329483
2015-12-18,224.2,6.48,1066.18994,0.73,4923.08,20.7,15.06,113.2837,2.0735251273972324
2015-12-21,227.25,6.4793,1078.43994,0.75,4968.92,18.7,15.32,113.4144,2.5956716047390103
2015-12-22,228.75,6.4778,1072.35999,0.78,5001.11,16.6,15.17,113.211,5.41392710717443
2015-12-23,227.7,6.4763,1070.34998,0.76,5045.93,15.57,14.94,113.1847,4.834162538813956
2015-12-24,227.95,6.4758,1075.88,0.73,5048.49,15.74,15.02,113.0496,3.950009516613875
2015-12-25,228.35,6.4758,1075.88,0.73,5048.49,15.74,15.02,113.0496,3.950009516613875
2015-12-28,227.65,6.4778,1069.050049,0.74,5040.99,16.91,16.06,113.0461,5.00327511655604
2015-12-29,228.3,6.4778,1068.98999,0.79,5107.94,16.08,15.22,113.1664,5.665783361293734
2015-12-30,228.15,6.4896,1061.44995,0.77,5065.85,17.29,15.25,113.4707,6.683425642773329
2015-12-31,226.05,6.4778,1061.30005,0.73,5007.41,18.21,14.99,113.3429,5.017336026813695
2016-01-01,226.05,6.4778,1060.73999,0.73,5007.41,18.21,14.99,113.3429,5.017336026813695
2016-01-04,228.2,6.5338,1074.69995,0.69,4903.09,20.7,16.07,114.1595,2.441659835388293
2016-01-05,230.3,6.5219,1077.66003,0.69,4891.43,19.34,15.2,114.2649,4.332152341151357
2016-01-06,231.4,6.5554,1094.44995,0.65,4835.76,20.59,16.3,114.6177,0.7328017030237959
2016-01-07,236.6,6.5926,1109.25,0.66,4689.43,24.99,17.42,114.6516,1.4868599996785008
2016-01-08,236.8,6.5932,1104.23999,0.65,4643.63,27.01,17.62,115.0095,2.72746468828268
2016-01-11,237.45,6.5675,1094.26001,0.72,4637.99,24.3,16.43,115.0139,6.397140493031344
2016-01-12,234.6,6.57,1087.050049,0.69,4685.92,22.47,16.61,115.3128,4.98214921375407
2016-01-13,232.25,6.57,1093.48999,0.65,4526.06,25.22,16.99,115.1425,1.2718388830838876
2016-01-14,234.05,6.5891,1078.0,0.67,4615.0,23.95,16.16,115.3846,5.681816355072613
2016-01-15,232.6,6.584,1089.099976,0.67,4488.42,27.02,17.42,115.7404,2.058927709614693
2016-01-18,233.5,6.584,1088.90002,0.67,4488.42,27.02,17.42,115.7404,2.058927709614693
2016-01-19,233.2,6.5783,1087.12,0.68,4476.95,26.05,16.17,115.8155,3.2772743903419723
2016-01-20,233.8,6.5781,1101.02002,0.69,4471.69,27.59,16.56,116.3498,0.9445402105229732
2016-01-21,236.25,6.5794,1101.59998,0.74,4472.06,26.69,16.77,115.9833,3.225841676595905
2016-01-22,235.2,6.5788,1098.30005,0.72,4591.18,22.34,15.91,115.9833,2.8950706852926373
2016-01-25,235.8,6.579,1108.050049,0.69,4518.49,24.15,17.13,115.9833,1.4256925307120127
2016-01-26,238.9,6.5814,1120.56995,0.65,4567.67,22.5,17.26,115.9833,1.7910229096403611
2016-01-27,239.35,6.5773,1125.58997,0.62,4468.17,23.11,16.71,115.5087,1.3271758907839626
2016-01-28,238.8,6.5744,1115.14001,0.58,4506.68,22.42,15.41,115.2224,3.0909485509990877
2016-01-29,238.3,6.5752,1118.040039,0.53,4613.95,20.2,15.73,115.5731,1.9492078244313689
2016-02-01,239.9,6.5778,1128.84998,0.57,4620.37,19.98,16.81,115.3331,1.1696513754400826
2016-02-02,240.55,6.5795,1129.12,0.51,4516.95,21.98,16.2,115.553,1.7008338289903122
2016-02-03,241.45,6.5765,1142.93005,0.5,4504.24,21.65,17.84,114.6144,-0.210246397511554
2016-02-04,243.95,6.5638,1155.73999,0.51,4509.56,21.84,17.39,113.6012,0.0531348124166299
2016-02-05,245.9,6.571,1173.68994,0.53,4363.14,23.38,19.58,114.2935,-2.0565513765331787
2016-02-08,245.9,6.571,1191.14001,0.52,4283.75,26.0,20.38,114.4351,-2.0565513765331787
2016-02-09,245.9,6.571,1188.84998,0.53,4268.76,26.54,21.72,114.127,-2.0565513765331787
2016-02-10,245.9,6.571,1197.48999,0.5,4283.59,26.29,21.36,114.2877,-2.0565513765331787
2016-02-11,245.9,6.571,1246.89001,0.45,4266.84,28.14,28.37,114.1845,-2.0565513765331787
2016-02-12,245.9,6.571,1238.050049,0.49,4337.51,25.4,24.1,114.2992,-2.0565513765331787
2016-02-15,256.15,6.571,1209.94995,0.49,4337.51,25.4,24.1,114.2992,-2.0565513765331787
2016-02-16,253.1,6.5154,1200.34998,0.53,4435.96,24.11,24.84,114.4905,1.6569064673750518
2016-02-17,255.05,6.527,1209.14001,0.53,4534.06,22.31,24.53,113.8634,1.314669723021524
2016-02-18,254.85,6.5163,1232.34998,0.51,4487.54,21.64,26.37,113.8897,-3.331946555017936
2016-02-19,258.0,6.5202,1228.18994,0.5,4504.43,20.53,24.88,113.9558,0.5355973833169969
2016-02-22,256.2,6.5197,1208.73999,0.46,4570.61,19.38,23.31,113.8232,2.832304634430187
2016-02-23,256.3,6.5263,1227.45996,0.42,4503.58,20.98,23.69,114.177,-1.252106256466277
2016-02-24,258.45,6.529,1229.34998,0.39,4542.61,20.72,24.24,114.1716,0.3946036806147504
2016-02-25,261.5,6.532,1234.64001,0.32,4582.2,19.11,23.36,113.9222,2.2150788393589096
2016-02-26,261.85,6.539,1222.59998,0.35,4590.47,19.81,21.67,114.3708,4.818435410162863
2016-02-29,259.4,6.5525,1238.14001,0.32,4557.95,20.55,22.59,114.2418,-1.4359964481489556
2016-03-01,263.05,6.55,1232.26001,0.35,4689.6,17.7,21.97,113.9265,3.5517742215506587
2016-03-02,259.85,6.5499,1240.30005,0.33,4703.42,17.09,22.0,113.7965,-1.3373679005578083
2016-03-03,262.05,6.5312,1263.68994,0.3,4707.42,16.7,23.51,113.2482,-3.303151128586819
2016-03-04,265.6,6.5064,1259.43994,0.37,4717.02,16.86,22.31,112.6387,2.143474991046048
2016-03-07,265.65,6.5155,1267.39001,0.43,4708.25,17.35,22.08,112.6219,0.1596336375326927
2016-03-08,266.7,6.5044,1261.099976,0.37,4648.82,18.67,23.07,112.8465,2.977310145340539
2016-03-09,264.05,6.5105,1252.93994,0.39,4674.38,18.34,22.31,112.4268,1.7880205002652474
2016-03-10,261.9,6.507,1271.43994,0.45,4662.16,18.05,23.14,112.4191,-4.091277173951482
2016-03-11,265.75,6.494,1248.43994,0.44,4748.47,16.5,21.9,111.741,5.092229319529963
2016-03-14,262.5,6.4984,1235.28003,0.45,4750.28,16.92,21.14,112.1688,4.415098077322512
2016-03-15,257.85,6.511,1232.38,0.47,4728.67,16.84,19.7,112.5545,-0.1282397479383235
2016-03-16,259.45,6.5189,1263.079956,0.36,4763.97,14.99,20.03,112.7759,-5.275575101464483
2016-03-17,263.3,6.4745,1257.90002,0.34,4774.99,14.44,18.99,110.445,1.4557162541192952
2016-03-18,263.35,6.4682,1255.30005,0.27,4795.65,14.02,18.15,110.4002,2.301186091275895
2016-03-21,259.7,6.4812,1243.73999,0.28,4808.87,13.79,17.4,110.737,0.5353521890462503
2016-03-22,261.4,6.4876,1248.38,0.31,4821.66,14.17,17.62,110.7877,1.0116164418794824
2016-03-23,258.35,6.5035,1220.17004,0.3,4768.86,14.94,18.0,111.5473,3.22193225392644
2016-03-24,255.1,6.5124,1216.98999,0.34,4773.5,14.74,18.09,111.816,0.2886247246772768
2016-03-25,256.1,6.5131,1216.46997,0.34,4773.5,14.74,18.09,111.7698,1.3701283904705406
2016-03-28,255.05,6.5051,1221.050049,0.33,4766.79,15.24,17.53,111.3578,-0.324883011554931
2016-03-29,255.75,6.5063,1242.55005,0.2,4846.62,13.82,19.52,111.3736,-4.169410687382481
2016-03-30,258.6,6.4648,1224.84998,0.18,4869.29,13.56,18.58,110.2301,4.017391910749609
2016-03-31,256.15,6.448,1232.69995,0.16,4869.85,13.95,18.45,109.9191,0.6016122751458681
2016-04-01,257.2,6.4776,1222.48999,0.17,4914.54,13.1,18.04,110.2977,2.604820704293729
2016-04-04,257.2,6.4776,1215.40002,0.14,4891.8,14.12,17.95,110.3987,2.604820704293729
2016-04-05,258.9,6.476,1231.14001,0.14,4843.93,15.42,18.16,110.9478,2.566702951114792
2016-04-06,256.75,6.478,1222.34998,0.17,4920.72,14.09,17.82,110.5347,2.168259345732821
2016-04-07,256.45,6.4599,1240.68994,0.12,4848.37,16.16,19.32,110.8876,-1.229455476264718
2016-04-08,258.0,6.4628,1240.39001,0.14,4850.69,15.36,18.74,110.4213,0.2671867594322066
2016-04-11,260.55,6.458,1257.94995,0.17,4833.4,16.26,19.58,109.9758,-0.6373511694825424
2016-04-12,261.8,6.4639,1255.93994,0.22,4872.09,14.85,19.09,109.816,0.7917476114906776
2016-04-13,260.4,6.4768,1243.14001,0.21,4947.42,13.84,17.96,110.1436,1.536231717716646
2016-04-14,257.8,6.481,1227.39001,0.24,4945.89,13.72,17.83,110.1691,2.050175870561219
2016-04-15,257.2,6.473,1234.050049,0.2,4938.22,13.62,17.41,110.1933,0.3798361220763127
2016-04-18,257.35,6.4717,1231.55005,0.21,4960.02,13.35,17.3,109.9892,1.1015887734499188
2016-04-19,259.85,6.4571,1250.5,0.19,4940.33,13.24,17.42,109.2782,0.2456612599868322
2016-04-20,260.65,6.4675,1244.050049,0.23,4948.15,13.28,16.69,109.3926,1.9687039430449431
2016-04-21,264.0,6.481,1248.84998,0.24,4945.93,13.95,17.9,109.8533,3.778586963525015
2016-04-22,260.6,6.5004,1232.30005,0.25,4906.2,13.22,17.21,110.2331,3.058461426527572
2016-04-25,258.65,6.49,1237.90002,0.26,4895.79,14.08,17.66,110.1865,0.3520229298953268
2016-04-26,258.1,6.4905,1243.43994,0.27,4888.28,13.96,17.43,109.7496,-1.3739154940761864
2016-04-27,261.3,6.494,1246.099976,0.19,4863.14,13.77,16.43,109.8483,1.1307828976160297
2016-04-28,262.25,6.4735,1266.47998,0.12,4805.29,15.22,17.9,109.2148,-1.339568715096334
2016-04-29,266.45,6.4738,1293.73999,0.12,4775.36,15.7,20.23,108.8274,-2.825610373816403
2016-05-02,266.45,6.4738,1291.59998,0.2,4817.59,14.68,19.29,108.671,-2.825610373816403
2016-05-03,274.45,6.49,1286.0,0.17,4763.22,15.6,18.7,109.3613,6.115568183644939
2016-05-04,270.65,6.4945,1279.48999,0.16,4725.64,16.05,19.47,109.9952,3.488820709727122
2016-05-05,270.25,6.5032,1278.050049,0.13,4717.09,15.91,18.46,110.2417,3.031999496622632
2016-05-06,270.75,6.497,1288.69995,0.18,4736.16,14.72,18.65,110.3801,1.5621730625170471
2016-05-09,270.05,6.514,1263.84998,0.18,4750.21,14.57,18.65,110.9466,5.36214269390905
2016-05-10,267.6,6.515,1266.40002,0.15,4809.88,13.63,18.04,110.8225,2.3373726333049376
2016-05-11,268.9,6.491,1277.68994,0.14,4760.69,14.69,18.35,110.2806,2.2584516038388074
2016-05-12,268.1,6.514,1263.48999,0.15,4737.33,14.41,17.84,110.6935,3.487535330107562
2016-05-13,270.1,6.5285,1273.59998,0.13,4717.68,15.04,18.29,111.2521,2.776468261449679
2016-05-16,272.05,6.5184,1273.85999,0.15,4775.46,14.68,18.49,111.1217,5.08554394791588
2016-05-17,270.1,6.517,1280.0,0.15,4715.73,15.57,18.17,111.0867,1.9063883485781616
2016-05-18,270.2,6.537,1258.30005,0.26,4739.12,15.95,18.2,111.4995,5.7439925780056456
2016-05-19,265.95,6.544,1255.099976,0.29,4712.53,16.33,17.85,112.2331,1.8840832078705037
2016-05-20,266.1,6.5485,1252.30005,0.29,4769.56,15.2,17.0,112.1822,2.4419911770380054
2016-05-23,265.45,6.5533,1249.23999,0.3,4765.78,15.82,16.8,112.284,2.2434661222370096
2016-05-24,263.6,6.5552,1227.0,0.31,4861.06,14.42,16.66,112.2912,5.004330702332538
2016-05-25,259.7,6.5538,1224.18005,0.29,4894.89,13.9,15.98,112.2001,1.753749202179847
2016-05-26,260.7,6.554,1220.15002,0.25,4901.77,13.43,15.29,111.8979,3.5950686874467124
2016-05-27,259.5,6.5615,1212.40002,0.27,4933.5,13.12,15.39,112.0822,3.735769889883784
2016-05-30,256.45,6.5615,1205.57996,0.27,4933.5,13.12,15.39,112.0822,3.735769889883784
2016-05-31,258.95,6.5798,1215.23999,0.3,4948.05,14.19,15.83,112.4276,1.871661992958991
2016-06-01,259.35,6.5748,1213.34998,0.31,4952.25,14.2,15.92,112.462,2.8665351647242687
2016-06-02,259.65,6.5815,1210.94995,0.27,4971.36,13.63,16.05,112.4564,3.4130139397495327
2016-06-03,258.65,6.5638,1244.48999,0.19,4942.52,13.47,17.45,111.4451,-3.975858709212787
2016-06-06,264.4,6.5611,1245.23999,0.19,4968.71,13.65,17.76,111.2295,1.723963592875407
2016-06-07,264.85,6.571,1243.84998,0.15,4961.75,14.05,17.29,110.8378,2.0712703207034906
2016-06-08,266.55,6.56,1262.14001,0.12,4974.64,14.08,18.76,110.1916,0.3536405677817811
2016-06-09,266.55,6.559,1269.15002,0.12,4958.62,14.64,20.28,110.6168,0.3536405677817811
2016-06-10,266.55,6.559,1274.19995,0.12,4894.55,17.03,20.52,111.1027,0.3536405677817811
2016-06-13,274.15,6.5823,1284.050049,0.15,4848.44,20.97,21.11,111.5036,2.412007891951077
2016-06-14,273.35,6.593,1285.84998,0.17,4843.55,20.5,20.63,111.9826,0.7887474676483635
2016-06-15,275.0,6.5785,1291.48999,0.13,4834.93,20.14,20.68,111.7671,1.8453100385808625
2016-06-16,279.95,6.5899,1279.14001,0.15,4844.91,19.37,21.95,112.2347,8.93854624402394
2016-06-17,273.2,6.5849,1298.59998,0.2,4800.34,19.41,22.52,111.5332,-1.7256838716543257
2016-06-20,273.75,6.5768,1290.15002,0.24,4837.21,18.37,21.01,110.8693,0.9492331558827232
2016-06-21,273.2,6.5893,1268.43994,0.28,4843.76,18.48,20.65,111.0077,4.480039331843727
2016-06-22,269.6,6.575,1266.31006,0.25,4833.32,21.17,22.25,110.7681,1.913448824087311
2016-06-23,269.75,6.574,1255.65002,0.24,4910.04,17.25,20.1,110.262,4.357255405983267
2016-06-24,282.25,6.615,1315.97998,0.15,4707.98,25.76,22.2,112.1355,2.371286424357379
2016-06-27,284.65,6.6481,1324.80005,0.12,4594.44,23.85,22.52,113.1301,1.4856226017971608
2016-06-28,283.35,6.645,1312.51001,0.09,4691.87,18.75,20.18,112.7545,2.943324981111516
2016-06-29,284.3,6.635,1318.89001,0.1,4779.25,16.64,19.26,111.8597,2.9543245502917443
2016-06-30,283.0,6.6459,1322.18005,0.09,4842.67,15.63,18.5,112.1618,0.4891444919381911
2016-07-01,287.15,6.6547,1342.30005,0.03,4862.57,14.77,18.43,111.6509,-0.0396777769383334
2016-07-04,292.15,6.6547,1350.78003,0.03,4862.57,14.77,18.43,111.6509,-0.0396777769383334
2016-07-05,290.8,6.677,1356.14001,-0.03,4822.9,15.58,20.09,112.4231,-0.3230841149709818
2016-07-06,296.7,6.69,1363.89001,-0.05,4859.16,14.96,21.18,112.5438,3.3431698394070963
2016-07-07,295.7,6.679,1360.59998,-0.03,4876.81,14.76,20.55,112.5775,3.5320039088848603
2016-07-08,292.8,6.6878,1366.80005,-0.06,4956.76,13.2,18.79,112.3963,-1.086069876058957
2016-07-11,295.0,6.6917,1355.25,0.01,4988.64,13.54,18.93,112.5254,3.427462343466175
2016-07-12,293.6,6.686,1331.65002,0.07,5022.82,13.55,17.94,112.1102,7.348869621746758
2016-07-13,290.8,6.6832,1342.84998,0.03,5005.73,13.04,17.61,112.0266,2.262215302586526
2016-07-14,288.85,6.6801,1335.099976,0.08,5034.06,12.82,17.15,111.7692,2.1105221381002366
2016-07-15,288.95,6.6865,1337.84998,0.11,5029.59,12.67,16.91,112.2833,1.3446214647869397
2016-07-18,288.15,6.7013,1328.79004,0.1,5055.78,12.44,16.96,112.2463,1.860010286559316
2016-07-19,288.7,6.6931,1332.13,0.12,5036.37,11.97,16.71,112.638,2.041607761184423
2016-07-20,287.55,6.676,1315.94995,0.13,5089.93,11.77,17.21,112.6743,5.096839866896062
2016-07-21,284.6,6.6735,1331.089966,0.05,5073.9,12.74,17.77,112.6239,-0.9957975179963228
2016-07-22,286.3,6.676,1322.38,0.06,5100.16,12.02,17.61,112.989,2.4667053547028672
2016-07-25,284.8,6.6783,1315.56006,0.08,5097.63,12.87,17.74,113.1784,2.333243889015705
2016-07-26,285.2,6.669,1320.31995,0.07,5110.05,13.05,17.45,113.0593,2.106015511116084
2016-07-27,285.0,6.668,1339.85999,0.03,5139.81,12.83,16.93,113.217,-2.2405489195749624
2016-07-28,289.25,6.6538,1335.79004,0.0,5154.98,12.72,16.31,112.7393,3.491813038661178
2016-07-29,287.45,6.6371,1350.91003,-0.03,5162.13,11.87,15.8,111.874,-0.8173962773643098
2016-08-01,289.65,6.6421,1353.20996,0.05,5184.2,12.44,16.28,111.9757,0.6742938795955524
2016-08-02,291.15,6.6239,1363.68005,0.11,5137.73,13.37,16.45,111.7124,0.7363718489880284
2016-08-03,292.6,6.632,1357.90002,0.09,5159.74,12.86,16.18,111.9419,3.0636798868295045
2016-08-04,289.75,6.6388,1361.19995,0.04,5166.25,12.42,16.06,111.9149,-0.7875352632340196
2016-08-05,293.3,6.653,1335.80005,0.09,5221.12,11.39,15.6,112.3589,7.574029204108911
2016-08-08,287.05,6.6597,1335.38,0.08,5213.14,11.5,15.49,112.1456,1.1262233832205195
2016-08-09,286.8,6.653,1340.75,0.06,5225.48,11.66,14.41,111.722,0.0152410500426185
2016-08-10,290.9,6.6345,1346.67004,0.06,5204.58,12.05,14.89,111.3238,3.649935525583942
2016-08-11,288.5,6.6274,1338.87,0.1,5228.4,11.68,15.37,111.1954,3.2193390454450537
2016-08-12,288.25,6.6324,1336.18994,0.07,5232.89,11.55,15.01,111.1787,3.325597342549884
2016-08-15,287.7,6.637,1339.35999,0.1,5262.02,11.81,14.67,110.9212,1.9015447255132472
2016-08-16,289.0,6.624,1346.079956,0.13,5227.11,12.64,16.13,110.4295,2.330215938913625
2016-08-17,287.6,6.6328,1348.66003,0.09,5228.66,12.19,15.83,110.9459,-0.0008245690677881
2016-08-18,289.3,6.6297,1352.33997,0.06,5240.15,11.43,14.97,110.3134,1.049214747247163
2016-08-19,289.3,6.6515,1341.78003,0.1,5238.38,11.34,15.35,110.8163,2.3596277092610194
2016-08-22,286.7,6.6475,1339.02002,0.08,5244.6,12.27,15.82,110.9997,0.5220591589371111
2016-08-23,287.25,6.6378,1338.099976,0.07,5260.08,12.38,15.62,110.9414,1.6859952837204446
2016-08-24,287.4,6.6562,1323.75,0.08,5217.69,13.45,16.89,111.2958,4.1153294645297365
2016-08-25,284.75,6.656,1321.69995,0.09,5212.2,13.63,16.73,111.1726,1.9125422476570293
2016-08-26,284.8,6.669,1321.32996,0.15,5218.92,13.65,16.17,111.2035,1.4894560663591392
2016-08-29,283.9,6.6775,1323.41003,0.11,5232.33,12.94,15.95,111.8775,-0.2182013382739001
2016-08-30,284.65,6.6778,1311.15002,0.11,5222.99,13.12,15.99,112.2928,3.1512103603773767
2016-08-31,283.4,6.6776,1308.94995,0.11,5213.22,13.42,16.01,112.4036,2.3819735360971777
2016-09-01,282.75,6.6713,1313.79004,0.12,5227.21,13.48,16.25,112.1733,0.958963819120072
2016-09-02,283.15,6.679,1325.01001,0.13,5249.9,11.98,14.58,112.0009,-1.3755954085553412
2016-09-05,286.65,6.679,1327.079956,0.13,5249.9,11.98,14.58,112.0009,-1.3755954085553412
2016-09-06,286.95,6.6722,1349.88,0.06,5275.91,12.02,15.6,110.9613,-2.620927258990207
2016-09-07,290.85,6.66,1345.23999,0.03,5283.93,11.94,15.0,110.9717,2.802084704293748
2016-09-08,290.45,6.664,1338.34998,0.09,5259.48,12.51,14.97,111.2609,3.7052842374652073
2016-09-09,288.65,6.6778,1328.15002,0.17,5125.91,17.5,15.49,111.9879,3.5013767403668226
2016-09-12,287.5,6.6788,1327.63,0.17,5211.89,15.16,15.2,112.1516,2.4203387400131646
2016-09-13,287.45,6.6782,1319.050049,0.24,5155.25,17.85,15.78,112.5207,4.238141616480448
2016-09-14,286.0,6.6707,1322.96997,0.21,5173.77,18.14,15.32,112.4678,2.2655077763274107
2016-09-15,286.0,6.6707,1314.25,0.22,5249.69,16.3,15.07,112.4753,2.2655077763274107
2016-09-16,286.0,6.6707,1310.43005,0.19,5244.57,15.37,14.78,113.1765,2.2655077763274107
2016-09-19,284.55,6.665,1313.39001,0.2,5235.03,15.53,15.68,112.903,3.110791658495032
2016-09-20,284.85,6.67,1315.099976,0.2,5241.35,15.92,15.69,113.1848,2.8329652637163463
2016-09-21,285.35,6.6695,1336.84998,0.15,5295.18,13.3,14.69,112.9842,-1.3097309502145436
2016-09-22,287.7,6.663,1337.30005,0.08,5339.52,12.02,13.73,112.2592,1.2232294388091418
2016-09-23,288.15,6.669,1337.60999,0.05,5305.75,12.29,13.93,112.7166,1.3488032436864046
2016-09-26,288.1,6.6683,1337.96997,0.05,5257.49,14.5,14.98,112.7112,1.2517304820679556
2016-09-27,287.7,6.6691,1327.35999,0.04,5305.71,13.1,14.53,112.5515,3.092270666998843
2016-09-28,285.45,6.673,1321.41003,0.01,5318.55,12.39,13.98,112.6283,1.9523508547269444
2016-09-29,284.75,6.665,1320.27002,0.02,5269.15,14.02,13.86,112.2879,1.8365117012555172
2016-09-30,285.3,6.6685,1315.95996,0.0,5312.0,13.29,13.88,112.2795,3.1620093153503603
2016-10-03,285.3,6.6685,1311.95996,0.0,5300.87,13.57,14.16,112.5077,3.1620093153503603
2016-10-04,285.3,6.6685,1268.30005,0.07,5289.66,13.63,15.8,112.6579,3.1620093153503603
2016-10-05,285.3,6.6685,1266.69995,0.1,5316.02,12.99,15.21,112.7946,3.1620093153503603
2016-10-06,285.3,6.6685,1254.73999,0.11,5306.85,12.84,16.05,113.0066,3.1620093153503603
2016-10-07,285.3,6.6685,1256.96997,0.1,5292.4,13.48,15.72,113.2915,3.1620093153503603
2016-10-10,274.0,6.6685,1259.73999,0.1,5328.67,13.38,15.6,113.2915,3.1620093153503603
2016-10-11,273.9,6.719,1253.25,0.13,5246.79,15.36,15.63,113.4461,3.172051376854654
2016-10-12,273.3,6.718,1255.32996,0.15,5239.02,15.91,15.61,113.7442,2.16309671644666
2016-10-13,274.2,6.7248,1258.12,0.12,5213.33,16.69,15.63,113.6238,2.1854236339962085
2016-10-14,273.45,6.7277,1250.55005,0.13,5214.16,16.12,15.14,113.7119,2.9555035161637875
2016-10-17,273.7,6.735,1255.69995,0.09,5199.82,16.21,15.23,113.5488,1.7968648785506502
2016-10-18,275.2,6.7401,1262.83997,0.09,5243.84,15.28,14.73,113.1393,1.543733605639204
2016-10-19,275.2,6.737,1269.40002,0.08,5246.41,14.41,14.59,113.0547,0.2486943675148722
2016-10-20,277.25,6.7439,1266.0,0.08,5241.83,13.75,14.68,113.4033,2.7542872988570366
2016-10-21,276.3,6.7654,1266.75,0.07,5257.4,13.34,14.55,113.9015,0.7660424068031375
2016-10-24,277.05,6.7728,1264.43994,0.11,5309.83,13.02,14.95,113.8571,1.717679662031628
2016-10-25,277.9,6.778,1274.34998,0.07,5283.4,13.46,14.55,113.6801,0.1967137318951017
2016-10-26,279.2,6.7706,1266.98999,0.08,5250.27,14.24,14.48,113.8131,3.402021435079689
2016-10-27,278.25,6.7819,1268.30005,0.13,5215.97,15.36,15.0,114.1998,1.706070567781751
2016-10-28,278.5,6.776,1276.30005,0.13,5190.1,16.19,16.62,114.0931,0.4538270998440339
2016-10-31,279.65,6.7735,1277.38,0.11,5189.13,17.06,18.13,114.0188,1.471228157602809
2016-11-01,280.25,6.763,1288.15002,0.11,5153.58,18.56,19.02,113.9915,0.1606664761200136
2016-11-02,282.95,6.7606,1297.39001,0.11,5105.57,19.32,19.32,113.9206,0.9516750010126884
2016-11-03,283.75,6.7612,1303.75,0.14,5058.41,22.08,19.98,113.7664,0.3441292780555613
2016-11-04,282.4,6.7534,1304.25,0.11,5046.37,22.51,20.22,113.5828,-0.7874853312328582
2016-11-07,281.85,6.774,1281.41003,0.12,5166.17,18.71,18.53,113.5443,2.77299762984876
2016-11-08,281.2,6.784,1275.64001,0.15,5193.49,18.74,17.93,113.3017,2.9695170048386785
2016-11-09,291.65,6.7769,1278.0,0.25,5251.07,14.38,16.68,114.6956,13.196507627758876
2016-11-10,286.15,6.7987,1259.76001,0.27,5208.8,14.74,18.52,115.9375,10.787729516388763
2016-11-11,281.75,6.7987,1225.68005,0.27,5237.11,14.17,23.25,115.9375,10.787729516388763
2016-11-14,272.95,6.8447,1220.26001,0.4,5218.4,14.48,20.5,117.2245,4.417079574742388
2016-11-15,275.95,6.8556,1228.079956,0.41,5275.62,13.37,16.42,116.7724,5.265834348108683
2016-11-16,277.05,6.877,1225.30005,0.39,5294.58,13.72,15.77,116.8062,6.135522727345801
2016-11-17,276.5,6.8674,1216.39001,0.42,5333.97,13.35,17.5,116.8952,7.930972248332125
2016-11-18,273.45,6.8873,1208.68994,0.44,5321.51,12.85,17.03,117.5936,5.8077660468435965
2016-11-21,275.55,6.8918,1214.050049,0.42,5368.86,12.42,15.86,117.4762,6.545221512106366
2016-11-22,276.25,6.888,1212.23999,0.41,5386.35,12.41,15.43,117.4508,7.794390466667778
2016-11-23,276.6,6.9195,1187.77002,0.44,5380.68,12.43,18.53,118.0356,12.360456109762652
2016-11-24,273.7,6.9195,1184.0,0.44,5380.68,12.43,18.53,118.0356,12.360456109762652
2016-11-25,271.4,6.9176,1183.63,0.47,5398.92,12.34,18.47,118.02,8.153777291944607
2016-11-28,273.8,6.9055,1193.43994,0.47,5368.81,13.15,17.39,117.7278,8.836265832784079
2016-11-29,272.75,6.8933,1188.45996,0.44,5379.92,12.9,17.28,117.644,9.358065257350518
2016-11-30,271.05,6.8837,1173.10999,0.43,5323.68,13.33,19.18,117.7636,11.422072655392526
2016-12-01,269.25,6.883,1171.30005,0.48,5251.11,14.07,19.39,117.6642,10.049001908145383
2016-12-02,268.85,6.883,1176.92004,0.49,5255.65,14.12,18.44,117.3116,8.405335080617988
2016-12-05,268.75,6.8775,1170.26001,0.45,5308.89,12.14,17.56,117.1008,9.98609179754692
2016-12-06,268.15,6.879,1169.73999,0.44,5333.0,11.79,17.06,116.9225,9.444664870191446
2016-12-07,267.7,6.878,1174.0,0.42,5393.76,12.22,16.87,116.672,8.090245470766945
2016-12-08,269.75,6.8771,1170.55005,0.45,5417.36,12.64,16.48,117.0327,10.937012752423357
2016-12-09,269.5,6.9042,1157.87,0.51,5444.5,11.75,18.66,117.2834,12.481784879515205
2016-12-12,267.95,6.9045,1162.20996,0.51,5412.54,12.64,16.97,116.9161,9.95721240953594
2016-12-13,268.2,6.8984,1158.34998,0.53,5463.83,12.72,16.17,116.8029,11.291243685373049
2016-12-14,269.65,6.9025,1144.25,0.6,5436.67,13.19,18.21,116.7332,15.717625026122448
2016-12-15,266.95,6.941,1128.43005,0.7,5456.85,12.79,17.89,118.8072,15.131620169755848
2016-12-16,265.35,6.958,1134.089966,0.74,5437.16,12.2,17.55,118.3584,11.648712896362156
2016-12-19,266.6,6.9506,1139.050049,0.68,5457.44,11.71,16.05,118.3875,12.060116366987671
2016-12-20,265.25,6.947,1132.19995,0.67,5483.94,11.45,16.69,118.63,12.37192992267751
2016-12-21,264.85,6.939,1131.80005,0.64,5471.43,11.27,15.82,118.581,12.35235353095311
2016-12-22,263.3,6.9473,1128.68994,0.6,5447.42,11.43,15.28,118.8209,11.195007952095407
2016-12-23,263.55,6.9432,1133.48999,0.58,5462.69,11.44,16.36,118.7856,10.5222796930249
2016-12-26,264.75,6.9432,1133.93994,0.58,5462.69,11.44,16.36,118.7856,10.5222796930249
2016-12-27,266.1,6.9491,1139.34998,0.58,5487.44,11.99,16.68,118.9506,11.548038130178329
2016-12-28,267.3,6.9559,1142.44995,0.56,5438.56,12.95,16.04,119.2305,11.805679193499174
2016-12-29,268.75,6.9535,1158.31995,0.55,5432.09,13.37,15.68,118.6637,9.795934627132
2016-12-30,271.35,6.943,1151.84998,0.5,5383.12,14.04,16.23,118.3466,14.231205936952506
2017-01-02,268.05,6.943,1150.52002,0.5,5383.12,14.04,16.23,118.3466,14.231205936952506
2017-01-03,269.75,6.9575,1158.91003,0.47,5429.08,12.85,16.26,119.0903,10.514977133602372
2017-01-04,270.4,6.9322,1163.80005,0.47,5477.0,11.85,15.16,118.8803,11.017785567219107
2017-01-05,269.5,6.887,1180.47998,0.42,5487.94,11.67,14.98,117.9999,8.115730632886994
2017-01-06,268.85,6.9176,1172.81006,0.46,5521.06,11.32,14.55,118.3495,8.010195120934952
2017-01-09,269.75,6.935,1181.27002,0.43,5531.82,11.56,14.38,118.4111,6.367821508833458
2017-01-10,271.5,6.918,1187.73999,0.43,5551.82,11.49,14.32,118.5386,7.324416839905439
2017-01-11,271.85,6.9365,1191.84998,0.39,5563.65,11.26,14.96,119.0219,6.0513797074284525
2017-01-12,272.25,6.889,1195.66003,0.38,5547.49,11.54,14.6,117.8001,7.4276505322552
2017-01-13,271.25,6.8985,1197.66003,0.41,5574.12,11.23,14.63,117.9884,5.618874340347588
2017-01-16,272.95,6.8985,1203.17004,0.41,5574.12,11.23,14.63,117.9884,5.618874340347588
2017-01-17,274.6,6.852,1216.54004,0.36,5538.73,11.87,15.67,117.2656,6.600181520407659
2017-01-18,273.5,6.836,1203.64001,0.42,5555.65,12.48,15.25,117.7242,8.961182556303925
2017-01-19,270.7,6.868,1205.14001,0.43,5540.08,12.78,15.11,118.3182,4.591633138392751
2017-01-20,271.4,6.868,1209.95996,0.44,5555.33,11.54,14.38,118.3182,4.591633138392751
2017-01-23,272.75,6.8514,1217.47998,0.39,5552.94,11.77,15.15,117.2479,4.566601508769111
2017-01-24,272.35,6.8555,1208.81006,0.41,5600.96,11.07,14.65,117.0516,5.917046591862629
2017-01-25,269.6,6.8812,1200.31006,0.45,5656.34,10.81,14.47,116.9355,4.04874098181881
2017-01-26,267.6,6.8768,1188.56995,0.43,5655.18,10.63,14.74,117.2766,4.8142095854164495
2017-01-27,267.6,6.8768,1191.59998,0.41,5660.78,10.58,14.34,117.0735,4.8142095854164495
2017-01-30,267.6,6.8768,1195.34998,0.42,5613.71,11.88,15.19,116.7325,4.8142095854164495
2017-01-31,267.6,6.8768,1210.63,0.4,5614.79,11.99,15.27,116.2241,4.8142095854164495
2017-02-01,267.6,6.8768,1209.48999,0.43,5642.65,11.81,14.8,116.3914,4.8142095854164495
2017-02-02,267.6,6.8768,1215.93005,0.43,5636.2,11.93,15.04,115.903,4.8142095854164495
2017-02-03,271.6,6.865,1219.88,0.44,5666.77,10.97,15.04,115.6259,2.3545388782612804
2017-02-06,274.3,6.86,1235.58997,0.4,5663.55,11.37,15.74,116.0504,1.7857429485427474
2017-02-07,276.5,6.8821,1233.71997,0.4,5674.22,11.29,15.26,116.4082,3.521582602054366
2017-02-08,276.75,6.87,1241.98999,0.38,5682.45,11.45,15.2,116.1382,2.424884456733196
2017-02-09,278.2,6.866,1230.89001,0.41,5715.18,10.88,14.88,116.306,6.484893704567014
2017-02-10,275.25,6.8775,1234.12,0.4,5734.13,10.85,14.88,116.148,2.365588277846541
2017-02-13,276.4,6.8776,1225.43994,0.43,5763.96,11.07,14.61,116.3427,5.430953707974993
2017-02-14,276.0,6.8649,1228.60999,0.46,5782.57,10.74,14.21,116.3949,4.831651732088062
2017-02-15,274.95,6.8685,1232.93994,0.45,5819.44,11.97,13.71,116.2162,2.6832783162666374
2017-02-16,276.35,6.8517,1239.14001,0.43,5814.9,11.76,13.75,116.0067,3.3834333268924865
2017-02-17,277.45,6.864,1235.29004,0.41,5838.58,11.49,13.27,116.4035,4.843031827286268
2017-02-20,276.85,6.864,1238.38,0.41,5838.58,11.49,13.27,116.4035,4.843031827286268
2017-02-21,277.5,6.881,1235.96997,0.4,5865.95,11.57,13.72,116.5921,4.067448564630979
2017-02-22,277.2,6.8765,1237.68994,0.38,5860.63,11.74,13.26,116.2136,3.5660079280467016
2017-02-23,277.75,6.8622,1249.41003,0.35,5835.51,11.71,13.68,115.6527,2.099301272654259
2017-02-24,281.15,6.8645,1256.93994,0.31,5845.31,11.47,13.54,115.8143,3.7450707113347335
2017-02-27,282.15,6.8675,1252.76001,0.35,5861.9,12.09,14.44,115.6764,5.546744138923259
2017-02-28,281.2,6.8665,1248.58997,0.34,5825.44,12.92,14.3,116.0032,5.557611554808943
2017-03-01,279.15,6.8794,1248.93994,0.43,5904.03,12.54,14.41,116.438,2.912360402012609
2017-03-02,279.45,6.8868,1235.30005,0.48,5861.22,11.81,13.89,116.8429,5.935302800649424
2017-03-03,277.4,6.8954,1234.30005,0.45,5870.75,10.96,13.66,116.6438,3.7654391058883903
2017-03-06,277.45,6.8955,1225.95996,0.48,5849.17,11.24,13.24,116.4313,5.660429560017349
2017-03-07,276.4,6.9,1215.67004,0.49,5833.93,11.45,13.22,116.4303,6.715775523654884
2017-03-08,274.55,6.9113,1207.57996,0.56,5837.55,11.86,13.58,116.875,6.221761134663325
2017-03-09,273.25,6.9086,1200.82996,0.6,5838.81,12.3,13.62,116.9959,6.525873723021505
2017-03-10,271.05,6.905,1204.55005,0.57,5861.73,11.66,13.03,116.616,3.638998175446488
2017-03-13,273.65,6.905,1204.050049,0.61,5875.78,11.35,11.27,116.4004,6.349998767180523
2017-03-14,272.35,6.913,1199.079956,0.61,5856.82,12.3,11.57,116.5646,5.844952792193794
2017-03-15,272.5,6.9132,1219.40002,0.5,5900.05,11.63,11.23,116.3584,1.4708162019065298
2017-03-16,277.15,6.913,1226.78003,0.51,5900.76,11.21,11.12,115.4456,4.488391261755112
2017-03-17,277.05,6.9,1229.15002,0.49,5901.0,11.28,10.8,115.2783,4.375376951146961
2017-03-20,278.45,6.905,1233.90002,0.47,5901.53,11.34,11.35,115.0426,4.523283132123368
2017-03-21,277.35,6.883,1245.0,0.45,5793.83,12.47,12.13,114.8119,1.8396876557301312
2017-03-22,279.8,6.8785,1249.34998,0.43,5821.64,12.81,12.28,114.7937,3.5078194598679038
2017-03-23,279.75,6.8843,1245.30005,0.46,5817.69,13.12,12.58,114.7899,4.121240078608537
2017-03-24,278.95,6.8803,1244.17004,0.42,5828.74,12.96,12.06,114.6372,3.731354953236803
2017-03-27,282.0,6.8687,1254.30005,0.41,5840.37,12.5,12.51,114.2347,5.008318889031784
2017-03-28,281.2,6.8779,1251.63,0.45,5875.14,11.53,12.35,114.419,4.42774038291509
2017-03-29,280.6,6.8879,1252.44995,0.41,5897.55,11.42,11.65,114.7167,3.243753577410928
2017-03-30,280.6,6.887,1243.30005,0.46,5914.34,11.54,12.09,114.5245,5.305983431125128
2017-03-31,278.6,6.8832,1249.13,0.43,5911.74,12.37,12.41,114.7938,2.167713729966067
2017-04-03,278.6,6.8832,1253.34998,0.39,5894.68,12.38,12.61,114.8734,2.167713729966067
2017-04-04,278.6,6.8832,1256.21997,0.4,5898.61,11.79,12.41,115.0038,2.167713729966067
2017-04-05,281.25,6.892,1255.30005,0.37,5864.48,12.89,13.23,114.9494,3.097125095246497
2017-04-06,281.25,6.8955,1251.80005,0.39,5878.95,12.39,12.85,115.0181,3.731802859002983
2017-04-07,283.5,6.8978,1254.050049,0.44,5877.81,12.87,13.45,115.0547,5.390255823550433
2017-04-10,282.2,6.8988,1254.72998,0.44,5880.93,14.05,13.75,115.11,3.899127557220254
2017-04-11,282.75,6.8893,1274.43994,0.41,5866.77,15.07,15.2,115.009,0.4666853041618992
2017-04-12,285.85,6.889,1286.59998,0.38,5836.16,15.77,16.08,114.9162,0.8856949468709558
2017-04-13,287.15,6.8865,1287.73999,0.32,5805.15,15.96,16.2,114.5059,2.036702746153935
2017-04-14,287.7,6.8835,1285.68994,0.32,5805.15,15.96,16.2,114.5368,3.164603597987366
2017-04-17,287.2,6.88,1284.80005,0.38,5856.79,14.66,16.2,114.3283,3.0061200829488257
2017-04-18,286.45,6.8778,1289.64001,0.33,5849.47,14.42,15.67,114.2575,1.2767538772806688
2017-04-19,286.3,6.886,1279.66003,0.36,5863.03,14.93,14.5,114.7923,2.996224972109246
2017-04-20,286.1,6.88,1281.84998,0.39,5916.78,14.15,14.54,114.6205,2.558666632372649
2017-04-21,285.9,6.8845,1284.5,0.4,5910.52,14.63,15.31,114.8128,1.5866510199816162
2017-04-24,283.9,6.884,1275.30005,0.41,5983.82,10.84,12.29,114.3659,1.6434840387736926
2017-04-25,283.9,6.8824,1263.76001,0.44,6025.49,10.76,12.45,114.5111,4.262599295127529
2017-04-26,282.45,6.8918,1269.050049,0.42,6025.23,10.85,12.02,114.9479,1.2585222660408135
2017-04-27,282.85,6.8958,1264.59998,0.39,6048.94,10.36,11.53,114.9946,2.481921099426131
2017-04-28,283.2,6.89,1268.15002,0.37,6047.61,10.82,11.6,114.7877,2.2813368977767823
2017-05-01,283.2,6.89,1256.80005,0.41,6091.6,10.11,12.35,114.5921,2.2813368977767823
2017-05-02,283.9,6.8949,1256.90002,0.41,6095.37,10.59,12.38,114.6792,5.27540958740974
2017-05-03,283.3,6.8968,1238.38,0.46,6072.55,10.68,12.54,114.6637,8.705205716398439
2017-05-04,279.65,6.8959,1227.75,0.5,6075.34,10.46,12.41,114.9076,7.447796871734681
2017-05-05,278.8,6.9021,1227.73999,0.5,6100.76,10.57,12.01,114.7725,6.355285257961327
2017-05-08,278.5,6.904,1226.30005,0.53,6102.66,9.77,11.95,115.0895,6.299908524764078
2017-05-09,278.45,6.906,1221.30005,0.56,6120.59,9.96,12.1,115.3933,7.2812201102769905
2017-05-10,277.05,6.9011,1219.15002,0.56,6129.14,10.21,11.2,115.1145,6.550660600189758
2017-05-11,277.35,6.9033,1224.84998,0.51,6115.96,10.6,11.24,115.0669,5.499344384586948
2017-05-12,278.1,6.8972,1228.82996,0.49,6121.23,10.4,11.13,114.7479,5.607000816242589
2017-05-15,279.4,6.89,1230.70996,0.52,6149.67,10.42,11.28,114.3504,6.775002028710617
2017-05-16,280.0,6.884,1236.80005,0.51,6169.87,10.65,11.19,113.9923,6.26451864902657
2017-05-17,280.95,6.8773,1260.73999,0.44,6011.24,15.59,13.03,113.7506,2.1875734812159635
2017-05-18,283.25,6.888,1247.050049,0.43,6055.13,14.66,12.95,114.2683,7.085557493143881
2017-05-19,282.65,6.883,1255.55005,0.41,6083.7,12.04,12.04,113.7001,4.805030972398583
2017-05-22,283.3,6.8828,1260.45996,0.43,6133.62,10.93,12.32,113.5442,4.376605118780901
2017-05-23,285.2,6.888,1251.16003,0.46,6138.71,10.72,11.89,113.6862,8.125385032552572
2017-05-24,281.85,6.8883,1258.55005,0.45,6163.02,10.02,11.75,113.675,3.126695246033421
2017-05-25,283.3,6.8672,1255.76001,0.45,6205.26,9.99,11.2,113.3719,6.046470954329891
2017-05-26,283.35,6.8525,1267.050049,0.44,6210.19,9.81,11.59,113.4839,4.202622348851435
2017-05-29,283.35,6.8525,1266.96997,0.44,6210.19,9.81,11.59,113.4839,4.202622348851435
2017-05-30,283.35,6.8525,1263.099976,0.4,6203.19,10.38,11.62,113.5552,4.202622348851435
2017-05-31,281.65,6.8098,1268.58997,0.4,6198.52,10.41,11.82,113.2956,3.90492379616444
2017-06-01,281.85,6.8029,1265.64001,0.4,6246.83,9.89,11.81,113.3017,5.031557572974123
2017-06-02,280.85,6.8085,1279.97998,0.36,6305.8,9.75,12.09,113.1908,0.6646930785923928
2017-06-05,284.55,6.803,1279.94995,0.39,6295.68,10.07,12.44,112.9755,4.597598828106186
2017-06-06,286.3,6.7945,1294.0,0.37,6275.06,10.45,13.23,112.7095,3.628178500811828
2017-06-07,286.6,6.7935,1286.91003,0.4,6297.38,10.39,13.16,112.8191,5.518343954699674
2017-06-08,285.75,6.799,1278.90002,0.41,6321.76,10.16,12.62,112.8351,6.191711190701994
2017-06-09,282.5,6.797,1266.40002,0.43,6207.92,10.7,12.5,112.9562,5.755552078061953
2017-06-12,281.05,6.7974,1265.73999,0.46,6175.46,11.46,12.41,112.9837,4.433509636343217
2017-06-13,281.15,6.7981,1265.84998,0.46,6220.37,10.42,12.16,112.6271,4.480983682286592
2017-06-14,281.7,6.7888,1261.18005,0.44,6194.89,10.64,11.5,112.0734,6.42875646020542
2017-06-15,279.85,6.8061,1254.0,0.49,6165.5,10.9,11.03,112.8708,5.44842461459325
2017-06-16,279.35,6.8097,1253.63,0.49,6151.76,10.38,10.16,112.6155,4.884289999517705
2017-06-19,278.85,6.818,1243.25,0.52,6239.01,10.37,10.69,112.7576,6.325091227675387
2017-06-20,278.25,6.8285,1243.18994,0.5,6188.03,10.86,11.14,113.2698,5.318577321201815
2017-06-21,278.15,6.8275,1246.55005,0.5,6233.95,10.75,11.25,113.3327,4.520972193643786
2017-06-22,279.9,6.8275,1250.62,0.46,6236.69,10.48,11.24,113.1654,5.377581301139742
2017-06-23,280.45,6.8345,1256.90002,0.45,6265.25,10.02,10.86,112.8665,4.266188316748867
2017-06-26,280.6,6.8382,1244.44995,0.43,6247.15,9.9,11.05,112.7633,7.003856540582262
2017-06-27,279.4,6.81,1247.099976,0.5,6146.62,11.06,11.96,112.55,6.351923849084528
2017-06-28,278.75,6.7984,1249.31995,0.49,6234.41,10.03,11.38,112.0747,5.681800341440692
2017-06-29,278.15,6.784,1245.73999,0.55,6144.35,11.44,11.21,111.998,6.441025377851304
2017-06-30,275.5,6.7793,1241.59998,0.58,6140.42,11.18,11.0,111.9896,4.88162121902684
2017-07-03,274.6,6.7984,1220.45996,0.6,6110.06,11.22,11.93,112.4268,7.839828570289569
2017-07-04,272.6,6.7984,1223.96997,0.6,6110.06,11.22,11.93,112.4268,7.839828570289569
2017-07-05,272.4,6.7995,1226.94995,0.58,6150.86,11.07,11.88,112.6534,4.177896859678185
2017-07-06,272.85,6.799,1225.15002,0.61,6089.46,12.54,11.72,112.4199,5.041072195090578
2017-07-07,272.2,6.8039,1212.90002,0.66,6153.08,11.19,12.54,112.3137,6.877755041136879
2017-07-10,268.8,6.8026,1214.34998,0.66,6176.39,11.11,12.22,112.1587,3.211330752230481
2017-07-11,270.0,6.801,1217.68994,0.62,6193.3,10.89,12.3,112.1434,3.7434924706223
2017-07-12,271.0,6.7865,1220.0,0.57,6261.17,10.3,11.56,111.5904,4.807127815197646
2017-07-13,271.75,6.7825,1217.44995,0.58,6274.44,9.9,11.29,111.5365,6.270093048210072
2017-07-14,270.65,6.7741,1228.97998,0.57,6312.47,9.51,11.11,110.9075,2.9877342576237425
2017-07-17,273.0,6.769,1234.40002,0.54,6314.43,9.82,11.08,110.9304,4.359694716671697
2017-07-18,273.7,6.7451,1242.45996,0.51,6344.31,9.89,11.14,110.4356,4.260333203787354
2017-07-19,274.05,6.7511,1240.87,0.51,6385.04,9.79,11.08,110.4339,4.715762470461584
2017-07-20,274.2,6.757,1244.73999,0.5,6390.0,9.58,10.85,110.2512,3.78965671291013
2017-07-21,275.8,6.7663,1254.90002,0.48,6387.75,9.36,11.22,110.191,2.8072498167087474
2017-07-24,276.45,6.7488,1255.23999,0.48,6410.81,9.43,11.8,110.2004,4.089537527545076
2017-07-25,276.8,6.7495,1249.050049,0.52,6412.17,9.43,12.07,110.2835,5.754512973604278
2017-07-26,274.4,6.753,1261.099976,0.49,6422.75,9.6,11.63,110.3811,0.5977546601507697
2017-07-27,277.6,6.741,1259.0,0.49,6382.19,10.11,11.24,110.216,4.739421608500663
2017-07-28,277.25,6.7362,1269.25,0.47,6374.68,10.29,11.44,109.92,2.363834455929407
2017-07-31,278.05,6.724,1269.55005,0.48,6348.12,10.26,11.61,109.8177,3.5968183259118405
2017-08-01,278.0,6.717,1269.050049,0.47,6362.94,10.09,11.28,109.8495,3.940515403957818
2017-08-02,277.95,6.72,1266.69995,0.48,6362.65,10.28,11.24,109.7503,4.275858376066992
2017-08-03,276.9,6.715,1268.65002,0.46,6340.34,10.44,11.31,109.8332,3.00848025784876
2017-08-04,278.45,6.7272,1258.59998,0.47,6351.56,10.03,10.87,110.2808,6.234532754963254
2017-08-07,275.95,6.7207,1257.68994,0.46,6383.77,9.93,10.73,110.373,4.194191818991385
2017-08-08,275.7,6.7049,1260.64001,0.46,6370.46,10.96,11.1,110.396,3.947136076357936
2017-08-09,276.45,6.672,1277.55005,0.42,6352.33,11.11,12.31,110.3671,2.4032228334431807
2017-08-10,278.45,6.646,1286.90002,0.4,6216.87,16.04,13.43,110.1886,3.473308215474105
2017-08-11,279.85,6.6612,1289.20996,0.4,6256.56,15.51,13.45,110.0422,3.749709500474239
2017-08-14,279.75,6.6695,1281.94995,0.45,6340.23,12.33,12.11,110.095,4.8624409945826415
2017-08-15,277.85,6.6845,1272.13,0.49,6333.01,12.04,12.2,110.4846,4.454626971241169
2017-08-16,276.95,6.69,1283.099976,0.45,6345.11,11.74,12.58,110.4394,0.9701636651823264
2017-08-17,279.95,6.673,1288.01001,0.42,6221.91,15.55,13.34,110.1673,3.6180503245615223
2017-08-18,280.5,6.67,1284.5,0.43,6216.53,14.26,12.12,110.041,5.044986898580532
2017-08-21,279.7,6.663,1291.21997,0.43,6213.13,13.19,13.01,109.7349,3.0945163692188657
2017-08-22,279.1,6.66,1284.71997,0.45,6297.48,11.35,12.49,109.8386,4.010862115196062
2017-08-23,279.15,6.6569,1290.62,0.42,6278.41,12.25,12.68,109.8095,2.9261577314450165
2017-08-24,279.25,6.66,1286.32996,0.44,6271.33,12.23,12.76,109.7524,3.816124918417529
2017-08-25,279.05,6.6465,1291.15002,0.42,6265.64,11.28,12.63,109.3415,3.1444392775733263
2017-08-28,280.45,6.6084,1310.48999,0.41,6283.02,11.32,14.2,109.1815,2.016960312633614
2017-08-29,283.8,6.5945,1309.5,0.39,6301.89,11.7,13.5,109.0946,6.162507434854604
2017-08-30,280.35,6.5918,1308.76001,0.39,6368.31,11.22,12.78,109.4052,2.983008056392407
2017-08-31,279.9,6.5888,1322.069946,0.36,6428.66,10.59,13.26,109.3686,-0.1602652500458248
2017-09-01,281.8,6.5552,1324.96997,0.37,6435.33,10.13,12.73,109.0504,2.556726820325707
2017-09-04,284.2,6.5552,1334.67004,0.37,6435.33,10.13,12.73,109.0504,2.556726820325707
2017-09-05,283.65,6.5345,1339.32996,0.3,6375.57,12.23,14.3,108.8664,2.2716463221180447
2017-09-06,284.1,6.5221,1334.14001,0.32,6393.31,11.63,14.17,108.4897,4.343877402189492
2017-09-07,283.05,6.483,1349.19995,0.26,6397.87,11.55,14.49,107.9224,1.832025307441313
2017-09-08,283.7,6.4773,1346.70996,0.25,6360.19,12.12,13.77,107.808,3.247818608581042
2017-09-11,282.4,6.5254,1327.31995,0.31,6432.26,10.73,13.28,108.153,3.933152161975272
2017-09-12,281.1,6.5334,1331.93994,0.33,6454.28,10.58,11.56,108.3239,1.3213125855289718
2017-09-13,281.5,6.54,1323.25,0.35,6460.19,10.5,11.98,108.6628,3.265878438117909
2017-09-14,281.15,6.552,1329.82996,0.35,6429.08,10.44,12.19,108.618,1.0192784439050229
2017-09-15,282.45,6.55,1319.62,0.35,6448.47,10.17,12.06,108.3147,4.554875657080402
2017-09-18,279.85,6.5725,1307.56995,0.36,6454.64,10.15,12.69,108.6401,3.5465776721269435
2017-09-19,279.8,6.58,1311.28003,0.37,6461.32,10.18,12.27,108.6142,2.396408847878888
2017-09-20,280.05,6.57,1301.15002,0.43,6456.04,9.78,12.32,108.4329,5.2077593711318855
2017-09-21,277.5,6.5861,1291.39001,0.44,6422.69,9.67,12.19,108.9267,4.050910834439833
2017-09-22,277.95,6.5899,1297.38,0.42,6426.92,9.59,12.37,108.7542,3.07403870946996
2017-09-25,277.6,6.6189,1310.55005,0.38,6370.59,10.21,13.77,109.3302,-1.2882192018582828
2017-09-26,281.8,6.6371,1293.89001,0.4,6380.16,10.17,13.32,109.7769,5.699966712074229
2017-09-27,279.2,6.64,1281.12,0.44,6453.26,9.87,12.99,110.0722,5.705480090665105
2017-09-28,277.7,6.6591,1287.30005,0.44,6453.45,9.55,11.75,110.2415,2.095654413329669
2017-09-29,278.9,6.6533,1279.44995,0.49,6495.96,9.51,11.77,110.0867,5.214904999919611
2017-10-02,278.9,6.6533,1271.12,0.51,6516.72,9.45,11.72,110.3686,5.214904999919611
2017-10-03,278.9,6.6533,1271.75,0.49,6531.71,9.51,11.38,110.3281,5.214904999919611
2017-10-04,278.9,6.6533,1274.68994,0.48,6534.63,9.63,11.41,110.2425,5.214904999919611
2017-10-05,278.9,6.6533,1268.050049,0.49,6585.36,9.19,11.4,110.5823,5.214904999919611
2017-10-06,278.9,6.6533,1276.030029,0.5,6590.18,9.65,11.53,110.7841,5.214904999919611
2017-10-09,278.1,6.6533,1284.099976,0.5,6579.73,10.33,11.96,110.7841,5.214904999919611
2017-10-10,276.65,6.5712,1287.84998,0.47,6587.25,10.08,12.22,110.3034,4.567443741829663
2017-10-11,276.1,6.587,1291.80005,0.46,6603.55,9.85,12.13,110.3037,2.52670666162976
2017-10-12,277.1,6.5855,1293.59998,0.44,6591.51,9.91,11.82,110.3152,3.207908489719898
2017-10-13,277.2,6.5785,1304.88,0.43,6605.8,9.61,11.76,110.2669,1.213275676370813
2017-10-16,278.7,6.5885,1294.73999,0.46,6624.0,9.91,12.13,110.5432,4.441655308405814
2017-10-17,277.25,6.622,1285.18994,0.48,6623.66,10.31,11.64,110.9141,3.630382185927658
2017-10-18,276.15,6.625,1281.17004,0.5,6624.22,10.07,11.88,110.7214,3.262655649685712
2017-10-19,275.7,6.6126,1289.79004,0.49,6605.07,10.05,11.94,110.4577,1.4908075134952696
2017-10-20,276.05,6.6185,1280.71997,0.52,6629.05,9.97,11.49,111.0375,3.5261643723375187
2017-10-23,274.9,6.638,1282.069946,0.52,6586.83,11.07,11.69,111.2134,1.285123810889388
2017-10-24,275.8,6.6335,1276.71997,0.55,6598.43,11.16,11.73,111.4027,3.5116105584580737
2017-10-25,274.55,6.635,1277.41003,0.56,6563.89,11.23,12.02,111.3904,2.0528357242753827
2017-10-26,275.8,6.6392,1267.10999,0.57,6556.77,11.3,11.62,111.6418,5.328939006607016
2017-10-27,273.95,6.6498,1273.34998,0.54,6701.26,9.8,11.48,112.1495,1.7130267653479336
2017-10-30,274.3,6.6498,1276.23999,0.5,6698.96,10.5,11.74,111.901,1.445154548459186
2017-10-31,274.5,6.6328,1271.57996,0.5,6727.67,10.18,11.81,111.8052,3.336447387335852
2017-11-01,273.9,6.6018,1274.39001,0.49,6716.53,10.2,11.8,111.7942,3.4073555060362537
2017-11-02,274.0,6.6068,1275.98999,0.48,6714.94,9.93,10.95,111.5474,2.9626355255196586
2017-11-03,274.0,6.636,1269.84998,0.48,6764.44,9.14,10.65,111.9383,3.07471933126493
2017-11-06,273.4,6.6311,1281.55005,0.46,6786.44,9.4,10.94,111.7197,0.1803772387351614
2017-11-07,274.75,6.638,1275.53003,0.44,6767.78,9.89,10.98,111.9446,2.530849771247631
2017-11-08,274.8,6.6249,1281.30005,0.45,6789.12,9.78,11.32,111.6935,1.8890831821177585
2017-11-09,275.75,6.6378,1285.30005,0.46,6750.05,10.5,11.73,111.5626,1.4540309968331258
2017-11-10,280.85,6.6378,1276.14001,0.52,6750.94,11.29,11.68,111.5626,1.4540309968331258
2017-11-13,279.65,6.6385,1277.98999,0.52,6757.6,11.5,11.53,111.7833,6.885309575610449
2017-11-14,279.3,6.635,1280.70996,0.51,6737.87,11.59,11.61,111.5097,6.098894510264188
2017-11-15,279.8,6.62,1278.80005,0.48,6706.21,13.13,11.75,111.4809,7.623031780989265
2017-11-16,279.15,6.6273,1278.46997,0.53,6793.29,11.76,11.02,111.2568,6.74322802318062
2017-11-17,280.1,6.6245,1294.37,0.49,6782.79,11.43,10.62,111.0016,4.421890944749009
2017-11-20,281.65,6.6245,1276.69995,0.52,6790.71,10.65,11.18,111.2599,9.73530169353927
2017-11-21,279.9,6.6265,1280.47998,0.52,6862.48,9.73,10.84,110.9828,7.097884885302278
2017-11-22,279.95,6.6086,1292.12,0.48,6867.36,9.88,10.75,110.5632,5.411628691304827
2017-11-23,280.1,6.6086,1291.25,0.48,6867.36,9.88,10.75,110.5632,5.411628691304827
2017-11-24,280.45,6.5998,1288.21997,0.5,6889.16,9.67,10.58,110.0253,7.104744385487152
2017-11-27,280.45,6.5967,1294.5,0.49,6878.52,9.87,10.72,110.1136,5.901214493545751
2017-11-28,281.55,6.6044,1294.01001,0.5,6912.36,10.03,10.64,110.3018,6.784789973990087
2017-11-29,281.75,6.6091,1283.56995,0.53,6824.34,10.7,11.02,110.3265,9.007634782419984
2017-11-30,279.55,6.609,1274.76001,0.56,6873.97,11.28,11.79,110.4648,8.683733949877023
2017-12-01,277.75,6.6137,1280.26001,0.51,6847.59,11.43,11.39,110.1413,5.521613222402607
2017-12-04,277.55,6.6185,1276.22998,0.5,6775.37,11.68,11.38,110.397,5.981587357371382
2017-12-05,277.7,6.617,1266.55005,0.5,6762.21,11.33,12.28,110.4905,8.252456127123935
2017-12-06,276.05,6.6136,1263.93994,0.47,6776.38,11.02,11.67,110.8711,7.295898783609573
2017-12-07,274.15,6.6173,1246.69995,0.5,6812.84,10.16,12.99,111.0178,8.913368137508655
2017-12-08,272.35,6.6199,1248.14001,0.5,6840.08,9.58,11.7,111.2273,6.702659597826653
2017-12-11,272.55,6.6175,1241.95996,0.51,6875.08,9.34,11.46,111.0827,8.313819656951807
2017-12-12,271.9,6.621,1243.84998,0.51,6862.32,9.92,12.14,111.5214,7.121736538331675
2017-12-13,271.85,6.6171,1255.44995,0.48,6875.8,10.18,10.87,111.2759,4.759869817062452
2017-12-14,274.25,6.6091,1252.84998,0.48,6856.53,10.49,10.4,111.0893,8.03523951265936
2017-12-15,274.25,6.6088,1255.26001,0.47,6936.58,9.42,9.43,111.1286,7.535245901972473
2017-12-18,274.4,6.6088,1261.68994,0.5,6994.76,9.53,9.93,110.9086,6.319029193756364
2017-12-19,275.55,6.6088,1261.71997,0.55,6963.85,10.03,10.32,111.1255,7.462648488562422
2017-12-20,274.95,6.5771,1265.62,0.57,6960.96,9.72,9.79,110.8361,7.323871043451732
2017-12-21,274.7,6.5833,1266.76001,0.55,6965.36,9.62,9.64,110.8786,6.580297270950211
2017-12-22,274.9,6.575,1275.01001,0.54,6959.96,9.9,10.01,111.0997,5.374357684826464
2017-12-25,276.6,6.575,1275.23999,0.54,6959.96,9.9,10.01,111.0997,5.374357684826464
2017-12-26,276.5,6.5429,1283.29004,0.53,6936.25,10.25,11.17,110.9758,6.5484381913288985
2017-12-27,277.15,6.556,1287.41003,0.48,6939.34,10.47,10.73,110.8553,5.789537136335127
2017-12-28,278.05,6.5322,1294.83997,0.47,6950.16,10.18,10.43,110.5154,6.114248331088163
2017-12-29,277.8,6.5063,1302.55005,0.44,6903.39,11.04,10.96,110.0783,5.329654530358255
2018-01-01,277.8,6.5063,1306.85999,0.44,6903.39,11.04,10.96,110.0783,5.329654530358255
2018-01-02,279.4,6.491,1318.14001,0.46,7006.9,9.77,11.96,109.6445,4.316912729757064
2018-01-03,280.35,6.501,1312.83997,0.46,7065.53,9.15,11.56,109.6751,5.95089234426996
2018-01-04,279.0,6.4915,1322.96997,0.45,7077.91,9.22,11.8,109.4777,2.8876795133988367
2018-01-05,279.85,6.4875,1320.20996,0.46,7136.56,9.22,11.26,109.3496,4.48349412445549
2018-01-08,280.2,6.497,1320.57996,0.47,7157.39,9.52,11.19,109.5681,4.352973134213187
2018-01-09,280.55,6.5263,1312.66003,0.52,7163.58,10.08,10.79,109.9025,5.120766833668256
2018-01-10,279.95,6.5055,1317.18994,0.52,7153.57,9.82,10.79,109.628,4.451128340218929
2018-01-11,280.85,6.4956,1322.42004,0.54,7211.78,9.88,10.96,109.4888,4.678134717186197
2018-01-12,281.55,6.4607,1338.40002,0.54,7261.06,10.16,11.62,108.901,3.542669339013287
2018-01-15,282.05,6.4607,1340.16003,0.54,7261.06,10.16,11.62,108.901,3.542669339013287
2018-01-16,281.85,6.4395,1338.60999,0.51,7223.69,11.66,12.09,108.3218,4.711445477036364
2018-01-17,280.8,6.433,1327.72998,0.53,7298.28,11.91,11.77,108.1526,6.19145236581096
2018-01-18,279.25,6.4175,1327.18994,0.57,7296.05,12.22,12.26,108.0655,5.414533253492323
2018-01-19,278.35,6.399,1331.80005,0.58,7336.38,11.27,11.43,107.9455,4.355481056794247
2018-01-22,278.5,6.4035,1334.10999,0.6,7408.03,11.03,11.66,108.107,3.837234685324802
2018-01-23,279.4,6.4,1341.39001,0.57,7460.29,11.1,11.72,107.9979,3.3893882038998413
2018-01-24,280.7,6.365,1358.15002,0.58,7415.06,11.47,13.38,107.0802,2.7690636970115747
2018-01-25,281.75,6.3189,1348.050049,0.56,7411.16,11.58,13.04,106.5052,7.883925293741868
2018-01-26,279.95,6.3199,1350.14001,0.57,7505.77,11.08,12.98,106.6911,5.615926689954506
2018-01-29,278.7,6.3328,1340.34998,0.61,7466.51,13.84,13.25,107.1142,5.799253995723973
2018-01-30,276.35,6.3199,1338.55005,0.63,7402.48,14.79,13.86,107.1064,4.370883148359553
2018-01-31,276.6,6.2841,1345.099976,0.61,7411.48,13.54,12.97,106.7696,4.838212446136311
2018-02-01,276.05,6.2969,1349.18994,0.67,7385.86,13.47,12.32,106.4877,2.9066517213175302
2018-02-02,276.4,6.2984,1332.97998,0.7,7240.95,17.31,13.11,107.1151,6.474071855836144
2018-02-05,274.0,6.285,1339.59998,0.67,6967.53,37.32,14.35,107.33,3.3106603983474656
2018-02-06,276.0,6.283,1325.02002,0.69,7115.88,29.98,13.8,107.5204,8.341994127348983
2018-02-07,272.3,6.2649,1318.48999,0.74,7051.98,27.73,13.62,107.7175,6.728346059093042
2018-02-08,271.7,6.3222,1318.96997,0.76,6777.16,33.46,14.85,108.3025,3.6018134829199084
2018-02-09,273.05,6.2966,1316.68994,0.78,6874.49,29.06,14.93,108.2582,6.498972745703895
2018-02-12,272.9,6.325,1322.88,0.79,6981.96,25.61,14.37,108.0332,3.887959554390932
2018-02-13,274.25,6.338,1329.55005,0.78,7013.51,24.97,14.07,107.7574,3.3258848071760667
2018-02-14,276.1,6.3438,1350.76001,0.82,7143.62,19.26,14.97,107.4691,0.6020222342180546
2018-02-15,276.1,6.3438,1353.30005,0.79,7256.43,19.13,15.03,106.9867,0.6020222342180546
2018-02-16,276.1,6.3438,1347.85999,0.78,7239.47,19.46,13.96,107.0359,0.6020222342180546
2018-02-19,276.1,6.3438,1346.68994,0.78,7239.47,19.46,13.96,107.0359,0.6020222342180546
2018-02-20,276.1,6.3351,1329.48999,0.78,7234.31,20.6,14.08,107.6249,0.6020222342180546
2018-02-21,276.1,6.3351,1324.26001,0.82,7218.23,20.02,13.83,107.8679,0.6020222342180546
2018-02-22,273.65,6.3471,1331.51001,0.81,7210.09,18.72,13.47,107.8668,1.9369392682174291
2018-02-23,274.6,6.3329,1328.93994,0.76,7337.39,16.49,11.97,107.6804,4.018112237336652
2018-02-26,275.85,6.3115,1333.16003,0.73,7421.46,15.8,11.89,107.7347,5.3261191073352165
2018-02-27,274.4,6.3169,1318.19995,0.77,7330.35,18.59,11.76,108.1731,6.682950016718337
2018-02-28,272.05,6.328,1318.050049,0.75,7273.01,19.85,11.74,108.3903,3.893017342999997
2018-03-01,271.7,6.3565,1316.55005,0.71,7180.56,22.47,12.07,108.5358,2.6418427885928963
2018-03-02,272.7,6.3428,1322.19995,0.74,7257.87,19.59,11.97,108.5358,3.069577608307725
2018-03-05,273.65,6.3491,1320.01001,0.75,7330.7,18.73,11.89,108.3614,4.198795007282115
2018-03-06,273.3,6.3093,1334.45996,0.76,7372.01,18.36,12.33,107.7969,2.606726714742706
2018-03-07,274.5,6.3225,1325.54004,0.76,7396.65,17.76,12.37,108.0911,5.053574263346548
2018-03-08,274.0,6.3389,1322.34998,0.75,7427.95,16.54,11.57,108.2671,4.504789228800632
2018-03-09,272.55,6.3285,1323.69995,0.78,7560.81,14.64,10.94,107.923,3.2222673147716705
2018-03-12,272.5,6.327,1323.050049,0.77,7588.32,15.78,11.01,107.9438,3.3683054954266254
2018-03-13,272.3,6.318,1326.39001,0.75,7511.01,16.35,10.7,107.7384,2.8726981471538693
2018-03-14,272.75,6.314,1325.0,0.74,7496.81,17.23,10.41,107.8623,3.7754472969280073
2018-03-15,272.5,6.3202,1316.26001,0.74,7481.74,16.59,10.4,108.2032,5.03728631176557
2018-03-16,271.35,6.33,1314.0,0.77,7481.99,15.8,9.88,108.4332,3.932506791840126
2018-03-19,270.05,6.3291,1316.93994,0.77,7344.24,19.02,10.99,108.3145,2.072294138794689
2018-03-20,271.2,6.3328,1311.20996,0.81,7364.3,18.2,11.01,108.4953,4.232281425305871
2018-03-21,271.15,6.32,1332.17004,0.8,7345.29,17.86,10.91,108.4953,0.4629502210361806
2018-03-22,273.5,6.331,1328.94995,0.75,7166.68,23.34,11.24,107.9935,2.9972548603855103
2018-03-23,276.5,6.311,1347.21997,0.75,6992.67,24.87,13.46,107.7495,3.144743174562336
2018-03-26,276.15,6.2685,1353.45996,0.77,7220.54,21.03,12.95,107.1819,3.37800458919412
2018-03-27,275.8,6.2781,1344.70996,0.71,7008.81,22.5,12.22,107.3359,4.376411018824285
2018-03-28,274.2,6.2946,1324.98999,0.72,6949.23,22.87,11.74,107.5733,6.05390740418278
2018-03-29,271.05,6.2876,1325.0,0.69,7063.44,19.97,11.06,107.665,3.2000795730384084
2018-03-30,271.55,6.2726,1325.0,0.69,7063.44,19.97,11.06,107.4784,3.2000795730384084
2018-04-02,271.75,6.2785,1341.34998,0.68,6870.12,23.62,12.86,107.7033,0.9873575504363998
2018-04-03,273.75,6.2881,1332.82996,0.71,6941.28,21.1,11.8,107.5624,4.295820519362792
2018-04-04,273.4,6.3045,1333.34998,0.71,7042.11,20.06,12.0,107.6361,3.1376517462664424
2018-04-05,273.4,6.3045,1326.55005,0.75,7076.55,18.94,11.55,107.7281,3.1376517462664424
2018-04-06,273.4,6.3045,1333.19995,0.7,6915.11,21.49,11.95,107.7886,3.1376517462664424
2018-04-09,272.55,6.3035,1336.23999,0.71,6950.34,21.77,12.39,107.5316,1.7448244742553245
2018-04-10,272.7,6.2798,1340.050049,0.72,7094.3,20.47,12.78,107.3659,2.143750776915794
2018-04-11,274.3,6.2655,1353.29004,0.68,7069.03,20.24,14.36,107.1224,1.6927774809908556
2018-04-12,275.2,6.2876,1335.47998,0.7,7140.25,18.49,12.88,107.2905,5.23154235864132
2018-04-13,273.15,6.2725,1345.45996,0.69,7106.65,17.41,13.36,107.2368,1.8172689858054696
2018-04-16,274.25,6.2752,1345.91003,0.71,7156.28,16.56,13.43,107.0595,2.709671089877361
2018-04-17,274.65,6.2804,1347.29004,0.68,7281.1,15.25,13.07,107.0344,2.6060060052405447
2018-04-18,274.5,6.2722,1349.31995,0.71,7295.24,15.6,13.46,107.1096,2.401857013197855
2018-04-19,275.2,6.2765,1345.59998,0.75,7238.06,15.96,12.88,107.5197,3.665983748774238
2018-04-20,273.85,6.2945,1335.12,0.79,7146.13,16.88,12.14,108.1787,3.658129631713507
2018-04-23,272.55,6.3158,1325.0,0.8,7128.6,16.34,12.13,108.9332,3.4987678235568183
2018-04-24,271.85,6.3035,1330.68005,0.83,7007.35,18.02,12.24,108.7906,2.171613478386746
2018-04-25,271.6,6.3236,1323.32996,0.86,7003.74,17.84,11.97,109.3447,2.5560231145690864
2018-04-26,271.9,6.334,1317.28003,0.82,7118.68,16.24,11.49,109.3646,3.6455685045091855
2018-04-27,271.15,6.3325,1322.80005,0.79,7119.8,15.41,10.99,109.1735,1.8352503215072036
2018-04-30,271.15,6.3325,1315.35999,0.78,7066.27,15.93,11.15,109.3363,1.8352503215072036
2018-05-01,271.15,6.3325,1303.96997,0.81,7130.7,15.49,11.88,109.7445,1.8352503215072036
2018-05-02,270.4,6.361,1304.84998,0.8,7100.9,15.97,11.64,110.1625,3.544156677544322
2018-05-03,274.15,6.352,1312.089966,0.78,7088.15,15.9,11.46,110.1803,6.193163501470849
2018-05-04,274.3,6.3589,1315.050049,0.79,7209.62,14.77,10.99,110.25,5.446920552796314
2018-05-07,275.15,6.364,1314.30005,0.78,7265.21,14.75,11.32,110.5721,6.234748719597462
2018-05-08,274.95,6.369,1314.46997,0.81,7266.9,14.71,11.5,111.063,5.788676067645099
2018-05-09,274.6,6.3585,1312.78003,0.82,7339.91,13.42,11.39,110.8818,6.227893299628704
2018-05-10,274.8,6.344,1321.39001,0.8,7404.97,13.23,11.42,110.405,5.283764739016476
2018-05-11,275.2,6.3333,1318.21997,0.82,7402.88,12.65,11.04,110.2847,6.783823814008031
2018-05-14,275.15,6.336,1312.81995,0.85,7411.32,12.93,11.15,110.408,7.719414914720176
2018-05-15,273.8,6.376,1290.64001,0.9,7351.63,14.63,11.91,111.2292,9.227823114440469
2018-05-16,271.25,6.3706,1291.030029,0.92,7398.3,13.42,11.77,111.3068,6.822012707656711
2018-05-17,269.85,6.3645,1291.0,0.95,7382.47,13.43,11.64,111.3547,5.681353384667375
2018-05-18,270.3,6.3768,1292.5,0.91,7354.34,13.42,11.11,111.7171,5.313294323789933
2018-05-21,269.5,6.3815,1292.68005,0.9,7394.04,13.08,11.62,111.6394,4.281045892745226
2018-05-22,270.25,6.366,1291.31995,0.91,7378.46,13.22,10.9,111.1945,5.95360886395423
2018-05-23,270.5,6.3875,1293.75,0.87,7425.96,12.58,11.18,111.6933,4.811954442426099
2018-05-24,272.25,6.3757,1304.88,0.86,7424.43,12.53,10.99,111.4885,4.771310592055556
2018-05-25,273.55,6.3903,1301.60999,0.84,7433.85,13.22,10.31,111.5843,6.130631790730945
2018-05-28,272.35,6.3903,1298.10999,0.84,7433.85,13.22,10.31,111.5843,6.130631790730945
2018-05-29,273.25,6.4162,1298.85999,0.73,7396.59,17.02,12.33,112.2127,5.3140613487871065
2018-05-30,274.15,6.4175,1301.47998,0.78,7462.45,14.94,10.87,111.6731,5.619198911697993
2018-05-31,274.5,6.4096,1298.31995,0.76,7442.12,15.43,10.92,111.9894,6.950960453968207
2018-06-01,273.85,6.418,1293.14001,0.8,7554.33,13.46,10.58,111.8265,7.019174395807568
2018-06-04,272.4,6.405,1291.97998,0.82,7606.46,12.74,10.54,111.8247,6.348534026717232
2018-06-05,271.9,6.4042,1296.13,0.79,7637.86,12.4,10.46,112.264,5.027276801646053
2018-06-06,272.4,6.385,1297.0,0.83,7689.24,11.64,10.31,111.7525,6.148774253701333
2018-06-07,272.15,6.389,1297.12,0.8,7635.07,12.13,10.55,112.0725,5.7073269889240805
2018-06-08,272.1,6.4031,1298.75,0.82,7645.51,12.18,10.69,112.1066,4.733751024804292
2018-06-11,272.7,6.4,1300.14001,0.83,7659.93,12.35,10.54,112.1106,5.177178966997246
2018-06-12,272.4,6.3992,1295.96997,0.83,7703.79,12.34,10.52,112.2138,5.768558778786883
2018-06-13,272.1,6.3944,1299.70996,0.86,7695.7,12.94,10.6,112.2577,4.899673084250992
2018-06-14,273.35,6.398,1302.21997,0.82,7761.04,12.12,9.83,112.8593,5.48293140450437
2018-06-15,273.65,6.4379,1279.83997,0.81,7746.38,11.98,10.65,113.3379,8.74470822052183
2018-06-18,273.65,6.4379,1278.31006,0.8,7747.03,12.31,9.82,113.4899,8.74470822052183
2018-06-19,271.4,6.4802,1274.76001,0.77,7725.59,13.35,10.99,113.639,5.812531811468148
2018-06-20,270.2,6.4713,1268.099976,0.81,7781.51,12.79,11.08,113.4784,6.3629599662803
2018-06-21,269.45,6.49,1267.19995,0.79,7712.95,14.64,11.22,113.6109,5.038352580899243
2018-06-22,270.55,6.5027,1269.28003,0.78,7692.82,13.77,10.67,113.3047,5.186061823235377
2018-06-25,271.15,6.536,1266.0,0.77,7532.01,17.33,10.83,113.286,5.116402494896079
2018-06-26,271.25,6.5759,1258.98999,0.76,7561.63,15.92,10.97,113.3016,5.074416054752703
2018-06-27,271.6,6.5992,1252.02002,0.72,7445.08,17.91,11.01,113.8971,5.96010365444414
2018-06-28,270.9,6.6235,1248.28003,0.74,7503.68,16.85,11.03,113.8405,5.078379323709555
2018-06-29,271.4,6.6171,1253.0,0.74,7510.3,16.09,10.75,113.2586,4.831083318597564
2018-07-02,272.1,6.6632,1241.96997,0.73,7567.69,15.6,11.75,114.1673,6.036878354397402
2018-07-03,271.9,6.6368,1252.93005,0.71,7502.67,16.14,11.41,113.3222,4.552397452376738
2018-07-04,272.65,6.6368,1256.94995,0.71,7502.67,16.14,11.41,113.3222,4.552397452376738
2018-07-05,272.75,6.6341,1257.76001,0.71,7586.43,14.97,11.32,112.9759,4.480972966354273
2018-07-06,273.25,6.6396,1254.98999,0.7,7688.39,13.37,10.65,112.6428,5.349875010722258
2018-07-09,273.1,6.6123,1257.76001,0.73,7756.2,12.69,10.55,112.6425,5.712519037310926
2018-07-10,272.0,6.6296,1255.65002,0.74,7759.2,12.64,10.69,112.5794,4.362680322407471
2018-07-11,272.85,6.6764,1242.16003,0.74,7716.61,13.63,11.25,112.8582,6.219002707348068
2018-07-12,271.9,6.663,1247.14001,0.75,7823.92,12.58,10.82,112.779,4.737337063995994
2018-07-13,271.7,6.69,1241.52002,0.72,7825.98,12.18,10.99,113.0705,4.663527133602315
2018-07-16,272.05,6.6866,1240.81995,0.75,7805.72,12.83,11.46,112.8437,5.29974110084072
2018-07-17,271.55,6.7018,1227.51001,0.77,7855.12,12.06,11.79,113.1504,7.061225906473567
2018-07-18,269.05,6.7161,1227.18005,0.79,7854.44,12.1,12.15,113.3348,4.068119060395134
2018-07-19,270.3,6.7701,1222.80005,0.75,7825.3,12.87,12.66,113.9463,4.140930489977052
2018-07-20,270.65,6.7659,1231.76001,0.78,7820.2,12.86,12.1,113.3213,2.7070015702734054
2018-07-23,271.9,6.7927,1224.54004,0.85,7841.87,12.62,12.22,113.4246,4.4724394454643175
2018-07-24,271.7,6.7912,1224.55005,0.84,7840.77,12.41,11.74,113.2045,4.329308612857062
2018-07-25,271.7,6.7658,1231.60999,0.81,7932.24,12.29,11.65,112.9221,3.793594922050545
2018-07-26,272.1,6.7865,1222.67004,0.87,7852.18,12.14,11.43,112.9179,5.32454944105973
2018-07-27,271.5,6.8097,1223.38,0.84,7737.42,13.03,11.05,112.8125,3.657127461539688
2018-07-30,271.55,6.8102,1221.80005,0.85,7630.0,14.26,11.18,112.6044,4.033395742922835
2018-07-31,271.65,6.8038,1223.82996,0.84,7671.79,12.83,11.21,112.7299,3.940762073464384
2018-08-01,271.45,6.8154,1216.050049,0.87,7707.29,13.15,10.91,112.8899,4.9890710384812
2018-08-02,270.75,6.838,1207.95996,0.86,7802.69,12.19,11.08,113.1679,5.184060267172526
2018-08-03,270.2,6.8309,1213.43005,0.83,7812.01,11.64,10.77,113.012,3.70846919012331
2018-08-06,270.25,6.85,1206.93994,0.83,7859.68,11.27,11.02,113.229,4.442660343691216
2018-08-07,270.1,6.828,1211.02002,0.85,7883.66,10.93,11.11,112.9759,4.250668041860251
2018-08-08,269.5,6.8344,1213.60999,0.85,7888.33,10.85,11.43,113.1411,2.832386527046822
2018-08-09,269.55,6.8199,1212.34998,0.82,7891.78,11.27,10.99,113.3806,3.724429610751258
2018-08-10,269.4,6.8458,1211.30005,0.78,7839.11,13.16,11.78,114.3005,2.79598815921031
2018-08-13,270.1,6.888,1193.64001,0.78,7819.71,14.78,11.73,114.851,5.763433733181216
2018-08-14,267.65,6.8809,1194.030029,0.8,7870.89,13.31,11.88,114.658,3.4996237868375037
2018-08-15,267.4,6.933,1174.88,0.78,7774.12,14.64,13.16,115.1526,5.518120468757502
2018-08-16,264.0,6.8792,1174.16003,0.79,7806.52,13.45,13.39,114.6416,4.30955749751638
2018-08-17,263.4,6.874,1184.77002,0.79,7816.33,12.64,12.89,114.5339,1.5610070416512372
2018-08-20,265.15,6.8546,1190.53003,0.75,7821.01,12.49,12.4,114.3504,2.780583579404265
2018-08-21,266.35,6.8444,1196.12,0.77,7859.17,12.86,11.86,113.8604,3.1409165206488296
2018-08-22,266.25,6.84,1195.51001,0.74,7889.1,12.25,11.81,113.663,3.3442669345893705
2018-08-23,266.2,6.8748,1185.31006,0.73,7878.46,12.41,11.6,114.0932,4.211169145337351
2018-08-24,266.3,6.803,1205.96997,0.73,7945.98,11.99,11.71,113.5985,2.528601092803058
2018-08-27,267.45,6.8145,1211.34998,0.74,8017.9,12.16,11.77,113.2721,2.0540015204077235
2018-08-28,268.3,6.8018,1201.26001,0.77,8030.04,12.5,11.46,113.3444,5.605115629495117
2018-08-29,267.05,6.819,1206.66003,0.77,8109.69,12.25,11.25,113.6461,2.506950357033816
2018-08-30,267.45,6.8415,1199.88,0.76,8088.36,13.53,11.41,114.0899,3.525392801453165
2018-08-31,267.8,6.83,1201.089966,0.78,8109.54,12.86,10.96,114.2755,4.053332654524411
2018-09-03,266.6,6.83,1201.15002,0.78,8109.54,12.86,10.96,114.2755,4.053332654524411
2018-09-04,265.6,6.8427,1191.34998,0.8,8091.25,13.16,11.42,114.8584,3.505685593389842
2018-09-05,265.6,6.827,1196.75,0.81,7995.17,13.91,11.24,114.7477,2.921772469336304
2018-09-06,266.4,6.8322,1200.14001,0.8,7922.73,14.65,11.54,114.6479,2.777045145337297
2018-09-07,267.2,6.8419,1195.85999,0.84,7902.54,14.88,11.3,114.5816,4.144251753629021
2018-09-10,266.25,6.8545,1195.88,0.84,7924.16,14.16,11.33,114.6802,2.705400196119399
2018-09-11,267.0,6.8704,1198.29004,0.86,7972.47,13.22,11.26,114.7051,2.311720841191459
2018-09-12,266.8,6.8574,1206.18994,0.85,7954.23,13.14,11.18,114.2192,0.8708635826836826
2018-09-13,268.1,6.8407,1201.43994,0.87,8013.71,12.37,11.15,113.9268,3.863171425788096
2018-09-14,268.65,6.8673,1193.70996,0.89,8010.04,12.07,10.84,114.0657,5.092380815406671
2018-09-17,267.35,6.854,1200.93005,0.89,7895.79,13.68,10.85,113.9158,2.711790065426726
2018-09-18,267.65,6.8591,1198.34998,0.92,7956.11,12.79,10.78,113.7739,3.3838451358207067
2018-09-19,267.95,6.8466,1203.98999,0.93,7950.04,11.75,10.81,113.6532,2.9239461625218723
2018-09-20,268.2,6.8455,1207.57996,0.92,8028.23,11.8,10.72,113.4989,2.426417728551428
2018-09-21,269.05,6.8559,1199.55005,0.92,7986.96,11.68,10.76,113.5099,4.642612156348946
2018-09-24,269.05,6.8559,1198.85999,0.92,7993.25,12.2,10.97,113.5301,4.642612156348946
2018-09-25,267.95,6.8632,1201.31006,0.94,8007.47,12.42,10.83,113.7202,2.872719186200868
2018-09-26,268.35,6.8763,1194.45996,0.92,7990.37,12.89,10.76,113.6739,4.2811645651454455
2018-09-27,267.4,6.888,1182.80005,0.91,8041.97,12.41,10.86,113.9784,5.463988155673746
2018-09-28,264.9,6.868,1192.089966,0.91,8046.35,12.12,10.74,113.8077,1.6732285277219603
2018-10-01,264.9,6.868,1188.46997,0.95,8037.3,12.0,11.03,113.8235,1.6732285277219603
2018-10-02,264.9,6.868,1203.099976,0.93,7999.55,12.05,11.24,113.8954,1.6732285277219603
2018-10-03,264.9,6.868,1197.37,0.99,8025.09,11.61,11.21,114.1569,1.6732285277219603
2018-10-04,264.9,6.868,1199.66003,1.03,7879.51,14.22,11.59,114.6867,1.6732285277219603
2018-10-05,264.9,6.868,1202.85999,1.07,7788.45,14.82,11.64,114.561,1.6732285277219603
2018-10-08,268.65,6.868,1188.01001,1.07,7735.95,15.69,12.48,114.561,1.6732285277219603
2018-10-09,267.9,6.9217,1189.62,1.04,7738.02,15.95,12.03,114.6583,3.164753034224418
2018-10-10,267.9,6.9224,1194.78003,1.06,7422.05,22.96,12.51,114.6072,1.9895629214718724
2018-10-11,269.45,6.888,1224.32996,1.02,7329.06,24.98,13.57,114.4074,-1.6829838918449695
2018-10-12,272.85,6.9182,1217.93005,1.03,7496.89,21.31,12.76,114.3691,1.95175150995874
2018-10-15,275.35,6.9131,1226.93005,1.03,7430.74,21.3,13.13,114.045,2.6511034560419944
2018-10-16,275.25,6.9102,1224.43005,1.03,7645.49,17.62,12.2,113.8963,3.2209186583503997
2018-10-17,274.5,6.9263,1222.68005,1.06,7642.7,17.4,12.14,114.1755,2.2268207656694585
2018-10-18,274.75,6.9367,1225.75,1.07,7485.14,20.06,12.23,114.8164,1.383336280482922
2018-10-19,276.05,6.9291,1226.31995,1.09,7449.03,19.89,11.76,114.8567,2.855871829697662
2018-10-22,275.85,6.9446,1222.17004,1.09,7468.63,19.64,11.68,115.1782,2.9713188295850728
2018-10-23,276.95,6.9373,1230.48999,1.08,7437.54,20.71,12.31,115.1651,2.5024874169466784
2018-10-24,277.15,6.942,1234.21997,1.03,7108.4,25.23,13.11,115.3755,1.684054632436812
2018-10-25,278.5,6.9477,1232.22998,1.09,7318.34,24.22,12.3,115.4831,3.2523837495458565
2018-10-26,278.3,6.9425,1233.58997,1.02,7167.21,24.16,12.92,115.473,2.954834127188235
2018-10-29,277.85,6.9605,1229.73999,1.02,7050.29,24.7,12.98,115.8936,2.6525077436623405
2018-10-30,277.25,6.9663,1223.43994,1.07,7161.65,23.35,12.3,116.2357,3.2342251186522617
2018-10-31,274.9,6.9737,1214.54004,1.1,7305.9,21.23,12.08,116.5281,2.5885920572282544
2018-11-01,275.3,6.9205,1233.23999,1.12,7434.06,19.34,12.6,115.8657,0.9052421497581236
2018-11-02,275.4,6.8894,1232.89001,1.16,7356.99,19.51,12.5,115.643,2.3158636521934
2018-11-05,275.6,6.9249,1231.30005,1.14,7328.85,19.96,12.39,115.703,1.4626933867571097
2018-11-06,275.85,6.9172,1226.80005,1.15,7375.96,19.91,12.47,115.5622,3.0182831237642063
2018-11-07,275.9,6.9174,1226.10999,1.15,7570.75,16.36,11.23,115.2519,3.213863557927596
2018-11-08,279.4,6.9318,1223.54004,1.17,7530.88,16.72,11.41,115.6478,6.718956089443282
2018-11-09,278.7,6.9553,1209.59998,1.15,7406.9,17.36,11.44,116.4778,8.211767457231531
2018-11-12,276.55,6.9553,1200.65002,1.15,7200.87,20.45,12.13,116.4778,8.211767457231531
2018-11-13,275.45,6.9546,1202.34998,1.12,7200.87,20.02,12.19,116.6694,6.610056877586089
2018-11-14,275.5,6.95,1210.91003,1.12,7136.39,21.25,12.88,116.498,4.925154452071297
2018-11-15,277.05,6.938,1213.0,1.11,7259.03,19.98,12.12,116.3861,6.476141752535909
2018-11-16,277.5,6.9367,1221.46997,1.06,7247.87,18.14,12.05,115.9258,5.0878682174353
2018-11-19,278.25,6.9398,1224.050049,1.07,7028.48,20.1,12.57,115.9859,5.140461522008764
2018-11-20,279.3,6.9448,1221.55005,1.09,6908.82,22.48,12.63,116.2367,6.551891676499452
2018-11-21,279.0,6.9248,1226.02002,1.09,6972.25,20.8,12.12,116.092,6.042183854035727
2018-11-22,279.65,6.9248,1227.44995,1.09,6972.25,20.8,12.12,116.092,6.042183854035727
2018-11-23,279.65,6.9477,1223.18994,1.09,6938.98,21.52,12.1,116.4713,6.421689805391623
2018-11-26,279.5,6.9397,1222.37,1.11,7081.85,18.9,11.83,116.6208,6.769243364894692
2018-11-27,278.9,6.9498,1214.68994,1.15,7082.7,19.02,12.01,116.9001,7.4883535611105
2018-11-28,277.55,6.9534,1221.10999,1.12,7291.59,18.49,11.43,116.8343,4.562516132718201
2018-11-29,279.55,6.9419,1223.98999,1.05,7273.08,18.79,11.39,116.1961,6.371222319642527
2018-11-30,279.45,6.9558,1221.96997,1.04,7330.54,18.07,11.26,116.413,6.175972404198888
2018-12-03,278.35,6.8798,1231.079956,1.02,7441.51,16.44,10.93,115.9057,6.046758201205648
2018-12-04,278.35,6.8343,1238.55005,0.97,7158.43,20.74,11.63,116.0028,6.2062667637083
2018-12-05,278.9,6.8343,1237.56006,0.97,7158.43,20.74,11.63,116.0028,6.2062667637083
2018-12-06,279.9,6.8816,1237.98999,0.97,7188.26,21.19,11.61,116.3991,5.996679949716281
2018-12-07,280.25,6.8733,1248.099976,0.96,6969.25,23.23,12.22,116.0847,4.442918319777505
2018-12-10,283.1,6.9077,1244.58997,0.99,7020.52,22.64,12.04,116.6746,6.692067266738491
2018-12-11,282.65,6.8968,1242.93994,1.06,7031.83,21.76,11.46,116.7564,7.044097828475913
2018-12-12,281.2,6.8778,1245.80005,1.08,7098.31,21.46,11.29,116.2214,5.720919385599643
2018-12-13,280.8,6.8798,1242.45996,1.08,7070.33,20.65,10.69,116.3974,5.979608956934101
2018-12-14,280.35,6.905,1238.20996,1.07,6910.66,21.63,10.77,116.79,5.466473265066668
2018-12-17,280.2,6.8962,1245.91003,1.05,6753.73,24.52,11.75,116.4532,3.959552819264673
2018-12-18,281.9,6.8939,1249.38,1.01,6783.91,25.58,12.18,116.4127,4.982586139823411
2018-12-19,282.55,6.8918,1243.39001,0.97,6636.83,25.58,11.4,116.0676,7.044180046682868
2018-12-20,282.15,6.8834,1260.14001,1.03,6528.41,28.38,12.45,116.0183,3.273097245197448
2018-12-21,284.8,6.9048,1256.01001,1.02,6332.99,30.11,11.97,116.2227,5.972925328403562
2018-12-24,285.45,6.9048,1269.13,0.99,6192.92,36.07,14.8,116.2182,5.972925328403562
2018-12-25,287.1,6.9048,1269.13,0.99,6192.92,36.07,14.8,116.2182,5.972925328403562
2018-12-26,287.5,6.8847,1266.97998,1.04,6554.36,30.41,14.47,116.1162,7.056414284373147
2018-12-27,286.3,6.8649,1275.21997,1.03,6579.49,29.96,15.18,115.9927,4.844293341488879
2018-12-28,287.85,6.8755,1280.75,0.99,6584.52,28.34,14.56,115.7232,4.737275547767979
2018-12-31,287.85,6.8755,1282.81995,0.98,6635.28,25.42,13.48,115.5674,4.737275547767979
2019-01-01,287.85,6.8755,1282.62,0.98,6635.28,25.42,13.48,115.5674,4.737275547767979
2019-01-02,288.3,6.8597,1284.77002,0.96,6665.94,23.22,13.18,115.7689,4.9512802033854655
2019-01-03,290.7,6.8708,1293.98999,0.88,6463.5,25.45,13.77,115.4622,4.856078149018572
2019-01-04,290.55,6.8663,1284.92004,0.91,6738.86,21.38,12.04,114.9821,6.895540834568465
2019-01-07,288.65,6.8501,1288.67004,0.92,6823.47,21.4,11.66,114.5628,4.838897037182278
2019-01-08,287.25,6.8519,1285.34998,0.91,6897.0,20.47,11.16,114.7281,4.095707783304135
2019-01-09,286.2,6.8117,1293.13,0.91,6957.08,19.98,11.69,114.1406,3.003137235359304
2019-01-10,286.9,6.7875,1286.38,0.93,6986.07,19.5,10.95,114.0496,6.182259231276191
2019-01-11,284.95,6.7596,1288.0,0.88,6971.48,18.19,11.0,114.0404,5.034080569710795
2019-01-14,285.05,6.7596,1291.72998,0.9,6905.92,19.07,11.06,114.0404,5.034080569710795
2019-01-15,284.3,6.7595,1289.31006,0.91,7023.83,18.6,11.06,114.3402,4.103515663189
2019-01-16,284.6,6.7532,1293.52002,0.91,7034.69,19.04,11.08,114.137,3.7505972297651615
2019-01-17,285.1,6.7735,1291.90002,0.96,7084.46,18.06,10.9,114.4115,3.759161011783249
2019-01-18,285.05,6.7765,1281.48999,0.96,7157.23,17.8,11.12,114.558,5.85258114890604
2019-01-21,283.2,6.7765,1280.28003,0.96,7157.23,17.8,11.12,114.558,5.85258114890604
2019-01-22,283.25,6.8072,1285.040039,0.95,7020.36,20.8,10.77,114.7541,2.0107647537801085
2019-01-23,283.6,6.7897,1282.39001,0.96,7025.77,19.52,10.61,114.5759,3.662261452987593
2019-01-24,283.3,6.7835,1280.93994,0.95,7073.46,18.89,10.37,114.617,3.934138184127221
2019-01-25,282.9,6.7448,1303.21997,0.97,7164.86,17.42,11.12,114.0197,0.2964970612310367
2019-01-28,285.6,6.7437,1303.53003,0.97,7085.68,18.87,11.04,114.0522,2.975360865786911
2019-01-29,286.6,6.7304,1311.93005,0.94,7028.29,19.13,11.25,114.026,2.7150993129391168
2019-01-30,287.55,6.7115,1319.91003,0.86,7183.08,17.66,11.14,114.0731,2.7403751556898897
2019-01-31,287.85,6.6958,1320.93994,0.78,7281.74,16.57,10.74,113.5504,3.4849076389473908
2019-02-01,289.2,6.7426,1318.0,0.82,7263.87,16.14,10.12,113.7548,3.4846689279341376
2019-02-04,289.2,6.7426,1311.75,0.86,7347.54,15.73,10.11,113.8766,3.4846689279341376
2019-02-05,289.2,6.7426,1315.01001,0.84,7402.08,15.57,10.14,114.0431,3.4846689279341376
2019-02-06,289.2,6.7426,1306.21997,0.84,7375.28,15.38,9.76,114.2305,3.4846689279341376
2019-02-07,289.2,6.7426,1310.089966,0.81,7288.35,16.37,9.72,114.4339,3.4846689279341376
2019-02-08,289.2,6.7426,1314.069946,0.81,7298.2,15.72,9.89,114.5003,3.4846689279341376
2019-02-11,288.75,6.7907,1308.32996,0.83,7307.9,15.97,10.18,115.031,3.107668449788605
2019-02-12,288.85,6.7726,1310.89001,0.85,7414.62,15.43,10.03,114.7297,3.411586904174783
2019-02-13,288.25,6.7598,1306.18994,0.85,7420.38,15.65,9.55,114.9407,4.372534235311093
2019-02-14,287.6,6.7711,1312.55005,0.81,7426.95,16.22,9.92,115.1007,1.863422330123683
2019-02-15,289.6,6.768,1321.41003,0.8,7472.41,14.91,10.16,114.9923,2.066343561335543
2019-02-18,290.95,6.768,1326.90002,0.8,7472.41,14.91,10.16,114.9923,2.066343561335543
2019-02-19,291.35,6.756,1341.16003,0.78,7486.77,14.88,11.39,114.57,0.0362519433504076
2019-02-20,293.35,6.756,1338.48999,0.76,7489.07,14.02,10.92,114.57,0.0362519433504076
2019-02-21,291.5,6.7195,1323.48999,0.78,7459.71,14.46,10.29,114.5091,5.577483633513907
2019-02-22,289.6,6.7112,1327.80005,0.74,7527.54,13.51,10.02,114.2716,3.100676915459701
2019-02-25,289.3,6.6844,1327.12,0.75,7554.46,14.85,9.91,114.1457,4.090910090504337
2019-02-26,289.0,6.698,1328.95996,0.72,7549.3,15.17,9.86,114.0687,2.814399920266169
2019-02-27,288.65,6.6822,1319.88,0.76,7554.51,14.7,9.72,114.0363,5.090203321169611
2019-02-28,286.85,6.6912,1313.050049,0.78,7532.53,14.78,9.52,114.1991,4.37759374768757
2019-03-01,285.85,6.7048,1293.56006,0.8,7595.35,13.57,10.2,114.537,7.00480604150664
2019-03-04,281.8,6.7045,1286.66003,0.78,7577.57,14.63,10.26,114.6925,4.454615360489981
2019-03-05,280.8,6.706,1287.43005,0.79,7576.36,14.74,10.1,114.804,3.2265463597344706
2019-03-06,282.35,6.7099,1286.76001,0.78,7505.92,15.74,10.13,114.9714,4.759664793383422
2019-03-07,280.9,6.7132,1285.73999,0.74,7421.46,16.59,10.36,115.4919,3.393298153969795
2019-03-08,283.55,6.7201,1298.39001,0.72,7408.14,16.05,10.51,115.3599,3.0249559952738423
2019-03-11,284.75,6.7215,1294.25,0.73,7558.06,14.33,10.18,115.2967,5.061174787403388
2019-03-12,284.2,6.707,1302.01001,0.71,7591.03,13.77,10.08,114.939,3.441206389313095
2019-03-13,285.65,6.7064,1309.28003,0.69,7643.41,13.41,10.14,114.7372,3.3487929592489536
2019-03-14,285.1,6.7209,1296.28003,0.69,7630.91,13.5,10.08,114.79,4.997488911955259
2019-03-15,284.9,6.7129,1301.38,0.65,7688.53,12.88,10.01,114.5815,4.030200716961019
2019-03-18,285.2,6.7121,1303.69995,0.64,7714.48,13.1,9.79,114.4375,3.863030385808656
2019-03-19,285.95,6.7106,1306.55005,0.66,7723.95,13.56,9.82,114.2324,4.060991832751938
2019-03-20,285.55,6.6916,1312.47998,0.58,7728.97,13.91,10.15,114.1509,3.183352061086339
2019-03-21,287.4,6.6952,1309.44995,0.58,7838.96,13.63,10.2,114.1684,5.533672890832236
2019-03-22,286.35,6.7162,1313.38,0.54,7642.67,16.48,10.31,114.6856,2.750959506164918
2019-03-25,288.05,6.7079,1321.90002,0.55,7637.54,16.33,10.77,114.4171,2.963976106933273
2019-03-26,288.3,6.7145,1315.51001,0.55,7691.52,14.68,10.18,114.6414,4.312925807545753
2019-03-27,288.25,6.7262,1309.87,0.55,7643.38,15.15,10.36,115.1243,4.987743533685944
2019-03-28,287.45,6.7381,1290.55005,0.56,7669.17,14.43,10.35,115.2581,7.871968849004133
2019-03-29,282.0,6.7112,1292.15002,0.53,7729.32,13.71,9.94,115.1371,3.1928813727072907
2019-04-01,282.1,6.7102,1287.66003,0.59,7828.91,13.4,10.13,114.9362,4.303085398556391
2019-04-02,282.15,6.7223,1293.15002,0.58,7848.69,13.36,9.81,115.1173,2.6656210893950743
2019-04-03,282.9,6.7098,1289.90002,0.61,7895.55,13.74,9.69,114.7211,4.636423418714912
2019-04-04,282.95,6.7167,1292.38,0.61,7891.78,13.58,9.92,114.9697,3.8647283746201424
2019-04-05,282.95,6.7182,1291.69995,0.6,7938.69,12.82,9.65,114.9726,3.8647283746201424
2019-04-08,284.15,6.7158,1297.41003,0.61,7953.88,13.18,9.71,114.6893,4.016051104409428
2019-04-09,284.4,6.7111,1304.13,0.6,7909.28,14.28,9.55,114.5321,3.0121548057292102
2019-04-10,285.8,6.7153,1308.050049,0.54,7964.24,13.3,9.45,114.4269,3.389708745006203
2019-04-11,286.15,6.7188,1292.59998,0.57,7947.36,13.02,9.59,114.6303,6.92995255762213
2019-04-12,283.3,6.7039,1290.40002,0.61,7984.16,12.01,9.28,114.3531,5.173335988618646
2019-04-15,281.75,6.7072,1287.88,0.61,7976.01,12.32,9.57,114.495,4.029848377192252
2019-04-16,281.5,6.7112,1276.56995,0.64,8000.23,12.18,9.78,114.6756,6.054591977108714
2019-04-17,280.0,6.687,1274.14001,0.65,7996.08,12.6,9.39,114.5141,6.070241391804757
2019-04-18,278.2,6.7081,1275.39001,0.62,7998.06,12.09,8.96,114.7073,3.1363021498866037
2019-04-19,279.5,6.7032,1275.39001,0.62,7998.063,12.09,8.96,114.6977,3.1363021498866037
2019-04-22,279.5,6.7112,1274.92004,0.64,8015.27,12.42,9.56,114.7694,3.1363021498866037
2019-04-23,279.0,6.7249,1272.40002,0.62,8120.82,12.28,9.54,115.1578,3.89388993206552
2019-04-24,278.85,6.7207,1275.35999,0.57,8102.01,13.14,9.48,115.4187,3.2761293811629457
2019-04-25,280.4,6.7418,1277.34998,0.56,8106.29,13.25,9.35,115.7709,3.5296125785201298
2019-04-26,281.45,6.7282,1286.25,0.54,8133.96,12.73,9.28,115.4767,3.212912533959184
2019-04-29,281.3,6.7332,1279.80005,0.58,8149.39,13.11,9.46,115.5227,4.252410607809395
2019-04-30,281.6,6.7347,1283.59998,0.56,8095.39,13.12,9.32,115.3281,3.6679092286720447
2019-05-01,281.6,6.7319,1276.60999,0.59,8049.64,14.8,9.19,115.0022,3.6679092286720447
2019-05-02,281.6,6.7337,1270.54004,0.66,8036.77,14.42,9.08,115.5617,3.6679092286720447
2019-05-03,281.6,6.7337,1279.18994,0.63,8164.0,12.87,8.89,115.2646,3.6679092286720447
2019-05-06,282.7,6.7602,1280.32996,0.6,8123.29,15.44,9.26,115.3811,4.426281749899488
2019-05-07,282.4,6.7755,1285.15002,0.58,7963.76,19.32,9.74,115.6116,2.4464912144935056
2019-05-08,283.95,6.7818,1280.93005,0.62,7943.32,19.4,9.78,115.5171,4.65630594338262
2019-05-09,284.1,6.8256,1284.14001,0.6,7910.59,19.1,9.96,115.8421,2.298078921793376
2019-05-10,284.45,6.8217,1286.0,0.59,7916.94,16.04,9.33,115.5334,2.4011566222450824
2019-05-13,289.2,6.8765,1299.90002,0.55,7647.02,20.55,10.51,115.915,1.8123269879595227
2019-05-14,292.75,6.8737,1297.030029,0.56,7734.49,18.06,9.76,115.9425,6.113598619534741
2019-05-15,291.25,6.8742,1296.66003,0.54,7822.15,16.44,9.45,115.8565,4.674522056167291
2019-05-16,292.35,6.8832,1286.65002,0.56,7898.05,15.29,9.16,116.0346,7.614538792611711
2019-05-17,291.7,6.9182,1277.55005,0.58,7816.28,15.96,9.16,116.448,7.540765318694014
2019-05-20,289.4,6.9111,1277.73999,0.6,7702.38,16.31,9.16,116.3119,5.49018776378864
2019-05-21,289.15,6.9007,1274.96997,0.6,7785.72,14.95,8.99,116.2844,6.281986047261512
2019-05-22,288.9,6.9054,1273.62,0.6,7750.84,14.75,9.04,116.2412,6.1390390792033145
2019-05-23,289.35,6.9087,1283.44995,0.58,7628.28,16.92,9.47,116.2368,4.270485811403944
2019-05-24,291.1,6.8997,1284.89001,0.56,7637.01,15.85,9.0,116.0806,6.072411400742681
2019-05-27,291.25,6.8997,1285.19995,0.56,7637.01,15.85,9.0,116.0806,6.072411400742681
2019-05-28,291.0,6.9078,1279.48999,0.53,7607.35,17.5,9.2,116.3174,6.837093802240929
2019-05-29,291.45,6.9138,1279.59998,0.5,7547.31,17.9,8.88,116.5535,7.015825655505012
2019-05-30,290.1,6.9011,1288.84998,0.48,7567.72,17.3,9.3,116.3989,4.135957465301374
2019-05-31,293.45,6.9027,1305.65002,0.4,7453.15,18.71,10.33,116.7273,3.691278536048969
2019-06-03,296.7,6.9028,1325.17004,0.34,7333.02,18.86,11.79,116.4764,2.605002584532258
2019-06-04,299.75,6.9072,1325.28003,0.38,7527.12,16.97,10.66,116.091,5.443114176346739
2019-06-05,301.7,6.9084,1330.18005,0.37,7575.48,16.09,11.26,116.03,6.253640027006611
2019-06-06,301.7,6.9082,1335.55005,0.39,7615.55,15.93,11.62,115.9771,5.069496828009733
2019-06-07,301.7,6.9057,1340.69995,0.35,7742.1,16.3,11.41,115.7368,5.069496828009733
2019-06-10,300.85,6.9298,1328.13,0.42,7823.17,15.94,10.87,115.5001,4.945189480283545
2019-06-11,299.55,6.9107,1326.91003,0.43,7822.57,15.99,10.52,115.3794,4.731823771569111
2019-06-12,302.6,6.9161,1333.55005,0.42,7792.72,15.91,11.06,115.438,6.074994749626228
2019-06-13,303.2,6.9212,1342.34998,0.42,7837.13,15.82,11.68,115.6275,4.49815996347678
2019-06-14,307.75,6.9247,1341.57996,0.46,7796.66,15.28,11.9,115.9057,9.068541353481123
2019-06-17,304.1,6.9251,1339.54004,0.48,7845.02,15.35,11.99,115.9684,5.85547025241533
2019-06-18,306.15,6.9002,1346.47998,0.42,7953.88,15.15,12.4,115.8797,7.438242223672546
2019-06-19,304.3,6.8996,1360.27002,0.36,7987.32,14.33,12.41,115.7889,2.5552114716350047
2019-06-20,311.25,6.851,1388.18005,0.27,8051.34,14.75,15.69,114.8046,5.4830759383992245
2019-06-21,313.6,6.8686,1399.050049,0.34,8031.71,15.4,15.54,114.8377,4.647143679605222
2019-06-24,315.8,6.8758,1419.55005,0.31,8005.7,15.26,16.8,114.6559,1.9915143379362803
2019-06-25,321.8,6.8791,1423.25,0.33,7884.72,16.28,17.08,114.6363,7.022593116530288
2019-06-26,316.4,6.8781,1408.75,0.35,7909.97,16.21,15.88,114.5608,4.874821965373656
2019-06-27,315.6,6.8762,1409.68005,0.33,7967.76,15.82,15.57,114.665,3.955266776729388
2019-06-28,316.85,6.865,1409.5,0.31,8006.24,15.08,15.99,114.5821,5.752615461282517
2019-07-01,308.85,6.8487,1384.31006,0.34,8091.16,14.06,14.08,114.7239,4.0378628475252185
2019-07-02,312.05,6.8717,1418.43994,0.33,8109.09,12.93,15.8,114.8258,-1.326106730689446
2019-07-03,321.1,6.8806,1418.93994,0.31,8170.23,12.57,15.89,114.8135,7.207410704132997
2019-07-04,317.65,6.8806,1415.64001,0.31,8170.23,12.57,15.89,114.8135,7.207410704132997
2019-07-05,318.0,6.8925,1399.94995,0.35,8161.79,13.28,15.07,115.1132,7.77269341472828
2019-07-08,316.35,6.8808,1395.5,0.35,8098.38,13.96,12.99,115.0254,7.633733341906918
2019-07-09,313.45,6.8866,1397.90002,0.36,8141.73,14.09,13.45,115.1017,3.942122181362265
2019-07-10,313.2,6.8705,1419.0,0.33,8202.53,13.03,15.01,115.0879,-0.2450946035012293
2019-07-11,319.0,6.8682,1404.0,0.36,8196.04,12.93,13.64,114.8361,8.972099602938613
2019-07-12,316.65,6.8796,1415.73999,0.35,8244.14,12.39,14.65,114.7685,3.510808744867916
2019-07-15,317.75,6.8769,1414.079956,0.32,8258.19,12.68,14.9,114.6819,5.100733859006255
2019-07-16,317.75,6.8753,1406.32996,0.33,8222.8,12.86,14.32,115.0111,6.8865803209285446
2019-07-17,315.8,6.8731,1426.80005,0.31,8185.21,13.97,16.02,114.8819,0.5126714467825195
2019-07-18,319.1,6.8788,1446.30005,0.25,8207.24,13.53,17.45,114.8744,-0.7613912884401657
2019-07-19,323.3,6.8812,1425.30005,0.25,8146.49,14.45,15.83,114.8695,7.972956289163619
2019-07-22,320.65,6.8803,1425.12,0.26,8204.14,13.53,14.89,115.0018,5.404026524346136
2019-07-23,318.7,6.8787,1417.39001,0.27,8251.4,12.61,14.28,115.2995,5.23686363955818
2019-07-24,319.65,6.8717,1425.90002,0.26,8321.5,12.07,14.55,115.2436,4.625736896683634
2019-07-25,320.3,6.8714,1414.53003,0.28,8238.54,12.74,13.54,115.2982,7.801353605156976
2019-07-26,319.1,6.8785,1418.68994,0.3,8330.21,12.16,12.31,115.5449,5.358499773658934
2019-07-29,319.6,6.8927,1426.93994,0.29,8293.33,12.83,13.59,115.5885,3.382567092513796
2019-07-30,320.85,6.8833,1430.84998,0.28,8273.61,13.94,14.51,115.6211,4.198508452939393
2019-07-31,322.25,6.8833,1413.80005,0.26,8175.42,16.12,13.21,115.4946,9.37171028453389
2019-08-01,316.6,6.8972,1445.31006,0.2,8111.12,17.87,16.01,116.0499,-3.897453528766846
2019-08-02,324.25,6.9387,1440.69995,0.2,8004.07,17.61,15.0,116.1864,2.852577103380668
2019-08-05,334.0,7.0481,1463.80005,0.15,7726.04,24.59,16.91,116.5851,2.300701451444354
2019-08-06,335.55,7.0192,1474.27002,0.11,7833.27,20.17,16.02,116.6904,2.84801712398928
2019-08-07,341.8,7.0592,1501.19995,0.09,7862.83,19.49,18.16,116.7987,1.0900899564358042
2019-08-08,344.35,7.044,1500.94995,0.07,8039.16,16.91,17.53,116.474,4.430330258652589
2019-08-09,345.9,7.0613,1497.23999,0.08,7959.14,17.97,16.64,116.4419,5.987747636536085
2019-08-12,344.25,7.0578,1511.40002,0.04,7863.41,21.09,18.46,116.7548,1.2931282281415406
2019-08-13,352.3,7.0423,1501.39001,0.05,8016.36,17.52,17.92,116.7267,12.362730322214531
2019-08-14,342.95,7.0224,1516.33997,0.02,7773.94,22.1,18.19,117.0913,0.5979879972350091
2019-08-15,347.4,7.0327,1523.19995,-0.02,7766.62,21.18,18.72,117.2239,2.994763021364122
2019-08-16,347.75,7.0413,1514.15002,0.01,7895.99,18.47,16.86,117.0786,4.972353245583292
2019-08-19,346.4,7.0499,1495.30005,0.04,8002.81,16.88,14.94,117.3886,7.476218994807652
2019-08-20,344.75,7.0597,1507.099976,0.02,7948.56,17.5,15.42,117.3726,2.6768024316491505
2019-08-21,345.35,7.0623,1502.30005,0.05,8020.21,15.8,15.13,117.1764,4.2406829419518886
2019-08-22,346.45,7.0829,1498.80005,0.07,7991.39,16.68,15.35,117.3558,5.142723515199236
2019-08-23,346.25,7.0928,1526.84998,-0.02,7751.77,19.87,18.36,117.3009,-1.9308008148279328
2019-08-26,358.25,7.1503,1526.34998,0.0,7853.74,19.32,17.54,117.6658,7.361506357998337
2019-08-27,358.7,7.1603,1542.64001,-0.06,7826.95,20.31,17.34,117.75,3.5706652433648287
2019-08-28,358.85,7.1628,1539.099976,-0.08,7856.88,19.35,16.83,117.8767,4.411904348616758
2019-08-29,362.8,7.1434,1527.69995,-0.09,7973.39,17.88,16.31,118.0625,11.94007031909598
2019-08-30,356.7,7.1543,1520.25,-0.05,7962.88,18.98,15.45,118.1575,7.018305817673252
2019-09-02,355.8,7.1543,1530.58997,-0.05,7962.88,18.98,15.45,118.1575,7.018305817673252
2019-09-03,357.45,7.1786,1547.0,-0.03,7874.16,19.66,16.86,118.3113,0.4067669233365905
2019-09-04,359.0,7.144,1552.59998,-0.04,7976.88,17.33,17.27,117.6729,2.391442856270203
2019-09-05,360.9,7.1468,1519.34998,0.01,8116.83,16.27,15.72,117.4776,11.791686239040589
2019-09-06,349.2,7.1131,1506.94995,0.01,8103.07,15.0,14.75,117.1292,4.573649610333234
2019-09-09,350.6,7.121,1498.94995,0.06,8087.44,15.27,14.76,117.0601,7.422460689311549
2019-09-10,344.85,7.1121,1486.40002,0.12,8084.16,15.2,14.62,117.0887,4.971028751040933
2019-09-11,345.95,7.1153,1497.59998,0.15,8169.68,14.61,14.95,117.3125,3.355978822511929
2019-09-12,346.15,7.0787,1498.94995,0.16,8194.47,14.22,15.07,116.8375,5.010995995145208
2019-09-13,346.15,7.0754,1488.69995,0.23,8176.71,13.74,14.94,116.7677,5.010995995145208
2019-09-16,346.25,7.0659,1498.80005,0.17,8153.54,14.67,16.07,117.0251,5.761911093767537
2019-09-17,344.95,7.0905,1503.099976,0.15,8186.02,14.44,15.91,116.9826,2.296267145883917
2019-09-18,346.5,7.0849,1493.90002,0.21,8177.39,13.95,15.1,116.9766,6.212500146350124
2019-09-19,346.0,7.0959,1499.19995,0.18,8182.88,14.05,15.13,117.0861,3.97505344398536
2019-09-20,346.7,7.0909,1517.15002,0.13,8117.67,15.32,16.79,117.1819,0.8238421136528018
2019-09-23,350.3,7.1168,1522.12,0.11,8112.46,14.91,16.92,117.2986,2.023323227289609
2019-09-24,352.05,7.1138,1532.30005,0.06,7993.63,17.05,17.22,117.2227,1.5918169759030434
2019-09-25,353.85,7.1313,1504.15002,0.13,8077.38,15.96,15.62,117.6527,8.983826173067314
2019-09-26,349.55,7.13,1505.80005,0.13,8030.66,16.07,15.11,117.7267,4.36844948317713
2019-09-27,346.35,7.1218,1496.93994,0.16,7939.63,17.22,14.96,117.7218,3.594140862218069
2019-09-30,345.05,7.1477,1472.25,0.15,7999.33,16.24,15.37,117.9461,6.7214734676161925
2019-10-01,345.05,7.1473,1478.97998,0.13,7908.67,18.56,15.61,117.9595,6.7214734676161925
2019-10-02,345.05,7.1473,1499.51001,0.1,7785.23,20.56,15.75,117.9671,6.7214734676161925
2019-10-03,345.05,7.1473,1505.0,0.06,7872.25,19.12,16.33,117.6608,6.7214734676161925
2019-10-04,345.05,7.1473,1504.59998,0.02,7982.46,17.04,15.26,117.5288,6.7214734676161925
2019-10-07,345.05,7.1473,1493.59998,0.05,7956.28,17.86,15.44,117.5533,6.7214734676161925
2019-10-08,344.5,7.1422,1505.51001,0.06,7823.76,20.28,16.21,117.7407,-1.2055827614898362
2019-10-09,349.5,7.1316,1505.69995,0.1,7903.73,18.64,15.73,117.6835,4.263940925619352
2019-10-10,347.7,7.1153,1494.30005,0.15,7950.77,17.57,15.7,117.2801,5.86087752937766
2019-10-11,345.85,7.0868,1489.84998,0.2,8057.04,15.58,15.72,116.8239,6.394027576832173
2019-10-14,340.7,7.0868,1492.90002,0.2,8048.65,14.57,15.65,116.8239,6.394027576832173
2019-10-15,341.65,7.0814,1481.17004,0.21,8148.71,13.54,15.08,116.8111,4.428866646647464
2019-10-16,340.2,7.092,1489.77002,0.18,8124.18,13.68,14.94,116.6425,0.5131807725818476
2019-10-17,342.7,7.0766,1491.89001,0.17,8156.85,13.79,14.84,116.2615,3.268461916954664
2019-10-18,342.0,7.0805,1490.099976,0.16,8089.54,14.25,14.85,116.1344,2.78888613602976
2019-10-21,341.75,7.0748,1484.5,0.19,8162.99,14.0,14.05,116.0436,4.085730705547576
2019-10-22,340.45,7.0761,1488.050049,0.17,8104.3,14.46,13.67,115.9851,1.9160423512176976
2019-10-23,341.95,7.0624,1492.099976,0.16,8119.79,14.01,13.23,116.0586,3.151894625929572
2019-10-24,341.5,7.0684,1503.65002,0.15,8185.8,13.71,13.97,116.1278,-0.2107335627180191
2019-10-25,344.65,7.0647,1504.72998,0.15,8243.12,12.65,13.48,116.0774,2.8728402042856374
2019-10-28,344.6,7.067,1492.68994,0.21,8325.99,13.11,13.78,116.0222,5.447177778063576
2019-10-29,340.9,7.0655,1487.59998,0.23,8276.85,13.2,13.46,115.9797,2.9754044178307595
2019-10-30,340.55,7.0541,1495.40002,0.21,8303.98,12.33,13.17,116.1636,1.4016314536306709
2019-10-31,341.1,7.0379,1513.35999,0.15,8292.36,13.22,13.39,115.9125,-1.3333683868696085
2019-11-01,344.05,7.0368,1513.94995,0.14,8386.4,12.3,12.86,115.7312,1.536681300818259
2019-11-04,343.7,7.03,1509.63,0.15,8433.2,12.83,12.45,115.8624,2.4940617615380347
2019-11-05,341.4,7.0082,1484.099976,0.18,8434.68,13.1,12.43,116.1138,7.004531586374469
2019-11-06,336.55,6.9968,1490.45996,0.15,8410.63,12.62,12.04,116.1004,1.267789054993841
2019-11-07,338.35,6.9766,1468.069946,0.23,8434.52,12.73,12.35,116.1172,9.057901513861792
2019-11-08,332.1,6.9954,1458.66003,0.23,8475.31,12.07,12.27,116.3436,4.036908262349925
2019-11-11,331.5,6.9954,1455.90002,0.23,8464.28,12.69,12.87,116.3436,4.036908262349925
2019-11-12,328.3,7.0066,1457.18994,0.22,8486.09,12.68,11.91,116.5837,0.0428252896298317
2019-11-13,331.85,7.0223,1463.18994,0.22,8482.1,13.0,11.56,116.8397,1.5026527348369427
2019-11-14,332.7,7.0195,1471.19995,0.2,8479.02,13.05,11.83,116.8022,0.6766569992122982
2019-11-15,331.9,7.0075,1467.37,0.21,8540.83,12.05,11.23,116.4401,1.307131834037989
2019-11-18,332.05,7.0246,1470.84998,0.18,8549.94,12.46,11.55,116.3625,-0.1355344095680379
2019-11-19,334.05,7.0263,1472.38,0.16,8570.66,12.86,11.5,116.5391,1.4384420081341318
2019-11-20,336.5,7.0344,1471.25,0.13,8526.73,12.78,11.55,116.828,3.760565531210375
2019-11-21,336.0,7.0285,1464.40002,0.14,8506.21,13.13,11.37,116.7435,5.087545113250883
2019-11-22,334.95,7.0389,1462.29004,0.15,8519.88,12.34,11.32,116.9137,4.025397863391561
2019-11-25,332.65,7.0349,1454.96997,0.14,8632.49,11.87,11.15,117.0098,3.569084927644724
2019-11-26,332.35,7.0319,1461.59998,0.12,8647.93,11.54,10.76,117.0513,1.9105028578134693
2019-11-27,333.15,7.028,1454.34998,0.14,8705.18,11.75,10.3,117.1273,4.531945458228222
2019-11-28,332.05,7.028,1458.33997,0.14,8705.18,11.75,10.3,117.1273,4.531945458228222
2019-11-29,333.1,7.0308,1464.80005,0.17,8665.47,12.62,10.71,117.1204,1.9888327185043408
2019-12-02,333.5,7.038,1462.43994,0.18,8567.99,14.91,10.77,116.9647,2.5837912865111434
2019-12-03,334.2,7.0609,1477.33997,0.09,8520.64,15.96,12.15,116.8898,-1.175433445528654
2019-12-04,340.4,7.0489,1474.34998,0.11,8566.67,14.8,11.57,116.692,6.272150271770101
2019-12-05,338.75,7.0445,1475.69995,0.13,8570.7,14.52,11.25,116.3838,4.524967518928747
2019-12-06,336.4,7.0348,1459.76001,0.15,8656.53,13.62,10.73,116.5381,6.240380717668415
2019-12-09,333.6,7.0389,1461.98999,0.14,8621.83,15.86,10.75,116.3283,2.743300895044001
2019-12-10,333.9,7.0328,1464.20996,0.14,8616.18,15.68,10.33,116.2542,2.8280689733309714
2019-12-11,334.12,7.0384,1474.84998,0.1,8654.05,14.99,10.81,116.1478,0.3767203294805767
2019-12-12,336.02,6.9925,1469.43005,0.18,8717.32,13.94,10.95,115.8741,5.671658989342063
2019-12-13,331.76,6.9925,1475.81006,0.12,8734.88,12.63,10.39,115.6967,-0.022656117478732
2019-12-16,335.32,6.9921,1476.25,0.16,8814.23,12.14,10.39,115.555,3.457424244859908
2019-12-17,335.14,6.9967,1476.44995,0.14,8823.36,12.29,10.03,115.5553,3.0141181807513817
2019-12-18,335.6,7.0029,1475.43994,0.16,8827.73,12.58,10.04,115.6618,3.4072128273024305
2019-12-19,335.18,7.0097,1479.15002,0.15,8887.22,12.5,10.39,115.5988,1.8285155949009209
2019-12-20,336.08,7.0063,1478.19995,0.15,8924.96,12.51,9.69,115.7598,3.104215612873133
2019-12-23,337.18,7.0124,1485.52002,0.18,8945.65,12.61,10.56,115.8059,2.26397485016156
2019-12-24,338.68,7.0064,1499.56006,0.15,8952.88,12.67,11.93,115.8059,0.8878671408684227
2019-12-25,340.62,7.0064,1499.55005,0.15,8952.88,12.67,11.93,115.8059,0.8878671408684227
2019-12-26,340.92,6.9949,1511.55005,0.16,9022.39,12.65,13.33,115.634,0.9858625317086762
2019-12-27,345.3,6.9954,1510.67004,0.15,9006.62,13.43,12.32,115.22,5.539484372626873
2019-12-30,345.46,6.9864,1515.21997,0.15,8945.99,14.82,12.56,114.9631,5.114611268571025
2019-12-31,347.48,6.9618,1517.39001,0.15,8972.6,13.78,12.63,114.669,7.84729719748583
2020-01-01,347.48,6.9618,1517.30005,0.15,8972.6,13.78,12.63,114.669,7.84729719748583
2020-01-02,346.24,6.9642,1528.93994,0.08,9092.19,12.47,12.7,114.9745,3.9041365072097847
2020-01-03,351.16,6.9649,1551.65002,0.03,9020.77,14.02,13.46,114.9867,3.7043366727860416
2020-01-06,358.34,6.9749,1565.95996,0.06,9071.46,13.85,14.21,114.9557,7.176493481312377
2020-01-07,354.94,6.9443,1573.98999,0.09,9068.58,13.79,14.01,115.1477,3.524285126850714
2020-01-08,360.68,6.9447,1555.81006,0.12,9129.24,13.45,13.67,115.1328,13.303205630170226
2020-01-09,348.04,6.9309,1552.37,0.11,9203.43,12.54,12.54,115.2331,2.120047808124468
2020-01-10,349.3,6.9178,1562.28003,0.07,9178.86,12.56,12.27,115.0677,1.829754158406672
2020-01-13,349.42,6.8924,1548.30005,0.08,9273.93,12.32,10.91,115.0342,6.323458947706797
2020-01-14,344.7,6.8837,1546.37,0.05,9251.33,12.39,11.02,115.0239,2.463686755509798
2020-01-15,347.54,6.8899,1556.18994,0.04,9258.7,12.42,11.75,114.9528,2.82017529840698
2020-01-16,347.96,6.8769,1552.79004,0.07,9357.13,12.32,11.38,115.0006,4.642308226533999
2020-01-17,347.78,6.8589,1556.60999,0.09,9388.94,12.1,11.31,115.0656,4.518558026877997
2020-01-20,347.94,6.8589,1561.57996,0.09,9388.94,12.1,11.31,115.0656,4.518558026877997
2020-01-21,351.34,6.9049,1558.02002,0.04,9370.81,12.85,11.48,115.1876,5.463412603147617
2020-01-22,348.32,6.904,1558.91003,0.05,9383.77,12.91,11.16,115.2273,2.2909406619833703
2020-01-23,350.72,6.9364,1563.32996,0.04,9402.48,12.98,11.61,115.5545,2.081360150979833
2020-01-24,350.72,6.9161,1570.65002,0.02,9314.91,14.56,12.48,115.5556,2.081360150979833
2020-01-27,350.72,6.9161,1581.94995,-0.02,9139.31,18.23,12.9,115.8004,2.081360150979833
2020-01-28,350.72,6.9161,1566.23999,0.0,9269.68,16.28,11.89,115.7239,2.081360150979833
2020-01-29,350.72,6.9161,1577.12,-0.04,9275.16,16.39,12.09,115.7003,2.081360150979833
2020-01-30,350.72,6.9161,1574.21997,-0.07,9298.93,15.49,12.23,115.8077,2.081360150979833
2020-01-31,350.72,6.9161,1590.19995,-0.14,9150.94,18.84,13.5,115.7345,2.081360150979833
2020-02-03,359.3,7.0208,1576.44995,-0.09,9273.4,17.97,12.48,116.1172,3.4577375870882747
2020-02-04,356.2,6.9979,1552.55005,-0.03,9467.97,16.05,12.01,115.9291,6.895581047309804
2020-02-05,354.22,6.972,1556.69995,0.0,9508.68,15.15,11.32,116.009,5.278175079974972
2020-02-06,352.4,6.9694,1566.84998,-0.02,9572.15,14.96,11.45,116.1518,1.3139726843602375
2020-02-07,354.3,7.0003,1570.29004,-0.07,9520.51,15.47,11.3,116.5086,0.8831380065909116
2020-02-10,355.56,6.982,1572.30005,-0.1,9628.39,15.04,11.91,116.5711,2.6158313662449477
2020-02-11,354.6,6.965,1567.71997,-0.06,9638.94,15.18,11.48,116.3585,3.5408075923931506
2020-02-12,354.0,6.9708,1565.63,-0.04,9725.96,13.74,11.07,116.2794,3.1168645329303786
2020-02-13,356.52,6.9759,1576.39001,-0.06,9711.97,14.15,11.59,116.3999,2.9668927690131
2020-02-14,356.78,6.9859,1584.69995,-0.07,9731.18,13.68,11.62,116.4223,0.8536450655070666
2020-02-17,357.9,6.9859,1581.099976,-0.07,9731.18,13.68,11.62,116.4223,0.8536450655070666
2020-02-18,359.68,6.9949,1601.91003,-0.1,9732.74,14.83,13.02,116.6039,-0.5752918111145391
2020-02-19,364.06,6.9975,1611.64001,-0.09,9817.18,14.38,13.34,116.7829,1.4818023703120389
2020-02-20,365.06,7.0225,1619.69995,-0.11,9750.96,15.56,13.35,117.2454,-0.6333431567186949
2020-02-21,371.9,7.0255,1643.69995,-0.15,9576.59,17.08,15.79,117.0473,0.6294356350571206
2020-02-24,379.7,7.0286,1660.71997,-0.21,9221.28,25.03,17.58,117.4018,4.419520917517275
2020-02-25,371.74,7.0128,1635.38,-0.2,8965.61,27.85,18.13,117.2425,3.016452360666733
2020-02-26,374.26,7.0214,1639.95996,-0.21,8980.77,27.56,16.48,117.405,4.050381688748871
2020-02-27,374.3,7.0036,1642.34998,-0.23,8566.48,39.16,18.05,117.3678,4.490739951195224
2020-02-28,369.98,6.9906,1585.12,-0.28,8567.37,40.11,21.27,117.6568,13.71977616666942
2020-03-02,361.24,6.9595,1590.72998,-0.31,8952.16,33.42,18.98,116.8144,5.309468201006325
2020-03-03,360.26,6.9579,1639.77002,-0.43,8684.09,36.82,22.01,116.4958,-6.559033940167524
2020-03-04,368.54,6.9244,1635.82996,-0.44,9018.09,31.99,18.55,116.7802,4.3642328026106725
2020-03-05,368.62,6.9366,1670.60999,-0.48,8738.6,39.62,22.43,116.7901,-3.95393079987781
2020-03-06,376.08,6.9298,1674.22998,-0.57,8575.62,41.94,25.12,116.7106,3.0647793526773057
2020-03-09,373.42,6.9448,1680.19995,-0.45,7950.68,54.46,31.29,117.1871,-1.7356131226388811
2020-03-10,368.64,6.9549,1649.35999,-0.24,8344.25,47.3,23.99,117.9027,-0.1652403893774021
2020-03-11,371.22,6.9595,1635.030029,-0.14,7952.05,53.9,26.74,118.2505,5.37720138166128
2020-03-12,367.26,7.0282,1577.089966,-0.04,7201.8,75.47,30.18,120.4883,10.898056841152936
2020-03-13,356.4,7.0079,1529.69995,0.04,7874.88,57.83,37.43,120.4388,11.74475928416416
2020-03-16,347.18,6.9913,1514.60999,0.0,6904.59,82.69,41.43,120.9352,6.733014191746918
2020-03-17,330.88,7.003,1528.57996,0.39,7334.78,75.91,45.27,122.4816,-13.282086578037877
2020-03-18,339.08,7.0459,1486.30005,0.55,6989.84,76.45,48.98,124.1623,2.387295889690847
2020-03-19,336.62,7.1058,1471.0,0.62,7150.58,72.0,39.48,125.0587,0.5603346890221133
2020-03-20,339.78,7.095,1498.23999,0.17,6879.52,66.04,36.81,124.9362,-1.9825903531757376
2020-03-23,339.62,7.09,1553.81006,-0.04,6860.67,61.59,41.16,126.1262,-14.568863806324032
2020-03-24,358.46,7.061,1622.030029,-0.13,7417.86,61.67,40.41,125.5001,-9.767178123651718
2020-03-25,364.4,7.1099,1613.79004,-0.19,7384.3,63.95,40.56,124.7916,-4.4937195298278425
2020-03-26,363.34,7.0709,1632.38,-0.24,7797.54,61.0,37.48,122.4308,-7.756363496069639
2020-03-27,367.58,7.0942,1623.5,-0.22,7502.38,65.54,34.89,122.4007,-2.713815808510276
2020-03-30,364.7,7.0986,1623.30005,-0.25,7774.15,57.08,30.42,123.2883,-5.777847667625849
2020-03-31,364.9,7.0808,1571.31006,-0.17,7700.1,53.54,29.19,122.5301,7.186807823942615
2020-04-01,358.62,7.0989,1595.050049,-0.29,7360.58,57.06,30.26,123.7933,-5.425872420984774
2020-04-02,360.7,7.0857,1613.79004,-0.4,7487.31,50.91,31.91,123.5916,-6.938114245277916
2020-04-03,363.48,7.0908,1618.44995,-0.46,7373.08,46.8,31.85,124.4152,-5.485065200379324
2020-04-06,363.48,7.0895,1663.0,-0.47,7913.24,45.24,35.76,124.16,-5.485065200379324
2020-04-07,373.88,7.0448,1648.94995,-0.42,7887.26,46.7,34.27,123.0956,0.4004042066005695
2020-04-08,370.2,7.0649,1646.52002,-0.42,8090.9,43.35,29.98,123.2216,-3.793257649396367
2020-04-09,371.46,7.0428,1684.069946,-0.5,8153.58,41.67,27.59,122.476,-9.865825572324695
2020-04-10,373.74,7.0341,1689.90002,-0.5,8153.58,41.67,27.59,122.1592,-8.433251585255675
2020-04-13,373.26,7.0501,1714.31995,-0.5,8192.42,41.17,28.41,122.5203,-15.317718889996286
2020-04-14,377.6,7.0479,1729.69995,-0.53,8515.74,37.76,28.87,122.1121,-14.341494610092129
2020-04-15,376.32,7.0664,1716.59998,-0.56,8393.18,40.84,27.39,123.0752,-13.674119590142595
2020-04-16,379.38,7.0778,1718.40002,-0.42,8532.36,40.11,27.74,123.4615,-11.65289538334912
2020-04-17,372.18,7.0711,1684.68994,-0.36,8650.14,38.15,26.96,122.871,-10.819052670406847
2020-04-20,370.8,7.0721,1694.12,-0.31,8560.73,43.83,28.01,123.1033,-14.397358882440813
2020-04-21,374.42,7.0914,1687.02002,-0.38,8263.23,45.41,30.62,123.9116,-10.209825255292742
2020-04-22,373.18,7.0831,1714.81995,-0.43,8495.38,41.98,30.44,123.9256,-17.330430911151495
2020-04-23,379.8,7.0654,1731.58997,-0.44,8494.75,41.38,30.25,123.7542,-13.544021542205885
2020-04-24,382.78,7.0813,1729.43005,-0.51,8634.52,35.93,29.22,124.1615,-10.957457619399747
2020-04-27,380.14,7.0848,1715.56995,-0.5,8730.16,33.29,26.75,123.8843,-10.634992581542292
2020-04-28,377.1,7.0776,1708.63,-0.52,8607.73,33.57,24.43,123.3693,-11.69867821949299
2020-04-29,378.74,7.0755,1712.38,-0.51,8914.71,31.23,24.16,122.7782,-10.796376613564403
2020-04-30,380.28,7.0622,1685.050049,-0.43,8889.55,34.15,24.24,122.327,-2.318757569013144
2020-05-01,380.28,7.0622,1700.41003,-0.42,8604.95,37.19,24.25,123.1492,-2.318757569013144
2020-05-04,380.28,7.0622,1701.68994,-0.43,8710.71,35.97,23.68,123.2117,-2.318757569013144
2020-05-05,380.28,7.0622,1707.17004,-0.44,8809.12,33.61,24.97,122.803,-2.318757569013144
2020-05-06,380.08,7.1031,1685.88,-0.38,8854.39,34.12,24.47,123.609,-4.924074396772085
2020-05-07,378.18,7.0825,1717.93994,-0.45,8979.66,31.44,26.15,123.1249,-13.007796391081342
2020-05-08,383.38,7.0732,1702.65002,-0.43,9121.32,27.98,24.89,122.5379,-3.817071759255441
2020-05-11,381.74,7.0972,1697.34998,-0.4,9192.34,27.57,23.55,123.2333,-5.561502340765458
2020-05-12,380.88,7.0816,1702.71997,-0.4,9002.55,33.04,22.45,123.0592,-6.792825873358311
2020-05-13,381.86,7.0911,1715.98999,-0.43,8863.17,35.28,22.71,123.5408,-9.358242901570575
2020-05-14,384.46,7.0935,1730.65002,-0.43,8943.72,32.61,24.15,123.6429,-10.234034975806594
2020-05-15,390.16,7.1013,1743.0,-0.45,9014.56,31.89,23.63,123.5991,-7.787687559277856
2020-05-18,401.16,7.1086,1732.31995,-0.44,9234.83,29.3,22.81,122.7968,5.244119260854916
2020-05-19,394.5,7.098,1745.10999,-0.45,9185.1,30.53,21.33,122.5655,-3.74427183500245
2020-05-20,398.72,7.0928,1749.5,-0.48,9375.78,27.99,20.12,122.1007,-0.2336097223785032
2020-05-21,395.06,7.1138,1726.33997,-0.46,9284.88,29.53,19.74,122.0914,0.2222075140739434
2020-05-22,394.38,7.1269,1736.069946,-0.46,9324.59,28.16,18.95,122.3211,-3.4143607036957637
2020-05-25,393.54,7.1269,1729.56995,-0.46,9324.59,28.16,18.95,122.3211,-3.4143607036957637
2020-05-26,395.34,7.134,1712.44995,-0.44,9340.22,28.01,18.57,121.3864,2.5669055476071776
2020-05-27,391.2,7.1681,1709.25,-0.46,9412.36,27.62,18.51,121.5677,-2.7130620348191883
2020-05-28,394.18,7.1447,1719.40002,-0.48,9368.99,28.59,18.1,121.0138,-0.7786806273891784
2020-05-29,394.42,7.1348,1728.30005,-0.5,9489.87,27.51,18.15,120.9458,-2.032977855868296
2020-06-01,398.0,7.1263,1740.33997,-0.52,9552.05,28.23,18.06,120.2686,-0.7392006755188163
2020-06-02,396.96,7.0992,1727.96997,-0.5,9608.37,26.84,18.1,119.6854,2.560514057131797
2020-06-03,393.04,7.1115,1698.63,-0.44,9682.91,25.66,18.47,119.2556,4.665468355651285
2020-06-04,389.74,7.1075,1711.83997,-0.4,9615.81,25.81,18.05,119.3014,-1.4347098164193994
2020-06-05,390.18,7.0808,1685.82996,-0.36,9814.08,24.52,18.17,118.8138,6.3960277535325645
2020-06-08,386.28,7.07,1695.46997,-0.4,9924.74,25.81,17.94,118.6621,0.8901664475058624
2020-06-09,386.3,7.0765,1714.56995,-0.42,9953.75,27.57,19.0,118.5893,-3.789676440754306
2020-06-10,390.4,7.0599,1737.099976,-0.52,10020.35,27.57,20.75,118.5231,-3.888492309945832
2020-06-11,393.7,7.064,1727.51001,-0.55,9492.73,40.79,23.04,119.2347,1.360529823331774
2020-06-12,393.62,7.0825,1730.80005,-0.5,9588.81,36.09,20.39,119.6645,-0.4961397953606479
2020-06-15,392.54,7.0887,1725.53003,-0.52,9726.02,34.4,20.11,119.9539,-0.7200743858729197
2020-06-16,392.4,7.0854,1727.45996,-0.52,9895.87,33.67,19.29,119.567,-1.116639625251196
2020-06-17,392.86,7.084,1727.040039,-0.52,9910.53,33.47,18.88,119.9105,-0.4832454957158347
2020-06-18,392.18,7.0869,1722.98999,-0.57,9943.05,32.94,18.31,120.2173,-0.4014702567556583
2020-06-19,392.94,7.0707,1743.62,-0.6,9946.12,35.12,18.27,120.2186,-3.433846480299678
2020-06-22,397.5,7.0678,1755.43994,-0.63,10056.47,31.77,19.55,119.7532,-1.3971790291124648
2020-06-23,396.96,7.0575,1767.54004,-0.66,10131.37,31.37,20.51,119.3285,-4.101418563827281
2020-06-24,400.06,7.077,1762.43005,-0.64,9909.17,33.84,20.01,119.9744,-0.9468790923850748
2020-06-25,400.06,7.0768,1761.81995,-0.65,10017.0,32.22,19.73,120.2997,-0.9468790923850748
2020-06-26,400.06,7.0768,1771.46997,-0.68,9757.22,34.73,20.52,120.533,-0.9468790923850748
2020-06-29,400.14,7.0794,1772.28003,-0.7,9874.15,31.78,19.26,120.6658,-3.244803780346274
2020-06-30,400.72,7.0651,1781.66003,-0.68,10058.77,30.43,19.65,120.4649,-3.980637483016381
2020-07-01,403.1,7.0703,1770.31995,-0.68,10154.63,28.62,18.85,120.0808,0.6792710632244621
2020-07-02,399.06,7.066,1776.13,-0.73,10207.63,27.68,17.7,119.8555,-4.43589531724723
2020-07-03,400.54,7.066,1775.050049,-0.73,10207.63,27.68,17.7,119.8555,-4.43589531724723
2020-07-06,399.66,7.0159,1783.90002,-0.76,10433.65,27.94,17.42,119.2852,-2.7276460950696446
2020-07-07,400.32,7.0127,1795.26001,-0.78,10343.89,29.43,17.37,119.5717,-4.445375990708442
2020-07-08,402.36,7.0041,1810.78003,-0.75,10492.5,28.08,17.74,119.5525,-5.403898214766798
2020-07-09,404.94,6.9923,1803.18994,-0.77,10547.75,29.26,17.39,119.5129,-0.4306180160431836
2020-07-10,401.88,6.999,1798.89001,-0.76,10617.44,27.29,16.64,119.3509,-2.911460124744849
2020-07-13,403.74,6.9959,1803.39001,-0.78,10390.84,32.19,16.53,119.1891,-1.8843243030205483
2020-07-14,403.02,7.006,1807.78003,-0.78,10488.58,29.52,16.0,119.3901,-4.178768311604813
2020-07-15,403.62,6.9885,1811.90002,-0.77,10550.49,27.76,15.36,119.0331,-3.487344503673228
2020-07-16,402.12,6.9881,1797.050049,-0.79,10473.83,28.0,15.37,118.9275,-1.627663363187423
2020-07-17,399.76,6.9912,1809.90002,-0.82,10503.19,25.68,15.09,119.124,-7.055085756394021
2020-07-20,401.78,6.9829,1816.089966,-0.84,10767.09,24.46,15.3,119.0483,-5.9417876953205
2020-07-21,404.54,6.98,1842.21997,-0.87,10680.36,24.84,16.67,118.4042,-8.876348340218954
2020-07-22,414.22,6.9988,1872.069946,-0.88,10706.13,24.32,22.45,118.1337,-7.026584405767835
2020-07-23,416.52,7.0034,1887.43994,-0.9,10461.42,26.08,21.99,118.0613,-8.464226077322508
2020-07-24,420.4,7.0168,1901.45996,-0.92,10363.18,25.84,21.61,118.1329,-8.560221432571893
2020-07-27,430.06,6.995,1942.42004,-0.9,10536.27,24.74,25.52,117.3869,-6.779203941678588
2020-07-28,429.94,6.9998,1959.5,-0.92,10402.09,25.44,28.96,117.3189,-11.04278650312665
2020-07-29,431.38,7.0014,1970.72998,-0.95,10542.94,24.1,26.79,117.2126,-12.231454722844717
2020-07-30,428.94,7.008,1960.5,-0.97,10587.81,24.76,24.13,117.4008,-12.784693362483324
2020-07-31,432.86,6.9744,1975.89001,-1.0,10745.27,24.46,24.46,117.2082,-10.197767960004512
2020-08-03,431.4,6.9799,1977.25,-1.02,10902.8,24.28,23.56,117.8074,-12.312356326458428
2020-08-04,431.96,6.972,2018.52002,-1.05,10941.17,23.76,26.3,117.7833,-20.50102784059669
2020-08-05,444.06,6.9353,2040.40002,-1.06,10998.4,22.99,25.69,116.8736,-10.898003398524224
2020-08-06,447.56,6.952,2063.81006,-1.08,11108.07,22.65,27.36,117.0422,-13.725949720127916
2020-08-07,449.72,6.967,2035.030029,-1.04,11010.98,22.21,26.22,117.6239,-6.114687801790751
2020-08-10,446.38,6.9611,2027.77002,-1.02,10968.36,22.13,23.89,117.5821,-7.443842532898259
2020-08-11,436.94,6.9451,1911.64001,-0.99,10782.82,24.03,27.48,117.3781,10.089933819312876
2020-08-12,417.16,6.9363,1918.069946,-0.98,11012.24,22.28,25.85,117.2559,-10.58313393797482
2020-08-13,416.74,6.944,1954.0,-0.96,11042.5,22.13,25.82,117.1193,-19.499522883276768
2020-08-14,420.3,6.9501,1944.29004,-0.94,11019.3,22.05,23.53,116.9395,-14.15304248730854
2020-08-17,424.44,6.9318,1986.19995,-0.97,11129.73,21.35,26.35,116.749,-18.209245692928448
2020-08-18,433.94,6.9215,2001.19995,-1.01,11210.84,21.51,26.46,116.5593,-11.38947912373203
2020-08-19,429.16,6.9192,1929.81995,-0.99,11146.46,22.54,28.15,116.567,-0.1424964405935043
2020-08-20,418.28,6.9143,1943.59998,-0.97,11264.95,22.72,25.91,116.8126,-13.7817725244426
2020-08-21,419.48,6.9179,1940.16003,-1.0,11311.8,22.54,25.96,117.0572,-12.041631698586968
2020-08-24,415.54,6.918,1933.089966,-1.02,11379.72,22.37,23.86,116.912,-14.41535501753816
2020-08-25,416.5,6.9116,1928.18994,-1.01,11466.47,22.03,22.76,116.8206,-11.968744331152436
2020-08-26,415.66,6.8855,1954.030029,-1.03,11665.06,23.27,24.79,116.6243,-16.911053568874877
2020-08-27,420.54,6.8925,1929.19995,-0.99,11625.34,24.47,23.08,116.649,-6.9685008238622
2020-08-28,420.4,6.8647,1964.89001,-1.03,11695.63,22.96,23.19,115.9374,-13.261178055427877
2020-08-31,422.68,6.8474,1970.15002,-1.08,11775.46,26.41,24.32,115.7586,-11.046276687446776
2020-09-01,426.98,6.8272,1970.48999,-1.08,11939.67,26.12,23.0,115.5687,-5.541396618644228
2020-09-02,422.6,6.8375,1942.97998,-1.07,12056.44,26.57,23.57,116.0304,-4.526388131560793
2020-09-03,415.3,6.8474,1930.84998,-1.02,11458.1,33.6,23.68,116.0685,-9.774417768161127
2020-09-04,416.54,6.8409,1932.84998,-0.98,11313.13,30.75,21.98,116.0347,-8.570789081035912
2020-09-07,416.36,6.8409,1929.18005,-0.98,11313.13,30.75,21.98,116.0347,-8.570789081035912
2020-09-08,416.56,6.8435,1931.26001,-0.99,10847.69,31.46,22.49,116.4618,-8.362528925522781
2020-09-09,416.5,6.8308,1946.65564,-1.0,11141.56,28.81,21.66,116.1291,-11.015081766103492
2020-09-10,419.46,6.8335,1954.069946,-1.01,10919.59,29.71,21.26,115.8806,-9.853002587843832
2020-09-11,418.34,6.833,1941.5,-0.98,10853.55,26.87,20.2,116.0866,-8.180150465381757
2020-09-14,418.44,6.808,1956.36914,-0.97,11056.65,25.85,20.91,115.6428,-9.774223644284348
2020-09-15,419.8,6.7819,1955.52014,-0.99,11190.32,25.59,20.32,115.5908,-6.587449562460847
2020-09-16,418.64,6.7529,1959.31824,-0.99,11050.47,26.04,20.08,115.3537,-6.748787207098872
2020-09-17,415.62,6.7628,1942.59998,-0.97,10910.28,26.46,19.95,115.4392,-6.75738983535615
2020-09-18,416.92,6.7675,1949.69275,-0.97,10793.28,25.83,20.22,115.2395,-7.294178006494405
2020-09-21,417.04,6.8043,1912.56995,-0.94,10778.94,27.78,21.6,116.378,-1.3598492383493408
2020-09-22,407.58,6.7779,1899.28137,-0.94,10963.77,26.86,21.63,116.5438,-6.300727176137741
2020-09-23,400.9,6.8089,1863.54993,-0.92,10633.15,28.58,23.43,117.2526,-7.051681269857113
2020-09-24,396.58,6.8273,1868.036011,-0.91,10672.43,28.51,23.41,117.5473,-13.458814213844107
2020-09-25,401.06,6.822,1860.050049,-0.92,10913.73,26.38,22.09,117.8679,-6.908924213609396
2020-09-28,400.14,6.8106,1880.85107,-0.94,11117.7,26.19,22.01,117.6178,-11.701892306074852
2020-09-29,405.9,6.815,1897.68994,-0.98,11085.42,26.27,23.28,117.526,-9.897480704743884
2020-09-30,406.1,6.7896,1885.43994,-0.94,11167.68,26.37,22.07,116.946,-5.473714103686064
2020-10-01,406.1,6.7898,1905.049072,-0.95,11326.61,26.7,22.39,116.7227,-5.473714103686064
2020-10-02,406.1,6.7898,1898.69995,-0.94,11075.11,27.63,22.59,116.7321,-5.473714103686064
2020-10-05,406.1,6.7896,1912.89795,-0.9,11332.58,27.96,22.13,116.1767,-5.473714103686064
2020-10-06,406.1,6.7896,1877.12622,-0.9,11154.7,29.48,22.79,116.2681,-5.473714103686064
2020-10-07,406.1,6.7896,1887.22327,-0.9,11364.7,28.06,23.28,116.3447,-5.473714103686064
2020-10-08,406.1,6.7896,1893.090942,-0.94,11421.08,26.36,21.96,116.1657,-5.473714103686064
2020-10-09,405.36,6.6933,1929.43005,-0.94,11580.05,25.0,22.44,115.2757,-9.842602718825788
2020-10-12,410.02,6.6933,1921.94958,-0.94,11876.36,25.07,22.66,115.2757,-9.842602718825788
2020-10-13,408.54,6.7452,1890.81799,-0.96,11864.0,26.07,23.17,115.9107,-1.5085638641310195
2020-10-14,404.04,6.7136,1900.88696,-0.96,11768.83,26.4,21.88,115.6872,-6.26092094638858
2020-10-15,403.62,6.7233,1907.82397,-0.95,11713.97,26.97,21.73,116.0964,-8.773232192550665
2020-10-16,404.98,6.6962,1898.96997,-0.95,11671.66,27.41,20.29,115.7679,-3.844817564389871
2020-10-19,404.9,6.6803,1904.26965,-0.93,11478.98,29.18,21.33,115.4031,-4.092317356406852
2020-10-20,403.58,6.6754,1906.38525,-0.91,11516.49,29.35,21.54,115.2485,-5.566369310527762
2020-10-21,404.66,6.6503,1924.49414,-0.91,11484.69,28.65,22.66,114.9108,-6.819845652161291
2020-10-22,404.86,6.6821,1904.041992,-0.89,11506.01,28.11,21.38,115.1158,-4.193611160904709
2020-10-23,403.58,6.6861,1900.79456,-0.9,11548.28,27.55,21.04,115.0126,-5.020398913819975
2020-10-26,401.56,6.7119,1901.69385,-0.91,11358.94,32.46,20.93,115.2797,-8.811146392367448
2020-10-27,405.3,6.7044,1906.82996,-0.92,11431.35,33.35,20.41,115.0131,-5.719685367370175
2020-10-28,405.36,6.7279,1877.06189,-0.91,11004.87,40.28,21.93,115.8023,-0.6613381044255107
2020-10-29,399.78,6.714,1867.13464,-0.86,11185.59,37.59,21.9,116.3069,-3.2595927455110427
2020-10-30,397.1,6.6919,1877.94995,-0.82,10911.59,38.02,23.26,116.1354,-6.939843439002004
2020-11-02,400.68,6.6899,1895.095459,-0.84,10957.61,37.13,23.74,116.2361,-6.926832387483671
2020-11-03,402.6,6.6759,1908.35999,-0.82,11160.57,35.55,23.32,115.4802,-7.000863479704833
2020-11-04,404.28,6.6504,1903.20996,-0.86,11590.78,29.57,20.49,115.1677,-2.655152570739688
2020-11-05,404.22,6.6027,1948.56006,-0.87,11890.93,27.58,22.0,114.4556,-9.423400522835038
2020-11-06,408.3,6.608,1951.51001,-0.82,11895.23,24.86,21.1,113.9919,-6.302155579918633
2020-11-09,407.42,6.628,1861.85999,-0.77,11713.78,25.75,21.86,114.0895,10.666965334447925
2020-11-10,396.54,6.6146,1876.5,-0.78,11553.86,24.8,20.46,114.0757,-2.524314305464032
2020-11-11,395.64,6.6146,1864.70996,-0.78,11786.43,23.45,19.14,114.0757,-2.524314305464032
2020-11-12,394.98,6.6114,1875.75659,-0.83,11709.59,25.35,18.98,114.2843,-3.733235459867785
2020-11-13,396.88,6.6039,1888.039795,-0.83,11829.29,23.1,17.74,114.2397,-3.988905499397162
2020-11-16,396.64,6.583,1888.5177,-0.81,11924.13,22.45,18.31,113.8312,-3.061384702686212
2020-11-17,396.18,6.5556,1878.60315,-0.83,11899.34,22.71,17.54,113.682,0.2319295211150347
2020-11-18,393.64,6.5588,1871.41003,-0.82,11801.6,23.84,17.67,113.46,-0.9845311545003028
2020-11-19,392.0,6.5823,1867.3678,-0.84,11904.71,23.11,17.96,113.694,-3.1830202369508243
2020-11-20,392.18,6.5608,1870.48584,-0.86,11854.97,23.7,17.72,113.489,-2.3699220046618734
2020-11-23,392.8,6.585,1835.84998,-0.85,11881.17,22.66,18.98,113.7548,4.12759598437475
2020-11-24,383.32,6.59,1807.51001,-0.86,12037.33,21.64,20.09,113.4316,0.356958351954006
2020-11-25,379.24,6.575,1805.29834,-0.87,12094.4,21.25,19.75,113.1823,-2.3838232192518944
2020-11-26,380.22,6.575,1810.56995,-0.87,12094.4,21.25,19.75,113.1823,-2.3838232192518944
2020-11-27,381.14,6.575,1788.12878,-0.91,12205.85,20.84,19.09,113.1823,-2.3838232192518944
2020-11-30,371.34,6.576,1777.019043,-0.93,12198.74,20.57,19.69,113.2256,-4.362966764769226
2020-12-01,374.2,6.5705,1814.86853,-0.89,12355.11,20.77,19.61,112.8063,-9.184303257350509
2020-12-02,379.64,6.5622,1831.01001,-0.9,12349.37,21.17,19.42,112.6115,-6.665524703714993
2020-12-03,383.7,6.5418,1840.35999,-0.94,12377.18,21.28,19.61,112.0236,-3.3711329137235
2020-12-04,384.46,6.5301,1837.60999,-0.92,12464.23,20.79,18.95,111.7778,-1.3415013004645857
2020-12-07,383.38,6.5295,1863.68994,-0.94,12519.95,21.3,19.79,111.8385,-7.8609684836111455
2020-12-08,389.18,6.5307,1871.35999,-0.97,12582.77,20.68,19.86,111.8639,-3.743326528943726
2020-12-09,387.0,6.541,1839.10999,-0.96,12338.95,22.27,20.26,112.0305,0.2390745546321113
2020-12-10,383.26,6.5419,1835.31006,-0.96,12405.81,22.52,19.66,111.9788,-2.754914125870073
2020-12-11,382.78,6.5445,1839.027222,-0.97,12377.87,23.31,19.24,112.1417,-4.170460699889077
2020-12-14,382.82,6.548,1827.16992,-0.98,12440.04,24.72,19.43,112.1708,-1.8411679122928035
2020-12-15,385.66,6.5388,1853.45996,-0.99,12595.06,22.89,19.75,111.8601,-3.987595494011885
2020-12-16,388.4,6.5323,1864.14563,-1.0,12658.19,22.5,19.39,111.7157,-3.10444480039223
2020-12-17,390.5,6.5321,1885.86926,-1.0,12764.75,21.93,20.1,111.2226,-5.554675301686245
2020-12-18,393.58,6.5395,1880.66003,-1.0,12755.64,21.57,19.58,111.6071,-1.8281137552044129
2020-12-21,398.36,6.5493,1876.20996,-1.0,12742.52,25.16,19.8,111.9415,3.2963611481666817
2020-12-22,392.76,6.5426,1859.56006,-1.01,12807.92,24.23,19.5,112.1947,1.602810341086979
2020-12-23,391.44,6.54,1872.075928,-1.01,12771.11,23.31,18.87,111.9807,-2.19340360795411
2020-12-24,393.04,6.54,1876.56494,-1.03,12804.73,21.53,18.99,111.9807,-2.19340360795411
2020-12-25,395.0,6.54,1875.82495,-1.03,12804.73,21.53,18.99,111.9807,-2.19340360795411
2020-12-28,395.78,6.5346,1871.18994,-1.03,12899.42,21.7,20.2,111.9752,2.6577538886620005
2020-12-29,393.86,6.53,1877.99182,-1.02,12850.22,23.08,19.53,111.5172,-0.4135249923642163
2020-12-30,393.7,6.5208,1893.36816,-1.03,12870.0,22.77,20.06,111.3084,-3.24166565589087
2020-12-31,394.98,6.525,1896.48755,-1.06,12888.28,22.75,20.79,111.3169,-2.871729347179553
2021-01-01,394.98,6.525,1898.099976,-1.06,12888.28,22.75,20.79,111.3169,-2.871729347179553
2021-01-04,400.04,6.4601,1942.27527,-1.08,12698.45,26.97,21.86,111.2075,-3.364519482598382
2021-01-05,402.32,6.455,1949.34998,-1.07,12818.96,25.34,22.14,110.9574,-2.23428234443071
2021-01-06,402.88,6.4617,1918.81006,-1.02,12740.79,25.07,21.7,110.8502,4.250425685147945
2021-01-07,399.06,6.476,1912.49902,-1.01,13067.48,22.37,20.66,111.3042,0.8622520449467288
2021-01-08,396.06,6.475,1848.26001,-0.93,13201.98,21.56,22.16,111.2847,11.296755839375066
2021-01-11,385.0,6.4795,1844.66125,-0.91,13036.43,24.08,20.65,111.8257,0.7190486802128362
2021-01-12,387.42,6.461,1855.62915,-0.93,13072.43,23.33,20.01,111.5501,1.9579157281334572
2021-01-13,387.54,6.4677,1843.41003,-0.96,13128.95,22.21,18.8,111.3622,4.219053771086863
2021-01-14,385.3,6.4736,1846.36938,-0.94,13112.64,23.25,19.21,111.1567,1.0134464491777069
2021-01-15,387.9,6.48,1826.58997,-0.99,12998.5,24.34,19.04,111.5106,7.35430560547843
2021-01-18,386.82,6.48,1836.89001,-0.99,12998.5,24.34,19.04,111.5106,7.35430560547843
2021-01-19,387.72,6.4777,1839.33691,-1.0,13197.18,23.24,18.87,111.4527,4.65466324024635
2021-01-20,388.82,6.4777,1870.90625,-1.02,13457.25,21.58,18.95,111.4527,4.65466324024635
2021-01-21,392.72,6.4595,1869.91003,-0.98,13530.91,21.32,18.85,111.1973,4.381586677222856
2021-01-22,390.9,6.481,1852.55005,-0.99,13543.06,21.91,18.42,111.5516,4.8863078415612335
2021-01-25,389.0,6.4784,1854.99146,-1.03,13635.99,23.19,18.51,111.8676,2.6326563099329974
2021-01-26,390.14,6.4635,1850.31006,-1.03,13626.06,23.02,17.88,111.6572,5.6341060391917495
2021-01-27,387.94,6.4822,1843.98999,-1.04,13270.6,37.21,18.47,112.0782,3.6388148221904544
2021-01-28,386.3,6.4491,1840.35999,-1.06,13337.16,30.21,19.38,112.0059,4.7138244406900185
2021-01-29,388.34,6.4282,1846.089966,-1.02,13070.69,33.09,20.64,111.9511,6.8062330785538165
2021-02-01,392.64,6.4669,1860.16003,-1.02,13403.39,30.24,21.81,112.4189,5.883882585336039
2021-02-02,389.5,6.457,1837.35022,-1.03,13612.78,25.56,19.61,112.2862,8.071209975083207
2021-02-03,385.1,6.4614,1833.76074,-1.04,13610.54,22.91,18.45,112.2567,4.15696640455252
2021-02-04,382.26,6.4715,1792.26001,-1.02,13777.74,21.77,19.3,112.7469,9.356286439950509
2021-02-05,377.86,6.4664,1811.6156,-1.02,13856.3,20.87,18.7,112.2379,1.226144779847914
2021-02-08,381.0,6.4475,1830.16003,-1.03,13987.64,21.24,18.45,112.0428,1.6228625902230078
2021-02-09,385.6,6.4344,1837.060059,-1.04,14007.7,21.63,18.35,111.7675,5.566266059138116
2021-02-10,385.66,6.4576,1842.21606,-1.06,13972.53,21.99,18.57,111.5834,3.185537992315972
2021-02-11,385.66,6.4567,1825.35999,-1.04,14025.77,21.25,18.31,111.5272,3.185537992315972
2021-02-12,385.66,6.4567,1823.45996,-1.01,14095.47,19.97,18.08,111.4889,3.185537992315972
2021-02-15,385.66,6.4567,1818.51294,-1.01,14095.47,19.97,18.08,111.4889,3.185537992315972
2021-02-16,385.66,6.4567,1794.31006,-0.94,14047.5,21.46,19.57,111.7879,3.185537992315972
2021-02-17,385.66,6.4567,1776.26001,-0.92,13965.5,21.5,20.49,112.0204,3.185537992315972
2021-02-18,374.18,6.4869,1775.48975,-0.87,13865.36,22.49,19.66,112.1603,3.886481287475704
2021-02-19,372.46,6.4555,1782.31006,-0.8,13874.47,22.05,19.26,111.7058,2.5433477798318904
2021-02-22,376.66,6.4625,1808.66003,-0.79,13533.05,23.45,19.12,111.918,0.8673900405099175
2021-02-23,380.66,6.464,1805.060059,-0.79,13465.2,23.11,18.3,111.8981,5.528319598244593
2021-02-24,379.6,6.4556,1804.35999,-0.79,13597.97,21.34,18.31,111.7212,5.101105938431431
2021-02-25,375.94,6.4541,1769.87915,-0.6,13119.43,28.89,21.26,111.9253,8.683034641921324
2021-02-26,369.5,6.473,1733.48999,-0.71,13192.35,27.95,21.08,112.8306,8.740577257543407
2021-03-01,367.94,6.4648,1723.83887,-0.71,13588.83,23.35,21.33,112.5263,9.643553401514282
2021-03-02,361.74,6.4702,1738.087769,-0.78,13358.79,24.1,20.06,112.5342,0.1801921653897693
2021-03-03,363.5,6.4675,1710.94995,-0.74,12997.75,26.67,20.93,112.7617,7.733967186168741
2021-03-04,360.34,6.4694,1697.18994,-0.66,12723.47,28.57,21.61,112.7037,7.331476913016218
2021-03-05,356.6,6.496,1700.85999,-0.66,12920.15,24.66,20.21,113.7487,1.3735304695613308
2021-03-08,360.36,6.525,1681.2439,-0.62,12609.16,25.47,20.64,114.2678,7.662829343964518
2021-03-09,359.04,6.505,1715.35999,-0.66,13073.82,24.03,19.54,113.928,0.288839039014988
2021-03-10,362.9,6.505,1726.047974,-0.73,13068.83,22.56,18.55,113.5881,1.913549251048892
2021-03-11,365.88,6.4932,1721.41003,-0.74,13398.67,21.91,18.21,112.9214,6.516596949025029
2021-03-12,360.76,6.5081,1726.40686,-0.62,13319.86,20.69,18.36,113.0269,-0.4735745355345671
2021-03-15,363.86,6.4996,1731.83618,-0.65,13459.71,20.03,17.86,113.1928,1.9636720778047447
2021-03-16,364.56,6.5052,1730.93994,-0.68,13471.57,19.79,17.93,112.9839,2.539311084347446
2021-03-17,366.2,6.503,1744.43994,-0.67,13525.2,19.23,17.24,113.1589,1.479215206648746
2021-03-18,369.24,6.5054,1736.4093,-0.56,13116.17,21.58,17.79,112.7744,6.064246138859005
2021-03-19,367.66,6.507,1744.74023,-0.57,13215.24,20.95,16.57,112.9756,2.6520530933817668
2021-03-22,365.7,6.507,1738.68994,-0.64,13377.54,18.88,16.47,113.0023,1.957802511614432
2021-03-23,366.8,6.516,1727.11035,-0.66,13227.7,20.3,16.69,113.2916,4.980557152732047
2021-03-24,366.24,6.523,1734.18994,-0.69,12961.89,21.2,15.7,113.6565,2.547136540260737
2021-03-25,367.22,6.5452,1726.81995,-0.69,12977.68,19.81,15.58,114.0016,3.840253774012581
2021-03-26,366.24,6.5412,1731.96643,-0.67,13138.72,18.86,15.48,113.7406,2.000000902920931
2021-03-29,366.44,6.5696,1711.99463,-0.63,13059.65,20.74,17.23,113.9314,4.836967503721439
2021-03-30,361.5,6.5716,1684.79614,-0.62,13045.39,19.61,18.3,114.203,5.533426668252787
2021-03-31,357.38,6.5518,1707.0074463,-0.63,13246.87,19.4,17.07,113.8234,-2.1927614792014083
2021-04-01,364.98,6.5645,1730.18201,-0.66,13480.11,17.33,16.74,113.7389,-0.1808277089394323
2021-04-02,369.98,6.5646,1728.83997,-0.64,13480.11,17.33,16.74,113.7315,5.096856075297012
2021-04-05,369.98,6.5649,1728.43994,-0.62,13705.59,17.91,17.08,113.394,5.096856075297012
2021-04-06,367.3,6.537,1743.56995,-0.65,13698.38,18.12,16.76,113.1464,0.8551702171781699
2021-04-07,369.1,6.5415,1737.28003,-0.66,13688.84,17.16,16.11,113.2436,3.725771496937682
2021-04-08,370.08,6.5505,1755.93994,-0.69,13829.31,16.95,15.72,113.0917,0.2732394434709704
2021-04-09,371.96,6.5522,1743.099976,-0.64,13900.19,16.69,15.3,113.2028,4.762107070033892
2021-04-12,369.18,6.5475,1732.51367,-0.64,13850.0,16.91,14.88,113.1815,4.473994105968757
2021-04-13,365.8,6.5431,1743.82983,-0.69,13996.1,16.65,14.26,113.0391,-1.0414474471683093
2021-04-14,369.54,6.5292,1736.00354,-0.69,13857.84,16.99,14.69,112.7849,5.120744502451487
2021-04-15,369.54,6.522,1763.20837,-0.77,14038.76,16.57,15.36,112.6181,-0.1818959004613702
2021-04-16,372.86,6.5203,1776.3064,-0.77,14052.34,16.25,15.32,112.4814,0.4887035246837854
2021-04-19,375.5,6.5085,1769.31006,-0.73,13914.77,17.29,16.01,112.1835,5.266601009211172
2021-04-20,372.1,6.4981,1777.2533,-0.74,13786.27,18.68,15.59,112.2354,0.7987101538411707
2021-04-21,375.98,6.4903,1793.46167,-0.76,13950.22,17.5,16.41,112.1771,1.7422365071133754
2021-04-22,376.1,6.491,1783.93994,-0.76,13818.41,18.71,16.05,112.2297,3.8089668191682895
2021-04-23,375.2,6.4945,1777.18005,-0.76,14016.81,17.33,15.74,112.0889,4.119708884048407
2021-04-26,373.14,6.4844,1780.18994,-0.78,14138.78,17.64,15.51,111.8109,2.009302588583296
2021-04-27,373.48,6.483,1776.68994,-0.76,14090.22,17.56,14.77,111.9097,3.158946709534348
2021-04-28,371.4,6.4771,1781.32373,-0.78,14051.03,17.28,14.79,111.7909,0.4510093210409991
2021-04-29,372.68,6.471,1771.24329,-0.77,14082.55,17.61,14.54,111.7464,4.1775700615687015
2021-04-30,370.76,6.4749,1768.58997,-0.76,13962.68,18.61,14.58,112.0839,2.587826554792855
2021-05-03,370.76,6.4749,1792.36145,-0.79,13895.12,18.31,15.65,112.005,2.587826554792855
2021-05-04,370.76,6.4749,1778.48315,-0.81,13633.5,19.48,15.91,112.2896,2.587826554792855
2021-05-05,370.76,6.4749,1786.44397,-0.88,13582.42,19.15,15.7,112.1514,2.587826554792855
2021-05-06,376.28,6.4635,1815.17834,-0.87,13632.84,18.39,16.57,111.8401,-0.9253048881958534
2021-05-07,380.4,6.431,1830.47705,-0.89,13752.24,16.69,16.46,111.0249,1.9281910862121665
2021-05-10,381.76,6.4156,1835.43994,-0.91,13401.86,19.66,17.19,110.7905,3.170822606330489
2021-05-11,381.54,6.4285,1836.93994,-0.89,13389.43,21.84,17.17,110.8921,1.879562933753448
2021-05-12,382.44,6.4566,1815.43994,-0.85,13031.68,27.59,17.56,111.5636,5.583070181683695
2021-05-13,380.68,6.4506,1826.56995,-0.85,13124.99,23.13,17.1,111.5955,1.865007492082896
2021-05-14,382.96,6.4367,1842.18994,-0.88,13429.98,18.81,16.75,111.1353,1.7288206536884445
2021-05-17,387.3,6.4388,1866.13245,-0.9,13379.05,19.72,17.62,111.079,0.9880537862298412
2021-05-18,389.96,6.425,1868.21997,-0.88,13303.64,21.34,17.0,110.8317,4.0448037278762285
2021-05-19,390.3,6.4342,1869.56995,-0.8,13299.74,22.18,17.79,110.8807,3.5529467008536244
2021-05-20,390.4,6.4339,1876.68994,-0.78,13535.74,20.67,17.29,110.8605,2.1981768943687143
2021-05-21,390.4,6.4339,1880.30005,-0.8,13470.99,20.15,16.47,111.0576,1.451409272429089
2021-05-24,391.66,6.4177,1881.069946,-0.83,13661.17,18.4,16.91,110.9118,3.531892473702328
2021-05-25,389.82,6.41,1899.26404,-0.86,13657.17,18.84,17.09,110.842,-1.5919792434935405
2021-05-26,393.4,6.3905,1896.43994,-0.82,13738.0,17.36,16.81,110.8677,3.758980932370889
2021-05-27,390.96,6.3824,1896.079956,-0.81,13736.28,16.74,16.15,110.8688,1.8867217138135857
2021-05-28,391.38,6.3674,1902.64001,-0.84,13748.74,16.76,16.08,110.7576,1.8781754569743043
2021-05-31,394.38,6.3674,1906.35999,-0.84,13748.74,16.76,16.08,110.7576,1.8781754569743043
2021-06-01,396.9,6.3796,1900.18994,-0.84,13736.48,17.9,16.09,110.5046,7.154416987670174
2021-06-02,389.98,6.3805,1907.94397,-0.85,13756.33,17.48,15.65,110.5799,-1.4112100112527628
2021-06-03,387.5,6.4036,1870.56995,-0.79,13614.51,18.04,15.95,111.1782,2.386371893195303
2021-06-04,382.62,6.3945,1889.96997,-0.84,13814.49,16.42,15.83,110.7521,-5.934759855482525
2021-06-07,385.32,6.3963,1898.99622,-0.82,13881.72,16.42,15.57,110.5155,-5.200344076583065
2021-06-08,387.9,6.4,1892.81995,-0.83,13924.91,17.07,15.59,110.649,-1.5753863713087526
2021-06-09,387.7,6.3865,1888.29834,-0.82,13911.75,17.89,15.43,110.5707,-0.0254118800135074
2021-06-10,386.46,6.3929,1898.13745,-0.9,14020.33,16.1,15.5,110.5456,-3.67625167923228
2021-06-11,389.92,6.3967,1876.64001,-0.85,14069.42,15.65,15.21,111.0933,3.972979504975342
2021-06-14,389.92,6.3979,1865.995,-0.85,14174.14,16.39,16.13,110.9659,3.972979504975342
2021-06-15,382.66,6.4052,1858.69495,-0.87,14072.86,17.02,16.26,111.3507,-0.1044121639043282
2021-06-16,382.24,6.3969,1811.95251,-0.75,14039.68,18.15,16.3,111.1165,9.584864365135786
2021-06-17,375.66,6.4477,1773.31494,-0.75,14161.35,17.75,17.66,112.5772,8.054980029964497
2021-06-18,371.62,6.4525,1763.33997,-0.79,14030.38,20.7,17.9,113.0408,5.81064875576709
2021-06-21,371.94,6.4659,1782.94824,-0.75,14141.48,17.89,16.91,112.8391,1.294734193386546
2021-06-22,373.44,6.4811,1778.51245,-0.83,14253.27,16.66,16.66,112.9174,2.8477181122703428
2021-06-23,374.02,6.4727,1778.73047,-0.84,14271.73,16.32,16.2,112.3819,3.862663585480732
2021-06-24,371.94,6.4701,1775.18274,-0.81,14369.71,15.97,15.7,112.326,2.6693440907292825
2021-06-25,371.4,6.4545,1780.33997,-0.8,14360.39,15.62,15.29,111.9655,1.9494771853649693
2021-06-28,372.16,6.4555,1778.17505,-0.84,14500.51,15.76,15.36,112.0248,3.101564927580569
2021-06-29,370.8,6.4635,1761.089966,-0.83,14528.33,16.02,16.19,112.2613,4.834594330509447
2021-06-30,367.5,6.4566,1769.80249,-0.87,14503.95,15.83,15.97,112.5533,0.1166908246981961
2021-07-01,371.78,6.4679,1776.59998,-0.87,14522.38,15.48,15.8,112.74,2.3401938482164155
2021-07-02,372.64,6.4721,1786.79016,-0.89,14639.33,15.07,15.28,112.5425,0.8398940782869886
2021-07-05,373.88,6.4721,1791.61206,-0.89,14639.33,15.07,15.28,112.5425,0.8398940782869886
2021-07-06,377.46,6.4786,1796.68726,-0.94,14663.64,16.44,15.45,112.9516,3.225007711800913
2021-07-07,377.3,6.4718,1803.40503,-0.95,14665.06,16.2,15.21,113.1048,2.060021439580794
2021-07-08,376.62,6.4898,1802.55505,-0.92,14559.78,19.0,15.82,113.0776,0.5137173150931744
2021-07-09,377.78,6.4788,1807.97998,-0.91,14701.92,16.18,15.27,112.8375,1.1812026162971847
2021-07-12,377.0,6.4751,1805.87744,-0.95,14733.24,16.17,15.04,112.7611,1.0539806856463088
2021-07-13,378.8,6.4685,1807.43506,-0.94,14677.65,17.12,14.84,113.0063,2.913244952818843
2021-07-14,379.5,6.4688,1827.061646,-0.97,14644.95,16.33,14.79,112.8801,-0.4860586636488051
2021-07-15,382.48,6.46,1829.18665,-1.01,14543.13,17.01,15.01,113.0041,2.569515360007699
2021-07-16,381.48,6.4785,1810.89001,-1.02,14427.24,18.45,14.6,113.0428,4.292515318694029
2021-07-19,377.84,6.4893,1812.34253,-1.05,14274.98,22.5,15.96,113.5472,-0.2793235465140924
2021-07-20,380.68,6.4845,1810.030396,-1.03,14498.88,19.73,15.01,113.7502,3.322400280932982
2021-07-21,379.28,6.4664,1803.31445,-0.98,14631.95,17.91,15.01,113.3926,4.371949154275171
2021-07-22,376.3,6.47,1806.68994,-1.01,14684.6,17.69,14.51,113.4695,0.4810757053065231
2021-07-23,378.02,6.4808,1801.33997,-1.05,14836.99,17.2,14.53,113.4398,2.6884753299146382
2021-07-26,379.04,6.4825,1797.26501,-1.11,14840.71,17.58,15.2,113.2238,4.459312060539844
2021-07-27,375.84,6.5104,1798.73206,-1.13,14660.58,19.36,15.51,113.2227,-0.6599181257415125
2021-07-28,379.9,6.4905,1806.88086,-1.15,14762.58,18.31,15.61,113.1807,2.850464679859215
2021-07-29,381.16,6.4562,1827.95496,-1.15,14778.26,17.7,15.21,112.4834,1.7286558505634844
2021-07-30,382.5,6.4609,1813.58154,-1.16,14672.68,18.24,15.09,112.6714,5.778120732843661
2021-08-02,377.84,6.462,1813.38501,-1.17,14681.07,19.46,15.23,112.6691,1.0948126538813767
2021-08-03,377.82,6.47,1809.93994,-1.19,14761.29,18.04,15.09,112.8228,1.3250263860980454
2021-08-04,378.66,6.4655,1811.40503,-1.16,14780.53,17.97,14.88,112.8953,2.122336345909673
2021-08-05,378.04,6.4608,1804.013062,-1.1,14895.12,17.28,14.84,112.7674,3.3115099275130437
2021-08-06,375.9,6.4825,1762.68994,-1.06,14835.76,16.15,15.9,113.3088,8.52534647065437
2021-08-09,365.6,6.4857,1729.45752,-1.04,14860.18,16.72,17.26,113.4521,4.973619127622385
2021-08-10,363.92,6.4852,1728.71045,-1.04,14788.09,16.79,16.93,113.4973,3.4771877653640786
2021-08-11,363.52,6.4783,1751.56274,-1.07,14765.14,16.06,15.85,113.282,-1.299036395968301
2021-08-12,367.16,6.4782,1752.4375,-1.05,14816.26,15.59,15.67,113.2691,2.1644010320381994
2021-08-13,368.04,6.4768,1779.15149,-1.08,14822.9,15.45,15.15,113.0615,-2.439475635603685
2021-08-16,371.24,6.4742,1787.23828,-1.1,14793.76,16.12,15.62,113.1698,-0.7740200419888197
2021-08-17,375.02,6.4854,1785.95557,-1.07,14656.18,17.91,16.1,113.6174,2.6298749761922977
2021-08-18,375.4,6.4841,1787.58997,-1.05,14525.91,21.57,15.8,113.6959,2.7437997499638414
2021-08-19,374.28,6.4942,1780.17896,-1.04,14541.79,21.67,15.91,114.1106,2.59069808761069
2021-08-20,375.5,6.5012,1780.86682,-1.01,14714.66,18.56,15.34,114.5009,3.2662844958284154
2021-08-23,374.88,6.4805,1805.19751,-1.02,14942.65,17.15,15.84,113.9418,-1.2378794526339334
2021-08-24,377.68,6.471,1802.60547,-1.01,15019.8,17.22,15.45,113.6795,2.652752379314279
2021-08-25,375.54,6.4756,1790.68005,-1.0,15041.86,16.79,15.9,113.6322,2.7289744954748016
2021-08-26,373.96,6.4809,1792.15503,-0.99,14945.81,18.84,16.44,113.7883,0.5365095913000459
2021-08-27,377.78,6.4711,1816.66895,-1.08,15129.5,16.39,15.27,113.3404,-0.1789577489672069
2021-08-30,379.04,6.4658,1810.16528,-1.08,15265.89,16.19,15.52,113.246,2.742584357901933
2021-08-31,378.84,6.4604,1813.4281,-1.03,15259.24,16.48,15.47,113.1076,2.1791452010223797
2021-09-01,379.12,6.4586,1813.65503,-1.03,15309.38,16.11,15.12,112.8732,2.516968934107126
2021-09-02,378.92,6.456,1809.40051,-1.03,15331.18,16.41,14.76,112.7863,3.3516654858777883
2021-09-03,378.54,6.4528,1826.18994,-1.01,15363.52,16.41,14.95,112.5476,-0.325351000112505
2021-09-05,378.54,6.451900005340576,1826.18994,-1.01,15363.52,16.41,14.95,92.04000091552734,3.3865701831633146
2021-09-06,380.96,6.4528,1823.10278,-1.01,15363.52,16.41,14.95,112.5476,-0.325351000112505
2021-09-07,379.42,6.4654998779296875,1794.1333,-0.98,15374.33,18.14,15.36,92.5199966430664,6.472626484492537
2021-09-08,374.96,6.460700035095215,1788.92505,-1.03,15286.64,17.96,15.14,92.6500015258789,3.371332058523592
2021-09-09,373.2,6.4542999267578125,1794.69495,-1.08,15248.25,18.8,15.1,92.4800033569336,0.7821214867259982
2021-09-10,375.5,6.444,1787.33826,-1.05,15115.49,20.95,15.15,112.9425,5.200588440529259
2021-09-12,375.5,6.443399906158447,1787.33826,-1.05,15115.49,20.95,15.15,92.58000183105469,0.7821214867259982
2021-09-13,373.3,6.4511,1793.48914,-1.04,15105.58,19.37,15.09,113.0341,1.3168536964007558
2021-09-14,373.82,6.438300132751465,1804.2655,-1.05,15037.76,19.46,15.02,92.6500015258789,0.3442558500204882
2021-09-15,374.82,6.432,1792.58997,-1.04,15161.53,18.18,15.14,112.9773,4.124139822206473
2021-09-16,371.76,6.4566,1753.39331,-1.01,15181.92,18.69,15.92,113.3036,7.782979878598894
2021-09-17,367.86,6.456600189208984,1754.15649,-0.96,15043.97,20.81,15.92,93.19999694824219,7.782969212346927
2021-09-19,367.86,6.465199947357178,1754.15649,-0.96,15043.97,20.81,15.92,93.19999694824219,7.782969212346927
2021-09-20,367.86,6.465000152587891,1763.87549,-0.98,14713.9,25.71,16.85,93.23999786376953,7.782969212346927
2021-09-21,367.86,6.4651,1774.24622,-0.96,14746.4,24.36,16.46,113.8179,3.222618801903309
2021-09-22,372.52,6.4611,1767.91345,-0.96,14896.85,20.87,16.41,113.6223,5.273047348529872
2021-09-23,369.26,6.459,1742.57251,-0.9,15052.24,18.63,16.82,113.513,7.394748755284809
2021-09-24,366.78,6.466,1749.86304,-0.87,15047.7,17.75,16.44,113.7597,3.0069707061905437
2021-09-26,366.78,6.465700149536133,1749.86304,-0.87,15047.7,17.75,16.44,93.33000183105469,7.4563735670714095
2021-09-27,367.86,6.456,1749.85498,-0.87,14969.97,18.76,16.2,113.7432,4.651237292266103
2021-09-28,364.22,6.4595,1733.68225,-0.84,14546.68,23.25,16.78,114.2469,4.173044066584168
2021-09-29,364.48,6.4702,1726.10754,-0.82,14512.44,22.56,17.39,114.7092,5.412338633658578
2021-09-30,362.78,6.4434,1756.66064,-0.85,14448.58,23.14,17.16,114.6403,-1.1297583158165594
2021-10-01,362.78,6.445499897003174,1760.36023,-0.9,14566.7,21.15,16.32,94.04000091552734,-1.2483561074969316
2021-10-03,362.78,6.445700168609619,1760.36023,-0.9,14566.7,21.15,16.32,94.04000091552734,-1.2483561074969316
2021-10-04,362.78,6.445199966430664,1769.505,-0.89,14255.48,22.96,16.77,93.80999755859375,-1.2483561074969316
2021-10-05,362.78,6.445199966430664,1759.96252,-0.91,14433.83,21.3,16.56,93.9800033569336,-1.2483561074969316
2021-10-06,362.78,6.4434,1762.4751,-0.9,14501.91,21.0,16.58,114.7185,-1.1297583158165594
2021-10-07,362.78,6.445199966430664,1755.2926,-0.88,14654.02,19.54,16.29,94.22000122070312,-1.2483561074969316
2021-10-08,367.54,6.4435,1756.66748,-0.89,14579.54,18.77,15.67,114.5986,3.62317689713376
2021-10-10,367.54,6.442299842834473,1756.66748,-0.89,14579.54,18.77,15.67,94.06999969482422,-1.2483561074969316
2021-10-11,366.16,6.4435,1753.85583,-0.89,14486.2,20.0,15.56,114.5986,3.62317689713376
2021-10-12,368.22,6.447999954223633,1759.92993,-0.9,14465.92,19.85,15.1,94.5199966430664,3.3726963821820277
2021-10-13,368.1,6.4262,1792.64661,-0.96,14571.64,18.64,15.51,114.4705,-2.2732906323082034
2021-10-14,373.24,6.439000129699707,1795.56006,-1.0,14823.43,16.86,15.34,93.95999908447266,1.5258373101543725
2021-10-15,372.58,6.434,1767.25635,-0.97,14897.34,16.3,15.06,114.0905,7.009329306991106
2021-10-17,372.58,6.434800148010254,1767.25635,-0.97,14897.34,16.3,15.06,93.94000244140625,1.5258373101543725
2021-10-18,367.58,6.428899765014648,1764.59875,-0.95,15021.81,16.31,15.53,93.94999694824219,2.8484267294631422
2021-10-19,368.76,6.3822,1768.87,-0.89,15129.09,15.7,15.32,113.647,5.801422540871613
2021-10-20,367.66,6.392899990081787,1781.82996,-0.92,15121.68,15.49,15.27,93.55999755859375,1.4291663764067835
2021-10-21,369.54,6.3925,1782.76257,-0.96,15215.7,15.01,15.15,113.6188,3.140407390647397
2021-10-22,371.08,6.3917999267578125,1792.48206,-0.98,15090.2,15.43,15.74,93.61000061035156,3.1805335620567234
2021-10-24,371.08,6.383900165557861,1792.48206,-0.98,15090.2,15.43,15.74,93.61000061035156,3.1805335620567234
2021-10-25,370.14,6.3856,1807.47168,-1.02,15226.71,15.24,16.73,113.605,-0.936925741733262
2021-10-26,371.64,6.382,1792.63281,-1.06,15235.71,15.98,15.96,113.674,3.817002799684929
2021-10-27,368.92,6.3915,1796.6875,-1.11,15235.84,16.98,16.08,113.6218,-0.2837280772260442
2021-10-28,372.56,6.390399932861328,1798.62256,-1.0,15448.12,16.53,15.8,93.3499984741211,3.0222474426713575
2021-10-29,370.48,6.390399932861328,1782.80823,-0.96,15498.39,16.26,16.07,94.12000274658203,3.0222474426713575
2021-11-01,368.78,6.3972,1793.045044,-0.92,15595.92,16.41,16.31,114.2067,-0.0038267550854129
2021-11-02,371.26,6.3995,1787.28113,-0.95,15649.6,16.03,16.47,114.2847,3.5295004923883084
2021-11-03,368.04,6.398900032043457,1769.51624,-0.93,15811.58,15.1,16.28,93.86000061035156,3.998733749018072
2021-11-04,366.58,6.397,1791.70496,-1.03,15940.31,15.44,15.87,114.3558,-1.916684589194176
2021-11-05,371.74,6.3961,1816.72998,-1.09,15971.59,16.48,16.64,114.0732,-1.8509664532286931
2021-11-08,375.9,6.397900104522705,1824.26001,-1.11,15982.36,17.22,16.66,94.05000305175781,0.6549854950217195
2021-11-09,377.46,6.3916,1831.48328,-1.17,15886.54,17.78,16.76,113.762,1.1001519942128084
2021-11-10,377.46,6.39169979095459,1849.5686,-1.14,15622.71,18.73,16.8,94.8499984741211,-2.6222169201593033
2021-11-11,383.36,6.3882,1861.52441,-1.14,15704.28,17.66,16.95,114.1484,-2.414101966659757
2021-11-12,383.6,6.3787,1864.044067,-1.15,15860.96,16.29,16.85,114.5144,1.322189137142118
2021-11-15,382.2,6.378600120544434,1862.45911,-1.13,15853.85,16.49,17.0,95.41000366210938,0.25321254665618653
2021-11-16,384.02,6.3821001052856445,1849.91003,-1.1,15973.86,16.37,16.67,95.91999816894531,4.438570346360677
2021-11-17,382.26,6.3775,1866.95996,-1.1,15921.57,17.11,16.69,115.0263,-0.5437727233269243
2021-11-18,383.54,6.3851,1858.45996,-1.14,15993.71,17.59,16.25,115.0678,2.024971447071892
2021-11-19,382.74,6.3863,1844.59998,-1.11,16057.44,17.91,15.99,115.2187,3.999059196746316
2021-11-22,379.14,6.3842,1805.040039,-0.98,15854.76,19.17,16.59,115.6481,8.64354085605163
2021-11-23,371.78,6.391,1789.73315,-0.95,15775.14,19.38,16.81,116.0118,4.034101253878191
2021-11-24,369.76,6.3907999992370605,1788.5,-0.97,15845.23,18.58,16.75,96.83999633789062,2.27898343802201
2021-11-25,369.78,6.3917999267578125,1788.44995,-0.97,15845.23,18.58,16.75,96.83999633789062,2.2517713627079274
2021-11-26,372.7,6.386000156402588,1791.81055,-1.07,15491.66,28.62,17.99,96.08999633789062,4.815277941588363
2021-11-29,371.42,6.3875,1785.01001,-1.02,15782.83,22.96,17.55,116.581,4.8454524772132
2021-11-30,370.24,6.364,1773.78455,-1.07,15537.69,27.19,17.99,116.2071,7.310912398926121
2021-12-01,368.74,6.3632001876831055,1782.66003,-1.01,15254.05,31.12,18.39,96.05000305175781,4.040765590008505
2021-12-02,367.0,6.367300033569336,1768.63525,-1.03,15381.32,27.95,18.45,96.12999725341797,4.93684676332532
2021-12-03,365.92,6.3758,1783.73608,-1.08,15085.47,30.67,17.92,116.2377,0.2780465586188256
2021-12-06,368.68,6.3756,1778.10779,-1.01,15225.15,27.18,17.44,116.1538,4.203203950552165
2021-12-07,367.88,6.3657,1784.041992,-0.99,15686.92,21.89,17.02,115.8555,2.7546569204623665
2021-12-08,368.28,6.3435,1782.060059,-1.0,15786.99,19.9,16.48,115.4418,4.832221317006088
2021-12-09,366.72,6.3772,1774.45996,-0.98,15517.37,21.58,16.7,115.7784,2.8996564080570124
2021-12-10,365.62,6.376500129699707,1782.51001,-0.96,15630.6,18.69,15.35,96.05000305175781,0.18925072882387894
2021-12-13,368.14,6.3659,1786.94324,-0.98,15413.28,20.31,15.97,115.842,2.409391820341739
2021-12-14,368.52,6.3671,1770.17578,-0.93,15237.64,21.89,16.41,116.2397,6.152864184480848
2021-12-15,364.36,6.3673,1777.060059,-0.92,15565.58,19.29,15.54,116.4219,0.572178254193318
2021-12-16,368.08,6.366499900817871,1799.027222,-0.98,15180.43,20.57,15.22,96.04000091552734,-0.15851432898710982
2021-12-17,372.78,6.3748,1797.68201,-0.97,15169.68,21.57,15.07,115.791,4.337114879418721
2021-12-20,372.34,6.3756,1789.31799,-0.96,14980.94,22.87,15.77,116.0092,5.565335507450868
2021-12-21,369.72,6.3716,1788.36035,-0.96,15341.09,21.01,15.42,116.1089,3.37162100535312
2021-12-22,368.9,6.3695,1803.39539,-1.01,15521.89,18.63,14.94,115.7485,-0.4065711770379607
2021-12-23,372.78,6.369100093841553,1807.91003,-0.97,15653.37,17.96,14.62,96.0199966430664,2.5721474518917375
2021-12-24,373.56,6.3696,1808.11499,-0.97,15653.37,17.96,14.62,115.5337,2.5430900995707475
2021-12-27,373.44,6.3705,1810.90002,-1.02,15871.26,17.68,15.44,115.4684,2.5383787223302647
2021-12-28,374.54,6.369800090789795,1805.36572,-1.01,15781.72,17.54,15.06,96.19999694824219,4.812518296500912
2021-12-29,372.58,6.368,1803.66003,-0.98,15766.22,16.95,15.13,115.3678,3.3062182378188822
2021-12-30,370.82,6.367300033569336,1815.010864,-1.06,15741.56,17.33,14.77,95.97000122070312,-0.7368580795058506
2021-12-31,374.7,6.3726,1828.39026,-1.04,15644.97,17.22,14.61,115.283,-1.0461318477470627
2022-01-03,374.7,6.355,1800.84875,-0.97,15832.8,16.6,15.34,115.4101,-1.0461318477470627
2022-01-04,371.74,6.3721,1814.56006,-0.91,15622.72,16.91,15.33,115.3103,-0.0045997500602652
2022-01-05,373.1,6.364,1809.53418,-0.82,15100.17,19.73,16.21,115.137,2.8562807555420022
2022-01-06,370.64,6.3822,1788.67578,-0.73,15080.86,19.61,15.87,115.4046,3.617428163518582
2022-01-07,368.14,6.3769,1795.63208,-0.72,14935.9,18.76,15.04,115.0451,-0.0039777180060127
2022-01-10,368.56,6.376200199127197,1801.4054,-0.7,14942.83,19.4,15.56,95.98999786376953,-0.7271049942549439
2022-01-11,371.94,6.373899936676025,1822.01001,-0.79,15153.45,18.41,15.21,95.62000274658203,-1.4362916508458738
2022-01-12,373.92,6.372900009155273,1825.31946,-0.74,15188.39,17.62,15.32,95.0,-0.07580122318381655
2022-01-13,374.92,6.357600212097168,1822.087646,-0.73,14806.81,20.31,15.17,94.79000091552734,2.482660000667863
2022-01-14,374.58,6.358099937438965,1817.21899,-0.66,14893.75,19.19,14.73,95.16999816894531,3.1086238966065025
2022-01-17,372.52,6.351500034332275,1818.98999,-0.66,14893.75,19.19,14.73,95.16999816894531,1.0725749856104017
2022-01-18,371.76,6.346700191497803,1813.53674,-0.59,14506.9,22.79,15.09,95.7300033569336,1.706019739055023
2022-01-19,373.06,6.3447,1839.95996,-0.57,14340.26,23.85,15.64,114.6109,-2.2673412385100846
2022-01-20,378.4,6.3406,1838.35999,-0.5,14154.02,25.59,15.09,114.4642,3.6413602136736927
2022-01-21,378.22,6.3385,1833.23865,-0.59,13768.92,28.85,15.2,114.6125,4.629144211262428
2022-01-24,377.2,6.3304,1843.060059,-0.63,13855.13,29.9,16.3,115.2034,2.0876365202115608
2022-01-25,377.92,6.3257,1847.56006,-0.63,13539.29,31.16,16.47,115.1654,2.170946949957397
2022-01-26,378.58,6.3206,1818.11707,-0.53,13542.12,31.96,16.42,115.0922,9.117053622839876
2022-01-27,371.58,6.3196001052856445,1796.51001,-0.59,13352.78,30.49,17.15,97.26000213623047,6.565617427533425
2022-01-28,370.1,6.3668999671936035,1791.033569,-0.66,13770.57,27.66,17.12,97.2699966430664,3.474650064824175
2022-01-31,370.1,6.35099983215332,1796.46863,-0.65,14239.88,24.83,16.7,96.54000091552734,3.474650064824175
2022-02-01,370.1,6.359499931335449,1800.65186,-0.62,14346.0,21.96,16.5,96.38999938964844,3.474650064824175
2022-02-02,370.1,6.361,1806.49756,-0.63,14417.55,22.09,15.66,115.1538,3.843179525632195
2022-02-03,370.1,6.361,1804.40466,-0.56,13878.82,24.35,16.01,114.9065,3.843179525632195
2022-02-04,370.1,6.359499931335449,1807.49402,-0.48,14098.01,23.22,15.53,95.4800033569336,3.474650064824175
2022-02-07,372.14,6.359499931335449,1820.31006,-0.48,14015.67,22.86,16.15,95.4000015258789,-0.04517856766045725
2022-02-08,374.8,6.366,1825.48486,-0.46,14194.45,21.44,15.86,115.0892,1.1752754911826742
2022-02-09,376.58,6.365699768066406,1832.42554,-0.48,14490.37,19.96,15.63,95.48999786376953,1.5524039102685947
2022-02-10,377.4,6.3526,1826.57007,-0.42,14185.64,23.91,15.92,114.5527,4.34008627061263
2022-02-11,375.24,6.35260009765625,1859.95911,-0.51,13791.15,27.36,17.81,96.08000183105469,-4.639319813610371
2022-02-14,381.7,6.353099822998047,1870.2948,-0.5,13790.92,28.33,18.95,96.37000274658203,-0.32033735220051085
2022-02-15,385.58,6.355899810791016,1853.060059,-0.43,14139.76,25.7,17.7,95.98999786376953,6.913159342759229
2022-02-16,379.84,6.3379998207092285,1868.36743,-0.43,14124.09,24.29,18.07,95.69999694824219,-0.8796115022091726
2022-02-17,383.54,6.3381,1897.26965,-0.46,13716.72,28.11,19.79,114.6755,-3.075164488401583
2022-02-18,386.64,6.3251,1897.86804,-0.49,13548.07,27.75,18.54,114.7982,0.696130666838144
2022-02-21,386.0,6.3251,1905.63477,-0.49,13548.07,27.75,18.54,114.7982,0.696130666838144
2022-02-22,390.72,6.326,1898.1344,-0.51,13381.52,28.81,17.93,114.7002,4.667040866783566
2022-02-23,387.58,6.325300216674805,1907.54944,-0.54,13037.49,31.02,17.69,96.19000244140625,-0.3449244023953497
2022-02-24,396.04,6.312300205230713,1903.14404,-0.59,13473.59,30.32,18.12,97.13999938964844,9.806408466069513
2022-02-25,391.42,6.3169,1887.56079,-0.57,13694.62,27.59,18.4,115.2577,8.069806152008596
2022-02-28,389.02,6.315999984741211,1907.90283,-0.79,13751.4,30.15,20.97,96.70999908447266,1.5936896115319996
2022-03-01,389.14,6.3116,1943.21899,-0.9,13532.46,33.32,22.7,115.7962,-5.182856825887825
2022-03-02,394.5,6.311500072479248,1926.11084,-0.85,13752.02,30.74,21.85,97.38999938964844,3.6549598513651063
2022-03-03,393.2,6.3196001052856445,1935.20996,-0.83,13537.94,30.48,22.94,97.79000091552734,0.004601830474769031
2022-03-04,394.64,6.319200038909912,1968.45349,-0.93,13313.44,31.98,26.29,98.6500015258789,-5.284489867711159
2022-03-07,403.3,6.3194,1998.10999,-0.99,12830.96,36.45,29.67,117.3278,-2.66255311479415
2022-03-08,412.2,6.3178,2052.40991,-1.04,12795.55,35.13,31.7,117.6176,-4.6892674264310585
2022-03-09,417.16,6.317599773406982,1991.48999,-0.9,13255.55,32.45,28.01,97.97000122070312,12.657718598669817
2022-03-10,404.0,6.3212,1995.85864,-0.88,13129.96,30.23,26.08,116.7401,-1.6206418945777727
2022-03-11,404.78,6.320799827575684,1985.28845,-0.94,12843.81,30.75,24.73,99.12000274658203,1.3330923385472033
2022-03-14,402.5,6.338699817657471,1951.11499,-0.79,12581.22,31.77,24.08,99.05999755859375,4.874902138288007
2022-03-15,394.46,6.364500045776367,1917.84265,-0.69,12948.62,29.83,23.8,99.06999969482422,2.024755293877888
2022-03-16,391.04,6.369100093841553,1927.9292,-0.61,13436.55,26.67,22.51,98.37999725341797,-3.744318441328801
2022-03-17,395.44,6.3459,1942.64001,-0.71,13614.78,25.67,22.23,116.0467,-0.9076534621184464
2022-03-18,395.9,6.3454999923706055,1921.087036,-0.72,13893.84,23.87,22.0,98.2300033569336,3.9744040933892393
2022-03-21,394.76,6.360199928283691,1935.95239,-0.58,13838.46,23.53,21.89,98.5,-1.1132699547845277
2022-03-22,397.16,6.354499816894531,1921.44165,-0.53,14108.82,22.94,20.58,98.48999786376953,4.606087639702139
2022-03-23,394.76,6.365300178527832,1943.38086,-0.62,13922.6,23.57,23.41,98.62000274658203,-2.9509500572466436
2022-03-24,399.02,6.367,1957.47998,-0.58,14191.84,21.67,24.07,115.9599,-1.6832981066439745
2022-03-25,401.7,6.366300106048584,1957.40002,-0.47,14169.3,20.81,24.68,98.80999755859375,1.0571156009613105
2022-03-27,401.7,6.365200042724609,1957.40002,-0.47,14169.3,20.81,24.68,98.80999755859375,1.0571156009613105
2022-03-28,397.68,6.370699882507324,1923.20251,-0.49,14354.9,19.63,23.2,99.08999633789062,3.7646527080621013
2022-03-29,395.54,6.3635,1919.18506,-0.45,14619.64,18.9,21.28,115.5679,2.891772973781144
2022-03-30,394.74,6.347,1933.059448,-0.51,14442.27,19.33,21.08,115.0818,0.2786591073030422
2022-03-31,394.34,6.3393,1937.22998,-0.52,14220.52,20.56,20.25,115.2218,-0.4928005598727054
2022-04-01,396.26,6.338900089263916,1924.30005,-0.41,14261.5,19.63,19.08,98.62999725341797,-0.4678927820577883
2022-04-03,396.26,6.362100124359131,1924.30005,-0.41,14261.5,19.63,19.08,98.62999725341797,-0.4678927820577883
2022-04-04,396.26,6.362400054931641,1932.43909,-0.38,14532.55,18.57,19.22,98.98999786376953,-0.4678927820577883
2022-04-05,396.26,6.3619,1923.75745,-0.3,14204.17,21.03,18.47,115.73,2.627159061681141
2022-04-06,394.5,6.358500003814697,1925.48083,-0.22,13888.82,22.1,18.88,99.5999984741211,0.8732420820767288
2022-04-07,394.94,6.3597002029418945,1932.17407,-0.16,13897.3,21.55,18.43,99.75,-0.1296167665396979
2022-04-08,396.04,6.3597002029418945,1945.84998,-0.15,13711.0,21.16,18.37,99.80000305175781,-0.1296167665396979
2022-04-10,396.04,6.363999843597412,1945.84998,-0.15,13711.0,21.16,18.37,99.80000305175781,-0.1296167665396979
2022-04-11,399.6,6.3692,1953.43237,-0.12,13411.96,24.37,19.25,116.5401,-0.4129069398620686
2022-04-12,401.78,6.3651,1966.58997,-0.14,13371.57,24.26,19.37,116.3866,-0.668014469336299
2022-04-13,403.7,6.3678,1977.72278,-0.1,13643.59,21.82,18.7,116.2796,-1.197941340492264
2022-04-14,404.32,6.377399921417236,1973.51953,-0.06,13351.08,22.7,17.71,100.31999969482422,-0.3265283822522065
2022-04-15,405.82,6.377399921417236,1974.53589,-0.06,13351.08,22.7,17.71,100.31999969482422,-0.3265283822522065
2022-04-17,405.82,6.370200157165527,1974.53589,-0.06,13351.08,22.7,17.71,100.31999969482422,-0.3265283822522065
2022-04-18,408.02,6.366199970245361,1978.4967,-0.07,13332.36,22.17,19.07,100.77999877929688,3.0653925548396046
2022-04-19,405.1,6.392399787902832,1949.83997,0.0,13619.66,21.37,18.19,100.95999908447266,4.368358523238101
2022-04-20,400.06,6.4188,1957.40503,-0.07,13453.07,20.32,18.15,116.7306,-3.8878324485668823
2022-04-21,405.06,6.45,1951.495,-0.12,13174.65,22.68,18.22,117.1432,0.3742652756121174
2022-04-22,406.8,6.4492998123168945,1929.72998,-0.08,12839.29,28.21,18.97,101.22000122070312,0.4181964332838106
2022-04-24,406.8,6.50029993057251,1929.72998,-0.08,12839.29,28.21,18.97,101.22000122070312,0.4181964332838106
2022-04-25,404.42,6.5585,1897.6925,-0.1,13004.85,27.02,19.47,118.6271,4.271583865159869
2022-04-26,401.3,6.556300163269043,1905.55762,-0.08,12490.74,33.52,19.23,102.30000305175781,-0.37208626439365844
2022-04-27,400.9,6.559500217437744,1886.11536,-0.06,12488.93,31.6,19.16,102.94999694824219,3.1320924001263393
2022-04-28,400.82,6.6243,1894.34229,-0.12,12871.53,29.99,19.0,120.0675,-2.62950348504188
2022-04-29,405.82,6.608,1896.39587,0.01,12334.64,33.4,19.83,119.4933,2.926952305689042
2022-05-01,405.82,6.607500076293945,1896.39587,0.01,12334.64,33.4,19.83,102.95999908447266,-2.690403730048672
2022-05-02,405.82,6.607500076293945,1862.76758,0.18,12536.02,32.34,20.06,103.73999786376953,-2.690403730048672
2022-05-03,405.82,6.607399940490723,1867.78503,0.14,12563.76,29.25,19.71,103.47000122070312,-2.690403730048672
2022-05-04,405.82,6.607500076293945,1880.92285,0.07,12964.86,25.42,18.81,102.58999633789062,-2.690403730048672
2022-05-05,404.52,6.6535,1876.84082,0.18,12317.69,31.2,19.36,120.0068,3.0359099178548945
2022-05-06,403.6,6.6651,1882.95654,0.26,12144.66,30.19,18.71,119.8577,0.1054211019982176
2022-05-08,403.6,6.665599822998047,1882.95654,0.26,12144.66,30.19,18.71,103.66000366210938,2.96952529547508
2022-05-09,405.36,6.7295,1853.92065,0.3,11623.25,34.75,20.49,120.4972,4.248902722362459
2022-05-10,402.3,6.7343,1838.14307,0.34,11737.67,32.99,20.02,120.7742,4.318844300448518
2022-05-11,399.94,6.7186,1852.12024,0.21,11364.24,32.56,20.26,120.3925,-0.1325013089845015
2022-05-12,404.24,6.785900115966797,1821.71997,0.25,11370.96,31.77,21.51,104.8499984741211,6.792453721220113
2022-05-13,399.66,6.785900115966797,1811.15442,0.24,11805.0,28.87,21.2,104.55999755859375,6.792453721220113
2022-05-15,399.66,6.788000106811523,1811.15442,0.24,11805.0,28.87,21.2,104.55999755859375,6.792453721220113
2022-05-16,395.84,6.785099983215332,1823.79041,0.2,11662.79,27.47,21.16,104.19000244140625,-2.0123407423371873
2022-05-17,397.98,6.736199855804443,1814.66846,0.27,11984.52,26.1,20.05,103.36000061035156,4.9705503051145
2022-05-18,393.32,6.753399848937988,1815.60999,0.17,11418.15,30.96,19.69,103.80999755859375,-0.8973785006928665
2022-05-19,394.96,6.7109,1841.71875,0.25,11388.5,29.35,20.25,119.4278,-2.4097609392833306
2022-05-20,397.18,6.6921,1845.68005,0.23,11354.62,29.43,19.31,119.3677,0.071138855595052
2022-05-22,397.18,6.691999912261963,1845.68005,0.23,11354.62,29.43,19.31,103.1500015258789,-2.4808177622954304
2022-05-23,397.16,6.649799823760986,1853.21851,0.26,11535.27,28.48,19.63,102.08000183105469,0.9495374736413851
2022-05-24,398.08,6.6529998779296875,1865.90002,0.21,11264.45,29.45,19.13,101.86000061035156,-1.0336883401868704
2022-05-25,398.84,6.691699981689453,1852.83069,0.19,11434.74,28.37,18.27,102.05999755859375,0.21646585282502429
2022-05-26,400.36,6.737800121307373,1850.02356,0.13,11740.65,27.5,17.81,101.83000183105469,-0.4016174060635649
2022-05-27,402.14,6.698,1852.72998,0.11,12131.13,25.72,17.5,118.2834,3.16286218464154
2022-05-29,402.14,6.6975998878479,1852.72998,0.11,12131.13,25.72,17.5,101.66999816894531,-0.4016174060635649
2022-05-30,399.92,6.660299777984619,1856.21289,0.11,12131.13,26.54,17.5,101.66999816894531,2.4427289803659846
2022-05-31,399.04,6.6717000007629395,1837.092529,0.21,12081.39,26.19,17.19,101.75,4.983696782327115
2022-06-01,396.36,6.685200214385986,1845.55005,0.29,11994.46,25.69,16.94,102.55000305175781,-0.3114868075961681
2022-06-02,398.98,6.6596,1868.12769,0.26,12316.9,24.72,17.13,118.0658,-1.0065984318163714
2022-06-03,398.98,6.659200191497803,1850.76562,0.22,12012.73,24.79,16.51,102.13999938964844,-0.9825852714436678
2022-06-05,398.98,6.659299850463867,1850.76562,0.22,12012.73,24.79,16.51,102.13999938964844,-0.9825852714436678
2022-06-06,398.0,6.6534,1840.99817,0.28,12061.37,25.07,16.81,118.3081,4.189103339559779
2022-06-07,396.0,6.6697001457214355,1851.97412,0.25,12175.23,24.02,16.64,102.31999969482422,-1.129328147518038
2022-06-08,398.02,6.682700157165527,1853.255,0.28,12086.27,23.96,16.04,102.54000091552734,-0.15858053813241213
2022-06-09,398.82,6.6915,1847.6095,0.29,11754.23,26.09,16.29,118.9226,1.3316475878920642
2022-06-10,397.54,6.690800189971924,1870.95996,0.39,11340.02,27.75,17.58,104.1500015258789,1.3732176895226758
2022-06-12,397.54,6.707900047302246,1870.95996,0.39,11340.02,27.75,17.58,104.1500015258789,1.3732176895226758
2022-06-13,404.22,6.753,1818.77417,0.69,10809.23,34.02,20.84,121.1523,9.3389747131352
2022-06-14,396.9,6.7395,1808.099976,0.89,10828.35,32.69,21.99,121.6669,5.121268080698314
2022-06-15,394.46,6.7128,1833.37927,0.63,11099.15,29.62,19.4,121.6403,-1.222426854083892
2022-06-16,395.76,6.703400135040283,1856.70752,0.66,10646.1,32.95,20.65,103.62999725341797,-4.396041612625879
2022-06-17,398.58,6.716,1839.34998,0.67,10798.35,31.13,20.28,121.2369,1.4197297513141507
2022-06-19,398.58,6.715700149536133,1839.34998,0.67,10798.35,31.13,20.28,104.69999694824219,-4.396041612625879
2022-06-20,397.0,6.716,1838.2876,0.67,10798.35,31.03,20.28,121.2369,1.4197297513141507
2022-06-21,396.26,6.688,1832.55847,0.7,11069.3,30.19,18.24,120.6427,2.2158876859517704
2022-06-22,396.2,6.701099872589111,1837.38635,0.62,11053.08,28.95,18.29,104.19999694824219,0.34392477110384334
2022-06-23,396.7,6.697299957275391,1822.42932,0.59,11232.19,29.05,18.65,104.43000030517578,4.2889913683855525
2022-06-24,393.64,6.697299957275391,1826.18005,0.57,11607.62,27.23,17.92,104.19000244140625,4.2889913683855525
2022-06-26,393.64,6.688799858093262,1826.18005,0.57,11607.62,27.23,17.92,104.19000244140625,4.2889913683855525
2022-06-27,396.32,6.690700054168701,1822.72998,0.65,11524.55,26.95,17.88,103.94000244140625,4.231020434326808
2022-06-28,393.86,6.707300186157227,1819.69495,0.72,11181.54,28.36,17.95,104.51000213623047,1.452705744229263
2022-06-29,393.34,6.6997,1817.10901,0.74,11177.89,28.16,18.08,120.9616,1.9343628756570863
2022-06-30,392.7,6.698200225830078,1806.88696,0.65,11028.74,28.71,19.61,104.69000244140625,3.5833204134125367
2022-07-01,388.94,6.7,1810.18005,0.54,11127.85,26.7,20.17,121.5058,-0.9905973604256816
2022-07-03,388.94,6.700500011444092,1810.18005,0.54,11127.85,26.7,20.17,105.13999938964844,3.5833204134125367
2022-07-04,390.92,6.7,1809.11658,0.54,11127.85,27.53,20.17,121.5058,-0.9905973604256816
2022-07-05,390.52,6.7192,1764.35278,0.52,11322.24,27.54,21.33,122.6203,9.371923437040891
2022-07-06,382.86,6.706500053405762,1738.30347,0.64,11361.85,26.73,21.91,107.0999984741211,8.049052216296502
2022-07-07,377.44,6.7005,1739.61145,0.68,11621.35,26.08,20.5,122.7257,2.68260868632143
2022-07-08,377.04,6.6945,1741.81995,0.72,11635.31,24.64,19.41,122.4662,2.1428451693539614
2022-07-10,377.04,6.694300174713135,1741.81995,0.72,11635.31,24.64,19.41,107.01000213623047,2.682608046256064
2022-07-11,377.0,6.717199802398682,1733.67261,0.67,11372.6,26.17,19.72,108.0199966430664,2.5911613382414203
2022-07-12,378.2,6.723299980163574,1725.80603,0.64,11264.73,27.29,19.78,108.06999969482422,5.151576277101412
2022-07-13,375.6,6.717599868774414,1735.23145,0.6,11247.58,26.82,18.36,107.95999908447266,0.8321905633374058
2022-07-14,376.1,6.755199909210205,1709.4491,0.62,11251.19,26.4,19.6,108.54000091552734,4.834052273234022
2022-07-15,373.38,6.755199909210205,1706.78003,0.57,11452.42,24.23,19.27,108.05999755859375,4.834052273234022
2022-07-17,373.38,6.756499767303467,1706.78003,0.57,11452.42,24.23,19.27,108.05999755859375,4.834052273234022
2022-07-18,374.98,6.742,1709.011841,0.59,11360.05,25.3,19.42,122.7727,4.53429993338375
2022-07-19,373.84,6.743,1711.065552,0.62,11713.15,24.5,18.63,122.4819,2.8941251905412173
2022-07-20,373.52,6.754,1696.43298,0.66,11897.65,23.88,19.26,122.5997,5.146397449804681
2022-07-21,370.32,6.7655,1718.49243,0.58,12059.61,23.11,18.71,122.9032,-3.479107340492249
2022-07-22,375.98,6.75,1726.45996,0.43,11834.11,23.03,18.3,122.451,1.3081871815069803
2022-07-24,375.98,6.750500202178955,1726.45996,0.43,11834.11,23.03,18.3,106.7300033569336,-3.484643714833396
2022-07-25,377.18,6.7499,1718.78003,0.45,11782.67,23.36,18.3,122.4594,4.18039145121935
2022-07-26,377.46,6.76230001449585,1717.00048828,0.45,11562.57,24.69,18.06,107.19000244140625,4.162061607689623
2022-07-27,376.64,6.757,1733.89221,0.36,12032.42,23.24,17.39,122.8169,-0.0349614342437121
2022-07-28,380.72,6.745800018310547,1755.10815,0.2,12162.59,22.33,16.84,106.3499984741211,0.06802866535957719
2022-07-29,386.1,6.7433,1765.21997,0.14,12390.69,21.33,16.49,121.7678,3.396837214429297
2022-07-31,386.1,6.743199825286865,1765.21997,0.14,12390.69,21.33,16.49,105.9000015258789,0.06802866535957719
2022-08-01,385.8,6.7674,1771.72925,0.09,12368.98,22.84,17.52,121.4109,0.312819250245127
2022-08-02,389.16,6.7499,1759.74658,0.27,12348.76,23.93,17.34,121.9486,7.270069916826117
2022-08-03,387.3,6.7565,1764.896,0.23,12668.16,21.95,16.76,122.3888,3.918071149549121
2022-08-04,387.9,6.7485,1790.96704,0.22,12720.58,21.44,16.95,121.8333,-0.6845988213544842
2022-08-05,391.1,6.7607,1774.15002,0.37,12657.55,21.15,16.37,122.321,5.468285234330551
2022-08-07,391.1,6.760900020599365,1774.15002,0.37,12657.55,21.15,16.37,106.62000274658203,-0.6442849097271619
2022-08-08,388.7,6.7505,1788.52393,0.29,12644.46,21.29,16.76,121.8783,0.5304760086485771
2022-08-09,390.46,6.7525,1794.084595,0.33,12493.93,21.77,16.69,121.8614,0.968263451460416
2022-08-10,391.18,6.723,1792.12781,0.35,12854.8,19.74,16.27,120.7543,3.8128141003424494
2022-08-11,389.56,6.7445,1789.45044,0.4,12779.91,20.2,15.81,120.7163,1.534585092352927
2022-08-12,391.22,6.743599891662598,1801.76123,0.37,13047.19,19.53,15.22,105.62999725341797,1.5863702374463173
2022-08-14,391.22,6.741799831390381,1801.76123,0.37,13047.19,19.53,15.22,105.62999725341797,1.5863702374463173
2022-08-15,392.0,6.7715,1779.35901,0.35,13128.05,19.95,15.37,121.4315,4.618209004935181
2022-08-16,391.52,6.787399768829346,1775.54175,0.38,13102.55,19.69,15.27,106.5,4.061621891528205
2022-08-17,389.9,6.7805,1761.050049,0.43,12938.12,19.9,15.32,122.0711,5.994656316990074
2022-08-18,387.76,6.7855,1758.19556,0.36,12965.34,19.56,15.36,122.3627,4.194292848714838
2022-08-19,387.56,6.8164,1747.82898,0.43,12705.22,20.6,15.91,123.0501,4.519459248251849
2022-08-21,387.56,6.815700054168701,1747.82898,0.43,12705.22,20.6,15.91,108.16999816894531,4.245179758061681
2022-08-22,386.26,6.8476,1735.70496,0.46,12381.57,23.8,16.57,123.605,4.135374665359223
2022-08-23,387.32,6.8476,1747.67456,0.47,12381.3,24.11,15.8,123.0547,2.5602039302329445
2022-08-24,389.54,6.8581,1750.88818,0.49,12431.53,22.82,15.9,123.109,3.481639131994825
2022-08-25,390.82,6.8477,1758.43738,0.43,12639.27,21.78,15.57,123.0586,3.6850586903081535
2022-08-26,391.28,6.8715,1736.85999,0.47,12141.71,25.56,15.42,123.0656,7.566481544359931
2022-08-28,391.28,6.870800018310547,1736.85999,0.47,12141.71,25.56,15.42,108.80000305175781,3.6511387923259804
2022-08-29,387.94,6.9067,1737.82373,0.54,12017.67,26.21,16.02,123.4686,2.0468639866574563
2022-08-30,389.3,6.91,1723.5498,0.56,11883.14,26.21,16.52,123.6848,6.393603035028207
2022-08-31,386.92,6.889,1710.70496,0.67,11816.2,25.87,17.02,123.535,8.02224028035431
2022-09-01,383.7,6.9066,1696.089966,0.81,11785.13,25.56,17.8,124.4006,7.079524517317964
2022-09-02,383.02,6.9054999351501465,1711.43994,0.73,11630.86,25.47,16.88,109.52999877929688,7.139511623392366
2022-09-04,383.02,6.89900016784668,1711.43994,0.73,11630.86,25.47,16.88,109.52999877929688,7.139511623392366
2022-09-05,386.86,6.93310022354126,1710.2063,0.73,11630.86,25.99,16.88,109.52999877929688,5.647863718498854
2022-09-06,388.98,6.953100204467773,1701.15308,0.85,11544.91,26.91,17.68,110.20999908447266,8.69199934480099
2022-09-07,386.36,6.9653000831604,1717.69348,0.82,11791.9,24.64,16.77,109.83999633789062,1.7006999505497902
2022-09-08,389.46,6.9562,1707.27502,0.88,11862.13,23.61,16.4,124.578,7.633308659025488
2022-09-09,389.52,6.956500053405762,1716.050049,0.91,12112.31,22.79,15.91,109.0,7.616838689911958
2022-09-11,389.52,6.92549991607666,1716.050049,0.91,12112.31,22.79,15.91,109.0,7.616838689911958
2022-09-12,389.52,6.925000190734863,1724.07019,0.95,12266.41,23.87,15.79,108.33000183105469,7.616838689911958
2022-09-13,389.66,6.9245,1701.55396,0.98,11633.57,27.27,16.93,124.4242,10.84699194560102
2022-09-14,387.2,6.960999965667725,1695.79504,0.95,11719.68,26.16,17.17,109.66000366210938,7.679070997813824
2022-09-15,385.24,6.993000030517578,1663.74084,1.02,11552.36,26.27,19.66,109.73999786376953,11.18114022880576
2022-09-16,383.6,6.993000030517578,1674.94482,1.07,11448.4,26.3,18.31,109.76000213623047,11.18114022880576
2022-09-18,383.6,6.979000091552734,1674.94482,1.07,11448.4,26.3,18.31,109.76000213623047,11.18114022880576
2022-09-19,384.7,7.005,1675.77576,1.15,11535.02,25.76,18.37,125.0104,7.288801941903671
2022-09-20,385.84,7.0176,1663.10889,1.17,11425.05,27.16,18.59,125.1248,10.607857428778118
2022-09-21,386.98,7.0479,1673.73682,1.13,11220.19,27.99,18.48,125.7399,7.719475181956966
2022-09-22,386.04,7.0772,1670.53455,1.29,11066.81,27.35,17.93,126.1667,5.931423239828291
2022-09-23,387.64,7.1266,1643.089966,1.32,10867.93,29.92,19.42,127.2853,11.16645356003022
2022-09-25,387.64,7.127399921417236,1643.089966,1.32,10867.93,29.92,19.42,113.19000244140625,5.963644559852185
2022-09-26,384.38,7.1479997634887695,1621.5675,1.56,10802.92,32.26,20.26,114.0999984741211,11.722128490971215
2022-09-27,384.88,7.176,1628.80237,1.64,10829.5,32.6,19.26,128.4386,9.093165491986383
2022-09-28,385.9,7.199,1659.44495,1.39,11051.64,30.18,19.27,128.0884,1.816401850274076
2022-09-29,389.66,7.1196,1660.29175,1.57,10737.51,31.84,19.78,127.5437,9.618746015721683
2022-09-30,390.82,7.123899936676025,1659.67004,1.68,10575.62,31.62,19.52,112.12000274658203,9.389217204214049
2022-10-02,390.82,7.114999771118164,1659.67004,1.68,10575.62,31.62,19.52,112.12000274658203,9.389217204214049
2022-10-03,390.82,7.1103,1699.22253,1.43,10815.43,30.1,20.29,127.0813,11.246549116980418
2022-10-04,390.82,7.1103,1726.24084,1.38,11176.41,29.07,19.55,126.1819,11.246549116980418
2022-10-05,390.82,7.1103,1715.81055,1.54,11148.64,28.55,19.69,126.8616,11.246549116980418
2022-10-06,390.82,7.1103,1710.84998,1.61,11073.31,30.52,19.67,127.2493,11.246549116980418
2022-10-07,390.82,7.114999771118164,1694.52002,1.62,10652.4,31.36,19.66,112.80000305175781,9.389217204214049
2022-10-09,390.82,7.114999771118164,1694.52002,1.62,10652.4,31.36,19.66,112.80000305175781,9.389217204214049
2022-10-10,393.24,7.1103,1667.95642,1.62,10542.1,32.45,20.54,127.3111,11.246549116980418
2022-10-11,392.72,7.1639,1665.3075,1.62,10426.19,33.63,20.59,127.6641,9.158780225698138
2022-10-12,393.04,7.172,1672.50525,1.62,10417.1,33.57,20.4,128.1481,7.38540636905816
2022-10-13,393.0,7.16949987411499,1665.79724,1.63,10649.15,31.94,20.07,112.36000061035156,9.026070941177124
2022-10-14,392.42,7.16949987411499,1641.75842,1.59,10321.39,32.02,20.07,113.30999755859375,9.026070941177124
2022-10-16,392.42,7.190000057220459,1641.75842,1.59,10321.39,32.02,20.07,113.30999755859375,9.026070941177124
2022-10-17,390.28,7.1946,1649.9447,1.57,10675.8,31.37,19.96,127.6448,8.628670129728107
2022-10-18,390.78,7.2006001472473145,1651.82727,1.6,10772.4,30.5,19.19,112.12999725341797,8.374557410287252
2022-10-19,390.18,7.22730016708374,1628.48828,1.72,10680.51,30.76,19.41,112.9800033569336,11.779703630205233
2022-10-20,388.1,7.215799808502197,1627.6637,1.73,10614.84,29.98,19.23,112.87999725341797,10.49312570077393
2022-10-21,387.46,7.215799808502197,1656.66003,1.69,10859.72,29.69,19.05,112.01000213623047,10.49312570077393
2022-10-23,387.46,7.242800235748291,1656.66003,1.69,10859.72,29.69,19.05,112.01000213623047,10.49312570077393
2022-10-24,392.72,7.2629,1648.59998,1.66,10952.61,29.85,19.58,128.0304,7.759568063336985
2022-10-25,393.82,7.2688,1652.52393,1.59,11199.12,28.46,19.33,127.3771,7.629830328291007
2022-10-26,393.62,7.171899795532227,1664.4884,1.6,10970.99,27.28,18.67,109.69999694824219,9.819333977662893
2022-10-27,392.7,7.2239,1662.93994,1.51,10792.67,27.39,18.51,126.7028,6.4762042031925375
2022-10-28,392.78,7.2499,1641.76001,1.51,11102.45,25.75,18.01,127.2135,10.102941260661964
2022-10-31,391.66,7.3048,1633.12244,1.58,10988.15,25.88,18.27,127.6219,8.113685285836027
2022-11-01,391.46,7.273,1647.5033,1.56,10890.85,25.81,18.45,127.3987,6.220669992123021
2022-11-02,392.1,7.289,1634.88696,1.57,10524.8,25.86,17.84,127.3115,8.969771844326203
2022-11-03,390.88,7.288700103759766,1629.15002,1.74,10342.94,25.3,18.03,112.93000030517578,9.10991239525373
2022-11-04,390.8,7.2996,1680.27002,1.69,10475.25,24.55,18.03,127.1468,-3.5382268230906107
2022-11-07,394.0,7.175099849700928,1674.68005,1.69,10564.52,24.35,18.12,110.12000274658203,7.677027503266743
2022-11-08,394.82,7.2485,1712.52002,1.64,10616.2,25.54,18.91,125.633,-4.273393507804599
2022-11-09,403.26,7.2401,1706.31995,1.7,10353.17,26.09,18.91,125.9861,6.072317906505646
2022-11-10,403.54,7.184,1754.86035,1.43,11114.15,23.53,17.69,124.7044,-1.781483254296063
2022-11-11,406.72,7.1859002113342285,1770.68994,1.43,11323.33,22.52,17.57,106.29000091552734,-2.365833235918501
2022-11-14,403.44,7.071,1771.80005,1.51,11196.22,23.73,17.41,123.4277,0.6429464995900389
2022-11-15,404.96,7.07289981842041,1778.25,1.45,11358.41,24.54,17.72,106.4000015258789,0.588012856877981
2022-11-16,407.12,7.043000221252441,1773.77002,1.38,11183.66,24.11,17.23,106.27999877929688,5.47186897580832
2022-11-17,407.7,7.087200164794922,1760.87,1.49,11144.96,23.93,16.77,106.69000244140625,6.470615712622873
2022-11-18,407.42,7.156199932098389,1749.73999,1.57,11146.06,23.12,16.51,106.93000030517578,4.845074424812822
2022-11-21,405.2,7.164,1737.80811,1.52,11024.51,22.36,16.68,124.7009,4.934521837092348
2022-11-22,404.86,7.1641998291015625,1740.23999,1.44,11174.41,21.29,16.07,107.22000122070312,4.023211890825621
2022-11-23,404.66,7.1392998695373535,1749.28003,1.39,11285.32,20.35,15.84,106.08000183105469,3.1413705864839585
2022-11-24,406.4,7.158,1754.95996,1.39,11285.32,20.42,15.84,123.7574,2.089663711800938
2022-11-25,407.6,7.150300025939941,1756.14001,1.36,11226.36,20.5,15.23,105.95999908447266,3.885692637254067
2022-11-28,408.02,7.170499801635742,1740.75,1.43,11049.5,22.21,15.77,106.68000030517578,6.713152548831545
2022-11-29,406.56,7.1568,1749.72998,1.5,10983.78,21.89,15.71,123.6615,3.9536206258459856
2022-11-30,406.12,7.0879,1768.44995,1.34,11468.0,20.58,15.45,123.5175,3.123668377996069
2022-12-01,407.1,7.076200008392334,1802.89001,1.17,11482.45,19.84,15.92,104.7300033569336,-3.066389759752269
2022-12-02,409.72,7.043700218200684,1797.81995,1.08,11461.5,19.06,15.42,104.55000305175781,2.5856011670538237
2022-12-05,405.72,7.023900032043457,1768.39001,1.21,11239.94,20.75,15.81,105.29000091552734,6.376046814527967
2022-12-06,401.78,6.9935,1770.91003,1.2,11014.89,22.17,16.19,123.0191,3.5978245276254484
2022-12-07,401.1,6.9702,1786.21997,1.16,10958.55,22.68,16.55,122.7608,0.8135230795891175
2022-12-08,402.44,6.9649,1789.22998,1.2,11082.0,22.29,16.45,122.4152,1.7838716638963774
2022-12-09,403.46,6.9559,1796.63,1.31,11004.62,22.83,16.26,122.4201,1.6666771585191211
2022-12-12,403.3,6.9773,1781.15002,1.33,11143.74,25.0,15.51,122.7714,3.743100148021938
2022-12-13,403.54,6.976500034332275,1810.29004,1.27,11256.81,22.55,14.71,103.9800033569336,-2.5071820281117994
2022-12-14,408.1,6.943399906158447,1807.27002,1.3,11170.89,21.14,14.06,103.7699966430664,4.653491173952318
2022-12-15,404.86,6.9716,1776.66003,1.28,10810.53,22.83,14.39,122.5519,6.635907369009942
2022-12-16,402.9,6.9708,1792.33997,1.35,10705.41,22.62,14.14,122.6505,1.2074746290288658
2022-12-19,405.3,6.972099781036377,1787.43994,1.42,10546.03,22.42,14.49,104.72000122070312,4.63095586382002
2022-12-20,405.42,6.978600025177002,1817.40845,1.45,10547.11,21.48,15.03,103.97000122070312,-2.346542508942548
2022-12-21,409.5,6.981,1814.13,1.41,10709.37,20.07,14.78,122.2828,2.32905364348062
2022-12-22,409.86,6.980599880218506,1792.56995,1.48,10476.12,21.97,14.88,104.43000030517578,7.551141567563377
2022-12-23,406.8,6.982999801635742,1797.91003,1.55,10497.86,20.87,14.86,104.30999755859375,3.1539349960965524
2022-12-26,407.24,6.988699913024902,1797.61462,1.55,10497.86,20.87,14.86,104.30999755859375,3.3308213401613216
2022-12-27,407.96,6.96120023727417,1813.93005,1.58,10353.23,21.65,16.3,104.18000030517578,1.9886368267639796
2022-12-28,408.6,6.9774,1804.089966,1.6,10213.29,22.14,15.99,122.0075,3.891291051862311
2022-12-29,408.36,6.9625,1814.89001,1.56,10478.09,21.44,16.18,121.6577,2.09794927821622
2022-12-30,410.72,6.963099956512451,1824.40002,1.58,10466.48,21.67,16.25,103.5199966430664,2.293948271952843
2023-01-02,410.72,6.8972,1823.68994,1.58,10466.48,21.67,16.25,121.4256,6.159361552751363
2023-01-03,411.2,6.9135,1839.48999,1.53,10386.98,22.9,17.26,122.0905,2.329164053402337
2023-01-04,413.26,6.8875,1854.089966,1.47,10458.76,22.01,17.35,121.5008,2.6938373229700687
2023-01-05,412.5,6.88,1833.18994,1.49,10305.24,22.46,16.78,122.1017,7.003937267510082
2023-01-06,409.54,6.837,1865.70996,1.34,10569.29,21.13,16.44,121.0852,-0.570083962255012
2023-01-09,414.0,6.837399959564209,1871.58997,1.31,10635.65,21.97,16.92,103.0,2.573337881628163
2023-01-10,413.7,6.770999908447266,1877.27002,1.37,10742.63,20.58,16.59,103.23999786376953,5.032321650271001
2023-01-11,414.8,6.777400016784668,1876.38,1.31,10931.67,21.09,16.32,103.19000244140625,5.939973202552267
2023-01-12,414.58,6.769000053405762,1896.85999,1.22,11001.1,18.83,15.95,102.25,1.7696933266914243
2023-01-13,415.22,6.737800121307373,1920.20996,1.31,11079.16,18.35,16.37,102.19999694824219,-0.7457563111425998
2023-01-16,417.28,6.701,1918.00061035,1.31,11079.16,19.49,16.37,119.1673,1.5261410465060976
2023-01-17,419.0,6.7723,1908.39001,1.36,11095.11,19.36,16.49,119.2121,3.477963421383436
2023-01-18,418.4,6.7534,1903.76001,1.25,10957.01,20.34,16.19,119.0755,5.0428906221486045
2023-01-19,419.66,6.7738,1931.39001,1.19,10852.27,20.52,16.71,119.6107,-0.9630697425691324
2023-01-20,423.5,6.7758002281188965,1926.57397,1.25,11140.43,19.85,16.4,102.01000213623047,3.8018841797891696
2023-01-23,423.5,6.782599925994873,1931.30005,1.24,11364.41,19.81,16.2,102.13999938964844,3.8018841797891696
2023-01-24,423.5,6.7899,1937.44995,1.19,11334.27,19.2,16.17,119.0958,3.3868953164434856
2023-01-25,423.5,6.7835001945495605,1945.93005,1.17,11313.36,19.08,16.12,101.63999938964844,3.8018841797891696
2023-01-26,423.5,6.782899856567383,1928.98999,1.16,11512.41,18.73,15.59,101.83999633789062,3.8018841797891696
2023-01-27,423.5,6.78249979019165,1927.33997,1.19,11621.71,18.51,15.23,101.93000030517578,3.8018841797891696
2023-01-30,422.68,6.7501,1922.51733,1.26,11393.81,19.94,15.59,118.8953,5.454149879177635
2023-01-31,419.48,6.754,1927.88,1.28,11584.55,19.4,15.75,118.9802,0.8486073914511394
2023-02-01,421.58,6.7406,1950.42004,1.14,11816.32,17.87,15.22,118.6259,-1.10559234889962
2023-02-02,424.86,6.7266,1912.37,1.18,12200.82,18.73,15.14,118.3421,11.281205266288396
2023-02-03,419.34,6.7733,1865.53003,1.31,12006.95,18.33,15.06,119.5095,13.090074679730606
2023-02-06,413.8,6.774199962615967,1867.35999,1.38,11887.45,19.43,15.81,103.62000274658203,7.097539683683465
2023-02-07,412.62,6.791,1873.81006,1.36,12113.79,18.66,15.62,120.3475,3.500636665970092
2023-02-08,412.7,6.789,1875.58997,1.29,11910.52,19.63,15.46,120.1436,3.312622170173768
2023-02-09,413.52,6.7881999015808105,1861.39001,1.34,11789.58,20.71,15.52,103.22000122070312,7.279947186474033
2023-02-10,410.76,6.8106,1864.67004,1.41,11718.12,20.53,15.46,120.1419,2.4611984367032846
2023-02-13,413.08,6.808300018310547,1853.39001,1.41,11891.79,20.34,15.58,103.3499984741211,7.388189142071269
2023-02-14,412.74,6.8255,1854.29004,1.46,11960.15,18.91,14.88,119.9229,5.825772725899014
2023-02-15,411.66,6.825900077819824,1836.18994,1.46,12070.59,18.23,14.9,103.91999816894531,8.69412624502138
2023-02-16,411.48,6.859,1837.43994,1.49,11855.83,20.17,14.92,120.4651,6.2844255964762965
2023-02-17,410.26,6.8597002029418945,1841.58997,1.46,11787.27,20.02,14.69,103.86000061035156,4.1077955553311085
2023-02-20,412.3,6.857600212097168,1841.14001,1.46,11787.27,21.23,14.69,103.86000061035156,6.371338496420606
2023-02-21,411.7,6.854100227355957,1834.32324,1.53,11492.3,22.87,15.48,104.18000030517578,7.480689108032323
2023-02-22,412.94,6.8908,1825.040039,1.52,11507.07,22.29,15.05,120.8389,8.612966041082188
2023-02-23,411.94,6.9075,1822.64001,1.49,11590.4,21.14,14.84,121.0896,7.166072015207305
2023-02-24,413.14,6.9545,1810.81006,1.57,11394.94,21.67,14.56,121.5681,8.256994477470357
2023-02-27,412.2,6.945,1817.31006,1.56,11466.98,20.95,14.35,121.3941,6.418709576092681
2023-02-28,412.64,6.9325,1827.15002,1.49,11455.54,20.7,14.17,121.3341,5.395879124535782
2023-03-01,414.04,6.932300090789795,1836.80505,1.57,11379.48,20.58,14.16,104.4800033569336,4.655724440074152
2023-03-02,413.62,6.868000030517578,1836.00036621,1.6,11462.98,19.59,13.94,105.02999877929688,8.210622561429943
2023-03-03,415.58,6.91379976272583,1854.96997,1.45,11689.01,18.49,13.93,104.5199966430664,3.250489223092586
2023-03-06,418.44,6.9295,1846.84998,1.49,11675.74,18.61,14.24,120.485,6.983188502580106
2023-03-07,418.82,6.9293999671936035,1813.52002,1.59,11530.33,19.59,14.2,105.62000274658203,14.794550545985373
2023-03-08,414.08,6.9496,1813.58997,1.66,11576.0,19.11,13.79,121.4511,8.861138601379253
2023-03-09,414.02,6.950300216674805,1830.89001,1.63,11338.35,22.61,14.3,105.30999755859375,4.894492156486024
2023-03-10,416.76,6.963600158691406,1867.82996,1.44,11138.89,24.8,16.57,104.58000183105469,-1.4186939046912244
2023-03-13,420.42,6.905200004577637,1913.23499,1.31,11188.84,26.52,20.0,103.5999984741211,-4.331885212471093
2023-03-14,426.36,6.868,1902.11707,1.33,11428.15,23.73,17.95,121.0141,6.351318123040812
2023-03-15,426.54,6.870500087738037,1918.097534,1.22,11434.05,26.14,19.75,104.6500015258789,2.848477321294638
2023-03-16,430.48,6.905900001525879,1919.11609,1.34,11717.28,22.99,17.38,104.41999816894531,4.3792779314438235
2023-03-17,432.44,6.887,1987.93005,1.29,11630.51,25.51,22.83,121.5643,-7.731500131817938
2023-03-20,445.02,6.877,1978.71216,1.33,11675.54,24.15,21.4,121.0141,7.5257140090343455
2023-03-21,441.56,6.883,1940.14612,1.36,11860.11,21.38,19.14,120.8958,12.218422879740215
2023-03-22,435.42,6.882999897003174,1969.58105,1.2,11669.96,22.26,19.22,102.3499984741211,-0.4353270303792556
2023-03-23,438.36,6.879199981689453,1993.5033,1.19,11787.4,22.61,20.95,102.52999877929688,-2.5456172089270694
2023-03-24,440.7,6.818399906158447,1977.21716,1.16,11823.96,21.74,19.96,103.12000274658203,7.26140633051358
2023-03-26,440.7,6.867000102996826,1977.21716,1.16,11823.96,21.74,19.96,103.12000274658203,7.26140633051358
2023-03-27,438.14,6.884399890899658,1956.55945,1.29,11768.84,20.6,19.18,102.86000061035156,5.0782010346521815
2023-03-28,436.18,6.873300075531006,1973.69275,1.24,11716.08,19.97,19.03,102.43000030517578,0.030289271303900023
2023-03-29,437.76,6.8862,1964.040405,1.24,11926.24,19.12,17.77,119.7258,2.928709730062508
2023-03-30,438.9,6.87,1980.25024,1.21,12013.47,19.02,18.39,119.4078,1.5113090552509902
2023-03-31,441.2,6.8703999519348145,1967.90002,1.16,12221.91,18.7,17.31,102.51000213623047,1.4858455249439544
2023-04-02,441.2,6.868000030517578,1967.90002,1.16,12221.91,18.7,17.31,102.51000213623047,1.4858455249439544
2023-04-03,435.62,6.8776,1984.10571,1.14,12189.45,18.55,18.25,119.3204,-3.105076955841014
2023-04-04,440.7,6.878,2019.97021,1.1,12126.33,19.0,19.73,119.142,-5.981405770411698
2023-04-05,440.7,6.8781,2020.35327,1.07,11996.86,19.08,18.98,119.2953,-5.981405770411698
2023-04-06,447.18,6.875,2008.016357,1.06,12087.96,18.4,18.44,119.3072,3.3356591902841046
2023-04-07,447.32,6.875,2008.016357,1.14,12087.96,18.4,18.44,119.3547,3.3356591902841046
2023-04-09,447.32,6.86929988861084,2008.016357,1.14,12087.96,18.4,18.44,101.81999969482422,3.3421238753128364
2023-04-10,442.8,6.881100177764893,1989.65247,1.14,12084.36,18.97,18.54,102.58000183105469,2.624522481156191
2023-04-11,444.84,6.8866,2003.14087,1.14,12031.88,19.1,18.33,119.5248,1.3262502502290658
2023-04-12,448.84,6.873700141906738,2014.67114,1.14,11929.34,19.09,17.69,101.5,3.6089070068188107
2023-04-13,448.82,6.867800235748291,2039.73499,1.16,12166.27,17.8,18.48,101.01000213623047,-1.5631544741278844
2023-04-14,451.0,6.869,2003.040039,1.22,12123.47,17.07,17.16,118.8567,8.642000807272552
2023-04-16,451.0,6.8703999519348145,2003.040039,1.22,12123.47,17.07,17.16,101.55000305175781,-1.5631544741278844
2023-04-17,446.08,6.878799915313721,1994.77112,1.28,12157.72,16.95,17.37,102.0999984741211,4.919635046658527
2023-04-18,444.26,6.874899864196777,2004.92603,1.3,12153.41,16.83,17.14,101.75,1.105188118006481
2023-04-19,443.98,6.8850998878479,1993.26416,1.32,12157.23,16.46,17.21,101.97000122070312,2.749178887673793
2023-04-20,444.54,6.872099876403809,2004.33838,1.28,12059.56,17.17,17.21,101.83999633789062,1.6955119690900347
2023-04-21,442.5,6.892,1982.89478,1.29,12072.46,16.77,16.42,119.3117,3.1246620553956177
2023-04-23,442.5,6.892499923706055,1982.89478,1.29,12072.46,16.77,16.42,101.81999969482422,1.6955119690900347
2023-04-24,441.16,6.894899845123291,1988.87573,1.24,12037.2,16.89,16.88,101.3499984741211,0.2739594339392397
2023-04-25,444.98,6.931600093841553,1997.87231,1.15,11799.16,18.76,17.72,101.86000061035156,-0.2577350291587095
2023-04-26,446.34,6.92579984664917,1989.47986,1.18,11854.35,18.84,17.74,101.47000122070312,3.3435748613624696
2023-04-27,447.28,6.922,1987.87024,1.26,12142.24,17.03,17.28,119.4298,4.884841857668732
2023-04-28,444.04,6.922299861907959,1989.64746,1.26,12226.58,15.78,16.47,101.66999816894531,4.86567724394547
2023-04-30,444.04,6.911099910736084,1989.64746,1.26,12226.58,15.78,16.47,101.66999816894531,4.86567724394547
2023-05-01,444.04,6.910999774932861,1982.045288,1.36,12212.6,16.08,16.63,102.1500015258789,4.86567724394547
2023-05-02,444.04,6.910600185394287,2016.27795,1.24,12080.51,17.78,18.69,101.95999908447266,4.86567724394547
2023-05-03,444.04,6.9164,2051.11011,1.18,12025.33,18.34,18.7,119.1233,1.9529809809185965
2023-05-04,455.26,6.9094,2051.1084,1.18,11966.4,20.09,20.35,119.0465,-0.3777378417219665
2023-05-05,457.92,6.9101,2016.54285,1.23,12235.41,17.19,18.5,118.5548,9.915346254119356
2023-05-07,457.92,6.9095001220703125,2016.54285,1.23,12235.41,17.19,18.5,101.20999908447266,-0.13375639269480644
2023-05-08,452.36,6.9125,2021.39001,1.29,12256.92,16.98,18.67,118.5759,3.122504408667851
2023-05-09,453.18,6.9201,2034.17004,1.3,12179.55,17.71,18.73,118.8239,0.6052063657144799
2023-05-10,454.9,6.9321,2029.51001,1.26,12306.44,16.94,18.37,118.5864,2.5789962441203897
2023-05-11,454.82,6.948,2015.54993,1.23,12328.51,16.93,17.77,119.0303,4.579965481698196
2023-05-12,451.5,6.947700023651123,2011.15002,1.28,12284.74,17.03,17.37,102.68000030517578,4.599404365070825
2023-05-14,451.5,6.957300186157227,2011.15002,1.28,12284.74,17.03,17.37,102.68000030517578,4.599404365070825
2023-05-15,453.42,6.952,2018.41003,1.31,12365.21,17.12,17.52,119.1608,2.281493768868472
2023-05-16,452.26,6.9751,1988.60339,1.35,12343.05,17.99,17.62,119.1743,6.306730895590533
2023-05-17,450.24,6.997099876403809,1981.72217,1.35,12500.57,16.87,16.99,102.87999725341797,4.428179761966135
2023-05-18,449.4,7.035099983215332,1958.053345,1.42,12688.84,16.05,16.95,103.58000183105469,6.52054738070558
2023-05-19,447.62,7.035099983215332,1976.55505,1.46,12657.9,16.81,17.22,103.19999694824219,6.52054738070558
2023-05-21,447.62,7.006899833679199,1976.55505,1.46,12657.9,16.81,17.22,103.19999694824219,6.52054738070558
2023-05-22,449.54,7.030900001525879,1969.43164,1.48,12720.78,17.21,17.55,103.19999694824219,4.352901420061642
2023-05-23,447.62,7.056399822235107,1974.72754,1.44,12560.25,18.53,17.66,103.48999786376953,-0.3831849219146193
2023-05-24,449.9,7.0585,1957.011353,1.48,12484.16,20.03,17.56,120.4752,5.783915470911552
2023-05-25,448.0,7.077400207519531,1940.33643,1.58,12698.09,19.14,16.84,104.20999908447266,6.4889979475073005
2023-05-26,445.5,7.077400207519531,1946.32507,1.57,12975.69,17.95,16.3,104.20999908447266,6.4889979475073005
2023-05-28,445.5,7.054800033569336,1946.32507,1.57,12975.69,17.95,16.3,104.20999908447266,6.4889979475073005
2023-05-29,445.66,7.063,1942.83997,1.57,12975.69,17.46,16.3,120.6304,3.5274255498576963
2023-05-30,444.62,7.078999996185303,1959.14453,1.47,13017.43,17.46,15.88,104.16999816894531,-1.271430880655089
2023-05-31,450.86,7.11,1962.30115,1.46,12935.29,17.94,15.63,120.9662,2.2943666629157637
2023-06-01,450.98,7.0929999351501465,1977.87512,1.45,13100.98,15.65,15.5,103.55999755859375,-0.06467657643310076
2023-06-02,452.3,7.0827,1947.6322,1.51,13240.77,14.6,14.32,120.0049,8.797031429260358
2023-06-04,452.3,7.083799839019775,1947.6322,1.51,13240.77,14.6,14.32,104.0199966430664,-0.06467657643310076
2023-06-05,447.26,7.105,1961.45276,1.5,13229.43,14.73,14.27,120.0048,-0.7963878598871474
2023-06-06,450.28,7.119,1962.84753,1.5,13276.42,13.96,13.94,119.9718,1.0215060661983555
2023-06-07,451.1,7.1287,1939.63184,1.58,13104.89,13.94,13.81,119.859,6.550238789589571
2023-06-08,448.46,7.111199855804443,1967.76147,1.53,13238.52,13.65,13.94,103.33999633789062,-1.4297256489314805
2023-06-09,452.34,7.111199855804443,1960.59973,1.55,13259.14,13.83,13.69,103.55999755859375,-1.4297256489314805
2023-06-11,452.34,7.127600193023682,1960.59973,1.55,13259.14,13.83,13.69,103.55999755859375,-1.4297256489314805
2023-06-12,452.5,7.1437,1956.92175,1.56,13461.92,15.01,13.7,119.6376,3.0437682101693326
2023-06-13,453.68,7.166500091552734,1943.32849,1.64,13573.32,14.61,13.45,103.33999633789062,5.921265404149494
2023-06-14,450.9,7.162600040435791,1942.99036,1.62,13626.48,13.88,12.84,103.01000213623047,3.4628038290753693
2023-06-15,447.14,7.13,1957.65479,1.51,13782.82,14.5,13.0,118.5521,-1.622314617326026
2023-06-16,450.5,7.119900226593018,1957.36255,1.55,13689.57,13.54,12.4,102.30000305175781,-0.9866347167330787
2023-06-18,450.5,7.1255998611450195,1957.36255,1.55,13689.57,13.54,12.4,102.30000305175781,-0.9866347167330787
2023-06-19,451.24,7.125,1950.12,1.55,13689.57,14.19,12.4,118.4184,2.1193300191296203
2023-06-20,451.76,7.180799961090088,1935.91394,1.52,13667.29,13.88,12.73,102.54000091552734,4.819599561922018
2023-06-21,449.84,7.178400039672852,1932.26306,1.51,13502.2,13.2,12.98,102.06999969482422,3.891562474885916
2023-06-22,449.84,7.178500175476074,1913.51599,1.56,13630.61,12.91,12.96,102.38999938964844,3.891562474885916
2023-06-23,449.84,7.178500175476074,1921.36316,1.53,13492.52,13.44,12.73,102.9000015258789,3.891562474885916
2023-06-25,449.84,7.178500175476074,1921.36316,1.53,13492.52,13.44,12.73,102.9000015258789,3.891562474885916
2023-06-26,449.14,7.236499786376953,1922.85327,1.54,13335.78,14.25,13.08,102.69000244140625,1.7714634176466575
2023-06-27,448.86,7.218699932098389,1913.35254,1.57,13555.67,13.74,12.88,102.48999786376953,4.796860784854459
2023-06-28,447.1,7.2434000968933105,1907.42334,1.53,13591.75,13.43,12.53,102.91000366210938,2.8982090191598218
2023-06-29,447.5,7.2515,1908.15247,1.65,13591.33,13.54,12.21,119.527,2.631492076293682
2023-06-30,448.6,7.2513,1919.56543,1.59,13787.92,13.59,12.04,119.3606,1.0830066533026752
2023-07-02,448.6,7.242400169372559,1919.56543,1.59,13787.92,13.59,12.04,102.91000366210938,2.613083834469421
2023-07-03,449.52,7.24,1921.42847,1.61,13816.77,13.57,12.22,119.2119,2.266728734708238
2023-07-04,449.94,7.213500022888184,1925.089966,1.61,13816.77,13.7,12.22,102.98999786376953,3.4746017714144273
2023-07-05,450.7,7.246399879455566,1917.32239,1.69,13791.65,14.18,12.46,103.37000274658203,4.00799634210108
2023-07-06,451.66,7.249199867248535,1910.79724,1.78,13679.04,15.44,12.25,103.16999816894531,6.316193079657637
2023-07-07,450.82,7.249199867248535,1924.28247,1.79,13660.72,14.83,12.12,102.2699966430664,6.316193079657637
2023-07-09,450.82,7.211299896240234,1924.28247,1.79,13660.72,14.83,12.12,102.2699966430664,6.316193079657637
2023-07-10,452.08,7.2315,1924.99365,1.76,13685.48,15.07,12.41,118.9548,4.522921858472557
2023-07-11,452.2,7.209,1931.995,1.75,13760.7,14.84,12.64,118.7344,4.412710627421404
2023-07-12,452.12,7.1656,1957.088501,1.6,13918.96,13.54,13.12,117.6385,1.24748202724453
2023-07-13,456.32,7.150000095367432,1960.19446,1.52,14138.57,13.61,12.73,99.7699966430664,5.715065637670648
2023-07-14,454.0,7.1403,1954.92542,1.59,14113.7,13.34,12.05,117.0463,5.215973236902585
2023-07-16,454.0,7.1402997970581055,1954.92542,1.59,14113.7,13.34,12.05,99.91000366210938,5.715065637670648
2023-07-17,455.34,7.170599937438965,1954.73547,1.56,14244.95,13.48,12.34,99.83999633789062,4.695344611001133
2023-07-18,456.94,7.1786,1978.71497,1.57,14353.64,13.3,12.62,117.0264,0.2581705067918278
2023-07-19,462.48,7.226,1976.73572,1.53,14358.02,13.76,12.89,117.3462,3.2425407841561764
2023-07-20,461.96,7.176499843597412,1969.62012,1.5,14063.31,13.99,12.67,100.87999725341797,7.5102280088634075
2023-07-21,459.3,7.1861,1960.22729,1.49,14032.81,13.6,12.23,117.9418,6.412404434581333
2023-07-23,459.3,7.1778998374938965,1960.22729,1.49,14032.81,13.6,12.23,101.06999969482422,7.5102280088634075
2023-07-24,459.1,7.1855,1954.51257,1.48,14058.87,13.91,12.35,117.8124,7.570427066568072
2023-07-25,456.8,7.134,1964.5824,1.52,14144.56,13.86,12.42,117.8565,6.196986139823537
2023-07-26,458.68,7.1503,1972.10315,1.5,14127.28,13.19,12.11,117.76,5.31850841721996
2023-07-27,459.76,7.173,1944.98621,1.64,14050.11,14.41,12.29,117.8938,11.212856291735648
2023-07-28,456.3,7.1488,1959.20129,1.58,14316.66,13.33,11.78,117.788,5.998966934525129
2023-07-30,456.3,7.102799892425537,1959.20129,1.58,14316.66,13.33,11.78,101.62000274658203,11.206603354488948
2023-07-31,455.98,7.095699787139893,1964.18835,1.6,14346.02,13.63,12.16,101.86000061035156,7.88602803550549
2023-08-01,457.58,7.1775,1944.079346,1.68,14283.91,13.93,11.83,118.5738,8.960728666709542
2023-08-02,457.18,7.192,1933.56494,1.72,13973.45,16.09,12.45,119.1268,10.085652145899983
2023-08-03,455.04,7.162799835205078,1933.73694,1.83,13959.72,15.92,12.79,102.54000091552734,9.72128554143518
2023-08-04,454.4,7.162799835205078,1941.62329,1.67,13892.07,17.1,12.22,102.0199966430664,9.72128554143518
2023-08-06,454.4,7.131199836730957,1941.62329,1.67,13892.07,17.1,12.22,102.0199966430664,9.72128554143518
2023-08-07,455.64,7.192299842834473,1936.38708,1.68,13977.12,15.77,12.24,102.05000305175781,7.87442727825794
2023-08-08,455.64,7.215700149536133,1924.81506,1.66,13867.19,15.99,12.21,102.52999877929688,9.102204694925035
2023-08-09,455.36,7.208600044250488,1914.58899,1.66,13705.08,15.96,12.33,102.48999786376953,11.631600365376983
2023-08-10,453.62,7.214700222015381,1912.060669,1.76,13721.03,15.85,11.84,102.5199966430664,10.102565205164126
2023-08-11,455.56,7.214700222015381,1913.31824,1.8,13644.85,14.84,11.54,102.83999633789062,10.102565205164126
2023-08-13,455.56,7.192299842834473,1913.31824,1.8,13644.85,14.84,11.54,102.83999633789062,10.102565205164126
2023-08-14,455.74,7.257299900054932,1907.90259,1.83,13788.33,14.82,11.97,103.19000244140625,10.573980879272654
2023-08-15,455.86,7.2817,1901.55713,1.89,13631.05,16.46,12.11,120.2127,10.682815647081554
2023-08-16,457.1,7.2985,1891.76221,1.96,13474.63,16.78,12.43,120.3551,13.194121572009578
2023-08-17,456.86,7.291,1888.88733,1.97,13316.93,17.89,12.89,120.5242,14.08418624817142
2023-08-18,455.1,7.28,1888.19336,1.94,13290.78,17.3,12.63,120.4321,13.154634983201277
2023-08-20,455.1,7.280700206756592,1888.19336,1.94,13290.78,17.3,12.63,103.37999725341797,14.72792681463676
2023-08-21,457.08,7.2865,1893.94495,2.0,13497.59,17.13,12.91,120.4627,13.392637543202454
2023-08-22,456.5,7.292399883270264,1897.0026855,1.99,13505.87,16.97,12.58,103.55999755859375,11.736479421814977
2023-08-23,457.88,7.2771,1914.31494,1.84,13721.03,15.98,12.67,120.0307,9.999174695002182
2023-08-24,460.04,7.2786,1916.59705,1.91,13463.97,17.2,12.53,120.2354,11.53281308759466
2023-08-25,458.5,7.276500225067139,1914.52551,1.92,13590.65,15.68,12.09,104.08000183105469,11.662201177101792
2023-08-27,458.5,7.289000034332275,1914.52551,1.92,13590.65,15.68,12.09,104.08000183105469,11.662201177101792
2023-08-28,458.62,7.29,1919.65857,1.9,13705.13,15.08,12.21,120.3155,8.692790030060905
2023-08-29,460.14,7.2796,1937.12219,1.83,13943.76,14.45,12.5,120.2669,6.767399028276543
2023-08-30,461.48,7.283599853515625,1942.23987,1.86,14019.31,13.88,12.39,103.16000366210938,6.659866168623864
2023-08-31,463.16,7.2582,1939.74414,1.85,14034.97,13.57,11.78,120.225,10.508339674055946
2023-09-01,462.46,7.2606,1938.79504,1.92,14031.81,13.09,11.28,120.759,9.880217421704913
2023-09-03,462.46,7.140100002288818,1938.79504,1.92,14031.81,13.09,11.28,104.23999786376953,10.58942347497225
2023-09-04,464.38,7.2606,1938.19128,1.92,14031.81,13.82,11.28,120.759,9.880217421704913
2023-09-05,464.98,7.3018,1925.81116,1.98,14020.95,14.01,11.36,121.4345,12.880142167666063
2023-09-06,464.24,7.315899848937988,1916.27588,2.0,13872.47,14.45,11.31,104.86000061035156,13.509940006252975
2023-09-07,464.12,7.3287,1919.18665,1.95,13748.83,14.4,11.11,121.9528,11.915482763836792
2023-09-08,466.84,7.343,1917.80505,1.93,13761.53,13.84,10.99,121.9475,14.079298402109089
2023-09-10,466.84,7.232399940490723,1917.80505,1.93,13761.53,13.84,10.99,105.08999633789062,11.971028199828766
2023-09-11,466.54,7.288000106811523,1921.6626,1.94,13917.91,13.8,10.75,104.56999969482422,16.266647031500952
2023-09-12,466.76,7.290900230407715,1913.26135,1.93,13773.63,14.23,10.82,104.70999908447266,18.27678693570897
2023-09-13,467.66,7.268799781799316,1906.30225,1.9,13813.59,13.48,10.33,104.7699966430664,22.162567915393936
2023-09-14,472.0,7.275899887084961,1910.31885,1.95,13926.05,12.82,10.22,105.41000366210938,25.127824681747313
2023-09-15,469.72,7.275899887084961,1923.57495,1.98,13708.33,13.79,10.34,105.31999969482422,25.127824681747313
2023-09-17,469.72,7.273900032043457,1923.57495,1.98,13708.33,13.79,10.34,105.31999969482422,25.127824681747313
2023-09-18,467.32,7.290599822998047,1933.13965,1.96,13710.24,14.0,11.1,105.19999694824219,14.19583101192768
2023-09-19,469.8,7.2964,1930.94495,2.0,13678.19,14.11,11.09,121.1645,16.83018203160418
2023-09-20,471.38,7.285999774932861,1929.68384,2.0,13469.13,15.14,10.96,105.16000366210938,19.351256484589214
2023-09-21,470.88,7.3066,1919.56909,2.11,13223.98,17.54,11.11,121.5528,19.949284389409517
2023-09-22,470.48,7.30649995803833,1924.98755,2.07,13211.81,17.2,10.87,105.58000183105469,19.955458532426405
2023-09-24,470.48,7.297500133514404,1924.98755,2.07,13211.81,17.2,10.87,105.58000183105469,19.955458532426405
2023-09-25,471.48,7.309899806976318,1915.65527,2.18,13271.32,16.9,11.43,106.0,21.265455385851567
2023-09-26,470.6,7.31,1900.48608,2.23,13063.61,18.94,13.63,122.4742,23.94437459449904
2023-09-27,466.9,7.30810022354126,1874.69531,2.27,13092.85,18.22,13.86,106.66999816894531,26.42027218535685
2023-09-28,459.5,7.299900054931641,1864.55908,2.2,13201.28,17.34,13.09,106.22000122070312,21.893462777009347
2023-09-29,459.5,7.299900054931641,1848.31335,2.24,13219.32,17.52,12.94,106.16999816894531,21.893462777009347
2023-10-01,459.5,7.163599967956543,1848.31335,2.24,13219.32,17.52,12.94,106.16999816894531,21.893462777009347
2023-10-02,459.5,7.179900169372559,1827.40332,2.34,13307.77,17.61,14.13,106.9000015258789,21.893462777009347
2023-10-03,459.5,7.194300174713135,1822.81165,2.45,13059.47,19.78,15.31,107.0,21.893462777009347
2023-10-04,459.5,7.296,1821.075439,2.4,13236.01,18.58,14.58,123.5946,21.8275244560902
2023-10-05,459.5,7.197700023651123,1820.0058594,2.41,13219.83,18.49,14.7,106.33000183105469,21.893462777009347
2023-10-06,459.5,7.197700023651123,1832.25732,2.47,13431.34,17.45,14.03,106.04000091552734,21.893462777009347
2023-10-08,459.5,7.30049991607666,1832.25732,2.47,13431.34,17.45,14.03,106.04000091552734,21.893462777009347
2023-10-09,454.8,7.296,1860.88147,2.47,13484.24,17.7,15.18,123.3563,21.8275244560902
2023-10-10,450.58,7.2948,1860.087402,2.34,13562.84,17.03,14.49,122.9282,14.327951834693806
2023-10-11,450.4,7.298699855804443,1873.60815,2.26,13659.68,16.09,14.38,105.81999969482422,10.74197005999224
2023-10-12,453.66,7.3019,1868.64905,2.36,13574.22,16.69,13.98,123.2101,14.973405301814978
2023-10-13,454.92,7.301499843597412,1931.69751,2.29,13407.23,19.32,18.91,106.6500015258789,14.997446065122858
2023-10-15,454.92,7.168099880218506,1931.69751,2.29,13407.23,19.32,18.91,106.6500015258789,14.997446065122858
2023-10-16,461.2,7.309299945831299,1919.43872,2.33,13567.98,17.21,16.22,106.23999786376953,10.133292648013935
2023-10-17,463.4,7.311699867248535,1922.45544,2.42,13533.75,17.88,16.59,106.25,11.476030496914348
2023-10-18,467.94,7.313499927520752,1947.6886,2.47,13314.3,19.22,17.38,106.56999969482422,9.971590176893471
2023-10-19,471.26,7.311200141906738,1973.70349,2.49,13186.18,21.4,19.4,106.25,7.320532217601681
2023-10-20,476.68,7.311200141906738,1981.044556,2.46,12983.81,21.71,18.56,106.16000366210938,7.320532217601681
2023-10-22,476.68,7.315400123596191,1981.044556,2.46,12983.81,21.71,18.56,106.16000366210938,7.320532217601681
2023-10-23,476.0,7.3140997886657715,1972.59326,2.45,13018.33,20.37,17.28,105.54000091552734,12.137606825935165
2023-10-24,475.2,7.309000015258789,1970.10999,2.43,13139.87,18.97,16.05,106.2699966430664,12.244578681772396
2023-10-25,473.92,7.315700054168701,1979.61841,2.52,12821.22,20.19,16.76,106.52999877929688,8.303766802116911
2023-10-26,476.66,7.314899921417236,1984.81775,2.44,12595.61,20.68,16.53,106.5999984741211,9.871914945181913
2023-10-27,476.98,7.314899921417236,2005.78369,2.42,12643.01,21.27,17.69,106.55999755859375,9.871914945181913
2023-10-30,478.12,7.158699989318848,1995.87842,2.44,12789.48,19.75,16.84,106.12000274658203,18.753857156406298
2023-10-31,478.94,7.312099933624268,1982.70496,2.46,12851.24,18.14,16.23,106.66000366210938,12.827285790586075
2023-11-01,477.18,7.3175,1982.15002,2.36,13061.47,16.87,15.36,123.7922,10.85361321555456
2023-11-02,478.72,7.316,1985.50696,2.27,13294.19,15.66,14.76,122.8818,11.699602959152571
2023-11-03,478.2,7.3005,1992.26758,2.18,13478.28,14.91,14.04,121.7564,10.582224901056122
2023-11-06,475.96,7.2695,1977.68335,2.25,13518.78,14.89,13.25,121.6484,13.736484549166503
2023-11-07,474.0,7.2788,1968.40491,2.19,13639.86,14.81,13.33,122.0777,13.35648210304305
2023-11-08,471.84,7.28,1949.79004,2.15,13650.41,14.45,14.07,122.0926,15.477484810391047
2023-11-09,468.9,7.2835,1958.18994,2.29,13521.45,15.29,14.06,122.1281,10.351076953076015
2023-11-10,471.36,7.282299995422363,1936.79004,2.29,13798.11,14.17,13.96,105.86000061035156,17.897010322758604
2023-11-13,469.98,7.289,1945.89001,2.32,13767.74,14.76,13.92,122.4264,13.967259218737468
2023-11-14,471.52,7.253,1962.67395,2.16,14094.38,14.16,13.73,121.35,13.84564954587097
2023-11-15,472.98,7.2466,1959.091187,2.22,14103.84,14.18,12.98,121.0749,16.54422281369625
2023-11-16,471.86,7.2416,1980.8512,2.18,14113.67,14.32,13.04,121.1754,10.672929415660631
2023-11-17,473.44,7.241000175476074,1980.0076904,2.16,14125.48,13.8,12.97,103.81999969482422,12.487501611382072
2023-11-20,468.0,7.209700107574463,1977.19409,2.12,14284.53,13.41,12.59,103.47000122070312,9.69220687804932
2023-11-21,466.98,7.167500019073486,1998.36926,2.16,14199.98,13.35,14.09,103.58999633789062,6.475178704458756
2023-11-22,466.1,7.086900234222412,1989.72351,2.16,14265.86,12.85,13.35,103.91999816894531,12.74356072284985
2023-11-23,465.46,7.154200077056885,1991.79004,2.16,14265.86,12.8,13.35,103.91999816894531,7.32299105730425
2023-11-24,465.9,7.1488,2001.96997,2.21,14250.85,12.46,13.05,120.2105,5.769052629575469
2023-11-27,470.08,7.1528,2013.64294,2.18,14241.02,12.69,13.31,120.173,7.007187575931994
2023-11-28,471.6,7.138,2040.89001,2.12,14281.76,12.69,15.54,119.5904,3.232359979423564
2023-11-29,475.46,7.13,2044.58997,2.06,14258.49,12.98,15.04,119.8159,6.769129644573752
2023-11-30,475.72,7.07889986038208,2035.75452,2.14,14226.22,12.92,14.22,103.5,12.399075107296994
2023-12-01,475.78,7.1386,2070.90112,2.0,14305.03,12.63,16.96,119.9424,0.4851060095487582
2023-12-04,481.62,7.1424,2030.060059,2.07,14185.49,13.08,17.13,120.4727,15.450566804327536
2023-12-05,475.0,7.1444,2019.42029,2.01,14229.91,12.85,15.46,120.7913,11.143960651502198
2023-12-06,474.08,7.158,2024.89746,1.98,14146.71,12.97,15.4,120.5334,8.080481660263331
2023-12-07,474.88,7.1515,2028.33752,1.97,14339.99,13.06,14.93,120.6013,8.512685251498965
2023-12-08,475.2,7.1645,2003.39001,2.02,14403.97,12.35,14.14,120.7607,13.731428082209334
2023-12-11,471.6,7.1765,1981.30298,2.04,14432.49,12.63,13.99,120.9279,14.454635781503724
2023-12-12,469.9,7.174200057983398,1979.4375,2.04,14533.4,12.07,12.82,103.87000274658203,13.331426454433938
2023-12-13,469.02,7.1725,2026.39001,1.88,14733.96,12.19,13.67,121.1571,1.7323202621890914
2023-12-14,476.2,7.1717000007629395,2035.52795,1.7,14761.56,12.48,13.96,101.95999908447266,6.857456538074985
2023-12-15,475.46,7.066999912261963,2018.18994,1.69,14813.92,12.28,13.49,102.55000305175781,16.90877171675288
2023-12-18,474.9,7.1297,2026.99792,1.74,14905.19,12.56,13.79,119.9102,10.261387939492296
2023-12-19,475.9,7.131999969482422,2040.12085,1.74,15003.22,12.53,13.75,102.16999816894531,8.102426095440933
2023-12-20,476.92,7.067599773406982,2029.18994,1.67,14777.94,13.67,13.82,102.41000366210938,15.830336131183742
2023-12-21,477.02,7.134099960327148,2045.49414,1.7,14963.87,13.65,14.27,101.83999633789062,7.852232288217863
2023-12-22,479.54,7.1315,2052.9751,1.71,14992.97,13.03,15.25,119.0625,8.82796033726106
2023-12-25,480.8,7.1315,2054.92993,1.71,14992.97,13.03,15.25,119.0625,8.82796033726106
2023-12-26,481.4,7.1432,2067.19995,1.71,15074.57,12.99,15.83,118.8875,6.648840714388939
2023-12-27,482.6,7.1405,2076.99512,1.64,15099.18,12.43,16.96,118.4729,5.779588973588204
2023-12-28,483.6,7.1065,2066.042236,1.68,15095.14,12.47,16.05,118.4104,11.552508555821817
2023-12-29,481.7,7.10699987411499,2062.59009,1.72,15011.35,12.45,15.85,101.33000183105469,10.408103268737364
2024-01-01,481.7,7.0999,2063.80005,1.72,15011.35,12.45,15.85,118.4208,10.87892262957547
2024-01-02,483.32,7.068600177764893,2058.5105,1.74,14765.94,13.2,15.73,102.19999694824219,15.501661670522708
2024-01-03,483.58,7.089600086212158,2040.19031,1.71,14592.21,14.04,14.85,102.45999908447266,18.54765966321446
2024-01-04,481.64,7.098899841308594,2043.26465,1.77,14510.3,14.13,14.2,102.41999816894531,15.295984064929655
2024-01-05,482.38,7.110000133514404,2045.49561,1.83,14524.07,13.35,13.81,102.41000366210938,14.796800032050214
2024-01-08,481.72,7.09250020980835,2027.84302,1.79,14843.77,13.08,13.56,102.20999908447266,19.312970411420054
2024-01-09,481.02,7.090000152587891,2029.59485,1.8,14857.71,12.76,13.16,102.56999969482422,18.376638442889146
2024-01-10,479.86,7.101600170135498,2023.40198,1.82,14969.65,12.69,13.26,102.36000061035156,17.87366902694214
2024-01-11,480.24,7.167,2028.089966,1.76,14970.19,12.44,12.8,119.8916,12.91893367878214
2024-01-12,480.78,7.103099822998047,2048.71924,1.69,14972.76,12.7,13.49,102.4000015258789,12.914413457755757
2024-01-15,483.58,7.100599765777588,2054.48999,1.69,14972.76,13.25,13.49,102.4000015258789,14.561685604951208
2024-01-16,483.34,7.1874,2027.58997,1.77,14944.35,13.84,13.55,120.5759,14.804299825485828
2024-01-17,479.66,7.116499900817871,2005.71936,1.8,14855.62,14.79,13.53,103.44999694824219,20.750178709518764
2024-01-18,478.72,7.114500045776367,2022.67041,1.8,15055.65,14.13,13.09,103.54000091552734,16.06181926357158
2024-01-19,480.36,7.1931,2029.089966,1.81,15310.97,13.3,12.95,120.6442,11.10583135548734
2024-01-22,478.88,7.192,2020.094849,1.8,15360.29,13.19,12.83,120.6178,11.77751462028391
2024-01-23,479.18,7.192699909210205,2027.6781,1.85,15425.94,12.55,12.73,103.62000274658203,10.278426679392282
2024-01-24,478.66,7.158,2012.58997,1.88,15481.92,13.14,12.7,120.4916,15.4928642995161
2024-01-25,476.84,7.081999778747559,2019.75183,1.85,15510.5,13.45,12.79,103.56999969482422,16.959857469899646
2024-01-26,478.72,7.1763,2018.33997,1.85,15455.36,13.26,11.91,120.6173,13.04208186503132
2024-01-29,480.04,7.1798,2031.74878,1.78,15628.04,13.6,13.08,120.8538,11.039730234732474
2024-01-30,481.0,7.084499835968018,2036.11511,1.8,15509.9,13.31,13.05,103.4000015258789,17.23041899442177
2024-01-31,481.58,7.094099998474121,2037.18994,1.73,15164.01,14.35,13.16,103.2699966430664,16.93681996413602
2024-02-01,482.84,7.1006999015808105,2054.090088,1.68,15361.64,13.88,13.72,103.05000305175781,13.90636598132943
2024-02-02,484.82,7.192,2038.58997,1.82,15628.95,13.85,12.66,120.902,13.440924839969796
2024-02-05,481.44,7.112599849700928,2024.67065,1.9,15597.68,13.67,12.49,104.44999694824219,18.447984282030006
2024-02-06,480.66,7.1908,2035.46228,1.85,15609.0,13.06,12.31,120.9588,10.08266423315706
2024-02-07,482.1,7.100100040435791,2034.21863,1.86,15756.64,12.83,11.84,104.04000091552734,17.74210532196571
2024-02-08,483.54,7.101099967956543,2033.17786,1.91,15793.71,12.79,11.71,104.1500015258789,19.354321973541516
2024-02-09,483.54,7.1929,2024.15698,1.92,15990.66,12.93,11.2,121.039,13.118199575931952
2024-02-12,483.54,7.1928,2019.79004,1.93,15942.55,13.93,11.81,120.9378,13.118199575931952
2024-02-13,483.54,7.1928,1992.13306,2.02,15655.6,15.85,12.15,121.5202,13.118199575931952
2024-02-14,483.54,7.188700199127197,1992.39001,1.97,15859.15,14.38,12.02,104.72000122070312,19.354321973541516
2024-02-15,483.54,7.175899982452393,2004.087524,1.94,15906.17,14.01,11.79,104.30000305175781,19.354321973541516
2024-02-16,483.54,7.1928,2013.10083,1.97,15775.65,14.24,11.75,121.1505,13.118199575931952
2024-02-19,480.7,7.118599891662598,2017.62524,1.97,15775.65,14.71,11.75,104.27999877929688,18.92988361825121
2024-02-20,480.42,7.197199821472168,2023.52783,1.95,15630.78,15.42,11.81,104.08000183105469,12.185423929140995
2024-02-21,480.42,7.189700126647949,2024.98999,1.98,15580.87,15.34,11.46,104.01000213623047,12.335353977403543
2024-02-22,480.06,7.1880998611450195,2024.11243,2.02,16041.62,14.54,11.19,103.95999908447266,12.282345490864145
2024-02-23,478.96,7.197,2035.71765,1.96,15996.82,13.75,11.5,121.0369,7.917836672721705
2024-02-26,481.54,7.194399833679199,2030.65796,1.97,15976.25,13.74,11.29,103.83000183105469,11.83834939208316
2024-02-27,481.42,7.196300029754639,2029.63782,1.99,16035.3,13.43,10.95,103.83000183105469,11.830317023578118
2024-02-28,481.28,7.1976,2034.62,1.94,15947.74,13.84,10.93,121.128,10.452571832751914
2024-02-29,481.82,7.1977,2043.24414,1.92,16091.92,13.4,11.16,121.1824,8.990307313389167
2024-03-01,483.8,7.18720006942749,2083.38989,1.87,16274.94,13.11,13.47,103.86000061035156,2.3834403828337827
2024-03-04,490.1,7.1987,2114.98999,1.88,16207.51,13.49,14.61,120.872,0.5995115979552565
2024-03-05,497.36,7.19890022277832,2127.54541,1.81,15939.59,14.46,14.54,103.80000305175781,4.939946757760595
2024-03-06,500.7,7.196000099182129,2148.29004,1.81,16031.54,14.5,15.17,103.37000274658203,3.6789142407774307
2024-03-07,505.88,7.195899963378906,2159.15869,1.81,16273.38,14.44,15.09,102.81999969482422,6.35133157682418
2024-03-08,506.28,7.192299842834473,2177.51001,1.81,16085.11,14.74,15.47,102.73999786376953,2.757730715402033
2024-03-11,508.3,7.185200214385986,2182.46997,1.83,16019.27,15.22,15.5,102.87000274658203,4.128967918884484
2024-03-12,506.74,7.1804,2157.98999,1.86,16265.64,13.84,14.1,120.1668,8.557116266786693
2024-03-13,505.62,7.1875,2174.3999,1.89,16177.77,13.75,14.09,119.9642,3.152455149742025
2024-03-14,506.34,7.1932,2161.014893,1.99,16128.53,14.4,13.3,120.241,6.569481301859867
2024-03-15,508.16,7.1953,2155.54272,1.99,15973.17,14.41,13.54,120.4003,9.509477286607703
2024-03-18,504.04,7.195000171661377,2159.98608,2.03,16103.45,14.33,13.83,103.58000183105469,4.382398238584585
2024-03-19,505.22,7.197199821472168,2157.22583,2.0,16166.79,13.82,13.48,103.80999755859375,6.048351839788211
2024-03-20,505.74,7.1992,2185.9585,1.96,16369.41,13.04,13.62,120.9289,-0.2208221968589327
2024-03-21,515.7,7.1975998878479,2180.80713,1.93,16401.84,12.92,13.42,104.0,11.043702338775347
2024-03-22,512.48,7.198200225830078,2164.14502,1.87,16428.82,13.06,12.53,104.43000030517578,11.637677698875109
2024-03-25,513.42,7.228099822998047,2171.45215,1.92,16384.47,13.19,12.09,104.2300033569336,8.799204878430714
2024-03-26,514.2,7.2176,2178.58374,1.92,16315.7,13.24,12.57,121.0742,8.65734397016422
2024-03-27,516.42,7.217700004577637,2194.024902,1.88,16399.52,12.78,13.58,104.3499984741211,7.28715176077128
2024-03-28,520.0,7.225800037384033,2232.37573,1.88,16379.46,13.01,15.44,104.55000305175781,1.3863187972668811
2024-03-29,531.3,7.226500034332275,2232.37573,1.88,16379.46,13.01,15.44,104.55000305175781,1.3863187972668811
2024-03-31,531.3,7.220300197601318,2232.37573,1.88,16379.46,13.01,15.44,104.55000305175781,1.3863187972668811
2024-04-01,534.04,7.229700088500977,2250.35571,1.98,16396.83,13.65,16.25,105.0199966430664,10.967134382121685
2024-04-02,534.74,7.232,2280.095703,2.0,16240.45,14.61,17.13,121.3035,4.585768993971783
2024-04-03,541.52,7.234399795532227,2299.17017,2.0,16277.46,14.33,17.49,104.25,6.753295039407362
2024-04-04,541.52,7.23390007019043,2289.42871,1.97,16049.08,16.35,17.29,104.12000274658203,6.753295039407362
2024-04-05,541.52,7.23390007019043,2329.5,2.02,16248.52,16.03,16.92,104.30000305175781,6.753295039407362
2024-04-07,541.52,7.231400012969971,2329.5,2.02,16248.52,16.03,16.92,104.30000305175781,6.753295039407362
2024-04-08,554.74,7.229700088500977,2338.89087,2.04,16253.96,15.19,18.17,104.13999938964844,11.088014537491745
2024-04-09,556.92,7.2307000160217285,2352.57666,2.0,16306.64,14.98,18.3,104.1500015258789,10.011256831085007
2024-04-10,558.78,7.231500148773193,2332.79443,2.15,16170.36,15.8,18.67,105.25,16.410065182301764
2024-04-11,555.22,7.2373,2373.23779,2.16,16442.2,14.91,18.97,121.6081,3.0045304365424954
2024-04-12,570.5,7.235899925231934,2343.42554,2.11,16175.09,17.31,20.21,106.04000091552734,3.1113579751925045
2024-04-14,570.5,7.235599994659424,2343.42554,2.11,16175.09,17.31,20.21,106.04000091552734,3.1113579751925045
2024-04-15,563.88,7.236999988555908,2382.50781,2.2,15885.02,19.23,22.25,106.20999908447266,9.530521847883278
2024-04-16,567.0,7.2383,2382.83179,2.24,15865.25,18.4,20.56,123.1234,12.475546303245553
2024-04-17,567.78,7.237400054931641,2360.80566,2.2,15683.37,18.21,19.01,105.94999694824219,18.44969912174099
2024-04-18,565.52,7.2382,2378.25073,2.24,15601.5,18.0,18.65,123.0017,12.069281145658806
2024-04-19,568.3,7.2403,2390.45166,2.21,15282.01,18.71,18.51,123.1075,11.848566756216997
2024-04-21,568.3,7.2393999099731445,2390.45166,2.21,15282.01,18.71,18.51,106.1500015258789,12.18397043129994
2024-04-22,558.42,7.2403,2326.28589,2.21,15451.31,16.94,17.76,123.0609,16.905130954169067
2024-04-23,544.84,7.2445,2321.81445,2.2,15696.64,15.69,17.73,122.7227,4.052475026122465
2024-04-24,551.0,7.246,2315.82202,2.24,15712.75,15.97,17.45,122.89,11.496524284405268
2024-04-25,550.28,7.23859977722168,2331.78198,2.28,15611.76,15.37,17.32,105.5999984741211,7.613209415097117
2024-04-26,554.58,7.23859977722168,2337.71509,2.24,15927.9,15.03,16.92,105.94000244140625,7.613209415097117
2024-04-28,554.58,7.24459981918335,2337.71509,2.24,15927.9,15.03,16.92,105.94000244140625,7.613209415097117
2024-04-29,551.46,7.2318,2334.43579,2.22,15983.08,14.67,16.92,122.5449,8.68594736534476
2024-04-30,549.5,7.2401,2284.57495,2.28,15657.82,15.65,16.54,122.9853,17.70933028453385
2024-05-01,549.5,7.2399001121521,2317.88257,2.25,15605.48,15.39,16.25,105.76000213623047,17.66527687895814
2024-05-02,549.5,7.238399982452393,2303.2876,2.21,15840.96,14.68,16.05,105.30000305175781,17.66527687895814
2024-05-03,549.5,7.238399982452393,2301.55688,2.15,16156.33,13.49,15.83,105.02999877929688,17.66527687895814
2024-05-05,549.5,7.236199855804443,2301.55688,2.15,16156.33,13.49,15.83,105.02999877929688,17.66527687895814
2024-05-06,548.32,7.2071,2326.1499,2.14,16349.25,13.49,16.23,121.8913,9.31972850997488
2024-05-07,549.82,7.218400001525879,2315.19995,2.15,16332.56,13.23,15.75,105.41000366210938,12.515859867451695
2024-05-08,549.0,7.2185,2309.050049,2.17,16302.76,13.0,15.29,122.1926,13.115685414615768
2024-05-09,548.1,7.218699932098389,2345.88452,2.13,16346.26,12.69,16.27,105.2300033569336,3.6520624613094697
2024-05-10,561.4,7.226,2360.14355,2.16,16340.87,12.55,16.2,122.014,13.08880375841943
2024-05-12,561.4,7.225800037384033,2360.14355,2.16,16340.87,12.55,16.2,105.30999755859375,3.6520624613094697
2024-05-13,557.62,7.2325,2338.44995,2.15,16388.24,13.6,16.52,122.0261,13.859996676419089
2024-05-14,554.62,7.2335,2355.87988,2.12,16511.18,13.42,16.61,121.9256,6.731270050637363
2024-05-15,559.02,7.217700004577637,2386.04248,2.05,16742.39,12.45,16.99,104.3499984741211,5.328652761958097
2024-05-16,564.42,7.2181,2377.8999,2.07,16698.32,12.42,16.26,121.2236,12.587593094346287
2024-05-17,564.86,7.2233,2414.69995,2.1,16685.97,11.99,17.4,121.2354,4.0838124701399465
2024-05-19,564.86,7.222700119018555,2414.69995,2.1,16685.97,11.99,17.4,104.44999694824219,12.671688831098209
2024-05-20,578.84,7.2316999435424805,2426.36011,2.11,16794.87,12.15,17.58,104.56999969482422,14.700650071511973
2024-05-21,572.22,7.2376,2420.87988,2.09,16832.62,11.86,16.76,121.3793,8.895608227755702
2024-05-22,573.32,7.240300178527832,2378.75,2.1,16801.54,12.29,16.45,104.94000244140625,19.592475776903598
2024-05-23,559.72,7.241499900817871,2328.62012,2.17,16736.03,12.77,16.03,105.11000061035156,17.571934090295372
2024-05-24,554.48,7.241499900817871,2334.02002,2.14,16920.79,11.93,15.26,104.72000122070312,17.571934090295372
2024-05-26,554.48,7.241499900817871,2334.02002,2.14,16920.79,11.93,15.26,104.72000122070312,17.571934090295372
2024-05-27,555.78,7.241499900817871,2350.97998,2.14,16920.79,12.36,15.26,104.72000122070312,8.426123683996934
2024-05-28,555.96,7.244999885559082,2361.28003,2.2,17019.88,12.92,15.92,104.61000061035156,5.942363813624183
2024-05-29,559.7,7.2494001388549805,2338.26001,2.25,16920.58,14.28,15.83,105.0999984741211,14.713665948428797
2024-05-30,554.2,7.233500003814697,2343.1001,2.19,16737.08,14.47,15.74,104.72000122070312,9.283364178043712
2024-05-31,556.86,7.233500003814697,2327.38989,2.16,16735.02,12.92,15.26,104.66999816894531,9.283364178043712
2024-06-02,556.86,7.241000175476074,2327.38989,2.16,16735.02,12.92,15.26,104.66999816894531,9.283364178043712
2024-06-03,551.56,7.242000102996826,2350.72998,2.08,16828.67,13.11,16.0,104.13999938964844,4.226524433657573
2024-06-04,556.24,7.242000102996826,2327.01001,2.02,16857.05,13.16,16.22,104.11000061035156,14.429376369391093
2024-06-05,553.62,7.2475,2355.30005,1.99,17187.9,12.63,16.5,122.5339,4.805972241869995
2024-06-06,562.14,7.244100093841553,2375.8999,2.0,17173.12,12.58,16.85,104.0999984741211,8.785660824404431
2024-06-07,562.3,7.244100093841553,2294.01001,2.13,17133.13,12.22,17.13,104.88999938964844,8.785660824404431
2024-06-09,562.3,7.246799945831299,2294.01001,2.13,17133.13,12.22,17.13,104.88999938964844,8.785660824404431
2024-06-10,562.3,7.2475,2310.97998,2.16,17192.53,12.74,16.66,123.9125,27.83368789795361
2024-06-11,544.78,7.2544,2316.86011,2.12,17343.55,12.85,16.45,124.0349,4.408981240567755
2024-06-12,548.04,7.2544,2324.97998,2.09,17608.44,12.04,15.92,123.8295,5.775149841271855
2024-06-13,548.44,7.2515997886657715,2303.93994,2.03,17667.56,11.94,15.71,105.19999694824219,11.289827768494547
2024-06-14,548.48,7.2557,2332.79004,2.03,17688.88,12.66,16.07,124.1694,4.29607557901852
2024-06-16,548.48,7.254300117492676,2332.79004,2.03,17688.88,12.66,16.07,105.55000305175781,11.289827768494547
2024-06-17,549.46,7.2561,2319.11011,2.06,17857.02,12.75,15.63,124.239,8.437450474351749
2024-06-18,550.08,7.252699851989746,2329.47998,2.01,17862.23,12.3,15.64,105.26000213623047,6.892927607533693
2024-06-19,552.4,7.25629997253418,2328.26001,2.01,17862.23,12.48,15.64,105.26000213623047,9.22791175863074
2024-06-20,557.16,7.259099960327148,2360.15991,2.0,17721.59,13.28,16.4,105.58999633789062,6.333349975188412
2024-06-21,559.74,7.2609,2321.51001,2.02,17689.36,13.2,15.86,124.1086,17.79931706692173
2024-06-23,559.74,7.259200096130371,2321.51001,2.02,17689.36,13.2,15.86,105.80000305175781,6.333349975188412
2024-06-24,551.18,7.2586,2334.38989,2.03,17496.82,13.33,15.49,123.7125,6.405217240696288
2024-06-25,552.16,7.26140022277832,2319.57007,2.01,17717.65,12.84,14.88,105.61000061035156,10.634878291898872
2024-06-26,548.7,7.263500213623047,2298.26001,2.06,17805.16,12.55,14.88,106.05000305175781,11.994739383146452
2024-06-27,545.4,7.2688,2327.62012,2.03,17858.68,12.24,15.01,124.3379,1.4417596651180702
2024-06-28,551.52,7.2672,2326.68994,2.08,17732.6,12.44,14.72,124.2103,7.898827721381735
2024-06-30,551.52,7.2657999992370605,2326.68994,2.08,17732.6,12.44,14.72,105.87000274658203,1.5614956489944234
2024-07-01,551.42,7.2683,2331.72998,2.16,17879.3,12.22,14.86,124.4667,6.538780406256478
2024-07-02,552.48,7.2712,2329.46997,2.13,18028.76,12.03,14.35,124.2917,7.9097090081824035
2024-07-03,555.7,7.2699,2356.13989,2.09,18188.3,12.09,14.89,123.7768,4.993443300239619
2024-07-04,558.34,7.2699,2357.44995,2.09,18188.3,12.26,14.89,123.7768,4.993443300239619
2024-07-05,559.66,7.268,2391.62012,2.0,18352.76,12.48,15.62,123.4762,0.8066544871155656
2024-07-07,559.66,7.2677998542785645,2391.62012,2.0,18352.76,12.48,15.62,104.87999725341797,7.637993958512425
2024-07-08,560.74,7.267099857330322,2359.20996,2.01,18403.74,12.37,15.13,105.01000213623047,9.52825972227322
2024-07-09,558.66,7.271699905395508,2363.82007,2.04,18429.29,12.51,14.64,105.12000274658203,6.021545183307239
2024-07-10,561.1,7.274499893188477,2371.37988,2.01,18647.45,12.85,14.89,105.05000305175781,6.480658647120094
2024-07-11,565.46,7.254799842834473,2415.3501,1.95,18283.41,12.92,15.74,104.44000244140625,2.0866971282902114
2024-07-12,568.54,7.2495,2411.11011,1.94,18398.45,12.46,15.12,122.4404,6.566500475991347
2024-07-14,568.54,7.2494001388549805,2411.11011,1.94,18398.45,12.46,15.12,104.08999633789062,2.0866971282902114
2024-07-15,568.34,7.2592,2422.28003,1.96,18472.57,13.12,15.98,122.6347,3.0076356752134643
2024-07-16,574.94,7.2606000900268555,2468.67993,1.91,18509.34,13.19,17.15,104.2699966430664,-1.332693491262603
2024-07-17,581.56,7.2607,2458.65991,1.9,17996.92,14.48,16.7,122.518,7.61841758847072
2024-07-18,581.48,7.258900165557861,2445.090088,1.89,17871.22,15.93,16.25,104.16999816894531,10.847600283341649
2024-07-19,565.94,7.258900165557861,2400.78003,1.93,17726.94,16.52,16.34,104.4000015258789,10.847600283341649
2024-07-21,565.94,7.269000053405762,2400.78003,1.93,17726.94,16.52,16.34,104.4000015258789,10.847600283341649
2024-07-22,565.4,7.27269983291626,2396.57007,1.96,18007.57,14.91,15.74,104.30999755859375,5.027863498927445
2024-07-23,562.6,7.2743000984191895,2409.67993,1.96,17997.35,14.72,15.44,104.44999694824219,-0.9614947500359676
2024-07-24,569.64,7.2622,2397.29004,2.0,17342.41,18.04,15.98,123.5575,9.908788770138472
2024-07-25,555.68,7.231,2364.71997,1.99,17181.72,18.46,15.54,123.5286,5.925467453180431
2024-07-26,557.38,7.230100154876709,2387.070068,1.93,17357.88,16.39,15.2,104.31999969482422,5.993880388475645
2024-07-28,557.38,7.250100135803223,2387.070068,1.93,17357.88,16.39,15.2,104.31999969482422,5.993880388475645
2024-07-29,561.24,7.2597,2383.57007,1.92,17370.2,16.6,15.64,124.1392,4.903779408137325
2024-07-30,562.02,7.2511,2411.050049,1.9,17147.42,17.69,16.3,124.2855,-0.0635279085602178
2024-07-31,566.28,7.2193,2447.51001,1.85,17599.4,16.36,17.88,123.6373,-1.8010524601089628
2024-08-01,570.9,7.242800235748291,2446.3999,1.79,17194.15,18.59,17.61,104.41999816894531,1.2282340426448854
2024-08-02,574.04,7.242800235748291,2442.67993,1.76,16776.16,23.39,18.7,103.20999908447266,1.2282340426448854
2024-08-04,574.04,7.157199859619141,2442.67993,1.76,16776.16,23.39,18.7,103.20999908447266,1.2282340426448854
2024-08-05,559.94,7.13,2410.11011,1.71,16200.08,38.57,21.95,123.5787,7.459247534843371
2024-08-06,554.18,7.156300067901611,2389.8999,1.78,16366.85,27.71,19.1,102.97000122070312,4.311309445944744
2024-08-07,556.06,7.180300235748291,2383.1001,1.85,16195.81,27.85,18.12,103.19999694824219,5.9169546886435
2024-08-08,556.1,7.173699855804443,2427.27002,1.87,16660.02,23.79,18.45,103.20999908447266,-3.7246690074250637
2024-08-09,560.7,7.166,2431.13989,1.84,16745.3,20.37,17.8,122.9276,0.5846286835886758
2024-08-11,560.7,7.166299819946289,2431.13989,1.84,16745.3,20.37,17.8,103.13999938964844,-3.7246690074250637
2024-08-12,565.3,7.1744,2472.13989,1.79,16780.61,20.71,20.61,123.2204,-4.929087620878704
2024-08-13,569.46,7.1558,2465.060059,1.76,17187.61,18.12,19.18,123.0146,2.338075773073797
2024-08-14,568.22,7.1382,2448.02002,1.77,17192.6,16.19,18.49,122.4297,6.403596483868455
2024-08-15,566.98,7.173399925231934,2456.48999,1.8,17594.5,15.23,18.16,102.9800033569336,0.4397357018023058
2024-08-16,567.74,7.173399925231934,2507.69995,1.81,17631.72,14.8,20.09,102.45999908447266,0.4397357018023058
2024-08-18,567.74,7.164000034332275,2507.69995,1.81,17631.72,14.8,20.09,102.45999908447266,0.4397357018023058
2024-08-19,573.7,7.140500068664551,2504.31006,1.79,17876.77,14.65,18.77,101.88999938964844,-1.2200622241009569
2024-08-20,574.24,7.131999969482422,2514.02002,1.75,17816.94,15.88,18.47,101.44000244140625,-2.2221571822526585
2024-08-21,576.2,7.1344,2512.40991,1.72,17918.99,16.27,18.63,121.8535,-0.0868250166057578
2024-08-22,574.46,7.144400119781494,2484.80005,1.76,17619.35,17.55,17.89,101.51000213623047,3.7073266721411073
2024-08-23,572.58,7.144400119781494,2512.40991,1.68,17877.79,15.86,17.49,100.72000122070312,3.7073266721411073
2024-08-25,572.58,7.124000072479248,2512.40991,1.68,17877.79,15.86,17.49,100.72000122070312,3.7073266721411073
2024-08-26,576.2,7.1212,2518.040039,1.67,17725.76,16.15,17.9,121.6943,-0.3096122856527472
2024-08-27,575.94,7.1244,2524.58008,1.68,17754.82,15.43,17.69,121.8672,-2.326700594852582
2024-08-28,575.16,7.1245,2504.72998,1.69,17556.03,17.11,17.18,121.8943,1.4320033915796555
2024-08-29,575.06,7.0972,2521.16992,1.71,17516.43,15.65,17.22,122.2333,-0.2208255091549062
2024-08-30,574.06,7.09,2503.44995,1.76,17713.62,15.0,16.4,122.3262,3.402030784316821
2024-09-01,574.06,7.092100143432617,2503.44995,1.76,17713.62,15.0,16.4,101.69999694824219,-0.08302725175622072
2024-09-02,570.82,7.09,2499.46997,1.76,17713.62,15.55,16.4,122.3262,3.402030784316821
2024-09-03,572.12,7.1209,2492.97998,1.73,17136.3,20.72,16.55,122.7811,1.3719768006174036
2024-09-04,568.22,7.1119,2495.6499,1.7,17084.3,21.32,16.19,122.5144,-2.4171477103863026
2024-09-05,572.04,7.091300010681152,2516.76001,1.7,17127.66,19.9,16.48,101.11000061035156,-1.757170279707907
2024-09-06,573.68,7.0876,2497.44995,1.69,16690.83,22.38,16.49,122.4991,4.582430092433242
2024-09-08,573.68,7.087900161743164,2497.44995,1.69,16690.83,22.38,16.49,101.18000030517578,-1.757170279707907
2024-09-09,569.22,7.1133,2506.31006,1.66,16884.6,19.45,16.16,122.7156,-3.967433883582089
2024-09-10,573.24,7.120800018310547,2516.6499,1.63,17025.88,19.08,16.08,101.62999725341797,-2.9189741990848006
2024-09-11,576.12,7.1192,2511.51001,1.61,17395.53,17.69,15.52,122.7754,1.266942845917697
2024-09-12,575.22,7.1173,2558.75,1.63,17569.68,17.07,16.74,122.4423,-10.289392029835769
2024-09-13,583.58,7.116600036621094,2579.01001,1.58,17683.98,16.56,16.88,101.11000061035156,-10.23180907949984
2024-09-15,583.58,7.092700004577637,2579.01001,1.58,17683.98,16.56,16.88,101.11000061035156,-10.23180907949984
2024-09-16,583.58,7.09250020980835,2582.51001,1.54,17592.13,17.14,17.03,100.76000213623047,-10.23180907949984
2024-09-17,583.58,7.0958,2569.58008,1.53,17628.06,17.61,17.49,121.6031,-4.550531963605295
2024-09-18,582.98,7.0812,2559.37988,1.58,17573.3,18.23,17.13,121.5618,0.2969962783610071
2024-09-19,582.2,7.0675,2586.78003,1.56,18013.98,16.33,16.76,121.3059,-5.581692157634961
2024-09-20,590.62,7.066999912261963,2622.27002,1.58,17948.32,16.15,17.08,100.72000122070312,-5.540101437169369
2024-09-22,590.62,7.050899982452393,2622.27002,1.58,17948.32,16.15,17.08,100.72000122070312,-5.540101437169369
2024-09-23,595.14,7.0508,2628.54004,1.58,17974.27,15.89,17.72,121.4303,-0.7193121041683526
2024-09-24,594.24,7.0318,2657.13989,1.55,18074.52,15.39,19.26,121.1291,-6.479413522658206
2024-09-25,598.74,7.0315,2657.15991,1.61,18082.21,15.41,19.13,121.4447,-1.9583107098879964
2024-09-26,599.9,7.0106,2672.43994,1.63,18190.29,15.37,18.82,121.0785,-2.4568872751941626
2024-09-27,599.42,7.008999824523926,2658.32007,1.6,18119.59,16.96,18.59,100.41999816894531,-2.3193987979079793
2024-09-29,599.42,7.010300159454346,2658.32007,1.6,18119.59,16.96,18.59,100.41999816894531,-2.3193987979079793
2024-09-30,596.72,7.0176,2634.72998,1.63,18189.17,16.73,18.08,121.2864,2.269822121368975
2024-10-01,596.72,7.0175,2663.42993,1.55,17910.36,19.26,18.57,121.6881,2.269822121368975
2024-10-02,596.72,7.0175,2658.80005,1.58,17925.12,18.9,18.07,121.5724,2.269822121368975
2024-10-03,596.72,7.0175,2656.19995,1.64,17918.48,20.49,18.28,122.1197,2.269822121368975
2024-10-04,596.72,7.0175,2653.52002,1.75,18137.85,19.21,17.48,122.2197,2.269822121368975
2024-10-06,596.72,7.017499923706055,2653.52002,1.75,18137.85,19.21,17.48,102.5199966430664,2.2782994313805602
2024-10-07,596.72,7.0175,2643.31006,1.76,17923.9,22.64,17.71,122.4241,2.269822121368975
2024-10-08,596.22,7.0595,2622.90991,1.77,18182.92,21.42,17.64,122.6625,0.903315072419673
2024-10-09,588.56,7.0818,2609.26001,1.77,18291.62,20.86,17.62,122.8821,-5.529332030736214
2024-10-10,590.7,7.0794,2629.34009,1.76,18282.05,20.93,17.27,123.0951,-7.758380347742104
2024-10-11,597.38,7.080100059509277,2656.17993,1.75,18342.94,20.46,17.27,102.88999938964844,-7.817560007045131
2024-10-12,597.38,7.0667,2657.26001,1.75,18342.94,20.46,17.27,122.9805,-6.102782044818014
2024-10-13,597.38,7.065199851989746,2657.26001,1.75,18342.94,20.46,17.27,102.88999938964844,-7.817560007045131
2024-10-14,603.3,7.087200164794922,2652.63989,1.75,18502.69,19.7,17.47,103.30000305175781,-1.1268286703935928
2024-10-15,603.64,7.1192,2661.81006,1.75,18315.59,20.64,17.38,123.5124,-5.614848462455939
2024-10-16,611.98,7.1192,2674.97998,1.75,18367.08,19.58,17.31,123.9235,-0.2892775287668883
2024-10-17,614.26,7.1216,2692.11011,1.79,18373.61,19.11,17.57,124.1122,-2.1378767462182395
2024-10-18,619.06,7.1015,2719.71997,1.77,18489.55,18.03,17.77,123.9185,-1.9019935684086704
2024-10-19,619.06,7.1015,2721.67993,1.77,18489.55,18.03,17.77,123.9185,-1.9019935684086704
2024-10-20,619.06,7.100800037384033,2721.67993,1.77,18489.55,18.03,17.77,103.48999786376953,-2.2590638923026063
2024-10-21,625.82,7.118000030517578,2719.93994,1.88,18540.0,18.37,18.19,104.01000213623047,3.364888005337775
2024-10-22,626.5,7.121699810028076,2748.71997,1.87,18573.13,18.2,18.73,104.08000183105469,-2.8683504483218485
2024-10-23,629.96,7.12529993057251,2716.1001,1.93,18276.65,19.24,18.98,104.43000030517578,7.746170239426874
2024-10-24,624.54,7.119,2736.81006,1.91,18415.49,19.08,18.66,124.5127,-1.8638071966176997
2024-10-25,624.72,7.11870002746582,2742.56006,1.96,18518.61,20.33,18.88,104.26000213623047,-1.837412487042684
2024-10-26,624.72,7.11870002746582,2747.62988,1.96,18518.61,20.33,18.88,104.26000213623047,-1.837412487042684
2024-10-28,626.58,7.1254,2742.59009,1.99,18567.19,19.8,18.34,124.8076,-1.711074229138262
2024-10-29,631.8,7.127500057220459,2772.27002,1.98,18712.75,19.34,18.51,104.27999877929688,-3.47753230924377
2024-10-30,638.62,7.130099773406982,2787.56006,1.95,18607.93,20.35,18.68,103.98999786376953,-0.3943023185286165
2024-10-31,635.66,7.114799976348877,2746.56006,1.95,18095.15,23.16,19.46,103.9800033569336,7.395481539737602
2024-11-01,629.72,7.118500232696533,2734.15991,2.04,18239.92,21.88,19.29,104.27999877929688,3.9666939230462503
2024-11-02,629.72,7.118500232696533,2736.3999,2.04,18239.92,21.88,19.29,104.27999877929688,3.9666939230462503
2024-11-04,625.38,7.0995,2738.38989,2.03,18179.98,21.98,19.91,124.5903,0.3314034094233875
2024-11-05,625.02,7.097799777984619,2740.47998,1.99,18439.17,20.49,19.59,103.41999816894531,-0.3558642472806923
2024-11-06,624.06,7.102200031280518,2667.15991,2.04,18983.47,16.27,17.63,105.08999633789062,15.03840448077733
2024-11-07,611.32,7.1412,2694.44995,1.98,19269.46,15.2,17.37,124.775,-7.311536095294855
2024-11-08,615.48,7.141200065612793,2687.18994,1.95,19286.78,14.94,15.91,105.0,-1.4846816545417596
2024-11-09,615.48,7.141200065612793,2684.19995,1.95,19286.78,14.94,15.91,105.0,-1.4846816545417596
2024-11-11,615.78,7.178199768066406,2619.23999,1.95,19298.76,14.97,16.02,105.54000091552734,11.300507700797084
2024-11-12,605.66,7.232,2598.27002,2.08,19281.4,14.71,16.25,126.7762,1.5257776571768318
2024-11-13,604.46,7.2245,2581.050049,2.09,19230.73,14.02,17.05,126.9572,4.952032118555849
2024-11-14,593.1,7.223499774932861,2576.02002,2.1,19107.65,14.31,17.39,106.66999816894531,-5.156788936696671
2024-11-15,593.3,7.2291998863220215,2563.93994,2.1,18680.12,16.14,17.17,106.69000244140625,-2.6211768059700944
2024-11-16,593.3,7.2288,2563.070068,2.1,18680.12,16.14,17.17,126.8848,-2.5882131680358498
2024-11-18,600.6,7.2364,2609.87988,2.08,18791.81,15.58,16.97,126.6045,-6.602879535486295
2024-11-19,609.84,7.2392,2630.77002,2.05,18987.47,16.35,17.85,126.3994,-2.4599125109392617
2024-11-20,610.6,7.2459,2650.94995,2.06,18966.14,17.16,18.34,126.88,-6.967741337952361
2024-11-21,617.7,7.24399995803833,2669.72998,2.09,18972.42,16.87,17.59,106.97000122070312,-4.079666696470554
2024-11-22,627.88,7.233699798583984,2708.22998,2.07,19003.65,15.24,17.54,107.48999786376953,-1.9694594127705614
2024-11-23,627.88,7.233699798583984,2716.080078,2.07,19003.65,15.24,17.54,107.48999786376953,-1.9694594127705614
2024-11-25,619.16,7.242000102996826,2625.72998,1.98,19054.84,14.6,17.8,106.81999969482422,7.7967519539004115
2024-11-26,610.84,7.239500045776367,2628.11011,2.02,19175.58,14.1,17.0,107.01000213623047,-0.8661829585201986
2024-11-27,616.46,7.251999855041504,2634.78003,1.99,19060.48,14.1,16.54,106.08000183105469,2.142498894778896
2024-11-28,613.2,7.2458,2637.38989,1.99,19060.48,13.9,16.54,126.8205,2.66768912263899
2024-11-29,618.8,7.2423,2650.11011,1.92,19218.17,13.51,16.37,126.5798,1.7346391996719603
2024-12-02,613.28,7.240699768066406,2637.69995,1.93,19403.95,13.34,16.33,106.44999694824219,-0.7600088798294564
2024-12-03,619.32,7.2858,2641.030029,1.95,19480.91,13.3,16.21,126.9565,0.6752627425145192
2024-12-04,618.22,7.28380012512207,2651.80005,1.9,19735.12,13.45,15.92,106.33999633789062,-2.7770432905849702
2024-12-05,618.4,7.263000011444092,2629.87988,1.92,19700.72,13.54,15.93,105.70999908447266,4.294912195200368
2024-12-06,615.94,7.259200096130371,2634.8999,1.91,19859.77,12.77,15.04,105.97000122070312,0.9845896000803123
2024-12-07,615.94,7.27,2633.19995,1.91,19859.77,12.77,15.04,126.688,0.0696872377707222
2024-12-09,619.12,7.2604,2660.31006,1.93,19736.69,14.19,15.75,126.5981,-1.8684790979792751
2024-12-10,621.44,7.25,2691.97998,1.93,19687.24,14.18,16.34,126.957,-6.0409862234153024
2024-12-11,627.06,7.2605,2718.11011,1.96,20034.89,13.58,16.86,126.8483,-7.429316432395126
2024-12-12,631.38,7.2685,2683.070068,2.0,19902.84,13.92,15.43,126.9556,4.3799907001463225
2024-12-13,625.6,7.267600059509277,2653.070068,2.07,19926.72,13.81,15.63,107.0,5.687379745717294
2024-12-14,625.6,7.267600059509277,2648.51001,2.07,19926.72,13.81,15.63,107.0,5.687379745717294
2024-12-16,619.72,7.275100231170654,2653.36011,2.07,20173.89,14.69,15.38,106.86000061035156,-0.9002115401801802
2024-12-17,619.14,7.282400131225586,2645.40991,2.09,20109.06,15.87,15.64,106.95999908447266,-0.24153184463045818
2024-12-18,618.5,7.284599781036377,2604.28003,2.18,19392.69,27.62,16.54,108.02999877929688,8.564213471300377
2024-12-19,613.52,7.2965,2596.8501,2.28,19372.77,24.09,15.83,128.6366,4.330784810391151
2024-12-20,613.94,7.295400142669678,2627.94995,2.23,19572.6,18.36,15.73,107.62000274658203,-2.4519314597640687
2024-12-21,613.94,7.2953,2623.29004,2.23,19572.6,18.36,15.73,127.893,-2.4434703565514155
2024-12-23,620.14,7.295400142669678,2611.27002,2.27,19764.89,16.78,15.54,108.04000091552734,7.660385922579394
2024-12-24,617.58,7.296999931335449,2617.27002,2.24,20031.13,14.27,14.71,108.26000213623047,3.5584539930770234
2024-12-25,619.0,7.2946,2617.27002,2.24,20031.13,14.27,14.71,128.3377,3.760401308791643
2024-12-26,619.74,7.2972002029418945,2635.060059,2.23,20020.36,14.73,15.19,108.12999725341797,1.5278760493552
2024-12-27,620.22,7.297299861907959,2620.72998,2.28,19722.03,15.95,14.67,108.0,5.361462499331424
2024-12-28,620.22,7.297299861907959,2621.8999,2.28,19722.03,15.95,14.67,108.0,5.361462499331424
2024-12-30,617.66,7.2993,2607.17993,2.24,19486.78,17.4,15.02,128.8205,5.812829647821104
2024-12-31,619.44,7.2993,2623.84009,2.24,19310.79,17.35,14.62,129.2775,3.6830604614593767
2025-01-01,619.44,7.2993,2624.56006,2.24,19310.79,17.35,14.62,129.2775,3.6830604614593767
2025-01-02,624.14,7.2994,2654.78003,2.23,19280.79,17.93,15.07,129.4598,1.1136090477920106
2025-01-03,629.22,7.3199,2639.68994,2.26,19621.68,16.13,14.49,129.4535,7.9951734754610015
2025-01-04,629.22,7.3199,2639.48999,2.26,19621.68,16.13,14.49,129.4535,7.9951734754610015
2025-01-06,626.2,7.3223,2634.47998,2.28,19864.98,16.04,14.76,128.538,5.998004804796892
2025-01-07,626.2,7.322299957275391,2649.44995,2.29,19489.68,17.82,14.68,108.54000091552734,2.4738194837145784
2025-01-08,629.2,7.326399803161621,2658.3501,2.27,19478.88,17.7,14.82,109.08999633789062,3.028165660627451
2025-01-09,632.9,7.3321,2670.22998,2.29,19478.88,18.07,14.82,129.2827,3.440510349060446
2025-01-10,636.88,7.332099914550781,2685.93994,2.34,19161.63,19.54,15.77,109.6500015258789,3.7171725187669153
2025-01-11,636.88,7.332099914550781,2690.15991,2.34,19161.63,19.54,15.77,109.6500015258789,3.7171725187669153
2025-01-13,638.72,7.3319,2658.97998,2.34,19088.1,19.19,15.27,130.0413,11.929596496792897
2025-01-14,633.6,7.3311,2674.37988,2.34,19044.39,18.71,15.0,129.3812,3.248228068609592
2025-01-15,636.84,7.3304,2693.93994,2.24,19511.23,16.12,15.23,129.2092,1.938547231790608
2025-01-16,639.12,7.330100059509277,2715.37988,2.19,19338.29,16.6,15.4,108.95999908447266,-0.8081823582007246
2025-01-17,640.68,7.3249,2703.27002,2.2,19630.2,15.97,14.98,129.4859,4.057672303824347
2025-01-18,640.68,7.330999851226807,2702.86011,2.2,19630.2,15.97,14.98,109.3499984741211,3.527521518610797
2025-01-20,639.8,7.3249,2708.31006,2.2,19630.2,15.81,14.98,129.4859,4.057672303824347
2025-01-21,639.78,7.313300132751465,2742.95996,2.19,19756.78,15.06,15.5,108.05999755859375,-5.166370652818955
2025-01-22,645.46,7.2728,2755.42993,2.2,20009.34,15.1,15.24,128.3402,1.1694605139615533
2025-01-23,646.2,7.288,2754.19995,2.23,20053.68,15.02,14.95,128.2162,0.8511088591316138
2025-01-24,648.9,7.286200046539307,2774.68994,2.2,19954.3,14.85,14.85,107.44000244140625,-1.0894214464657352
2025-01-25,648.9,7.286200046539307,2771.25,2.2,19954.3,14.85,14.85,107.44000244140625,-1.0894214464657352
2025-01-27,647.54,7.243100166320801,2739.37988,2.13,19341.83,17.9,15.23,107.33999633789062,9.618130614115557
2025-01-28,647.54,7.2422,2764.87012,2.13,19733.59,16.41,15.46,128.2817,8.948790138858953
2025-01-29,647.54,7.250199794769287,2755.32007,2.15,19632.32,16.56,14.84,108.0,9.618130614115557
2025-01-30,647.54,7.2422,2793.54004,2.14,19681.75,15.84,16.09,128.1004,8.948790138858953
2025-01-31,647.54,7.2422,2796.33008,2.16,19627.44,16.43,15.82,128.4828,8.948790138858953
2025-02-01,647.54,7.1809000968933105,2798.52002,2.16,19627.44,16.43,15.82,108.37000274658203,9.618130614115557
2025-02-03,647.54,7.2422,2818.37012,2.09,19391.96,18.62,16.81,129.109,8.948790138858953
2025-02-04,647.54,7.2422,2843.1001,2.08,19654.02,17.21,17.11,128.1083,8.948790138858953
2025-02-05,670.64,7.272,2863.66992,2.01,19692.33,15.77,17.19,127.9751,1.1138161866028895
2025-02-06,668.46,7.270500183105469,2854.050049,2.03,19791.99,15.5,16.27,107.69000244140625,1.3205654075370603
2025-02-07,669.9,7.2943,2860.29004,2.07,19523.4,16.54,16.23,128.4292,-0.8866844172520132
2025-02-08,669.9,7.2943,2860.87012,2.07,19523.4,16.54,16.23,128.4292,-0.8866844172520132
2025-02-10,679.08,7.286799907684326,2904.41992,2.07,19714.27,15.81,17.59,108.31999969482422,-1.3555395673322437
2025-02-11,685.74,7.3072,2900.29004,2.08,19643.86,16.02,17.48,128.4322,4.369756127509845
2025-02-12,681.22,7.307199954986572,2897.92993,2.16,19649.95,15.89,17.34,107.94000244140625,0.4042251177444314
2025-02-13,684.56,7.2888,2926.96997,2.08,19945.64,15.1,17.13,127.8931,-1.346689515199273
2025-02-14,688.4,7.28879976272583,2880.76001,2.04,20026.77,14.77,17.23,106.56999969482422,13.322183119003967
2025-02-15,688.4,7.28879976272583,2882.54004,2.04,20026.77,14.77,17.23,106.56999969482422,13.322183119003967
2025-02-17,677.1,7.253,2898.3999,2.04,20026.77,15.37,17.23,127.1491,16.63790401305323
2025-02-18,682.82,7.2786,2935.8501,2.1,20041.26,15.35,18.03,127.2906,-4.2048858765090245
2025-02-19,687.8,7.278600215911865,2931.84009,2.08,20056.25,15.27,16.76,107.16999816894531,1.713485231788468
2025-02-20,690.0,7.283299922943115,2937.97998,2.05,19962.36,15.66,16.45,106.33999633789062,2.0327499496064547
2025-02-21,684.44,7.255499839782715,2933.52002,2.0,19524.01,18.21,16.55,106.61000061035156,0.13906810778905765
2025-02-22,684.44,7.2501,2936.080078,2.0,19524.01,18.21,16.55,127.1408,0.6483528541161832
2025-02-24,685.98,7.25,2949.37988,1.98,19286.92,18.98,16.73,106.5999984741211,-1.4990338707862065
2025-02-25,685.58,7.247600078582764,2912.18994,1.92,19026.39,19.43,16.72,106.30999755859375,6.994373366600712
2025-02-26,679.42,7.247600078582764,2913.97998,1.89,19075.26,19.1,16.36,106.41999816894531,0.41726615858021887
2025-02-27,678.52,7.257999897003174,2879.27002,1.92,18544.42,21.13,16.45,107.23999786376953,6.64251005178437
2025-02-28,673.48,7.285299777984619,2849.79004,1.86,18847.28,19.63,15.82,107.61000061035156,5.9803698710827575
2025-03-01,673.48,7.2828,2857.44995,1.86,18847.28,19.63,15.82,128.2805,6.209406551931579
2025-03-03,673.98,7.2843,2881.69995,1.8,18350.19,22.78,16.81,127.75,-0.9011852616264378
2025-03-04,678.38,7.284299850463867,2916.21997,1.87,18285.16,23.51,17.25,105.73999786376953,-4.585604880182132
2025-03-05,683.9,7.265100002288818,2920.62988,1.94,18552.73,21.93,16.92,105.73999786376953,1.7044867017283423
2025-03-06,682.4,7.2505998611450195,2914.080078,1.95,18069.26,24.87,16.83,104.05999755859375,3.0928927962362422
2025-03-07,681.24,7.2505998611450195,2905.45996,1.99,18196.22,23.37,16.19,103.83999633789062,3.942345956615327
2025-03-08,681.24,7.2505998611450195,2909.43994,1.99,18196.22,23.37,16.19,103.83999633789062,3.942345956615327
2025-03-10,683.04,7.2591,2885.37012,1.91,17468.32,27.86,17.06,126.268,9.636999112897229
2025-03-11,679.08,7.259099960327148,2918.48999,1.97,17436.1,26.92,17.14,103.44000244140625,-2.0526883027368967
2025-03-12,681.12,7.259099960327148,2931.37988,1.99,17648.45,24.23,16.82,103.61000061035156,-3.020999264127795
2025-03-13,686.18,7.2439,2982.97998,1.98,17303.01,24.66,17.41,126.0031,-8.545952935264495
2025-03-14,696.7,7.2377,2984.02002,2.01,17754.09,21.77,17.13,125.6942,2.3266433438681133
2025-03-15,696.7,7.237100124359131,2985.040039,2.01,17754.09,21.77,17.13,103.72000122070312,2.384194452967222
2025-03-17,697.64,7.2327,3000.37012,2.02,17808.66,20.51,17.6,125.3688,-0.0556601965695335
2025-03-18,702.38,7.2273,3035.52002,1.99,17504.12,21.7,17.53,125.488,-2.962287541466253
2025-03-19,709.18,7.23,3047.87988,1.94,17750.79,19.9,16.74,125.8006,0.7011621714598277
2025-03-20,710.5,7.230000019073486,3044.82007,1.93,17691.63,19.8,16.45,103.8499984741211,2.7324122952293237
2025-03-21,706.96,7.2486,3019.94995,1.92,17784.05,19.28,15.98,126.2679,3.1675262407768514
2025-03-22,706.96,7.2486,3023.8501,1.92,17784.05,19.28,15.98,126.2679,3.1675262407768514
2025-03-24,707.14,7.2531,3006.18994,1.98,18188.59,17.48,15.8,126.1956,6.1193350004340346
2025-03-25,706.76,7.2569,3019.63989,1.96,18271.86,17.15,15.23,126.0535,2.233991102576965
2025-03-26,709.02,7.256899833679199,3017.20996,1.98,17899.01,18.33,15.04,104.55000305175781,5.060945330936306
2025-03-27,710.3,7.2645,3057.58008,1.99,17804.03,18.69,16.08,126.3626,-3.825114252736967
2025-03-28,722.8,7.2628,3080.96997,1.9,17322.99,21.65,16.45,126.4187,3.3803623992154144
2025-03-29,722.8,7.2628,3085.28003,1.9,17322.99,21.65,16.45,126.4187,3.3803623992154144
2025-03-30,722.8,7.262800216674805,3085.28003,1.9,17322.99,21.65,16.45,104.04000091552734,3.3308404373818803
2025-03-31,729.8,7.2567,3124.55005,1.85,17299.29,22.28,17.84,126.7075,0.817012624463473
2025-04-01,736.3,7.269700050354004,3118.69995,1.84,17449.89,21.77,17.95,104.26000213623047,7.378393635634893
2025-04-02,733.6,7.267499923706055,3124.19995,1.88,17601.05,21.51,17.92,103.80999755859375,3.6138923829324767
2025-04-03,739.04,7.267499923706055,3107.63989,1.78,16550.61,30.02,18.36,102.06999969482422,12.923239394894608
2025-04-04,739.04,7.2803,3036.47998,1.83,15587.79,45.31,22.03,125.8129,11.544434193676013
2025-04-05,739.04,7.267499923706055,3038.17993,1.83,15587.79,45.31,22.03,103.0199966430664,12.923239394894608
2025-04-06,739.04,7.281300067901611,3038.17993,1.83,15587.79,45.31,22.03,103.0199966430664,12.923239394894608
2025-04-07,718.18,7.30810022354126,2982.030029,1.96,15603.26,46.98,19.68,103.26000213623047,17.52012823181792
2025-04-08,719.22,7.3388,2982.15991,2.04,15267.91,52.33,23.73,126.8668,15.586159837060222
2025-04-09,728.14,7.3499,3083.16992,2.07,17124.97,33.62,24.53,126.628,-0.4272221778255698
2025-04-10,744.48,7.314000129699707,3175.47998,2.21,16387.31,40.72,26.59,100.87000274658203,-2.2353531139203824
2025-04-11,757.3,7.2915,3238.18994,2.28,16724.46,37.56,28.44,124.0163,-1.8191328149565609
2025-04-13,757.3,7.291600227355957,3238.18994,2.28,16724.46,37.56,28.44,99.77999877929688,-2.2353531139203824
2025-04-14,763.64,7.3119,3222.050049,2.15,16831.48,30.89,23.8,123.6598,6.191232070889214
2025-04-15,764.44,7.315,3222.050049,2.16,16823.17,30.12,21.54,123.776,6.191232070889214
2025-04-16,781.6,7.3053,3222.050049,2.12,16307.16,32.64,26.73,123.2724,6.191232070889214
2025-04-17,789.22,7.3119001388549805,3326.19,2.11,16286.45,29.65,24.14,99.37999725341797,6.191217686729942
2025-04-18,791.02,7.3119001388549805,3326.27,2.11,16286.45,29.65,24.14,99.37999725341797,6.191217686729942
2025-04-19,791.02,7.2996,3326.27,2.11,16286.45,29.65,24.14,122.9865,10.3862934396451
2025-04-21,805.06,7.2914,3422.8,2.2,15870.9,33.82,28.14,122.3145,2.674290353175593
2025-04-22,831.42,7.3118,3394.4,2.14,16300.42,30.57,28.44,122.4175,33.46562444740937
2025-04-23,784.28,7.285999774932861,3303.3,2.11,16708.05,28.45,25.23,99.83999633789062,10.481454610068795
2025-04-24,792.2,7.285999774932861,3354.9,2.02,17166.04,26.47,24.93,99.29000091552734,6.314146481191642
2025-04-25,787.2,7.285999774932861,3316.3,2.02,17382.94,24.84,23.36,99.47000122070312,6.314146481191642
2025-04-26,787.2,7.285999774932861,3314.0,2.02,17382.94,24.84,23.36,99.47000122070312,6.314146481191642
2025-04-27,787.2,7.2864,3321.0,2.02,17382.94,24.84,23.36,122.8858,10.313529988586538
2025-04-28,780.04,7.294000148773193,3344.1,1.98,17366.13,25.15,23.25,99.01000213623047,-4.176113862183797
2025-04-29,785.14,7.269000053405762,3317.6,1.96,17461.32,24.17,22.1,99.23999786376953,9.80492268783405
2025-04-30,782.38,7.2706,3292.0,1.94,17446.34,24.7,21.52,122.5921,12.858396321957343
2025-05-01,782.38,7.270599842071533,3238.64,2.0,17710.74,24.6,21.51,100.25,12.858413037134483
2025-05-02,782.38,7.270599842071533,3254.9,2.06,17977.73,22.68,21.35,100.0,12.858413037134483
2025-05-03,782.38,7.2706,3257.0,2.06,17977.73,22.68,21.35,122.4962,12.858396321957343
2025-05-04,782.38,7.270599842071533,3252.7,2.06,17977.73,22.68,21.35,100.0,12.858413037134483
2025-05-05,782.38,7.2706,3335.0,2.08,17844.24,23.64,23.2,122.2613,12.858396321957343
2025-05-06,797.2,7.216300010681152,3434.7,2.04,17689.66,24.76,24.72,99.23999786376953,0.3177955314819201
2025-05-07,803.5,7.225,3366.6,2.01,17738.16,23.55,22.99,122.117,21.47595125950465
2025-05-08,790.78,7.234,3309.4,2.08,17928.14,22.48,22.58,122.7568,21.08528397125724
2025-05-09,788.42,7.2364,3323.64,2.08,17928.92,21.9,21.86,122.5191,15.156910765669409
2025-05-10,788.42,7.2364,3322.0,2.08,17928.92,21.9,21.86,122.5191,15.156910765669409
2025-05-11,788.42,7.236299991607666,3322.0,2.08,17928.92,21.9,21.86,100.33999633789062,22.02158171120948
2025-05-12,772.28,7.2018,3235.24,2.16,18708.34,18.39,21.38,123.4863,23.182585496809
2025-05-13,767.68,7.205699920654297,3248.5,2.17,19010.08,18.22,19.58,101.0,15.105010296414093
2025-05-14,761.72,7.205699920654297,3181.2,2.16,19146.81,18.62,20.78,101.04000091552734,24.736297600416492
2025-05-15,739.82,7.206500053405762,3244.5,2.11,19112.32,17.83,21.63,100.87999725341797,-11.911780130049465
2025-05-16,751.8,7.206500053405762,3209.7,2.09,19211.1,17.24,21.47,101.08999633789062,-11.911780130049465
2025-05-17,751.8,7.209,3207.2,2.09,19211.1,17.24,21.47,123.0737,7.873197550114924
2025-05-18,751.8,7.209,3208.3,2.09,19211.1,17.24,21.47,123.0737,7.873197550114924
2025-05-19,755.86,7.2144,3229.15,2.1,19215.46,18.14,21.37,122.4186,6.864557043419495
2025-05-20,754.38,7.219399929046631,3285.1,2.13,19142.71,18.09,21.95,100.12000274658203,-8.121027437783141
2025-05-21,778.78,7.201900005340576,3315.56,2.23,18872.64,20.87,22.23,99.55999755859375,11.074385464433249
2025-05-22,780.1,7.2037,3294.79,2.2,18925.73,20.28,21.55,122.0429,17.0129286736219
2025-05-23,780.1,7.1798,3355.9,2.18,18737.21,22.29,22.28,121.3837,5.438279614834414
2025-05-24,780.1,7.1798,3355.7,2.18,18737.21,22.29,22.28,121.3837,5.438279614834414
2025-05-25,780.1,7.1798,3359.7,2.18,18737.21,22.29,22.28,121.3837,5.438279614834414
2025-05-26,777.3,7.1798,3346.6,2.18,18737.21,20.57,22.28,121.3837,5.438279614834414
2025-05-27,771.6,7.195,3299.7,2.11,19199.16,18.96,21.12,121.6099,8.29871557863271
2025-05-28,772.28,7.1941,3291.4,2.15,19100.94,19.31,19.69,121.9888,10.993947304965673
2025-05-29,764.32,7.1855,3317.95,2.11,19175.87,19.18,19.65,121.5617,-2.1895479608402866
2025-05-30,771.8,7.1991,3288.52,2.07,19113.77,18.57,19.1,121.7674,10.651436912244662
2025-05-31,771.8,7.1991,3291.8,2.07,19113.77,18.57,19.1,121.7674,10.651436912244662
2025-06-01,771.8,7.1991,3295.5,2.07,19113.77,18.57,19.1,121.7674,10.651436912244662
2025-06-02,771.8,7.203700065612793,3381.02,2.13,19242.61,18.36,20.6,98.69999694824219,-4.131030678218281
2025-06-03,783.1,7.203700065612793,3354.3,2.14,19398.96,17.69,20.1,99.25,6.230158018068892
2025-06-04,782.42,7.1844,3372.34,2.06,19460.49,17.61,19.82,121.0539,3.4645931808316845
2025-06-05,783.72,7.175,3353.0,2.11,19298.45,18.48,19.69,120.9596,10.245149902744174
2025-06-06,783.24,7.1886,3310.1,2.2,19529.95,16.77,19.16,121.161,18.214042792611732
2025-06-07,783.24,7.1886,3317.9,2.2,19529.95,16.77,19.16,121.161,18.214042792611732
2025-06-08,783.24,7.1886,3319.1,2.2,19529.95,16.77,19.16,121.161,18.214042792611732
2025-06-09,774.72,7.1802,3327.6,2.18,19591.24,17.16,19.45,120.9103,6.548137669394123
2025-06-10,775.06,7.187,3323.47,2.18,19714.99,16.95,19.0,121.0485,7.1149491214815725
2025-06-11,777.54,7.1928,3352.3,2.14,19615.88,17.26,19.16,120.587,2.3081630684648644
2025-06-12,785.16,7.1726,3381.9,2.11,19662.48,18.02,19.7,120.1723,5.279409712733241
2025-06-13,794.36,7.181,3432.19,2.13,19406.83,20.82,21.16,120.3245,1.9554027681772368
2025-06-14,794.36,7.181,3438.1,2.13,19406.83,20.82,21.16,120.3245,1.9554027681772368
2025-06-15,794.36,7.181,3457.7,2.13,19406.83,20.82,21.16,120.3245,1.9554027681772368
2025-06-16,792.3,7.178999900817871,3383.53,2.16,19701.21,19.11,19.87,98.0,11.34732475720432
2025-06-17,785.08,7.1845,3387.3,2.08,19521.09,21.6,20.41,120.5048,2.658187342260589
2025-06-18,785.42,7.188799858093262,3372.1,2.07,19546.27,20.14,19.58,98.91000366210938,6.043016654836606
2025-06-19,781.24,7.188000202178955,3381.2,2.07,19546.27,22.17,19.58,98.91000366210938,-0.15329283223684342
2025-06-20,778.58,7.188000202178955,3368.76,2.05,19447.41,20.62,19.27,98.70999908447266,-0.15329283223684342
2025-06-21,778.58,7.188000202178955,3380.3,2.05,19447.41,20.62,19.27,98.70999908447266,-0.15329283223684342
2025-06-22,778.58,7.188000202178955,3413.8,2.05,19447.41,20.62,19.27,98.70999908447266,-0.15329283223684342
2025-06-23,781.3,7.178999900817871,3369.1001,2.04,19630.97,19.83,19.02,98.41999816894531,3.677890470671059
2025-06-24,771.86,7.171299934387207,3324.9,2.01,19912.53,17.48,18.28,97.86000061035156,5.262827596764851
2025-06-25,773.94,7.176400184631348,3332.13989,2.01,19973.55,16.76,17.33,97.68000030517578,5.127187235729934
2025-06-26,775.28,7.1675,3328.09,1.98,20167.91,16.59,16.65,119.6451,8.35392817528566
2025-06-27,768.64,7.1721,3278.0,2.0,20273.46,16.32,16.49,119.659,12.77188869419831
2025-06-28,768.64,7.1721,3284.3,2.0,20273.46,16.32,16.49,119.659,12.77188869419831
2025-06-29,768.64,7.1721,3272.0,2.0,20273.46,16.32,16.49,119.659,12.77188869419831
2025-06-30,767.58,7.1636,3302.90991,1.95,20369.73,16.73,17.31,119.4088,6.870580440272079
2025-07-01,776.1,7.1647,3336.4,1.97,20202.89,16.83,16.76,119.3436,7.559318726188394
2025-07-02,776.04,7.1649,3352.0,2.0,20393.13,16.64,16.87,119.3037,3.884300480653224
2025-07-03,781.28,7.1684,3323.9,2.02,20601.1,16.38,16.19,119.2382,15.223293841529085
2025-07-04,777.06,7.1684,3336.8,2.02,20601.1,17.48,16.19,119.2382,15.223293841529085
2025-07-05,777.06,7.1684,3336.7,2.02,20601.1,17.48,16.19,119.2382,15.223293841529085
2025-07-06,777.06,7.1684,3334.6,2.02,20601.1,17.48,16.19,119.2382,15.223293841529085
2025-07-07,771.3,7.1744,3336.82,2.05,20412.52,17.79,16.91,119.6201,1.6219442184961963
2025-07-08,776.22,7.1738,3301.03,2.07,20418.46,16.81,16.2,119.8371,14.861020656839289
2025-07-09,766.82,7.179999828338623,3312.1,2.01,20611.34,15.94,15.86,97.47000122070312,2.24760681465591
2025-07-10,773.3,7.1748,3323.67,2.01,20630.66,15.78,16.04,119.8343,6.612408056971049
2025-07-11,773.56,7.1681,3349.9,2.06,20585.53,16.4,16.94,119.9214,1.5434041185075102
2025-07-12,773.56,7.174799919128418,3348.6,2.06,20585.53,16.4,16.94,97.8499984741211,6.612416698778247
2025-07-13,773.56,7.168099880218506,3349.4,2.06,20585.53,16.4,16.94,97.8499984741211,6.612416698778247
2025-07-14,781.4,7.166999816894531,3342.4,2.04,20640.33,17.2,16.99,98.08000183105469,11.23007738716592
2025-07-15,780.4,7.172900199890137,3324.6,2.09,20677.8,17.38,16.37,98.62000274658203,13.700946692341745
2025-07-16,776.66,7.178500175476074,3344.7,2.05,20730.49,17.16,17.27,98.38999938964844,4.723416113465532
2025-07-17,776.28,7.1832,3337.6,2.04,20885.65,16.52,16.91,120.6384,5.477732731043147
2025-07-18,777.02,7.1776,3347.9,2.03,20895.66,16.41,16.73,120.356,4.441767968235013
2025-07-19,777.02,7.1776,3348.0,2.03,20895.66,16.41,16.73,120.356,4.441767968235013
2025-07-20,777.02,7.1776,3347.3,2.03,20895.66,16.41,16.73,120.356,4.441767968235013
2025-07-21,781.7,7.176,3397.33,1.98,20974.17,16.65,17.78,119.9961,-2.110184705901247
2025-07-22,784.84,7.174300193786621,3427.09,1.96,20892.68,16.5,19.08,97.38999938964844,-5.648930542356652
2025-07-23,792.9,7.1595001220703125,3389.03,2.03,21020.02,15.37,18.44,97.20999908447266,12.80256084685152
2025-07-24,778.74,7.153500080108643,3370.59,1.98,21057.96,15.39,17.82,97.37999725341797,3.5373432246085486
2025-07-25,777.32,7.153500080108643,3347.17,1.96,21108.32,14.93,17.05,97.6500015258789,3.5373432246085486
2025-07-26,777.32,7.153500080108643,3352.96,1.96,21108.32,14.93,17.05,97.6500015258789,3.5373432246085486
2025-07-27,777.32,7.153500080108643,3352.96,1.96,21108.32,14.93,17.05,97.6500015258789,3.5373432246085486
2025-07-28,774.78,7.1778,3322.01,1.98,21178.58,15.03,16.79,120.6149,8.154913498480823
2025-07-29,771.44,7.1769,3334.24,1.91,21098.29,15.98,16.61,120.9674,2.0890569871559137
2025-07-30,773.78,7.176400184631348,3291.98,1.96,21129.67,15.48,16.48,99.94000244140625,14.233136148577955
2025-07-31,770.28,7.2002,3299.41,1.98,21122.45,16.72,16.04,121.721,6.494191907663208
2025-08-01,770.72,7.200200080871582,3361.89,1.9,20650.13,20.38,17.3,98.69000244140625,6.4941833289339
2025-08-02,770.72,7.200200080871582,3361.38,1.9,20650.13,20.38,17.3,98.69000244140625,6.4941833289339
2025-08-03,770.72,7.211599826812744,3361.38,1.9,20650.13,20.38,17.3,98.69000244140625,6.4941833289339
2025-08-04,781.42,7.177999973297119,3378.96,1.85,21053.58,17.52,17.07,98.77999877929688,1.6307547455419353
2025-08-05,782.5,7.1834001541137695,3379.58,1.86,20916.55,17.85,16.68,98.77999877929688,1.9809107386688538
2025-08-06,783.68,7.1822,3371.53,1.88,21169.42,16.77,16.42,120.5082,5.150163615027168
2025-08-07,785.02,7.181000232696533,3389.29,1.88,21242.7,16.57,16.95,98.4000015258789,2.519886550515821
2025-08-08,787.8,7.1839,3387.21,1.88,21450.02,15.15,16.36,120.3329,5.464316909672448
2025-08-09,787.8,7.181000232696533,3389.32,1.88,21450.02,15.15,16.36,98.18000030517578,2.519886550515821
2025-08-10,787.8,7.181000232696533,3389.32,1.88,21450.02,15.15,16.36,98.18000030517578,2.519886550515821
2025-08-11,779.48,7.1884,3344.13,1.87,21385.4,16.25,16.94,120.6892,6.610577201922752
2025-08-12,776.04,7.178500175476074,3342.47,1.91,21681.9,14.73,16.35,98.0999984741211,4.618086661516713
2025-08-13,777.72,7.174300193786621,3350.8,1.87,21713.14,14.49,15.95,97.83999633789062,4.828039630902936
2025-08-14,778.7,7.179500102996826,3330.23,1.9,21710.67,14.83,15.33,98.25,9.995943286025067
2025-08-15,775.8,7.179500102996826,3329.36,1.95,21622.98,15.09,15.22,97.8499984741211,9.995943286025067
2025-08-16,775.8,7.1817,3331.25,1.95,21622.98,15.09,15.22,120.3377,7.06128210651525
2025-08-17,775.8,7.181700229644775,3331.25,1.95,21622.98,15.09,15.22,97.8499984741211,9.995943286025067
2025-08-18,777.66,7.1847,3331.75,1.96,21629.77,14.99,14.9,120.5622,8.048084138441027
2025-08-19,775.06,7.1819,3314.82,1.95,21314.95,15.57,14.82,120.7224,9.657207452537476
2025-08-20,772.68,7.1757,3339.88,1.94,21172.86,15.69,15.4,120.7757,2.1565246354911096
2025-08-21,775.12,7.1793,3332.14,1.94,21100.31,16.6,15.44,121.0843,5.99650258009558
2025-08-22,773.4,7.1651,3363.42,1.85,21496.53,14.22,15.15,120.2774,-1.408000450110194
2025-08-23,773.4,7.179900169372559,3359.72,1.85,21496.53,14.22,15.15,97.72000122070312,5.9322060098356815
2025-08-24,773.4,7.167500019073486,3359.72,1.85,21496.53,14.22,15.15,97.72000122070312,5.9322060098356815
2025-08-25,779.18,7.151000022888184,3349.54,1.87,21449.29,14.79,15.09,98.43000030517578,9.087868353565113
2025-08-26,781.12,7.152,3379.95,1.84,21544.27,14.62,15.88,120.5274,3.927645441831373
2025-08-27,781.16,7.1529998779296875,3388.82,1.81,21590.14,14.85,15.9,98.2300033569336,1.8191204743619664
2025-08-28,783.22,7.1306,3419.78,1.81,21705.16,14.43,16.34,120.2595,-0.778047422315808
2025-08-29,787.42,7.1304,3455.59,1.82,21455.55,15.36,17.39,120.2082,-4.7654111595159065
2025-08-30,787.42,7.1304,3463.81,1.82,21455.55,15.36,17.39,120.2082,-4.7654111595159065
2025-08-31,787.42,7.13040018081665,3463.81,1.82,21455.55,15.36,17.39,97.7699966430664,-3.240878118102046
2025-09-01,802.2,7.1304,3490.83,1.82,21455.55,16.12,17.39,120.2082,-4.7654111595159065
2025-09-02,806.18,7.138999938964844,3549.39990234375,1.87,21279.63,17.17,19.81,98.4000015258789,-8.49248657526823
2025-09-03,816.66,7.1415,3573.33,1.82,21497.73,16.35,19.53,120.5052,-3.7922383333065
2025-09-04,814.92,7.1414,3553.16,1.79,21707.69,15.3,18.33,120.7629,-0.8896942144774584
2025-09-05,817.52,7.1323,3590.01,1.73,21700.39,15.18,18.3,120.1282,-5.700162457601323
2025-09-06,817.52,7.1323,3606.64,1.73,21700.39,15.18,18.3,120.1282,-5.700162457601323
2025-09-07,817.52,7.132500171661377,3606.64,1.73,21700.39,15.18,18.3,97.7699966430664,-3.7918482116671157
2025-09-08,825.18,7.1293,3641.18,1.7,21798.7,15.11,19.09,120.0971,-9.42268374941716
2025-09-09,837.1,7.1209,3638.7,1.72,21879.49,15.04,17.99,120.1569,4.048451781953986
2025-09-10,836.06,7.120699882507324,3643.60009765625,1.69,21886.06,15.35,17.37,97.77999877929688,1.9100558688078308
2025-09-11,832.84,7.1184000968933105,3636.89990234375,1.67,22043.07,14.71,16.48,97.54000091552734,0.4928809543935131
2025-09-12,836.7,7.1184000968933105,3649.39990234375,1.7,22141.1,14.76,16.38,97.55000305175781,0.4928809543935131
2025-09-13,836.7,7.1184000968933105,3632.77,1.7,22141.1,14.76,16.38,97.55000305175781,0.4928809543935131
2025-09-14,836.7,7.124199867248535,3632.77,1.7,22141.1,14.76,16.38,97.55000305175781,0.4928809543935131
2025-09-15,834.1,7.118500232696533,3682.199951171875,1.68,22348.75,15.69,17.9,97.30000305175781,-8.626420153749677
2025-09-16,844.58,7.114200115203857,3688.89990234375,1.67,22333.96,16.36,18.37,96.62999725341797,0.8301933792208729
2025-09-17,837.64,7.1033,3664.37,1.68,22261.33,15.72,17.41,119.1582,0.7850022987767034
2025-09-18,826.82,7.1128997802734375,3643.699951171875,1.73,22470.73,15.7,16.45,97.3499984741211,-6.439041010586038
2025-09-19,830.56,7.1142,3688.92,1.75,22631.48,15.45,16.76,119.7858,-13.194389827511486
2025-09-20,830.56,7.1128997802734375,3691.44,1.75,22631.48,15.45,16.76,97.63999938964844,-6.439041010586038
2025-09-21,830.56,7.1128997802734375,3691.44,1.75,22631.48,15.45,16.76,97.63999938964844,-6.439041010586038
2025-09-22,846.5,7.113999843597412,3740.699951171875,1.78,22788.98,16.1,18.43,97.33000183105469,-9.0737736133093
2025-09-23,855.44,7.111599922180176,3780.60009765625,1.75,22573.47,16.64,19.06,97.26000213623047,-8.968036403830752
2025-09-24,860.0,7.131499767303467,3732.10009765625,1.78,22497.86,16.18,18.3,97.87000274658203,4.293376051287055
2025-09-25,854.72,7.133800029754639,3736.89990234375,1.8,22384.7,16.74,19.07,98.55000305175781,-2.363499751794734
2025-09-26,856.06,7.1328,3771.5,1.82,22484.07,15.29,18.59,120.4349,-8.838008262735684
2025-09-27,856.06,7.1328,3783.35,1.82,22484.07,15.29,18.59,120.4349,-8.838008262735684
2025-09-28,856.06,7.132800102233887,3783.35,1.82,22484.07,15.29,18.59,98.1500015258789,-2.363499751794734
2025-09-29,866.52,7.1194,3842.19,1.8,22591.15,16.12,19.19,120.115,-12.933678396321966
2025-09-30,874.4,7.119,3869.18,1.8,22660.01,16.28,19.95,120.1368,-11.181764753162838
2025-10-01,874.4,7.12,3875.49,1.77,22755.16,16.29,19.05,120.1502,-11.181764753162838
2025-10-02,874.4,7.11899995803833,3839.699951171875,1.76,22844.05,16.63,18.05,97.8499984741211,-4.686128134809223
2025-10-03,874.4,7.12,3885.26,1.8,22780.51,16.65,17.66,120.0881,-11.181764753162838
2025-10-04,874.4,7.12,3893.47,1.8,22780.51,16.65,17.66,120.0881,-11.181764753162838
2025-10-05,874.4,7.11899995803833,3893.47,1.8,22780.51,16.65,17.66,97.72000122070312,-4.686128134809223
2025-10-06,874.4,7.12,3970.74,1.84,22941.67,16.37,19.51,120.2722,-11.181764753162838
2025-10-07,874.4,7.12,3994.92,1.79,22788.36,17.24,19.94,120.4884,-11.181764753162838
2025-10-08,874.4,7.12,4056.45,1.78,23043.38,16.3,21.81,120.7766,-11.181764753162838
2025-10-09,914.32,7.127500057220459,3946.300048828125,1.8,23024.63,16.43,21.85,99.54000091552734,10.00846516206991
2025-10-10,901.56,7.127500057220459,3975.89990234375,1.75,22204.43,21.66,23.78,98.9800033569336,10.00846516206991
2025-10-11,901.56,7.127500057220459,3997.52,1.75,22204.43,21.66,23.78,98.9800033569336,10.00846516206991
2025-10-12,901.56,7.099999904632568,3997.52,1.75,22204.43,21.66,23.78,98.9800033569336,10.00846516206991
2025-10-13,927.56,7.099999904632568,4108.60009765625,1.75,22694.61,19.03,24.53,99.2699966430664,-10.310667337525956
2025-10-14,938.98,7.1384,4155.65,1.73,22521.7,20.81,26.11,121.1822,-14.761281849309398
2025-10-15,960.34,7.126200199127197,4176.89990234375,1.76,22670.08,20.64,27.12,98.79000091552734,3.360080832819449
2025-10-16,966.42,7.123000144958496,4280.2001953125,1.71,22562.54,25.31,32.78,98.38999938964844,-13.786941715958733
2025-10-17,999.8,7.123000144958496,4189.89990234375,1.75,22679.97,20.78,31.2,98.43000030517578,-13.786941715958733
2025-10-18,999.8,7.1264,4237.99,1.75,22679.97,20.78,31.2,120.7028,29.069004452874992
2025-10-19,999.8,7.126399993896484,4237.99,1.75,22679.97,20.78,31.2,98.43000030517578,-13.786941715958733
2025-10-20,970.32,7.1195,4388.43,1.74,22990.54,18.23,31.43,120.6209,-34.17876653752796
2025-10-21,994.06,7.1218,4114.57,1.7,22953.67,17.87,29.82,120.8895,51.94272618837101
2025-10-22,952.56,7.125699996948242,4044.39990234375,1.68,22740.4,18.6,27.19,98.9000015258789,26.00252666779204
2025-10-23,942.28,7.125699996948242,4125.5,1.71,22941.8,17.3,26.68,98.94000244140625,-2.8572140566166127
2025-10-24,938.1,7.125699996948242,4118.39990234375,1.73,23204.87,16.37,24.75,98.94999694824219,-2.8572140566166127
2025-10-25,938.1,7.1211,4111.21,1.73,23204.87,16.37,24.75,120.9345,0.0292674457857629
2025-10-27,934.14,7.1102,3980.31,1.73,23637.46,15.79,23.94,120.7988,24.24882498754164
2025-10-28,901.38,7.110199928283691,3966.199951171875,1.71,23827.49,16.42,24.03,98.69000244140625,-5.285635969619079
2025-10-29,910.88,7.098,3949.3,1.78,23958.47,16.92,24.7,120.5312,9.626719822528004
2025-10-30,912.16,7.098999977111816,4001.300048828125,1.82,23581.14,16.91,24.82,99.52999877929688,-1.0886361679030188
2025-10-31,921.92,7.109799861907959,3982.199951171875,1.81,23724.96,17.44,22.66,99.80000305175781,11.648015723899903
2025-11-01,921.92,7.1169,4001.4,1.81,23724.96,17.44,22.66,121.3859,7.661428295850897
2025-11-03,922.58,7.1222,3999.2,1.82,23834.72,17.17,21.38,121.4512,6.827681450640625
2025-11-04,915.58,7.1295,3930.56,1.81,23348.64,19.0,21.43,121.8271,14.622631215136607
2025-11-05,912.26,7.126,3984.63,1.87,23499.8,18.01,20.15,121.8482,-0.6428366582539411
2025-11-06,917.8,7.1195,3981.31,1.83,23053.99,19.5,20.13,121.6948,6.489808381693365
2025-11-07,921.26,7.1219,4003.11,1.83,23004.54,19.08,20.36,121.388,4.650965357596419
2025-11-08,921.26,7.1219,3992.44,1.83,23004.54,19.08,20.36,121.388,4.650965357596419
2025-11-10,935.98,7.118599891662598,4111.7998046875,1.84,23527.17,17.6,23.34,99.62000274658203,-5.079933582610579
2025-11-11,948.88,7.1193,4123.19184,1.84,23468.3,17.28,23.33,121.2984,-3.794609095439341
2025-11-12,945.76,7.112,4196.46651,1.81,23406.46,17.51,25.82,121.0458,-13.786990503319656
2025-11-13,963.82,7.095,4164.62689,1.83,22870.36,20.0,24.82,120.7725,13.829555691481914
2025-11-14,956.12,7.111999988555908,4087.60009765625,1.86,22900.59,19.83,24.13,99.2699966430664,21.465962745273714
2025-11-15,956.12,7.0992,4080.42743,1.86,22900.59,19.83,24.13,120.9666,22.69384829154285
2025-11-16,956.12,7.0992,4080.496,1.86,22900.59,19.83,24.13,120.9666,22.69384829154285
2025-11-17,932.32,7.1075,4012.12221,1.85,22708.07,22.38,24.07,121.1146,15.504895346986814
2025-11-18,921.34,7.1074,4081.01142,1.85,22432.85,24.69,23.9,121.2127,-11.203944138376642
2025-11-19,940.06,7.1106,4074.0584,1.86,22564.23,23.66,23.89,121.4978,8.68572832510813
2025-11-20,935.46,7.1098,4084.63177,1.86,22078.05,26.42,22.93,121.6889,1.7735994873246457
2025-11-21,926.94,7.1066,4087.44933,1.82,22273.08,23.43,21.93,121.8653,-6.969926811387722
2025-11-22,926.94,7.107500076293945,4065.96908,1.82,22273.08,23.43,21.93,100.18000030517578,-4.631855706966235
2025-11-23,926.94,7.107500076293945,4065.93911,1.82,22273.08,23.43,21.93,100.18000030517578,-4.631855706966235
2025-11-24,930.32,7.106599807739258,4091.89990234375,1.81,22872.01,20.52,22.55,100.13999938964844,-4.606778635342607
2025-11-25,946.5,7.102200031280518,4139.2001953125,1.79,23025.59,18.56,22.4,99.66000366210938,1.3514554109742676
2025-11-26,946.72,7.084499835968018,4165.2001953125,1.77,23214.69,17.19,21.95,99.5999984741211,-1.9950996018249043
2025-11-27,947.16,7.075799942016602,4157.99178,1.77,23214.69,17.21,21.95,99.5999984741211,1.249797102271259
2025-11-28,953.92,7.075799942016602,4218.2998046875,1.79,23365.69,16.35,22.87,99.45999908447266,-5.709800936115016
2025-11-29,953.92,7.0751,4216.44184,1.79,23365.69,16.35,22.87,121.0527,-4.347965028791009
2025-11-30,953.92,7.075799942016602,4216.34338,1.79,23365.69,16.35,22.87,99.45999908447266,-5.709800936115016
2025-12-01,963.28,7.075099945068359,4239.2998046875,1.85,23275.92,17.24,23.34,99.41000366210938,-1.0317274670966299
2025-12-02,958.42,7.071700096130371,4186.60009765625,1.85,23413.67,16.59,22.49,99.36000061035156,6.55347973523476
2025-12-03,956.7,7.0636,4208.56484,1.82,23454.09,16.08,21.96,120.7336,0.9355810817431802
2025-12-04,953.42,7.063600063323975,4211.7998046875,1.85,23505.14,15.78,20.57,98.98999786376953,-3.0790874692086163
2025-12-05,961.04,7.071400165557861,4212.89990234375,1.88,23578.13,15.41,19.92,98.98999786376953,3.2345740218208903
2025-12-06,961.04,7.071400165557861,4197.40394,1.88,23578.13,15.41,19.92,98.98999786376953,3.2345740218208903
2025-12-07,961.04,7.071400165557861,4197.34601,1.88,23578.13,15.41,19.92,98.98999786376953,3.2345740218208903
2025-12-08,958.7,7.0696001052856445,4187.2001953125,1.91,23545.9,16.66,19.58,99.08999633789062,6.979745313764738
2025-12-09,951.54,7.071000099182129,4206.7001953125,1.92,23576.49,16.93,20.35,99.22000122070312,-4.801810352023722
2025-12-10,956.4,7.064,4215.85221,1.88,23654.16,15.77,20.2,120.6752,-1.0735965868793755
2025-12-11,957.9,7.064000129699707,4285.5,1.89,23593.86,14.85,20.97,98.3499984741211,-15.391512396614417
2025-12-12,970.66,7.0578999519348145,4300.10009765625,1.93,23195.17,15.74,21.46,98.4000015258789,-5.1040224593032235
2025-12-13,970.66,7.0548,4302.40463,1.93,23195.17,15.74,21.46,120.1442,-3.934741323773892
2025-12-14,970.66,7.0548,4302.5204,1.93,23195.17,15.74,21.46,120.1442,-3.934741323773892
2025-12-15,983.16,7.047,4314.55996,1.93,23057.41,16.5,21.2,119.9561,5.626795115662389
2025-12-16,971.42,7.0417,4310.06308,1.92,23111.46,16.48,20.18,119.8902,-4.359934426543646
2025-12-17,979.72,7.0431,4336.82339,1.92,22693.32,17.62,21.22,120.155,-2.313559506454112
2025-12-18,980.5,7.0404,4325.06663,1.88,23006.36,16.87,21.31,120.0528,1.504095942514482
2025-12-19,979.9,7.0409,4345.9183,1.92,23307.62,14.91,20.72,120.1652,-3.885624076711679
2025-12-20,979.9,7.040500164031982,4338.63147,1.92,23307.62,14.91,20.72,98.5999984741211,-7.33412888775365
2025-12-21,979.9,7.040500164031982,4338.55589,1.92,23307.62,14.91,20.72,98.5999984741211,-7.33412888775365
2025-12-22,1000.86,7.040900230407715,4444.60009765625,1.94,23428.83,14.08,23.8,98.29000091552734,-5.26425777349948
2025-12-23,1014.24,7.040900230407715,4482.7998046875,1.94,23561.84,14.0,24.53,97.94000244140625,-0.5315266029828081
2025-12-24,1014.68,7.0279998779296875,4480.60009765625,1.91,23613.31,13.47,23.81,97.9800033569336,2.2647753667635016
2025-12-25,1008.76,7.0279998779296875,4479.69741,1.91,23613.31,13.47,23.81,97.9800033569336,2.2647753667635016
2025-12-26,1016.3,7.0279998779296875,4529.10009765625,1.91,23593.1,13.6,25.78,98.0199966430664,-7.074055442617805
2025-12-27,1016.3,7.0279998779296875,4532.69019,1.91,23593.1,13.6,25.78,98.0199966430664,-7.074055442617805
2025-12-28,1016.3,7.0279998779296875,4532.58587,1.91,23593.1,13.6,25.78,98.0199966430664,-7.074055442617805
2025-12-29,1007.18,7.0279998779296875,4325.10009765625,1.9,23474.35,14.2,25.71,98.04000091552734,29.90082053910953
2025-12-30,984.84,7.0055999755859375,4370.10009765625,1.9,23419.08,14.33,24.83,98.23999786376953,0.5400614899053835
2025-12-31,977.56,6.996099948883057,4325.60009765625,1.93,23241.99,14.95,23.92,98.27999877929688,4.6042033179084
2026-01-01,977.56,6.996099948883057,4315.16528,1.93,23241.99,14.95,23.92,98.27999877929688,4.6042033179084
2026-01-02,977.56,6.9877,4319.3054,1.94,23235.63,14.51,23.8,119.6059,8.243563735624548
2026-01-03,977.56,6.9877,4330.47347,1.94,23235.63,14.51,23.8,119.6059,8.243563735624548
2026-01-04,977.56,6.9877,4330.51407,1.94,23235.63,14.51,23.8,119.6059,8.243563735624548
2026-01-05,995.0,6.993100166320801,4436.89990234375,1.91,23395.82,14.9,24.25,98.2699966430664,-2.562507275027656
2026-01-06,1004.98,6.98799991607666,4482.2001953125,1.91,23547.17,14.75,24.82,98.58000183105469,-2.0325416330168764
2026-01-07,998.9,6.9965,4457.24727,1.88,23584.27,15.38,24.13,119.8719,-3.724480349639066
2026-01-08,997.94,6.996500015258789,4449.7001953125,1.92,23480.02,15.45,24.07,98.93000030517578,-2.986824453869872
2026-01-09,1006.48,6.9772,4499.75264,1.9,23671.35,14.49,23.43,120.2215,-2.913609073191082
2026-01-10,1006.48,6.9772,4509.84807,1.9,23671.35,14.49,23.43,120.2215,-2.913609073191082
2026-01-11,1006.48,6.9772,4509.83173,1.9,23671.35,14.49,23.43,120.2215,-2.913609073191082
2026-01-12,1026.28,6.977200031280518,4604.2998046875,1.9,23733.9,15.12,25.03,98.86000061035156,-6.565845042857063
2026-01-13,1030.44,6.9775,4597.7796,1.88,23709.87,15.98,23.76,120.1401,-0.9875614962945748
2026-01-14,1043.58,6.973,4639.42556,1.86,23471.75,16.75,23.57,119.9537,3.481154857813408
2026-01-15,1037.96,6.9730000495910645,4616.2998046875,1.88,23530.02,15.84,22.06,99.31999969482422,3.0456409403070666
2026-01-16,1035.5,6.9681,4590.58565,1.91,23515.39,15.86,22.23,120.0838,7.073621368495424
2026-01-17,1035.5,6.9681,4595.30975,1.91,23515.39,15.86,22.23,120.0838,7.073621368495424
2026-01-18,1035.5,6.9681,4595.28796,1.91,23515.39,15.86,22.23,120.0838,7.073621368495424
2026-01-19,1051.8,6.9681,4670.82045,1.91,23515.39,18.84,22.23,120.0838,7.073621368495424
2026-01-20,1060.16,6.968100070953369,4759.60009765625,1.97,22954.32,20.09,24.79,98.63999938964844,-6.130603250057902
2026-01-21,1092.3,6.9637,4780.28158,1.92,23224.82,16.9,26.27,119.3431,22.05238032227885
2026-01-22,1087.58,6.963699817657471,4908.7998046875,1.95,23436.02,15.64,28.11,98.36000061035156,-11.441277503154652
2026-01-23,1115.64,6.972599983215332,4976.2001953125,1.92,23501.24,16.09,30.01,97.5999984741211,0.10466158753615673
2026-01-24,1115.64,6.972599983215332,4982.4814,1.92,23501.24,16.09,30.01,97.5999984741211,0.10466158753615673
2026-01-25,1115.64,6.972599983215332,4982.45467,1.92,23501.24,16.09,30.01,97.5999984741211,0.10466158753615673
2026-01-26,1143.32,6.972599983215332,5079.7001953125,1.9,23601.36,16.15,32.7,97.04000091552734,4.582639362937925
2026-01-27,1148.38,6.95419979095459,5079.89990234375,1.9,23817.1,16.35,33.13,96.22000122070312,12.603034740490784
2026-01-28,1186.2,6.9462,5327.17903,1.9,23857.45,16.35,39.67,117.5117,-3.494117323966748
2026-01-29,1249.12,6.954500198364258,5318.39990234375,1.89,23685.12,16.88,46.02,96.27999877929688,59.9672301885621
2026-01-30,1161.42,6.947999954223633,4713.89990234375,1.9,23461.82,17.44,44.08,96.98999786376953,108.41386545889827
2026-01-31,1161.42,6.951,4865.45982,1.9,23461.82,17.44,44.08,117.8996,57.28117487388886
2026-02-01,1161.42,6.947999954223633,4865.45954,1.9,23461.82,17.44,44.08,96.98999786376953,108.41386545889827
2026-02-02,1008.6,6.951000213623047,4622.5,1.94,23592.11,16.34,37.38,97.61000061035156,-24.434818829795063
2026-02-03,1093.78,6.946300029754639,4903.7001953125,1.92,23255.19,18.0,41.04,97.44000244140625,-1.3563291143134393
2026-02-04,1141.7,6.937699794769287,4920.39990234375,1.94,22904.58,18.64,36.93,97.62000274658203,44.194658393008694
2026-02-05,1105.76,6.937699794769287,4861.39990234375,1.89,22540.59,21.77,35.53,97.81999969482422,21.414730021326704
2026-02-06,1090.12,6.9388,4957.75097,1.88,23031.21,17.76,33.96,118.2407,-15.891941763338536
2026-02-07,1090.12,6.93779993057251,4959.11017,1.88,23031.21,17.76,33.96,97.62999725341797,-14.271350532565975
2026-02-08,1090.12,6.9388,5011.35623,1.88,23031.21,17.76,33.96,118.2407,-15.891941763338536
2026-02-09,1125.94,6.92,5074.62168,1.87,23238.67,17.36,32.84,117.6392,-3.0770567813913203
2026-02-10,1121.22,6.921999931335449,5003.7998046875,1.84,23102.47,17.79,28.86,96.80000305175781,7.637866013046505
2026-02-11,1130.4,6.9125,5080.6557,1.86,23066.47,17.65,29.38,117.4601,1.265576984905465
2026-02-12,1126.12,6.912499904632568,4923.7001953125,1.8,22597.15,20.82,30.23,96.93000030517578,31.86767693227398
2026-02-13,1110.1,6.900100231170654,5022.0,1.77,22546.67,20.6,30.84,96.87999725341797,-3.9965923751033188
2026-02-14,1110.1,6.900100231170654,5043.16482,1.77,22546.67,20.6,30.84,96.87999725341797,-3.9965923751033188
2026-02-15,1110.1,6.900100231170654,5043.2085,1.77,22546.67,20.6,30.84,96.87999725341797,-3.9965923751033188
2026-02-16,1110.1,6.9079999923706055,4992.462,1.77,22546.67,21.2,30.84,96.87999725341797,-3.9965923751033188
2026-02-17,1110.1,6.9079999923706055,4882.89990234375,1.79,22578.38,20.29,33.24,97.16000366210938,-3.9965923751033188
2026-02-18,1110.1,6.9031,4980.67537,1.8,22753.63,19.62,33.75,117.8426,-7.025595914286441
2026-02-19,1110.1,6.9079999923706055,4975.89990234375,1.79,22682.73,20.23,33.56,97.93000030517578,-3.9965923751033188
2026-02-20,1110.1,6.908100128173828,5059.2998046875,1.8,22886.07,19.09,36.44,97.80000305175781,-3.9965923751033188
2026-02-21,1110.1,6.9031,5098.61379,1.8,22886.07,19.09,36.44,117.9917,-7.025595914286441
2026-02-22,1110.1,6.9031,5098.59632,1.8,22886.07,19.09,36.44,117.9917,-7.025595914286441
2026-02-23,1110.1,6.9079999923706055,5204.7001953125,1.77,22627.27,21.01,38.46,97.69999694824219,-3.9965923751033188
2026-02-24,1150.5,6.883,5154.62888,1.78,22863.68,19.55,37.55,117.9463,9.814527913578786
2026-02-25,1151.06,6.8692,5205.26524,1.77,23152.08,17.93,34.96,117.769,1.4785063864837866
2026-02-26,1146.48,6.8409,5187.84755,1.74,22878.38,18.63,33.07,117.9042,5.465441998649567
2026-02-27,1147.9,6.84089994430542,5230.5,1.72,22668.21,19.86,33.23,97.61000061035156,-2.495523291253221
2026-02-28,1147.9,6.84089994430542,5277.88359,1.72,22668.21,19.86,33.23,97.61000061035156,-2.495523291253221
2026-03-01,1147.9,6.84089994430542,5277.8835,1.72,22668.21,19.86,33.23,97.61000061035156,-2.495523291253221
2026-03-02,1197.22,6.857900142669678,5294.39990234375,1.76,22748.86,21.44,34.83,98.37999725341797,29.8765870196753
2026-03-03,1182.0,6.8996,5113.42789,1.77,22516.69,23.57,38.77,119.4341,47.70298937920165
2026-03-04,1153.06,6.8969,5136.55908,1.8,22807.48,21.15,36.48,119.0705,14.077753022907244
2026-03-05,1152.0,6.896999835968018,5065.2998046875,1.82,22748.99,23.75,35.31,99.31999969482422,28.802548843103978
2026-03-06,1140.8,6.8965,5161.43884,1.8,22387.68,29.49,34.26,119.491,-3.632715291205159
2026-03-07,1140.8,6.896999835968018,5171.10452,1.8,22387.68,29.49,34.26,98.98999786376953,-0.31439321652396757
2026-03-08,1140.8,6.896999835968018,5171.09086,1.8,22387.68,29.49,34.26,98.98999786376953,-0.31439321652396757
2026-03-09,1140.0,6.896500110626221,5091.5,1.78,22695.95,25.5,33.52,99.18000030517578,11.074627831163525
2026-03-10,1153.16,6.910999774932861,5229.7001953125,1.82,22697.1,24.93,32.11,98.83000183105469,-8.846104546788183
2026-03-11,1155.52,6.8655,5183.31222,1.85,22716.13,24.23,30.68,119.2885,11.403419987782629
2026-03-12,1151.52,6.8689,5083.42129,1.89,22311.98,27.29,31.09,119.8227,28.896742203256963
2026-03-13,1135.9,6.8961,5020.31894,1.92,22105.36,27.19,32.31,120.5518,22.82200420743675
2026-03-14,1135.9,6.8961,5019.79237,1.92,22105.36,27.19,32.31,120.5518,22.82200420743675
2026-03-15,1135.9,6.8961,5019.79532,1.92,22105.36,27.19,32.31,120.5518,22.82200420743675
2026-03-16,1121.5,6.8955,5012.64443,1.87,22374.18,23.51,30.56,120.097,10.220251191505668
2026-03-17,1119.16,6.8863,4998.9783,1.83,22479.53,22.37,27.98,119.8328,12.388599119391756
2026-03-18,1116.76,6.886300086975098,4889.89990234375,1.86,22152.42,25.09,29.42,100.08999633789062,34.13849043325399
2026-03-19,1065.26,6.8998,4637.62973,1.88,22090.69,24.06,31.05,120.1802,36.47810693156725
2026-03-20,1042.02,6.8857,4500.6531,2.01,21647.61,26.78,35.25,120.2757,45.664379228382586
2026-03-21,1042.02,6.899799823760986,4497.5218,2.01,21647.61,26.78,35.25,99.6500015258789,28.151964547120542
2026-03-22,1042.02,6.8857,4497.51799,2.01,21647.61,26.78,35.25,120.2757,45.664379228382586
2026-03-23,942.8,6.8807,4400.00688,2.01,21946.76,26.15,43.36,119.9371,-30.567220384072584
2026-03-24,979.8,6.880000114440918,4399.2998046875,2.06,21761.89,26.95,41.9,99.43000030517578,6.68819072741303
2026-03-25,1013.96,6.9011,4531.47513,2.02,21929.83,25.33,38.65,120.1282,8.537362044689644
2026-03-26,995.98,6.901000022888184,4375.5,2.08,21408.08,27.44,45.07,99.9000015258789,25.178463190726234
2026-03-27,998.66,6.910699844360352,4492.0,2.13,20948.36,31.05,45.51,100.1500015258789,0.6095008321667592
2026-03-28,998.66,6.910699844360352,4507.6873,2.13,20948.36,31.05,45.51,100.1500015258789,0.6095008321667592
2026-03-29,998.66,6.9116,4507.67826,2.13,20948.36,31.05,45.51,120.8851,-4.596001775877426
2026-03-30,1014.88,6.911600112915039,4526.0,2.04,20794.64,30.61,42.71,100.51000213623047,9.144243218497422
2026-03-31,1020.1,6.898,4683.73771,2.0,21590.63,25.25,38.89,121.035,-18.639136225183734
2026-04-01,1053.18,6.870500087738037,4783.2001953125,2.02,21840.95,24.54,36.11,99.6500015258789,-3.3884685505852303
2026-04-02,1023.78,6.8856,4675.33535,1.97,21879.18,23.87,37.85,120.503,-11.231786003504569
2026-04-03,1033.0,6.8824,4676.48581,1.99,21879.18,23.87,37.85,120.6565,-1.785343731219882
2026-04-04,1033.0,6.8824,4676.50865,1.99,21879.18,23.87,37.85,120.6565,-1.785343731219882
2026-04-05,1033.0,6.882400035858154,4676.50455,1.99,21879.18,23.87,37.85,100.02999877929688,-5.880396043034125
2026-04-06,1033.0,6.8778,4649.76527,1.98,21996.34,24.17,37.04,120.4302,-1.785343731219882
2026-04-07,1034.28,6.8567,4706.39311,1.96,22017.85,25.78,37.43,120.32,-3.234287373993311
2026-04-08,1062.0,6.8287,4719.47769,1.96,22635.0,21.04,34.21,119.0596,25.84981427482444
2026-04-09,1041.32,6.8314,4766.56409,1.95,22822.42,19.49,31.66,118.8998,-5.581664585207591
2026-04-10,1048.36,6.831399917602539,4761.89990234375,1.95,22902.89,19.23,30.46,98.6500015258789,-11.212223685202162
2026-04-11,1048.36,6.8278,4750.52873,1.95,22902.89,19.23,30.46,118.8552,5.738335605253269
2026-04-12,1048.36,6.8277997970581055,4750.50252,1.95,22902.89,19.23,30.46,98.6500015258789,-11.212223685202162
2026-04-13,1043.4,6.8303,4740.74803,1.92,23183.74,19.12,30.0,118.9916,2.336091780378638
2026-04-14,1052.82,6.8157,4841.71465,1.89,23639.08,18.36,31.04,118.3581,-8.143381613162546
2026-04-15,1058.24,6.817999839782715,4800.0,1.9,24016.02,18.17,29.97,98.05999755859375,6.062617038049439
2026-04-16,1061.5,6.8208,4789.6854,1.93,24102.7,17.94,28.65,118.3616,11.152412869291084
2026-04-17,1054.02,6.821100234985352,4857.60009765625,1.9,24468.48,17.48,28.95,98.0999984741211,12.046002913632492
2026-04-18,1054.02,6.821100234985352,4834.10038,1.9,24468.48,17.48,28.95,98.0999984741211,12.046002913632492
2026-04-19,1054.02,6.816999912261963,4834.1014,1.9,24468.48,17.48,28.95,98.0999984741211,12.046002913632492
2026-04-20,1054.96,6.817399978637695,4806.60009765625,1.91,24404.39,18.87,28.46,98.05000305175781,1.4285516716233815
2026-04-21,1051.7,6.820799827575684,4698.39990234375,1.92,24259.96,19.5,29.31,98.41000366210938,21.370768762748412
2026-04-22,1051.4,6.82420015335083,4732.5,1.92,24657.57,18.92,27.09,98.58999633789062,13.075463348729272
2026-04-23,1040.06,6.826000213623047,4705.10009765625,1.92,24438.5,19.31,27.87,98.80000305175781,7.474783811488123
2026-04-24,1032.12,6.826000213623047,4722.2998046875,1.89,24836.6,18.71,25.88,98.51000213623047,7.474783811488123
2026-04-25,1032.12,6.8359,4708.59504,1.89,24836.6,18.71,25.88,118.7294,-2.964520894304542
2026-04-26,1032.12,6.835899829864502,4707.28437,1.89,24836.6,18.71,25.88,98.51000213623047,7.474783811488123
2026-04-27,1039.42,6.8228,4681.67029,1.91,24887.1,18.02,25.37,118.5458,12.458402282315546
2026-04-28,1022.1,6.8374,4596.47098,1.92,24663.8,17.83,26.19,118.7717,11.66996226624019
2026-04-29,1011.88,6.837500095367432,4545.2001953125,1.96,24673.24,18.81,27.77,98.91999816894531,12.706055945045136
2026-04-30,1016.12,6.827300071716309,4614.7001953125,1.94,24892.31,16.89,26.64,98.08000183105469,3.181167572578829
2026-05-01,1016.12,6.8276,4614.83277,1.91,25114.44,16.99,26.43,118.3926,1.72785467185372
2026-05-02,1016.12,6.8276,4613.27308,1.91,25114.44,16.99,26.43,118.3926,1.72785467185372
2026-05-03,1016.12,6.827499866485596,4613.28448,1.91,25114.44,16.99,26.43,98.20999908447266,3.181167572578829
2026-05-04,1016.12,6.829999923706055,4519.5,1.95,25067.8,18.29,27.92,98.47000122070312,3.181167572578829
2026-05-05,1016.12,6.830100059509277,4555.7998046875,1.96,25326.13,17.38,26.61,98.4800033569336,3.181167572578829
2026-05-06,1028.48,6.810999870300293,4681.89990234375,1.94,25838.94,17.39,26.34,98.0199966430664,3.2442667988414087
2026-05-07,1040.98,6.8014,4689.4371,1.96,25806.2,17.08,27.03,118.0116,15.541142895815485
2026-05-08,1038.22,6.8005,4716.2703,1.93,26247.08,17.19,26.48,118.0392,7.049997423119521
2026-05-09,1038.22,6.8005,4715.4877,1.93,26247.08,17.19,26.48,118.0392,7.049997423119521
2026-05-10,1038.22,6.8005,4715.48243,1.93,26247.08,17.19,26.48,118.0392,7.049997423119521
2026-05-11,1026.8,6.7948,4735.46064,1.95,26274.13,18.38,27.48,118.0562,-7.697981149131237
2026-05-12,1030.12,6.791999816894531,4677.60009765625,1.99,26088.2,17.99,27.16,98.29000091552734,8.683216140077661
2026-05-13,1030.56,6.7908,4688.61014,1.99,26402.34,17.87,26.56,118.4737,6.8998415383478005
2026-05-14,1029.6,6.785099983215332,4678.10009765625,2.0,26635.22,17.26,25.79,98.87999725341797,9.091796933236878
2026-05-15,1004.38,6.785099983215332,4555.7998046875,2.1,26225.14,18.43,26.34,99.2699966430664,9.091796933236878
2026-05-16,1004.38,6.8092,4537.72547,2.1,26225.14,18.43,26.34,119.2825,10.447889906795012
2026-05-17,1004.38,6.809199810028076,4537.71527,2.1,26225.14,18.43,26.34,99.2699966430664,9.091796933236878
2026-05-18,999.8,6.800000190734863,4552.5,2.13,26090.73,17.82,26.2,98.97000122070312,4.5100529419369195
2026-05-19,1002.18,6.814499855041504,4506.2998046875,2.18,25870.71,18.06,26.63,99.30000305175781,14.889844042743562
2026-05-20,986.64,6.8005,4544.05897,2.13,26270.36,17.44,25.17,119.1624,-6.877547076213318
2026-05-21,995.38,6.802499771118164,4539.7998046875,2.18,26293.1,16.76,24.59,99.19000244140625,2.501798758692644
2026-05-22,995.76,6.7945,4508.84161,2.16,26343.97,16.7,23.86,119.2868,10.812186437378386
2026-05-23,995.76,6.7945,4505.65833,2.16,26343.97,16.7,23.86,119.2868,10.812186437378386
2026-05-24,995.76,6.7945,4505.64909,2.16,26343.97,16.7,23.86,119.2868,10.812186437378386
2026-05-25,1001.4,6.7945,4571.23972,2.16,26343.97,16.59,23.86,119.2868,10.812186437378386
2026-05-26,995.0,6.786,4507.58338,2.1,26656.18,17.01,24.27,119.1696,11.558881904608825
2026-05-27,983.56,6.778800010681152,4447.5,2.09,26674.73,16.29,24.47,99.20999908447266,14.25709043984034
2026-05-28,961.18,6.7795000076293945,4499.2998046875,2.06,26917.47,15.74,24.83,99.0199966430664,-19.51358947404117
2026-05-29,989.4,6.7795000076293945,4560.5,2.07,26972.62,15.32,24.91,98.91000366210938,-19.51358947404117
2026-05-30,989.4,6.7795000076293945,4542.52645,2.07,26972.62,15.32,24.91,98.91000366210938,-19.51358947404117
2026-05-31,989.4,6.7662,4542.5767,2.07,26972.62,15.32,24.91,118.8783,1.7421617812785826
2026-06-01,983.58,6.764999866485596,4475.2001953125,2.07,27086.81,16.05,25.64,99.19999694824219,10.225595390056696
2026-06-02,990.6,6.7622,4488.67153,2.07,27093.9,15.77,24.44,119.0359,14.7196450506857
2026-06-03,977.08,6.7692,4434.46857,2.11,26853.98,16.06,24.49,119.3848,11.985890203867823
2026-06-04,977.94,6.7735,4475.96582,2.11,26830.96,15.4,23.87,119.3615,3.1958560364588493
2026-06-05,974.02,6.7655,4328.95948,2.19,25709.43,21.51,28.89,120.0831,32.403289278055354
2026-06-06,974.02,6.7655,4330.15149,2.19,25709.43,21.51,28.89,120.0831,32.403289278055354
2026-06-07,974.02,6.7655,4330.1492,2.19,25709.43,21.51,28.89,120.0831,32.403289278055354
2026-06-08,942.2,6.7832,4330.19194,2.21,25929.66,18.92,27.17,120.034,-2.1489628951080704
2026-06-09,947.04,6.772500038146973,4260.0,2.2,25678.82,19.87,28.04,99.91000366210938,19.464320012021062
2026-06-10,919.32,6.7745,4071.58097,2.21,25169.5,22.22,32.18,119.9134,32.50902113058032
2026-06-11,895.0,6.7754998207092285,4090.300048828125,2.16,25809.66,19.44,28.33,99.86000061035156,3.9804283285833435
2026-06-12,911.62,6.7626,4217.96336,2.17,25888.84,17.68,26.85,119.5073,-5.460039813397088
2026-06-13,911.62,6.7626,4215.38604,2.17,25888.84,17.68,26.85,119.5073,-5.460039813397088
2026-06-14,911.62,6.7626,4215.36946,2.17,25888.84,17.68,26.85,119.5073,-5.460039813397088
2026-06-15,938.94,6.756999969482422,4328.0,2.15,26683.94,16.2,26.47,99.62999725341797,-1.2852437159779129
2026-06-16,941.72,6.757199764251709,4330.89990234375,2.14,26376.34,16.41,25.18,99.54000091552734,0.836954712012016
2026-06-17,942.94,6.757199764251709,4358.89990234375,2.23,26021.66,18.44,28.45,100.08999633789062,-4.026013230471904
2026-06-18,937.96,6.7686,4209.12291,2.21,26517.93,16.4,27.9,120.3958,21.99011466150114
2026-06-19,937.96,6.768599987030029,4156.6112,2.21,26517.93,16.78,27.9,100.8499984741211,18.73085002621451
2026-06-20,937.96,6.7686,4156.51085,2.21,26517.93,16.78,27.9,120.3958,21.99011466150114
2026-06-21,937.96,6.768599987030029,4156.5162,2.21,26517.93,16.78,27.9,100.8499984741211,18.73085002621451
2026-06-22,916.92,6.7745,4191.78368,2.28,26166.6,17.28,26.15,120.5463,3.928261444532041
2026-06-23,897.9,6.789999961853027,4129.89990234375,2.29,25587.04,19.49,27.41,101.41000366210938,-3.6712115797541855
2026-06-24,896.04,6.8106,4001.11524,2.23,25476.64,18.63,31.6,121.412,19.93295566273889
2026-06-25,872.0,6.7976,4026.44634,2.19,25358.6,18.89,29.58,121.0559,-7.970795594836545
2026-06-26,883.3,6.789999961853027,4078.699951171875,2.18,25297.62,18.41,27.18,101.36000061035156,-7.871874427271109
2026-06-27,883.3,6.798,4080.81341,2.18,25297.62,18.41,27.18,120.8866,-10.37806905718014
2026-06-28,883.3,6.797999858856201,4080.80878,2.18,25297.62,18.41,27.18,101.36000061035156,-7.871874427271109
2026-06-29,888.72,6.793600082397461,4022.300048828125,2.16,25820.14,17.65,27.7,101.11000061035156,10.172635775843219
2026-06-30,881.24,6.793600082397461,4022.89990234375,2.2,26213.72,16.45,27.2,101.19000244140625,2.561616279864438
2026-07-01,869.82,6.7941999435424805,4068.300048828125,2.25,26040.03,16.59,27.12,101.38999938964844,-18.85310630835488
2026-07-02,890.66,6.788599967956543,4112.7001953125,2.26,25832.67,16.15,26.0,100.86000061035156,-6.971340978131252
2026-07-03,911.4,6.788599967956543,4174.93638,2.26,25832.67,15.81,26.0,100.86000061035156,-6.971340978131252
2026-07-04,911.4,6.788599967956543,4174.94111,2.26,25832.67,15.81,26.0,100.86000061035156,-6.971340978131252
2026-07-05,911.4,6.788599967956543,4175.01112,2.26,25832.67,15.81,26.0,100.86000061035156,-6.971340978131252
2026-07-06,907.82,6.7958,4165.12051,2.24,26121.16,15.57,25.33,120.835,-2.2166827481793234
2026-07-07,903.76,6.793399810791016,4145.2998046875,2.3,25818.69,16.13,26.21,101.13999938964844,-1.6261754733742464
2026-07-08,902.76,6.802499771118164,4070.89990234375,2.31,25870.65,16.9,27.6,101.05000305175781,12.432684619470024
2026-07-09,898.86,6.7921,4123.6425,2.31,26206.89,15.84,25.33,120.753,-1.6236183789604866
2026-07-10,897.94,6.792099952697754,4104.10009765625,2.32,26281.61,15.03,23.95,100.97000122070312,-3.1429491184063636
2026-07-11,897.94,6.792099952697754,4111.53243,2.32,26281.61,15.03,23.95,100.97000122070312,-3.1429491184063636
2026-07-12,897.94,6.7766,4111.53882,2.32,26281.61,15.03,23.95,120.5046,0.4520438864437892
2026-07-13,885.94,6.7795000076293945,3997.0,2.36,25873.18,17.16,26.93,101.27999877929688,14.730601363361416
2026-07-14,880.26,6.769999980926514,4061.10009765625,2.33,26107.01,16.5,25.02,100.94000244140625,-3.6806363809048435
2026-07-15,880.1,6.768199920654297,4044.0,2.32,26269.23,15.67,24.88,100.5,0.11541694259562973
2026-07-16,879.18,6.772500038146973,3985.60009765625,2.35,25881.95,16.73,26.65,100.7300033569336,11.352366022617048
2026-07-17,876.24,6.776,4016.97584,2.31,25520.24,18.77,25.6,120.5315,1.1285722880061255
2026-07-18,876.24,6.776,4010.60888,2.31,25520.24,18.77,25.6,120.5315,1.1285722880061255
2026-07-19,876.24,6.772500038146973,4010.6058,2.31,25520.24,18.77,25.6,100.75,11.352366022617048
2026-07-20,876.64,6.772500038146973,4010.300048828125,2.35,25508.07,18.65,25.37,100.98999786376953,3.434179636719932
2026-07-21,892.4,6.7656,4077.82773,2.37,25837.21,17.05,23.94,120.5779,5.395280592602148
2026-07-22,901.74,6.7725,4130.28998,2.39,25690.9,16.64,24.02,120.5736,2.407484702686247
2026-07-23,901.76,6.7701,4049.51576,2.43,25137.69,18.7,25.14,120.9075,20.32779311730189
2026-07-24,883.8,6.772500038146973,4067.60009765625,2.43,24975.82,18.58,24.33,101.47000122070312,20.650179055652984
2026-07-25,883.8,6.7719,4056.01128,2.43,24975.82,18.58,24.33,120.7105,1.2720600026042348
2026-07-26,883.8,6.7718000411987305,4056.01212,2.43,24975.82,18.58,24.33,101.47000122070312,20.650179055652984
2026-07-27,895.78,6.7657,4076.96247,2.44,24932.08,18.67,24.13,120.7739,8.950383291944604
2026-07-28,885.1,6.771,4028.58082,2.41,24876.91,18.21,24.62,120.6247,8.107998063883542
2026-07-29,884.2,6.76609992980957,4034.699951171875,2.41,24442.94,20.66,24.64,100.80000305175781,6.511538687713596
2026-07-30,881.4,6.755000114440918,4100.10009765625,2.41,25122.18,17.09,24.48,100.01000213623047,-9.052091529480208
2026-07-31,888.3,6.755000114440918,4049.10009765625,2.47,25373.85,15.99,23.31,99.80000305175781,-9.052091529480208
2026-08-01,888.3,6.755000114440918,4042.74098,2.47,25373.85,15.99,23.31,99.80000305175781,-9.052091529480208
2026-08-02,888.3,6.750899791717529,4042.7451,2.47,25373.85,15.99,23.31,99.80000305175781,-9.052091529480208
2026-08-03,886.64,6.752299785614014,4033.699951171875,2.43,25913.9,15.86,23.65,99.95999908447266,10.958764269966082
2026-08-04,886.48,6.753200054168701,4095.39990234375,2.4,26584.99,16.5,23.5,99.88999938964844,-2.7142978234059
2026-08-05,910.4,6.7483,4246.99711,2.41,26363.44,15.81,25.59,119.3881,-11.040050071953374
2026-08-06,926.9,6.748799800872803,4242.0,2.43,26348.35,15.15,24.86,99.97000122070312,6.475971986997251
2026-08-07,936.76,6.748799800872803,4340.7001953125,2.4,26690.62,14.9,25.64,99.5999984741211,6.475971986997251
2026-08-08,936.76,6.748799800872803,4342.23668,2.4,26690.62,14.9,25.64,99.5999984741211,6.475971986997251
2026-08-09,936.76,6.747399806976318,4342.18657,2.4,26690.62,14.9,25.64,99.5999984741211,6.475971986997251
2026-08-10,948.2,6.7452,4389.993,2.43,26605.36,15.46,27.9,119.1187,-3.8272890060603686
2026-08-11,949.94,6.745,4367.71611,2.43,26445.45,15.28,25.99,119.179,2.771830438696611
2026-08-12,958.54,6.7433,4409.04752,2.42,26588.49,14.55,25.58,119.1179,2.649822315302117
2026-08-13,952.96,6.742800235748291,4363.60009765625,2.39,26803.03,14.63,23.87,99.95999908447266,6.993026277176909
2026-08-14,943.16,6.7412,4376.56187,2.41,26729.16,14.25,23.92,118.9028,-5.391734629350481
2026-08-15,943.16,6.7412,4375.58712,2.41,26729.16,14.25,23.92,118.9028,-5.391734629350481
2026-08-16,943.16,6.742800235748291,4375.54686,2.41,26729.16,14.25,23.92,99.66999816894531,6.993026277176909
2026-08-17,955.72,6.7399,4416.62725,2.44,26644.91,15.19,25.12,118.814,-1.330685687301866
2026-08-18,956.4,6.742599964141846,4366.0,2.41,26289.71,15.84,23.98,99.6500015258789,9.940873424428105
2026-08-19,945.56,6.729499816894531,4489.39990234375,2.35,26331.09,14.89,26.68,98.83000183105469,-25.75884902948519
2026-08-20,972.94,6.722499847412109,4516.2998046875,2.35,26067.17,16.01,27.28,98.9000015258789,-3.182453996465256
2026-08-21,987.44,6.722499847412109,4624.10009765625,2.4,26180.45,15.13,27.29,98.80000305175781,-3.182453996465256
2026-08-22,987.44,6.721,4608.1496,2.4,26180.45,15.13,27.29,118.0628,-7.398361923577681
2026-08-23,987.44,6.7210001945495605,4603.69568,2.4,26180.45,15.13,27.29,98.80000305175781,-3.182453996465256
2026-08-24,1006.82,6.72189998626709,4640.7998046875,2.38,25980.19,15.85,28.28,99.0,3.8784614787011833
2026-08-25,1004.22,6.720300197601318,4638.10009765625,2.32,26151.3,15.45,27.69,98.91999816894531,2.1004635242339873
2026-08-26,1003.0,6.722499847412109,4598.2001953125,2.34,26130.2,15.21,26.96,99.16999816894531,9.176150228797042
2026-08-27,995.3,6.7198,4654.8,2.34,26541.35,14.51,26.8,118.3583,-10.352902084974517
2026-08-28,999.28,6.722499847412109,4478.10009765625,2.42,26402.42,14.43,25.17,99.16000366210938,-1.0093818896218636
2026-08-30,999.28,6.72599983215332,4478.10009765625,2.42,26402.42,14.43,25.17,99.16000366210938,-1.0093818896218636
2026-08-31,961.92,6.726,4485.4,2.44,26370.89,14.92,24.4,118.7479,25.287471827929156
2026-09-01,959.94,6.726,4485.4,2.44,26370.89,14.92,24.4,118.7479,25.287471827929156
2026-09-02,938.22,6.720200061798096,4357.5,2.44,26099.77,16.34,25.43,99.66999816894531,20.514216126862948
2026-09-03,938.22,6.71120023727417,4436.7998046875,2.44,26099.77,16.34,25.43,99.5469970703125,20.514216126862948
