date,up,fret,p
1975-08-20,0.0,-0.12313692422743522,0.9953985954185363
1975-08-21,0.0,-0.1311518030823288,0.9967165821145305
1975-08-22,0.0,-0.13146058801607755,0.9964310536361702
1975-08-26,0.0,-0.15039910156485986,0.995479056151116
1975-08-27,0.0,-0.12982081322798694,0.996026751656771
1975-08-28,0.0,-0.1283388617057141,0.9952565828376804
1975-08-29,0.0,-0.12268394919257507,0.9969433250140877
1975-09-01,0.0,-0.09750613754268209,0.9982451531152934
1975-09-02,0.0,-0.05402999881023903,0.9987656500520687
1975-09-03,0.0,-0.0670469300579735,0.9978852615863291
1975-09-04,0.0,-0.09759664168562901,0.9969359280087106
1975-09-05,0.0,-0.1037305234468952,0.9978338881329801
1975-09-08,0.0,-0.09899512179075019,0.9984547994406452
1975-09-09,0.0,-0.0639550774569942,0.9991276401959444
1975-09-10,0.0,-0.07226229103505415,0.998500751393806
1975-09-11,0.0,-0.06145039443712314,0.9991074447799241
1975-09-12,0.0,-0.06995858860691034,0.9988984892360816
1975-09-15,0.0,-0.07709595748819485,0.9990663809706909
1975-09-16,0.0,-0.06930854721775176,0.9993889790823924
1975-09-17,0.0,-0.02479758660939823,0.9996057894605325
1975-09-18,1.0,0.0050053733390694214,0.9996120283883985
1975-09-19,1.0,0.023341687001030217,0.9997053824350162
1975-09-22,1.0,0.011283104232735874,0.9995326715224138
1975-09-23,1.0,0.07516150852885858,0.9999102165070564
1975-09-24,1.0,0.044926553630760334,0.9996235477130665
1975-09-25,1.0,0.03219005071840426,0.9997220483319367
1975-09-26,1.0,0.02033476022691026,0.9997018129090463
1975-09-29,1.0,0.0223691201704821,0.9995900797494942
1975-09-30,0.0,-0.0031909263026082676,0.9995868001611774
1975-10-01,0.0,-0.01227009259181436,0.9992267905848106
1975-10-02,0.0,-0.030890487019338445,0.9992288522862756
1975-10-03,1.0,0.009672294642507507,0.9998006879107797
1975-10-06,0.0,-0.0028459642119082755,0.9995063411703823
1975-10-07,0.0,-0.027749912952902377,0.9995159481739561
1975-10-08,0.0,-0.002155947655068364,0.9997559190436656
1975-10-09,0.0,-0.01185571637636939,0.9995704316241806
1975-10-10,0.0,-0.046402857881844506,0.9993069796399628
1975-10-13,0.0,-0.0391362096815466,0.9994404799422059
1975-10-14,0.0,-0.027784576399723447,0.9995802920493798
1975-10-15,0.0,-0.07829292594974874,0.9992506593157974
1975-10-16,0.0,-0.09436821521533821,0.9992497697478474
1975-10-17,0.0,-0.08946120390035986,0.9990874626065593
1975-10-20,0.0,-0.10133867743000621,0.9992997781213347
1975-10-21,0.0,-0.12628057616682414,0.9987675112624486
1975-10-22,0.0,-0.1481709011991341,0.9992845126702286
1975-10-23,0.0,-0.14334100695287924,0.9992585944174335
1975-10-24,0.0,-0.12886336011260896,0.9994126081091189
1975-10-27,0.0,-0.10233268057414964,0.9994963011756388
1975-10-28,0.0,-0.1272442604931895,0.9995297369663952
1975-10-29,0.0,-0.12283078038065035,0.9994985919644659
1975-10-30,0.0,-0.11526447077477128,0.9992126490638786
1975-10-31,0.0,-0.10543827313230282,0.999449171221899
1975-11-03,0.0,-0.11138990278476885,0.9993513588604528
1975-11-04,0.0,-0.09920665008344803,0.9992005243674168
1975-11-05,0.0,-0.10239484677950468,0.9984992216253341
1975-11-06,0.0,-0.11731193348274202,0.9988379853872428
1975-11-07,0.0,-0.11609877018081873,0.9994084406997531
1975-11-10,0.0,-0.09906200800851797,0.9995637980228999
1975-11-11,0.0,-0.10324451986974945,0.9996791283317646
1975-11-12,0.0,-0.10509020885796447,0.9997556448810102
1975-11-13,0.0,-0.09471946102140205,0.9997676353048517
1975-11-14,0.0,-0.07454143553285378,0.9999175412179957
1975-11-17,0.0,-0.07986666683160658,0.9998933549598124
1975-11-18,0.0,-0.05916697733566022,0.9999598246064123
1975-11-19,0.0,-0.08537731116728697,0.9998230605126729
1975-11-20,0.0,-0.08191712246788681,0.999810792451431
1975-11-21,0.0,-0.07604176093844775,0.9999112986981258
1975-11-24,0.0,-0.0650127919550928,0.9999479531386652
1975-11-25,0.0,-0.07144586752015393,0.9999420284430542
1975-11-26,0.0,-0.05971376365848585,0.999965718876328
1975-11-27,0.0,-0.04112179964916834,0.9999798707392017
1975-11-28,0.0,-0.044024123951839765,0.99997837378679
1975-12-01,0.0,-0.041456713678346135,0.9999739952772212
1975-12-02,0.0,-0.05155780966485001,0.9999421175298591
1975-12-03,0.0,-0.059460008022987745,0.9999330410086481
1975-12-04,0.0,-0.04870014301439971,0.9999435809110111
1975-12-05,0.0,-0.04255961441879589,0.9999765687681159
1975-12-08,0.0,-0.02620559628174263,0.9999979694302651
1975-12-09,0.0,-0.033336420267591836,0.9999968271303635
1975-12-10,0.0,-0.04775053260722387,0.999990820118817
1975-12-11,0.0,-0.04597672190336274,0.9999878842815452
1975-12-12,0.0,-0.03708888473585775,0.9999950495927421
1975-12-15,0.0,-0.0353628007414024,0.9999948589337267
1975-12-16,0.0,-0.03668790037857601,0.999988652011002
1975-12-17,0.0,-0.04681156832653159,0.9999860669035864
1975-12-18,0.0,-0.04077699913227488,0.9999858674304835
1975-12-19,0.0,-0.03548936554042316,0.9999850201710095
1975-12-22,0.0,-0.06378973787533009,0.9999099699482159
1975-12-23,0.0,-0.051368057947826194,0.999965813259034
1975-12-29,0.0,-0.06296421720679554,0.9999367592732488
1975-12-30,0.0,-0.04857628330026041,0.9999728546857645
1975-12-31,0.0,-0.05533560306464399,0.9999618398286008
1976-01-02,0.0,-0.0628536807394845,0.9999591625182137
1976-01-05,0.0,-0.06328870123734329,0.9999848768925225
1976-01-06,0.0,-0.07698981852861085,0.9999749100195687
1976-01-07,0.0,-0.06533392231476065,0.9999839865406596
1976-01-08,0.0,-0.04982162377609445,0.9999946488675554
1976-01-09,0.0,-0.05610355006711731,0.9999890453802697
1976-01-12,0.0,-0.07126925694344498,0.9999899335003624
1976-01-13,0.0,-0.02843065096478004,0.9999978239382511
1976-01-14,0.0,-0.02053937734101709,0.9999971038592593
1976-01-15,0.0,-0.03299110093970727,0.9999929313439371
1976-01-16,0.0,-0.02398567598460478,0.9999965044136563
1976-01-19,0.0,-0.013276259039119907,0.9999973954992876
1976-01-20,1.0,0.02770260254933575,0.9999978071005708
1976-01-21,1.0,0.022170345906961597,0.9999965486670735
1976-01-22,1.0,0.01260355399674698,0.9999956638379256
1976-01-23,0.0,-0.008954702624476528,0.9999916677381071
1976-01-26,1.0,0.012653391441030937,0.9999978404569796
1976-01-27,1.0,0.008282437407891636,0.9999970835092963
1976-01-28,0.0,-0.005479465764625484,0.9999958518396392
1976-01-29,0.0,-0.006240269860084512,0.9999957915885173
1976-01-30,1.0,0.004282661792000728,0.9999965740524387
1976-02-02,0.0,-0.01857638557293542,0.9999934615201842
1976-02-03,0.0,-0.02927790016443817,0.999992744057444
1976-02-04,0.0,-0.01045913079013716,0.9999962951495921
1976-02-05,0.0,-0.0031116322266961406,0.9999967046277163
1976-02-06,0.0,-0.02206398775851684,0.9999923533155445
1976-02-09,0.0,-0.022149730087827443,0.9999939144142829
1976-02-10,0.0,-0.0202815064192504,0.9999944513001797
1976-02-11,0.0,-0.020070144925275948,0.9999895628554445
1976-02-12,0.0,-0.025745898512514402,0.9999848892538622
1976-02-13,0.0,-0.02510268903245851,0.9999897201483544
1976-02-16,0.0,-0.0258551928869361,0.9999883607130781
1976-02-17,0.0,-0.01900386840208085,0.999992679770607
1976-02-18,0.0,-0.027039113471495,0.9999872093460727
1976-02-19,0.0,-0.025513560162657968,0.9641289333199132
1976-02-20,0.0,-0.03278982282299084,0.9523318893971148
1976-02-23,0.0,-0.03753584393919292,0.9483848474129891
1976-02-24,0.0,-0.0527049517284774,0.9282091903486221
1976-02-25,0.0,-0.05865878921518324,0.9152828820963186
1976-02-26,0.0,-0.0544034687515876,0.9547239177068861
1976-02-27,0.0,-0.060766355216147726,0.9513540393281942
1976-03-01,0.0,-0.05077626214106152,0.9520237448098978
1976-03-02,0.0,-0.04037815594339735,0.9714527538065385
1976-03-03,0.0,-0.05238831216657023,0.9530872971265603
1976-03-04,0.0,-0.043266694290724515,0.9520018452328805
1976-03-05,0.0,-0.05219910938755539,0.9010741829020004
1976-03-08,0.0,-0.042707009216026416,0.9512129009069435
1976-03-09,0.0,-0.04856445600912391,0.9443082916168267
1976-03-10,0.0,-0.05211907450171849,0.9123252418272293
1976-03-11,0.0,-0.04789269944686505,0.9371387112121372
1976-03-12,0.0,-0.048790164169431945,0.9490609134232143
1976-03-15,0.0,-0.05491877124644387,0.9367084831581405
1976-03-16,0.0,-0.05427688685443831,0.9740995478228812
1976-03-17,0.0,-0.05828390636168313,0.9521547213904312
1976-03-18,0.0,-0.06580561779277232,0.9266276806067919
1976-03-19,0.0,-0.0665365238002442,0.9619939003613721
1976-03-22,0.0,-0.06127904150977583,0.9592723169650231
1976-03-23,0.0,-0.05601000381974105,0.9771920919281002
1976-03-24,0.0,-0.06015691683620513,0.9655663940328547
1976-03-25,0.0,-0.05817848267216351,0.9834576834125544
1976-03-26,0.0,-0.05537476938241613,0.9901845142670048
1976-03-29,0.0,-0.043997669613697235,0.9943907874799136
1976-03-30,0.0,-0.03037109787629876,0.9938029106945141
1976-03-31,0.0,-0.04497799528307747,0.987340381532213
1976-04-01,0.0,-0.04350231195005919,0.988603354838946
1976-04-02,0.0,-0.04191993760210106,0.9883270470332639
1976-04-05,0.0,-0.034782638858642995,0.9895798586268748
1976-04-06,0.0,-0.040156458698791364,0.9824001872165615
1976-04-07,0.0,-0.03628063847194669,0.986206388265233
1976-04-08,0.0,-0.03897113431627098,0.9815558170856393
1976-04-09,0.0,-0.03506335286819508,0.9827166239454034
1976-04-12,0.0,-0.03276361771561402,0.9852257389522188
1976-04-13,0.0,-0.04470017891790682,0.9782178596189522
1976-04-14,0.0,-0.046892982967278424,0.981730740128335
1976-04-15,0.0,-0.044007100728832405,0.9776197614900273
1976-04-20,0.0,-0.04519865499970057,0.9779303267464459
1976-04-21,0.0,-0.047062776805234206,0.9803594948882609
1976-04-22,0.0,-0.0771338761812207,0.980145203518928
1976-04-23,0.0,-0.10981837016225848,0.9800187455714241
1976-04-26,0.0,-0.17065281295957724,0.9763583814409708
1976-04-27,0.0,-0.13009629588974034,0.9561315280169049
1976-04-28,0.0,-0.13576603042593896,0.972729350153689
1976-04-29,0.0,-0.1417185072724629,0.9718477244671648
1976-04-30,0.0,-0.1277625725435203,0.9501652122971497
1976-05-03,0.0,-0.11724753434134483,0.9482172568952042
1976-05-04,0.0,-0.1138767806893184,0.9734408330841117
1976-05-05,0.0,-0.12542512880826845,0.9856342359949286
1976-05-06,0.0,-0.12044615307586722,0.988281609738419
1976-05-07,0.0,-0.13637586873299926,0.9385770287962913
1976-05-10,0.0,-0.14061867360868197,0.9313619540775655
1976-05-11,0.0,-0.11993631044354383,0.9670727938713737
1976-05-12,0.0,-0.1274069928792071,0.9655952573882451
1976-05-13,0.0,-0.12406742397453516,0.9728469194678864
1976-05-14,0.0,-0.12495434199276301,0.9734133229195608
1976-05-17,0.0,-0.11876237174484187,0.9751655145843092
1976-05-18,0.0,-0.11587309604691345,0.980503959143716
1976-05-19,0.0,-0.11345487623404299,0.9911407864975066
1976-05-20,0.0,-0.10257887269594945,0.9945446950722803
1976-05-21,0.0,-0.10597897218679367,0.9913935805192072
1976-05-24,0.0,-0.11007519769978083,0.9920103195549896
1976-05-25,0.0,-0.1412489912595997,0.991656392504999
1976-05-26,0.0,-0.13882798501097665,0.9805522493558607
1976-05-27,0.0,-0.1465200678779691,0.9764207791470775
1976-05-28,0.0,-0.16322224684009448,0.9812906384372362
1976-06-01,0.0,-0.18937360456074245,0.9667557110413872
1976-06-02,0.0,-0.20382776201491826,0.9658921718849219
1976-06-03,0.0,-0.1918003007484984,0.961746615791029
1976-06-04,0.0,-0.19472038039080924,0.9735820834686142
1976-06-07,0.0,-0.20058327905403572,0.9626543062911723
1976-06-08,0.0,-0.1867268502618711,0.9561165409432862
1976-06-09,0.0,-0.17980504083865384,0.9651550953631308
1976-06-10,0.0,-0.16486719437291988,0.9703066777748229
1976-06-11,0.0,-0.09918220827328629,0.9847908664796562
1976-06-14,0.0,-0.12741793534109508,0.9794717476896154
1976-06-15,0.0,-0.1189770656489913,0.9802345087366987
1976-06-16,0.0,-0.10981486600720657,0.9870779208389
1976-06-17,0.0,-0.08369271006670927,0.9748618765310525
1976-06-18,0.0,-0.09538964263562731,0.974284568247378
1976-06-21,0.0,-0.1197722943191296,0.9744119167358357
1976-06-22,0.0,-0.11813253761964863,0.9818133342290413
1976-06-23,0.0,-0.08971240429149538,0.986974345154192
1976-06-24,0.0,-0.040989344533197004,0.9861322975405088
1976-06-25,0.0,-0.0787086626517829,0.9832327378049924
1976-06-28,0.0,-0.03281672660162821,0.9871112091019474
1976-06-29,0.0,-0.047174654932777525,0.9853740425478371
1976-06-30,0.0,-0.050103627353968526,0.9833142617234389
1976-07-01,0.0,-0.030987813027237993,0.9824649306189819
1976-07-02,0.0,-0.03593200922606333,0.9790823339966035
1976-07-05,0.0,-0.057660080099081294,0.9793603949011394
1976-07-06,0.0,-0.059307565752487766,0.9792969157344568
1976-07-07,0.0,-0.06103021906393393,0.9814996449360358
1976-07-08,0.0,-0.05940684208404309,0.9817878154437313
1976-07-09,0.0,-0.06884710951599154,0.9844409145456787
1976-07-12,0.0,-0.0626527336726394,0.9859753656649077
1976-07-13,0.0,-0.05896444647822347,0.9817920659436351
1976-07-14,0.0,-0.056388516775646706,0.9814718343372282
1976-07-15,0.0,-0.0628924302309025,0.9853644196428676
1976-07-16,0.0,-0.02883780638784578,0.9966673467009707
1976-07-19,1.0,0.004806651159520456,0.9962203383652878
1976-07-20,1.0,0.06207028032005624,0.9985049336540852
1976-07-21,1.0,0.01623911042276664,0.9897226189266964
1976-07-22,1.0,0.03473640070595264,0.9946052387207694
1976-07-23,1.0,0.04578264310547669,0.9949356902876914
1976-07-26,1.0,0.021016535361658564,0.991970210226709
1976-07-27,1.0,0.006548811878905462,0.9908114843638716
1976-07-28,1.0,0.01739174271186924,0.9928038733909411
1976-07-29,1.0,0.02854200333948449,0.9942800030295005
1976-07-30,1.0,0.029343029233910297,0.9934597440205535
1976-08-02,1.0,0.02253243108069606,0.9949761808517887
1976-08-03,1.0,0.05449157943492954,0.9957206001168335
1976-08-04,1.0,0.07922837538097822,0.9933100037531853
1976-08-05,1.0,0.08956140886095693,0.9948851308795561
1976-08-06,1.0,0.08331068443815239,0.9944053708956734
1976-08-09,1.0,0.083381608939051,0.994139935519531
1976-08-10,1.0,0.10416933028767317,0.9931868390107921
1976-08-11,1.0,0.08803829705346945,0.9931801224171536
1976-08-12,1.0,0.1150309206895087,0.9930280374073842
1976-08-13,1.0,0.14808546032416742,0.9894088275769466
1976-08-16,1.0,0.14304192306559152,0.9895574228922657
1976-08-17,1.0,0.19465417257713608,0.9929809804829812
1976-08-18,1.0,0.20879503346112613,0.4485075007028379
1976-08-19,1.0,0.21424155153742314,0.2470355629711761
1976-08-20,1.0,0.2420463315236648,0.2826376990623154
1976-08-23,1.0,0.22276824637454454,0.33712365413376316
1976-08-24,1.0,0.22505012958479137,0.3066555117683814
1976-08-25,1.0,0.2175239260223295,0.26558242059591664
1976-08-26,1.0,0.2151113796169455,0.18675327968074767
1976-08-27,1.0,0.2507811233778603,0.20517977996166462
1976-08-31,1.0,0.24933597670916047,0.17037516225660868
1976-09-01,1.0,0.21268221006884028,0.1337471192099088
1976-09-02,1.0,0.20890505732509487,0.1387512303278113
1976-09-03,1.0,0.19289549855871202,0.12473982691721465
1976-09-06,1.0,0.1317149616861211,0.08145896252028709
1976-09-07,1.0,0.16218027170823132,0.17015865689606777
1976-09-08,1.0,0.1564521768155376,0.13744705213959982
1976-09-09,1.0,0.15555275768106033,0.13387656363288503
1976-09-10,1.0,0.12457829556978448,0.11352500958614753
1976-09-13,1.0,0.15813872100521378,0.1935278786627914
1976-09-14,1.0,0.18924199963852834,0.22875105650952396
1976-09-15,1.0,0.19829811805859127,0.1847434266858393
1976-09-16,1.0,0.18012616623051902,0.09974175200845152
1976-09-17,1.0,0.14139786021705097,0.11054253574546795
1976-09-20,1.0,0.15982900640417552,0.239087410290131
1976-09-21,1.0,0.11564935517715874,0.10228260790955417
1976-09-22,1.0,0.13310757401254208,0.1549281535958714
1976-09-23,1.0,0.132256695192522,0.14329395292197974
1976-09-24,1.0,0.10166085617851771,0.15607056794589366
1976-09-27,1.0,0.10716712497637397,0.16151807748685088
1976-09-28,1.0,0.1391072166350796,0.22909012546548788
1976-09-29,1.0,0.13953741668473435,0.203602808638266
1976-09-30,1.0,0.1318597375667455,0.22004992989044517
1976-10-01,1.0,0.14611354228260945,0.22335498452841965
1976-10-04,1.0,0.16415728932031645,0.23517650652640987
1976-10-05,1.0,0.1614261526433181,0.19116300240279008
1976-10-06,1.0,0.16334288496406557,0.1656414579622414
1976-10-07,1.0,0.14145446746185006,0.16922849060687736
1976-10-08,1.0,0.15113862935726655,0.2080583373027745
1976-10-11,1.0,0.14826941404803926,0.1698193576334848
1976-10-12,1.0,0.1328772990658266,0.1464346192878678
1976-10-13,1.0,0.12372551274208453,0.1816564455700614
1976-10-14,1.0,0.12774629762764098,0.1974035756107524
1976-10-15,1.0,0.1333152932179549,0.125578373026664
1976-10-18,1.0,0.12331370675807929,0.08399028388821705
1976-10-19,1.0,0.13113467530374762,0.07842792931328257
1976-10-20,1.0,0.1447820521876236,0.07457673585138827
1976-10-21,1.0,0.13450075023179706,0.05163928073289845
1976-10-22,1.0,0.14183019543921763,0.06101799758480509
1976-10-25,1.0,0.13201967653920063,0.03259506645915837
1976-10-26,1.0,0.14493402472233444,0.07003215437427068
1976-10-27,1.0,0.12468884845816422,0.015993324649264413
1976-10-28,1.0,0.07378787437566835,0.03225860035390807
1976-10-29,1.0,0.07166894655436315,0.055852817714175246
1976-11-01,1.0,0.06855775780663971,0.06233635239883233
1976-11-02,1.0,0.0769610411361284,0.06259319901035432
1976-11-03,1.0,0.052246356170437325,0.0780422603790853
1976-11-04,1.0,0.06327764592324266,0.14099637731919146
1976-11-05,1.0,0.04616204176316241,0.10984797238567151
1976-11-08,1.0,0.007198364100259344,0.1751391272329133
1976-11-09,1.0,0.02794743824383614,0.2359396481364408
1976-11-10,0.0,-0.011441350127035234,0.31759313675785283
1976-11-11,1.0,0.021538151551131663,0.458522965704982
1976-11-12,1.0,0.0018419603660614532,0.4108862899217288
1976-11-15,0.0,-0.028119435314379087,0.5078520519879715
1976-11-16,1.0,0.024106489048058708,0.6258316571192637
1976-11-17,1.0,0.03481541968536484,0.5929070578746383
1976-11-18,1.0,0.0548237824293449,0.5820051531637479
1976-11-19,1.0,0.04652001563489291,0.5375243585007078
1976-11-22,1.0,0.019963694439562873,0.5669419605434748
1976-11-23,1.0,0.029897041256093024,0.5798756841482932
1976-11-24,1.0,0.054690957470214144,0.6329794826648834
1976-11-25,1.0,0.06226538502686755,0.545121466617609
1976-11-26,1.0,0.08107568939307394,0.5698872643345024
1976-11-29,1.0,0.07630378558294858,0.6226394153676779
1976-11-30,1.0,0.0916391679026433,0.6209162622714077
1976-12-01,1.0,0.08021952669972428,0.6069395548966259
1976-12-02,1.0,0.10302688159125827,0.6082638821063653
1976-12-03,1.0,0.0990837038680226,0.6409345671828276
1976-12-06,1.0,0.08164876514850766,0.5373441491940674
1976-12-07,1.0,0.09507419955814755,0.5590626195333565
1976-12-08,1.0,0.08882199877289408,0.5053456544936649
1976-12-09,1.0,0.06659684090372552,0.46846415436425726
1976-12-10,1.0,0.06605843341138777,0.47439926857225223
1976-12-13,1.0,0.07742594754790398,0.5372985322732009
1976-12-14,1.0,0.07958540801997446,0.44180154524843007
1976-12-15,1.0,0.08289187479553572,0.4071398088096499
1976-12-16,1.0,0.09300774769082538,0.39542084404096334
1976-12-17,1.0,0.12123087996669447,0.5303683534953398
1976-12-20,1.0,0.12551864321326595,0.4510490812414292
1976-12-21,1.0,0.1290302597437311,0.40252714536725664
1976-12-22,1.0,0.11844815041319409,0.4028647298240364
1976-12-23,1.0,0.14367994805931,0.4543897990086084
1976-12-29,1.0,0.1290988646627306,0.35597726739108987
1976-12-30,1.0,0.13060503709772492,0.3932309103971276
1976-12-31,1.0,0.109071095054362,0.41379753626100374
1977-01-04,1.0,0.08946476389245682,0.365364910968057
1977-01-05,1.0,0.1162368913062485,0.5611173136586345
1977-01-06,1.0,0.11593786193820117,0.5769372512231128
1977-01-07,1.0,0.11039301210155295,0.5351052148248254
1977-01-10,1.0,0.13743597355777729,0.6165758714371457
1977-01-11,1.0,0.1359850273981087,0.5703701242850173
1977-01-12,1.0,0.1298849055209106,0.48084198327882316
1977-01-13,1.0,0.11761492604852357,0.41498278650382847
1977-01-14,1.0,0.13000674024969253,0.44513666827107595
1977-01-17,1.0,0.14565641604983856,0.4039328665286249
1977-01-18,1.0,0.13536517708104015,0.3149295745596809
1977-01-19,1.0,0.12686832423814848,0.3492139462250112
1977-01-20,1.0,0.1261791114138584,0.28925060369283245
1977-01-21,1.0,0.12931487565846833,0.360183590232305
1977-01-24,1.0,0.12222432170983102,0.3272943668887986
1977-01-25,1.0,0.10378624343344887,0.30121321702572273
1977-01-26,1.0,0.12469565037528439,0.4284741781318562
1977-01-27,1.0,0.11719497330482902,0.39064217959427294
1977-01-28,1.0,0.1139676933707313,0.4486498886264999
1977-01-31,1.0,0.10875610465896446,0.3884205999943741
1977-02-01,1.0,0.09352605801082355,0.341320295701224
1977-02-02,1.0,0.10857261100341652,0.3560618286433287
1977-02-03,1.0,0.1092252185150771,0.28672809491845475
1977-02-04,1.0,0.11269482215975611,0.39372860688479316
1977-02-07,1.0,0.09818398788477908,0.2543479789896134
1977-02-08,1.0,0.08704230944860814,0.2919997243335075
1977-02-09,1.0,0.08551012822041457,0.3061027253152981
1977-02-10,1.0,0.08091998759622787,0.39078365552672767
1977-02-11,1.0,0.08855339734144503,0.45852342893066317
1977-02-14,1.0,0.07922494238298673,0.30759019400655635
1977-02-15,1.0,0.07987288513767768,0.3728246912063854
1977-02-16,1.0,0.08630595286247626,0.3947570795040045
1977-02-17,1.0,0.07925286278056999,0.5429318105028486
1977-02-18,1.0,0.07880306137741191,0.5633150210720453
1977-02-21,1.0,0.06612816607320568,0.5918103209208319
1977-02-22,1.0,0.06143359722938257,0.6180476446827201
1977-02-23,1.0,0.057258221211803816,0.6390714204808141
1977-02-24,1.0,0.036494058430571685,0.6856891698854857
1977-02-25,1.0,0.034211182383994045,0.687948936261673
1977-02-28,1.0,0.013913267916985082,0.6977519093283355
1977-03-01,1.0,0.016135039622506814,0.7248650907637965
1977-03-02,0.0,-0.004491284108687212,0.7261400094804134
1977-03-03,0.0,-0.0055440197441159285,0.7416028883826289
1977-03-04,0.0,-0.016993646331098244,0.7234416568580837
1977-03-07,0.0,-0.03046615914632966,0.7007033569760718
1977-03-08,0.0,-0.04342515495885472,0.7194874422297908
1977-03-09,0.0,-0.030975157781163845,0.7596357397709511
1977-03-10,0.0,-0.03283515990419738,0.710508257502293
1977-03-11,0.0,-0.039740328649514226,0.6802450379495943
1977-03-14,0.0,-0.04025040262129748,0.6795536817235882
1977-03-15,0.0,-0.056536030090173224,0.6447540398050952
1977-03-16,0.0,-0.07311758921160581,0.6295970832412013
1977-03-17,0.0,-0.06952068992966524,0.5860448650679374
1977-03-18,0.0,-0.0703981522384075,0.5507022107615476
1977-03-21,0.0,-0.09120676821973253,0.568434720461971
1977-03-22,0.0,-0.07272799186777083,0.6013966109320366
1977-03-23,0.0,-0.07824458704193839,0.5476824818799594
1977-03-24,0.0,-0.09109648397820679,0.5703638766698821
1977-03-25,0.0,-0.09131296927603412,0.5044877322526874
1977-03-28,0.0,-0.06329485037231362,0.6634600663399995
1977-03-29,0.0,-0.040569331024574856,0.7005229266672688
1977-03-30,0.0,-0.04411725847003952,0.6034680952954166
1977-03-31,0.0,-0.04498612596591683,0.6416080666629427
1977-04-01,0.0,-0.036392618883979176,0.6681656388800872
1977-04-04,0.0,-0.05294048140024784,0.5556745644555054
1977-04-05,0.0,-0.056387060670306285,0.6633252173792497
1977-04-06,0.0,-0.05072676225710843,0.600659312231097
1977-04-07,0.0,-0.056367556113568376,0.6061194186646031
1977-04-12,0.0,-0.05668699367800648,0.558811579983196
1977-04-13,0.0,-0.06901633712738842,0.4571294321680605
1977-04-14,0.0,-0.0761589952187391,0.5159183032074437
1977-04-15,0.0,-0.060541651478283116,0.6297291481133659
1977-04-18,0.0,-0.05583478690944019,0.5879263568789507
1977-04-19,0.0,-0.04485971307849724,0.6244458188499831
1977-04-20,0.0,-0.033325083106076875,0.6669675450434195
1977-04-21,0.0,-0.03120431470668002,0.7239074127962397
1977-04-22,0.0,-0.028457204814035384,0.6056128206280991
1977-04-25,0.0,-0.026223195099102443,0.6824970218312041
1977-04-26,0.0,-0.021639175103481182,0.7350000680600504
1977-04-27,0.0,-0.019165542142436372,0.6195088257265576
1977-04-28,1.0,0.0054794657646255705,0.6529614364151706
1977-04-29,0.0,-0.010925339126252447,0.5365183017090366
1977-05-02,0.0,-0.017338527162272965,0.4785075742528024
1977-05-03,0.0,-0.02665913176889074,0.4872821445893936
1977-05-04,0.0,-0.027380218268276735,0.48723066969729883
1977-05-05,0.0,-0.018891168014077638,0.5240207670824344
1977-05-06,0.0,-0.016664218303276947,0.45082614539674487
1977-05-09,0.0,-0.008864701760248214,0.5251015205862024
1977-05-10,0.0,-0.005097717071668718,0.48165688585688193
1977-05-11,0.0,-0.015350804596123436,0.4289370951437062
1977-05-12,0.0,-0.00955638672021788,0.439349184813896
1977-05-13,0.0,-0.011199845562452251,0.3429281083429832
1977-05-16,0.0,-0.01226591187620131,0.380660601586772
1977-05-17,0.0,-0.016715381509216583,0.3233745611374329
1977-05-18,0.0,-0.013708233853194913,0.37511647447852914
1977-05-19,0.0,-0.018557233560217812,0.3590635458604743
1977-05-20,0.0,-0.027870374349577495,0.2824030327591553
1977-05-23,0.0,-0.019297635372142796,0.3657451672233153
1977-05-24,0.0,-0.00867007338454303,0.4193881458744559
1977-05-25,0.0,-0.0017286089006177425,0.388838242879948
1977-05-26,1.0,0.002779709920497213,0.3464208405908491
1977-05-27,0.0,-0.006949298293205917,0.31223416314680924
1977-05-30,1.0,0.0024292914948867727,0.3383857634343662
1977-05-31,1.0,0.008706306082527877,0.32880973377014705
1977-06-01,1.0,0.007962652423017583,0.32528062289422705
1977-06-02,1.0,0.02915860863827494,0.35280010049201654
1977-06-03,1.0,0.03166032396076033,0.30753626540194484
1977-06-08,1.0,0.021688602126104017,0.29773221687633483
1977-06-09,1.0,0.040423622150646765,0.3290834424233333
1977-06-10,1.0,0.0545558236891819,0.2939769462195058
1977-06-13,1.0,0.062323280285015395,0.2685600816747118
1977-06-14,1.0,0.07413402162166306,0.2462090475170394
1977-06-15,1.0,0.06007392601957629,0.25788753305003476
1977-06-16,1.0,0.05291871561331653,0.27953100764483757
1977-06-17,1.0,0.0665634965173427,0.34107748099789587
1977-06-20,1.0,0.05325775613190576,0.33104452243413174
1977-06-21,1.0,0.04565108002627235,0.34118987631108044
1977-06-22,1.0,0.05883025564325622,0.39864710230191525
1977-06-23,1.0,0.056523971533089135,0.34857279467483315
1977-06-24,1.0,0.06162679327161663,0.28993644524674655
1977-06-27,1.0,0.05062640539984679,0.24498909289394
1977-06-28,1.0,0.05641999053440312,0.23234026668106228
1977-06-29,1.0,0.06295665948422481,0.25848689234853395
1977-06-30,1.0,0.05377273551389594,0.22159508486793805
1977-07-01,1.0,0.07074510603375446,0.21706945545859438
1977-07-04,1.0,0.08326772345078612,0.29618846670176435
1977-07-05,1.0,0.08544673174150054,0.2418156562816682
1977-07-06,1.0,0.08487462403989458,0.2921418590002878
1977-07-07,1.0,0.08533092729510079,0.23646786114731277
1977-07-08,1.0,0.0901450282045657,0.22952020338733045
1977-07-11,1.0,0.0944064875145771,0.2678259271104669
1977-07-12,1.0,0.08933003144843084,0.22351625802636305
1977-07-13,1.0,0.0755075525081451,0.1782458830251977
1977-07-14,1.0,0.06785678437295238,0.17743850884170612
1977-07-15,1.0,0.08322945351891242,0.17653038978110747
1977-07-18,1.0,0.088606528069614,0.21215755481241882
1977-07-19,1.0,0.08083541480977527,0.16230038786595197
1977-07-20,1.0,0.0862346779214574,0.1393964818166049
1977-07-21,1.0,0.09151510883577334,0.19092386300101152
1977-07-22,1.0,0.10176040099682057,0.1608880724540496
1977-07-25,1.0,0.09070445808829615,0.1443283791319409
1977-07-26,1.0,0.10391766268155123,0.19398133757065944
1977-07-27,1.0,0.09356280042811103,0.19419158317127647
1977-07-28,1.0,0.1104049239635837,0.25469550114904055
1977-07-29,1.0,0.12477526515106407,0.24048604775083668
1977-08-01,1.0,0.12162830687139384,0.20114658352142645
1977-08-02,1.0,0.11090069603344155,0.16998640507992938
1977-08-03,1.0,0.0925042543468308,0.17072523487096342
1977-08-04,1.0,0.0939153713643221,0.17320842568697573
1977-08-05,1.0,0.1046727577215006,0.2276644692840291
1977-08-08,1.0,0.10844218219523435,0.1950039320982633
1977-08-09,1.0,0.09747971420558921,0.17497409013078152
1977-08-10,1.0,0.11881096105098944,0.23104121804559255
1977-08-11,1.0,0.132240570191514,0.26628930302830417
1977-08-12,1.0,0.13835067906047144,0.30428101236230554
1977-08-15,1.0,0.13387819339096022,0.40253855072150735
1977-08-16,1.0,0.1560430164309948,0.38523335192319863
1977-08-17,1.0,0.14966703758281025,0.32823737410949866
1977-08-18,1.0,0.1569829094912287,0.16835592198347832
1977-08-19,1.0,0.1338773535343908,0.1318297010235038
1977-08-22,1.0,0.12109314991388404,0.14432215764051357
1977-08-23,1.0,0.11109716763525937,0.16156763049757625
1977-08-24,1.0,0.09515261264099559,0.11212238008666194
1977-08-25,1.0,0.10927102883418671,0.09712540701428488
1977-08-26,1.0,0.0839607515484182,0.08091388232904616
1977-08-30,1.0,0.06618359217183263,0.050818112146552304
1977-08-31,1.0,0.08718259520766639,0.05263997491452716
1977-09-01,1.0,0.08864896632075972,0.0647606395387935
1977-09-02,1.0,0.0762524314997556,0.04045198025701718
1977-09-05,1.0,0.08892589978850876,0.044438927515823096
1977-09-06,1.0,0.07768994994169798,0.06066486264062383
1977-09-07,1.0,0.08064165822594052,0.047799906451908
1977-09-08,1.0,0.08321888383563293,0.054199228175068045
1977-09-09,1.0,0.07384150251151596,0.05282924422919895
1977-09-12,1.0,0.0728066730810128,0.05695002486936045
1977-09-13,1.0,0.08040769972597585,0.0678102682927942
1977-09-14,1.0,0.08051068989875321,0.049783143320745564
1977-09-15,1.0,0.08424668428158338,0.04355348899796687
1977-09-16,1.0,0.06683275184046994,0.04198121597299395
1977-09-19,1.0,0.05867831181747672,0.0651651457516492
1977-09-20,1.0,0.050091772315226595,0.056555011005277996
1977-09-21,1.0,0.05653399920835871,0.07678205843267401
1977-09-22,1.0,0.04671488750725392,0.07297428536070384
1977-09-23,1.0,0.0585564494600237,0.07922398427359954
1977-09-26,1.0,0.04536069861023359,0.09069572111511622
1977-09-27,1.0,0.04356871000031263,0.09110064334110538
1977-09-28,1.0,0.04106895784745664,0.08313266869154803
1977-09-29,1.0,0.04097884496367927,0.0898318689546047
1977-09-30,1.0,0.06745539243269442,0.077270145137768
1977-10-03,1.0,0.06566365185178054,0.0791388959692804
1977-10-04,1.0,0.06318549125537866,0.07517221379111366
1977-10-05,1.0,0.08733380162566481,0.0718674573060909
1977-10-06,1.0,0.10966940088221377,0.0883134656150703
1977-10-07,1.0,0.07355105006200786,0.08278324553065236
1977-10-10,1.0,0.07800926543430972,0.07837512170250467
1977-10-11,1.0,0.08197801039293454,0.08055174473171509
1977-10-12,1.0,0.0928579607608409,0.07614062304572729
1977-10-13,1.0,0.08608766253643858,0.07472592890627544
1977-10-14,1.0,0.0951373338960213,0.07353888902437708
1977-10-17,1.0,0.07368430474859108,0.0709951698737908
1977-10-18,1.0,0.08716732240904908,0.07928549128552632
1977-10-19,1.0,0.06787838929618259,0.07170929483729835
1977-10-20,1.0,0.07140511687560618,0.08787977541400845
1977-10-21,1.0,0.07324354334323081,0.0681660940146725
1977-10-24,1.0,0.058297801924812806,0.06265936577955958
1977-10-25,1.0,0.07309864678004846,0.06760069759069112
1977-10-26,1.0,0.07990103451327948,0.0647758347897234
1977-10-27,1.0,0.10285973286030327,0.12093637147515535
1977-10-28,1.0,0.08670115517854893,0.10830056972762576
1977-10-31,1.0,0.0882490009099797,0.10828280581960875
1977-11-01,1.0,0.07525017673249876,0.09283404430647581
1977-11-02,1.0,0.08455738802806297,0.10983720049233725
1977-11-03,1.0,0.07136448620797106,0.08891117505075978
1977-11-04,1.0,0.05254326631298591,0.08417526271532491
1977-11-07,1.0,0.05181899752759114,0.08777902640524389
1977-11-08,1.0,0.06347606372564484,0.11902745201234828
1977-11-09,1.0,0.04494482723716982,0.09377681972615716
1977-11-10,1.0,0.043956680807089844,0.1192335207390362
1977-11-11,1.0,0.028757850309331926,0.09580093681869965
1977-11-14,1.0,0.055340782318624174,0.17351508111580685
1977-11-15,1.0,0.08454907965446866,0.25317657182077563
1977-11-16,1.0,0.10167197407469963,0.270387718108897
1977-11-17,1.0,0.11844815041319409,0.23271178521933011
1977-11-18,1.0,0.10886695029325621,0.1817351894577812
1977-11-21,1.0,0.12920212362462358,0.29147558468196444
1977-11-22,1.0,0.15456228715967998,0.2821975750196326
1977-11-23,1.0,0.1301909167430763,0.2635439222736662
1977-11-24,1.0,0.13105034379841585,0.2539182499576695
1977-11-25,1.0,0.14798341921306304,0.27484885943487314
1977-11-28,1.0,0.11199071495187908,0.25864948924568465
1977-11-29,1.0,0.1272301745477937,0.33903201322698895
1977-11-30,1.0,0.12989310447289548,0.30484216255465024
1977-12-01,1.0,0.12970311340703877,0.30635606249600483
1977-12-02,1.0,0.14896289329664497,0.3417416645796548
1977-12-05,1.0,0.1398982285763917,0.3257428227987431
1977-12-06,1.0,0.14287143561664306,0.3446794954849175
1977-12-07,1.0,0.15004279764416162,0.3543422416324139
1977-12-08,1.0,0.16624101816214856,0.3674726193535342
1977-12-09,1.0,0.17196643467875045,0.42769402068487855
1977-12-12,1.0,0.15756334591436286,0.35464699247822773
1977-12-13,1.0,0.16837106166009158,0.3615706932648571
1977-12-14,1.0,0.16090926491367658,0.236791501599598
1977-12-15,1.0,0.1596662652097423,0.29284849751603015
1977-12-16,1.0,0.1411197158356191,0.25640877202902496
1977-12-19,1.0,0.13477983223736079,0.2101830413734815
1977-12-20,1.0,0.1264531090409264,0.25119966772037666
1977-12-21,1.0,0.10079615346465502,0.1947456423336652
1977-12-22,1.0,0.11792243762217688,0.2533525410253044
1977-12-28,1.0,0.08432776313571581,0.22753692631543032
1977-12-29,1.0,0.10186042156504352,0.28547183525376296
1977-12-30,1.0,0.09506214000644592,0.2933799140453022
1978-01-03,1.0,0.06048554942903324,0.3313412953590351
1978-01-04,1.0,0.05518446287134993,0.3786200352626834
1978-01-05,1.0,0.10149063538984741,0.6172746970839681
1978-01-06,1.0,0.06052074909504914,0.5349481698574524
1978-01-09,1.0,0.04676027511628727,0.562429309178242
1978-01-10,1.0,0.044627569083662305,0.525719529856757
1978-01-11,1.0,0.0395781192821332,0.5352925180946715
1978-01-12,1.0,0.02924267985758697,0.4755563262994992
1978-01-13,1.0,0.04062481648524933,0.5045513578674279
1978-01-16,1.0,0.028742468865653945,0.43077231853204345
1978-01-17,1.0,0.03214613305922096,0.49461495533515165
1978-01-18,1.0,0.0373848643414187,0.46469306767275764
1978-01-19,1.0,0.004888579110216548,0.4223000685703347
1978-01-20,1.0,0.0025970293055605706,0.45413110642333365
1978-01-23,0.0,-0.0031442072494500353,0.38848938700486324
1978-01-24,0.0,-0.04580510844120925,0.3887951088124661
1978-01-25,0.0,-0.0378920187939252,0.3645950503010002
1978-01-26,0.0,-0.04241123545866023,0.3706214391951839
1978-01-27,0.0,-0.050875670660453426,0.34460807021655143
1978-01-30,0.0,-0.036621354688536535,0.3574309286056552
1978-01-31,0.0,-0.08827947669243677,0.31463582912063787
1978-02-01,0.0,-0.03196816501139015,0.3054099229177136
1978-02-02,0.0,-0.03462163969563044,0.24349731004274802
1978-02-03,0.0,-0.02777152733078741,0.198760056303909
1978-02-06,0.0,-0.01318448447945579,0.2051638896321543
1978-02-07,0.0,-0.013793322132335648,0.22699178369351514
1978-02-08,0.0,-0.012694919481248892,0.24842144510636255
1978-02-09,0.0,-0.0008681812150006482,0.3316990413173842
1978-02-10,0.0,-0.003729741807550779,0.23645888776225565
1978-02-13,0.0,-0.009365755987642051,0.1623549488753263
1978-02-14,0.0,-0.015336852735468278,0.15220335294609752
1978-02-15,0.0,-0.01893514252769915,0.13646719648885555
1978-02-16,0.0,-0.01999221872721491,0.14114295511444294
1978-02-17,0.0,-0.010926008678145742,0.5529552712720253
1978-02-20,0.0,-0.024157776216978004,0.5306279021737561
1978-02-21,0.0,-0.01471227091966543,0.5824957774355812
1978-02-22,0.0,-0.010822916800256212,0.5739479872128206
1978-02-23,0.0,-0.019011455638873718,0.5484579106164116
1978-02-24,0.0,-0.007496911414178298,0.62316254087545
1978-02-27,0.0,-0.012242779515677553,0.5752748138480002
1978-02-28,0.0,-0.015482753295151284,0.6002820962130241
1978-03-01,0.0,-0.001096491337928747,0.6107292840596487
1978-03-02,0.0,-0.0005428881783716534,0.6073012068109777
1978-03-03,0.0,-0.0024559979598700386,0.6175671240830387
1978-03-06,1.0,0.0018962487058176685,0.6170001863895616
1978-03-07,0.0,-0.017330517693423572,0.6180823927969815
1978-03-08,0.0,-0.048250835948835856,0.5974684794875428
1978-03-09,0.0,-0.028823544197890995,0.5974662863207526
1978-03-10,0.0,-0.01791092656653033,0.5915975904875751
1978-03-13,0.0,-0.028278121323064835,0.5547370811681935
1978-03-14,0.0,-0.0409771071434099,0.5843148617026197
1978-03-15,0.0,-0.021698708670578246,0.6141510226814567
1978-03-16,0.0,-0.0029895388483660483,0.6150639961661333
1978-03-17,0.0,-0.005747928785456957,0.6040447557480657
1978-03-20,1.0,0.019694290802925944,0.6000199273927397
1978-03-21,1.0,0.040348108988589544,0.585958499439582
1978-03-22,1.0,0.03909203510557869,0.5650708898830992
1978-03-23,1.0,0.03856624531418022,0.6377149880847062
1978-03-28,1.0,0.008127923369727456,0.6653431710563352
1978-03-29,1.0,0.022619849825570443,0.7090371570568659
1978-03-30,1.0,0.030139267575040225,0.6910423003012957
1978-03-31,1.0,0.014487064902253108,0.6939712444968094
1978-04-03,1.0,0.010576369774376775,0.6349670353858637
1978-04-04,1.0,0.020834086902842053,0.6844126959975585
1978-04-05,1.0,0.02573111942033619,0.6511355735612564
1978-04-06,1.0,0.012354309500935178,0.6677789171972063
1978-04-07,1.0,0.02916300205582747,0.6731124138532223
1978-04-10,1.0,0.03031370165582419,0.6586198682740901
1978-04-11,1.0,0.017386942761788787,0.654433611744877
1978-04-12,1.0,0.021707130660572872,0.6751688963344211
1978-04-13,1.0,0.040866786350232935,0.6826361426809477
1978-04-14,1.0,0.03846628082779614,0.6608901884857594
1978-04-17,1.0,0.0665803250815676,0.6667833676152817
1978-04-18,1.0,0.07332545116076306,0.6102068927865983
1978-04-19,1.0,0.06296270246036019,0.603442697382792
1978-04-20,1.0,0.09339361715209514,0.6423054899612931
1978-04-21,1.0,0.07846609526109573,0.5953407407916219
1978-04-24,1.0,0.0971967185662437,0.6259434896082967
1978-04-25,1.0,0.11668888923002516,0.5597983056630225
1978-04-26,1.0,0.12688561643361107,0.5549361193454826
1978-04-27,1.0,0.19324161998065453,0.6790615484293298
1978-04-28,1.0,0.1234574076529845,0.7588627564698013
1978-05-02,1.0,0.14009653256964003,0.8314410052511102
1978-05-03,1.0,0.12967385923100336,0.8255727555924975
1978-05-04,1.0,0.14977213592418542,0.8530340560936205
1978-05-05,1.0,0.14743172957851322,0.8533445948509754
1978-05-08,1.0,0.1748410730847046,0.8544839999667917
1978-05-09,1.0,0.16288076327528705,0.8503894880509686
1978-05-10,1.0,0.15048940498842006,0.8636859220355857
1978-05-11,1.0,0.13925351297698774,0.8849712899236799
1978-05-12,1.0,0.155294844711804,0.882073535606494
1978-05-15,1.0,0.16626369228004198,0.8828222892170361
1978-05-16,1.0,0.1679506809378439,0.8749910613502181
1978-05-17,1.0,0.15132980348561698,0.8873336485209917
1978-05-18,1.0,0.17134718670816307,0.9071206340982622
1978-05-19,1.0,0.17736896992926532,0.8764192216971577
1978-05-22,1.0,0.17372819175085932,0.8818655163947791
1978-05-23,1.0,0.1825533333623813,0.8809619094463962
1978-05-24,1.0,0.15271630234011524,0.872466162983357
1978-05-25,1.0,0.17025766508976514,0.8656160518784938
1978-05-26,1.0,0.13262543765123785,0.754894759305369
1978-05-30,1.0,0.12899561411080965,0.5984484457459116
1978-05-31,1.0,0.08356622399004583,0.6260942728336581
1978-06-01,1.0,0.10371982620036631,0.6441310112567801
1978-06-02,1.0,0.06926347086622402,0.6211999316990544
1978-06-05,1.0,0.08705690085552421,0.6541762145175053
1978-06-06,1.0,0.12326065695370253,0.6472896643829553
1978-06-07,1.0,0.13168492261793927,0.6334724854190207
1978-06-08,1.0,0.13024011154044995,0.649865773217181
1978-06-09,1.0,0.15407188072552722,0.6409151041824774
1978-06-12,1.0,0.14875426962010815,0.6200192822293012
1978-06-13,1.0,0.15065835741732317,0.6056834110630115
1978-06-14,1.0,0.13618166090135614,0.6191416295935706
1978-06-15,1.0,0.12256009057917087,0.6475711909982687
1978-06-16,1.0,0.10798437260768146,0.6381613281236878
1978-06-19,1.0,0.11934675763256623,0.6395252318911332
1978-06-20,1.0,0.11724669882400407,0.6837823059040224
1978-06-21,1.0,0.11590308344431728,0.7108873667112345
1978-06-22,1.0,0.13531743835701973,0.7169168257216446
1978-06-23,1.0,0.123783143210862,0.6974674183728421
1978-06-26,1.0,0.13228229974230135,0.6998690907071762
1978-06-27,1.0,0.14781157601659373,0.7095804198179784
1978-06-28,1.0,0.15141079349711095,0.7086809492304668
1978-06-29,1.0,0.15104532836820833,0.698397849209714
1978-06-30,1.0,0.1765689043045048,0.6946304743894118
1978-07-03,1.0,0.17478985395295074,0.6805824152615079
1978-07-04,1.0,0.15260005151221614,0.644211503252313
1978-07-05,1.0,0.16801411812936778,0.651716935590344
1978-07-06,1.0,0.1722389782543582,0.6574729831687178
1978-07-07,1.0,0.16569409533346274,0.631464030434172
1978-07-10,1.0,0.17395556548190502,0.643031840832515
1978-07-11,1.0,0.1863565320061337,0.6525674498146378
1978-07-12,1.0,0.17846729665577896,0.6361960486085259
1978-07-13,1.0,0.17811705089080987,0.6250047926280798
1978-07-14,1.0,0.1789556835388494,0.6322336167943883
1978-07-17,1.0,0.19680678860603368,0.6171126983677064
1978-07-18,1.0,0.2023168672568509,0.6128663649660537
1978-07-19,1.0,0.19440939549574493,0.6177970543039356
1978-07-20,1.0,0.17530834504004622,0.6586504061235289
1978-07-21,1.0,0.15277144638773488,0.7214766823107954
1978-07-24,1.0,0.15422386216107575,0.5711825175927512
1978-07-25,1.0,0.16947861733995434,0.5897782868262608
1978-07-26,1.0,0.1495817698896157,0.5559151146172218
1978-07-27,1.0,0.16101044884453494,0.5588594082718846
1978-07-28,1.0,0.11905175634950005,0.5818911379802648
1978-07-31,1.0,0.12008306576709304,0.6363171275314299
1978-08-01,1.0,0.11848705128211486,0.5924908915937966
1978-08-02,1.0,0.13960149311689227,0.6340551530000942
1978-08-03,1.0,0.1481982812999631,0.5959644264191886
1978-08-04,1.0,0.18599461760825944,0.6007662279210588
1978-08-07,1.0,0.17304893465813495,0.5925222110364229
1978-08-08,1.0,0.09467302019626382,0.5907359219224486
1978-08-09,1.0,0.06312492329626979,0.5981266762334005
1978-08-10,1.0,0.041267415886541814,0.5980647598012085
1978-08-11,0.0,-0.00546125066248395,0.5518782720707246
1978-08-14,1.0,0.013260634002214543,0.5373775462507486
1978-08-15,1.0,0.025927378256136738,0.5448959136920576
1978-08-16,0.0,-0.009547167638435442,0.4914243171515568
1978-08-17,0.0,-0.01324522675002068,0.6575015712935781
1978-08-18,0.0,-0.0173876001325751,0.5579737121842563
1978-08-21,1.0,0.02933607823121229,0.7243625425429892
1978-08-22,0.0,-0.015794278029842172,0.6584120820328372
1978-08-23,0.0,-0.019672765598704667,0.7946187829876771
1978-08-24,0.0,-0.025191505489647752,0.7708651891974467
1978-08-25,1.0,0.004283740959164341,0.8034241100536719
1978-08-29,1.0,0.0025006264593506813,0.7677841754676091
1978-08-30,0.0,-0.028729068440860324,0.7668426790117412
1978-08-31,0.0,-0.03015792753656114,0.7756046738104146
1978-09-01,0.0,-0.025811026243363643,0.7823149378813847
1978-09-04,0.0,-0.06393980363556022,0.765390963461117
1978-09-05,0.0,-0.06560537473748228,0.799821620563976
1978-09-06,0.0,-0.08051451707129548,0.7860603955039875
1978-09-07,0.0,-0.08472507010324216,0.804572814401896
1978-09-08,0.0,-0.056187539977279,0.8303408669503515
1978-09-11,0.0,-0.03161537700610869,0.8093519424329292
1978-09-12,0.0,-0.05738468378095248,0.8102469295808277
1978-09-13,0.0,-0.06628858124535643,0.8201239506823049
1978-09-14,0.0,-0.05374867384383437,0.8196733360834415
1978-09-15,0.0,-0.049025874247129085,0.7432085633597472
1978-09-18,0.0,-0.014388737452099556,0.7818750438216236
1978-09-19,0.0,-0.04621603859970565,0.6842868824704219
1978-09-20,0.0,-0.05163831743358356,0.703913400085485
1978-09-21,0.0,-0.05553672924963573,0.5965656726208327
1978-09-22,0.0,-0.041677659462976094,0.6184347698781505
1978-09-25,0.0,-0.025505671971316212,0.4779128522522168
1978-09-26,0.0,-0.00897486176069847,0.5217747907641549
1978-09-27,1.0,0.008344971932180468,0.5615572781749159
1978-09-28,0.0,-0.02462377604272669,0.5178211533627277
1978-09-29,0.0,-0.00925504061056178,0.5368040423683729
1978-10-02,1.0,0.015539618002654612,0.5354841537788718
1978-10-03,0.0,-0.003393284558980278,0.5193772410945532
1978-10-04,1.0,0.011123585218662302,0.5371135292397671
1978-10-05,1.0,0.018242997590275256,0.5452346381635094
1978-10-06,0.0,-0.02037652569604859,0.4322482885009269
1978-10-09,1.0,0.0031418338232281373,0.431645031720326
1978-10-10,1.0,0.0008873115045342004,0.43739894320662087
1978-10-11,0.0,-0.014241451201004904,0.4490692663676522
1978-10-12,0.0,-0.006895811999365178,0.4602768772709559
1978-10-13,0.0,-0.017071393919618323,0.4726143159835358
1978-10-16,0.0,-0.01238615091954414,0.45178028090218425
1978-10-17,0.0,-0.04559002115828014,0.46714731674470744
1978-10-18,0.0,-0.054516133272864475,0.49529934158174443
1978-10-19,0.0,-0.02240739055745393,0.5599112286862297
1978-10-20,0.0,-0.0030755736018621303,0.5036759319327234
1978-10-23,1.0,0.021811115450718538,0.5573516097363099
1978-10-24,1.0,0.02081810693715283,0.568573010397058
1978-10-25,1.0,0.01760079778370918,0.5176834796693106
1978-10-26,0.0,-0.015958932621616847,0.5226515171875644
1978-10-27,1.0,0.006799856205133218,0.5009769796292675
1978-10-30,0.0,-0.037352222999539095,0.5231936984183723
1978-10-31,0.0,-0.029915419820386143,0.5717158536290733
1978-11-01,1.0,0.03328597763346676,0.9101210337266743
1978-11-02,1.0,0.05275948762376175,0.8882235406877107
1978-11-03,1.0,0.08247041325718285,0.883407040151442
1978-11-06,1.0,0.08814169032571226,0.8744894035770306
1978-11-07,1.0,0.062485340155745854,0.8763154430096078
1978-11-08,1.0,0.1053148107742514,0.8962542818016216
1978-11-09,1.0,0.13464214658982473,0.9167210227533636
1978-11-10,1.0,0.19875149961149502,0.9123798769793104
1978-11-13,1.0,0.1854401871253307,0.9021953022873117
1978-11-14,1.0,0.15651754483752442,0.9066066987335999
1978-11-15,1.0,0.17933727315730733,0.9180133569864177
1978-11-16,1.0,0.203491702258163,0.8882570232841087
1978-11-17,1.0,0.19532912219697887,0.8681860610788675
1978-11-20,1.0,0.21986940155639773,0.8837591267356999
1978-11-21,1.0,0.21027387841063888,0.8932426034928103
1978-11-22,1.0,0.2205270659732629,0.897817346107144
1978-11-23,1.0,0.1986484500813833,0.9168301213175016
1978-11-24,1.0,0.21272937338409056,0.9290657790539293
1978-11-27,1.0,0.240531817935499,0.9274580775419708
1978-11-28,1.0,0.2465732664762222,0.9327643210968978
1978-11-29,1.0,0.2397734214758937,0.8513742570063845
1978-11-30,1.0,0.2482648560219508,0.8221842258498822
1978-12-01,1.0,0.2554443704930817,0.789875482554284
1978-12-04,1.0,0.22208904319470008,0.778477562418978
1978-12-05,1.0,0.2332753502446167,0.8058990545750918
1978-12-06,1.0,0.1935113705843517,0.8032750211950478
1978-12-07,1.0,0.18981567823779716,0.7811781574979363
1978-12-08,1.0,0.1817025533696709,0.72302845928925
1978-12-11,1.0,0.1445812288111075,0.7318167122114149
1978-12-12,1.0,0.17702440817186316,0.7939793238417368
1978-12-13,1.0,0.16817213368953512,0.6721385537539463
1978-12-14,1.0,0.1587618806200627,0.5326959909518596
1978-12-15,1.0,0.15262088326995996,0.5194226638231806
1978-12-18,1.0,0.12023293132777374,0.6236221610878335
1978-12-19,1.0,0.1205018923341888,0.6920742363699444
1978-12-20,1.0,0.1119179162039854,0.6944174073624636
1978-12-21,1.0,0.12993839803616528,0.7411870100756089
1978-12-22,1.0,0.10911913357196452,0.7016797336898047
1978-12-27,1.0,0.09654627390485311,0.718012679049988
1978-12-28,1.0,0.0944239746619816,0.7248233868977161
1978-12-29,1.0,0.08174309917318663,0.739513485569833
1979-01-02,1.0,0.07453305186256677,0.7408881181371189
1979-01-03,1.0,0.11156265155500203,0.8304967322662878
1979-01-04,1.0,0.07902528201734833,0.777611442325641
1979-01-05,1.0,0.06273534428447446,0.7787324441914821
1979-01-08,1.0,0.07176804000185193,0.7899140014360262
1979-01-09,1.0,0.06899287148695142,0.7797517063387007
1979-01-10,1.0,0.082792400500857,0.7939889055463156
1979-01-11,1.0,0.0867658600335622,0.7799600531702399
1979-01-12,1.0,0.09693819878176005,0.7432618345290066
1979-01-15,1.0,0.10226603936450789,0.7464462473866059
1979-01-16,1.0,0.08301897804799131,0.7284160136185318
1979-01-17,1.0,0.047689448593246433,0.7370757350586704
1979-01-18,1.0,0.009448212866260793,0.7719734716998433
1979-01-19,1.0,0.0058384856087714924,0.7969027963922951
1979-01-22,0.0,-0.0076890596678217266,0.8123172754367813
1979-01-23,1.0,0.04630260069763024,0.8397605942649613
1979-01-24,1.0,0.001269841440475937,0.8266010169236536
1979-01-25,1.0,0.012747145197865649,0.865089875090399
1979-01-26,1.0,0.017889564750775123,0.8199846563552994
1979-01-29,1.0,0.0276747221562205,0.7723640697749088
1979-01-30,1.0,0.036581754010039935,0.7732708054431123
1979-01-31,1.0,0.04189971908634818,0.6393205672441037
1979-02-01,1.0,0.06723273022126262,0.6729476296708027
1979-02-02,1.0,0.07121936770073092,0.6607084357338929
1979-02-05,1.0,0.013077423804414706,0.8042489018266119
1979-02-06,1.0,0.008146684567818108,0.8308302883055968
1979-02-07,0.0,-0.012598906777955889,0.7735851919739022
1979-02-08,0.0,-0.006206847436727809,0.7852211674986733
1979-02-09,1.0,0.004851434621551825,0.7671377711114145
1979-02-12,1.0,0.0322283683108263,0.7419870545046945
1979-02-13,1.0,0.044307185999215334,0.7383455663693107
1979-02-14,1.0,0.042109343382665414,0.7193284852354757
1979-02-15,1.0,0.030802236433661652,0.7205979710484326
1979-02-16,1.0,0.03753791931906524,0.6983123992921189
1979-02-19,1.0,0.03446568111805086,0.7127072720134427
1979-02-20,1.0,0.03735038841853776,0.6835379647250023
1979-02-21,1.0,0.04388807691905187,0.6598885380616337
1979-02-22,1.0,0.05042110911183569,0.6566802950075874
1979-02-23,1.0,0.05106418447854095,0.643595139689399
1979-02-26,1.0,0.059156505713665444,0.6377928539846012
1979-02-27,1.0,0.08724665924539145,0.5873167383028168
1979-02-28,1.0,0.08575046830480194,0.5708886111031557
1979-03-01,1.0,0.08269809565429329,0.6276055368322283
1979-03-02,1.0,0.10188674716888864,0.6147958167893282
1979-03-05,1.0,0.14423394068365947,0.7089155173753859
1979-03-06,1.0,0.1295087139507451,0.6409874801556857
1979-03-07,1.0,0.12589134251285505,0.6603349690534083
1979-03-08,1.0,0.15748958109277303,0.7357816094851181
1979-03-09,1.0,0.13578507523939876,0.6546337330528895
1979-03-12,1.0,0.15415067982725836,0.6505206057892552
1979-03-13,1.0,0.16626556165456685,0.6516431660242941
1979-03-14,1.0,0.1481680116687695,0.6752296369308655
1979-03-15,1.0,0.14151691600345032,0.6428642257016838
1979-03-16,1.0,0.13404355652816374,0.636745048074939
1979-03-19,1.0,0.14481935239837396,0.6598127911232727
1979-03-20,1.0,0.13827024974662422,0.6241817362446699
1979-03-21,1.0,0.1556382883250938,0.6822132337212538
1979-03-22,1.0,0.14715547708753424,0.661110780986831
1979-03-23,1.0,0.15196862488190588,0.7237943043444152
1979-03-26,1.0,0.14475764232484026,0.6982207451035889
1979-03-27,1.0,0.14984430590057157,0.7252565550019393
1979-03-28,1.0,0.1411485846125952,0.6550520733464588
1979-03-29,1.0,0.15432812637195242,0.7271352318842776
1979-03-30,1.0,0.1389829779960328,0.7211835075287311
1979-04-02,1.0,0.1464327917461505,0.575509063080913
1979-04-03,1.0,0.16303962724450427,0.5739835347768976
1979-04-04,1.0,0.16000273211574043,0.5509222790500368
1979-04-05,1.0,0.16386852741868843,0.4947538917283478
1979-04-06,1.0,0.18423144538562078,0.5127726473369146
1979-04-09,1.0,0.18927071093211773,0.5077137208649622
1979-04-10,1.0,0.18284279735827103,0.5798924602714579
1979-04-11,1.0,0.19786339464113117,0.6316062883028295
1979-04-12,1.0,0.2158074537183589,0.6473252953716764
1979-04-17,1.0,0.2261575471372878,0.5847867493329661
1979-04-18,1.0,0.20915247759296265,0.5850218886768096
1979-04-19,1.0,0.19134396725285008,0.542144968040741
1979-04-20,1.0,0.22584716904757637,0.7170793441000024
1979-04-23,1.0,0.24349655343780668,0.6465809003624382
1979-04-24,1.0,0.22155697839570218,0.6229322895481703
1979-04-25,1.0,0.21149616506502814,0.628541613075297
1979-04-26,1.0,0.23022002287521726,0.59521486269883
1979-04-27,1.0,0.2251931523596535,0.6066243986510897
1979-04-30,1.0,0.21240530312386324,0.5742719389875991
1979-05-01,1.0,0.2103651248829313,0.6040468962138059
1979-05-02,1.0,0.21638098836846964,0.6910342836283604
1979-05-03,1.0,0.20107629270965016,0.7050456024785465
1979-05-04,1.0,0.17663695210504712,0.726482249567592
1979-05-08,1.0,0.1529736180391668,0.7445402105497106
1979-05-09,1.0,0.1618128928554043,0.7540738990648196
1979-05-10,1.0,0.127317876921076,0.7562635931830036
1979-05-11,1.0,0.11694327515975063,0.7645118174019527
1979-05-14,1.0,0.12738705678684248,0.7554356823192591
1979-05-15,1.0,0.12320427846867307,0.7481270046682554
1979-05-16,1.0,0.14694011785773786,0.7462992565625367
1979-05-17,1.0,0.16790742283895205,0.743842176539748
1979-05-18,1.0,0.15286837819920546,0.6854137964611449
1979-05-21,1.0,0.10840929850718496,0.6341708961959236
1979-05-22,1.0,0.12869208334432827,0.6591530729531698
1979-05-23,1.0,0.12007288046437176,0.6590773516774517
1979-05-24,1.0,0.13061244469489486,0.6306445684353275
1979-05-25,1.0,0.0993350049591843,0.5974743169165451
1979-05-29,1.0,0.0930498411209138,0.6375732956021211
1979-05-30,1.0,0.1404454556599164,0.6877332818973534
1979-05-31,1.0,0.12141808146201617,0.6183585351287155
1979-06-01,1.0,0.13464400499392762,0.4755826889872001
1979-06-04,1.0,0.14900739148695566,0.48651778734562884
1979-06-05,1.0,0.13734576469999338,0.45882568622635383
1979-06-06,1.0,0.13024474751871473,0.41915968933610886
1979-06-07,1.0,0.13230804003317534,0.4827508752740046
1979-06-08,1.0,0.14255307459497976,0.40263346925281984
1979-06-11,1.0,0.14067774621089163,0.3874743005045521
1979-06-12,1.0,0.16933632224563255,0.46220449219478144
1979-06-13,1.0,0.1930495371810785,0.4284988978927677
1979-06-14,1.0,0.16530179209251997,0.39433544401320764
1979-06-15,1.0,0.1832140155769743,0.40760628823913875
1979-06-18,1.0,0.1998528333081137,0.4235497733761789
1979-06-19,1.0,0.18451916406927252,0.3631994302816813
1979-06-20,1.0,0.16839288267734334,0.37634179786133753
1979-06-21,1.0,0.20289023798974642,0.3436274789688772
1979-06-22,1.0,0.2158849552241858,0.347365592015229
1979-06-25,1.0,0.28047809901634857,0.3155947353377068
1979-06-26,1.0,0.2708418321304917,0.3377534138025002
1979-06-27,1.0,0.2989736532558515,0.28752966429129206
1979-06-28,1.0,0.2907581628172869,0.41396874593776206
1979-06-29,1.0,0.315402397484746,0.34749507917526645
1979-07-02,1.0,0.2877705641114998,0.2961692971335617
1979-07-03,1.0,0.2839876788256081,0.35973474135594974
1979-07-04,1.0,0.3329386640399018,0.3054236259013483
1979-07-05,1.0,0.320737646267657,0.25920971800962717
1979-07-06,1.0,0.35693330849255295,0.2781033129370354
1979-07-09,1.0,0.39199983514755177,0.3364954663101775
1979-07-10,1.0,0.3248485123270552,0.24861389174100695
1979-07-11,1.0,0.2797276815571425,0.24507119863738028
1979-07-12,1.0,0.28077954288901047,0.23102935716921413
1979-07-13,1.0,0.25784492220384664,0.28286137707588727
1979-07-16,1.0,0.279593223597953,0.253361564389746
1979-07-17,1.0,0.3320751383815131,0.24418423874983866
1979-07-18,1.0,0.284283950579249,0.25629516507386
1979-07-19,1.0,0.2779406450650811,0.3326868549032673
1979-07-20,1.0,0.29908128895158115,0.32419136052272335
1979-07-23,1.0,0.2570013718489388,0.31788776496950444
1979-07-24,1.0,0.23470625647401683,0.3394974826095955
1979-07-25,1.0,0.22659892291343356,0.3603884234417494
1979-07-26,1.0,0.2528423124589594,0.2680184470092391
1979-07-27,1.0,0.2483305462955006,0.27922365691127654
1979-07-30,1.0,0.24480504809538922,0.33710314767114663
1979-07-31,1.0,0.2870071947477453,0.39994255973795173
1979-08-01,1.0,0.30052581438308207,0.4948829739974064
1979-08-02,1.0,0.2518860201798637,0.42597643478083436
1979-08-03,1.0,0.2665172612597377,0.514555749716757
1979-08-06,1.0,0.28944916957180106,0.4835269062201057
1979-08-07,1.0,0.2925806126879488,0.46111097050341066
1979-08-08,1.0,0.2697893847650713,0.4663886536329597
1979-08-09,1.0,0.2269733003428742,0.491882391067927
1979-08-10,1.0,0.22659438047194283,0.5207944814172902
1979-08-13,1.0,0.25181639432507785,0.6146485112813443
1979-08-14,1.0,0.3021319626328401,0.6790082934265995
1979-08-15,1.0,0.2549336600683677,0.6319910208999471
1979-08-16,1.0,0.26827386123610647,0.7113787203983665
1979-08-17,1.0,0.2688314124532162,0.7156878115875723
1979-08-20,1.0,0.2593342521567014,0.714485862315156
1979-08-21,1.0,0.2606989851484298,0.699951862090578
1979-08-22,1.0,0.21604445728559676,0.6908688669320763
1979-08-23,1.0,0.230310197770413,0.7776070352814342
1979-08-24,1.0,0.2139833768311525,0.7586990320346663
1979-08-28,1.0,0.20224798285539977,0.7352452238235699
1979-08-29,1.0,0.2285855694275269,0.7327677468688695
1979-08-30,1.0,0.20915686774956077,0.719124667648061
1979-08-31,1.0,0.21837179102723364,0.7346313701711551
1979-09-03,1.0,0.2021757983253519,0.6739728203664623
1979-09-04,1.0,0.19189100781010526,0.6511587667501854
1979-09-05,1.0,0.22302196337558344,0.6084684306143878
1979-09-06,1.0,0.20467297236412244,0.6002273475484902
1979-09-07,1.0,0.23332998606321148,0.6468427597448391
1979-09-10,1.0,0.24287037973392575,0.5890233558548876
1979-09-11,1.0,0.23909807259603652,0.5600579815868859
1979-09-12,1.0,0.23499825061161955,0.5230124751291366
1979-09-13,1.0,0.26447600270443766,0.5339794830385864
1979-09-14,1.0,0.21885443559838447,0.4178034257676311
1979-09-17,1.0,0.20353536140383496,0.46497837224985056
1979-09-18,1.0,0.17027321827778014,0.5062474685143489
1979-09-19,1.0,0.19008268905332157,0.6504758508836048
1979-09-20,1.0,0.18844313253478423,0.5295016623043596
1979-09-21,1.0,0.21344901430127322,0.6484824247331514
1979-09-24,1.0,0.21044496797708243,0.5713224166838597
1979-09-25,1.0,0.23701032769821623,0.7024080615126906
1979-09-26,1.0,0.26775234677794135,0.6210635300560037
1979-09-27,1.0,0.1757683148658036,0.5717610309017622
1979-09-28,1.0,0.17474097722027715,0.6052584373596691
1979-10-01,1.0,0.2106486959689539,0.5457624434398526
1979-10-02,1.0,0.27260418148260945,0.5595302810853934
1979-10-03,1.0,0.4555968658182049,0.8263429233240376
1979-10-04,1.0,0.4260843953109001,0.8841020996731681
1979-10-05,1.0,0.49801666547340956,0.7880598466502505
1979-10-08,1.0,0.49456510289421046,0.8816256342429878
1979-10-09,1.0,0.4535391256097915,0.8371630561753564
1979-10-10,1.0,0.37822081660228707,0.8199016310265772
1979-10-11,1.0,0.43933898540063676,0.9102030694038198
1979-10-12,1.0,0.5133540701193494,0.8976571287596293
1979-10-15,1.0,0.529269525425249,0.865918708385491
1979-10-16,1.0,0.656333207437229,0.922657137156875
1979-10-17,1.0,0.6642358370655252,0.9296681205896263
1979-10-18,1.0,0.7859455475491149,0.9062729874173165
1979-10-19,1.0,0.7714267376151009,0.8520748619176949
1979-10-22,1.0,0.6320042484235124,0.8837680009769622
1979-10-23,1.0,0.5906685112770079,0.8944708628117822
1979-10-24,1.0,0.5961900756984985,0.8651474778543466
1979-10-25,1.0,0.5335366680262054,0.8649711205381411
1979-10-26,1.0,0.5092243423990168,0.9370586689874136
1979-10-29,1.0,0.5893451646053074,0.9199066702238874
1979-10-30,1.0,0.6043043894963243,0.9034780395868479
1979-10-31,1.0,0.5361565206698559,0.835071602324531
1979-11-01,1.0,0.5807163747333393,0.7992808584950682
1979-11-02,1.0,0.585862425613282,0.810681913013908
1979-11-05,1.0,0.5822302827167611,0.7020523648299295
1979-11-06,1.0,0.6124320289613292,0.7200147890508132
1979-11-07,1.0,0.5711225671809473,0.5759861190864548
1979-11-08,1.0,0.5747220903068666,0.6417782546603652
1979-11-09,1.0,0.6011050822263524,0.5077484716670341
1979-11-12,1.0,0.5687466202560112,0.47240137598265713
1979-11-13,1.0,0.5874853109596356,0.5711119228031569
1979-11-14,1.0,0.55888291871977,0.49644401315865283
1979-11-15,1.0,0.5469526764507928,0.5076113050741434
1979-11-16,1.0,0.5274662109887104,0.42244636463296287
1979-11-19,1.0,0.5146658742612289,0.4992292754675539
1979-11-20,1.0,0.44651918401266627,0.49566600391836696
1979-11-21,1.0,0.5179941132446032,0.4347364360679137
1979-11-22,1.0,0.4715286009480534,0.5156739351451404
1979-11-23,1.0,0.45279648281393636,0.3645372668128399
1979-11-26,1.0,0.4854591599004116,0.32500691414724026
1979-11-27,1.0,0.47948237320027925,0.3389116501810088
1979-11-28,1.0,0.4517197896416465,0.4315172709257358
1979-11-29,1.0,0.4364747267963043,0.47631417483959554
1979-11-30,1.0,0.42181099492829577,0.4143656703296856
1979-12-03,1.0,0.3868279821094199,0.48177274030301537
1979-12-04,1.0,0.40035000744139393,0.49842907710366036
1979-12-05,1.0,0.38397249824846374,0.5689085923286076
1979-12-06,1.0,0.33934993644882805,0.4646727552255859
1979-12-07,1.0,0.30689683838428183,0.5601959785352135
1979-12-10,1.0,0.2796188037661641,0.5987264859040242
1979-12-11,1.0,0.27361046618487267,0.5367166061219248
1979-12-12,1.0,0.2207878376217507,0.5734633273740567
1979-12-13,1.0,0.13096707880970734,0.5266175676074139
1979-12-14,1.0,0.057839248374831204,0.5349786958259575
1979-12-17,1.0,0.025237932589862754,0.5157354364365984
1979-12-18,1.0,0.0987411061451509,0.5094945050123376
1979-12-19,1.0,0.13838143403985895,0.442752491093045
1979-12-20,1.0,0.10747916051811163,0.6517470402085519
1979-12-21,1.0,0.16550010808316476,0.5169799615712641
1979-12-28,1.0,0.06658111136346453,0.611923455923748
1980-01-02,0.0,-0.09754681683603755,0.7397122560507465
1980-01-03,0.0,-0.2673847323881063,0.8374839750623555
1980-01-04,0.0,-0.1823215567939546,0.9608432333976892
1980-01-07,0.0,-0.247712848698427,0.8605943390649383
1980-01-08,0.0,-0.18002910450457738,0.947581092393621
1980-01-09,0.0,-0.19325062732614504,0.9428892246538668
1980-01-10,0.0,-0.21597432130577032,0.9581675178541208
1980-01-11,0.0,-0.16545023508119164,0.8855275738227136
1980-01-14,0.0,-0.17507514827318746,0.835777362078539
1980-01-15,0.0,-0.2626567048848406,0.8067078712493378
1980-01-16,0.0,-0.3594984752263389,0.7212142001653635
1980-01-17,0.0,-0.34766800938194764,0.8361083651310727
1980-01-18,0.0,-0.517836168252208,0.6187896093446702
1980-01-21,0.0,-0.491407537908889,0.7540208779540482
1980-01-22,0.0,-0.3629902430432053,0.9874974517704744
1980-01-23,0.0,-0.2985805744997597,0.9825276800411713
1980-01-24,0.0,-0.3485391713121549,0.957490545590277
1980-01-25,0.0,-0.2848915583826568,0.9885113692588321
1980-01-28,0.0,-0.2086260446806896,0.9933332945171554
1980-01-29,0.0,-0.268075760962926,0.9625109316075288
1980-01-30,0.0,-0.2254979850741127,0.9759974996147026
1980-01-31,0.0,-0.21960845949440175,0.9894392860487665
1980-02-01,0.0,-0.2751956818003984,0.9570770902380757
1980-02-04,0.0,-0.25692926616523515,0.9617167330845287
1980-02-05,0.0,-0.33062426673878975,0.9331624274071213
1980-02-06,0.0,-0.3245548155195643,0.9147915103273871
1980-02-07,0.0,-0.31070762106950583,0.9529242176710484
1980-02-08,0.0,-0.305175229899298,0.9497337168474955
1980-02-11,0.0,-0.3203467955857941,0.922991148431502
1980-02-12,0.0,-0.31221870968594245,0.9668562264459789
1980-02-13,0.0,-0.3056636104630146,0.9509847547485296
1980-02-14,0.0,-0.2867050328039543,0.9578268516313276
1980-02-15,0.0,-0.239391783324,0.9430534283465919
1980-02-18,0.0,-0.24646710904658123,0.9492127246476191
1980-02-19,0.0,-0.23335263545714455,0.8000377139384687
1980-02-20,0.0,-0.16514322025887013,0.9243609745110555
1980-02-21,0.0,-0.2697978401953601,0.8611550136955611
1980-02-22,0.0,-0.20446979001696547,0.9435088905591527
1980-02-25,0.0,-0.20745222151953419,0.8969073146473526
1980-02-26,0.0,-0.22811892863298144,0.7954633052132692
1980-02-27,0.0,-0.21142008761815062,0.8382945219623166
1980-02-28,0.0,-0.2045481722085717,0.7990755161493555
1980-02-29,0.0,-0.20371037077571882,0.8117508642173903
1980-03-03,0.0,-0.16845366501758943,0.8075015642664986
1980-03-04,0.0,-0.11709020641107169,0.8448955914474526
1980-03-05,0.0,-0.1524685936442735,0.7898547565240583
1980-03-06,0.0,-0.09108588786523317,0.8844784694356481
1980-03-07,0.0,-0.04577746552749594,0.8919706205362085
1980-03-10,1.0,0.020305266160745523,0.9119078598987171
1980-03-11,1.0,0.08967478590123092,0.9159612525230555
1980-03-12,1.0,0.03076648483907837,0.9130836843045614
1980-03-13,1.0,0.06857349634975025,0.9632651855795601
1980-03-14,1.0,0.12054107283484221,0.9732065292346395
1980-03-17,1.0,0.22874765366850608,0.9854910031745907
1980-03-18,1.0,0.21165517430744957,0.9766341311545257
1980-03-19,1.0,0.11588369985273093,0.9744849877715649
1980-03-20,1.0,0.07136675984211374,0.9723821771528479
1980-03-21,1.0,0.1318633355238256,0.9882751252240852
1980-03-24,1.0,0.07694445477509253,0.9680645956524959
1980-03-25,1.0,0.08617350513499845,0.9866237723761275
1980-03-26,1.0,0.17242048581124308,0.9972543131479256
1980-03-27,1.0,0.24907940628974312,0.9982028673548259
1980-03-28,1.0,0.24254593846096012,0.9958025826165273
1980-03-31,1.0,0.25400712596981434,0.9971462486765348
1980-04-01,1.0,0.24891268040149717,0.9970099026580479
1980-04-02,1.0,0.27663223626519595,0.9981701468216546
1980-04-03,1.0,0.30881589529746095,0.9985346844020498
1980-04-08,1.0,0.2284325700660007,0.9981687870431312
1980-04-09,1.0,0.18487545287147955,0.9991396418772512
1980-04-10,1.0,0.23823817753669477,0.9997186870984701
1980-04-11,1.0,0.25924187148668854,0.9994833718988858
1980-04-14,1.0,0.2363639398232734,0.9991799483586041
1980-04-15,1.0,0.27732713714420343,0.9996670765869747
1980-04-16,1.0,0.24896123434015077,0.9986349662050531
1980-04-17,1.0,0.23669651771891329,0.9980551027663248
1980-04-18,1.0,0.1835814300041648,0.9957555562765313
1980-04-21,1.0,0.21081490042759615,0.9962707324182088
1980-04-22,1.0,0.22194857009254285,0.9926563934156374
1980-04-23,1.0,0.1793556623805763,0.9904528004706201
1980-04-24,1.0,0.18015386744521886,0.9883356974279938
1980-04-25,1.0,0.1057230972426543,0.9736209014452243
1980-04-28,1.0,0.18573331080754024,0.9879993092814686
1980-04-29,1.0,0.224407958427175,0.9831760214874392
1980-04-30,1.0,0.2296858105541281,0.9803759630191213
1980-05-01,1.0,0.27251663593150915,0.9939003144309616
1980-05-02,1.0,0.23265911005357529,0.989763807579075
1980-05-06,1.0,0.20483054568787726,0.9883092216770815
1980-05-07,1.0,0.18599128568291698,0.9802574224493041
1980-05-08,1.0,0.1873179407878182,0.9773817060562512
1980-05-09,1.0,0.2159361350127112,0.9688837006349355
1980-05-12,1.0,0.20575009950593123,0.9712860216876443
1980-05-13,1.0,0.2038173729981866,0.9709176091036069
1980-05-14,1.0,0.1815275908927782,0.9148042985162195
1980-05-15,1.0,0.19767694487714932,0.9361899991302951
1980-05-16,1.0,0.17779373534569454,0.9100441212088681
1980-05-19,1.0,0.163491692220397,0.9103056936995264
1980-05-20,1.0,0.19203948881067118,0.9184304163011149
1980-05-21,1.0,0.1981003417314856,0.8839492303884552
1980-05-22,1.0,0.22034522848076754,0.9262104943240983
1980-05-23,1.0,0.18028198847526572,0.900908651063633
1980-05-27,1.0,0.1923718926474561,0.828715881485972
1980-05-28,1.0,0.18697988901075768,0.684272844763763
1980-05-29,1.0,0.21657855380227864,0.76938030563774
1980-05-30,1.0,0.17701650456426143,0.7038962783096122
1980-06-02,1.0,0.11328098031466664,0.5915270430985766
1980-06-03,1.0,0.1373588999928279,0.6883469304353637
1980-06-04,1.0,0.10583284503762208,0.5978471604794062
1980-06-05,1.0,0.08166117840716841,0.514165772559101
1980-06-06,1.0,0.05181660802134689,0.5377905005042075
1980-06-09,1.0,0.025718529287989036,0.6464957175914594
1980-06-10,1.0,0.052802915924751455,0.7743759059166999
1980-06-11,1.0,0.08249195156629717,0.7327442481020405
1980-06-12,1.0,0.09838710530880414,0.6851462182545587
1980-06-13,1.0,0.09942578013801183,0.5162172767386431
1980-06-16,1.0,0.11946229717610345,0.6832227754742624
1980-06-17,1.0,0.1485219768139324,0.6143643080014399
1980-06-18,1.0,0.112142445547497,0.533684429913302
1980-06-19,1.0,0.13488690088691982,0.49832300057865775
1980-06-20,1.0,0.10028879412340354,0.4406117963756199
1980-06-23,1.0,0.1132089319986749,0.4664841855198592
1980-06-24,1.0,0.10982813291754229,0.2934269164754976
1980-06-25,1.0,0.07651471218428688,0.22362535211495715
1980-06-26,1.0,0.0762787813466746,0.20986946159753087
1980-06-27,1.0,0.10771069300277993,0.21399563359374188
1980-06-30,1.0,0.08432989673896427,0.19943560480226685
1980-07-01,1.0,0.07372911251668401,0.15799470310300373
1980-07-02,1.0,0.053350888861421225,0.14980324724295238
1980-07-03,1.0,0.05176417069704665,0.1526610981637542
1980-07-04,1.0,0.018949108687693724,0.1683962989773146
1980-07-07,0.0,-0.0011242272122809914,0.12183448719333977
1980-07-08,0.0,-0.008032171697264267,0.1029015895411767
1980-07-09,0.0,-0.007854912277640225,0.17090979001523643
1980-07-10,1.0,0.006074430219529086,0.13614574546527636
1980-07-11,1.0,0.012663111484629803,0.10390628500813545
1980-07-14,1.0,0.04239613951904102,0.13925352411973244
1980-07-15,1.0,0.08875857184307794,0.31357244589492367
1980-07-16,1.0,0.09934002787624326,0.1750808085784542
1980-07-17,1.0,0.0884385499363635,0.168276341542436
1980-07-18,1.0,0.11484509744326571,0.30833552980777457
1980-07-21,1.0,0.07935732803986567,0.2164329450627127
1980-07-22,1.0,0.10078235200418408,0.28561258207791507
1980-07-23,1.0,0.06552813032273751,0.19240556051506463
1980-07-24,1.0,0.04187897848411373,0.20285142840743667
1980-07-25,1.0,0.008022965670999464,0.20268393822798514
1980-07-28,1.0,0.013889112160667093,0.21636816471196843
1980-07-29,1.0,0.020280013954332626,0.18225077777121806
1980-07-30,1.0,0.008706030454001791,0.31213397731290643
1980-07-31,1.0,0.030068410742887585,0.37507664894106024
1980-08-01,1.0,0.02422195051704533,0.3025875165935795
1980-08-04,1.0,0.0015841587471363858,0.29613198198892954
1980-08-05,1.0,0.02118557069937929,0.31462152080985084
1980-08-06,1.0,0.02322481873168053,0.2822386457715669
1980-08-07,0.0,-0.0007945967839613417,0.24541189334762512
1980-08-08,1.0,0.016529301951210506,0.25366128739116006
1980-08-11,1.0,0.04593047987721412,0.31830462548116883
1980-08-12,1.0,0.07481610389581159,0.2665714733836377
1980-08-13,1.0,0.02686070487569209,0.2062673255624318
1980-08-14,0.0,-0.04910970403474872,0.1928035394168928
1980-08-15,0.0,-0.019402387146750365,0.1498613291978814
1980-08-18,0.0,-0.022714170834249304,0.22229010812434996
1980-08-19,0.0,-0.007237667300230502,0.15051269046465177
1980-08-20,0.0,-0.02029112784560833,0.15549548680324257
1980-08-21,0.0,-0.05208889617984121,0.16753601879973426
1980-08-22,0.0,-0.043893692129283936,0.20200230170756792
1980-08-26,0.0,-0.0157874818085685,0.25438756148808084
1980-08-27,0.0,-0.006489418152016115,0.24713888200051326
1980-08-28,0.0,-0.007584172867513261,0.2881557610126813
1980-08-29,1.0,0.00552923999521824,0.32796359144258835
1980-09-01,1.0,0.0035721411272642183,0.33523431581260466
1980-09-02,0.0,-0.03781545099681768,0.33228859409646666
1980-09-03,0.0,-0.021830595072113212,0.30933853177515735
1980-09-04,0.0,-0.03979252589246756,0.2966994923118621
1980-09-05,0.0,-0.04919347129326936,0.2913593600556318
1980-09-08,0.0,-0.056633341630457926,0.2956310021189282
1980-09-09,0.0,-0.0670771620888125,0.28692092647145034
1980-09-10,0.0,-0.0902610399614941,0.20291650855315518
1980-09-11,0.0,-0.06513216912176122,0.2937574843917093
1980-09-12,0.0,-0.10487437077708026,0.242321772847316
1980-09-15,0.0,-0.09846594168394847,0.32824648856598326
1980-09-16,0.0,-0.14298569596365052,0.23780769165619978
1980-09-17,0.0,-0.18738636726341681,0.26562264249365614
1980-09-18,0.0,-0.17742286073630792,0.29525624960320707
1980-09-19,0.0,-0.15192763333931184,0.37291263405367064
1980-09-22,0.0,-0.23554406451266485,0.3783009210172641
1980-09-23,0.0,-0.21143320164130358,0.45418478286630753
1980-09-24,0.0,-0.21421101096773,0.42047097297033026
1980-09-25,0.0,-0.19349083161908107,0.45607623939287295
1980-09-26,0.0,-0.16115187528624186,0.4050026509142203
1980-09-29,0.0,-0.11990158294164702,0.49713991843760136
1980-09-30,0.0,-0.11595680771327266,0.5754368071953337
1980-10-01,0.0,-0.1453309395556777,0.5570014551291625
1980-10-02,0.0,-0.10815994088837592,0.6366145171370927
1980-10-03,0.0,-0.09731825064788627,0.6396507928089596
1980-10-06,0.0,-0.143841310168397,0.5532376689585159
1980-10-07,0.0,-0.16543333876543292,0.4737327426017877
1980-10-08,0.0,-0.15853002375778485,0.4047571641842009
1980-10-09,0.0,-0.205189747697614,0.30650800010630835
1980-10-10,0.0,-0.19694825539605357,0.3708816838599503
1980-10-13,0.0,-0.20005791279698062,0.36435942360733176
1980-10-14,0.0,-0.1567719133071325,0.3861765361419866
1980-10-15,0.0,-0.18987211454007785,0.3330004612863148
1980-10-16,0.0,-0.17331182152466867,0.40866554477987427
1980-10-17,0.0,-0.1765218528280421,0.394882590487856
1980-10-20,0.0,-0.1281101498122331,0.38867927658079443
1980-10-21,0.0,-0.14575688769878958,0.3540569333267139
1980-10-22,0.0,-0.1768818334981364,0.39705922498245794
1980-10-23,0.0,-0.18279448184415004,0.5059398399092461
1980-10-24,0.0,-0.18897873782313407,0.42454357604235937
1980-10-27,0.0,-0.19662501294563325,0.4146451915154692
1980-10-28,0.0,-0.24646443005297194,0.4266500702067928
1980-10-29,0.0,-0.24017440241561558,0.35442547183063505
1980-10-30,0.0,-0.26384395789583853,0.32875395892562037
1980-10-31,0.0,-0.2574083617677845,0.3888687672853868
1980-11-03,0.0,-0.23769069206142912,0.36032922086240277
1980-11-04,0.0,-0.25919591438070877,0.33450315973548245
1980-11-05,0.0,-0.2644369631713777,0.31785047418508505
1980-11-06,0.0,-0.20958868313429418,0.44197962252196327
1980-11-07,0.0,-0.13737385652606773,0.6060549487211909
1980-11-10,0.0,-0.2009428413340172,0.5976480678382172
1980-11-11,0.0,-0.1995110599215722,0.6434397047238875
1980-11-12,0.0,-0.23145076148197596,0.6436232696609935
1980-11-13,0.0,-0.2380246276627238,0.6784906388992832
1980-11-14,0.0,-0.20144196787295438,0.6598725843153924
1980-11-17,0.0,-0.19176527304742122,0.6767446001338533
1980-11-18,0.0,-0.20701820816469518,0.6200250961213655
1980-11-19,0.0,-0.2079753298410384,0.671071953812983
1980-11-20,0.0,-0.2289095480029841,0.6394909918482449
1980-11-21,0.0,-0.23264105048504866,0.57916005417961
1980-11-24,0.0,-0.23169826378593789,0.6247011717013263
1980-11-25,0.0,-0.22517400886459177,0.6780625235377914
1980-11-26,0.0,-0.24218402931258107,0.6740900946970887
1980-11-27,0.0,-0.28982799602205767,0.7102478316995813
1980-11-28,0.0,-0.2744580768988822,0.6766906686175628
1980-12-01,0.0,-0.3105129021755698,0.7203019184324911
1980-12-03,0.0,-0.3064644866900138,0.7454953908511034
1980-12-04,0.0,-0.29501592757763434,0.7578611970163841
1980-12-05,0.0,-0.28636333297542216,0.7339129531965711
1980-12-08,0.0,-0.23649678983761874,0.7049815055937363
1980-12-09,0.0,-0.2376312714939042,0.6920197267866355
1980-12-10,0.0,-0.19169174508153924,0.7146740062973208
1980-12-11,0.0,-0.12588024588900282,0.6965517338915217
1980-12-12,0.0,-0.11872750640633221,0.6439917893585583
1980-12-15,0.0,-0.16028633267027056,0.6644521288152958
1980-12-16,0.0,-0.10318423623523075,0.752684744113094
1980-12-17,0.0,-0.12082850244356587,0.7259296518655508
1980-12-18,0.0,-0.10419873800754775,0.6897262279808621
1980-12-19,0.0,-0.08906882805964055,0.7126864250175875
1980-12-22,0.0,-0.10354067894084033,0.7498248671202671
1980-12-23,0.0,-0.1319913816585486,0.7428564426152499
1980-12-29,0.0,-0.09581557065066157,0.7105050431674711
1980-12-30,0.0,-0.09044707686982685,0.698721540579513
1981-01-05,0.0,-0.12650295223163555,0.7470376119475397
1981-01-06,0.0,-0.15394210750404935,0.8395656151286238
1981-01-07,0.0,-0.12890231869878996,0.9182503650313729
1981-01-08,0.0,-0.10106835310400886,0.8896257100525226
1981-01-09,0.0,-0.09955978508956725,0.912794721504744
1981-01-12,0.0,-0.051574285350856786,0.9281960303974697
1981-01-13,0.0,-0.09012595125377508,0.9200199371148479
1981-01-14,0.0,-0.09020195522698482,0.9118273406800227
1981-01-15,0.0,-0.1276743131351261,0.8854256976926108
1981-01-16,0.0,-0.12775231452678137,0.915128286050976
1981-01-19,0.0,-0.17923853299100226,0.9071268922777559
1981-01-20,0.0,-0.15148519624111845,0.9418238780336599
1981-01-21,0.0,-0.19363094223146668,0.9064026831971463
1981-01-22,0.0,-0.15607333071901822,0.9544278104410364
1981-01-23,0.0,-0.1394907314165736,0.9772751463553667
1981-01-26,0.0,-0.05343670422542749,0.9427820071527444
1981-01-27,0.0,-0.07015221283820469,0.9072571762672264
1981-01-28,0.0,-0.05698987924782478,0.9317501923672938
1981-01-29,0.0,-0.022012662562758918,0.9015011876846749
1981-01-30,0.0,-0.04802540238011425,0.8653673098264558
1981-02-02,0.0,-0.033482396267679335,0.9035100343346586
1981-02-03,0.0,-0.007223973624032275,0.8929818658273604
1981-02-04,0.0,-0.03526813883745799,0.8967645014689993
1981-02-05,0.0,-0.04566066296098234,0.9085976420401601
1981-02-06,0.0,-0.03766348470467494,0.9163477332771164
1981-02-09,0.0,-0.07021312789218077,0.9072849727340524
1981-02-10,0.0,-0.06717272228173266,0.9014878359810005
1981-02-11,0.0,-0.016096927042174667,0.9242310564012036
1981-02-12,0.0,-0.012830558359823987,0.8941479887045484
1981-02-13,0.0,-0.014860637300115997,0.9162141597552499
1981-02-16,0.0,-0.028447741982198908,0.9185418183290189
1981-02-17,0.0,-0.03195808360844441,0.9286188467928752
1981-02-18,0.0,-0.047133121980884096,0.9301189637203401
1981-02-19,0.0,-0.044180833281720566,0.9215998479101144
1981-02-20,0.0,-0.06408245050387182,0.9252928731479666
1981-02-23,0.0,-0.05428880336734897,0.9145259484262384
1981-02-24,0.0,-0.06202346256117229,0.8615145286390677
1981-02-25,0.0,-0.07034957846787679,0.8967232681649351
1981-02-26,0.0,-0.05268493407047607,0.8240932333242718
1981-02-27,0.0,-0.020661892063956744,0.8093762405057583
1981-03-02,1.0,0.029110285208632188,0.8757188238542724
1981-03-03,1.0,0.02567602407202247,0.8562347008333091
1981-03-04,1.0,0.018095224977954835,0.8747458889693898
1981-03-05,1.0,0.02777956410707567,0.8611642709370853
1981-03-06,0.0,-0.009682700716417388,0.8665249879446646
1981-03-09,0.0,-0.030508119331982893,0.8518016667741185
1981-03-10,0.0,-0.028625425761537225,0.8706531743663182
1981-03-11,0.0,-0.03363007074554917,0.8537661931309111
1981-03-12,0.0,-0.027035836969095887,0.7878424468978444
1981-03-13,0.0,-0.058055516259492936,0.7366529268254042
1981-03-16,0.0,-0.05712898779495401,0.7470582638913134
1981-03-17,0.0,-0.04562740614050426,0.8048066403808894
1981-03-18,0.0,-0.09205461534455875,0.729697889680287
1981-03-19,0.0,-0.09938710663902212,0.7027564287946972
1981-03-20,0.0,-0.1185089885013325,0.6720539757869275
1981-03-23,0.0,-0.1378863260178955,0.7020419501181788
1981-03-24,0.0,-0.14903557916048782,0.806859790160948
1981-03-25,0.0,-0.12383826341886293,0.8534282559037479
1981-03-26,0.0,-0.15507789361645047,0.8172894613580731
1981-03-27,0.0,-0.18781224110140385,0.8574952129163971
1981-03-30,0.0,-0.1749414494963321,0.8262770084542582
1981-03-31,0.0,-0.18086276733029472,0.7556276564513745
1981-04-01,0.0,-0.18827018226369613,0.65358891396067
1981-04-02,0.0,-0.20786149650327027,0.6293633018456208
1981-04-03,0.0,-0.23250848948957328,0.6332294744785686
1981-04-06,0.0,-0.25406159071752,0.6275945344960143
1981-04-07,0.0,-0.24191365399620018,0.635056288157821
1981-04-08,0.0,-0.2275781483820755,0.5325319403046589
1981-04-09,0.0,-0.23476650288184292,0.6564279216511751
1981-04-10,0.0,-0.19455412522958895,0.680737540428733
1981-04-13,0.0,-0.12879329478973867,0.6631409780277466
1981-04-14,0.0,-0.15656906069153992,0.6023998066036933
1981-04-15,0.0,-0.16886914056841812,0.633411823604418
1981-04-16,0.0,-0.15735095933933232,0.5241227885916265
1981-04-21,0.0,-0.1397879302388278,0.5344316172889512
1981-04-22,0.0,-0.18832758085416648,0.4465456730872454
1981-04-23,0.0,-0.16910326570810175,0.5127065990967133
1981-04-24,0.0,-0.1971939914610342,0.4544112553753052
1981-04-27,0.0,-0.16020763353544823,0.3705498854292122
1981-04-28,0.0,-0.1688446798075006,0.3789640929619452
1981-04-29,0.0,-0.15799952992493965,0.3951458297504099
1981-04-30,0.0,-0.16639519909716063,0.3924650067027417
1981-05-01,0.0,-0.19408275705108552,0.3937506807836121
1981-05-05,0.0,-0.16886914056841812,0.39849363505962576
1981-05-06,0.0,-0.17159095444886766,0.3912930786645259
1981-05-07,0.0,-0.19655104589791927,0.4042525237211938
1981-05-08,0.0,-0.21634734640318656,0.42357516786835553
1981-05-11,0.0,-0.2282274463514822,0.37705312775313
1981-05-12,0.0,-0.2076393647782445,0.36873541685079175
1981-05-13,0.0,-0.19803549687027988,0.3729893593845709
1981-05-14,0.0,-0.190751532954414,0.3472109532263795
1981-05-15,0.0,-0.19018746363091407,0.3435543638457883
1981-05-18,0.0,-0.14314076300356565,0.3477820475103019
1981-05-19,0.0,-0.16747898375602568,0.3524022076155185
1981-05-20,0.0,-0.14981754192677654,0.3484657840562657
1981-05-21,0.0,-0.14350578391751664,0.3181422932108929
1981-05-22,0.0,-0.11831199626115284,0.31862142100314417
1981-05-26,0.0,-0.07799050976391587,0.30134956331302326
1981-05-27,0.0,-0.08433686349381508,0.2700399988845576
1981-05-28,0.0,-0.10907885598660512,0.24508167824310437
1981-05-29,0.0,-0.12721706788974205,0.19795921799415664
1981-06-01,0.0,-0.16498690046450126,0.20803369667914548
1981-06-02,0.0,-0.13534134786976212,0.23750759868757568
1981-06-03,0.0,-0.14184524899223291,0.20647806601733315
1981-06-04,0.0,-0.08338160893905101,0.2630977060773206
1981-06-05,0.0,-0.08740671204123056,0.29807795048746566
1981-06-08,0.0,-0.09636670393852481,0.30017933237195493
1981-06-09,0.0,-0.053524480415704664,0.3573163240416833
1981-06-10,0.0,-0.056937178397128495,0.35680481850456036
1981-06-11,0.0,-0.061634824953158314,0.4076610919014157
1981-06-12,0.0,-0.07247957251038406,0.43826862853346515
1981-06-15,0.0,-0.07602778974805456,0.43847100899486807
1981-06-16,0.0,-0.02190668108586677,0.44801127452755973
1981-06-17,0.0,-0.03414428598550055,0.4277887888525743
1981-06-18,0.0,-0.017028700413454455,0.4454272447502778
1981-06-19,0.0,-0.004922077205428332,0.4272917150351574
1981-06-22,0.0,-0.028542003339484548,0.44805347364240466
1981-06-23,0.0,-0.01620781022685331,0.4292818148713561
1981-06-24,0.0,-0.03300629646816997,0.4515617008625944
1981-06-25,1.0,0.037366984689356196,0.5406462729184339
1981-06-26,1.0,0.04425500900404078,0.5043444216634799
1981-06-29,1.0,0.06271470155487341,0.5741090725001112
1981-06-30,1.0,0.04643998682447851,0.6169978647361641
1981-07-01,1.0,0.06535276301238085,0.6568314972430608
1981-07-02,1.0,0.016746802866560388,0.678636443784351
1981-07-03,1.0,0.04198074320147368,0.7029330653412599
1981-07-06,1.0,0.06007812394328342,0.7062637729080165
1981-07-07,1.0,0.0754738819076268,0.6848459695742265
1981-07-08,1.0,0.08952236387078774,0.7088106855393759
1981-07-09,1.0,0.08264287460355937,0.6563139654255539
1981-07-10,1.0,0.06168330843823817,0.6099926151886235
1981-07-13,1.0,0.07574965394983128,0.6548393110854063
1981-07-14,1.0,0.09706015908182468,0.6699134173928636
1981-07-15,1.0,0.09536530811548309,0.6236684833659797
1981-07-16,1.0,0.07205651404474157,0.6828978341190021
1981-07-17,1.0,0.06585542472361902,0.722367017724872
1981-07-20,1.0,0.07415126126002498,0.6560897766769958
1981-07-21,1.0,0.09542213054611541,0.6815101118912925
1981-07-22,1.0,0.07545232067250107,0.6715014962021896
1981-07-23,1.0,0.06859221899039196,0.6624898191488356
1981-07-24,1.0,0.07057852573795757,0.6580695878222378
1981-07-27,1.0,0.04835319671655388,0.6113938702890307
1981-07-28,1.0,0.07726079787425268,0.6587116783439873
1981-07-30,1.0,0.07250854049944153,0.6502035703809105
1981-07-31,1.0,0.048086186667637726,0.6235456431662562
1981-08-03,1.0,0.08518380566258399,0.7198910700731556
1981-08-04,1.0,0.09629720342787046,0.6948529674947079
1981-08-05,1.0,0.07863027806019396,0.6541019169469469
1981-08-06,1.0,0.08233847129023732,0.6339453418741596
1981-08-07,1.0,0.0792194032707827,0.6263562817384849
1981-08-10,1.0,0.08399094706438655,0.6231338384460097
1981-08-11,1.0,0.07272654103900032,0.6216410737746686
1981-08-12,1.0,0.026006193746924335,0.5758637563538231
1981-08-13,1.0,0.050279889722074866,0.6529732653424369
1981-08-14,1.0,0.039756051301925804,0.6091296142901369
1981-08-17,1.0,0.016867869812405484,0.5776357828087371
1981-08-18,0.0,-0.019231361927887644,0.5385500078535673
1981-08-19,0.0,-0.04745849040635808,0.5843289876153867
1981-08-20,0.0,-0.03922071315328127,0.6136147869405002
1981-08-21,0.0,-0.06058824296709381,0.6244260550544685
1981-08-24,0.0,-0.05667065993695745,0.6349416459729003
1981-08-25,0.0,-0.014751343087072728,0.7085532011604838
1981-08-26,0.0,-0.031904546518745226,0.3219207222191561
1981-08-27,0.0,-0.025208835670933395,0.3212134293458588
1981-08-28,0.0,-0.06995858860691034,0.2929271302831152
1981-09-01,0.0,-0.05423199034678833,0.27444517611156705
1981-09-02,0.0,-0.04884830539448399,0.253576552974429
1981-09-03,0.0,-0.06385147198653278,0.25381063904335344
1981-09-04,0.0,-0.06582869700810721,0.25070533139563816
1981-09-07,0.0,-0.051715400704307274,0.26847070804429474
1981-09-08,0.0,-0.08680431621655325,0.2535907217636925
1981-09-09,0.0,-0.07116220291501876,0.2527713268368727
1981-09-10,0.0,-0.08068891125014276,0.25260643950741135
1981-09-11,0.0,-0.046439986824478356,0.2613227619589304
1981-09-14,0.0,-0.07953498801618727,0.2650100531945607
1981-09-15,0.0,-0.09361206102098181,0.268087714823843
1981-09-16,0.0,-0.09025615777205404,0.297345818850825
1981-09-17,0.0,-0.1239293365050775,0.30405811158048895
1981-09-18,0.0,-0.08701137698962981,0.3300948928368658
1981-09-21,0.0,-0.10452184071499968,0.28426767649525336
1981-09-22,0.0,-0.11151215438060534,0.29732297065337066
1981-09-23,0.0,-0.0911021784041198,0.23716321433449922
1981-09-24,0.0,-0.06959329179919523,0.263551417722792
1981-09-25,0.0,-0.08027395897535555,0.2156441088712006
1981-09-28,0.0,-0.026443848549427263,0.43554285245576946
1981-09-29,0.0,-0.07738267025238948,0.37783639586494877
1981-09-30,0.0,-0.06840995103908416,0.36749325433565466
1981-10-01,0.0,-0.10047518411304411,0.34095380965211425
1981-10-02,0.0,-0.09015109699429745,0.3466560702355844
1981-10-05,0.0,-0.11072584334638462,0.3117282395883668
1981-10-06,0.0,-0.09339328233513215,0.34423040438585556
1981-10-07,0.0,-0.10398971352404764,0.33907025821824477
1981-10-08,0.0,-0.11145790387941457,0.3135869006098359
1981-10-09,0.0,-0.12490591767836723,0.3098880992379714
1981-10-12,0.0,-0.14648639188287854,0.325928258266925
1981-10-13,0.0,-0.13055460133587096,0.33461988122540237
1981-10-14,0.0,-0.15621621431432928,0.31003891998783617
1981-10-15,0.0,-0.1755161531651409,0.31888904324892414
1981-10-16,0.0,-0.1570657225609839,0.33463274593279907
1981-10-19,0.0,-0.15565933578661906,0.33202801160212975
1981-10-20,0.0,-0.14242384019023333,0.3097272332067654
1981-10-21,0.0,-0.14390805477020308,0.3456291829292931
1981-10-22,0.0,-0.14287918787117443,0.3071701512410045
1981-10-23,0.0,-0.1366742287239757,0.3319357402202644
1981-10-26,0.0,-0.13554549199622393,0.2649645945041816
1981-10-27,0.0,-0.12680229564509898,0.22018978629507693
1981-10-28,0.0,-0.12087800118349175,0.2127930923583895
1981-10-29,0.0,-0.10157238494409115,0.22316130737305476
1981-10-30,0.0,-0.09835932019884273,0.21088341306989683
1981-11-02,0.0,-0.1249306118519235,0.2020736671199736
1981-11-03,0.0,-0.12177523205728484,0.21044543703127683
1981-11-04,0.0,-0.13179377272598186,0.22437687201327242
1981-11-05,0.0,-0.1102994391364276,0.2521821629445041
1981-11-06,0.0,-0.10841375478552405,0.2349712179812905
1981-11-09,0.0,-0.1236905027870764,0.24124346712753406
1981-11-10,0.0,-0.10046081705202652,0.2610843445280278
1981-11-11,0.0,-0.0752101476606333,0.2772501556970631
1981-11-12,0.0,-0.07963776739669305,0.2757575029819782
1981-11-13,0.0,-0.08866563708565627,0.2645096730650419
1981-11-16,0.0,-0.07444102794364492,0.2718238885056444
1981-11-17,0.0,-0.06074218358548299,0.22314812328317052
1981-11-18,0.0,-0.07654007712233438,0.20130486753882496
1981-11-19,0.0,-0.08248750589508004,0.21289863721236257
1981-11-20,0.0,-0.08373361197532717,0.20748752226968428
1981-11-23,0.0,-0.0854659143312042,0.21718317075926263
1981-11-24,0.0,-0.10070982876224086,0.2055483143472661
1981-11-25,0.0,-0.12122301152882693,0.23423836212933022
1981-11-26,0.0,-0.11107481692126503,0.25328115901268705
1981-11-27,0.0,-0.1265087217963738,0.26118557369105966
1981-11-30,0.0,-0.13750273514870778,0.2501341209849525
1981-12-01,0.0,-0.10812485743197617,0.26362199250166046
1981-12-02,0.0,-0.13960829714169987,0.2718592305918872
1981-12-03,0.0,-0.1840036429769394,0.30538840929228
1981-12-04,0.0,-0.21845970200178344,0.311480127270968
1981-12-07,0.0,-0.2318798623391624,0.3541354478447532
1981-12-08,0.0,-0.2320634078700139,0.31266265406051735
1981-12-09,0.0,-0.20862423998975643,0.32359648761108867
1981-12-10,0.0,-0.20073920034315068,0.36101594828267214
1981-12-11,0.0,-0.23712119997197217,0.3502318245064865
1981-12-14,0.0,-0.29128135648142783,0.3636943124335994
1981-12-15,0.0,-0.24176720055698894,0.3380937405497609
1981-12-16,0.0,-0.2767443080439913,0.3083088789179162
1981-12-17,0.0,-0.26296504550088134,0.3066634038577051
1981-12-18,0.0,-0.27513335684243656,0.33769214859663954
1981-12-21,0.0,-0.24655805290012342,0.14037061495779532
1981-12-22,0.0,-0.19364670615100812,0.16284557605721797
1981-12-23,0.0,-0.18808237422874854,0.1463383446284801
1981-12-29,0.0,-0.18663464225731266,0.14620536444743332
1981-12-30,0.0,-0.20986729227508977,0.14910235643832526
1982-01-04,0.0,-0.21526328988890386,0.15889765436525796
1982-01-05,0.0,-0.21866166451345015,0.1340768735545928
1982-01-06,0.0,-0.22688653759304417,0.14588361894131327
1982-01-07,0.0,-0.1927158701776492,0.13876092440919346
1982-01-08,0.0,-0.19983822923301486,0.1465387633562729
1982-01-11,0.0,-0.140083951716212,0.1499968264343102
1982-01-12,0.0,-0.11858670041072177,0.1379019488471794
1982-01-13,0.0,-0.070874339586657,0.1626351600984215
1982-01-14,0.0,-0.0640494257319875,0.15121926815877743
1982-01-15,0.0,-0.07031213289201417,0.15314971249178697
1982-01-18,0.0,-0.01890670768180514,0.1445042441001375
1982-01-19,0.0,-0.04310431577824936,0.1604563908673097
1982-01-20,0.0,-0.023834972393516635,0.1570451966927796
1982-01-21,0.0,-0.05185336161025538,0.1547817597013483
1982-01-22,0.0,-0.09517765048201841,0.17013686894172594
1982-01-25,0.0,-0.07028979507820558,0.16572936096118057
1982-01-26,0.0,-0.08737363020858856,0.16324372279772548
1982-01-27,0.0,-0.08042479331995228,0.1642152288089862
1982-01-28,0.0,-0.07160383902767181,0.1607959944767771
1982-01-29,0.0,-0.09550399703528342,0.1711766777188459
1982-02-01,0.0,-0.06814625086350241,0.16672663963930073
1982-02-02,0.0,-0.08357657201136913,0.15970531730479673
1982-02-03,0.0,-0.04532395619294576,0.16547871131604977
1982-02-04,0.0,-0.11591182329734792,0.16593892856631945
1982-02-05,0.0,-0.12706475468663714,0.17109368464882566
1982-02-08,0.0,-0.12687626190759915,0.16213928721420973
1982-02-09,0.0,-0.12283208830622157,0.145252886910577
1982-02-10,0.0,-0.14975545092352113,0.13156614752895587
1982-02-11,0.0,-0.1342835551270767,0.1468965560289385
1982-02-12,0.0,-0.12994275906316224,0.15847362140543808
1982-02-15,0.0,-0.12547409513650837,0.13059659148018665
1982-02-16,0.0,-0.11869951145475334,0.12108338949747895
1982-02-17,0.0,-0.0997317050622023,0.12319527047530052
1982-02-18,0.0,-0.08842802592847036,0.13206534888306704
1982-02-19,0.0,-0.07666318434888408,0.13132437330285074
1982-02-22,0.0,-0.06156878737303422,0.13468168627401172
1982-02-23,0.0,-0.06435386598055119,0.1356236326545852
1982-02-24,0.0,-0.0976561409989253,0.1416279868450966
1982-02-25,0.0,-0.1111534025212566,0.1352758842384975
1982-02-26,0.0,-0.09345035491831605,0.15226005268858353
1982-03-01,0.0,-0.10805541623008867,0.13924647713435198
1982-03-02,0.0,-0.10497612203402723,0.11885314979827437
1982-03-03,0.0,-0.10418335248481152,0.1455660894384051
1982-03-04,0.0,-0.08426034361773985,0.16932215309180848
1982-03-05,0.0,-0.06656549618255628,0.18897971844263614
1982-03-08,0.0,-0.03619956281910509,0.2405606713811335
1982-03-09,0.0,-0.012223223230775793,0.2262670319754297
1982-03-10,0.0,-0.012844906488469539,0.2237825486765677
1982-03-11,0.0,-0.01748429184560923,0.22882387664758522
1982-03-12,1.0,0.010769334852364422,0.28471058004388916
1982-03-15,1.0,0.04159092958313226,0.3464279529072616
1982-03-16,0.0,-0.011623532648398927,0.34488874931029767
1982-03-17,0.0,-0.0031695747612790672,0.42493325097097157
1982-03-18,0.0,-0.00941922191649164,0.4076388283121745
1982-03-19,0.0,-0.02160948433285499,0.41345546947763406
1982-03-22,0.0,-0.03828598805017248,0.3685206445788268
1982-03-23,0.0,-0.10392730713361306,0.3972952423328527
1982-03-24,0.0,-0.08735397180609515,0.41995129269288056
1982-03-25,0.0,-0.07522342123758752,0.4399232697304263
1982-03-26,0.0,-0.03794921773458017,0.4345972933564192
1982-03-29,0.0,-0.041672696400568074,0.4268430878520432
1982-03-30,0.0,-0.05303973594998067,0.47052906358188146
1982-03-31,0.0,-0.034979718896026815,0.4882647634989488
1982-04-01,0.0,-0.029482352564507066,0.4498952290296285
1982-04-02,0.0,-0.054872698559092686,0.4390635056386499
1982-04-05,0.0,-0.07616136096556403,0.37480415946411794
1982-04-06,0.0,-0.09162666836269567,0.42770401091781785
1982-04-07,0.0,-0.12950400095454037,0.4230884036060759
1982-04-08,0.0,-0.1361766276596988,0.467618173308786
1982-04-13,0.0,-0.12008412526365209,0.435335883444672
1982-04-14,0.0,-0.11014357909842584,0.4365753194710964
1982-04-15,0.0,-0.05736085528445232,0.48154319521410177
1982-04-16,0.0,-0.028663269511973833,0.414741694061225
1982-04-19,0.0,-0.01197619104671565,0.409069027675098
1982-04-20,1.0,0.020916738051176515,0.44337901370988125
1982-04-21,1.0,0.0007207207519181666,0.4294934016626725
1982-04-22,1.0,0.007220247973487097,0.4466071369915413
1982-04-23,0.0,-0.012857319975237317,0.46520659224030747
1982-04-26,1.0,0.026262739547067013,0.4852554792075538
1982-04-27,1.0,0.0035473609387982347,0.450321503196889
1982-04-28,1.0,0.024382956478210167,0.43451577277741554
1982-04-29,1.0,0.009985817643214264,0.4182724097805693
1982-04-30,0.0,-0.028072018778686376,0.4185220991459905
1982-05-04,1.0,0.015245304342800334,0.545246541710112
1982-05-05,1.0,0.012043029970211743,0.4864211580540166
1982-05-06,1.0,0.02480197990059142,0.48500174057072504
1982-05-07,1.0,0.04839889306692479,0.45681541909572926
1982-05-10,1.0,0.05973024737169923,0.5057083513656382
1982-05-11,1.0,0.041273359908193585,0.4570694514996158
1982-05-12,1.0,0.04425500900404078,0.45586991772726654
1982-05-13,1.0,0.04070114129634836,0.4601102233427892
1982-05-14,1.0,0.00821820090438612,0.4532077617248343
1982-05-17,0.0,-0.000738825301432315,0.45774005357051534
1982-05-18,0.0,-0.013403030127340386,0.4299677223530726
1982-05-19,0.0,-0.021426752491323312,0.40300578051429187
1982-05-20,0.0,-0.01322576221926125,0.39434706440486356
1982-05-21,1.0,0.009555383251729154,0.39020365885820407
1982-05-24,1.0,0.02624822607493641,0.40690651585506865
1982-05-25,1.0,0.08712573458595772,0.40547064473523614
1982-05-26,1.0,0.07690496532161228,0.39888391681180535
1982-05-27,1.0,0.17561704483092333,0.4097604361856957
1982-05-28,1.0,0.19302502289331427,0.3901016608608404
1982-06-01,1.0,0.2462471450284874,0.37939426755436584
1982-06-02,1.0,0.23033895229435117,0.3060320033360795
1982-06-03,1.0,0.2636720737137708,0.31213841128937936
1982-06-04,1.0,0.27107433605212033,0.26545060986359514
1982-06-07,1.0,0.23521490272450987,0.2666464633068182
1982-06-08,1.0,0.20920657712381122,0.24565128185802196
1982-06-09,1.0,0.22864983625723134,0.25191760815867364
1982-06-10,1.0,0.33110206644661916,0.24701531241963143
1982-06-11,1.0,0.3766132043024618,0.21250469896000962
1982-06-14,1.0,0.4052052666100153,0.24920187748219397
1982-06-15,1.0,0.37429654528855183,0.22325191635826955
1982-06-16,1.0,0.38528386024836525,0.22396618884458658
1982-06-17,1.0,0.3825508485852886,0.23844174318642097
1982-06-18,1.0,0.35196752513298435,0.23569487328309946
1982-06-21,1.0,0.42575767378650314,0.3486438274640215
1982-06-22,1.0,0.3771062435480955,0.31820058151864417
1982-06-23,1.0,0.3888809800926291,0.33293199737012147
1982-06-24,1.0,0.35279959595929805,0.3192449915217489
1982-06-25,1.0,0.32837312550268566,0.3269241966867054
1982-06-28,1.0,0.3271372796851612,0.3009158691860273
1982-06-29,1.0,0.36192006389188014,0.2821116604481011
1982-06-30,1.0,0.3168203291248387,0.30896172336000743
1982-07-01,1.0,0.3287296660190312,0.3287432323912141
1982-07-02,1.0,0.27985777734425205,0.32604919523849196
1982-07-05,1.0,0.264009954047454,0.33537989562055315
1982-07-06,1.0,0.2757543054447049,0.37680327008497966
1982-07-07,1.0,0.25790319709616955,0.38252952627397774
1982-07-08,1.0,0.2486527285460457,0.3699393626222728
1982-07-09,1.0,0.16517901086873657,0.43997873065150217
1982-07-12,1.0,0.1290571122296015,0.4963125922649114
1982-07-13,1.0,0.13636425570882682,0.5372073319379002
1982-07-14,1.0,0.1709172991966067,0.5404660445980541
1982-07-15,1.0,0.2120905427853734,0.4457804624572712
1982-07-16,1.0,0.2144604287407489,0.46036467271594295
1982-07-19,1.0,0.2388469432426598,0.4367412251386286
1982-07-20,1.0,0.20939016767659738,0.46363878407602244
1982-07-21,1.0,0.20079471108827895,0.5164939264926597
1982-07-22,1.0,0.20311426943863717,0.5443518713995382
1982-07-23,1.0,0.16461583475383695,0.5301971814215832
1982-07-26,1.0,0.22583686926522517,0.5434000489060087
1982-07-27,1.0,0.18350709338805632,0.5452262305142239
1982-07-28,1.0,0.2202575464250748,0.4602712325657902
1982-07-29,1.0,0.22285153787951686,0.39040518223840004
1982-07-30,1.0,0.1994769505430248,0.3745159339896216
1982-08-02,1.0,0.1766845230651114,0.35968025419337146
1982-08-03,1.0,0.17909516933843184,0.34154032257793915
1982-08-04,1.0,0.18891828236538516,0.330105855872913
1982-08-05,1.0,0.20008020238328672,0.30242499425487107
1982-08-06,1.0,0.21454980532228898,0.3163918724818925
1982-08-09,1.0,0.24899693014054364,0.3187580106616929
1982-08-10,1.0,0.23416902132591752,0.31311448727556734
1982-08-11,1.0,0.241857895196363,0.3099841161888538
1982-08-12,1.0,0.22090055971962827,0.3115330071825773
1982-08-13,1.0,0.1863813519991358,0.3287870468458563
1982-08-16,1.0,0.18024674064718532,0.31575082910511826
1982-08-17,1.0,0.1962872376559263,0.30113827106371593
1982-08-18,1.0,0.11475025600766524,0.31166515522621013
1982-08-19,1.0,0.1096970965603907,0.33948348021745606
1982-08-20,1.0,0.0424248489778415,0.5149651894912738
1982-08-23,1.0,0.03242179239498838,0.5853287834075918
1982-08-24,1.0,0.011581964273612499,0.6287617587152133
1982-08-25,1.0,0.01853048699348828,0.6383991208478081
1982-08-26,1.0,0.0014378147696276391,0.6737367867865672
1982-08-27,0.0,-0.018105503632273354,0.7240886492779822
1982-08-31,0.0,-0.013455860515391889,0.7316132655830617
1982-09-01,1.0,0.009822055635458857,0.726192489044353
1982-09-02,1.0,0.001828711268543813,0.7077612472956002
1982-09-03,0.0,-0.08541425147544737,0.898750519044364
1982-09-06,0.0,-0.0881627875946716,0.933653162985839
1982-09-07,0.0,-0.0982250267567268,0.911264192038057
1982-09-08,0.0,-0.03952643673786943,0.8846337290271413
1982-09-09,0.0,-0.0433063010317971,0.8607793654030782
1982-09-10,0.0,-0.026280517235527462,0.8690453326676315
1982-09-13,1.0,0.01413650909459964,0.852391816832862
1982-09-14,1.0,0.0005502063412529128,0.8059684037034408
1982-09-15,1.0,0.003940337211922941,0.7902408489138815
1982-09-16,0.0,-0.024831975701181636,0.7798562936537426
1982-09-17,0.0,-0.013109335643884357,0.8031054331709944
1982-09-20,1.0,0.033606870665739946,0.7676492473469917
1982-09-21,1.0,0.052300992819495025,0.7695433244786112
1982-09-22,0.0,-0.014184634991956413,0.7851385313794037
1982-09-23,1.0,0.010044599918730367,0.8220823786765127
1982-09-24,1.0,0.013825104991842335,0.7637607088000311
1982-09-27,1.0,0.06208082068504295,0.720811511999677
1982-09-28,1.0,0.07449940414741167,0.709393570146477
1982-09-29,1.0,0.0875705047648894,0.6895205814832251
1982-09-30,1.0,0.11582197605605929,0.6761483252954572
1982-10-01,1.0,0.1358607670763404,0.6244767004733728
1982-10-04,1.0,0.16474869977582407,0.6390496491423721
1982-10-05,1.0,0.14134829451613348,0.6626073025730312
1982-10-06,1.0,0.11668232008019801,0.7281163992943587
1982-10-07,1.0,0.08252102368800344,0.7658082112703014
1982-10-08,1.0,0.07129967758486652,0.8014458766096293
1982-10-11,1.0,0.09742211300746831,0.7694002766107007
1982-10-12,1.0,0.09350582308331434,0.7951047016014814
1982-10-13,1.0,0.1139532299301975,0.812667648789115
1982-10-14,1.0,0.08603433734180316,0.8519464882359367
1982-10-15,1.0,0.11095179171650629,0.8537251066224384
1982-10-18,1.0,0.15189645219766368,0.8162030903849636
1982-10-19,1.0,0.09397087089346857,0.8156612739588608
1982-10-20,1.0,0.16056203973403096,0.8288063384778669
1982-10-21,1.0,0.1191950120157362,0.8383844882012969
1982-10-22,1.0,0.12502569535568633,0.8327611385230231
1982-10-25,1.0,0.12850204421952058,0.804441024761682
1982-10-26,1.0,0.15338371059625722,0.8264180287113274
1982-10-27,1.0,0.1523537341505567,0.7837940424109356
1982-10-28,1.0,0.1715041436182939,0.79736045840157
1982-10-29,1.0,0.15406629520208692,0.7732339160037479
1982-11-01,1.0,0.1562382760929079,0.7360402452716169
1982-11-02,1.0,0.16535712538486685,0.7264250043372565
1982-11-03,1.0,0.1531476707160892,0.718051273585823
1982-11-04,1.0,0.1700829516065756,0.7043446569913351
1982-11-05,1.0,0.17731904511098287,0.7146906402571342
1982-11-08,1.0,0.1854882175943011,0.7070457378462459
1982-11-09,1.0,0.19476670148283726,0.7024474109511532
1982-11-10,1.0,0.1768320645091831,0.6863519382297792
1982-11-11,1.0,0.21199125228070193,0.7200963307416886
1982-11-12,1.0,0.23711583450922588,0.6969215533543145
1982-11-15,1.0,0.21605088174995699,0.7260619494202694
1982-11-16,1.0,0.2228981224259977,0.7574943948561189
1982-11-17,1.0,0.20922900971387892,0.7526723831470576
1982-11-18,1.0,0.2115713428928893,0.7200391028017974
1982-11-19,1.0,0.18705967559018805,0.7339373644034388
1982-11-22,1.0,0.20619191090118066,0.745702926635394
1982-11-23,1.0,0.17882612812964693,0.728856472509913
1982-11-24,1.0,0.1389382519298955,0.7137947763388681
1982-11-25,1.0,0.14593887514215823,0.709189760984238
1982-11-26,1.0,0.10661645912605036,0.7648399976311073
1982-11-29,0.0,-0.060552619800347283,0.8153826579608704
1982-11-30,0.0,-0.05177626952371997,0.837970935220297
1982-12-01,0.0,-0.02355753868870743,0.8106253392896746
1982-12-02,0.0,-0.038257591669538744,0.8177782883504817
1982-12-03,0.0,-0.06737540247277089,0.8128914577772389
1982-12-06,0.0,-0.05659708909885562,0.7872279023405282
1982-12-07,0.0,-0.08491336932662338,0.8237347086714357
1982-12-08,0.0,-0.04363493589686981,0.8137980226309649
1982-12-09,0.0,-0.006305552563276761,0.7958000032187187
1982-12-10,0.0,-0.03562420498712758,0.7649342872653111
1982-12-13,0.0,-0.023639036742241076,0.7273951716310023
1982-12-14,0.0,-0.03371741504578198,0.7623788642543995
1982-12-15,0.0,-0.04320578587553136,0.7909349194193992
1982-12-16,0.0,-0.05545628576941818,0.7541548215000989
1982-12-17,0.0,-0.0355204736695125,0.7416034719649609
1982-12-20,0.0,-0.060269772800965904,0.6849528676840533
1982-12-21,0.0,-0.0486488513733232,0.6944039003828987
1982-12-22,0.0,-0.0869605626904751,0.6640791061321496
1982-12-23,0.0,-0.07027564244774687,0.6145141090777989
1982-12-29,0.0,-0.11189648663761188,0.6314009525823304
1982-12-30,0.0,-0.11136082635776262,0.6006109804292239
1983-01-04,0.0,-0.0865058924719667,0.6353896318937259
1983-01-05,0.0,-0.08261576551659161,0.639239357148925
1983-01-06,0.0,-0.09152198454697966,0.6774484425030664
1983-01-07,0.0,-0.08583904391280633,0.7227536321719287
1983-01-10,0.0,-0.100916583657242,0.7620851696571049
1983-01-11,0.0,-0.1291946503832286,0.8070074990646334
1983-01-12,0.0,-0.13160074674377573,0.7920613015792052
1983-01-13,0.0,-0.13462920808223838,0.8010624104810378
1983-01-14,0.0,-0.11037392403212168,0.7796877773392547
1983-01-17,0.0,-0.1495640896243081,0.7449309193307662
1983-01-18,0.0,-0.10765409464492567,0.7873098535206847
1983-01-19,0.0,-0.1267789784903858,0.6768402398591598
1983-01-20,0.0,-0.09520756834253459,0.7156738190789212
1983-01-21,0.0,-0.09851117381225151,0.6924893822988539
1983-01-24,0.0,-0.09294952297035107,0.6806411649456074
1983-01-25,0.0,-0.10621339417434382,0.6826795423363475
1983-01-26,0.0,-0.10730370653046958,0.6921327547760409
1983-01-27,0.0,-0.11740546344121262,0.6932382905247976
1983-01-28,0.0,-0.1255345199227742,0.7029117963191963
1983-01-31,0.0,-0.1399871929673939,0.6986135213494685
1983-02-01,0.0,-0.17117447745078013,0.6683066023493514
1983-02-02,0.0,-0.1490624593153192,0.6834250639733147
1983-02-03,0.0,-0.1496919159380205,0.6573679904655505
1983-02-04,0.0,-0.14144339534557443,0.6348489865152729
1983-02-07,0.0,-0.12244713381538667,0.6060279150154272
1983-02-08,0.0,-0.14240494938851203,0.6180479903567184
1983-02-09,0.0,-0.12238074490501291,0.6133165758138736
1983-02-10,0.0,-0.11131458593530194,0.5823343714291284
1983-02-11,0.0,-0.129998069748528,0.5639573504815018
1983-02-14,0.0,-0.12940121513760777,0.5851068891754815
1983-02-15,0.0,-0.14332744685940865,0.5841126420260782
1983-02-16,0.0,-0.15324974197197772,0.5911035883181672
1983-02-17,0.0,-0.13558543591496727,0.582203254769479
1983-02-18,0.0,-0.128578435495674,0.6119953031789526
1983-02-21,0.0,-0.13090141217671436,0.5512728428268774
1983-02-22,0.0,-0.10124951295130406,0.6689012001275558
1983-02-23,0.0,-0.08310427412482119,0.6657568884268997
1983-02-24,0.0,-0.08383937960394593,0.6444343502968727
1983-02-25,0.0,-0.050755515401747664,0.686521903956544
1983-02-28,1.0,0.07428281261224931,0.9641611743858217
1983-03-01,1.0,0.054639140073396986,0.9357861645511716
1983-03-02,1.0,0.017291497110061043,0.9339218372812543
1983-03-03,0.0,-0.04646458172595662,0.9438605069263712
1983-03-04,0.0,0.0,0.9362774290916309
1983-03-07,0.0,-0.022229812953790836,0.9265455463260083
1983-03-08,0.0,-0.02363030278978687,0.9386279787441418
1983-03-09,0.0,-0.06234999439254637,0.9367743922984092
1983-03-10,0.0,-0.07583459128770947,0.9371246965015515
1983-03-11,0.0,-0.030790237911879532,0.9348497002466735
1983-03-14,0.0,-0.04108943595825279,0.920966068577474
1983-03-15,0.0,-0.050748351744413965,0.9317273309945188
1983-03-16,0.0,-0.026848873598625058,0.93525655102703
1983-03-17,0.0,-0.020006729756322898,0.936796669051858
1983-03-18,0.0,-0.02217651565134204,0.9298170575542929
1983-03-21,1.0,0.002409639720153108,0.9398249437764838
1983-03-22,0.0,-0.013142363593534476,0.9336505620945168
1983-03-23,1.0,0.011518769372200284,0.9382020912845983
1983-03-24,1.0,0.011961865117499885,0.9425958031920229
1983-03-25,1.0,0.021028110355253017,0.9517592054319729
1983-03-28,1.0,0.03544979188064595,0.917229241376186
1983-03-29,1.0,0.017433564467552523,0.9069038197157082
1983-03-30,0.0,-0.004796172263493055,0.894689316507758
1983-03-31,1.0,0.00024108003974041955,0.9060599185131176
1983-04-05,0.0,-0.025513101413286752,0.8843465898392809
1983-04-06,0.0,-0.029004696743180947,0.9002022918197007
1983-04-07,0.0,-0.023237520686328995,0.9101275719889459
1983-04-08,0.0,-0.025241724749194037,0.9149510547537736
1983-04-11,0.0,-0.036024887930115,0.9198692881043868
1983-04-12,0.0,-0.04853023261661036,0.9196085088168232
1983-04-13,0.0,-0.007600153508214451,0.9376070161908422
1983-04-14,0.0,-0.011547472424771995,0.9276983656779152
1983-04-15,0.0,-0.017331456351639976,0.936457023789082
1983-04-18,0.0,-0.036200448049435334,0.9302899717985141
1983-04-19,0.0,-0.030611688527505183,0.942751270608293
1983-04-20,0.0,-0.026870775573159516,0.9334736854830198
1983-04-21,0.0,-0.039684984733180016,0.9352588432730643
1983-04-22,0.0,-0.030789536400930177,0.9353923989495002
1983-04-25,0.0,-0.030470882839785454,0.937151232295922
1983-04-26,0.0,-0.01329115202959887,0.9428973898763603
1983-04-27,0.0,-0.02506689102910527,0.9410872042310255
1983-04-28,0.0,-0.015285424001822626,0.9485094894561876
1983-04-29,0.0,-0.008774551764156127,0.944354332311742
1983-05-03,0.0,-0.016865767622869957,0.9450741196552784
1983-05-04,0.0,-0.016895246042889816,0.9459874948658044
1983-05-05,0.0,-0.027463017225057174,0.9397702503122174
1983-05-06,0.0,-0.047486666265987895,0.9455418444772157
1983-05-09,0.0,-0.04657487779373261,0.9396621059774068
1983-05-10,0.0,-0.07666812629339094,0.9331174121465274
1983-05-11,0.0,-0.06770379621982128,0.9408819354385787
1983-05-12,0.0,-0.04654708766001729,0.9421811913771074
1983-05-13,0.0,-0.077119693947449,0.9405271337697998
1983-05-16,0.0,-0.05476788055560421,0.9478910502316644
1983-05-17,0.0,-0.07659808942740517,0.9447110765523813
1983-05-18,0.0,-0.07258890760519318,0.9432363847774412
1983-05-19,0.0,-0.07067267547414449,0.9404355331453899
1983-05-20,0.0,-0.05324451451881224,0.9403216967793931
1983-05-23,0.0,-0.02942940564541862,0.9417725172205363
1983-05-24,0.0,-0.033285977633466746,0.9397966526403538
1983-05-25,0.0,-0.04692433375789562,0.9145911310105567
1983-05-26,0.0,-0.05189155943680372,0.3935503963503608
1983-05-27,0.0,-0.03609239247263372,0.4035497304303826
1983-05-31,0.0,-0.025698832946034363,0.4123438896825535
1983-06-01,1.0,0.033576295533604306,0.6902640369722356
1983-06-02,1.0,0.025726815238509077,0.5807048557439211
1983-06-03,1.0,0.013277201681676863,0.6026757996494114
1983-06-06,1.0,0.025066396861396032,0.600185436923954
1983-06-07,1.0,0.03438030442984824,0.5868832969072023
1983-06-08,1.0,0.03318996688018869,0.5793971451493699
1983-06-09,1.0,0.023630302789786835,0.5675478645031415
1983-06-10,1.0,0.01890825285144417,0.5859369876446193
1983-06-13,1.0,0.012631746905900564,0.6064997282955503
1983-06-14,1.0,0.013030690377620937,0.5746715030449003
1983-06-15,1.0,0.01398624197473987,0.5346860560841111
1983-06-16,1.0,0.005439723295818121,0.545889631481969
1983-06-17,1.0,0.0006015037775341097,0.5473464961982019
1983-06-20,0.0,-0.02188537197388985,0.5650985226773126
1983-06-21,0.0,-0.03184592445293192,0.5444884462114077
1983-06-22,0.0,-0.03694031879721728,0.5128581458105355
1983-06-23,0.0,-0.036323605857535135,0.538892319713337
1983-06-24,0.0,-0.026923552652400855,0.5261841252912122
1983-06-27,0.0,-0.017191022627896388,0.5490151979047172
1983-06-28,0.0,-0.011483958181681679,0.54235384442825
1983-06-29,0.0,-0.01726276760917111,0.47601192161461925
1983-06-30,0.0,-0.007237667300230502,0.5328679891256602
1983-07-01,0.0,-0.0030075210639553284,0.5663673952881145
1983-07-04,0.0,-0.009055298821555051,0.5483291458128922
1983-07-05,1.0,0.006914566276841984,0.5472035031309016
1983-07-06,0.0,-0.007069751532971776,0.5716415261019077
1983-07-07,0.0,-0.017742894333169192,0.5914464151241807
1983-07-08,0.0,-0.09086000265092417,0.4708395239683132
1983-07-11,0.0,-0.08986625601032754,0.47497453532682404
1983-07-12,0.0,-0.09659305361721407,0.48592688048016086
1983-07-13,0.0,-0.08101841269776643,0.5241661543902935
1983-07-14,0.0,-0.07008269848001014,0.542211097903083
1983-07-15,0.0,-0.05163612838134022,0.5611610023589295
1983-07-18,0.0,-0.05699131550218817,0.5874763171327487
1983-07-19,0.0,-0.0708910055589086,0.5620672418942971
1983-07-20,0.0,-0.07162329825572492,0.5716866319100811
1983-07-21,0.0,-0.07486899016390429,0.5683776204726443
1983-07-22,0.0,-0.0696677491909872,0.6078298340852104
1983-07-25,0.0,-0.06043950861918642,0.5828941720347826
1983-07-26,0.0,-0.07691403871549501,0.588994200299885
1983-07-27,0.0,-0.08952052065984059,0.5976705816301906
1983-07-28,0.0,-0.07627972217028103,0.6086361130043871
1983-07-29,0.0,-0.06738617375008285,0.6025745806757262
1983-08-01,0.0,-0.03274929679514394,0.6180728370675338
1983-08-02,0.0,-0.05367837446431157,0.6086508256587445
1983-08-03,0.0,-0.06664942555053592,0.6637549078570755
1983-08-04,0.0,-0.06550517176866612,0.6531988650796214
1983-08-05,0.0,-0.09423868735107499,0.610916290173495
1983-08-08,0.0,-0.07825931314720858,0.6280308551776563
1983-08-09,0.0,-0.07541260378038675,0.602897744053466
1983-08-10,0.0,-0.07764713069772554,0.6128122956408563
1983-08-11,0.0,-0.07761699393104879,0.6101630443322862
1983-08-12,0.0,-0.08313915530712018,0.6115670182180967
1983-08-15,0.0,-0.08461041545209162,0.5659117181732365
1983-08-16,0.0,-0.09269579923025406,0.578228957376666
1983-08-17,0.0,-0.10129253550558129,0.5880553748699777
1983-08-18,0.0,-0.098399168835335,0.5130650202544345
1983-08-19,0.0,-0.08789311046935051,0.5307451479293783
1983-08-22,0.0,-0.09572520367415419,0.3197089629441219
1983-08-23,0.0,-0.10669035509971117,0.33255479887245315
1983-08-24,0.0,-0.12080942659887384,0.10254935549717288
1983-08-25,0.0,-0.12037055049967342,0.10857993536071096
1983-08-26,0.0,-0.10749441884152731,0.10132669099315565
1983-08-30,0.0,-0.10480259112257112,0.08074928289992472
1983-08-31,0.0,-0.0975456276735884,0.14265089050514926
1983-09-01,0.0,-0.10386805762268222,0.14071252552137878
1983-09-02,0.0,-0.10442947881461936,0.1425018894984396
1983-09-05,0.0,-0.061124329087878085,0.12978793061875374
1983-09-06,0.0,-0.06609382443607557,0.13545905154522786
1983-09-07,0.0,-0.020165669594594413,0.14622252293472238
1983-09-08,0.0,-0.03627818673019262,0.14908137311697764
1983-09-09,0.0,-0.03433813758089157,0.16043525907272008
1983-09-12,0.0,-0.04551831265621174,0.1544895553409686
1983-09-13,0.0,-0.024262465411956743,0.17758173416924852
1983-09-14,0.0,-0.004990652903558303,0.15907732929961924
1983-09-15,0.0,-0.010542733309216304,0.15257841135108688
1983-09-16,0.0,-0.04218441006202369,0.15693751373175482
1983-09-19,0.0,-0.052283219585345354,0.15721525322613247
1983-09-20,0.0,-0.057779152967514534,0.1507603583889782
1983-09-21,0.0,-0.05562195846113541,0.1475906856981878
1983-09-22,0.0,-0.04771777800767933,0.1521794786422954
1983-09-23,0.0,-0.09053949531307444,0.1410859538037807
1983-09-26,0.0,-0.10135249426028746,0.1409329062442515
1983-09-27,0.0,-0.08647125054282104,0.14411223095352343
1983-09-28,0.0,-0.08841908441899693,0.13478254985546245
1983-09-29,0.0,-0.07583140418690808,0.15318832749940972
1983-09-30,0.0,-0.06899287148695143,0.16641283376674473
1983-10-03,0.0,-0.017112162441200084,0.20414032557384315
1983-10-04,0.0,-0.027046078676811962,0.18774966741272264
1983-10-05,0.0,-0.040608067896270965,0.18846846361333142
1983-10-06,0.0,-0.048758438784362444,0.17620570541055947
1983-10-07,0.0,-0.057350859604145085,0.18314663571891568
1983-10-10,0.0,-0.0933793766757603,0.1726259455848563
1983-10-11,0.0,-0.07208572677295409,0.17099188163850854
1983-10-12,0.0,-0.07084929365420453,0.17137848722700488
1983-10-13,0.0,-0.0786431273191131,0.17065688714131674
1983-10-14,0.0,-0.06608621767975452,0.1801338585253675
1983-10-17,0.0,-0.0647073117532137,0.17137888775671287
1983-10-18,0.0,-0.07716244593527846,0.17251514115495067
1983-10-19,0.0,-0.06758885395519412,0.17581742321909397
1983-10-20,0.0,-0.03924637095517883,0.18448012475937717
1983-10-21,0.0,-0.06010953572623844,0.19233697019244866
1983-10-24,0.0,-0.060474126170623435,0.19280174383709547
1983-10-25,0.0,-0.08628071662284642,0.17949223771782064
1983-10-26,0.0,-0.06879276051565451,0.18941266535549234
1983-10-27,0.0,-0.046581940891128396,0.2171148346804961
1983-10-28,0.0,-0.04685779641837806,0.2068456182775927
1983-10-31,0.0,-0.0323230905726985,0.20498763291825597
1983-11-01,0.0,-0.010645476447952783,0.20442229272228768
1983-11-02,0.0,-0.012744046878607515,0.18230358055903448
1983-11-03,1.0,0.014454916599074564,0.18352855012714675
1983-11-04,1.0,0.005496676579902368,0.1878513640820923
1983-11-07,1.0,0.0034197060815257595,0.1894102032211652
1983-11-08,0.0,-0.006561703333289415,0.1855662638609437
1983-11-09,1.0,0.008449839031309298,0.19067210611215185
1983-11-10,1.0,0.003138077888998799,0.18288520400809152
1983-11-11,0.0,-0.01145276784711832,0.18948865306775825
1983-11-14,0.0,-0.015142826716673568,0.18157204141936129
1983-11-15,0.0,-0.019098374362029047,0.18406651753317643
1983-11-16,0.0,-0.0006525285712775723,0.18924242866427818
1983-11-17,1.0,0.02145807337366806,0.20557057755428387
1983-11-18,1.0,0.01822073117532167,0.2054797041609059
1983-11-21,1.0,0.028300671242950867,0.20695299538292988
1983-11-22,1.0,0.04860042884963309,0.2076896421143267
1983-11-23,1.0,0.05059444745649756,0.20842482597378406
1983-11-24,1.0,0.05882147758596845,0.19200604848146782
1983-11-25,1.0,0.05092763328483086,0.17641582226865604
1983-11-28,0.0,-0.0019041579856898824,0.16572521727411407
1983-11-29,1.0,0.01960227166426404,0.19039567562389859
1983-11-30,0.0,-0.026901841263391405,0.21117990506479414
1983-12-01,0.0,-0.01641450995939131,0.2186025081398979
1983-12-02,0.0,-0.004376374599798888,0.215650663145507
1983-12-05,1.0,0.021417827790359344,0.24076583105502317
1983-12-06,1.0,0.013758816171427747,0.22889217109787233
1983-12-07,0.0,-0.0031318534837939337,0.235567196767826
1983-12-08,0.0,-0.00939562188974377,0.22828348941360602
1983-12-09,1.0,0.028278052359328783,0.2577110077091884
1983-12-12,1.0,0.011435956906758617,0.2669349028944374
1983-12-13,1.0,0.02047245510497535,0.2693457807949083
1983-12-14,1.0,0.027260008095617395,0.2827136220241295
1983-12-15,1.0,0.014682676792484984,0.2621990459316557
1983-12-16,1.0,0.040265179487772335,0.28288763931586003
1983-12-19,1.0,0.04840913920768763,0.2745642626731915
1983-12-20,1.0,0.040811415252446206,0.2669243812441096
1983-12-21,1.0,0.03567405979825975,0.270351880937377
1983-12-22,1.0,0.027206363998440005,0.26417062095458055
1983-12-28,1.0,0.025853378826333706,0.23492307357448045
1983-12-29,1.0,0.012990569795649363,0.19173259269976028
1984-01-03,1.0,0.015158675960306267,0.19946362284423327
1984-01-04,1.0,0.030933693828738354,0.2047436422721106
1984-01-05,1.0,0.0391950888819702,0.19735366167488774
1984-01-06,1.0,0.03470069929413084,0.19327134557212808
1984-01-09,1.0,0.058359304771613066,0.2357021748650348
1984-01-10,1.0,0.026448481663137697,0.2369798565030389
1984-01-11,1.0,0.03342557165785533,0.2390238626881017
1984-01-12,1.0,0.03702646954785482,0.243443947856708
1984-01-13,1.0,0.02146915219094789,0.22217145335914937
1984-01-16,1.0,0.037765335797790595,0.22378074908684228
1984-01-17,1.0,0.037755434749923523,0.237941161175058
1984-01-18,1.0,0.02943356288590208,0.22223008632952299
1984-01-19,1.0,0.014175239012496033,0.20406761334627382
1984-01-20,1.0,0.023821739937419276,0.21880738304887626
1984-01-23,1.0,0.023683917024096657,0.20324532424913613
1984-01-24,1.0,0.052812271628109156,0.23784292840433932
1984-01-25,1.0,0.04468899642521733,0.2199666931485181
1984-01-26,1.0,0.04084379264779684,0.22118288031092317
1984-01-27,1.0,0.0264050545553096,0.21434605790360628
1984-01-30,1.0,0.025098100194764886,0.20983884603452654
1984-01-31,1.0,0.00546996227446887,0.1566402454699158
1984-02-01,0.0,-0.004372895062090213,0.14126614690279024
1984-02-02,0.0,-0.015514379021046002,0.15044596225012077
1984-02-03,0.0,-0.012079978829099896,0.16120891846476054
1984-02-06,0.0,-0.010825188219214937,0.15392010630642744
1984-02-07,0.0,-0.0219642773180684,0.15816459558470225
1984-02-08,0.0,-0.03597937004446707,0.15239985142248508
1984-02-09,0.0,-0.029813403840381485,0.17147169613356616
1984-02-10,0.0,-0.013730802939842754,0.18820477030799723
1984-02-13,0.0,-0.011475973289742368,0.18193838779586416
1984-02-14,0.0,-0.007340706970594755,0.18384668269528862
1984-02-15,0.0,-0.020442518667074618,0.17958930938936848
1984-02-16,0.0,-0.019464054766803705,0.1770604119340707
1984-02-17,0.0,-0.017288454354785144,0.17567973351968297
1984-02-20,0.0,-0.01174948242495392,0.1638186239448661
1984-02-21,0.0,-0.04066387925389673,0.16490089836152824
1984-02-22,0.0,-0.04317031154026575,0.20297528875739201
1984-02-23,0.0,-0.05842208997498836,0.22603334886016957
1984-02-24,0.0,-0.02961944842666529,0.22730873957129544
1984-02-27,0.0,-0.020280505121067268,0.23929916124013417
1984-02-28,0.0,-0.032714684756759,0.3133582786813192
1984-02-29,0.0,-0.025691843424442473,0.40232208985305157
1984-03-01,1.0,0.0025429130041123332,0.37235747357638294
1984-03-02,0.0,-0.020253856904497686,0.37693333151420017
1984-03-05,0.0,-0.03026744306734196,0.4273989603764214
1984-03-06,0.0,-0.02732651304537063,0.46166314695821326
1984-03-07,0.0,-0.01593558446802383,0.44891815186044676
1984-03-08,0.0,-0.028728435951994546,0.43836846584690514
1984-03-09,0.0,-0.044485862586182146,0.4034426363542474
1984-03-12,0.0,-0.053856672790710686,0.4095054085647351
1984-03-13,0.0,-0.06031000800229347,0.4170504958236562
1984-03-14,0.0,-0.062314604379955764,0.3971552612718671
1984-03-15,0.0,-0.06953620211699799,0.4038689439511306
1984-03-16,0.0,-0.06536211502500197,0.40582596191398845
1984-03-19,0.0,-0.06021185132683899,0.4405827252664135
1984-03-20,0.0,-0.06246712051106322,0.43291903195453296
1984-03-21,0.0,-0.05662631755544083,0.44127710623011474
1984-03-22,0.0,-0.03955465872325741,0.4254077163010321
1984-03-23,0.0,-0.04927365303443223,0.41666368603664433
1984-03-26,0.0,-0.04730701058463898,0.4094037206796901
1984-03-27,0.0,-0.05144896116620549,0.4055838834483966
1984-03-28,0.0,-0.0338792040584952,0.37942144077238105
1984-03-29,0.0,-0.045075100478018035,0.36024813864870553
1984-03-30,0.0,-0.048790164169432056,0.35810670670497746
1984-04-02,0.0,-0.050179300059682234,0.3283534309007974
1984-04-05,0.0,-0.03252752773951979,0.326617737627023
1984-04-06,0.0,-0.04147967293922585,0.3001178310056827
1984-04-09,0.0,-0.07929115961260937,0.2970294648041469
1984-04-10,0.0,-0.11919349625791795,0.3042171064387731
1984-04-11,0.0,-0.11057565133693449,0.29040295256807147
1984-04-12,0.0,-0.11842149551649195,0.29139029587651655
1984-04-13,0.0,-0.1058733549672091,0.28773530488463694
1984-04-16,0.0,-0.09688995896384334,0.2855941706358465
1984-04-17,0.0,-0.08247860209370869,0.2771745957696356
1984-04-18,0.0,-0.09107196794011987,0.2797277164663516
1984-04-19,0.0,-0.10726758974483273,0.24587056364278884
1984-04-24,0.0,-0.09018309790017201,0.25228493269092533
1984-04-25,0.0,-0.111394903639762,0.25951771636565996
1984-04-26,0.0,-0.1257775283685134,0.2745695431512449
1984-04-27,0.0,-0.11367152587631191,0.2881115957769253
1984-04-30,0.0,-0.09497761137530598,0.3020411670334503
1984-05-01,0.0,-0.08969516346250929,0.289498882561072
1984-05-02,0.0,-0.11829661656908962,0.28796398451214944
1984-05-03,0.0,-0.11169198052517382,0.2731692198764571
1984-05-04,0.0,-0.09561550913092341,0.28653404004755084
1984-05-08,0.0,-0.09154875677736363,0.270718462875452
1984-05-09,0.0,-0.07986380079408974,0.25500413458607146
1984-05-10,0.0,-0.062433587203193266,0.2553664425548802
1984-05-11,0.0,-0.064449039682543,0.23784273988637403
1984-05-14,0.0,-0.0855605199371314,0.2359188166676323
1984-05-15,0.0,-0.08015434596558656,0.22006749820006868
1984-05-16,0.0,-0.08622433290480712,0.21655258833225513
1984-05-17,0.0,-0.08231398804500734,0.21436470755910664
1984-05-18,0.0,-0.08933763567170384,0.22036433263029043
1984-05-21,0.0,-0.07284607864149671,0.20423963223861236
1984-05-22,0.0,-0.07835331424651523,0.19506420094398147
1984-05-23,0.0,-0.07200701377052611,0.19806592255686306
1984-05-24,0.0,-0.0650266832170725,0.21625651496467646
1984-05-25,0.0,-0.09523209852166996,0.19282322186778622
1984-05-29,0.0,-0.10836178767866637,0.20817881595746304
1984-05-30,0.0,-0.11332868530700312,0.21759163024574793
1984-05-31,0.0,-0.08979516177074967,0.23056245266008366
1984-06-01,0.0,-0.11778303565638351,0.27105663441087047
1984-06-04,0.0,-0.11148894643977522,0.3342314220308241
1984-06-05,0.0,-0.11635548366519805,0.37139056005492793
1984-06-06,0.0,-0.1203236021787943,0.3569972507091694
1984-06-07,0.0,-0.11885130110233083,0.3442218155660232
1984-06-08,0.0,-0.11374327901111765,0.35777194880892405
1984-06-11,0.0,-0.1142598376490665,0.36274964645029023
1984-06-12,0.0,-0.13315051278750528,0.36730132708038005
1984-06-13,0.0,-0.0938406718249649,0.3611939016601167
1984-06-14,0.0,-0.10031469430285485,0.3586945246802575
1984-06-15,0.0,-0.08370656721431428,0.32472474929704087
1984-06-18,0.0,-0.07798358060386854,0.3058027965737084
1984-06-19,0.0,-0.09059922149892982,0.300505854472794
1984-06-20,0.0,-0.09386527823160118,0.29845364506081923
1984-06-21,0.0,-0.08232672561094324,0.2987433451130104
1984-06-22,0.0,-0.11004750113794982,0.2850831314622756
1984-06-25,0.0,-0.09213310612101579,0.27212397176207764
1984-06-26,0.0,-0.08320512277804942,0.2596611603508723
1984-06-27,0.0,-0.08648233178083617,0.2607030485731786
1984-06-28,0.0,-0.08212317552237099,0.2703556476730522
1984-06-29,0.0,-0.07022862811397117,0.2683464727862965
1984-07-02,0.0,-0.06995858860691034,0.2577713367465668
1984-07-03,0.0,-0.06203430470144108,0.2579736981045639
1984-07-04,0.0,-0.06652785175112573,0.25314038571090997
1984-07-05,0.0,-0.05943460921939525,0.24878953996276454
1984-07-06,0.0,-0.02247285585205863,0.33422710612846357
1984-07-09,1.0,0.01974469993707177,0.42301391663880883
1984-07-10,1.0,0.012270092591814401,0.40718417560320674
1984-07-11,1.0,0.020423758786569747,0.4059932532829629
1984-07-12,1.0,0.007737829687316246,0.4092292288203735
1984-07-13,0.0,-0.009903955116944887,0.3956131168080138
1984-07-16,0.0,-0.02633635067710321,0.3894085229927846
1984-07-17,0.0,-0.027450986358974062,0.40766350038384
1984-07-18,0.0,-0.022374260831027174,0.40310039554057453
1984-07-19,0.0,-0.032799341238745804,0.4106941272664804
1984-07-20,0.0,-0.009843611401692504,0.41015772005178974
1984-07-23,1.0,0.013343415173684356,0.4053694802119421
1984-07-24,1.0,0.0060378653349978245,0.41149360823312514
1984-07-25,0.0,-0.00660552860530816,0.41548138213450914
1984-07-26,0.0,-0.01374893677868824,0.4419114203540293
1984-07-27,1.0,0.009352105570280142,0.4500289987103179
1984-07-30,1.0,0.004421525257877477,0.44693674270258416
1984-07-31,0.0,-0.00688798795686489,0.4614578475721156
1984-08-01,0.0,-0.0014760150281205415,0.46906694812890637
1984-08-02,0.0,-0.018779894651596244,0.4577755922921141
1984-08-03,0.0,-0.03793306722102234,0.38347305033315726
1984-08-06,0.0,-0.04016604172533476,0.3456666082318921
1984-08-07,0.0,-0.025167871706926786,0.4091429397324628
1984-08-08,0.0,-0.03155207922597851,0.3768001250199003
1984-08-09,0.0,-0.003346187744360084,0.39527456522026577
1984-08-10,0.0,-0.012478397551026811,0.3862710682700289
1984-08-13,1.0,0.007540638978894614,0.4124020964044424
1984-08-14,0.0,-0.018244519742537376,0.39185305109858715
1984-08-15,0.0,-0.010888359721428743,0.4159817191773291
1984-08-16,0.0,-0.01559290587240283,0.4145232309954437
1984-08-17,0.0,-0.01791520505322945,0.41114999016010484
1984-08-20,1.0,0.003144207249450012,0.40437502952243154
1984-08-21,0.0,-0.0005782018085340462,0.42341933622820954
1984-08-22,0.0,-0.0036297680505787237,0.426519381177244
1984-08-23,0.0,-0.01795380361659582,0.41144956964928786
1984-08-24,0.0,-0.019037206020084258,0.4103261031409486
1984-08-28,0.0,-0.020509095513757913,0.40340818979391513
1984-08-29,0.0,-0.029533124967784746,0.4133267971651644
1984-08-30,0.0,-0.015380454090348111,0.4412406565767124
1984-08-31,0.0,-0.01957293364907038,0.4432701325010654
1984-09-03,0.0,-0.022307940041206172,0.4635316773133827
1984-09-04,0.0,-0.024626671036544832,0.46625824911797964
1984-09-05,1.0,0.0022822375824662236,0.4865358648946081
1984-09-06,0.0,-0.02950594020264319,0.47210897194854407
1984-09-07,0.0,-0.03215230226588118,0.5072352653099289
1984-09-10,0.0,-0.02680001701205475,0.49038923168236376
1984-09-11,0.0,-0.02469261259037152,0.4764242905817685
1984-09-12,0.0,-0.025734514117794035,0.45481988299618914
1984-09-13,0.0,-0.0182749244116038,0.46915330407780936
1984-09-14,0.0,-0.04324108450984485,0.46745117056452834
1984-09-17,0.0,-0.0272125635248847,0.4947505566972994
1984-09-18,0.0,-0.03014546278614199,0.47076172260421695
1984-09-19,0.0,-0.046660081466062334,0.4367252273184817
1984-09-20,0.0,-0.04374754899735737,0.46490098147753445
1984-09-21,0.0,-0.06308397542657689,0.4661220553257118
1984-09-24,0.0,-0.09891119197791925,0.44761597241096485
1984-09-25,0.0,-0.11020314013361424,0.4615542567675032
1984-09-26,0.0,-0.1124160709502747,0.44571042016059875
1984-09-27,0.0,-0.11579370504282889,0.4342115495989934
1984-09-28,0.0,-0.10012173680154693,0.42230417751687377
1984-10-01,0.0,-0.11071484899931132,0.3779633104215428
1984-10-02,0.0,-0.11319545739729682,0.34785896290326385
1984-10-03,0.0,-0.12029695330283317,0.3136879405740191
1984-10-04,0.0,-0.12521127888989825,0.3014802906988729
1984-10-05,0.0,-0.12864019116333647,0.329904589936082
1984-10-08,0.0,-0.11941272939667524,0.3539037783493478
1984-10-09,0.0,-0.1339504163054913,0.3577049428522216
1984-10-10,0.0,-0.11187895946543853,0.38178662245607425
1984-10-11,0.0,-0.11789395573857815,0.3654690204636953
1984-10-12,0.0,-0.10933548845133305,0.3554493505706057
1984-10-15,0.0,-0.10711739379327599,0.335169699516889
1984-10-16,0.0,-0.1270303736080644,0.32298138151075384
1984-10-17,0.0,-0.12079741135357884,0.3178805172840697
1984-10-18,0.0,-0.11572330269337294,0.32774441744417393
1984-10-19,0.0,-0.10552416838710078,0.32488537448389776
1984-10-22,0.0,-0.09412884475849365,0.309491832498704
1984-10-23,0.0,-0.10128386916406286,0.2969364400675043
1984-10-24,0.0,-0.10242365598451665,0.301156251186038
1984-10-25,0.0,-0.11990863139223679,0.30777838999908175
1984-10-26,0.0,-0.11524996105544125,0.31712279641723684
1984-10-29,0.0,-0.11992286993802333,0.3199183384522969
1984-10-30,0.0,-0.119367748176327,0.3247404965122352
1984-10-31,0.0,-0.09508531753151891,0.31731161716964656
1984-11-01,0.0,-0.09713929319454316,0.31092305856934543
1984-11-02,0.0,-0.11231491779241139,0.2497424371480734
1984-11-05,0.0,-0.12818517683904943,0.26551718337366936
1984-11-06,0.0,-0.13613518405654831,0.25988946202636337
1984-11-07,0.0,-0.13781475996428078,0.2574150867543766
1984-11-08,0.0,-0.14034551798096997,0.25661645124697463
1984-11-09,0.0,-0.14446589520853478,0.2710064222508243
1984-11-12,0.0,-0.13363469307397138,0.269866387503745
1984-11-13,0.0,-0.1446827052940198,0.26538017187707985
1984-11-14,0.0,-0.1283395724824759,0.29047475518163846
1984-11-15,0.0,-0.12750284762652547,0.2930349587970742
1984-11-16,0.0,-0.13014169899816816,0.30086753860133536
1984-11-19,0.0,-0.13561359884885632,0.30385937172025484
1984-11-20,0.0,-0.1382746497022269,0.3172542076429968
1984-11-21,0.0,-0.17997344887621472,0.3312969983616455
1984-11-22,0.0,-0.179547224869185,0.3096345100472436
1984-11-23,0.0,-0.16071193335148046,0.31562133028755895
1984-11-26,0.0,-0.15769410281051513,0.3302338666814528
1984-11-27,0.0,-0.14661928434357402,0.34820469580804564
1984-11-28,0.0,-0.13084286925842936,0.30319166797796515
1984-11-29,0.0,-0.13829598776879376,0.26707225680818136
1984-11-30,0.0,-0.13518277712044738,0.2678700151153111
1984-12-03,0.0,-0.12907569343100053,0.2557094280526025
1984-12-04,0.0,-0.131811701744996,0.2473244943041588
1984-12-05,0.0,-0.12546631106304312,0.24999425141347476
1984-12-06,0.0,-0.1368410422921667,0.24771971400328358
1984-12-07,0.0,-0.11921755031925256,0.26142732689778275
1984-12-10,0.0,-0.11520016723812937,0.24853843729636524
1984-12-11,0.0,-0.11004715880649119,0.24396269756571692
1984-12-12,0.0,-0.08234376087388137,0.2465304956623577
1984-12-13,0.0,-0.023402003995304788,0.25563347870910236
1984-12-14,1.0,0.004640379556502301,0.2631690804841708
1984-12-17,0.0,-0.007968169649176845,0.3095907231498887
1984-12-18,1.0,0.020817405083522304,0.3361041861420695
1984-12-19,1.0,0.016990310933153587,0.3252713132390011
1984-12-20,1.0,0.051496525767174846,0.34535253428535095
1984-12-21,1.0,0.060511129467588826,0.3384359057428685
1984-12-27,1.0,0.053675641923636226,0.33680143021946757
1984-12-28,1.0,0.06574400573128572,0.3273692777818498
1984-12-31,1.0,0.038411324197722925,0.32413748607165144
1985-01-02,1.0,0.042457317860985985,0.3361733782611454
1985-01-03,1.0,0.06079973442401723,0.34927001068339203
1985-01-04,1.0,0.04388508668350874,0.3275129733548816
1985-01-07,1.0,0.08002981185242711,0.34279866924766755
1985-01-08,1.0,0.08029738741513974,0.3332189327528524
1985-01-09,1.0,0.10043994361809236,0.34116687967346476
1985-01-10,1.0,0.08241998807286317,0.344583449150818
1985-01-11,1.0,0.09403948411441601,0.35293049990948433
1985-01-14,1.0,0.10016308590105459,0.37137089227081077
1985-01-15,1.0,0.0812653885533518,0.3753825186957449
1985-01-16,1.0,0.08658414729204619,0.3705185775506321
1985-01-17,1.0,0.06801039228560345,0.3531058293223366
1985-01-18,1.0,0.06215133967023477,0.31318760365298093
1985-01-21,1.0,0.0612275128406151,0.2906555081780843
1985-01-22,1.0,0.048029583918717846,0.30161858187363927
1985-01-23,1.0,0.0714876752757342,0.3640350340341128
1985-01-24,1.0,0.0725873122745945,0.3582662697777529
1985-01-25,1.0,0.07817107525780174,0.39408174769476517
1985-01-28,1.0,0.07627666358188585,0.3764548964869341
1985-01-29,1.0,0.03004692135229664,0.33463174468270396
1985-01-30,1.0,0.03359887574298606,0.33198605921029223
1985-01-31,1.0,0.01969711727502785,0.28910914393378756
1985-02-05,1.0,0.03985887526811071,0.3590874074626922
1985-02-06,1.0,0.03513127585962235,0.3336083409649539
1985-02-07,1.0,0.039652415336272805,0.3370632555495033
1985-02-08,1.0,0.04171667125372448,0.3325098019181036
1985-02-12,1.0,0.06715877343216388,0.3564983977298071
1985-02-13,1.0,0.07634867124558964,0.3161753310103132
1985-02-14,1.0,0.062485375958535344,0.30259199819259985
1985-02-15,1.0,0.05111244620910311,0.29722346070286626
1985-02-19,1.0,0.0636913348815715,0.31538577820927893
1985-02-20,1.0,0.06517796669819582,0.314028947456431
1985-02-21,1.0,0.04897277849246002,0.34259640775737527
1985-02-22,1.0,0.058098171712124204,0.3590179498866256
1985-02-25,1.0,0.10398754189829255,0.5111953104923294
1985-02-26,1.0,0.09650250139544116,0.4589720105910962
1985-02-27,1.0,0.06796070211955312,0.44453939152290817
1985-02-28,1.0,0.08091114020749024,0.461740454634395
1985-03-01,1.0,0.09007913038677233,0.4494614888985076
1985-03-04,1.0,0.08417810440131081,0.4102789349627654
1985-03-05,1.0,0.09975260113696847,0.4219053703597127
1985-03-06,1.0,0.09375903116871004,0.4327298100328649
1985-03-07,1.0,0.0815290653099594,0.4043443302662801
1985-03-08,1.0,0.07861424937175558,0.4041896858168078
1985-03-11,1.0,0.07702467663202935,0.32500960257338835
1985-03-12,1.0,0.07848142710658389,0.3384223735989397
1985-03-13,1.0,0.08183001824763211,0.3368520646122063
1985-03-14,1.0,0.07852028474172132,0.34017676346276166
1985-03-15,1.0,0.06944829674815342,0.3366722743874405
1985-03-18,1.0,0.06289546216725272,0.31438390592835846
1985-03-19,1.0,0.006764754814763337,0.42187802122167883
1985-03-20,0.0,-0.000771902778581827,0.4758248333502476
1985-03-21,1.0,0.04045072560848122,0.5129904470279981
1985-03-22,1.0,0.008207116773830653,0.4868814245432038
1985-03-25,0.0,-0.0036621329041999842,0.4454671150358323
1985-03-26,0.0,-0.02851070304080497,0.46374716858909265
1985-03-27,0.0,-0.046145359665555094,0.537332769167212
1985-03-28,0.0,-0.02955113943565478,0.508753608265656
1985-03-29,0.0,-0.044244701797757316,0.4960486728294456
1985-04-01,0.0,-0.010487691025904912,0.5179838628476539
1985-04-02,0.0,-0.015332632624728096,0.5429377418951623
1985-04-03,0.0,-0.04130849416497584,0.5455825967192609
1985-04-04,0.0,-0.0204121263415866,0.5215937870907692
1985-04-09,0.0,-0.036241558833859405,0.5058530508824851
1985-04-10,0.0,-0.056574393517411996,0.48939625680262766
1985-04-11,0.0,-0.053791362658603,0.49549360543666404
1985-04-12,0.0,-0.046693243299783874,0.5181774853133863
1985-04-15,0.0,-0.0639303789930227,0.4923378511079696
1985-04-16,0.0,-0.04597265447810646,0.5043008250041503
1985-04-17,0.0,-0.03576251754239098,0.514563079368268
1985-04-18,0.0,-0.02455994512118792,0.4739743706790691
1985-04-19,0.0,-0.00429053676886814,0.49526574647072813
1985-04-22,0.0,-0.023930126850037026,0.4529714012765618
1985-04-23,0.0,-0.02401168727074746,0.4617628424165238
1985-04-24,0.0,-0.01486143894991125,0.498367559705029
1985-04-25,0.0,0.0,0.4798333953422457
1985-04-26,0.0,-0.017934203871391836,0.46266144061806025
1985-04-29,0.0,-0.015940328143518503,0.4683405292482427
1985-04-30,0.0,-0.013786839087119937,0.4654997694350712
1985-05-01,1.0,0.043825479540029515,0.4765120793222529
1985-05-02,1.0,0.03142442387578924,0.4584850943240439
1985-05-03,1.0,0.04608390572828616,0.4655963268682277
1985-05-07,1.0,0.02706269626417778,0.44022437467883496
1985-05-08,1.0,0.024158433916352175,0.4370105096592874
1985-05-09,1.0,0.027081564250518463,0.4022723662541684
1985-05-10,1.0,0.016711724259358744,0.4081434127906127
1985-05-13,1.0,0.00046718057378552445,0.3913112844717279
1985-05-14,0.0,-0.012326812480658521,0.3801613877534324
1985-05-15,0.0,-0.003414031869742573,0.4020516941638932
1985-05-16,1.0,0.020255814310941925,0.40150863792106944
1985-05-17,1.0,0.01232681248065868,0.3743821412997731
1985-05-20,1.0,0.008316696635320225,0.38184297242260895
1985-05-21,1.0,0.050165316446221735,0.46992599417099457
1985-05-22,1.0,0.058641722504016294,0.433261532286981
1985-05-23,1.0,0.07774750461491946,0.39541246896704907
1985-05-24,1.0,0.05997018988671803,0.4079443355128369
1985-05-28,1.0,0.07621704883932967,0.45176215088249444
1985-05-29,1.0,0.07261876860225408,0.42709730032396226
1985-05-30,1.0,0.062380679731881834,0.4045407371153642
1985-05-31,1.0,0.06771817405495086,0.38029945618467026
1985-06-03,1.0,0.06922338038875875,0.35309113440226264
1985-06-04,1.0,0.06544892553872711,0.37374157768320837
1985-06-05,1.0,0.05886323323729731,0.37204644036656337
1985-06-06,1.0,0.04168566211274222,0.37142576409736017
1985-06-07,1.0,0.036549437563185676,0.3746567400047945
1985-06-10,1.0,0.0431270281954721,0.3960159887752054
1985-06-11,1.0,0.007590169266675653,0.36349918921415714
1985-06-12,1.0,0.015303603867102953,0.3651802247919907
1985-06-13,1.0,0.0248675074110156,0.40589519717994954
1985-06-14,1.0,0.007824766058229942,0.4112487123203958
1985-06-17,1.0,0.0010969208966369077,0.3978386687743538
1985-06-18,0.0,-0.0075963468919346515,0.36207468566340606
1985-06-19,0.0,-0.018924095064200987,0.30441594857684573
1985-06-20,0.0,-0.0015730693821177962,0.4074076291402992
1985-06-21,1.0,0.008893182321752534,0.45917944421131607
1985-06-24,1.0,0.0052302203386606905,0.43280511538249355
1985-06-25,1.0,0.0115025297207985,0.44230158459981367
1985-06-26,1.0,0.03322255246281406,0.42315744787768644
1985-06-27,1.0,0.046216939408902556,0.4295177030048076
1985-06-28,1.0,0.033271927855101864,0.3780951614645062
1985-07-01,1.0,0.04774287677548252,0.42980394265175365
1985-07-02,1.0,0.06393006355871411,0.44948298754977595
1985-07-03,1.0,0.05072925585682394,0.42068619336532304
1985-07-05,1.0,0.033607327822703585,0.401381408897565
1985-07-08,1.0,0.049521313067760524,0.4345978108689287
1985-07-09,1.0,0.03142110774030288,0.4014246626116543
1985-07-10,1.0,0.040917273449391875,0.3954394123644656
1985-07-11,1.0,0.03817137901592464,0.42767499386186836
1985-07-12,1.0,0.033336420267591926,0.4646371467996243
1985-07-15,1.0,0.0333156590039567,0.4625514778531797
1985-07-16,1.0,0.011587615172387829,0.45247795783601047
1985-07-17,0.0,0.0,0.4292407011854771
1985-07-18,1.0,0.020568265492987094,0.48031291862937425
1985-07-19,1.0,0.02508259688124161,0.46228416031579356
1985-07-22,1.0,0.01997257839702218,0.4441719794395895
1985-07-23,1.0,0.009259325412796726,0.4410491827326196
1985-07-24,1.0,0.02639904856733983,0.5010284835882017
1985-07-25,1.0,0.027194590149796256,0.4812679020432765
1985-07-26,1.0,0.03350708991363389,0.48193513106406805
1985-07-29,0.0,-0.0018393628729699253,0.4345985976419189
1985-07-30,1.0,0.009084672534946546,0.48999610751523115
1985-07-31,0.0,-0.006432860290369254,0.44893257563565037
1985-08-01,1.0,0.013567892379332511,0.4861956754517912
1985-08-02,1.0,0.017934927238550336,0.4804599549742977
1985-08-05,1.0,0.007539077173165914,0.48339920055268126
1985-08-06,1.0,0.01643702691000586,0.5318279381006173
1985-08-07,1.0,0.0072908102371539016,0.5171597226273933
1985-08-08,1.0,0.008798389705165992,0.5076114709684623
1985-08-09,1.0,0.009129657223481675,0.5063956952412769
1985-08-12,0.0,-0.006911939045501503,0.4759058756371411
1985-08-13,0.0,-0.010777625493829266,0.4749552406997668
1985-08-14,0.0,-0.012501127382515118,0.49505454736301224
1985-08-15,0.0,-0.02445857172274797,0.46956295119692837
1985-08-16,0.0,-0.0372128897152937,0.5169691290180208
1985-08-19,0.0,-0.049303642999712675,0.5931705162109556
1985-08-20,0.0,-0.026842160477773214,0.6098144337784546
1985-08-21,0.0,-0.03175830183330962,0.5988485634381624
1985-08-22,0.0,-0.03642284247078121,0.6108376409580822
1985-08-23,0.0,-0.03185949069699475,0.6209847052500758
1985-08-26,0.0,-0.031287974970793754,0.6340597875168349
1985-08-27,0.0,-0.045305482975912574,0.6123907635459276
1985-08-28,0.0,-0.031652981635875994,0.624827329335036
1985-08-29,0.0,-0.009194427572790478,0.6164879187779805
1985-09-03,1.0,0.009250198644441404,0.6311346888346818
1985-09-04,1.0,0.006573439553024131,0.6367820676685422
1985-09-05,0.0,-0.0013823825256487074,0.6245359992241672
1985-09-06,1.0,0.012834735585365464,0.6316561360849767
1985-09-09,1.0,0.010125485683510285,0.6106872024193112
1985-09-10,1.0,0.00789661144456631,0.6024562955427698
1985-09-11,1.0,0.006370932900047875,0.6104769254751253
1985-09-12,1.0,0.009508293908743519,0.6578641902688155
1985-09-13,0.0,-0.012212458029504146,0.6462956150749726
1985-09-16,0.0,-0.007229325843455705,0.6635983108462364
1985-09-17,0.0,-0.006634047391712878,0.6525264474286102
1985-09-18,1.0,0.003944778291016325,0.6366007596674618
1985-09-19,1.0,0.004573779757960301,0.6271286575006654
1985-09-20,0.0,-0.0017248142261180532,0.6298736091496853
1985-09-23,0.0,-0.019427067960261155,0.6476271746278606
1985-09-24,0.0,-0.027815854038011248,0.6473820565035858
1985-09-25,0.0,-0.008253141756720414,0.6607749210641745
1985-09-26,0.0,-0.017463679120115306,0.6339668628500785
1985-09-27,0.0,-0.003047853624253321,0.6117530152704669
1985-09-30,1.0,0.0010714013422527934,0.6103556859445867
1985-10-01,1.0,0.014020721166551106,0.638469153231217
1985-10-02,1.0,0.004145879258917055,0.6190284664436234
1985-10-03,1.0,0.005677909829276766,0.6269730077907739
1985-10-04,0.0,0.0,0.5695545190702205
1985-10-07,1.0,0.012962438455571417,0.6125988340894902
1985-10-08,1.0,0.018970141677600957,0.6022311388079462
1985-10-09,1.0,0.02105978900701223,0.604381244879168
1985-10-10,1.0,0.044905810280351635,0.6184987239592962
1985-10-11,1.0,0.04150971867174063,0.6270810871349173
1985-10-14,1.0,0.04299321599675759,0.5908212639319714
1985-10-15,1.0,0.05864388829768753,0.5761349901591897
1985-10-16,1.0,0.11474014927333173,0.6088141432562992
1985-10-17,1.0,0.079971808315146,0.6013150369058681
1985-10-18,1.0,0.07312226482896259,0.6142131446824974
1985-10-21,1.0,0.08897684161224563,0.6005590550749417
1985-10-22,1.0,0.07421693428948763,0.5603775197037586
1985-10-23,1.0,0.07219934435992545,0.5886193775041146
1985-10-24,1.0,0.08178622294686093,0.564085793789338
1985-10-25,1.0,0.09659448631583807,0.5806911332396121
1985-10-28,1.0,0.07803810821681108,0.5370825715199646
1985-10-29,1.0,0.07935881796536187,0.5452126711211231
1985-10-30,1.0,0.09302229621378684,0.5429889223236203
1985-10-31,1.0,0.07522787916478511,0.5735428623309703
1985-11-01,1.0,0.0709898458090732,0.6256826823874887
1985-11-04,1.0,0.03991794375804179,0.5580922113588009
1985-11-05,1.0,0.03837908698711374,0.5905321416450917
1985-11-06,1.0,0.0384022999987573,0.5998486513813467
1985-11-07,1.0,0.04302390290504387,0.6298785165015667
1985-11-08,1.0,0.054990442806877156,0.6219832050202841
1985-11-11,1.0,0.03855387181298778,0.6060461228076398
1985-11-12,1.0,0.04286262225741258,0.616778110036736
1985-11-13,1.0,0.028855456832555755,0.5716515990058366
1985-11-14,1.0,0.01842738505493017,0.5346266779391246
1985-11-15,1.0,0.023087295195506494,0.533072342039688
1985-11-18,1.0,0.04162538114690994,0.5917793908194692
1985-11-19,1.0,0.05123163070127559,0.5413042144404767
1985-11-20,1.0,0.034556437247604724,0.4981794591073053
1985-11-21,1.0,0.03676219931507404,0.5301721439101312
1985-11-22,1.0,0.04579582196500484,0.481701920551907
1985-11-25,1.0,0.06506836257599685,0.4492742272894574
1985-11-26,1.0,0.04284259324443566,0.4796873401110786
1985-11-27,1.0,0.02631532949277554,0.5569467445738103
1985-11-29,1.0,0.03874175054164313,0.6174620187722349
1985-12-02,1.0,0.042922430915377126,0.665859647912945
1985-12-03,1.0,0.0441147694894824,0.655097870695452
1985-12-04,1.0,0.051987069709269085,0.6424381782274368
1985-12-05,1.0,0.06506115405791958,0.665485989637744
1985-12-06,1.0,0.0635587518384984,0.6641148680080833
1985-12-09,1.0,0.06951783343926679,0.6800186198192536
1985-12-10,1.0,0.07853708559159407,0.6828849473757628
1985-12-11,1.0,0.08604683378457725,0.6783091078926796
1985-12-12,1.0,0.0963118254486341,0.6507691738886577
1985-12-13,1.0,0.09093756970491092,0.6502173887625823
1985-12-16,1.0,0.09371100189769402,0.6364119778495028
1985-12-17,1.0,0.08930517890122795,0.5683688562659377
1985-12-18,1.0,0.07763033499841654,0.5813114800395949
1985-12-19,1.0,0.0735048788149746,0.5461482425008362
1985-12-20,1.0,0.0868310691779492,0.5794717066492544
1985-12-23,1.0,0.0667110678728371,0.5364518839181268
1985-12-27,1.0,0.0734193459357599,0.5522767568016608
1985-12-30,1.0,0.052165007358630194,0.5108211436237091
1986-01-02,1.0,0.0528244537741234,0.5252397590361192
1986-01-03,1.0,0.019247392695302616,0.5120466039662672
1986-01-06,1.0,0.022608348027592824,0.49856081059442303
1986-01-07,1.0,0.014291330110755977,0.49739322598780406
1986-01-08,1.0,0.005696312809455857,0.5224650639847359
1986-01-09,1.0,0.012366990665172552,0.5396058304984768
1986-01-10,0.0,-0.0030889191288497636,0.6586042862135834
1986-01-13,0.0,-0.0045773428019422295,0.6547542298877269
1986-01-14,0.0,-0.009724549891994857,0.6523569379193552
1986-01-15,0.0,-0.013939531650835986,0.6363293699801872
1986-01-16,0.0,-0.060762372350435856,0.7250108077620743
1986-01-17,0.0,-0.03125479435971094,0.7441269155717957
1986-01-20,0.0,-0.03478611608541554,0.7328480110540105
1986-01-21,0.0,-0.04768278315228034,0.7293150468890528
1986-01-22,0.0,-0.02946673849087298,0.741630492669591
1986-01-23,0.0,-0.025735119843101017,0.7568467357538144
1986-01-24,0.0,-0.0283646003303397,0.7409248950118904
1986-01-27,0.0,-0.03463303835866645,0.7341569115522484
1986-01-28,0.0,-0.02364854025988557,0.7457626967934339
1986-01-29,0.0,-0.025227079525432038,0.7360761862999486
1986-01-30,0.0,-0.04236531704605674,0.7401786338379251
1986-01-31,0.0,-0.02323504483073054,0.7458640088005992
1986-02-03,0.0,-0.004472989205160802,0.7443424269287473
1986-02-04,1.0,0.019014760404922837,0.770590854966478
1986-02-05,1.0,0.01266771984681033,0.762993970145395
1986-02-06,1.0,0.01807942240806537,0.7811004709466135
1986-02-07,1.0,0.021127546425875277,0.7769181258456903
1986-02-10,1.0,0.006738964852844582,0.7686186224097674
1986-02-11,1.0,0.027753047645960982,0.7633283289692807
1986-02-12,1.0,0.023733900447116745,0.7593081506411743
1986-02-13,1.0,0.032982966232572464,0.7559734760188302
1986-02-14,1.0,0.03659396532155232,0.7250325948244141
1986-02-17,1.0,0.02798317166347044,0.7233533945551985
1986-02-18,1.0,0.01398624197473987,0.7034294466235946
1986-02-19,1.0,0.004675636805599644,0.7054640468914063
1986-02-20,1.0,0.010916172715145634,0.7199596946827364
1986-02-21,1.0,0.0020688643407072867,0.7169130175408598
1986-02-24,0.0,-0.00852069206848501,0.7215986643029816
1986-02-25,0.0,-0.03449862213304879,0.726789288069724
1986-02-26,0.0,-0.013540281120267483,0.7651200010984173
1986-02-27,1.0,0.01356152859833766,0.7682886131423377
1986-02-28,1.0,0.013511734421474953,0.7436120303419121
1986-03-03,1.0,0.020935454287511993,0.7620326301688994
1986-03-04,1.0,0.01778543243321634,0.7528171794049819
1986-03-05,1.0,0.0010243653489583652,0.7395809612212152
1986-03-06,0.0,-0.006698728995620199,0.7132554152484801
1986-03-07,0.0,-0.00936089912831511,0.7192621147397349
1986-03-10,1.0,0.00439883407248358,0.7235118563228902
1986-03-11,0.0,-0.0036520382420873903,0.7152032422773658
1986-03-12,0.0,-0.005979745084354615,0.710796170401345
1986-03-13,0.0,-0.005449604767564815,0.6839241155069403
1986-03-14,0.0,-0.0017256259674698364,0.6906885590188334
1986-03-17,0.0,-0.004439677897514258,0.6844879257397625
1986-03-18,0.0,-0.014196839862920528,0.6828808878237099
1986-03-19,0.0,-0.021719387404756495,0.7249579339092597
1986-03-20,0.0,-0.04044775969244603,0.7012799484668699
1986-03-21,0.0,-0.0397422432891359,0.6758233321327349
1986-03-24,0.0,-0.031914515934003504,0.6657396063920828
1986-03-25,0.0,-0.035005020357187576,0.6718582152732827
1986-03-26,0.0,-0.009484276243749763,0.6913774011412464
1986-03-27,0.0,-0.00583092031079321,0.6873034398292224
1986-04-01,1.0,0.029724924155009578,0.728784461235163
1986-04-02,1.0,0.0254556524326367,0.7243677974896257
1986-04-03,1.0,0.029870535371513175,0.7481468388589733
1986-04-04,1.0,0.0323557636394414,0.7374185517089549
1986-04-07,1.0,0.021824374083106838,0.7372812825064213
1986-04-08,1.0,0.008508192736013725,0.7276959231242037
1986-04-09,1.0,0.017603505767661592,0.7346164032313792
1986-04-10,1.0,0.017902165557226936,0.740050406583077
1986-04-11,1.0,0.008445012333195374,0.726950268421394
1986-04-14,1.0,0.018130890455235533,0.7025718328308318
1986-04-15,1.0,0.018410319213334275,0.6723411922580875
1986-04-16,1.0,0.02274813752593665,0.6887001215324506
1986-04-17,1.0,0.02383833811532305,0.689217635989538
1986-04-18,1.0,0.008714652102443909,0.6784155800839607
1986-04-21,1.0,0.013383964697384032,0.6908786153925686
1986-04-22,1.0,0.010120080587802165,0.6845849003071062
1986-04-23,1.0,0.0023081372047503686,0.6743897803375132
1986-04-24,1.0,0.009095565484485115,0.6380509141052989
1986-04-25,1.0,0.027206718180993423,0.6375523900674793
1986-04-28,1.0,0.029715815981983813,0.6191427122546609
1986-04-29,1.0,0.013919319990539036,0.5798565684977252
1986-04-30,1.0,0.008352583122152028,0.531936731112249
1986-05-01,1.0,0.01238316759599835,0.5195744343734366
1986-05-02,1.0,0.03452586884907361,0.5951873142339564
1986-05-05,1.0,0.023039175999875004,0.5552826408824506
1986-05-06,1.0,0.020832590200451605,0.5383676460950653
1986-05-07,1.0,0.04300970049014813,0.5923273302190092
1986-05-08,1.0,0.04460916604347947,0.5295641839522716
1986-05-09,1.0,0.04098992598145073,0.5235897407008488
1986-05-12,1.0,0.03780470083040225,0.5199811700929107
1986-05-13,1.0,0.05297939031303594,0.5609666651327314
1986-05-14,1.0,0.05496591131728061,0.5986722839892682
1986-05-15,1.0,0.0754437546198337,0.6510243626848702
1986-05-16,1.0,0.11291210542178698,0.6194075673025836
1986-05-19,1.0,0.1297095446681127,0.6670577484719161
1986-05-20,1.0,0.12877771437649924,0.6685254737912203
1986-05-21,1.0,0.1277979622078576,0.6653065241868987
1986-05-22,1.0,0.09505647267446139,0.6178591180718496
1986-05-23,1.0,0.10271850619498751,0.5943210412689066
1986-05-27,1.0,0.10879531276442635,0.5656473269951533
1986-05-28,1.0,0.11948350976953152,0.5323534137025503
1986-05-29,1.0,0.10620637899925146,0.522512382340232
1986-05-30,1.0,0.10212100838139603,0.5155185643607625
1986-06-02,1.0,0.12327715425344833,0.5513052643603257
1986-06-03,1.0,0.11706844830015631,0.5428194230183528
1986-06-04,1.0,0.14094323970455483,0.5919234388539202
1986-06-05,1.0,0.14036606633432827,0.5446785643175439
1986-06-06,1.0,0.17010024587975195,0.554125287445064
1986-06-09,1.0,0.16595071702851297,0.5513740019697404
1986-06-10,1.0,0.18891467226359823,0.4932276640238954
1986-06-11,1.0,0.16872444827257713,0.495386969446814
1986-06-12,1.0,0.16111849477511633,0.49063201524301797
1986-06-13,1.0,0.18966024718742114,0.5307134938978653
1986-06-16,1.0,0.16956741682883653,0.6525198838027197
1986-06-17,1.0,0.2197227106167875,0.6678966849126495
1986-06-18,1.0,0.19821502707165747,0.6272497318222289
1986-06-19,1.0,0.20709565862419652,0.6300682338960707
1986-06-20,1.0,0.19601606160817267,0.5987375734068676
1986-06-23,1.0,0.20309342234671687,0.5492073137554169
1986-06-24,1.0,0.22897447162500295,0.5366735631952239
1986-06-25,1.0,0.23832712693791389,0.5046896820638042
1986-06-26,1.0,0.23426842224431096,0.49030710146973727
1986-06-27,1.0,0.22401299058068755,0.47301700351846043
1986-06-30,1.0,0.21739624223695594,0.46236963016600424
1986-07-01,1.0,0.22690349789853204,0.4743003958937696
1986-07-02,1.0,0.2210964676924849,0.5544028565402295
1986-07-03,1.0,0.20763936477824438,0.5110155980991263
1986-07-04,1.0,0.21202907597566792,0.5173328690101421
1986-07-07,1.0,0.22369436377649718,0.49073015388437463
1986-07-08,1.0,0.22587089097938393,0.4163075633252985
1986-07-09,1.0,0.2272145411399968,0.4095895123245675
1986-07-10,1.0,0.22889399844264743,0.4162848595422187
1986-07-11,1.0,0.2299574000024596,0.3844059186446544
1986-07-14,1.0,0.23135271385526274,0.4252521323012958
1986-07-15,1.0,0.21908910035031479,0.40682030558415544
1986-07-16,1.0,0.2187611201277215,0.36895325784173577
1986-07-17,1.0,0.21166582980973314,0.3848112352397407
1986-07-18,1.0,0.1930902318781156,0.3595065075880121
1986-07-21,1.0,0.18410928779323057,0.4850700566937408
1986-07-22,1.0,0.17058391536669082,0.4970569362945151
1986-07-23,1.0,0.2020441872899637,0.5946988706311196
1986-07-24,1.0,0.19825588169772473,0.5701810313961269
1986-07-25,1.0,0.19587177122446073,0.5656939095662933
1986-07-28,1.0,0.1801510279372764,0.5129007636006198
1986-07-29,1.0,0.15587770824452749,0.5526500991948258
1986-07-30,1.0,0.15291085486991182,0.5355961440943316
1986-07-31,1.0,0.13872765882845045,0.5776426152501546
1986-08-01,1.0,0.1169824690588335,0.6493234009631599
1986-08-04,1.0,0.12203560747143254,0.6681441573564897
1986-08-05,1.0,0.11203276726689407,0.6687235806744216
1986-08-06,1.0,0.11409707497746015,0.666274501309406
1986-08-07,1.0,0.12017560144296692,0.6763904462553697
1986-08-08,1.0,0.09424966893334674,0.6827209610563595
1986-08-11,1.0,0.06197175324298962,0.7199942775694523
1986-08-12,1.0,0.05075191075247101,0.7012900337188375
1986-08-13,1.0,0.0640922827171524,0.7004747805227354
1986-08-14,1.0,0.05285011878086934,0.6956500222410931
1986-08-18,1.0,0.08348844083915813,0.7098046546746366
1986-08-19,1.0,0.0751467370613298,0.7219200932650172
1986-08-20,1.0,0.06973674007530324,0.7266674732500326
1986-08-21,1.0,0.016051709010507825,0.7155184613368211
1986-08-26,1.0,0.025645752105551277,0.7170988463564547
1986-08-27,1.0,0.03439252995975544,0.7063101983222847
1986-08-28,1.0,0.006829483409743755,0.7285355720265826
1986-08-29,1.0,0.00905686097666052,0.7326435439621148
1986-09-01,0.0,-0.02913770393438968,0.7157299002232428
1986-09-02,0.0,-0.024454243036980274,0.7080369243205211
1986-09-03,0.0,-0.05428672409725598,0.6703388888557951
1986-09-04,0.0,-0.05083686690269258,0.6882766993664027
1986-09-05,0.0,-0.05997750981000855,0.6768500423808436
1986-09-08,0.0,-0.05433743676877871,0.7078498897440446
1986-09-09,0.0,-0.048820708313358406,0.6933792294931057
1986-09-10,0.0,-0.07245507921542235,0.7023789546382962
1986-09-11,0.0,-0.034158918811318974,0.7262731386435571
1986-09-12,0.0,-0.07394295413888077,0.7488998507362654
1986-09-15,0.0,-0.06674975088460675,0.7608196281118674
1986-09-16,0.0,-0.06370004711108664,0.7495919670014397
1986-09-17,0.0,-0.061896000828313716,0.7423000285065533
1986-09-18,0.0,-0.06513700101658745,0.7202138900482689
1986-09-19,0.0,-0.08667316780402654,0.7322918284873345
1986-09-22,0.0,-0.10243076386474277,0.7134267904773754
1986-09-23,0.0,-0.10408419129822157,0.709563947141791
1986-09-24,0.0,-0.0991995412218966,0.707400612670572
1986-09-25,0.0,-0.0840095778853541,0.6986871879081257
1986-09-26,0.0,-0.09400618049657265,0.7174173489121766
1986-09-29,0.0,-0.09269066291677457,0.7225931548492358
1986-09-30,0.0,-0.08144176403147874,0.7322205389682033
1986-10-01,0.0,-0.08915270543097298,0.7227051294859811
1986-10-02,0.0,-0.06662741594379397,0.7137498262585863
1986-10-03,0.0,-0.08880614759474435,0.728363976932687
1986-10-06,0.0,-0.0839987945921536,0.7160811440198072
1986-10-07,0.0,-0.08517819590796889,0.7067773369450777
1986-10-08,0.0,-0.08661719020223088,0.704295601810561
1986-10-09,0.0,-0.08061659578110929,0.6787247325387077
1986-10-10,0.0,-0.046691381504206216,0.698863143213048
1986-10-13,0.0,-0.0560983574761567,0.6785017517501357
1986-10-14,0.0,-0.03247115469759911,0.689404393670498
1986-10-15,0.0,-0.013719272741358238,0.732028746468272
1986-10-16,0.0,-0.023301101754837104,0.7443109779419761
1986-10-17,1.0,0.007130154984591269,0.7601787058647498
1986-10-20,0.0,-0.02200505085137974,0.7281425986905112
1986-10-21,0.0,-0.043019970128431555,0.7309359635980375
1986-10-22,0.0,-0.03483505013014163,0.7258049265117318
1986-10-23,0.0,-0.056852811592782763,0.7397688717326855
1986-10-24,0.0,-0.011022769290750321,0.7473636524042364
1986-10-27,1.0,0.00426180249318536,0.7481832782770432
1986-10-28,1.0,0.0073989057287598345,0.7482239496420611
1986-10-29,1.0,0.009564757161111012,0.7502308051393274
1986-10-30,0.0,-0.014870162479451393,0.7485935078927272
1986-10-31,1.0,0.014237318792577962,0.7332253304351939
1986-11-03,0.0,-0.005430771185134212,0.7381646062836039
1986-11-04,0.0,-0.01431769706561009,0.7513235120721988
1986-11-05,0.0,-0.0157934017044246,0.7721389297094245
1986-11-06,0.0,-0.014670792625025254,0.7684140319101828
1986-11-07,0.0,-0.005650426530892422,0.7597521629072921
1986-11-10,0.0,-0.019420472694172457,0.7543839113141266
1986-11-11,0.0,-0.007416597655049707,0.7729753676905429
1986-11-12,0.0,-0.01161510648685248,0.7452258817602592
1986-11-13,0.0,-0.025223428294728987,0.7593738989739369
1986-11-14,0.0,-0.027313926433749178,0.7512258974755704
1986-11-17,1.0,0.012029268194362345,0.8129200554641316
1986-11-18,0.0,-0.002560820861673704,0.8006938687420898
1986-11-19,0.0,-0.0001271051797070658,0.8084043692143296
1986-11-20,1.0,0.026360669691068418,0.8285943743915971
1986-11-21,1.0,0.03791204602224894,0.8261326285733916
1986-11-24,1.0,0.048226836767435034,0.799995619792639
1986-11-25,1.0,0.05586912849030749,0.7875844796399643
1986-11-26,1.0,0.0520620290751448,0.796069016025733
1986-11-28,1.0,0.05664401239987395,0.7940006061173476
1986-12-01,1.0,0.02792154463174166,0.7663697991081945
1986-12-02,1.0,0.045912992829551975,0.766548873681367
1986-12-03,1.0,0.047965119432710736,0.7667798884053584
1986-12-04,1.0,0.05752942899874673,0.7770031360091714
1986-12-05,1.0,0.04858177082010321,0.7553576343045025
1986-12-08,1.0,0.04256175336243575,0.7542434180000205
1986-12-09,1.0,0.051249343059760755,0.7481145846622111
1986-12-10,1.0,0.04311820678060529,0.7369643770901009
1986-12-11,1.0,0.05765176963455209,0.7502367564659717
1986-12-12,1.0,0.046293588051562494,0.7446545950233553
1986-12-15,1.0,0.031307946873813906,0.6957352287975206
1986-12-16,1.0,0.03693349778248141,0.6667378438118114
1986-12-17,1.0,0.034820347140900675,0.6812779357025109
1986-12-18,1.0,0.03826055945493807,0.6823018173243869
1986-12-19,1.0,0.02794922119719743,0.6375181136723139
1986-12-22,1.0,0.03905969159312245,0.6541784760901722
1986-12-23,1.0,0.056493010368150645,0.6780080974335114
1986-12-29,1.0,0.06250171356921615,0.665446779793526
1986-12-30,1.0,0.059420947056908445,0.6697295253169921
1987-01-02,1.0,0.035113538938008046,0.6563565265705541
1987-01-05,1.0,0.06461684868776049,0.7069416312228757
1987-01-06,1.0,0.04531078457199332,0.6710261315566899
1987-01-07,1.0,0.044212842488464646,0.6794908171471215
1987-01-08,1.0,0.04132466840747575,0.6605943558714994
1987-01-09,1.0,0.04070258440607653,0.6662694191770407
1987-01-12,1.0,0.02486465253965826,0.6534579297285058
1987-01-13,1.0,0.02296173388672834,0.6553480774764668
1987-01-14,1.0,0.012925024354009666,0.6281536066621853
1987-01-15,1.0,0.011346792387727865,0.6141746436695514
1987-01-16,1.0,0.037535387125387856,0.634932962000007
1987-01-19,1.0,0.03181530355643739,0.6327168953679082
1987-01-20,1.0,0.06213033213508785,0.6678238391415284
1987-01-21,1.0,0.08674529706174368,0.7130026912136714
1987-01-22,1.0,0.06439385237168603,0.6940684653488536
1987-01-23,1.0,0.116671306803693,0.7415648905014288
1987-01-26,1.0,0.09284408730913142,0.7094379159164572
1987-01-27,1.0,0.09054905693126807,0.6726413444468974
1987-01-28,1.0,0.11073577114900769,0.6577532437117704
1987-01-29,1.0,0.14683643349715725,0.6934927033102486
1987-01-30,1.0,0.12317835897462019,0.7381520541800366
1987-02-02,1.0,0.0988241416431072,0.7064561332943603
1987-02-03,1.0,0.11502897167381042,0.7344371953887002
1987-02-04,1.0,0.12718671791956454,0.7411846701054514
1987-02-05,1.0,0.14088396518387422,0.7545781776975322
1987-02-06,1.0,0.12509739169101008,0.7200708800584114
1987-02-09,1.0,0.11693408105184926,0.721384164922186
1987-02-10,1.0,0.11732784125982895,0.7445534735046058
1987-02-11,1.0,0.11695556353635109,0.7398465570861533
1987-02-12,1.0,0.13554899298612866,0.740855363417085
1987-02-13,1.0,0.14749535130917307,0.7633589658678889
1987-02-16,1.0,0.14894069156832493,0.7793527433610042
1987-02-17,1.0,0.16795410069194464,0.745370783701756
1987-02-18,1.0,0.19347705096574006,0.7445464440252864
1987-02-19,1.0,0.18037058493074384,0.7204584319815134
1987-02-20,1.0,0.173001629654475,0.6604213643987128
1987-02-23,1.0,0.1513832485772536,0.6481357348107347
1987-02-24,1.0,0.15554500621822276,0.6747345252821352
1987-02-25,1.0,0.10116246035053982,0.6134437441231735
1987-02-26,1.0,0.10647348182724689,0.613707153757517
1987-02-27,1.0,0.1101292184659078,0.5931143790555813
1987-03-02,1.0,0.10326859340353123,0.5978362060179437
1987-03-03,1.0,0.08256715278879766,0.5778491684467052
1987-03-04,1.0,0.10682679158035378,0.5830969354006841
1987-03-05,1.0,0.09414088577017966,0.5724789962254431
1987-03-06,1.0,0.10446515613571758,0.6291462500857771
1987-03-09,1.0,0.10931294442437539,0.6450024838743447
1987-03-10,1.0,0.11454111642344907,0.6382887106961304
1987-03-11,1.0,0.10201547770998617,0.6358313558741224
1987-03-12,1.0,0.10203746489041397,0.6104381951617819
1987-03-13,1.0,0.10840428741178444,0.6190897772441847
1987-03-16,1.0,0.11286595343342339,0.6453447732994139
1987-03-17,1.0,0.0976943426203464,0.637472376052184
1987-03-18,1.0,0.1092579098321595,0.6476618550622796
1987-03-19,1.0,0.10569298089056674,0.6721334635939451
1987-03-20,1.0,0.10779603108734538,0.6618076908053707
1987-03-23,1.0,0.0912316486432145,0.6070394379170364
1987-03-24,1.0,0.061632549696445604,0.5759187558309529
1987-03-25,1.0,0.05832433901053434,0.566660225392775
1987-03-26,1.0,0.0683867006494535,0.6217093693940022
1987-03-27,1.0,0.052620418728222665,0.5599221594044483
1987-03-30,1.0,0.042596817856006365,0.597175759118702
1987-03-31,1.0,0.0676755468934128,0.6574945782613146
1987-04-01,1.0,0.06655262050927244,0.664696368210292
1987-04-02,1.0,0.06260358371815208,0.6606071894948806
1987-04-03,1.0,0.06372466006875128,0.660363747517369
1987-04-06,1.0,0.05234861585456559,0.6569581163931844
1987-04-07,1.0,0.05937287236852665,0.66895591365806
1987-04-08,1.0,0.05550557554095648,0.6575751703328255
1987-04-09,1.0,0.05858257738471966,0.6533222334680018
1987-04-10,1.0,0.028550528914076993,0.6942325128877107
1987-04-13,1.0,0.020099467301597628,0.7423628574496353
1987-04-14,1.0,0.009224950108428711,0.7338060070437988
1987-04-15,1.0,0.006508832315512189,0.7059535788537874
1987-04-16,1.0,0.03358168327595169,0.7164848302144111
1987-04-21,1.0,0.009410531667385487,0.6898364802968358
1987-04-22,1.0,0.011382781087280207,0.7135261653426851
1987-04-23,1.0,0.000887508378645814,0.7036619115287855
1987-04-24,0.0,-0.02143095359831497,0.7035589293834518
1987-04-27,0.0,-0.042184003474024255,0.6700163559165297
1987-04-28,1.0,0.0020949343347322173,0.7380627244829826
1987-04-29,1.0,0.00953127020454929,0.7317793941296392
1987-04-30,0.0,-0.0002206531341698089,0.7171453398556242
1987-05-01,0.0,-0.0013144924666328396,0.7195021634021304
1987-05-05,0.0,-0.003271540540614905,0.7149452188626645
1987-05-06,1.0,0.001970659713734275,0.698538019342068
1987-05-07,1.0,0.013605652055778678,0.6864860339443837
1987-05-08,1.0,0.0426745820555328,0.6864770505275628
1987-05-11,1.0,0.0440485715968495,0.6959664467697364
1987-05-12,1.0,0.019560000282941102,0.703080572353852
1987-05-13,1.0,0.017650049233298867,0.6791117211749553
1987-05-14,1.0,0.006593549261979808,0.6744675639762348
1987-05-15,0.0,-0.018904966896110098,0.6512133603338864
1987-05-18,0.0,-0.025792001694528315,0.6334659338003666
1987-05-19,0.0,-0.01647977370771965,0.6485673800822356
1987-05-20,0.0,-0.027194424416058627,0.6327609613091547
1987-05-21,0.0,-0.019589475851271694,0.6650271400489312
1987-05-22,0.0,-0.028703862340594924,0.6780423397846084
1987-05-25,1.0,0.018753996973321817,0.7838348643082164
1987-05-26,1.0,0.015124205051211335,0.7787183436582275
1987-05-27,1.0,0.006599232044562178,0.7400062383602678
1987-05-28,1.0,0.009928377197334692,0.7419573490021172
1987-06-01,1.0,0.03679493086658921,0.7586678529664069
1987-06-02,1.0,0.006571765163234519,0.7027435695820595
1987-06-03,1.0,0.00966615610564675,0.7243260423243358
1987-06-04,1.0,0.013165302605257308,0.723354066646988
1987-06-05,0.0,-0.0002205314817626826,0.7113018986609908
1987-06-08,0.0,-0.00615183748328856,0.6897689493069904
1987-06-09,1.0,0.022823813565256913,0.7087903885077853
1987-06-10,1.0,0.017512820455279434,0.6985671494143995
1987-06-11,0.0,-0.00010941517599411717,0.6961614636296724
1987-06-12,1.0,0.006238050324259516,0.6982377250236582
1987-06-15,1.0,0.02296930477062294,0.7228299255580873
1987-06-16,1.0,0.015560252585183796,0.7155709171614713
1987-06-17,1.0,0.009483970512776893,0.7287057916917249
1987-06-18,1.0,0.014489825411346195,0.725734282604975
1987-06-19,1.0,0.020719277658275456,0.7454262096012263
1987-06-22,1.0,0.05009394531891549,0.7866244780071597
1987-06-23,1.0,0.04768616042058199,0.7437017846353486
1987-06-24,1.0,0.038523940055370576,0.7459396523021502
1987-06-25,1.0,0.04667994505992625,0.7651508809369589
1987-06-26,1.0,0.04038055506011095,0.7413073425946473
1987-06-29,1.0,0.031192679395612887,0.6643299849396646
1987-06-30,1.0,0.031902386481592486,0.6838928331483944
1987-07-01,1.0,0.0333143536964234,0.6946827073792459
1987-07-02,1.0,0.029041957161148987,0.6886787108999176
1987-07-03,1.0,0.03408917949768503,0.7165049738580468
1987-07-06,1.0,0.02402785227790172,0.7146256591323901
1987-07-07,1.0,0.021917771187396885,0.7122104870368525
1987-07-08,1.0,0.022373288967921973,0.7362802630032668
1987-07-09,1.0,0.030819421816128352,0.7803454855604586
1987-07-10,1.0,0.029466021915273144,0.7784029850786817
1987-07-13,1.0,0.02575724109466851,0.7679888971251435
1987-07-14,1.0,0.033114515720480533,0.7624263078719462
1987-07-15,1.0,0.01979396463743649,0.7011752549645752
1987-07-16,1.0,0.011939459426296165,0.7082934412261291
1987-07-17,1.0,0.022384081383537435,0.7342258983370227
1987-07-20,1.0,0.03422677416029127,0.719337532733881
1987-07-21,1.0,0.028008151280394696,0.7047565570002691
1987-07-22,1.0,0.05578965552980284,0.6987687897538426
1987-07-23,1.0,0.02254383520810993,0.660346572330825
1987-07-24,1.0,0.029775099722093645,0.6565675239661949
1987-07-27,1.0,0.04001398859507145,0.6670528230238568
1987-07-28,1.0,0.030974256233951045,0.6426984171976241
1987-07-29,1.0,0.0369916204800211,0.6519654717747476
1987-07-30,1.0,0.0361957570846409,0.6531565924500706
1987-07-31,1.0,0.031917602968304946,0.6270324430309907
1987-08-03,0.0,-0.000634786309932032,0.6254218032545192
1987-08-04,0.0,-0.009764458817080584,0.628821805978971
1987-08-05,0.0,-0.0006387735764948989,0.6611359784806088
1987-08-06,0.0,-0.009539704695845279,0.6559999662860015
1987-08-07,1.0,0.004407424495572502,0.6971255760729596
1987-08-10,0.0,-0.007728770851272681,0.7345979922373761
1987-08-11,0.0,-0.002605298911763254,0.7439965435705482
1987-08-12,1.0,0.00021577300763398727,0.7248916370962437
1987-08-13,0.0,-0.009231670232665506,0.7190078669663202
1987-08-14,1.0,0.004013673555478514,0.7175426675190886
1987-08-17,1.0,0.01998428505346543,0.7762280632995632
1987-08-18,1.0,0.01615298820863029,0.7163838822343016
1987-08-19,1.0,0.012521258913334294,0.7263661294434656
1987-08-20,1.0,0.018464736618654012,0.7301705174823212
1987-08-21,1.0,0.017842074697402087,0.7238666241561592
1987-08-24,1.0,0.012220992418825752,0.6714377518653195
1987-08-25,1.0,0.016672465874146447,0.6833408707677864
1987-08-26,1.0,0.02589700182824248,0.6884211986530187
1987-08-27,1.0,0.03480940466586115,0.6772416983622183
1987-08-28,1.0,0.04969298502082818,0.7176995352757398
1987-09-02,1.0,0.05133186113695672,0.7137384410031287
1987-09-03,1.0,0.032504189149715576,0.6506390843300814
1987-09-04,1.0,0.060256669214728394,0.6456106675562443
1987-09-08,1.0,0.06533151006360936,0.7064612468587541
1987-09-09,1.0,0.06871644954892828,0.670748088412409
1987-09-10,1.0,0.06498659544393351,0.6360545366015278
1987-09-11,1.0,0.0761794826526936,0.6654396363873546
1987-09-14,1.0,0.05467359164254221,0.730522300149511
1987-09-15,1.0,0.05409016415396774,0.6793759492511677
1987-09-16,1.0,0.05475587910342838,0.6796270383424722
1987-09-17,1.0,0.058002550157785666,0.6333125428542407
1987-09-18,1.0,0.06660752936059314,0.637039311451743
1987-09-21,1.0,0.08483992212533303,0.6759460729632938
1987-09-22,1.0,0.06490407017598307,0.6467181658206246
1987-09-23,1.0,0.05039540005157237,0.6501649879029954
1987-09-24,1.0,0.028679607694529628,0.6424084877208102
1987-09-25,1.0,0.04073537318536621,0.6784242422514405
1987-09-28,1.0,0.040713493462263245,0.6812400277307304
1987-09-29,1.0,0.050095363397574824,0.7086583037959931
1987-09-30,1.0,0.04676728944243851,0.70015249874524
1987-10-01,1.0,0.06551353477574066,0.7846514098755049
1987-10-02,1.0,0.06342367080429276,0.7771342422961933
1987-10-05,1.0,0.05123852837532409,0.7495527460481018
1987-10-06,1.0,0.03749769787126005,0.7217730019739172
1987-10-07,1.0,0.0497201768877539,0.735523599248618
1987-10-08,1.0,0.05385467348212691,0.737492021095972
1987-10-09,1.0,0.04620516346522341,0.7002852587449946
1987-10-12,1.0,0.04685465471992343,0.7103007938257028
1987-10-13,1.0,0.04513324520047182,0.7554864259245245
1987-10-14,1.0,0.0447725142646056,0.7288627145378653
1987-10-15,1.0,0.031226165761641944,0.6784090163564606
1987-10-16,1.0,0.03183601314841867,0.7186262777524213
1987-10-19,0.0,-0.011710715179667631,0.7436577971179729
1987-10-20,1.0,0.027195217496185288,0.845539030567106
1987-10-21,1.0,0.022548989047120126,0.8302187619980884
1987-10-22,1.0,0.011698505127898905,0.8147718089218837
1987-10-23,1.0,0.01204197502732804,0.8253003613029705
1987-10-26,1.0,0.0026281224062694084,0.8182595122384773
1987-10-27,0.0,-0.009006683401501773,0.8050631125544778
1987-10-28,0.0,-0.026526754333428597,0.7822100246630989
1987-10-29,0.0,-0.012995496055762293,0.8214339392673692
1987-10-30,0.0,-0.02330705414861797,0.8435834440577863
1987-11-02,0.0,-0.03643864420640476,0.8510557577012889
1987-11-03,0.0,-0.018149713013419503,0.8673981524385316
1987-11-04,0.0,-0.045534715919435406,0.8561493096298991
1987-11-05,0.0,-0.03175222340706993,0.8904340520327616
1987-11-06,0.0,-0.04059557088065993,0.8761051639814169
1987-11-09,0.0,-0.04727028417371229,0.8670612411996079
1987-11-10,0.0,-0.04382705073602647,0.8870575907842406
1987-11-11,0.0,-0.045968555927725044,0.872484443245838
1987-11-12,0.0,-0.04840100863202618,0.858534578730711
1987-11-13,0.0,-0.0470066174479943,0.8516892697965113
1987-11-16,0.0,-0.0365840709653567,0.8655436059706586
1987-11-17,0.0,-0.04310253817006862,0.8264801841384148
1987-11-18,0.0,-0.03981610278434079,0.8389862477935228
1987-11-19,0.0,-0.03924221182573902,0.8287875438393421
1987-11-20,0.0,-0.050197639059179074,0.8282254030730318
1987-11-23,0.0,-0.052258036506059063,0.8083247572718127
1987-11-24,0.0,-0.07110035382651624,0.7723585207543854
1987-11-25,0.0,-0.08939903869412648,0.7539190146670925
1987-11-26,0.0,-0.10022120377812978,0.7486419159751859
1987-11-27,0.0,-0.10561602953245833,0.7463196464553885
1987-11-30,0.0,-0.14470306364383695,0.7661232817201521
1987-12-01,0.0,-0.12774951055130504,0.7754468802394261
1987-12-02,0.0,-0.135016649541172,0.7535874660856737
1987-12-03,0.0,-0.13495778104771985,0.7365279422971354
1987-12-04,0.0,-0.1391173139206932,0.724796981376956
1987-12-07,0.0,-0.09876621255806298,0.8027671270178259
1987-12-08,0.0,-0.10425987579986315,0.7825014272463334
1987-12-09,0.0,-0.10370966922430114,0.786173499333615
1987-12-10,0.0,-0.09810095564502219,0.7703820159259305
1987-12-11,0.0,-0.11066556788751943,0.7525003256298465
1987-12-14,0.0,-0.12223264034061485,0.722400521300935
1987-12-15,0.0,-0.10773219218879772,0.753635520025802
1987-12-16,0.0,-0.08605843541130803,0.7734515220566723
1987-12-17,0.0,-0.06936691300992098,0.8078216057764943
1987-12-18,0.0,-0.08263615785016908,0.8005873487015779
1987-12-21,0.0,-0.06620657823826821,0.817573730056711
1987-12-22,0.0,-0.07544666043931829,0.803298970097511
1987-12-23,0.0,-0.06877037732650525,0.8092918610725611
1987-12-30,0.0,-0.06760408953393295,0.7757639980278419
1987-12-31,0.0,-0.0690518929117458,0.7990506055837238
1988-01-04,0.0,-0.05695031894792731,0.8244769663247862
1988-01-05,0.0,-0.04428926740948664,0.8369011022606354
1988-01-06,0.0,-0.05915213976991105,0.8052380766833992
1988-01-07,0.0,-0.056477339175138426,0.8022681935721248
1988-01-08,0.0,-0.06466252138573042,0.809100727595252
1988-01-11,0.0,-0.07296407993614494,0.7879610272366501
1988-01-12,0.0,-0.07161316836493911,0.8014145202962699
1988-01-13,0.0,-0.06982326389505832,0.7985253822224329
1988-01-14,0.0,-0.07012117114048491,0.8130245618722628
1988-01-15,0.0,-0.06338712650515747,0.8197324744217706
1988-01-18,0.0,-0.05635446082171098,0.84001292348672
1988-01-19,0.0,-0.057701054292309456,0.7874237739395364
1988-01-20,0.0,-0.04572775878266039,0.7867929145642928
1988-01-21,0.0,-0.04106650610957607,0.7872668665629433
1988-01-22,0.0,-0.04137338548353667,0.7984284179745064
1988-01-25,0.0,-0.04038464485222996,0.798440341198623
1988-01-26,0.0,-0.033552931017294105,0.8141372354695284
1988-01-27,0.0,-0.03590578350124826,0.8200832101293009
1988-01-28,0.0,-0.03524449670024066,0.8106808640769984
1988-01-29,0.0,-0.024310589500616125,0.8251688952442139
1988-02-01,0.0,-0.0053156271343869,0.7983399168238999
1988-02-02,0.0,-0.008370092918836131,0.7752213435314979
1988-02-03,1.0,0.008050132918987096,0.7577504223731041
1988-02-04,1.0,0.005960766679113614,0.7396981018817153
1988-02-05,1.0,0.0035030263518366143,0.7350421327319092
1988-02-08,1.0,0.006201045858578815,0.742364774280635
1988-02-09,1.0,0.009530364850694062,0.7235405272847044
1988-02-10,0.0,-0.0015882022623692916,0.7141539620569903
1988-02-11,1.0,0.013637855779605143,0.7257525932441488
1988-02-12,1.0,0.012322324617480377,0.7208413306225692
1988-02-15,1.0,0.012270092591814401,0.7159369783401366
1988-02-16,1.0,0.01006157174543484,0.7290336015126745
1988-02-17,1.0,0.017022161021886174,0.7277447723799608
1988-02-18,1.0,0.0165201384421363,0.7303937783395715
1988-02-19,1.0,0.024753187112195447,0.7537830282479796
1988-02-22,1.0,0.027453572752185778,0.7551266890825731
1988-02-23,1.0,0.02786316436783326,0.7573530801350229
1988-02-24,1.0,0.04816160287084469,0.7337639125668196
1988-02-25,1.0,0.05657324433308763,0.7175730271543034
1988-02-26,1.0,0.053045736358456184,0.7034256376333065
1988-02-29,1.0,0.06165245266665383,0.6366809165336187
1988-03-01,1.0,0.051526204601716294,0.619530367866357
1988-03-02,1.0,0.06017192517717825,0.5945816496128491
1988-03-03,1.0,0.06244620326063704,0.5928753173040026
1988-03-04,1.0,0.049473668589211164,0.5839185716990161
1988-03-07,1.0,0.06397917684658565,0.5375199295944724
1988-03-08,1.0,0.06262452147800118,0.5448073531453997
1988-03-09,1.0,0.061957874544079534,0.5383309631094376
1988-03-10,1.0,0.0343271693456163,0.5218509380560357
1988-03-11,1.0,0.030428650204802014,0.5428559675025492
1988-03-14,1.0,0.03412010702569354,0.5399371242514889
1988-03-15,1.0,0.015260619318908304,0.5222867716731676
1988-03-16,1.0,0.0006721183181215678,0.4921530791953954
1988-03-17,1.0,0.014484932921367231,0.48741320346931855
1988-03-18,1.0,0.02464579720682773,0.5107139335741753
1988-03-21,1.0,0.0022234583923971033,0.5091434289093513
1988-03-22,1.0,0.013967636458203769,0.5231808423157184
1988-03-23,1.0,0.0047716896841775635,0.5078014484678084
1988-03-24,0.0,-0.01207837831891539,0.4952665467489486
1988-03-25,0.0,-0.008892899869248471,0.48034972757268396
1988-03-28,0.0,-0.023742964508102607,0.46026277245652497
1988-03-29,0.0,-0.025830872824950453,0.44942964074194774
1988-03-30,0.0,-0.022059718064732104,0.4238822881674639
1988-03-31,0.0,-0.052566845895041174,0.42763597060928216
1988-04-05,0.0,-0.038312836156725726,0.43678772181807185
1988-04-06,0.0,-0.029324307119024187,0.4566347779997988
1988-04-07,0.0,-0.021814936859049283,0.45867236532824507
1988-04-08,0.0,-0.0284379353205334,0.4648181101966485
1988-04-11,0.0,-0.017759261844594705,0.4776589684220216
1988-04-12,0.0,-0.025613622215111476,0.4486148880047457
1988-04-13,0.0,-0.02832666967368722,0.43264121784454407
1988-04-14,0.0,-0.03744145983697789,0.4219457281660174
1988-04-15,0.0,-0.04780445684467275,0.3556545185404872
1988-04-18,0.0,-0.03839136283620537,0.35768480476797043
1988-04-19,0.0,-0.03973737100155395,0.3618554686580582
1988-04-20,0.0,-0.048719112911384956,0.3227829016120357
1988-04-21,0.0,-0.0404322337596436,0.32353906825494944
1988-04-22,0.0,-0.010307059653883273,0.38258384687553637
1988-04-25,0.0,-0.012179601926687308,0.3243440901616938
1988-04-26,0.0,-0.010796326190222942,0.3474715764740418
1988-04-27,0.0,-0.026554215495288233,0.30171321836287274
1988-04-28,0.0,-0.047331374705772124,0.2900216529473458
1988-04-29,0.0,-0.03663164008047141,0.30492127606047215
1988-05-03,0.0,-0.02993451757711231,0.3458038094832381
1988-05-04,0.0,-0.01465852052362191,0.33862662723574627
1988-05-05,0.0,-0.02331107886844711,0.3255374305972343
1988-05-06,0.0,-0.022958006778163148,0.33417636753635976
1988-05-09,0.0,-0.014408482542976934,0.3323687272630984
1988-05-10,0.0,-0.030806641927267023,0.2898191773044649
1988-05-11,0.0,-0.03685433243190963,0.2751160058607702
1988-05-12,0.0,-0.043041751258568024,0.2709032423539716
1988-05-13,0.0,-0.05416610145229583,0.2823513481129308
1988-05-16,0.0,-0.05919156198897534,0.2545586069876245
1988-05-17,0.0,-0.060631494503346144,0.25407936862717534
1988-05-18,0.0,-0.046782269445632574,0.2536745449650757
1988-05-19,0.0,-0.06228438457140092,0.24076844718294815
1988-05-20,0.0,-0.050148527523210626,0.252018421842432
1988-05-23,0.0,-0.06377336834295808,0.22068802524953476
1988-05-24,0.0,-0.06028296340318957,0.22181894846442493
1988-05-25,0.0,-0.048063395943461436,0.239652988694274
1988-05-26,0.0,-0.050335759531212595,0.2446783835327256
1988-05-27,0.0,-0.04386866631327278,0.26357744257579224
1988-05-31,0.0,-0.050657988697523144,0.2395839393038722
1988-06-01,0.0,-0.050630937813924685,0.23032432467620872
1988-06-02,0.0,-0.04635209833376895,0.2606593124441175
1988-06-03,0.0,-0.08285312331862975,0.29451609076825225
1988-06-06,0.0,-0.0825302823150186,0.2993216543730564
1988-06-07,0.0,-0.07603124097616182,0.30109224677550256
1988-06-08,0.0,-0.06566762107359154,0.39115367775340837
1988-06-09,0.0,-0.06111189607569105,0.4097130853885672
1988-06-10,0.0,-0.0686261180698879,0.3965142138678833
1988-06-13,0.0,-0.047315750538024955,0.5092508668762116
1988-06-14,0.0,-0.03905051487187314,0.5288970721222648
1988-06-15,0.0,-0.0748570613644117,0.4549933429786701
1988-06-16,0.0,-0.07655134318351287,0.42555446938284025
1988-06-17,0.0,-0.06598320661415537,0.5001606478981262
1988-06-20,0.0,-0.08102476907163952,0.4327851071722095
1988-06-21,0.0,-0.0842676428878129,0.4685621081017037
1988-06-22,0.0,-0.09219352545604909,0.5148641510944547
1988-06-23,0.0,-0.08818954446630094,0.5148505708269081
1988-06-24,0.0,-0.10104571673023771,0.5579225690314085
1988-06-27,0.0,-0.10842307453311158,0.553056620857863
1988-06-28,0.0,-0.10314750299568548,0.542868984751712
1988-06-29,0.0,-0.09236215952052962,0.5266487238403834
1988-06-30,0.0,-0.09471477811961088,0.4945327431907495
1988-07-01,0.0,-0.09969197600758724,0.4808075148627081
1988-07-05,0.0,-0.09348348675157044,0.48048132346454786
1988-07-06,0.0,-0.09377747221705036,0.4879630145533405
1988-07-07,0.0,-0.1074038811094113,0.4366088883140244
1988-07-08,0.0,-0.09770266172024006,0.4605926501839577
1988-07-11,0.0,-0.09945106746526905,0.47360567620639826
1988-07-12,0.0,-0.07178772385590768,0.4906888285677756
1988-07-13,0.0,-0.07417870851931695,0.4825158123363683
1988-07-14,0.0,-0.08027907517883243,0.4463276465736352
1988-07-15,0.0,-0.07529993008551732,0.4678195757330178
1988-07-18,0.0,-0.06950127241302373,0.49082033371984074
1988-07-19,0.0,-0.07013966060345808,0.47427983686038855
1988-07-20,0.0,-0.08553826108365493,0.39771321382417274
1988-07-21,0.0,-0.07406473358491174,0.4068102273968466
1988-07-22,0.0,-0.07207476237162404,0.4044751226759041
1988-07-25,0.0,-0.06415850973265606,0.44144437883248056
1988-07-26,0.0,-0.0450633511384287,0.4848463965971037
1988-07-27,0.0,-0.0536245176915825,0.4706740743228466
1988-07-28,0.0,-0.06503932050085101,0.4572794570171016
1988-07-29,0.0,-0.06906646132177559,0.41100714144160355
1988-08-01,0.0,-0.06463056402962393,0.4280722125466921
1988-08-02,0.0,-0.060119261375401224,0.42958555125311265
1988-08-03,0.0,-0.05346590218842337,0.421335414580942
1988-08-04,0.0,-0.048974896077776185,0.43950551428812723
1988-08-05,0.0,-0.05204137177241885,0.4480310866875971
1988-08-08,0.0,-0.04074965917355647,0.45180234250449036
1988-08-09,0.0,-0.005652393758614386,0.4015327849589299
1988-08-10,0.0,-0.014619453963603618,0.3987514485060716
1988-08-11,0.0,-0.017324103059019217,0.4000070045321244
1988-08-12,0.0,-0.034996525854107736,0.37966798637537663
1988-08-15,0.0,-0.02220877366814865,0.40141865098926555
1988-08-16,0.0,-0.03181953212172191,0.37074597869304526
1988-08-17,0.0,-0.02048817691694593,0.40316704939414455
1988-08-18,0.0,-0.026360669691068508,0.390717668267075
1988-08-19,0.0,-0.020080058287000695,0.3679989525748043
1988-08-22,0.0,-0.016728471049333202,0.367793876585672
1988-08-23,0.0,-0.024808199482946613,0.3372600851805549
1988-08-24,0.0,-0.03585456052698678,0.3356313624624092
1988-08-25,0.0,-0.042940196714294776,0.3285271163431746
1988-08-26,0.0,-0.03464617558543621,0.3243482596644149
1988-08-30,0.0,-0.0200715120689846,0.3750387623370657
1988-08-31,0.0,-0.018403256200666795,0.3741721126852399
1988-09-01,0.0,-0.014745732367029573,0.33446849245147114
1988-09-02,0.0,-0.010551094365813973,0.3511394250571453
1988-09-06,0.0,-0.012565487389105954,0.3526683275421815
1988-09-07,0.0,-0.010943216813743903,0.36205508734092023
1988-09-08,0.0,-0.008206376652187899,0.34037010436382936
1988-09-09,0.0,-0.012065981330344868,0.32147791431922645
1988-09-12,1.0,0.02263180046019756,0.41051807731745543
1988-09-13,1.0,0.017213346493395926,0.39855130022131235
1988-09-14,1.0,0.002606327740046147,0.3750568994321755
1988-09-15,1.0,0.010332019944271095,0.40876531620398565
1988-09-16,1.0,0.011019395249610698,0.42598849993673593
1988-09-19,1.0,0.02653955523461231,0.43801868563877683
1988-09-20,1.0,0.02528731971464928,0.4288564561499819
1988-09-21,1.0,0.04716648305333446,0.4812196354028773
1988-09-22,1.0,0.050733741260986745,0.48803047916061976
1988-09-23,1.0,0.028077204539106913,0.47386253727411176
1988-09-26,1.0,0.045496103164725965,0.46243470461694175
1988-09-27,1.0,0.0390172947548386,0.44466035996023495
1988-09-28,1.0,0.047416289265162836,0.4372751266463716
1988-09-29,1.0,0.04597806431167469,0.4202383512958592
1988-09-30,1.0,0.0373863786497927,0.4319165026468886
1988-10-03,1.0,0.03535251871571965,0.4287880999913209
1988-10-04,1.0,0.03234450572962478,0.4245062140849761
1988-10-05,1.0,0.034546178857031026,0.4264755433668427
1988-10-06,1.0,0.008631372945288138,0.4162082190284066
1988-10-07,1.0,0.0060475346298467965,0.42817680759197013
1988-10-10,0.0,-0.010627880559404373,0.40051286513780743
1988-10-11,0.0,-0.006775510983608114,0.410374186603175
1988-10-12,0.0,-0.006418190385534891,0.4020484756452081
1988-10-13,0.0,-0.006289716733325549,0.41333011919497825
1988-10-14,0.0,-0.00504213083221605,0.3875403904635048
1988-10-17,0.0,-0.02824005957421635,0.3719153177633619
1988-10-18,0.0,-0.02261372017922931,0.3746499448262212
1988-10-19,0.0,-0.02150620522096362,0.33490560954938686
1988-10-20,0.0,-0.021084379976904637,0.3155507250215225
1988-10-21,0.0,-0.011645856414732625,0.3356430421832852
1988-10-24,1.0,0.004797352210761223,0.3733105230209595
1988-10-25,1.0,0.0015932352166103214,0.34886592001556804
1988-10-26,0.0,-0.00788569882318478,0.34048537200939916
1988-10-27,0.0,-0.0030721990369701403,0.33669748151010204
1988-10-28,0.0,-0.028969668403060863,0.3108786498278899
1988-10-31,0.0,-0.045642842844871044,0.2997683058728015
1988-11-01,0.0,-0.04199896659143024,0.3079672157489711
1988-11-02,0.0,-0.05437535259024301,0.2919879926404022
1988-11-03,0.0,-0.07935407693929626,0.28984628233064824
1988-11-04,0.0,-0.07648609455868934,0.3067993289199132
1988-11-07,0.0,-0.08093468882267799,0.2985689908964872
1988-11-08,0.0,-0.06761084275624192,0.31168677525753274
1988-11-09,0.0,-0.07460165936719375,0.291967957278629
1988-11-10,0.0,-0.0622663887260007,0.3164480002983209
1988-11-11,0.0,-0.07584817024269098,0.29807933715888013
1988-11-14,0.0,-0.08664286523101827,0.307630053280738
1988-11-15,0.0,-0.09883051988009861,0.2759529568638092
1988-11-16,0.0,-0.10658024392771369,0.2804233820088966
1988-11-17,0.0,-0.09371193161730659,0.29699306536550885
1988-11-18,0.0,-0.09365983680426791,0.3186587629798926
1988-11-21,0.0,-0.08122543992258587,0.3149374488493599
1988-11-22,0.0,-0.07865942329753764,0.28307530280935955
1988-11-23,0.0,-0.07103943142357755,0.26892679706354666
1988-11-24,0.0,-0.07809992015446626,0.2620227132884628
1988-11-25,0.0,-0.0822852580379665,0.22753465607113105
1988-11-28,0.0,-0.0918982110845539,0.22351123456952207
1988-11-29,0.0,-0.09683580528133089,0.2362302858857298
1988-11-30,0.0,-0.09604400317520444,0.23893616795633071
1988-12-01,0.0,-0.09462765821367858,0.22451513907910042
1988-12-02,0.0,-0.09125242481735771,0.19983766274376713
1988-12-05,0.0,-0.09338894962643099,0.20625115984748002
1988-12-06,0.0,-0.08066631918378783,0.21256311072066442
1988-12-07,0.0,-0.07644058975109858,0.2482141383893843
1988-12-08,0.0,-0.07276381268663162,0.23687244434868981
1988-12-09,0.0,-0.06712275873518708,0.2648812123647688
1988-12-12,0.0,-0.06136894637629213,0.25584350015868285
1988-12-13,0.0,-0.06788935284858869,0.254025381242385
1988-12-14,0.0,-0.07564761833931478,0.24010548627545286
1988-12-15,0.0,-0.059445367595301495,0.24903727333362705
1988-12-16,0.0,-0.04026558185004117,0.2867589299430496
1988-12-19,0.0,-0.05196779633163529,0.27903432685076196
1988-12-20,0.0,-0.04850563211679298,0.2959744955501945
1988-12-21,0.0,-0.04868163170907565,0.2815940790711495
1988-12-22,0.0,-0.06561759324035848,0.27122001147601227
1988-12-28,0.0,-0.07517989850783519,0.2957798027989481
1988-12-29,0.0,-0.06690573271729361,0.3109986920751978
1989-01-03,0.0,-0.07149495786318918,0.3055182514013659
1989-01-04,0.0,-0.0780902970472347,0.3904630120772561
1989-01-05,0.0,-0.051907356427110106,0.4114511142297261
1989-01-06,0.0,-0.05917986801856782,0.42947607190948744
1989-01-09,0.0,-0.046017269744601755,0.4275321322887467
1989-01-10,0.0,-0.05657689168937473,0.4094413503282398
1989-01-11,0.0,-0.05680885515422545,0.4155640424230994
1989-01-12,0.0,-0.048542761892069096,0.41498447638764463
1989-01-13,0.0,-0.04617369121937579,0.39732536556889947
1989-01-16,0.0,-0.02841997399127492,0.42771988100944885
1989-01-17,0.0,-0.040718415878078514,0.4222282408013661
1989-01-18,0.0,-0.044062228059643355,0.41990052103447284
1989-01-19,0.0,-0.0499119527029014,0.41263017302843974
1989-01-20,0.0,-0.05473877154871564,0.38434908647172017
1989-01-23,0.0,-0.05927567317850194,0.3528628589999446
1989-01-24,0.0,-0.06135964573780323,0.35630502287954385
1989-01-25,0.0,-0.05243981456421531,0.4011220339613078
1989-01-26,0.0,-0.051390465100374254,0.37519961118728945
1989-01-27,0.0,-0.04058750044015607,0.42176395589904614
1989-01-30,0.0,-0.025057526879228523,0.37882214997374913
1989-01-31,0.0,-0.0426478990484992,0.3798373824053591
1989-02-01,0.0,-0.03986246689467699,0.38612804268657824
1989-02-02,0.0,-0.032483042986245915,0.3843286356029949
1989-02-03,0.0,-0.030591386455226816,0.37843552130368246
1989-02-06,0.0,-0.031956621865998236,0.37783491701049826
1989-02-07,0.0,-0.03315220731690051,0.3728132970696422
1989-02-08,0.0,-0.03770093658001556,0.37596414272400086
1989-02-09,0.0,-0.04306761544572278,0.3665681592245493
1989-02-10,0.0,-0.02930087862784944,0.3827728018577634
1989-02-13,0.0,-0.01890316197543386,0.3874944047228065
1989-02-14,0.0,-0.02718204033039672,0.39356098268864337
1989-02-15,0.0,-0.017207572169426803,0.4101852319314205
1989-02-16,0.0,-0.03266838148768094,0.4080967399529122
1989-02-17,0.0,-0.02772032503296505,0.41277437733292793
1989-02-21,0.0,-0.04807334161747763,0.39470352988771273
1989-02-22,0.0,-0.07236914368569827,0.40581876279854195
1989-02-23,0.0,-0.06890141783102786,0.4032578731690965
1989-02-24,0.0,-0.07177369481835043,0.41931928225434406
1989-02-27,0.0,-0.07162965613925483,0.37748014053819184
1989-02-28,0.0,-0.05633795707301641,0.3876485655798602
1989-03-01,0.0,-0.06134093090186064,0.4015063500016108
1989-03-02,0.0,-0.059290529045557185,0.4017777960715597
1989-03-03,0.0,-0.06688772418023481,0.3980166441563102
1989-03-06,0.0,-0.06880843769815861,0.39755307482276714
1989-03-07,0.0,-0.06762282058077265,0.38616853320105293
1989-03-08,0.0,-0.07824925014611309,0.37264476528095436
1989-03-09,0.0,-0.045195101590868564,0.3829780325159841
1989-03-10,0.0,-0.04948926490018377,0.37025095108223927
1989-03-13,0.0,-0.06377448187972345,0.36667730876479804
1989-03-14,0.0,-0.09305954981613686,0.34529948513611197
1989-03-15,0.0,-0.09106874202617711,0.3556118225845133
1989-03-16,0.0,-0.0754521646546871,0.3564478941233387
1989-03-17,0.0,-0.08684999928476218,0.3327622906438848
1989-03-20,0.0,-0.07929498897048166,0.3103309142986531
1989-03-21,0.0,-0.07492111174992735,0.3393695795876212
1989-03-22,0.0,-0.07042846536964689,0.33005738065682266
1989-03-23,0.0,-0.07627249626744265,0.31310137373202906
1989-03-28,0.0,-0.055240867710676864,0.3412699575652487
1989-03-29,0.0,-0.034401426717332324,0.4013090013970113
1989-03-30,0.0,-0.023735291453264983,0.37579338124052614
1989-03-31,0.0,-0.018303230033620017,0.3751285009247402
1989-04-03,0.0,-0.012893114070326336,0.35590449243566685
1989-04-04,0.0,-0.027133193455652797,0.3059582422729457
1989-04-05,0.0,-0.026456569536830468,0.3359653911723741
1989-04-06,0.0,-0.025961792837866905,0.3147390167098274
1989-04-07,0.0,-0.01582102874608619,0.34174511605533753
1989-04-10,1.0,0.005489492284771515,0.33949875028203697
1989-04-11,1.0,0.0012978587156000124,0.3223257416311756
1989-04-12,0.0,-0.009600488891672632,0.29673170947361394
1989-04-13,0.0,-0.01810004164361799,0.2742302717727584
1989-04-14,0.0,-0.01947901317083509,0.3092363675323784
1989-04-17,0.0,-0.014119727323092484,0.30458935723529007
1989-04-18,0.0,-0.021588307143468703,0.3345358564708047
1989-04-19,0.0,-0.03471926831505182,0.3381286761612456
1989-04-20,0.0,-0.035519238736467354,0.3464715686017374
1989-04-21,0.0,-0.03255547528452047,0.3410241700939374
1989-04-24,0.0,-0.03407688024861877,0.3288695127084781
1989-04-25,0.0,-0.039241444127430476,0.28209608632272837
1989-04-26,0.0,-0.03028330587099565,0.2721279540697922
1989-04-27,0.0,-0.032533945781354906,0.2558219213277583
1989-04-28,0.0,-0.016827320132525178,0.3657506433551459
1989-05-02,0.0,-0.013738128706962628,0.3464307461784699
1989-05-03,0.0,-0.011823452248855086,0.32519881086874697
1989-05-04,0.0,-0.02286348672587905,0.3238417489142858
1989-05-05,0.0,-0.01989312912890354,0.34945153732616907
1989-05-08,0.0,-0.024758708627938074,0.29932123586784465
1989-05-09,0.0,-0.017027963885381567,0.33427486564372844
1989-05-10,0.0,-0.021301629347813253,0.32587248700289567
1989-05-11,0.0,-0.020966248404389112,0.3017426178354271
1989-05-12,0.0,-0.030134106844074214,0.3030535905380864
1989-05-15,0.0,-0.021360822996301418,0.3337856511332809
1989-05-16,0.0,-0.02679094071271149,0.31216060006863994
1989-05-17,0.0,-0.0164015876009853,0.3434656846495163
1989-05-18,0.0,-0.022135075068573488,0.34733970877697945
1989-05-19,0.0,-0.006037339962676851,0.3753780251006832
1989-05-22,1.0,0.017497174358713306,0.41393142876931355
1989-05-23,1.0,0.008468839032819276,0.3827872233546949
1989-05-24,1.0,0.009361301843582548,0.4087360454403044
1989-05-25,1.0,0.007261798027953165,0.39222097912625153
1989-05-26,1.0,0.0002733360683956462,0.35645481572312193
1989-05-30,1.0,0.014293811257144904,0.3731509269183351
1989-05-31,1.0,0.012088059279215522,0.3736172657235211
1989-06-01,1.0,0.002211167291184892,0.375490750344849
1989-06-02,0.0,-0.0029087907482317566,0.378940983313579
1989-06-05,0.0,-0.014896827204380573,0.35348956912310464
1989-06-06,1.0,0.004102289357573173,0.35357922477937526
1989-06-07,0.0,-0.039242092323556396,0.31371808424236247
1989-06-08,0.0,-0.041155828607815546,0.3215843398971111
1989-06-09,0.0,-0.025857581466658636,0.3827714467113084
1989-06-12,0.0,-0.003758094756401097,0.47093984963322555
1989-06-13,1.0,0.004173048203618914,0.4548614319357628
1989-06-14,0.0,-0.0052755918553676175,0.4483279626619941
1989-06-15,0.0,-0.005269739001354151,0.4521367040488339
1989-06-16,0.0,-0.019345635797298585,0.41784052603120736
1989-06-19,0.0,-0.01604460421477059,0.40747094829333524
1989-06-20,0.0,-0.02234267536592966,0.3760798647414621
1989-06-21,0.0,-0.012098030426341708,0.3976806130521423
1989-06-22,0.0,-0.03859886462094743,0.3497337476306183
1989-06-23,0.0,-0.02823265493669193,0.33251143995760357
1989-06-26,0.0,-0.038217746849960085,0.2890362493749069
1989-06-27,0.0,-0.036539924298788294,0.2841332988065319
1989-06-28,0.0,-0.029735406463914666,0.29419251321329054
1989-06-29,0.0,-0.030763354156989747,0.28121453752294356
1989-06-30,0.0,-0.015263347577529012,0.3022494205607637
1989-07-03,0.0,-0.017508864788343226,0.2942956004567351
1989-07-04,0.0,-0.019457172022558335,0.27969587157613823
1989-07-05,0.0,-0.045601821682577,0.2714196617294567
1989-07-06,0.0,-0.050542671676678044,0.2815646717918208
1989-07-07,0.0,-0.04547146907859922,0.2762684882189009
1989-07-10,0.0,-0.047421238562090365,0.23310810961116185
1989-07-11,0.0,-0.03424302342221268,0.25495621145468944
1989-07-12,0.0,-0.03633350923547193,0.24740860793038283
1989-07-13,0.0,-0.0345211943682331,0.2836584525228791
1989-07-14,0.0,-0.02153551947267553,0.31604251433688724
1989-07-17,0.0,-0.023755383281562792,0.3143610933158373
1989-07-18,0.0,-0.02907062440601577,0.29778791536007326
1989-07-19,0.0,-0.02057713810450938,0.33255925757613425
1989-07-20,0.0,-0.021383177689004444,0.32660613384439385
1989-07-21,0.0,-0.010799241021760273,0.30111429816140306
1989-07-24,0.0,-0.014351722097541911,0.30885324420695737
1989-07-25,0.0,-0.00743497848751809,0.30446637668243104
1989-07-26,0.0,-0.009987935642948313,0.2944261136867555
1989-07-27,0.0,-0.02298019480940731,0.28477311204930705
1989-07-28,0.0,-0.011425586752753018,0.3220461373190588
1989-07-31,0.0,-0.004626488045414907,0.31902383358804537
1989-08-01,0.0,-0.0009489596048676997,0.3177590584707441
1989-08-02,0.0,-0.003115056355186231,0.3089226306218096
1989-08-03,1.0,0.009031536755998852,0.3275577649887745
1989-08-04,1.0,0.01739174271186924,0.3139460267574808
1989-08-07,1.0,0.024819186014784687,0.33855673167989336
1989-08-08,1.0,0.019352386892362378,0.3240347954380229
1989-08-09,1.0,0.02612316105517509,0.331831976863999
1989-08-10,1.0,0.039262763971701455,0.31074748352375525
1989-08-11,1.0,0.04814521090618553,0.32379916519106555
1989-08-14,1.0,0.05567399612470278,0.293808610551775
1989-08-15,1.0,0.04565052597051496,0.2644598761913561
1989-08-16,1.0,0.05168766710207054,0.25867097201962885
1989-08-17,1.0,0.054528668781600446,0.28412043918768676
1989-08-18,1.0,0.0641118089484636,0.2713129554661414
1989-08-21,1.0,0.05928939000363529,0.27761083557112076
1989-08-22,1.0,0.06600442216200063,0.27014362906629397
1989-08-23,1.0,0.06655042272156549,0.2775483328318541
1989-08-24,1.0,0.07906529434114955,0.3130056439049334
1989-08-25,1.0,0.09127931744201602,0.31000478894032235
1989-08-29,1.0,0.10341309537343078,0.3191938058895655
1989-08-30,1.0,0.11218759471031671,0.2717803253313415
1989-08-31,1.0,0.1343821979022202,0.3466306121219615
1989-09-01,1.0,0.1457684010744539,0.33263875717682706
1989-09-04,1.0,0.14235745281519163,0.32161858969064105
1989-09-05,1.0,0.13347909729535506,0.30015279458217337
1989-09-06,1.0,0.13618265005838176,0.2947002840627865
1989-09-07,1.0,0.12775541746932048,0.3013747426719099
1989-09-08,1.0,0.14051128673393948,0.29347432023129005
1989-09-11,1.0,0.1312265199435934,0.3030758722380967
1989-09-12,1.0,0.11858831336583364,0.2976648435464543
1989-09-13,1.0,0.11663562418352989,0.31617233637714315
1989-09-14,1.0,0.11609111800291327,0.2757642035032932
1989-09-15,1.0,0.1403422988524954,0.3323879941436631
1989-09-18,1.0,0.1442122635939246,0.2966691295377589
1989-09-19,1.0,0.14157465534582125,0.2980789440844458
1989-09-20,1.0,0.12973370119673547,0.29029153802961155
1989-09-21,1.0,0.1186401960590761,0.29421985995685546
1989-09-22,1.0,0.12321873935783559,0.2676622812547264
1989-09-25,1.0,0.10372586061463095,0.251874659885997
1989-09-26,1.0,0.11391081397387395,0.24942208357212786
1989-09-27,1.0,0.11119710810227759,0.2530460350793373
1989-09-28,1.0,0.11944907163432664,0.2526114607451741
1989-09-29,1.0,0.11884356147353116,0.20410597808876627
1989-10-02,1.0,0.11884356147353116,0.20465614620454312
1989-10-03,1.0,0.10508688041189948,0.19993628995825283
1989-10-04,1.0,0.08532507437732817,0.18989528500930705
1989-10-05,1.0,0.0914050422038154,0.16780618587142115
1989-10-06,1.0,0.09455858262501257,0.1887561099190091
1989-10-09,1.0,0.08475845068209727,0.17947532055297735
1989-10-10,1.0,0.09130811050520593,0.1909356925971656
1989-10-11,1.0,0.11487061420934845,0.2010586843837313
1989-10-12,1.0,0.10808295268146806,0.17565410521842656
1989-10-13,1.0,0.10509891756737728,0.17359356898608383
1989-10-16,1.0,0.10479032055420125,0.1278413664378172
1989-10-17,1.0,0.11685832380496336,0.1462051074577312
1989-10-18,1.0,0.1218453296652623,0.12417526772733833
1989-10-19,1.0,0.12001121398934932,0.12606911758511566
1989-10-20,1.0,0.12116549108327726,0.13811963798219531
1989-10-23,1.0,0.11586601466672647,0.1384265045783421
1989-10-24,1.0,0.12014431184206321,0.12144964259384218
1989-10-25,1.0,0.10301135952647911,0.10050205324331558
1989-10-26,1.0,0.09664111436600974,0.10043816391692167
1989-10-27,1.0,0.0913742736830864,0.09478920518582473
1989-10-30,1.0,0.1097936456229046,0.11153255079181658
1989-10-31,1.0,0.10211785383612183,0.11883930191779767
1989-11-01,1.0,0.11376897360723288,0.1362510239420799
1989-11-02,1.0,0.1123500598395385,0.12617978073685296
1989-11-03,1.0,0.09435404252579424,0.12745219361139867
1989-11-06,1.0,0.08888585342516236,0.13478867056712013
1989-11-07,1.0,0.07930144007205342,0.14978737747619686
1989-11-08,1.0,0.08680476204845965,0.15752037521584605
1989-11-09,1.0,0.08868912146267546,0.17269645425458816
1989-11-10,1.0,0.08859957925199895,0.1877159323055322
1989-11-13,1.0,0.08171568941491943,0.21099597565387165
1989-11-14,1.0,0.07383197049595985,0.22095005461974573
1989-11-15,1.0,0.05975255933352714,0.21729118407878734
1989-11-16,1.0,0.06778280563784271,0.2225634518917153
1989-11-17,1.0,0.0643392028056044,0.21906993042051998
1989-11-20,1.0,0.048681631709075496,0.23896882571120917
1989-11-21,1.0,0.04328512393835232,0.2731696481124861
1989-11-22,1.0,0.015973234096605532,0.42708785992055803
1989-11-23,1.0,0.011955942188244315,0.4391959154567941
1989-11-24,1.0,0.009931281147723575,0.4831211737683368
1989-11-27,1.0,0.014992784586141318,0.4907452602088429
1989-11-28,1.0,0.019096543577976098,0.470125450668727
1989-11-29,1.0,0.007482535514459085,0.49349931362434785
1989-11-30,1.0,0.00768812133901349,0.4808647642927463
1989-12-01,0.0,-0.015339964790938401,0.5047974177462573
1989-12-04,0.0,-0.0022050725583140926,0.4896459447124321
1989-12-05,1.0,0.006295928456814831,0.4693770218975007
1989-12-06,1.0,0.005446232053295213,0.47464910044236214
1989-12-07,0.0,-0.006920442844573795,0.49708127199596974
1989-12-08,0.0,-0.009819644388740991,0.5690039469817286
1989-12-11,0.0,-0.03676884778708893,0.5925036141026206
1989-12-12,0.0,-0.036269596653404,0.6233212772100167
1989-12-13,0.0,-0.03373457889185708,0.6189594339389746
1989-12-14,0.0,-0.017907239855831945,0.5972945046541938
1989-12-15,0.0,-0.03827627738341205,0.6329660060868445
1989-12-18,0.0,-0.02170627858186306,0.6600813514088353
1989-12-19,0.0,-0.031779986936475484,0.692368244523332
1989-12-20,0.0,-0.028905523918725282,0.6949100357799676
1989-12-21,0.0,-0.02674677905780438,0.6897072645243987
1989-12-22,0.0,-0.03225291872820938,0.700611865715963
1989-12-26,0.0,-0.051580243009774804,0.6993943768558296
1989-12-27,0.0,-0.03509131981127006,0.7118183036607053
1989-12-28,0.0,-0.012877339921236448,0.6703254433356228
1989-12-29,0.0,-0.08040622129631741,0.6680129055269053
1990-01-02,0.0,-0.08087847872093258,0.6699958542169462
1990-01-03,0.0,-0.059991910627975285,0.6281497162358833
1990-01-04,0.0,-0.06512717691708882,0.6200279021542315
1990-01-05,0.0,-0.09444635547714784,0.6580089967251628
1990-01-08,0.0,-0.09372962035249337,0.6749334524501773
1990-01-09,0.0,-0.07312653832410468,0.6738293450640414
1990-01-10,0.0,-0.08903560163561518,0.7005621548598145
1990-01-11,0.0,-0.08531420116704853,0.6974560960151199
1990-01-12,0.0,-0.09718581157624247,0.7290450026924743
1990-01-15,0.0,-0.09827414452707703,0.7259403341535251
1990-01-16,0.0,-0.09538286566816784,0.7086014619357474
1990-01-17,0.0,-0.09154049089928554,0.6953761095074239
1990-01-18,0.0,-0.09615717604347845,0.7142119922092032
1990-01-19,0.0,-0.08860324654760676,0.7266727889874854
1990-01-22,0.0,-0.08009402261902553,0.7221973711778396
1990-01-23,0.0,-0.08295570321749063,0.7277060330172523
1990-01-24,0.0,-0.11244968968102088,0.7575168546286842
1990-01-25,0.0,-0.10225108946352574,0.7530431590846576
1990-01-26,0.0,-0.10376688982254832,0.7316470629505032
1990-01-29,0.0,-0.11985981754146104,0.7310464292840908
1990-01-30,0.0,-0.11802221288785117,0.7326230587702618
1990-01-31,0.0,-0.11058098796136115,0.7387302523893384
1990-02-01,0.0,-0.12280101594236562,0.7435522368182982
1990-02-02,0.0,-0.12321106775690861,0.7368547433094261
1990-02-05,0.0,-0.13495083927874882,0.7241570656580439
1990-02-06,0.0,-0.12951889263759292,0.7283589082421472
1990-02-07,0.0,-0.13213329751162556,0.7338233928326393
1990-02-08,0.0,-0.12022321142202759,0.7482783520775226
1990-02-09,0.0,-0.11516912637593583,0.7637632062355405
1990-02-12,0.0,-0.11929127525955413,0.7594649960222636
1990-02-13,0.0,-0.1260246549607691,0.763578166694362
1990-02-14,0.0,-0.11651755596115207,0.7793889615330404
1990-02-15,0.0,-0.12484318134666879,0.7702535652209059
1990-02-16,0.0,-0.11878894357302063,0.767156468834869
1990-02-19,0.0,-0.12054795897820027,0.7786868219081804
1990-02-20,0.0,-0.12690295773322782,0.7824147174159085
1990-02-21,0.0,-0.11840823105030174,0.7780222687513421
1990-02-22,0.0,-0.1074511041140735,0.7790956298368192
1990-02-23,0.0,-0.13179806686598375,0.7932650833787886
1990-02-26,0.0,-0.11532435390967219,0.7990399604000012
1990-02-27,0.0,-0.10616510321376026,0.8067811970951072
1990-02-28,0.0,-0.1032642215179814,0.7952966153775458
1990-03-01,0.0,-0.10336617019370595,0.7938646471617004
1990-03-02,0.0,-0.10946995045024448,0.7955396697867523
1990-03-05,0.0,-0.10379098082651445,0.7999135772625691
1990-03-06,0.0,-0.12687506343859714,0.7975603080255386
1990-03-07,0.0,-0.11190148950402679,0.8180354107754846
1990-03-08,0.0,-0.10849884048099745,0.8086386104932172
1990-03-09,0.0,-0.1238116899365394,0.8045362373288794
1990-03-12,0.0,-0.12670118910759812,0.7886243908386358
1990-03-13,0.0,-0.11329344363724929,0.8050025365388819
1990-03-14,0.0,-0.11410641712909253,0.7832761627044141
1990-03-15,0.0,-0.13085305873168457,0.7917845040808562
1990-03-16,0.0,-0.1470830731774857,0.7890787334699348
1990-03-19,0.0,-0.14766425992752447,0.7898593215074472
1990-03-20,0.0,-0.1348011659349568,0.7986419764215869
1990-03-21,0.0,-0.11719328612344285,0.785985422869784
1990-03-22,0.0,-0.12222528581475854,0.7723775203981773
1990-03-23,0.0,-0.11786245431186741,0.7603926712986461
1990-03-26,0.0,-0.06082720816956046,0.6458714576051064
1990-03-27,0.0,-0.04048237828333499,0.5808394565598853
1990-03-28,0.0,-0.06281956927468677,0.589522725146512
1990-03-29,0.0,-0.057760289174894494,0.6064571329446636
1990-03-30,0.0,-0.04495762628219934,0.6203590015013938
1990-04-02,0.0,-0.044970108319046034,0.5816778695431224
1990-04-03,0.0,-0.0480704232450832,0.6005171691113462
1990-04-04,0.0,-0.033279811473966636,0.6131010294250467
1990-04-05,0.0,-0.04292736288299363,0.6326566132012124
1990-04-06,0.0,-0.04882987901683292,0.6423901622167673
1990-04-09,0.0,-0.04215573020113955,0.6177191080080248
1990-04-10,0.0,-0.040660982252438166,0.6196194594738613
1990-04-11,0.0,-0.05629488982349971,0.6245004839292606
1990-04-12,0.0,-0.0581144593327631,0.6450450948557352
1990-04-17,0.0,-0.06218834379261759,0.6390811935527729
1990-04-18,0.0,-0.030204774679383293,0.6412354781803021
1990-04-19,0.0,-0.03383272618269158,0.6531407962049975
1990-04-20,0.0,-0.041542555480401276,0.6534083892337748
1990-04-23,0.0,-0.04315649616411272,0.6589525833576578
1990-04-24,0.0,-0.03924194480117641,0.6360919991304916
1990-04-25,0.0,-0.028536307264934245,0.574520243561039
1990-04-26,0.0,-0.014911486813492957,0.5655733970290899
1990-04-27,0.0,-0.007834701699584723,0.5661755250060633
1990-04-30,1.0,0.013504594163300982,0.569629382337579
1990-05-01,0.0,-0.0020318327342269088,0.5621231784790541
1990-05-02,0.0,-0.007740922744438009,0.5630767594496332
1990-05-03,0.0,-0.00705374601278662,0.5675265604493783
1990-05-04,1.0,0.0026896196956368154,0.5718495113154614
1990-05-08,0.0,0.0,0.5641356936398648
1990-05-09,1.0,0.02769817546888468,0.5671448162718532
1990-05-10,1.0,0.019314619742161983,0.563078482744441
1990-05-11,1.0,0.036498457173873906,0.5747424002734611
1990-05-14,1.0,0.03789087371139628,0.5698334894948622
1990-05-15,1.0,0.04519041323744181,0.5759807496117874
1990-05-16,1.0,0.036502824975406585,0.5712308215694925
1990-05-17,1.0,0.05314017939429809,0.5835204651234155
1990-05-18,1.0,0.08892447780831707,0.5866092631533969
1990-05-21,1.0,0.09796253989001225,0.5868406123267916
1990-05-22,1.0,0.06026386862260148,0.5796654696453488
1990-05-23,1.0,0.09941696175697826,0.5717923593003256
1990-05-24,1.0,0.11362098325812717,0.5429927891860702
1990-05-25,1.0,0.10665572017441709,0.5421140877837144
1990-05-29,1.0,0.11811537700421641,0.5486088091562219
1990-05-30,1.0,0.10937808941148809,0.5480650567746816
1990-05-31,1.0,0.12745318631654898,0.5207703396348877
1990-06-01,1.0,0.12124686351749611,0.5207276030132184
1990-06-04,1.0,0.08377363403367738,0.4640402534550569
1990-06-05,1.0,0.07061122056641111,0.4674111824118771
1990-06-06,1.0,0.08079133077678453,0.4725433053921072
1990-06-07,1.0,0.09445947792401188,0.45521194699891737
1990-06-08,1.0,0.08989500411654813,0.46415733974465767
1990-06-11,1.0,0.07257633138674253,0.4480339711155653
1990-06-12,1.0,0.07458973541654768,0.46246391198029463
1990-06-13,1.0,0.10035514231875682,0.4788678042730084
1990-06-14,1.0,0.10619867810808553,0.48215941128168344
1990-06-15,1.0,0.1029072349699947,0.486763746337275
1990-06-18,1.0,0.08042807474043236,0.4840393590008873
1990-06-19,1.0,0.09148293642655611,0.4909947973587676
1990-06-20,1.0,0.0969074778304686,0.49135301904190243
1990-06-21,1.0,0.09913675644882346,0.43799541937874337
1990-06-22,1.0,0.11125584795975157,0.3272467093533008
1990-06-25,1.0,0.08823680957923492,0.31764638243906507
1990-06-26,1.0,0.10105758302901685,0.3520455716715837
1990-06-27,1.0,0.09850691073354875,0.3308691275492974
1990-06-28,1.0,0.10805345187527123,0.3172763079083361
1990-06-29,1.0,0.13659667847476062,0.3147578303079063
1990-07-02,1.0,0.11933626513208083,0.29649670338181694
1990-07-03,1.0,0.10964689609994656,0.28806242832643886
1990-07-04,1.0,0.11922261199578088,0.2935790392781281
1990-07-05,1.0,0.0969011494948111,0.2949767153401215
1990-07-06,1.0,0.07132528244002494,0.2810874336753893
1990-07-09,1.0,0.07780885805846774,0.30012938032992836
1990-07-10,1.0,0.11148578562734716,0.34087380591790295
1990-07-11,1.0,0.11025958787713075,0.32603686986045266
1990-07-12,1.0,0.10612846654671344,0.3316594209282404
1990-07-13,1.0,0.08788191838386657,0.3207807958643095
1990-07-16,1.0,0.07566020306004803,0.343318200017245
1990-07-17,1.0,0.07295875171378022,0.3480968290939898
1990-07-18,1.0,0.07721348767933786,0.347757754326849
1990-07-19,1.0,0.04953906548742008,0.31502649118583514
1990-07-20,1.0,0.010334229070014064,0.3360538419729021
1990-07-23,0.0,-0.0002731867248243334,0.315236169950508
1990-07-24,0.0,-0.00230805886182532,0.2931804742021529
1990-07-25,0.0,-0.0020140993717012562,0.2784870144201542
1990-07-26,0.0,-0.0033955890011381604,0.3052262929792331
1990-07-27,1.0,0.01327213414821127,0.3201855241236561
1990-07-30,1.0,0.010292615240930336,0.3264606179806209
1990-07-31,1.0,0.0073593695369740435,0.31010268295889415
1990-08-01,1.0,0.00819511538870958,0.32652942616635416
1990-08-02,0.0,-0.021237856903238893,0.35884113777276583
1990-08-03,0.0,-0.01394908037753011,0.3703815262700979
1990-08-06,0.0,-0.00722024797348702,0.37163125870153013
1990-08-07,0.0,-0.0074641870806882995,0.3766550071869904
1990-08-08,0.0,-0.019023204029909268,0.38319623809045
1990-08-09,0.0,-0.017620442736193585,0.39105859721675607
1990-08-10,0.0,-0.026283063794353488,0.4232213720872206
1990-08-13,0.0,-0.048913842358941036,0.6066779967289543
1990-08-14,0.0,-0.06721524739813589,0.6838353640328366
1990-08-15,0.0,-0.03239666049626101,0.6631099229274535
1990-08-16,0.0,-0.055931849817239566,0.6390905982726983
1990-08-17,0.0,-0.06827988377752241,0.6643375916677927
1990-08-20,0.0,-0.06027213949437125,0.6903148491246848
1990-08-21,0.0,-0.09048856969185502,0.7218317252530617
1990-08-22,0.0,-0.08271702461207155,0.6939046703850179
1990-08-23,0.0,-0.08762879707539566,0.6795576425700518
1990-08-24,0.0,-0.07671734672770895,0.6847038677954285
1990-08-28,0.0,-0.02860883505853163,0.6684748891675248
1990-08-29,0.0,-0.01125224485036685,0.658281201499681
1990-08-30,0.0,-0.015905164928602646,0.6482447380573698
1990-08-31,0.0,-0.002194540350180988,0.654344319745872
1990-09-03,0.0,-0.007656905879575939,0.657651160746624
1990-09-04,1.0,0.009394641121465482,0.6120483232990888
1990-09-05,1.0,0.009089791192629789,0.6117143805457651
1990-09-06,0.0,-0.00686220081307519,0.6150468775090048
1990-09-07,0.0,-0.010323515402457864,0.6060684383795426
1990-09-10,0.0,-0.01810835467435298,0.6061385287521078
1990-09-11,0.0,-0.006626929487608961,0.5728433854698546
1990-09-12,0.0,-0.03204848445530563,0.5820124016843964
1990-09-13,0.0,-0.030281198114472548,0.5836334786314231
1990-09-14,0.0,-0.031965891676000065,0.5974065792155822
1990-09-17,0.0,-0.045444457585522395,0.6171133808224362
1990-09-18,0.0,-0.03990488496928584,0.6070384762854395
1990-09-19,0.0,-0.03823801375433004,0.616701228114685
1990-09-20,0.0,-0.036181016743279386,0.6251241488452599
1990-09-24,0.0,-0.04214983962307147,0.6506466071483199
1990-09-25,0.0,-0.06749024160241653,0.6800454953115825
1990-09-26,0.0,-0.060919549832853394,0.6240405942177863
1990-09-27,0.0,-0.04687962502044645,0.6232778514033818
1990-09-28,0.0,-0.06225578738910354,0.6271520834754482
1990-10-01,0.0,-0.03465884061759011,0.6342747554694531
1990-10-02,1.0,0.007577253231747025,0.6400785338037748
1990-10-03,0.0,-0.00799282326586358,0.6126302121292961
1990-10-04,0.0,-0.021324947788226058,0.6107781403076459
1990-10-05,0.0,-0.011440317987088644,0.627779635981843
1990-10-08,0.0,-0.0028187078239641653,0.6223178209225657
1990-10-09,0.0,-0.025253223103587904,0.6228932822072398
1990-10-10,0.0,-0.003195503454134076,0.6232281980100515
1990-10-11,1.0,0.006678678819305095,0.6268842932251358
1990-10-12,1.0,0.026308945749897866,0.6361251094115437
1990-10-15,1.0,0.045695834841818196,0.6153613264893063
1990-10-16,1.0,0.09972437454378805,0.6311923666166396
1990-10-17,1.0,0.03490287168106003,0.6118551501057422
1990-10-18,1.0,0.027880106290191692,0.623724136118627
1990-10-19,1.0,0.016529301951210506,0.6367641034160534
1990-10-22,1.0,0.03607605647380959,0.6283180926454323
1990-10-23,1.0,0.017734980467681155,0.6115438214692738
1990-10-24,1.0,0.005106851577263483,0.6172267830051391
1990-10-25,0.0,-0.0021353271159075737,0.6295773220000809
1990-10-26,1.0,0.0021384664658359778,0.6450219603156914
1990-10-29,1.0,0.010940736216995428,0.622866237260152
1990-10-30,0.0,-0.01795283420210751,0.5972910810819363
1990-10-31,0.0,-0.03622126343431838,0.6085819786144875
1990-11-01,0.0,-0.04269677922252236,0.6354335305459422
1990-11-02,0.0,-0.027800084791460015,0.648140715595943
1990-11-05,0.0,-0.027708564867484995,0.6332272096744306
1990-11-06,0.0,-0.05001042057466142,0.6505049390731771
1990-11-07,0.0,-0.05636422966967014,0.6560001430231593
1990-11-08,0.0,-0.039090767080718535,0.6732979468597813
1990-11-09,0.0,-0.05010682005417875,0.6362969644495253
1990-11-12,0.0,-0.04375949800264844,0.6364603381889278
1990-11-13,0.0,-0.044659203784219746,0.6036944647840682
1990-11-14,0.0,-0.041891638192026126,0.6197784047699316
1990-11-15,0.0,-0.03362791642975445,0.6361178364892334
1990-11-16,0.0,-0.03391987911368938,0.6268208956209083
1990-11-19,0.0,-0.039962120802558426,0.6112534885588129
1990-11-20,0.0,-0.04123326329018951,0.6094108904511775
1990-11-21,0.0,-0.04070604576947299,0.5527367371300337
1990-11-22,0.0,-0.057406122535790374,0.5261532176372993
1990-11-23,0.0,-0.07004548845489039,0.5212376819940224
1990-11-26,0.0,-0.07414773674733292,0.5113392101738963
1990-11-27,0.0,-0.06401755212344394,0.5345098382719201
1990-11-28,0.0,-0.05966728799892755,0.5137637910081768
1990-11-29,0.0,-0.05281843221790297,0.506724887214317
1990-11-30,0.0,-0.051724177053925825,0.5212066504414441
1990-12-03,0.0,-0.04335376630350874,0.5404084377820826
1990-12-04,0.0,-0.030655802030935347,0.548801579191877
1990-12-05,0.0,-0.025590622063188306,0.5437989553593221
1990-12-06,0.0,-0.004062294008878793,0.5516082473825745
1990-12-07,0.0,-0.013439420361661045,0.5506422837886874
1990-12-10,0.0,-0.026549033243099686,0.5423829064410226
1990-12-11,0.0,-0.016529301951210582,0.5522529369121768
1990-12-12,0.0,-0.017131622250982335,0.5512790491186622
1990-12-13,0.0,-0.01626052087178029,0.5335683238908526
1990-12-14,0.0,-0.02964187107215716,0.5314603519944352
1990-12-17,0.0,-0.03186014615067878,0.537801583651478
1990-12-18,0.0,-0.034779081485736905,0.5386357362941395
1990-12-19,0.0,-0.04466172246926456,0.5281571785269455
1990-12-20,0.0,-0.0703929579461369,0.5249513892901789
1990-12-21,0.0,-0.07337659347236677,0.4818894323239604
1990-12-27,0.0,-0.07807451348101618,0.4727268184585045
1991-01-02,0.0,-0.09424881898910355,0.4370029305605675
1991-01-03,0.0,-0.07747890753817335,0.4736721725910299
1991-01-04,0.0,-0.075578414544851,0.4892988621293471
1991-01-07,0.0,-0.0873136006606932,0.4757739226308841
1991-01-08,0.0,-0.08344855230498852,0.471813720531592
1991-01-09,0.0,-0.0698050992507216,0.43812297929669347
1991-01-10,0.0,-0.07040213441956568,0.3852033326199616
1991-01-11,0.0,-0.07149215184202899,0.3766061114525635
1991-01-14,0.0,-0.09700504226710119,0.4733599621845227
1991-01-15,0.0,-0.09620141749111934,0.4552261175630974
1991-01-16,0.0,-0.11255479129185342,0.4135562128363283
1991-01-17,0.0,-0.048104383539596014,0.6147530188390087
1991-01-18,0.0,-0.047647393718783675,0.590648131591656
1991-01-21,0.0,-0.051683027703546484,0.620098270844678
1991-01-22,0.0,-0.06744738470233827,0.6301073937132785
1991-01-23,0.0,-0.059633836042329455,0.6531739338648348
1991-01-24,0.0,-0.048053170400520005,0.6165925666087319
1991-01-25,0.0,-0.050555248068002975,0.6215386636601707
1991-01-28,0.0,-0.05841578139263736,0.6304454386775494
1991-01-29,0.0,-0.06453852113757118,0.6306132941060794
1991-01-30,0.0,-0.044563207328402,0.6235333211540895
1991-01-31,0.0,-0.022798914964806013,0.567971174103127
1991-02-01,0.0,-0.022192311594362184,0.5617541661314855
1991-02-04,0.0,-0.03604993169798785,0.5659926783748255
1991-02-05,0.0,-0.030746086162309096,0.5833761395318388
1991-02-06,0.0,-0.01283320722961751,0.5313673555454426
1991-02-07,0.0,-0.019423474121999507,0.5342457332072285
1991-02-08,0.0,-0.03618748022119367,0.5423645087690694
1991-02-11,0.0,-0.028057952795157496,0.5747063960750952
1991-02-12,0.0,-0.02093663996872674,0.5874810144621093
1991-02-13,0.0,-0.024287105180897075,0.5685604408428443
1991-02-14,0.0,-0.022803185860912466,0.5267849460473525
1991-02-15,0.0,-0.02633554833780275,0.541016414093715
1991-02-18,0.0,-0.02406737853665995,0.5422973210515898
1991-02-19,0.0,-0.022285044789434983,0.5442990533215573
1991-02-20,0.0,-0.02316491681845155,0.5401615576003714
1991-02-21,0.0,-0.015299324843845967,0.5501351670148757
1991-02-22,0.0,-0.010929070532190317,0.5433202280529765
1991-02-25,0.0,-0.005186079322657928,0.5318607649645606
1991-02-26,0.0,-0.01007142377961016,0.5383132488272178
1991-02-27,1.0,0.004158010148663677,0.5318029162081807
1991-02-28,0.0,-0.00455959339166602,0.5328561455501193
1991-03-01,0.0,-0.017874805627053535,0.5155225059016771
1991-03-04,0.0,-0.006726636661549875,0.5218591727957624
1991-03-05,0.0,-0.005777977279888682,0.5206229277992007
1991-03-06,0.0,-0.010431058071586138,0.5031109312145085
1991-03-07,0.0,-0.004512211115077036,0.5074158500810138
1991-03-08,0.0,-0.0040788635748210044,0.4944673859596618
1991-03-11,1.0,0.01720793087811139,0.49775930193888024
1991-03-12,1.0,0.019035245041595195,0.5037363605512265
1991-03-13,1.0,0.016260520871780326,0.5002092902425915
1991-03-14,1.0,0.013891003698023513,0.5129449268204453
1991-03-15,1.0,0.004770026080180738,0.5129530996169007
1991-03-18,1.0,0.012344142481278188,0.5221373308651025
1991-03-19,1.0,0.015651901699195274,0.5098804158480258
1991-03-20,1.0,0.007924621332312453,0.5238431350554026
1991-03-21,1.0,0.0143847949262415,0.5290891305855615
1991-03-25,1.0,0.019297635372142675,0.5478135596033294
1991-03-26,1.0,0.011986206219702674,0.5243958452127585
1991-03-27,1.0,0.025928410964861877,0.4993854959226116
1991-03-28,1.0,0.028959418946666548,0.513775860931428
1991-04-02,1.0,0.020213896066113922,0.5097757778858049
1991-04-03,1.0,0.025154236700778054,0.5331439103175862
1991-04-04,1.0,0.028875923501854542,0.5345722562442399
1991-04-05,1.0,0.023705630463113643,0.5143015811153889
1991-04-08,1.0,0.02259596307860821,0.5130113806539209
1991-04-09,1.0,0.014320053774748471,0.5216433541027871
1991-04-10,1.0,0.01704083223785868,0.522217454453599
1991-04-11,1.0,0.023225087636314822,0.5317493862676842
1991-04-12,1.0,0.019832421889546675,0.524365597774368
1991-04-15,1.0,0.029550713840715517,0.5039884269532465
1991-04-16,1.0,0.019466001908189232,0.3385557433005957
1991-04-17,1.0,0.01976728742859192,0.34179985464272056
1991-04-18,1.0,0.023799183649410152,0.3404547177128198
1991-04-19,1.0,0.03463131481573612,0.36129004470778164
1991-04-22,1.0,0.034471909005975736,0.3485913918809733
1991-04-23,1.0,0.0372713947972316,0.34842743104571916
1991-04-24,1.0,0.039134230406535325,0.34320871746349596
1991-04-25,1.0,0.04565108002627235,0.34229208922373255
1991-04-26,1.0,0.039275151216388374,0.33505521889825823
1991-04-29,1.0,0.04156225022697973,0.28417775123499245
1991-04-30,1.0,0.01978892500584157,0.24566775129074242
1991-05-01,1.0,0.02109431532703711,0.2638774976695502
1991-05-02,1.0,0.030450736461959615,0.2835061227480795
1991-05-03,1.0,0.016321768485694582,0.2655558879268893
1991-05-07,1.0,0.01863753529978316,0.2513744567612999
1991-05-08,1.0,0.018048525465956193,0.2624791924937079
1991-05-09,1.0,0.002658645657542289,0.25535574337652095
1991-05-10,0.0,-0.0005608525104951644,0.24524076211279425
1991-05-13,1.0,0.0004202563625625665,0.24148558973590503
1991-05-14,0.0,-0.0032179111363396166,0.232248086603146
1991-05-15,0.0,-0.006272234654454186,0.22798109426505578
1991-05-16,1.0,0.006160758774580818,0.2630056995513325
1991-05-17,1.0,0.00869204967756909,0.26251653841201994
1991-05-20,1.0,0.005057611230438642,0.2609754004616553
1991-05-21,0.0,-0.0012637788665101697,0.2526169583712605
1991-05-22,1.0,0.004474906082982575,0.2494430476454907
1991-05-23,1.0,0.00799835878410956,0.25857617770716446
1991-05-24,1.0,0.015063046311095542,0.23932859293099387
1991-05-28,0.0,-0.005215319453839211,0.24362907307163612
1991-05-29,0.0,-0.014488968987028962,0.20682446286564102
1991-05-30,0.0,-0.013524082041629432,0.22679098131215228
1991-05-31,0.0,-0.018765429522747908,0.22823853594870175
1991-06-03,0.0,-0.02567105253916589,0.20330270229383055
1991-06-04,0.0,-0.022040228196642045,0.20968390830353725
1991-06-05,0.0,-0.03125035352086872,0.22140915524043384
1991-06-06,0.0,-0.04900945640462469,0.2051224782888707
1991-06-07,0.0,-0.05330305676371123,0.17523558599636688
1991-06-10,0.0,-0.06909842706926038,0.22150360365812613
1991-06-11,0.0,-0.06266373643530392,0.2219277440648271
1991-06-12,0.0,-0.06841700046614203,0.22085110088246535
1991-06-13,0.0,-0.06034571832791075,0.2348078774122817
1991-06-14,0.0,-0.04790000982857018,0.24118792500524613
1991-06-17,0.0,-0.04203820090237304,0.2453099870158592
1991-06-18,0.0,-0.06990966085850671,0.22179877777014664
1991-06-19,0.0,-0.06363165610761398,0.24464694491116215
1991-06-20,0.0,-0.06562725287276786,0.22926446581744556
1991-06-21,0.0,-0.058612994618698934,0.22897455454463936
1991-06-24,0.0,-0.04172870452470846,0.26429132889960727
1991-06-25,0.0,-0.04230237969068939,0.24864278302739912
1991-06-26,0.0,-0.04898138704027,0.22419301525539592
1991-06-27,0.0,-0.045424125114255705,0.23488210984532612
1991-06-28,0.0,-0.05324557499175145,0.20362183904161665
1991-07-01,0.0,-0.0471785602750905,0.1958388313349214
1991-07-02,0.0,-0.03987469976986526,0.20504056698348486
1991-07-03,0.0,-0.04812687708394972,0.19049867931457629
1991-07-04,0.0,-0.05797917352696141,0.19645668446000372
1991-07-05,0.0,-0.04139663918595755,0.19437507131842732
1991-07-08,0.0,-0.045022792927709894,0.18690724627741223
1991-07-09,0.0,-0.036407771776666646,0.19382321905398656
1991-07-10,0.0,-0.03875708378969068,0.18315070473363304
1991-07-11,0.0,-0.03312475083922925,0.19816537915852847
1991-07-12,0.0,-0.022404895676695277,0.20097935142905662
1991-07-15,0.0,-0.0281242688708616,0.19860659268193323
1991-07-16,0.0,-0.030428450685706075,0.19023722843593655
1991-07-17,0.0,-0.025811427441528548,0.1908913943247029
1991-07-18,0.0,-0.030962225603966925,0.18679876619228833
1991-07-19,0.0,-0.031574345598595094,0.17696892324543037
1991-07-22,0.0,-0.03355188909650417,0.1693461112811364
1991-07-23,0.0,-0.02997669030671256,0.18734214359261997
1991-07-24,0.0,-0.021262709090458045,0.2081105026301837
1991-07-25,0.0,-0.014631040844936608,0.21041855399738005
1991-07-26,0.0,-0.0008242890973659053,0.21336187926672034
1991-07-29,0.0,-0.007560693106300742,0.2055215779631658
1991-07-30,1.0,0.0023495277203229295,0.23385230478153723
1991-07-31,0.0,-0.005111567391265132,0.21825393956689276
1991-08-01,0.0,-0.0038599441362996583,0.21376129285684656
1991-08-02,1.0,0.001954488965056228,0.2640478564343513
1991-08-05,1.0,0.002521362870976867,0.2712318488533762
1991-08-06,1.0,0.006561062134812524,0.25972446785367065
1991-08-07,1.0,0.0018200915070063545,0.26839820903459777
1991-08-08,1.0,0.0004193751372011637,0.26311832311766964
1991-08-09,0.0,-0.005178095678731536,0.2453949778255843
1991-08-12,0.0,-0.004617007152298737,0.2467581240569842
1991-08-13,0.0,-0.006467054733672183,0.257314894855496
1991-08-14,0.0,-0.003800947773097946,0.2687904019132392
1991-08-15,0.0,-0.015325431758703944,0.25069155368696805
1991-08-16,0.0,-0.007998358784109578,0.2636055335638524
1991-08-19,0.0,-0.01801850550267825,0.23334751182939836
1991-08-20,1.0,0.007742700748627776,0.2835705453690649
1991-08-21,0.0,-0.0012637788665101697,0.25843012449081415
1991-08-22,0.0,-0.001967121612265728,0.26846185448456444
1991-08-23,1.0,0.019736101442545357,0.29173432791908444
1991-08-27,1.0,0.025671052539165788,0.3008140341125775
1991-08-28,1.0,0.02259195234856863,0.27854507736916306
1991-08-29,1.0,0.036479483366562676,0.2714728779942749
1991-08-30,1.0,0.05747020556560357,0.28135281750261437
1991-09-02,1.0,0.059008818745094005,0.27229968570185853
1991-09-03,1.0,0.052983243192387015,0.29985521488450717
1991-09-04,1.0,0.0514223368211833,0.28658726087239766
1991-09-05,1.0,0.052293082285647115,0.2988015984956097
1991-09-06,1.0,0.051106522170093316,0.2884301460660414
1991-09-09,1.0,0.04953022347584603,0.27399352936288285
1991-09-10,1.0,0.03134877473908794,0.27221888356404605
1991-09-11,1.0,0.05631325834140746,0.3164870023743717
1991-09-12,1.0,0.05639267072948376,0.30082045326281825
1991-09-13,1.0,0.0660352218727827,0.30395641345149077
1991-09-16,1.0,0.07068994444410845,0.3044511888994061
1991-09-17,1.0,0.061346591380680694,0.29991031171934507
1991-09-18,1.0,0.05093434395475059,0.27367529107145283
1991-09-19,1.0,0.03078904407518075,0.2791033234286491
1991-09-20,1.0,0.029536521470405953,0.27788931548161283
1991-09-23,1.0,0.029343338176293986,0.28061068186086247
1991-09-24,1.0,0.015508558397788303,0.2727436514566853
1991-09-25,1.0,0.014494027039056613,0.2582032706819264
1991-09-26,1.0,0.01969675382602211,0.26215912681518405
1991-09-27,1.0,0.027875876426380296,0.27923992172837664
1991-09-30,1.0,0.01329527666091446,0.26897503399494577
1991-10-01,0.0,-0.0018381058550986614,0.2863986640699438
1991-10-02,0.0,-0.00803783499709929,0.28006382954962217
1991-10-03,0.0,-0.016674118116685028,0.29177141951599045
1991-10-04,0.0,-0.00930501567849361,0.29344121049948196
1991-10-07,0.0,-0.029052953001622087,0.2943898239096919
1991-10-08,0.0,-0.022339399230029033,0.31134348070480844
1991-10-09,0.0,-0.01990888206725861,0.30501670507090267
1991-10-10,0.0,-0.022362228515930963,0.29709048402132376
1991-10-11,1.0,0.00041919933541968295,0.30119059126773917
1991-10-14,0.0,-0.012914272688257409,0.3104653939249227
1991-10-15,0.0,-0.005609326164877977,0.2936591500419506
1991-10-16,1.0,0.0005607738826330823,0.2874071086283937
1991-10-17,0.0,-0.0067208317947612456,0.2670820269050079
1991-10-18,0.0,-0.002366535523634433,0.2577367122124559
1991-10-21,0.0,-0.016630095009403136,0.24364655033439522
1991-10-22,0.0,-0.01557533919834465,0.24020667855333858
1991-10-23,0.0,-0.01951553433129804,0.2324637484844561
1991-10-24,0.0,-0.02170193676824406,0.24666414201829495
1991-10-25,0.0,-0.016432621542038908,0.23213618369596564
1991-10-28,0.0,-0.0061555874278846345,0.26331415687239884
1991-10-29,0.0,-0.0071604377543356065,0.2607332273567303
1991-10-30,0.0,-0.009366113062421187,0.24357934052474653
1991-10-31,0.0,-0.009416133095002638,0.2628992140299298
1991-11-01,0.0,-0.0037807228399061557,0.2622291659705489
1991-11-04,0.0,-0.00098266309584937,0.2778375437879675
1991-11-05,0.0,-0.009156928109213052,0.26942534511822513
1991-11-06,1.0,0.004081925577700089,0.29058697429567293
1991-11-07,1.0,0.004784024883378991,0.28308088981595786
1991-11-08,1.0,0.004946656966871271,0.3025161551804579
1991-11-11,1.0,0.0030946711995798147,0.27726437563025846
1991-11-12,1.0,0.006882532962191858,0.28213810715865967
1991-11-13,0.0,-0.0007014098625223061,0.25070202615345655
1991-11-14,0.0,-0.004929934627422114,0.26063625209506486
1991-11-15,0.0,-0.0032401239870304905,0.26331586446879013
1991-11-18,0.0,-0.02228387352134396,0.22996223812425468
1991-11-19,0.0,-0.027368365535045906,0.21559985667430964
1991-11-20,0.0,-0.025699738435154735,0.22273759168428406
1991-11-21,0.0,-0.03548353820349609,0.2097848427828386
1991-11-22,0.0,-0.05058549678810622,0.2312087632176474
1991-11-25,0.0,-0.05170690356130823,0.2491837708919768
1991-11-26,0.0,-0.049247606664257426,0.26226382702934786
1991-11-27,0.0,-0.0370438415453413,0.26039754615401517
1991-11-28,0.0,-0.04355189314631795,0.2611827363253572
1991-11-29,0.0,-0.04166979214656198,0.26325075244749074
1991-12-02,0.0,-0.05067193902729601,0.2644150951602879
1991-12-03,0.0,-0.036479914845382294,0.2904563976038278
1991-12-04,0.0,-0.044364652930852726,0.25980310238001203
1991-12-05,0.0,-0.04471349536807041,0.26196650508049873
1991-12-06,0.0,-0.05419563800541894,0.25040248291606504
1991-12-09,0.0,-0.06032118795425945,0.26406496510616445
1991-12-10,0.0,-0.05716640511347793,0.2699860605725945
1991-12-11,0.0,-0.053953539692253,0.2868836693474112
1991-12-12,0.0,-0.046983729995161504,0.3353609576738095
1991-12-13,0.0,-0.05746154717587634,0.3315341794139587
1991-12-16,0.0,-0.06267733193966542,0.3377038221088558
1991-12-17,0.0,-0.05344563994742823,0.348743558924963
1991-12-18,0.0,-0.05513885794825404,0.34078319257487055
1991-12-19,0.0,-0.058815170421493326,0.3223083728065514
1991-12-20,0.0,-0.048755277811738676,0.37776251729575117
1991-12-23,0.0,-0.05500993961414612,0.3636513837604829
1991-12-27,0.0,-0.03690242877553253,0.43059638969021935
1991-12-30,0.0,-0.02828819539128475,0.42842972612811425
1992-01-02,0.0,-0.02656812346792327,0.4040548650828333
1992-01-03,0.0,-0.025826399559898423,0.3834129379067292
1992-01-06,0.0,-0.025508629471368106,0.40351911420025655
1992-01-07,0.0,-0.02636687584074211,0.37540489125169085
1992-01-08,0.0,-0.03290867377215572,0.37408634557516623
1992-01-09,0.0,-0.03708957645125966,0.3706198992695099
1992-01-10,0.0,-0.058688107459395594,0.34494688176294547
1992-01-13,0.0,-0.044638016396801074,0.3856793093843807
1992-01-15,0.0,-0.03914758968427146,0.3571408909304595
1992-01-16,0.0,-0.04573946140178508,0.3526327820776856
1992-01-17,0.0,-0.04864968513569671,0.35515109199366846
1992-01-20,0.0,-0.05677316319685626,0.3481221613833293
1992-01-21,0.0,-0.056041095287956,0.45275853951469386
1992-01-22,0.0,-0.05369354664310547,0.4812087744649787
1992-01-23,0.0,-0.048156918765685265,0.48647638298259077
1992-01-24,0.0,-0.04842929510791462,0.4860607944626744
1992-01-27,0.0,-0.058993686297742945,0.5151204596935507
1992-01-28,0.0,-0.05643225732131703,0.5182346027806627
1992-01-29,0.0,-0.05547726098500284,0.5085493546316361
1992-01-30,0.0,-0.056778446380415626,0.5103818628342168
1992-01-31,0.0,-0.04801384880527362,0.4980849277806393
1992-02-03,0.0,-0.056712880306180775,0.5558160223110109
1992-02-04,0.0,-0.055738404685001686,0.5543984590924231
1992-02-05,0.0,-0.05005759594912467,0.5400645318242115
1992-02-06,0.0,-0.0550041211373751,0.5408140188917284
1992-02-07,0.0,-0.057934881940515666,0.5373451819429199
1992-02-10,0.0,-0.05625486548630775,0.5425106113162466
1992-02-11,0.0,-0.06020336224410249,0.5440241395555563
1992-02-12,0.0,-0.05850969858983684,0.5422709769322832
1992-02-13,0.0,-0.04977296523134008,0.554554074865153
1992-02-14,0.0,-0.0438742805048525,0.5457147449008446
1992-02-17,0.0,-0.04281117825751424,0.5467450212011132
1992-02-18,0.0,-0.04596677274041035,0.5501198774446444
1992-02-19,0.0,-0.04620997364193964,0.5487420103224222
1992-02-20,0.0,-0.045442632494073924,0.5510482226119657
1992-02-21,0.0,-0.039892155812838316,0.5455516989171727
1992-02-24,0.0,-0.03520363519297979,0.5445796870455392
1992-02-25,0.0,-0.03957455606213764,0.5439356714347829
1992-02-26,0.0,-0.03250304335443515,0.5184578558242807
1992-02-27,0.0,-0.04895272155077846,0.5531883116489555
1992-03-02,0.0,-0.0332179355658835,0.5351662210163247
1992-03-03,0.0,-0.033131420936136524,0.5341415059128246
1992-03-04,0.0,-0.03413300636945847,0.5306532822567863
1992-03-05,0.0,-0.0322374365957429,0.5099997223920982
1992-03-06,0.0,-0.03110263787623018,0.5237889007063276
1992-03-09,0.0,-0.032044687661124914,0.512042930552851
1992-03-10,0.0,-0.031197865455277092,0.5055922558618285
1992-03-11,0.0,-0.03128665515152974,0.5120791329838099
1992-03-12,0.0,-0.023283938954044743,0.48779848978273666
1992-03-13,0.0,-0.013189552753890003,0.48147496798215517
1992-03-16,0.0,-0.0018968415988679728,0.39403644484236267
1992-03-17,1.0,0.008810629682154906,0.4021468305887739
1992-03-19,1.0,0.010161342125469697,0.4014132134688127
1992-03-20,1.0,0.013922698699185726,0.39771966222234995
1992-03-23,1.0,0.011156897878553952,0.40292713088611454
1992-03-24,1.0,0.015831465216680662,0.39980178935291016
1992-03-25,1.0,0.00307219903697028,0.39454665526413973
1992-03-26,1.0,0.008774551764156131,0.40039609695324807
1992-03-27,1.0,0.007315321576372915,0.38715345712104143
1992-03-30,1.0,0.0002912479997287871,0.3950437396685805
1992-03-31,1.0,0.00539950235583888,0.3862063747442128
1992-04-01,1.0,0.008971265494342224,0.39164368560369633
1992-04-02,1.0,0.014862578698990839,0.38377996115569774
1992-04-03,1.0,0.017462609052917778,0.38584529806093776
1992-04-06,1.0,0.018544738214922207,0.39508371639294304
1992-04-07,1.0,0.02550229281093626,0.3953458052014335
1992-04-08,1.0,0.028335472473610585,0.4283603584980608
1992-04-09,1.0,0.029835582726988816,0.4120940162408155
1992-04-10,1.0,0.019406836440665116,0.4106992862723751
1992-04-13,1.0,0.024635356857625523,0.42410342542715534
1992-04-14,1.0,0.034501175208719016,0.4214304759400854
1992-04-15,1.0,0.04061545305632216,0.4190269722186792
1992-04-21,1.0,0.05296201657818299,0.41644869933110806
1992-04-22,1.0,0.06081598440563274,0.4223162638721159
1992-04-23,1.0,0.05628818465205747,0.41254721002306033
1992-04-24,1.0,0.0638790406171088,0.417181930257478
1992-04-27,1.0,0.06849627317511216,0.42554069851465937
1992-04-28,1.0,0.06007422800888568,0.4196949302559835
1992-04-29,1.0,0.0654317771147861,0.4290509413395149
1992-04-30,1.0,0.06684001812585044,0.4292002983005895
1992-05-01,1.0,0.053926860542976705,0.41443073713324957
1992-05-05,1.0,0.05769444106647235,0.42577008533918487
1992-05-06,1.0,0.06092157801757777,0.42226893486608474
1992-05-07,1.0,0.052178187681808035,0.419949167381144
1992-05-08,1.0,0.045831686829499216,0.4196600828958916
1992-05-11,1.0,0.04251623006752474,0.4261057289629212
1992-05-12,1.0,0.039048610924132664,0.42294289225491744
1992-05-13,1.0,0.04292003076571424,0.42773736696185377
1992-05-14,1.0,0.039146504404035776,0.42021975000947326
1992-05-15,1.0,0.0266333140081054,0.4021023245159346
1992-05-18,1.0,0.023043166293381146,0.39921764050926717
1992-05-19,0.0,-0.006501204931146235,0.3887859248778839
1992-05-20,0.0,-0.0037166474062367847,0.4084916837142156
1992-05-21,1.0,0.00044467502400254605,0.4060890086920744
1992-05-22,0.0,-0.0005924170789375202,0.4097401483799978
1992-05-26,1.0,0.006343607612023473,0.40268259863029693
1992-05-27,1.0,0.002366164960807752,0.3998071028532124
1992-05-28,1.0,0.0047379419398226544,0.40539073763977207
1992-05-29,1.0,0.019076147060813887,0.3985085547944808
1992-06-01,1.0,0.018092719759270896,0.3925865973244471
1992-06-02,1.0,0.004415018209116693,0.36342617304445046
1992-06-03,1.0,0.0017636688874967138,0.34996517177232467
1992-06-04,1.0,0.009119051278776704,0.3644341551589506
1992-06-05,1.0,0.009400774284705888,0.354999137341355
1992-06-08,1.0,0.015526897549672375,0.3532664654503396
1992-06-09,1.0,0.012356732688905428,0.3689782459447446
1992-06-10,1.0,0.008405269568716279,0.3701340331715226
1992-06-11,1.0,0.0139451801150426,0.3476710697043337
1992-06-12,1.0,0.014325636016520892,0.3231592671064884
1992-06-15,1.0,0.0023316827818410046,0.20748346156941658
1992-06-16,1.0,0.006260484886641169,0.21696176939356526
1992-06-17,1.0,0.005830920310793144,0.21996725631255531
1992-06-18,1.0,0.002195390563435656,0.23286698915759568
1992-06-19,1.0,0.00276142897662829,0.19212023801769848
1992-06-22,1.0,0.014493007302566824,0.2171153750563131
1992-06-23,1.0,0.020726130517116952,0.18854145017636886
1992-06-24,1.0,0.022245608947319737,0.21804358838629215
1992-06-25,1.0,0.019037206020084185,0.19259969245602357
1992-06-29,1.0,0.021630259308704936,0.20480478910684702
1992-06-30,1.0,0.021890275002490828,0.19901789860025385
1992-07-01,1.0,0.021453561988780893,0.1977637805335039
1992-07-02,1.0,0.0083202316157187,0.23956232331415905
1992-07-03,1.0,0.015214876538286995,0.25333357007868224
1992-07-06,1.0,0.008332184392359126,0.24060818605472797
1992-07-07,1.0,0.012651117553558727,0.24813434034366352
1992-07-08,1.0,0.007168489478612497,0.23027307342785763
1992-07-09,1.0,0.008032171697264253,0.23342424294905603
1992-07-10,1.0,0.003721200801853826,0.24442273788979907
1992-07-13,1.0,0.012542923847376252,0.2451784687509245
1992-07-14,1.0,0.0062785594379333775,0.24925624403070137
1992-07-15,1.0,0.0045493396631539965,0.27062028587506326
1992-07-16,0.0,-0.0014174346809733935,0.3057382544592436
1992-07-17,0.0,-0.011844470112522513,0.3773400025832102
1992-07-20,0.0,-0.033393029114626216,0.4279594451137227
1992-07-21,0.0,-0.03871818655067378,0.4243556430122629
1992-07-22,0.0,-0.03763312386610626,0.4210945679646883
1992-07-23,0.0,-0.046983729995161504,0.4184502972196616
1992-07-24,0.0,-0.038773385925960746,0.4257214130439934
1992-07-27,0.0,-0.041008023727377024,0.41958073539323937
1992-07-28,0.0,-0.03999965938974065,0.4175410864969675
1992-07-29,0.0,-0.03049972764783661,0.4185627887202753
1992-07-30,0.0,-0.034941165903232506,0.4163254026979234
1992-07-31,0.0,-0.03801981373089325,0.4140996952554166
1992-08-03,0.0,-0.03170769893184309,0.4172245695979179
1992-08-04,0.0,-0.03667221963179917,0.41142525241896066
1992-08-05,0.0,-0.031128101372363253,0.4039168732894069
1992-08-06,0.0,-0.02204265580240387,0.40097433131852117
1992-08-07,0.0,-0.025764922090125462,0.4108401747884881
1992-08-10,0.0,-0.027050177533026173,0.4085544177574656
1992-08-11,0.0,-0.022218295798988614,0.41781604969387404
1992-08-12,0.0,-0.02274813752593654,0.41076850392859693
1992-08-13,1.0,0.007972875542602459,0.45860051179657163
1992-08-14,1.0,0.0038650263663724625,0.4258989479610569
1992-08-17,0.0,-0.00267102102708531,0.42372013533751407
1992-08-18,0.0,-0.016430541396095927,0.42291120628821377
1992-08-19,0.0,-0.01930275225452871,0.4201339790531659
1992-08-20,0.0,-0.011887212784046593,0.40748779793085177
1992-08-21,0.0,-0.0059259432675471575,0.4035138701811745
1992-08-24,0.0,-0.020558727021036664,0.42086061831647414
1992-08-25,0.0,-0.020619287202735703,0.4295044860287313
1992-08-26,0.0,-0.010332195237205301,0.4318680939675313
1992-08-27,0.0,-0.013303965626362815,0.41995819711131743
1992-08-28,0.0,-0.010301783527825945,0.41966194897260195
1992-08-31,0.0,-0.017699577099400975,0.4314039442921191
1992-09-01,0.0,-0.02353049741019416,0.4311359759606995
1992-09-02,0.0,-0.017699577099400975,0.4303001062527958
1992-09-03,0.0,-0.011816976504784542,0.4225112302245625
1992-09-04,0.0,-0.022108490754203392,0.4264923008972554
1992-09-07,0.0,-0.024982930490508995,0.4421826383035151
1992-09-08,0.0,-0.020588962577621547,0.45029251286945227
1992-09-09,0.0,-0.020528580141128707,0.4382702976698345
1992-09-10,0.0,-0.020558727021036664,0.4194189078086315
1992-09-11,0.0,-0.014727806710243398,0.4233080555968556
1992-09-14,0.0,-0.02349594136893077,0.4238006972850857
1992-09-15,0.0,-0.03068173465248504,0.42228238964980586
1992-09-16,0.0,-0.04516426705412932,0.4257138724011842
1992-09-17,0.0,-0.042311198071722934,0.4312098138782294
1992-09-18,0.0,-0.03933500539867689,0.4266730646726626
1992-09-21,0.0,-0.03927777612228305,0.43592902397659783
1992-09-22,0.0,-0.04218807438108336,0.4389250723579609
1992-09-23,0.0,-0.03478611608541554,0.4441203592707217
1992-09-24,0.0,-0.028987536873252298,0.4446482557433958
1992-09-25,0.0,-0.03478611608541554,0.4380187986730891
1992-09-28,0.0,-0.04237302984879854,0.445931978014385
1992-09-29,0.0,-0.045296274915176196,0.4466367074447759
1992-09-30,0.0,-0.045296274915176196,0.45338344838308575
1992-10-01,0.0,-0.045296274915176196,0.44486583207977803
1992-10-02,0.0,-0.042311198071722934,0.45126732854309787
1992-10-05,0.0,-0.05383117736501361,0.4470935795039962
1992-10-06,0.0,-0.04957283168243643,0.45589405874137817
1992-10-07,0.0,-0.06444396296058234,0.45499468747619803
1992-10-08,0.0,-0.06444396296058234,0.4568690027155671
1992-10-09,0.0,-0.06293224687526042,0.47502929605857
1992-10-12,0.0,-0.05015800571310585,0.49818341727738946
1992-10-13,0.0,-0.04148743116197232,0.4840657594657561
1992-10-14,0.0,-0.045899988747198715,0.48658307587054733
1992-10-15,0.0,-0.03561207178887697,0.490450586033683
1992-10-16,0.0,-0.04306530343083641,0.48482787369005065
1992-10-19,0.0,-0.04306530343083641,0.4885050795747065
1992-10-20,0.0,-0.04741628926516265,0.46876778837253996
1992-10-21,0.0,-0.045899988747198715,0.4723271903301267
1992-10-22,0.0,-0.03997571507665031,0.47237552935166444
1992-10-23,0.0,-0.04148743116197232,0.4415581383278621
1992-10-26,0.0,-0.03410263754002274,0.42702880831499523
1992-10-27,0.0,-0.02833895831846611,0.4395096423183113
1992-10-28,0.0,-0.02833895831846611,0.4333584495562892
1992-10-29,0.0,-0.025242617187607938,0.4201091006911056
1992-10-30,0.0,-0.03097329189659289,0.42993220690191686
1992-11-02,0.0,-0.03294134945408622,0.43307679583008485
1992-11-03,0.0,-0.023775265493658188,0.4359128564677194
1992-11-04,0.0,-0.027665315783026306,0.4436876358872901
1992-11-05,0.0,-0.025317807984289897,0.401106258430172
1992-11-06,0.0,-0.020990275891835858,0.4524573549996795
1992-11-09,0.0,-0.021021795142220624,0.43441265150372876
1992-11-10,0.0,-0.007558614973926615,0.4012828138044709
1992-11-11,0.0,-0.012066511413116479,0.3968822092935619
1992-11-12,0.0,-0.015060525625721237,0.3986552561814116
1992-11-13,0.0,-0.014970339458865244,0.3888561343135513
1992-11-16,0.0,-0.008941937375661282,0.38116234267027926
1992-11-17,0.0,-0.01499278458614128,0.37736541372486637
1992-11-18,0.0,-0.020990275891835858,0.3690757539512459
1992-11-19,0.0,-0.01499278458614128,0.38221437672189457
1992-11-20,0.0,-0.01791092656653022,0.37392780398026404
1992-11-23,0.0,-0.013483350337286988,0.38948635304497775
1992-11-24,0.0,-0.010471299867295366,0.3760671333253397
1992-11-25,0.0,-0.01499278458614128,0.37835484233347155
1992-11-26,0.0,-0.014970339458865244,0.37437826670450236
1992-11-27,0.0,-0.011994146785819278,0.39330249196583134
1992-11-30,0.0,-0.01499278458614128,0.38919402456222113
1992-12-01,0.0,-0.021021795142220624,0.38535554930683225
1992-12-02,0.0,-0.02247285585205863,0.3858410090437578
1992-12-03,0.0,-0.019476271060620803,0.38750487639440856
1992-12-04,0.0,-0.017964554975298773,0.3806729627313714
1992-12-07,0.0,-0.02406131116011732,0.3841382317482303
1992-12-08,0.0,-0.019930231876467,0.37593761229286515
1992-12-09,0.0,-0.019564205646364553,0.39153809890121183
1992-12-10,0.0,-0.022608348027592765,0.39116727988921296
1992-12-11,0.0,-0.025584540700638786,0.3857545995402782
1992-12-14,0.0,-0.024025179586989878,0.3857144554437415
1992-12-15,0.0,-0.022540398319410637,0.3976535259534383
1992-12-16,0.0,-0.02690745291992438,0.3973291830089573
1992-12-17,0.0,-0.02833895831846611,0.43891263299840994
1992-12-18,0.0,-0.02388173200338736,0.4510448814163248
1992-12-21,0.0,-0.008995562908577873,0.4418844472334632
1992-12-22,0.0,-0.004494389587839326,0.432106987164989
1992-12-23,0.0,-0.0014958865915826911,0.4376295033939552
1992-12-24,0.0,-0.0029940142126047777,0.4412362185057335
1992-12-28,0.0,-0.008982096315827704,0.4429533116832032
1992-12-29,0.0,-0.0014958865915826911,0.43447541661157507
1992-12-30,0.0,-0.0014958865915826911,0.42918856728588767
1993-01-04,1.0,0.00903620606393752,0.4378422433078699
1993-01-05,1.0,0.01947627106062072,0.43167433732576277
1993-01-06,1.0,0.02388173200338738,0.43285210706708266
1993-01-07,1.0,0.022439236191277804,0.4172732295255766
1993-01-08,1.0,0.03420407777086407,0.4140076265188854
1993-01-11,1.0,0.03132247112904107,0.4081342857613664
1993-01-12,1.0,0.026827242233144276,0.3993415603231498
1993-01-13,1.0,0.026947738409767743,0.41629630740906476
1993-01-14,1.0,0.026947738409767743,0.4159927483657401
1993-01-15,1.0,0.026947738409767743,0.42322025545922143
1993-01-18,1.0,0.03425502455031889,0.4169487897166157
1993-01-19,1.0,0.028296750212504086,0.4151522400333435
1993-01-20,1.0,0.028338958318466154,0.4152652166533958
1993-01-21,1.0,0.03118292743668806,0.3852669662408991
1993-01-22,1.0,0.03420407777086407,0.3987132739681486
1993-01-25,1.0,0.02980846629782615,0.3988787519767246
1993-01-26,1.0,0.025242617187607883,0.37961355806355807
1993-01-27,1.0,0.04552958967080044,0.4102054902114509
1993-01-28,1.0,0.06184509563643519,0.4186963878509238
1993-01-29,1.0,0.05841076215641451,0.37237795967218834
1993-02-01,1.0,0.06813326533587272,0.4178170064433647
1993-02-02,1.0,0.07270643022843339,0.3905134534657598
1993-02-03,1.0,0.0758380763915046,0.4140777820154631
1993-02-04,1.0,0.08574603454571687,0.4193358152495912
1993-02-05,1.0,0.07875788591178863,0.4124253139763396
1993-02-08,1.0,0.07875788591178863,0.4099714732179752
1993-02-09,1.0,0.08015942783707708,0.42259207501211965
1993-02-10,1.0,0.0796945788623616,0.37674590548211084
1993-02-11,1.0,0.06939199342399979,0.3448562418128459
1993-02-12,1.0,0.07561740640257619,0.40192229272977326
1993-02-15,1.0,0.08144033194017448,0.41203551218871143
1993-02-16,1.0,0.11408368723037234,0.3957897997905
1993-02-17,1.0,0.10836803672178166,0.3869936088435449
1993-02-18,1.0,0.1120350240657829,0.3976956189814383
1993-02-19,1.0,0.10821358464023279,0.37340813147296126
1993-02-22,1.0,0.14722124543024803,0.3975420415784162
1993-02-23,1.0,0.12009308539554525,0.3911940900247903
1993-02-24,1.0,0.1232982163444936,0.39486507779168667
1993-02-25,1.0,0.13409769750044065,0.4074463125975468
1993-02-26,1.0,0.13863971893494162,0.4355693656475527
1993-03-01,1.0,0.13182539277942232,0.4182290883652787
1993-03-02,1.0,0.13560941358576256,0.4145975821081751
1993-03-03,1.0,0.14591661380358312,0.4092290948842185
1993-03-04,1.0,0.1317222990580419,0.4270221959394064
1993-03-05,1.0,0.13076534876405346,0.4017217891093535
1993-03-08,1.0,0.12149111339244197,0.4204675913759
1993-03-09,1.0,0.1365755350057507,0.4255520599343276
1993-03-10,1.0,0.1432024644933598,0.4300178709800341
1993-03-11,1.0,0.13220072043881745,0.4140812538508813
1993-03-12,1.0,0.13353139262452257,0.41418854699323054
1993-03-15,1.0,0.12248576518328967,0.4015515318301768
1993-03-16,1.0,0.11559540331569423,0.3935841981608607
1993-03-17,1.0,0.10174371099479625,0.33895610351942845
1993-03-18,1.0,0.09476238466600287,0.3069759112041527
1993-03-19,1.0,0.10536051565782635,0.28921303447981495
1993-03-22,1.0,0.10344250979532389,0.2679538501920846
1993-03-23,1.0,0.10709813555636712,0.2806178852377581
1993-03-24,1.0,0.1121195765414415,0.2736371590663514
1993-03-25,1.0,0.1033075114825979,0.23195158778047298
1993-03-26,1.0,0.09952014052767515,0.20986362166491984
1993-03-29,1.0,0.11554832332101587,0.217378231994231
1993-03-30,1.0,0.10737628677970783,0.2737325294435872
1993-03-31,1.0,0.10544900731754517,0.3161032406701238
1993-04-01,1.0,0.10467981065795644,0.3191571445265135
1993-04-02,1.0,0.09677110044399968,0.3773590318049422
1993-04-05,1.0,0.10474358530732025,0.37980677258767664
1993-04-06,1.0,0.12973743997339546,0.37857312951807126
1993-04-07,1.0,0.13648124727094377,0.3820984513813357
1993-04-08,1.0,0.13648124727094377,0.010514764572543437
1993-04-13,1.0,0.14775763533887828,0.08950195979856576
1993-04-14,1.0,0.15146982537534368,0.00012787713583994995
1993-04-15,1.0,0.14821744270303663,0.1638423204590544
1993-04-16,1.0,0.14206108759537867,0.015078452951394768
1993-04-19,1.0,0.14179394713835292,0.0781967510425337
1993-04-20,1.0,0.14179394713835292,0.01584144977327989
1993-04-21,1.0,0.13829243439579875,0.35289375955891505
1993-04-22,1.0,0.14510274855963104,0.0027132892983553355
1993-04-23,1.0,0.12953135109160904,3.201700566393514e-08
1993-04-26,1.0,0.11809954143525599,3.4321985131302394e-10
1993-04-27,1.0,0.10621121753813924,0.14951002446077463
1993-04-28,1.0,0.10275088122736549,0.0014572366748038935
1993-04-29,1.0,0.0914777785884027,0.0011942355090386772
1993-04-30,1.0,0.09249723842771024,0.000453146957525906
1993-05-03,1.0,0.09125029094948496,0.41593375869612464
1993-05-04,1.0,0.10001666944358326,2.4684790308243533e-06
1993-05-05,1.0,0.09874682800310734,3.9320826858722757e-05
1993-05-06,1.0,0.10013681180887596,0.020364315532599354
1993-05-07,1.0,0.12622762616608807,0.0007419140558532831
1993-05-10,1.0,0.12088189156044979,0.0007566016226631303
1993-05-11,1.0,0.12169693497751977,0.28166877364657994
1993-05-12,1.0,0.11691363238482917,0.03722562618717919
1993-05-13,1.0,0.015512480094772881,1.4288560692653588e-08
1993-05-14,1.0,0.016086137751624444,0.0009756572636739656
1993-05-17,1.0,0.03432846520970669,0.01921581401647565
1993-05-18,1.0,0.027945930390559322,9.861574995483396e-05
1993-05-19,0.0,-0.017094433359300068,7.148664486309032e-11
1993-05-20,0.0,-0.01577383564885454,0.7180455526601247
1993-05-21,0.0,-0.013693327132002567,0.011239123700763604
1993-05-24,0.0,-0.01089132827406651,0.0021806176089568864
1993-05-25,0.0,-0.01678472866935316,8.927508168338939e-07
1993-05-26,0.0,-0.006127633399959044,0.01745158929530802
1993-05-27,0.0,-0.014637653233687879,1.3686721303357877e-05
1993-05-28,0.0,-0.02458165268920782,8.665481682350508e-05
1993-05-31,0.0,-0.0009343923792701653,0.7033759756431727
1993-06-01,0.0,-0.0120241929668017,0.01691747710849389
1993-06-02,1.0,0.0006727211824505548,0.0013413442826033437
1993-06-03,0.0,-0.018792499349367286,6.519909334830247e-09
1993-06-04,0.0,-0.02541942883697627,0.00013746403596551037
1993-06-07,0.0,-0.007216388392753325,0.005088118925070286
1993-06-08,0.0,-0.010426508037317598,0.0061039149884453735
1993-06-09,0.0,-0.006724974907673968,0.01917924379251304
1993-06-10,0.0,-0.018361617532120882,0.005637209160657403
1993-06-11,0.0,-0.0030062881346322613,5.475178133880312e-06
1993-06-14,0.0,-0.0009593641522495026,0.029774016354042768
1993-06-15,0.0,-0.05285924246183973,2.6847053018201033e-08
1993-06-16,0.0,-0.052373791521304704,0.00012157292745617049
1993-06-17,0.0,-0.046738122341255635,0.0008840326605458113
1993-06-18,0.0,-0.06082628215389101,2.4419250911878837e-05
1993-06-21,0.0,-0.0631084654454826,0.0005695080346827202
1993-06-22,0.0,-0.06653717429510272,0.00709161929689733
1993-06-23,0.0,-0.07083585554111894,2.546796594173269e-10
1993-06-24,0.0,-0.06127448645084527,0.005416674743756281
1993-06-25,0.0,-0.07052045123473746,2.9847344435923396e-06
1993-06-28,0.0,-0.057017360168792934,0.0020804126279953964
1993-06-29,0.0,-0.03360413349208671,0.00014061257834478003
1993-06-30,0.0,-0.06445036492470506,0.004095317424041293
1993-07-01,0.0,-0.07731243327269433,3.657414880266809e-15
1993-07-02,0.0,-0.07963471531236525,5.188358482551286e-13
1993-07-05,0.0,-0.09029699365109128,0.0025104731051014337
1993-07-06,0.0,-0.09735099683917749,1.1689788523952065e-08
1993-07-07,0.0,-0.11976688213386512,3.3771213000894126e-08
1993-07-08,0.0,-0.10538865257205281,7.734088660693895e-05
1993-07-09,0.0,-0.09748145596229017,3.5405408191597426e-06
1993-07-12,0.0,-0.10999499423860215,1.7834384614164772e-06
1993-07-13,0.0,-0.10928712983585845,1.3340611714957232e-05
1993-07-14,0.0,-0.09433878475363094,2.949102921268989e-07
1993-07-15,0.0,-0.0961729488387607,7.046508784589708e-07
1993-07-16,0.0,-0.09278702312684135,0.000265568481087763
1993-07-19,0.0,-0.09083917699162863,8.287383107518186e-06
1993-07-20,0.0,-0.06589999173589231,0.003013382371161224
1993-07-21,0.0,-0.06385709010609193,0.009204466956050235
1993-07-22,0.0,-0.06654573925292012,5.259545355531764e-05
1993-07-23,0.0,-0.06739363877764583,0.0001401598760090942
1993-07-26,0.0,-0.06510483113451308,4.155440904115336e-06
1993-07-27,0.0,-0.06555426525740665,0.00037040838995877607
1993-07-28,0.0,-0.05457560968996974,2.339651441599025e-05
1993-07-29,0.0,-0.06409935419640465,0.00047542204662309506
1993-07-30,0.0,-0.10010930302497559,7.477976989881531e-10
1993-08-02,0.0,-0.08845255900812556,8.62789552971301e-05
1993-08-03,0.0,-0.08931380910312928,0.0008975538982829737
1993-08-04,0.0,-0.08461951719462019,0.0006156143666107266
1993-08-05,0.0,-0.019293202934678896,1.2813510945093981e-15
1993-08-06,0.0,-0.017438403001638025,8.060332957579368e-10
1993-08-09,0.0,-0.038517377489917765,4.812154270563404e-08
1993-08-10,0.0,-0.04784572839956275,0.0013473840308682067
1993-08-11,0.0,-0.02348313210527106,8.44565865218319e-06
1993-08-12,1.0,0.011618612191510351,4.558574537421881e-08
1993-08-13,1.0,0.019542851920894257,0.0003823276310293852
1993-08-16,1.0,0.0025341794155745467,4.810678893459835e-09
1993-08-17,1.0,0.011486703031797817,0.02879805617959724
1993-08-18,1.0,0.00785257245965063,1.0519796688081113e-06
1993-08-19,1.0,0.009339627596132624,0.005374856023080996
1993-08-20,0.0,-0.0005353319185661638,3.3805937835180174e-05
1993-08-23,1.0,0.0029337266007525534,0.0010965356737055482
1993-08-24,1.0,0.006964935736841664,0.046944807627864994
1993-08-25,1.0,0.013227529357730994,0.00207589371613478
1993-08-26,1.0,0.019324272826402842,3.602687186324987e-05
1993-08-27,1.0,0.023832966314915997,0.001968168317749978
1993-08-30,1.0,0.017021687569430524,3.527049218567326e-05
1993-08-31,1.0,0.015334656114152016,0.0010528868858586682
1993-09-01,1.0,0.015400371326943886,0.0005873568965538971
1993-09-02,1.0,0.03665684639141463,4.6483544056681165e-05
1993-09-03,1.0,0.032052299410731434,0.00028847940606425754
1993-09-06,1.0,0.015510515029056187,0.27331511795802166
1993-09-07,1.0,0.054749346980256096,7.338684837555876e-08
1993-09-08,1.0,0.068176986348672,0.0016923263732374404
1993-09-09,1.0,0.05465390795557762,1.5521292337436288e-06
1993-09-10,1.0,0.07391407580601955,1.987136330600406e-06
1993-09-13,1.0,0.07931236869740885,3.0322503243916025e-08
1993-09-14,1.0,0.08997627050913831,5.929869621517294e-08
1993-09-15,1.0,0.09628721945215148,2.653202432535685e-06
1993-09-16,1.0,0.08119730385656888,5.670674145725599e-09
1993-09-17,1.0,0.08893233378964881,0.0001833603124700919
1993-09-20,1.0,0.08732867502328143,9.241454693677551e-06
1993-09-21,1.0,0.06070535356908437,1.7650612583922944e-18
1993-09-22,1.0,0.08900750282121957,2.867234093801863e-10
1993-09-23,1.0,0.07472577895928252,5.1205861821909904e-08
1993-09-24,1.0,0.0786032557057031,0.00034109499980937544
1993-09-27,1.0,0.09415551933862083,0.001148987461475467
1993-09-28,1.0,0.08530111382485303,0.000744936099523575
1993-09-29,1.0,0.09182248008603953,0.0004179079837769474
1993-09-30,1.0,0.08337035395168466,0.00013590586171255292
1993-10-01,1.0,0.084511771752168,0.012198442448466094
1993-10-04,1.0,0.09465334841250478,1.0508424876993573e-07
1993-10-05,1.0,0.09226925384485953,0.5415938827072
1993-10-06,1.0,0.09280307930720251,0.43730682090036066
1993-10-07,1.0,0.08763949579452207,0.4658992983294142
1993-10-08,1.0,0.08475689903853287,0.4314345156183484
1993-10-11,1.0,0.08830432138844055,0.4780971439593217
1993-10-12,1.0,0.07060827809476306,0.273444644510904
1993-10-13,1.0,0.06385709010609197,0.5430845400104616
1993-10-14,1.0,0.06205596197186828,0.3642721403439669
1993-10-15,1.0,0.05864872708150769,0.5481002802523423
1993-10-18,1.0,0.04273598485142869,0.5766586280036682
1993-10-19,1.0,0.051496525767174846,0.37521746028818187
1993-10-20,1.0,0.03636764417087479,0.4000148843279171
1993-10-21,1.0,0.05237349973158177,0.26465493326729966
1993-10-22,1.0,0.056706027494300884,0.26049848781786505
1993-10-25,1.0,0.05753392171876108,0.37604288509228145
1993-10-26,1.0,0.0644537717837342,0.4980195680600715
1993-10-27,1.0,0.059964180251451546,0.3239993814896765
1993-10-28,1.0,0.0480684030410224,0.25505838610325954
1993-10-29,1.0,0.03326986821831877,0.3218557138162247
1993-11-01,1.0,0.03289901816264238,0.5134066484790174
1993-11-02,1.0,0.050205147504332324,0.27398978307747895
1993-11-03,1.0,0.04318173360295901,0.1747535019741967
1993-11-04,1.0,0.01267951588389233,0.059204595596025776
1993-11-05,1.0,0.00026507621096247155,0.130559843071013
1993-11-08,1.0,0.017299870212459094,0.12364914491551804
1993-11-09,1.0,0.02102574170575038,0.2316412699688282
1993-11-10,1.0,0.02034057399006065,0.1658166931271904
1993-11-11,1.0,0.028281539280758345,0.2600723297622173
1993-11-12,1.0,0.03421386345460464,0.09665777508398996
1993-11-15,1.0,0.010859595531583322,0.30594280373990074
1993-11-16,1.0,0.01628420176528299,0.24484357780964527
1993-11-17,1.0,0.01971413563646081,0.08867668807090222
1993-11-18,1.0,0.017261117670863173,0.07530705239736524
1993-11-19,1.0,0.010267300936204005,0.19265810618981913
1993-11-22,1.0,0.013229612037838555,0.2978880225324416
1993-11-23,1.0,0.016665958867727346,0.22264300063284645
1993-11-24,1.0,0.019867767510514178,0.2532270272804715
1993-11-25,1.0,0.01484232934058182,0.32351443834944904
1993-11-26,1.0,0.00805231728625573,0.32435096901724925
1993-11-29,1.0,0.026906258163233384,0.028565406273282235
1993-11-30,1.0,0.02187920786786841,0.29952519639223874
1993-12-01,1.0,0.006489659224187193,0.14991148578846178
1993-12-02,1.0,0.008781323059266325,0.2129530590245835
1993-12-03,1.0,0.006480218405374292,0.09949764972203927
1993-12-06,1.0,0.014113536387517242,0.25756698869258476
1993-12-07,1.0,0.002776127105167756,0.19449642495119512
1993-12-08,0.0,-0.015483841690839589,0.16020390522759032
1993-12-09,0.0,-0.012884743071064148,0.20792783103243867
1993-12-10,0.0,-0.017085446493604238,0.3134403773780229
1993-12-13,0.0,-0.02738461328423902,0.20020158827163959
1993-12-14,0.0,-0.0264378701355917,0.27330535151798246
1993-12-15,0.0,-0.020861251957717056,0.19246990396587643
1993-12-16,1.0,0.0018113603089485906,0.20109957412497279
1993-12-17,0.0,-0.005432687013227049,0.31118156620915055
1993-12-20,0.0,-0.005406114337907509,0.3067272550568815
1993-12-21,0.0,-0.0015487870932809002,0.24126772893914428
1993-12-22,0.0,-0.002850850706250946,0.16489622718419003
1993-12-23,0.0,-0.009362877240579137,0.280462783261732
1993-12-24,1.0,0.001162565525242996,0.36133975707912425
1993-12-27,1.0,0.0010301314328413733,0.3150582069297751
1993-12-28,1.0,0.005277057100843819,0.26039611456983736
1993-12-29,0.0,-0.008747161509155561,0.10452968713192667
1993-12-30,1.0,0.0020444678728765648,0.11015652721542961
1993-12-31,1.0,0.0017900529009510183,0.23908473080543646
1994-01-03,0.0,-0.014572672560312125,0.32781631736017525
1994-01-04,0.0,-0.01961475615491931,0.2596897950108633
1994-01-05,0.0,-0.012345835822299379,0.07286078369568011
1994-01-06,1.0,0.005385318823664312,0.037952719179104207
1994-01-07,1.0,0.01002450240176336,0.12275488400989307
1994-01-10,1.0,0.006737522247742446,0.045568149152302964
1994-01-11,0.0,-0.009569451016150672,0.29416501684991825
1994-01-12,0.0,-0.002591346358096911,0.21134285330209635
1994-01-13,0.0,-0.014983488789235874,0.25805785244080043
1994-01-14,0.0,-0.013423020332140661,0.1824362905670185
1994-01-17,0.0,-0.03507308444742846,0.27746926492612445
1994-01-18,0.0,-0.036640774290819446,0.2828015440601671
1994-01-19,0.0,-0.03631104306713818,0.27284480945751116
1994-01-20,0.0,-0.022689720286262195,0.0593139802958644
1994-01-21,0.0,-0.009997452382218146,0.050966026575034316
1994-01-24,0.0,-0.01133231260386673,0.10904227828421334
1994-01-25,0.0,-0.025996158878893623,0.3013470713959072
1994-01-26,0.0,-0.03036536930188317,0.3433350663003448
1994-01-27,0.0,-0.008524292426548234,0.02748348987707596
1994-01-28,0.0,-0.015491762812450934,0.12054305875197834
1994-01-31,0.0,-0.020902996816938527,0.18482130311776454
1994-02-01,0.0,-0.02368531774150928,0.1848304533726724
1994-02-02,0.0,-0.0233944168998059,0.22942481932303746
1994-02-03,0.0,-0.029876435950574258,0.35317385356034287
1994-02-04,0.0,-0.02475406337882055,0.16577223594610402
1994-02-07,0.0,-0.007668952037777489,0.027116865986468293
1994-02-08,0.0,-0.012287926298980371,0.37393546324854865
1994-02-09,0.0,-0.01865284607014478,0.2702976838496462
1994-02-10,0.0,-0.02285889318369257,0.2170468159766477
1994-02-11,1.0,0.00574564129607967,0.25091172326785377
1994-02-14,0.0,-0.007182531694193599,0.413610658925327
1994-02-15,0.0,-0.012835801639602915,0.2155030422897002
1994-02-16,0.0,-0.0041775517674269595,0.4315884254969663
1994-02-17,0.0,-0.008379205873096918,0.23134009498684396
1994-02-18,1.0,0.0018389601924870538,0.04006067281891265
1994-02-21,1.0,0.007724067989012443,0.30095379067191685
1994-02-22,1.0,0.014671470921143695,0.32608452268335214
1994-02-23,1.0,0.009067674982593773,0.3242128767908807
1994-02-24,1.0,0.010672741138877785,0.42550845485649946
1994-02-25,1.0,0.012965933723851977,0.4376241319576596
1994-02-28,1.0,0.020354627669638366,0.4650299882309219
1994-03-01,1.0,0.024901879914042822,0.24289008576202575
1994-03-02,1.0,0.022231855877343384,0.16911603672691572
1994-03-03,1.0,0.01939518273349618,0.4607808318582994
1994-03-04,1.0,0.023061818705528394,0.47184948620346284
1994-03-07,1.0,0.023888785292159598,0.48532641938651216
1994-03-08,1.0,0.02695439907269574,0.47392291288652055
1994-03-09,1.0,0.011266986737915001,0.38852161906313976
1994-03-10,0.0,-0.005703930424459912,0.12779293761001162
1994-03-11,0.0,-0.012004319518825891,0.25588512915431694
1994-03-14,0.0,-0.016920877488337177,0.4989955301736622
1994-03-15,0.0,-0.0147032770473642,0.4391307689637558
1994-03-16,0.0,-0.008339897179257552,0.3491110178335304
1994-03-17,1.0,0.0015665799548528,0.32545257500669866
1994-03-18,0.0,-0.008296651168847364,0.37242489625777053
1994-03-21,0.0,-0.0124321725547955,0.34658729982208797
1994-03-22,0.0,-0.012920076365104283,0.3299402466258472
1994-03-23,1.0,0.000516662372640205,0.22938565433340619
1994-03-24,0.0,-0.014658871206954771,0.16909983159799705
1994-03-25,0.0,-0.008080592933179325,0.1902818326147327
1994-03-28,1.0,0.002828856200477623,0.13384733525148804
1994-03-29,1.0,0.02139050497262991,0.15628361296338103
1994-03-30,1.0,0.009530014174248109,0.5298723377518667
1994-03-31,0.0,-0.003202052047479898,0.47521389384631085
1994-04-01,1.0,0.0015333506709895503,0.44758130674469776
1994-04-04,0.0,-0.005438314581558636,0.4113896580805605
1994-04-05,1.0,0.004925479821699839,0.4706894991217458
1994-04-06,0.0,-0.0007787151594026683,0.5265174006183035
1994-04-07,1.0,0.005451019337779492,0.5671849310985331
1994-04-08,1.0,0.006217636610870362,0.5356013335733828
1994-04-11,1.0,0.023518199178064872,0.49209114827127753
1994-04-12,1.0,0.0186823645252912,0.5551555906799873
1994-04-13,1.0,0.014422696576636598,0.5932527264219956
1994-04-14,1.0,0.015962657401681266,0.5701547019666968
1994-04-15,1.0,0.013916464582953706,0.5937150764131972
1994-04-18,1.0,0.02331474302414918,0.5945153643884269
1994-04-19,1.0,0.03615646511905195,0.4343961207100623
1994-04-20,1.0,0.028282577609091152,0.5252915309100648
1994-04-21,1.0,0.027442355312993758,0.5413493440037601
1994-04-22,1.0,0.03906540551442181,0.4901625274848036
1994-04-25,1.0,0.03184060585565884,0.529963543417805
1994-04-26,1.0,0.030166221825592275,0.5311515656143176
1994-04-27,1.0,0.02521141934649607,0.5391903852780761
1994-04-28,1.0,0.02858461300900713,0.5500648200476953
1994-04-29,1.0,0.021644446983455957,0.5224836070014806
1994-05-02,1.0,0.022443359502229795,0.5014670526297802
1994-05-03,1.0,0.027276802551185846,0.514753528278248
1994-05-04,1.0,0.028494935358961984,0.5245818801094121
1994-05-05,1.0,0.03673989702076011,0.5269425282433214
1994-05-06,0.0,-0.0010422095784436427,0.5011397531476771
1994-05-09,1.0,0.006531701863215059,0.5188414858210123
1994-05-10,1.0,0.00026360880606042015,0.5154053379431999
1994-05-11,0.0,-0.010520875581815537,0.5366749854373614
1994-05-12,0.0,-0.00553725870985693,0.49991517975355854
1994-05-13,0.0,-0.006583302249197448,0.5499296847987555
1994-05-16,0.0,-0.014846229458695067,0.5207531119001307
1994-05-17,0.0,-0.016256257306715115,0.49695771093511976
1994-05-18,0.0,-0.011314421450729436,0.5078358931382364
1994-05-19,0.0,-0.009878249571662702,0.48620349475019853
1994-05-20,0.0,-0.01957883971649721,0.5142799604903128
1994-05-23,0.0,-0.032610167504068574,0.4835978266277727
1994-05-24,0.0,-0.0311258290263972,0.44351833228787585
1994-05-25,0.0,-0.023025611706821394,0.47379609403103373
1994-05-26,0.0,-0.01004378103390655,0.4496630936518575
1994-05-27,0.0,-0.00937018828758474,0.48014157232663435
1994-05-30,0.0,-0.008335552301017042,0.5090875855007109
1994-05-31,0.0,-0.013517232067852237,0.49428578956767066
1994-06-01,1.0,0.0007813517782594967,0.4361482644430438
1994-06-02,0.0,-0.0023428359017727183,0.5233898926157412
1994-06-03,1.0,0.0073241237683483295,0.500915911580709
1994-06-06,1.0,0.016920877488337177,0.5509527611286625
1994-06-07,1.0,0.014186481170228851,0.5583951019395383
1994-06-08,1.0,0.011708212321376267,0.5543819274740559
1994-06-09,1.0,0.010381614134196995,0.5353138083307861
1994-06-10,1.0,0.008554815621036355,0.5352016966765137
1994-06-13,1.0,0.009467679825004814,0.5334809085461385
1994-06-14,1.0,0.00983444779192306,0.5433663864190337
1994-06-15,1.0,0.008486613877318725,0.5039568929831866
1994-06-16,1.0,0.01542447032563173,0.5038430027523713
1994-06-17,1.0,0.00986744726948963,0.4553123138231121
1994-06-20,1.0,0.004611845222563067,0.4100516398957847
1994-06-21,0.0,-0.00929410216813497,0.5143679932945259
1994-06-22,1.0,0.0015368855484139995,0.4599404346117935
1994-06-23,0.0,-0.003212338130183733,0.538699176900752
1994-06-24,0.0,-0.0035814824673445402,0.5370321694326138
1994-06-27,1.0,0.013156387368147462,0.43229817752083854
1994-06-28,1.0,0.01819396759177375,0.5778157828421016
1994-06-29,1.0,0.02386258190761701,0.5403721938443593
1994-06-30,1.0,0.024294763496229714,0.5422472125005939
1994-07-01,1.0,0.023734685672480722,0.5453366705722588
1994-07-04,1.0,0.023103969789068514,0.520379350361525
1994-07-05,1.0,0.030340121957860195,0.5243141455602491
1994-07-06,1.0,0.030258718760225605,0.4940831001744121
1994-07-07,1.0,0.027651531330510164,0.5495404701059345
1994-07-08,1.0,0.02764560503583698,0.5381091153320908
1994-07-11,1.0,0.025058841260066456,0.5004809242561392
1994-07-12,1.0,0.01849051139763254,0.4958331870478457
1994-07-13,1.0,0.023948614616354547,0.4918144584562792
1994-07-14,1.0,0.02073614127868581,0.5148921624123598
1994-07-15,1.0,0.017831272266151478,0.5410009448043865
1994-07-18,1.0,0.014527477965939494,0.5446226020460706
1994-07-19,1.0,0.003224768999014576,0.5552830070575159
1994-07-20,1.0,0.006720107998519308,0.5458935828072832
1994-07-21,0.0,-0.000258564965887977,0.5725265855957808
1994-07-22,1.0,0.006338550424536288,0.6590587476891795
1994-07-25,1.0,0.010971391110577836,0.680581604902505
1994-07-26,1.0,0.009655691368064701,0.6787687590986456
1994-07-27,1.0,0.008341402231089501,0.6579279965426612
1994-07-28,1.0,0.009360842861269423,0.6974371791236776
1994-07-29,1.0,0.01910721697608265,0.6891155720036272
1994-08-01,1.0,0.015504186535965254,0.7100305622749546
1994-08-02,1.0,0.02691445043697215,0.6462490768734795
1994-08-03,1.0,0.028798654489750525,0.687282484650911
1994-08-04,1.0,0.028156187394089136,0.7005128499276191
1994-08-05,1.0,0.02478926674577007,0.7108299480305528
1994-08-08,1.0,0.017711187792849626,0.7146271213087919
1994-08-09,1.0,0.016516301515695733,0.7197835299805668
1994-08-10,1.0,0.017314178590255445,0.7167475937046645
1994-08-11,1.0,0.016409951434877855,0.7141692578927066
1994-08-12,1.0,0.018667559304543835,0.6694075155272657
1994-08-15,1.0,0.015524584916334407,0.7144056644855822
1994-08-16,1.0,0.020250527640634716,0.689089106274469
1994-08-17,1.0,0.016277597520317752,0.7003175683003242
1994-08-18,1.0,0.010433062813947293,0.691341947384499
1994-08-19,1.0,0.008074011826138094,0.6850526394873627
1994-08-22,1.0,0.007297400118496195,0.6884228454452347
1994-08-23,1.0,0.013000703130748237,0.7039819035869337
1994-08-24,1.0,0.006228932675617434,0.6790832640921236
1994-08-25,1.0,0.007270870774569882,0.7050790980699926
1994-08-26,1.0,0.0026028125053426513,0.6954878979585798
1994-08-29,0.0,-0.00933616739929591,0.656016244811741
1994-08-30,0.0,-0.007133160392823285,0.6834777504998221
1994-08-31,0.0,-0.0033683151421186348,0.6788298179393328
1994-09-01,0.0,-0.006475867729155084,0.6811153789489829
1994-09-02,0.0,-0.005695071048925021,0.6797974597047284
1994-09-05,0.0,-0.011032625371308238,0.6782984644335729
1994-09-06,0.0,-0.013743247556975698,0.6786007168955435
1994-09-07,0.0,-0.023579276113421973,0.6734340482290609
1994-09-08,0.0,-0.03043290865106026,0.6633972171832277
1994-09-09,0.0,-0.04059886205833778,0.6521896353911678
1994-09-12,0.0,-0.03830089092071395,0.6611064379046337
1994-09-13,0.0,-0.037533725558960764,0.6084479571170988
1994-09-14,0.0,-0.03622545935881686,0.6015827237965671
1994-09-15,0.0,-0.028987536873252298,0.6248215448271339
1994-09-16,0.0,-0.03176523256942317,0.6263420675882295
1994-09-19,0.0,-0.03242682703616188,0.6010208416757511
1994-09-20,0.0,-0.038966809381446275,0.6127920630261406
1994-09-21,0.0,-0.03903817403362702,0.6124331974392667
1994-09-22,0.0,-0.04073778044803394,0.5950886193808208
1994-09-23,0.0,-0.04461227069403592,0.6161492569799542
1994-09-26,0.0,-0.04161094919628724,0.5980888315303164
1994-09-27,0.0,-0.04061797213986174,0.5527004041439251
1994-09-28,0.0,-0.036002859880614406,0.5823840838046778
1994-09-29,0.0,-0.03756551808816193,0.5765985920893522
1994-09-30,0.0,-0.03471092292593748,0.5900046940928669
1994-10-03,0.0,-0.037303360529968896,0.5570306407324275
1994-10-04,0.0,-0.029698761144749494,0.5870394777571475
1994-10-05,0.0,-0.023818312967854357,0.572731507081675
1994-10-06,0.0,-0.024125533129893247,0.5988639792403183
1994-10-07,0.0,-0.02588849584168179,0.5595750270552943
1994-10-10,0.0,-0.022588892055484193,0.5968720082464355
1994-10-11,0.0,-0.021873024079565824,0.5918200517940555
1994-10-12,0.0,-0.03646305582452656,0.6180753729832292
1994-10-13,0.0,-0.03139006163054427,0.6031214972259973
1994-10-14,0.0,-0.042811937898834355,0.6029388111395906
1994-10-17,0.0,-0.04194586073793098,0.5796884313249986
1994-10-18,0.0,-0.040395009031274264,0.5842121137827028
1994-10-19,0.0,-0.039757598464468455,0.569565167534935
1994-10-20,0.0,-0.02716855331450887,0.5587531129023287
1994-10-21,0.0,-0.03130328972732764,0.5507757313521306
1994-10-24,0.0,-0.03191413797084316,0.5528257429487353
1994-10-25,0.0,-0.023756553075836757,0.5215408269365356
1994-10-26,0.0,-0.017754629536861525,0.533727828017707
1994-10-27,0.0,-0.013588044717039378,0.5343207664433399
1994-10-28,0.0,-0.009842089288817244,0.5244813327519432
1994-10-31,0.0,-0.007832938221186947,0.4945975857397525
1994-11-01,0.0,-0.007437889055937599,0.5036758867137295
1994-11-02,0.0,-0.008881981065884116,0.5264558995631602
1994-11-03,0.0,-0.006531701863215124,0.5311783888930501
1994-11-04,0.0,-0.014826749338286642,0.5187543347235725
1994-11-07,0.0,-0.015789801732635195,0.5099195068098231
1994-11-08,0.0,-0.023710278264017514,0.4880245011173216
1994-11-09,0.0,-0.02052163572079691,0.5946298169557118
1994-11-10,0.0,-0.024027939917180448,0.5951420975021477
1994-11-11,0.0,-0.02415449540399252,0.5969334812964202
1994-11-14,0.0,-0.02417989025073107,0.6102568658016746
1994-11-15,0.0,-0.03229050721933536,0.5961505533281404
1994-11-16,0.0,-0.027542724637582165,0.6270094729469621
1994-11-17,0.0,-0.026213820787528395,0.6157170764796772
1994-11-18,0.0,-0.022077112158857763,0.6104170617346981
1994-11-21,0.0,-0.02159683623949166,0.6294716554209917
1994-11-22,0.0,-0.02064640371425229,0.6328264708074063
1994-11-23,0.0,-0.023104204392163683,0.6189298991451164
1994-11-24,0.0,-0.020080732491911685,0.6417892082444174
1994-11-25,0.0,-0.016226474841544127,0.619947658377964
1994-11-28,0.0,-0.008914584468846725,0.641623594221898
1994-11-29,0.0,-0.011290654272896826,0.6514559634222769
1994-11-30,0.0,-0.004862352703541343,0.6001426229460249
1994-12-01,0.0,-0.002897025992457768,0.5599218493235885
1994-12-02,1.0,0.0002655689831038127,0.4644658510804156
1994-12-05,0.0,0.0,0.4800891534379118
1994-12-06,1.0,0.0015923570243632046,0.49244516509193564
1994-12-07,0.0,-0.005055218960341791,0.4977650099988533
1994-12-08,0.0,-0.0013257326613600425,0.5039479631177709
1994-12-09,0.0,-0.003179652917379684,0.5001829129762867
1994-12-12,1.0,0.0038311692280177186,0.5179168506354364
1994-12-13,1.0,0.014807320272558397,0.5048141194522633
1994-12-14,1.0,0.001580611498726579,0.49665638606056195
1994-12-15,1.0,0.005249355886143745,0.5174560673054059
1994-12-16,1.0,0.008141870321500448,0.5141381704487616
1994-12-19,1.0,0.014755115248067038,0.5102647664210068
1994-12-20,1.0,0.00898268098139453,0.48522384688897935
1994-12-21,1.0,0.011455475440765101,0.5155468287686134
1994-12-22,1.0,0.0070542421855405504,0.5303462075318924
1994-12-23,1.0,0.007586694335696312,0.5196614360044692
1994-12-26,1.0,0.004185200982091635,0.505882290476686
1994-12-27,1.0,0.005228770082799276,0.5058068423078124
1994-12-28,0.0,-0.0016952471948035494,0.47193546651787494
1994-12-29,1.0,0.0022174404181581676,0.4867733310606127
1994-12-30,0.0,-0.002351405394338352,0.4712880027967506
1995-01-02,0.0,-0.002352634727791613,0.4839564956965322
1995-01-03,1.0,0.006429202753136404,0.48275939865946194
1995-01-04,1.0,0.02140956626686288,0.4369759367515386
1995-01-05,1.0,0.030613965355655696,0.44906455388338035
1995-01-06,1.0,0.05218119080416203,0.3728585230323105
1995-01-09,1.0,0.048343835217590496,0.38800159112651983
1995-01-10,1.0,0.045634302851239726,0.41288035440344517
1995-01-11,1.0,0.04777647933858585,0.39967709428865933
1995-01-12,1.0,0.033529897921526365,0.3833101209137785
1995-01-13,1.0,0.03615085630637589,0.4304947197274756
1995-01-16,1.0,0.0316576948357027,0.43805563513026635
1995-01-17,1.0,0.025166719324520206,0.3966659356120134
1995-01-18,1.0,0.02019224701176462,0.370244662553238
1995-01-19,1.0,0.014872566409395964,0.3964852402327917
1995-01-20,1.0,0.013700614976346604,0.36779191183493065
1995-01-23,1.0,0.032240058573422055,0.3490462043276275
1995-01-24,1.0,0.034626021774970865,0.3827699262422198
1995-01-25,1.0,0.03506417478898671,0.4017665734910401
1995-01-26,1.0,0.028425686497951505,0.41092771225151187
1995-01-27,1.0,0.03161650187047197,0.3680297777214631
1995-01-30,1.0,0.03505473266067321,0.4055287143183048
1995-01-31,1.0,0.039466771101169015,0.4193552730328498
1995-02-01,1.0,0.02752828174632129,0.3998853468510081
1995-02-02,1.0,0.028816663233892627,0.4338055032393133
1995-02-03,1.0,0.028296359984210935,0.42439832637965597
1995-02-06,1.0,0.03193988780472845,0.4256659915398046
1995-02-07,1.0,0.037186793254179194,0.4443905561780914
1995-02-08,1.0,0.03630115259865709,0.42352727285296277
1995-02-09,1.0,0.03702195482107669,0.4168890067515716
1995-02-10,1.0,0.03576004152430044,0.4224664073360511
1995-02-13,1.0,0.03685246501055566,0.41183549920744017
1995-02-14,1.0,0.01973488597420799,0.4107576432599343
1995-02-15,1.0,0.01920353633365138,0.41597107645291054
1995-02-16,1.0,0.017478597273959763,0.4240699955922058
1995-02-17,1.0,0.012324792170480227,0.3597575410108259
1995-02-20,1.0,0.01412157358310663,0.3864270076787548
1995-02-21,1.0,0.015979383883802357,0.39893855127154115
1995-02-22,1.0,0.010614002546505888,0.3794795493344593
1995-02-23,1.0,0.011668437862338779,0.3843065407158948
1995-02-24,1.0,0.018156004584258766,0.37307842002914543
1995-02-27,1.0,0.015287593462418958,0.38368452546177545
1995-02-28,1.0,0.016307568122197948,0.38160613155344025
1995-03-01,1.0,0.02450392659259001,0.390945384339914
1995-03-02,1.0,0.02204235135902224,0.35597637387725045
1995-03-03,1.0,0.024122826762622753,0.39011352324684306
1995-03-06,1.0,0.020360922648915175,0.34780249326550566
1995-03-07,1.0,0.002857515907246851,0.29806447037140404
1995-03-08,1.0,0.011515437377218506,0.37814235192654905
1995-03-09,1.0,0.007952587378683942,0.3569946737922609
1995-03-10,1.0,0.0033947023069161157,0.34938539668619967
1995-03-13,0.0,-0.0029856580885908035,0.3525117737358195
1995-03-14,0.0,-0.003375311525930093,0.4082858500035373
1995-03-15,1.0,0.00025883266612720474,0.40348924542110703
1995-03-16,1.0,0.0036382576515249314,0.41104123985931457
1995-03-17,1.0,0.012432172554795402,0.38137663004371025
1995-03-20,1.0,0.011161699266291994,0.4163497457270039
1995-03-21,1.0,0.008568142771828435,0.4091219808836242
1995-03-22,1.0,0.012966986668257349,0.406767146243331
1995-03-23,1.0,0.019738756060568807,0.4001388287187622
1995-03-24,1.0,0.019941098421324886,0.4214587881718186
1995-03-27,1.0,0.02481388621893133,0.43224112360727546
1995-03-28,1.0,0.022501919282998564,0.40954313033110673
1995-03-29,1.0,0.022240378808119535,0.39014003582754647
1995-03-30,1.0,0.009530014174248109,0.2828104976545902
1995-03-31,0.0,-0.002814380775406479,0.3494420064447328
1995-04-03,0.0,-0.005371543801910988,0.5288392385309779
1995-04-04,0.0,-0.007162987904703994,0.5021519239936117
1995-04-05,0.0,-0.018166036207773736,0.5426116592896016
1995-04-06,0.0,-0.015722187468287123,0.5700087552878152
1995-04-07,0.0,-0.021351293409734594,0.5715925340883184
1995-04-10,0.0,-0.012646961700767309,0.5561674886479041
1995-04-11,0.0,-0.013282805387594519,0.5540370575910263
1995-04-12,0.0,-0.015235930618212485,0.5772412196463033
1995-04-13,0.0,-0.011101185386832439,0.5797723085536136
1995-04-14,0.0,-0.00928559676722995,0.5655019866076426
1995-04-17,0.0,-0.019866081085978645,0.5052083428475053
1995-04-18,0.0,-0.025369714241600796,0.5376731417013331
1995-04-19,0.0,-0.014032632356951449,0.54207659146813
1995-04-20,0.0,-0.00831472650835541,0.5520110955897963
1995-04-21,0.0,-0.0038496133772357986,0.5463306839287425
1995-04-24,0.0,-0.002692827170584741,0.5428358716854083
1995-04-25,0.0,-0.0005126890653187235,0.5423347735631483
1995-04-26,1.0,0.003613839761609241,0.5426616020774532
1995-04-27,0.0,-0.0019386112695014093,0.5355114501076987
1995-04-28,0.0,-0.0012924908093719272,0.5309572144683813
1995-05-01,0.0,-0.0018052874019652684,0.5453083916456315
1995-05-02,0.0,-0.0051546505886645375,0.5365408761865865
1995-05-03,0.0,-0.007724034282084328,0.5488724289175365
1995-05-04,0.0,-0.019122029674515484,0.5361447285689098
1995-05-05,0.0,-0.01680711831638129,0.537687376251323
1995-05-08,0.0,-0.018387155338510947,0.5546899516567446
1995-05-09,0.0,-0.000781962766288689,0.49416889006049824
1995-05-10,0.0,-0.001434065821676066,0.5343624489886124
1995-05-11,1.0,0.0013019139971987292,0.5423559058005194
1995-05-12,1.0,0.0010419380989524695,0.5394703675981379
1995-05-15,0.0,-0.0015592518751645936,0.5408398312881186
1995-05-16,1.0,0.000649477193707776,0.5526965144646802
1995-05-17,1.0,0.0033832172804170823,0.5596356984527712
1995-05-18,1.0,0.002343445936415424,0.5475657024480513
1995-05-19,1.0,0.0013029317804160619,0.5487663789178869
1995-05-22,1.0,0.006258169055882287,0.5416536488931302
1995-05-23,1.0,0.006241892827672683,0.524728536689345
1995-05-24,0.0,-0.003650590755657063,0.5414051360251305
1995-05-25,0.0,-0.0014284789131233544,0.5161320553047349
1995-05-26,0.0,-0.001815117832718876,0.5644534765553305
1995-05-29,0.0,-0.005441132740081448,0.5625987430376418
1995-05-30,0.0,-0.005201572196073284,0.6032662461030454
1995-05-31,0.0,-0.0015625003178916682,0.6568656037804801
1995-06-01,0.0,-0.004816149888553685,0.6476697903157539
1995-06-02,0.0,-0.0005215123977392003,0.6831025589730829
1995-06-05,0.0,-0.0033858607681699878,0.6581006896114983
1995-06-06,0.0,-0.004692396514042164,0.6657281176607088
1995-06-07,0.0,-0.012500162764231382,0.6114374111249788
1995-06-08,0.0,-0.007159158465591019,0.6540126655970744
1995-06-09,0.0,-0.019362569695575618,0.5907705229636799
1995-06-12,0.0,-0.01862881983349321,0.6397752784303729
1995-06-13,0.0,-0.016684432907904157,0.6344952604620484
1995-06-14,0.0,-0.019776861073120162,0.593754909154768
1995-06-15,0.0,-0.021695065781329837,0.5420769756145172
1995-06-16,0.0,-0.0183728806404434,0.6135883931366144
1995-06-19,0.0,-0.02246125149113957,0.5670256417980419
1995-06-20,0.0,-0.01442580400509987,0.5981902290194946
1995-06-21,0.0,-0.017023882889228393,0.5940035989098069
1995-06-22,0.0,-0.010565747047779968,0.6062099097409508
1995-06-23,0.0,-0.013152994262598855,0.6001801529323413
1995-06-26,0.0,-0.010700804745281378,0.6120752787933919
1995-06-27,0.0,-0.009804000096620856,0.6144195378082554
1995-06-28,0.0,-0.005956252232922294,0.6315551687780839
1995-06-29,0.0,-0.0067218453714765515,0.622327409277309
1995-06-30,0.0,-0.0015612805669525758,0.6479423509137799
1995-07-03,0.0,-0.00468628819107879,0.6709470027076966
1995-07-04,0.0,-0.0029903162112478996,0.6694411757226987
1995-07-05,0.0,-0.0018231545615150252,0.6614625050389964
1995-07-06,0.0,-0.003380577917218459,0.6497842585107669
1995-07-07,0.0,-0.004935715955846141,0.6339101925306174
1995-07-10,0.0,-0.009756174945364685,0.6484369725518322
1995-07-11,0.0,-0.0072935983655214405,0.6568506838601991
1995-07-12,0.0,-0.015797298605246566,0.4797405374153315
1995-07-13,0.0,-0.015142980102563638,0.5355057273731965
1995-07-14,0.0,-0.014243410550157534,0.5311012141842121
1995-07-17,0.0,-0.011623532648398927,0.5149525510869484
1995-07-18,0.0,-0.01160554612030789,0.5091281139029821
1995-07-19,0.0,-0.007630169575885944,0.5158617178846437
1995-07-20,0.0,-0.0044081492359252196,0.5958206812314278
1995-07-21,0.0,-0.005446777828531907,0.5771268502304785
1995-07-24,0.0,-0.008815198385168598,0.5748256962798997
1995-07-25,0.0,-0.007521757677922676,0.5938674577577611
1995-07-26,0.0,-0.0073935092617762,0.5973577843767864
1995-07-27,0.0,-0.002743127577337769,0.6588089469952064
1995-07-28,0.0,-0.003657266354456596,0.6481224599128825
1995-07-31,1.0,0.0010449321744935213,0.6760105036861697
1995-08-01,0.0,-0.002088228375654275,0.6331071487676259
1995-08-02,0.0,-0.0006525285712775723,0.6480451295708948
1995-08-03,0.0,-0.0027359798188747488,0.5999158122917917
1995-08-04,0.0,-0.0028679461712132243,0.6308853659580269
1995-08-07,0.0,-0.0052151356791081595,0.6172867974591576
1995-08-08,0.0,-0.005338206804613184,0.6024979684389284
1995-08-09,0.0,-0.006254907023109864,0.6175024636580344
1995-08-10,0.0,-0.004169930462449857,0.6309031457530623
1995-08-11,0.0,-0.00365249558157426,0.6385952601869835
1995-08-14,0.0,-0.005212417326592857,0.6164393854338392
1995-08-15,0.0,-0.0005186722107978514,0.5691517976603699
1995-08-16,1.0,0.00599038124206405,0.6512838782197157
1995-08-17,1.0,0.0045380953084881,0.5852564693772766
1995-08-18,1.0,0.010841613678691093,0.6037396025881583
1995-08-21,1.0,0.006474190683195161,0.6273453842214558
1995-08-22,1.0,0.00649774865751995,0.6657102381970293
1995-08-23,1.0,0.00662383095904847,0.642644186569196
1995-08-24,1.0,0.007280323368125324,0.6515967816632475
1995-08-25,1.0,0.010120755909162421,0.6564886395760359
1995-08-28,1.0,0.009348289319957844,0.6634247549383843
1995-08-29,1.0,0.007808472782525616,0.6717589265587008
1995-08-30,1.0,0.000785854657339038,0.6382739127482441
1995-08-31,1.0,0.0009140171688102435,0.5985210266980894
1995-09-01,1.0,0.007711952475600473,0.6141153163545978
1995-09-04,1.0,0.013193320492709704,0.6146660761959648
1995-09-05,1.0,0.021841741915048854,0.6099737677779352
1995-09-06,1.0,0.02235020268876735,0.6112571877425867
1995-09-07,1.0,0.01245475362790537,0.5391178235315993
1995-09-08,1.0,0.009616708290981857,0.5762768475943447
1995-09-11,1.0,0.008320380813768031,0.5791484155708064
1995-09-12,1.0,0.004530458852466612,0.5016781757049862
1995-09-13,1.0,0.011638564065564272,0.5463816518472899
1995-09-14,1.0,0.007999010525677013,0.5401712625130192
1995-09-15,1.0,0.012384059199721622,0.5710222299615028
1995-09-18,1.0,0.0073610457000694825,0.5453873259435311
1995-09-19,1.0,0.00826237594751938,0.5548139728856751
1995-09-20,1.0,0.004147232486446389,0.5710118118494443
1995-09-21,1.0,0.0018141769910298804,0.5526426651852406
1995-09-22,1.0,0.006489315439749868,0.5875551009895239
1995-09-25,1.0,0.012705992278155151,0.6052253129621902
1995-09-26,1.0,0.009589292089156484,0.5873959834164032
1995-09-27,1.0,0.011920327725626657,0.6012636844911495
1995-09-28,1.0,0.010752095293395795,0.5992439591443623
1995-09-29,1.0,0.009073296205674755,0.5958942055185831
1995-10-02,1.0,0.014276686356682862,0.6211718984326728
1995-10-03,1.0,0.014405544033557425,0.6146390581905511
1995-10-04,1.0,0.010257831944119016,0.6009678279874198
1995-10-05,1.0,0.009733384221188418,0.6022928716603924
1995-10-06,1.0,0.009604226972058401,0.5963341611441878
1995-10-09,1.0,0.016363181564662686,0.5612076730198413
1995-10-10,1.0,0.025103777299255774,0.5189379390300035
1995-10-11,1.0,0.022718040498958994,0.5121093995834453
1995-10-12,1.0,0.029447781404837992,0.5194098301638793
1995-10-13,1.0,0.031866539225423644,0.5272838260660339
1995-10-16,1.0,0.03152894760866243,0.5339026419865455
1995-10-17,1.0,0.04006148671444052,0.5210722391485173
1995-10-18,1.0,0.03818866444517243,0.4956636012108068
1995-10-19,1.0,0.036096655387217666,0.5416964353699107
1995-10-20,1.0,0.03573185680162628,0.5555360352711001
1995-10-23,1.0,0.03992341859804851,0.5128538171307098
1995-10-24,1.0,0.04371302963464322,0.5388399297936465
1995-10-25,1.0,0.037159944913740625,0.5211431879793182
1995-10-26,1.0,0.04227690431437617,0.5166717094353539
1995-10-27,1.0,0.052389299298808006,0.5230742894130961
1995-10-30,1.0,0.053447834443412987,0.5475111183768692
1995-10-31,1.0,0.052513176660378524,0.5226652578249316
1995-11-01,1.0,0.06171591387607586,0.5513364412036048
1995-11-02,1.0,0.05907179066303543,0.5262083012914116
1995-11-03,1.0,0.060101745987528585,0.5496102874550498
1995-11-06,1.0,0.05589465945016321,0.5499691534834718
1995-11-07,1.0,0.05255060999029691,0.40403261848419275
1995-11-08,1.0,0.06654896313903141,0.46382241425501
1995-11-09,1.0,0.07235074626802612,0.43727800851711773
1995-11-10,1.0,0.06088132827401189,0.5238310973542575
1995-11-13,1.0,0.06253600116990932,0.5869667982761348
1995-11-14,1.0,0.058366664612640465,0.5937562232017977
1995-11-15,1.0,0.05796355528640221,0.5808477596226416
1995-11-16,1.0,0.05002305792688355,0.5843032919801715
1995-11-17,1.0,0.0357588498415311,0.5573857472505638
1995-11-20,1.0,0.04225802677298679,0.5840414397992642
1995-11-21,1.0,0.04734462193213414,0.5986734921578085
1995-11-22,1.0,0.05625608372967951,0.64095850930767
1995-11-23,1.0,0.05509706626665236,0.6198420627849891
1995-11-24,1.0,0.05534108061945783,0.6083898277039761
1995-11-27,1.0,0.035941169349602925,0.5608596103617665
1995-11-28,1.0,0.03463002427233397,0.47717703511719506
1995-11-29,1.0,0.027253096787390955,0.5278542304416289
1995-11-30,1.0,0.027217755421718278,0.5721653460169538
1995-12-01,1.0,0.03407398033375146,0.597197978933848
1995-12-04,1.0,0.03385839521191525,0.6040252215270694
1995-12-05,1.0,0.034650334937922536,0.5702039565116596
1995-12-06,1.0,0.030015550327960754,0.49935370282774577
1995-12-07,1.0,0.024874378920852914,0.505377612502615
1995-12-08,1.0,0.010077258568004864,0.517918203545914
1995-12-11,1.0,0.01189500499504743,0.5601968019853684
1995-12-12,1.0,0.011377559613550102,0.5484071901015733
1995-12-13,1.0,0.022633790191195716,0.6075400372111504
1995-12-14,1.0,0.027832768142791835,0.610414151585178
1995-12-15,1.0,0.023145333439928778,0.5985732697878542
1995-12-18,1.0,0.021665177710834906,0.5330483379789744
1995-12-19,1.0,0.02357848349423894,0.5673463522311405
1995-12-20,1.0,0.018630116472798674,0.5329134970249132
1995-12-21,1.0,0.020784936964302766,0.5586898431510589
1995-12-22,1.0,0.020687750955155404,0.5839422294764643
1995-12-25,1.0,0.01851313646630789,0.5769179129834024
1995-12-26,1.0,0.020406268610140853,0.5577189851714518
1995-12-27,1.0,0.0278981216337152,0.5700593121676825
1995-12-28,1.0,0.028518800993642505,0.5587971147239305
1995-12-29,1.0,0.02990234877353601,0.552389981061706
1996-01-02,1.0,0.022742610022460995,0.485394476020647
1996-01-03,1.0,0.012444381574184264,0.6189242501060573
1996-01-04,1.0,0.006577306787761905,0.6755916579215041
1996-01-05,0.0,-0.002147143230963186,0.6129901381688543
1996-01-08,0.0,-0.0051777598785187435,0.6217220003908478
1996-01-09,0.0,-0.005947502504692324,0.6227977232112201
1996-01-10,0.0,-0.013979196223151911,0.5468624523166574
1996-01-11,0.0,-0.009949077721121108,0.6103512799599676
1996-01-12,0.0,-0.0069633756079302165,0.606816797765412
1996-01-15,1.0,0.0049121579973777675,0.5982260941547056
1996-01-16,0.0,-0.01033926749276552,0.5675661916840194
1996-01-17,0.0,-0.011445945976718344,0.5778132113762405
1996-01-18,0.0,-0.0051705771289603285,0.6030202615509408
1996-01-19,0.0,-0.013218547099255669,0.5194181963005852
1996-01-22,0.0,-0.025724487704202346,0.5120709810920469
1996-01-23,0.0,-0.03031869435608028,0.5562034359535913
1996-01-24,0.0,-0.03145704770993485,0.5529120021865855
1996-01-25,0.0,-0.04114464703398233,0.47429294131691624
1996-01-26,0.0,-0.03882886477586564,0.5275143055664274
1996-01-29,0.0,-0.03672321918043364,0.5325939788463799
1996-01-30,0.0,-0.03367152266545305,0.541625556398687
1996-01-31,0.0,-0.03902383369209516,0.5187153533798794
1996-02-01,0.0,-0.045352203184642975,0.45830415436183575
1996-02-02,0.0,-0.062310759756565505,0.4297284652577554
1996-02-05,0.0,-0.05818919152850856,0.550213892960461
1996-02-06,0.0,-0.05162516832955734,0.5262643006628395
1996-02-07,0.0,-0.040267203837705885,0.5036287331243525
1996-02-08,0.0,-0.037970578698698805,0.5347102432145867
1996-02-09,0.0,-0.03345128681889174,0.5563063734343378
1996-02-12,0.0,-0.020512894423850514,0.56684101616561
1996-02-13,0.0,-0.02450494437360105,0.5196740041621813
1996-02-14,0.0,-0.028467656906550804,0.5297817025204598
1996-02-15,0.0,-0.027987018339319443,0.5355035465946664
1996-02-16,0.0,-0.03558109953050253,0.5375496361729756
1996-02-19,0.0,-0.036125839853261545,0.5671723779710884
1996-02-20,0.0,-0.019084307482841106,0.5767348026601338
1996-02-21,0.0,-0.024649135274654118,0.47570749212389546
1996-02-22,0.0,-0.01804351519393501,0.5687402450727964
1996-02-23,0.0,-0.015043580586005167,0.5532412132774909
1996-02-26,0.0,-0.023140692441642536,0.5189056502522769
1996-02-27,0.0,-0.020355971852406195,0.5290416372213236
1996-02-28,0.0,-0.02283866853452489,0.5042577434470541
1996-02-29,0.0,-0.0227139102535321,0.5443812322971577
1996-03-01,0.0,-0.020003198925995124,0.5507815887327694
1996-03-04,0.0,-0.0075164377063313475,0.5460205051527098
1996-03-05,0.0,-0.0044600265075294245,0.5382305964214779
1996-03-06,0.0,-0.005353058920888565,0.5438401184129744
1996-03-07,0.0,-0.011188927917805739,0.4956340873164895
1996-03-08,0.0,-0.015480578151840054,0.4949030517753291
1996-03-11,0.0,-0.012721199411099048,0.5376083828523763
1996-03-12,0.0,-0.02127875405689925,0.5221880011777067
1996-03-13,0.0,-0.026807834618242442,0.5363718126591801
1996-03-14,0.0,-0.023924892192435782,0.5577300013292488
1996-03-15,0.0,-0.02789688263233861,0.5438684869871196
1996-03-18,0.0,-0.024825331204984088,0.5224653724621882
1996-03-19,0.0,-0.027574687143882757,0.5315614296411295
1996-03-20,0.0,-0.02933663275560933,0.5136395384938296
1996-03-21,0.0,-0.03424817212975823,0.4654691915064208
1996-03-22,0.0,-0.0343474555366747,0.5039105765913673
1996-03-25,0.0,-0.03547195063308007,0.5535212614352489
1996-03-26,0.0,-0.0372887891404335,0.5477897532775327
1996-03-27,0.0,-0.04014556293112545,0.5863521316921022
1996-03-28,0.0,-0.030984427139997016,0.6040241216106953
1996-03-29,0.0,-0.026651160980167114,0.603749048808968
1996-04-01,0.0,-0.02525937230734452,0.6063221841654866
1996-04-02,0.0,-0.025711661915144592,0.6144762559643551
1996-04-03,0.0,-0.028297708091224297,0.614420574983082
1996-04-04,0.0,-0.03293749435957066,0.608092790116074
1996-04-05,0.0,-0.033853361965927496,0.6362069330062607
1996-04-08,0.0,-0.040905760645283146,0.5399332032757047
1996-04-09,0.0,-0.03259127895153575,0.6244640546298542
1996-04-10,0.0,-0.03383612163672707,0.6225539677112881
1996-04-11,0.0,-0.03722498183872525,0.6049782955689503
1996-04-12,0.0,-0.03297993086830223,0.6190506134880434
1996-04-15,0.0,-0.02888659908635854,0.6509107570234125
1996-04-16,0.0,-0.022214525794790708,0.5963758025352348
1996-04-17,0.0,-0.02249319236321455,0.6081989973775774
1996-04-18,0.0,-0.01796029930137312,0.6027980265344254
1996-04-19,0.0,-0.018025485469011657,0.5987154350893863
1996-04-22,0.0,-0.02233359463260155,0.6074014924796992
1996-04-23,0.0,-0.016231194928582552,0.6119846138188284
1996-04-24,0.0,-0.018076670400179136,0.62024404439768
1996-04-25,0.0,-0.024447949501343984,0.5460018313749941
1996-04-26,0.0,-0.014058398814878779,0.6203055821156761
1996-04-29,0.0,-0.0147023540759799,0.6142528037387612
1996-04-30,0.0,-0.018164750658568023,0.5881672460981316
1996-05-01,0.0,-0.019525347334494392,0.5613464186406678
1996-05-02,0.0,-0.023234470511874338,0.5610594164879131
1996-05-03,0.0,-0.018516666372597527,0.5829701189589009
1996-05-06,0.0,-0.022241708783707816,0.5525252931846942
1996-05-07,0.0,-0.023715510951173528,0.5636739032552739
1996-05-08,0.0,-0.015382946589043022,0.5647262205574972
1996-05-09,0.0,-0.018886666618446422,0.5793553477187071
1996-05-10,0.0,-0.007967145715232764,0.6033491348315029
1996-05-13,0.0,-0.005892919948526072,0.575506872871252
1996-05-14,0.0,-0.008457251843622407,0.551549086209784
1996-05-15,0.0,-0.0116540987322746,0.527713501163462
1996-05-16,0.0,-0.010624099928712676,0.5336145691800798
1996-05-17,0.0,-0.012303115587616325,0.5272660999714343
1996-05-20,0.0,-0.008220984001371468,0.5816598246350217
1996-05-21,0.0,-0.009368050545371702,0.5509802726065143
1996-05-22,0.0,-0.013103990181085814,0.5510532317872805
1996-05-23,0.0,-0.013233314461899638,0.5624085109138907
1996-05-24,0.0,-0.01183445764700291,0.5768221393944972
1996-05-27,0.0,-0.00976620458294381,0.5706883863830322
1996-05-28,0.0,-0.009753670753974401,0.5415782485875686
1996-05-29,0.0,-0.011309720858899492,0.5639165619345199
1996-05-30,0.0,-0.009119580254218806,0.5744293965157496
1996-05-31,0.0,-0.006543098588936059,0.5720333089869727
1996-06-03,0.0,-0.002820514690348863,0.5929988377291217
1996-06-04,1.0,0.0018013386239865749,0.5143846464363587
1996-06-05,1.0,0.004389369298809382,0.4875612527347026
1996-06-06,1.0,0.005423567013523561,0.4762185256793914
1996-06-07,1.0,0.003109616395364635,0.47146140250266116
1996-06-10,1.0,0.002846424486208757,0.48461480621574793
1996-06-11,1.0,0.0051880790817778995,0.4674079788401457
1996-06-12,1.0,0.00246705312429023,0.477447429829416
1996-06-13,1.0,0.002985658088590798,0.4970820372722419
1996-06-14,1.0,0.0009089139105248428,0.48174154225751603
1996-06-17,0.0,-0.0035131127147753636,0.4842508101403157
1996-06-18,0.0,-0.006113044984467133,0.4877985435482387
1996-06-19,0.0,-0.00430052138656611,0.5167868764711809
1996-06-20,0.0,-0.004692396514042164,0.5160049495690343
1996-06-21,0.0,-0.00638313897910658,0.4980091434480952
1996-06-24,0.0,-0.004424785980355695,0.5119028664349455
1996-06-25,0.0,-0.002607903420949997,0.5149480925809639
1996-06-26,1.0,0.0002608922529799058,0.5056382776299339
1996-06-27,1.0,0.0013071897286214247,0.48825687496915143
1996-06-28,1.0,0.002100565299089604,0.45499941370421676
1996-07-01,0.0,-0.0011787048709329413,0.37874220664862307
1996-07-02,1.0,0.002615406224739269,0.3960446640141373
1996-07-03,1.0,0.0013077025532983095,0.39701136489448086
1996-07-04,1.0,0.0009182134835465891,0.41971343551801343
1996-07-05,0.0,-0.003148369385341227,0.3890026980192037
1996-07-08,0.0,-0.009861364511169882,0.3860192453683445
1996-07-09,0.0,-0.010766910735553652,0.3684977278830255
1996-07-10,0.0,-0.006953127389689475,0.391499798671187
1996-07-11,0.0,-0.008773709132865242,0.3630298206073749
1996-07-12,0.0,-0.008715393376711922,0.3707389297065287
1996-07-15,0.0,-0.006154671428424462,0.3911801687652203
1996-07-16,0.0,-0.009394641121465624,0.33559876504431985
1996-07-17,0.0,-0.006273710291159243,0.3775134167674986
1996-07-18,0.0,-0.004700361180331852,0.37667764820307337
1996-07-19,0.0,-0.009526988860540464,0.3497842955103455
1996-07-22,0.0,-0.008087703881584647,0.36131767850888225
1996-07-23,0.0,-0.008748505233058007,0.3624891567594315
1996-07-24,0.0,-0.011218484470988405,0.3491475946358684
1996-07-25,0.0,-0.011494379425735021,0.37545170978470044
1996-07-26,0.0,-0.012800592756914949,0.365291472406495
1996-07-29,0.0,-0.0070450389232088965,0.37622786601864616
1996-07-30,0.0,-0.0015612805669525758,0.37681899558433224
1996-07-31,0.0,-0.008302032376814832,0.32269266471855107
1996-08-01,0.0,-0.006114635586970948,0.3767813815549732
1996-08-02,0.0,-0.012201605168387914,0.337974705857671
1996-08-05,0.0,-0.01527735565347358,0.30423910657343234
1996-08-06,0.0,-0.02054154390302965,0.3475264599861179
1996-08-07,0.0,-0.01990568554994874,0.36435782587826554
1996-08-08,0.0,-0.027395399650972284,0.34186105305580117
1996-08-09,0.0,-0.024805449388182858,0.33480507486744204
1996-08-12,0.0,-0.023358535757218808,0.344244992866349
1996-08-13,0.0,-0.02361338598497258,0.3443122233680215
1996-08-14,0.0,-0.022625695435456703,0.368733951618175
1996-08-15,0.0,-0.01945866162728607,0.3639490430599809
1996-08-16,0.0,-0.019204979836049924,0.37534402519695714
1996-08-19,0.0,-0.014830504677910198,0.34764613602294353
1996-08-20,0.0,-0.013111111420953413,0.33922298208601076
1996-08-21,0.0,-0.009740969288860177,0.35920665425518505
1996-08-22,0.0,-0.015867155627083067,0.33287329941081245
1996-08-23,0.0,-0.022651319920547516,0.3030036305985891
1996-08-26,0.0,-0.026935464843668246,0.25094638257520624
1996-08-27,0.0,-0.028159858350744586,0.2703676058699461
1996-08-28,0.0,-0.025572169711158662,0.27566097255279465
1996-08-29,0.0,-0.027416860875947524,0.24863554665494803
1996-08-30,0.0,-0.026612306546935662,0.2921723233999956
1996-09-02,0.0,-0.03283289007250762,0.28533453052117014
1996-09-03,0.0,-0.029672650895407056,0.2915503821266461
1996-09-04,0.0,-0.03215456879725896,0.30065351857163686
1996-09-05,0.0,-0.034281537598422444,0.30108017822299404
1996-09-06,0.0,-0.03593992302892273,0.31244570422932944
1996-09-09,0.0,-0.04097407421030579,0.30888258602381685
1996-09-10,0.0,-0.03816191314929359,0.332289042556959
1996-09-11,0.0,-0.031899530991291135,0.33996926966426755
1996-09-12,0.0,-0.03131890793611148,0.3440965144356094
1996-09-13,0.0,-0.0363289235017769,0.3432535482195288
1996-09-16,0.0,-0.040322141205926094,0.3324039961394981
1996-09-17,0.0,-0.03805674791994295,0.33733738680718806
1996-09-18,0.0,-0.03842280540227363,0.3284777215651681
1996-09-19,0.0,-0.034960694770264034,0.34525673137858975
1996-09-20,0.0,-0.03347202268152263,0.3697284140265195
1996-09-23,0.0,-0.03588726335066666,0.3725762763797908
1996-09-24,0.0,-0.03806687992383465,0.3278495372344923
1996-09-25,0.0,-0.03538073514763506,0.3330609794595792
1996-09-26,0.0,-0.03292094456972048,0.37584397014184545
1996-09-27,0.0,-0.032041187078102745,0.37240964112846575
1996-09-30,0.0,-0.025561779847411828,0.3538873316075804
1996-10-01,0.0,-0.026486299493267543,0.3507067658960407
1996-10-02,0.0,-0.028712662162124154,0.32959807111056943
1996-10-03,0.0,-0.03017585434413421,0.3485801956660886
1996-10-04,0.0,-0.02885456575716586,0.3488575389079131
1996-10-07,0.0,-0.028242186108746077,0.32953532989433404
1996-10-08,0.0,-0.036581304859092355,0.32391067254044476
1996-10-09,0.0,-0.03116097660713868,0.3242987702244371
1996-10-10,0.0,-0.04414842135425083,0.3082609861642081
1996-10-11,0.0,-0.05470850853063712,0.3423594322666078
1996-10-14,0.0,-0.06437263225654778,0.32732633845002773
1996-10-15,0.0,-0.06055085404554045,0.35129994990346874
1996-10-16,0.0,-0.06882422320254797,0.34341481589138867
1996-10-17,0.0,-0.06247374236764419,0.3694424474529764
1996-10-18,0.0,-0.05763022688698362,0.3641231211554407
1996-10-21,0.0,-0.06295123306043786,0.3067190787532948
1996-10-22,0.0,-0.0813456394539524,0.2719673639550707
1996-10-23,0.0,-0.08520122902158422,0.3202245824826291
1996-10-24,0.0,-0.0775771776664075,0.32597613576058204
1996-10-25,0.0,-0.07397738122960551,0.32791760921375995
1996-10-28,0.0,-0.0809454851349605,0.32322227910207296
1996-10-29,0.0,-0.07569558707099727,0.3696273575323384
1996-10-30,0.0,-0.08069995383587475,0.384440115010354
1996-10-31,0.0,-0.07139528640618183,0.3977814583186066
1996-11-01,0.0,-0.07093035289543372,0.39542189286648144
1996-11-04,0.0,-0.061111603324888866,0.3940022915225047
1996-11-05,0.0,-0.06970033525894202,0.4051574297516246
1996-11-06,0.0,-0.07339597497163222,0.4148178902038556
1996-11-07,0.0,-0.09264986821704391,0.34890388985458415
1996-11-08,0.0,-0.09600954051160558,0.3845527410605355
1996-11-11,0.0,-0.09579522533601234,0.3386310184385267
1996-11-12,0.0,-0.10575259564716583,0.34427751786277216
1996-11-13,0.0,-0.10634710966739859,0.3143744509347347
1996-11-14,0.0,-0.10772303152240444,0.3509577993429957
1996-11-15,0.0,-0.10484861393177727,0.3842134878058792
1996-11-18,0.0,-0.10577092842156081,0.4121476898658593
1996-11-19,0.0,-0.10678659850939114,0.43402765694039996
1996-11-20,0.0,-0.09852665941015709,0.4108571306874636
1996-11-21,0.0,-0.10235012386933212,0.4049079741516658
1996-11-22,0.0,-0.0863956022712682,0.41978636521732215
1996-11-25,0.0,-0.0842236653485099,0.3929084132554014
1996-11-26,0.0,-0.08203251474079563,0.38746740139247027
1996-11-27,0.0,-0.07824752519230925,0.41517567976611913
1996-11-28,0.0,-0.060834234662277456,0.4173782504314972
1996-11-29,0.0,-0.05361140039251282,0.4245268492004925
1996-12-02,0.0,-0.04088423618201443,0.42140750433807256
1996-12-03,0.0,-0.04052272603184004,0.3942550930428764
1996-12-04,0.0,-0.04574085799705164,0.3773123026321012
1996-12-05,0.0,-0.03219235597473447,0.3661921272993514
1996-12-06,0.0,-0.015019397573731254,0.3823601836113319
1996-12-09,0.0,-0.017534695837782697,0.4570489735514948
1996-12-10,0.0,-0.026664581413167552,0.4487053303274663
1996-12-11,0.0,-0.04419920076114871,0.4477473001634512
1996-12-12,0.0,-0.04836411857610985,0.44982086247150216
1996-12-13,0.0,-0.05577135155849338,0.4710956515684631
1996-12-16,0.0,-0.04614492913425587,0.4674128520224402
1996-12-17,0.0,-0.041551469585048045,0.44633423212157464
1996-12-18,0.0,-0.04712623651132558,0.469774346509065
1996-12-19,0.0,-0.04220619508307978,0.47793552505605696
1996-12-20,0.0,-0.04523523685650826,0.48505690841295646
1996-12-23,0.0,-0.05890622652675903,0.46742162769644746
1996-12-24,0.0,-0.052885566138405574,0.48018791396708016
1996-12-25,0.0,-0.04730096061796425,0.4843691852812888
1996-12-26,0.0,-0.04818034607959179,0.48115316996200164
1996-12-27,0.0,-0.0463783023206899,0.4439652349379355
1996-12-30,0.0,-0.05570497716001603,0.43102395197687404
1996-12-31,0.0,-0.05650272330237949,0.4645816891833731
1997-01-01,0.0,-0.05362395718656603,0.46077459755957195
1997-01-02,0.0,-0.04876964735076923,0.4717569861012698
1997-01-03,0.0,-0.03165934478729034,0.4787156396764298
1997-01-06,0.0,-0.01889509119423851,0.49049314111815
1997-01-07,0.0,-0.019415353821940352,0.49618586113877045
1997-01-08,0.0,-0.019153596815324282,0.5182044635381193
1997-01-09,0.0,-0.024633182109159366,0.45777387943630493
1997-01-10,0.0,-0.029106321420751237,0.4812099723085469
1997-01-13,0.0,-0.02986141355635708,0.5067351638497146
1997-01-14,0.0,-0.015515221201366712,0.5351333331381919
1997-01-15,0.0,-0.012704474637647782,0.5466883266559708
1997-01-16,0.0,-0.016780826082986033,0.505266847767613
1997-01-17,0.0,-0.02448520898396918,0.5229251768403547
1997-01-20,0.0,-0.02058097511541473,0.556850029133629
1997-01-21,0.0,-0.031227805474217326,0.5245799151237738
1997-01-22,0.0,-0.027292142288007512,0.5530678593403432
1997-01-23,0.0,-0.02721354314918903,0.4838742127813745
1997-01-24,0.0,-0.03142374436593333,0.5657064173956412
1997-01-27,0.0,-0.03819387211398563,0.4984152742207016
1997-01-28,0.0,-0.03441416565197542,0.549535917963805
1997-01-29,0.0,-0.028589876783666097,0.5731333396479931
1997-01-30,0.0,-0.014132966353258627,0.5930943674125675
1997-01-31,0.0,-0.006994054446602326,0.6040181132347553
1997-02-03,0.0,-0.020399949751188473,0.5757858111876669
1997-02-04,0.0,-0.012569589636295663,0.621261803940666
1997-02-05,0.0,-0.014474995040454039,0.6036331605202948
1997-02-06,0.0,-0.005857389714938547,0.6156204199415053
1997-02-07,0.0,-0.004983886012529533,0.5804580478249685
1997-02-10,1.0,0.005263939629645097,0.6387619522094227
1997-02-11,1.0,0.0017639281363283762,0.6122395593615225
1997-02-12,0.0,-0.004091778323275265,0.4525399754120711
1997-02-13,1.0,0.008032171697264253,0.5456054314582379
1997-02-14,1.0,0.008222188405402585,0.4888500684361639
1997-02-17,1.0,0.009828088936262473,0.6079388623534931
1997-02-18,1.0,0.011076859282590997,0.5436283089470568
1997-02-19,1.0,0.0064095380534640225,0.560344342219165
1997-02-20,0.0,-0.009165179436075395,0.41440507452557984
1997-02-21,0.0,-0.023554155130300652,0.5035153835618297
1997-02-24,0.0,-0.03454077720986475,0.5288103704362503
1997-02-25,0.0,-0.031835209216146264,0.5023177436717274
1997-02-26,0.0,-0.032418214625459435,0.5123321515376951
1997-02-27,0.0,-0.04703061048897793,0.36088054131574476
1997-02-28,0.0,-0.05907815004062474,0.4296561690502722
1997-03-03,0.0,-0.05336112579525483,0.5588389143237122
1997-03-04,0.0,-0.04225079021905722,0.526774108098328
1997-03-05,0.0,-0.023216863964180805,0.5179358451615788
1997-03-06,0.0,-0.018341250646551642,0.5938456865613824
1997-03-07,0.0,-0.01168254434994465,0.58020405686168
1997-03-10,0.0,-0.02026076921151475,0.5359187359304146
1997-03-11,0.0,-0.029565873402169388,0.5192630446483557
1997-03-12,0.0,-0.031867738848022485,0.5443012417283597
1997-03-13,0.0,-0.029840113890761945,0.5297611873453896
1997-03-14,0.0,-0.02471745321117546,0.5875977949354606
1997-03-17,0.0,-0.010696835155063391,0.5844463977416727
1997-03-18,0.0,-0.016717495543416862,0.5095265849491756
1997-03-19,0.0,-0.02342565983225189,0.48849040344282885
1997-03-20,0.0,-0.028715630072861247,0.5671742526992736
1997-03-21,0.0,-0.034013943346110985,0.5375012214600327
1997-03-24,0.0,-0.021223636451626688,0.5591546614995807
1997-03-25,0.0,-0.016685189400787868,0.557363417161119
1997-03-26,0.0,-0.032195356101564494,0.4770306419951675
1997-03-27,0.0,-0.02207146370122826,0.5734031063247939
1997-03-28,0.0,-0.035060686154068536,0.5811026478051103
1997-03-31,0.0,-0.03328816761670248,0.48259690310305475
1997-04-01,0.0,-0.04177547256626102,0.48811960072019295
1997-04-02,0.0,-0.034094211342976015,0.5350300082243233
1997-04-03,0.0,-0.030856763334348197,0.5171369843345464
1997-04-04,0.0,-0.041568987906749406,0.5222357827772409
1997-04-07,0.0,-0.04135486644303055,0.5251153633905069
1997-04-08,0.0,-0.04219169797532864,0.5074231237402747
1997-04-09,0.0,-0.04977470268368712,0.528704310641428
1997-04-10,0.0,-0.06947443627440507,0.5060668006273661
1997-04-11,0.0,-0.06689514120141314,0.5115049055082017
1997-04-14,0.0,-0.08510967472137147,0.5278781098774029
1997-04-15,0.0,-0.06710478931086039,0.4756770672777774
1997-04-16,0.0,-0.07065684374034249,0.46102798084128443
1997-04-17,0.0,-0.06840918549343582,0.4494743740828701
1997-04-18,0.0,-0.060670383589802916,0.5144820337532117
1997-04-21,0.0,-0.06927412588340538,0.4916365171225363
1997-04-22,0.0,-0.07055325278784814,0.5112727258035181
1997-04-23,0.0,-0.07069974073947609,0.5079127990440991
1997-04-24,0.0,-0.05117745756289447,0.48230123527014546
1997-04-25,0.0,-0.03875876401209812,0.43809255759142046
1997-04-28,0.0,-0.04209249064490036,0.4861729363392249
1997-04-29,0.0,-0.04420443057985392,0.47198873515843304
1997-04-30,0.0,-0.04982162377609433,0.4608627560205441
1997-05-01,0.0,-0.05144016961730706,0.4345903865651702
1997-05-02,0.0,-0.04278326016486779,0.4791612386935403
1997-05-05,0.0,-0.04236053588546141,0.3919118685025251
1997-05-06,0.0,-0.043524276558427284,0.4227078927691783
1997-05-07,0.0,-0.04615051156788691,0.45296375799680116
1997-05-08,0.0,-0.057475041501303385,0.378793146183906
1997-05-09,0.0,-0.06929049206396665,0.3545775239466624
1997-05-12,0.0,-0.07060704364906051,0.46004726039897575
1997-05-13,0.0,-0.08615337607899304,0.38587886722749143
1997-05-14,0.0,-0.08689888178036816,0.42514460534173315
1997-05-15,0.0,-0.07651228556230251,0.4194790963684871
1997-05-16,0.0,-0.05036821433274122,0.4483219665109987
1997-05-19,0.0,-0.038816636068616364,0.4522879937997557
1997-05-20,0.0,-0.04805460494742184,0.4192053250095037
1997-05-21,0.0,-0.048083313886591754,0.4697088448202484
1997-05-22,0.0,-0.05457807696465515,0.48544100076934327
1997-05-23,0.0,-0.049512842050808255,0.467397045368632
1997-05-26,0.0,-0.06488843657824425,0.4696324747538382
1997-05-27,0.0,-0.06250629515146794,0.39057360399453633
1997-05-28,0.0,-0.07026752928960468,0.3547659816670626
1997-05-29,0.0,-0.065342893726954,0.3380701716130077
1997-05-30,0.0,-0.05947375378095181,0.3515520790081219
1997-06-02,0.0,-0.059047262930404604,0.3747604555724874
1997-06-03,0.0,-0.051868458804564664,0.39227423037588416
1997-06-04,0.0,-0.04740650648077325,0.40711230535768933
1997-06-05,0.0,-0.05816115217071927,0.33249202692187185
1997-06-06,0.0,-0.058417325946609554,0.3502389374304891
1997-06-09,0.0,-0.058347388169011236,0.37593794505312383
1997-06-10,0.0,-0.06468385941266167,0.3729646521570524
1997-06-11,0.0,-0.06565397022143689,0.3832047000340092
1997-06-12,0.0,-0.06096320936056303,0.41598667573018294
1997-06-13,0.0,-0.055770931122477635,0.40987781062597295
1997-06-16,0.0,-0.06231326404764011,0.34727160576649035
1997-06-17,0.0,-0.06108193192638486,0.39393456697626233
1997-06-18,0.0,-0.053895288127282844,0.3890442524263632
1997-06-19,0.0,-0.0490471344907741,0.35011585196119066
1997-06-20,0.0,-0.04218631437777443,0.3904843515967994
1997-06-23,0.0,-0.04916551054125867,0.3304998252071858
1997-06-24,0.0,-0.05105164399213367,0.3973457441807521
1997-06-25,0.0,-0.05201902629659078,0.37576566395951033
1997-06-26,0.0,-0.05343508145602558,0.3596831185933641
1997-06-27,0.0,-0.041812621032301635,0.3578488391596825
1997-06-30,0.0,-0.039705933413857857,0.38338597561039245
1997-07-01,0.0,-0.037193739972886636,0.3877553994191623
1997-07-02,0.0,-0.024145427279021473,0.37106297703022617
1997-07-03,1.0,0.005824663923133034,0.30636867997698536
1997-07-04,1.0,0.0069098163601865855,0.3608870005579352
1997-07-07,1.0,0.0317241304027287,0.3048951153091673
1997-07-08,1.0,0.04463525566827028,0.3384455697743322
1997-07-09,1.0,0.04755497227694342,0.38265182785412766
1997-07-10,1.0,0.035468521731928354,0.39363471024632823
1997-07-11,1.0,0.041151798538764064,0.3934301617562096
1997-07-14,1.0,0.03862549114496093,0.43924079546055433
1997-07-15,1.0,0.04126836556258731,0.45014961072973003
1997-07-16,1.0,0.04668435593400481,0.39759464499627667
1997-07-17,1.0,0.012279509630061781,0.31007057939165017
1997-07-18,1.0,0.0021257220273018305,0.2875808098437716
1997-07-21,1.0,0.008561434346071397,0.45889873796468983
1997-07-22,1.0,0.008267040347129901,0.40854444822749614
1997-07-23,1.0,0.0072492027183367076,0.4744640512569751
1997-07-24,1.0,0.007609050466720825,0.35112320939675534
1997-07-25,0.0,-0.00230326397409303,0.41960180243501993
1997-07-28,0.0,-0.015269812853392992,0.3855173360040582
1997-07-29,0.0,-0.010020896312632175,0.4623369184704785
1997-07-30,0.0,-0.01110265838282493,0.4419134797282117
1997-07-31,0.0,-0.002776922487958482,0.458184857662066
1997-08-01,0.0,-0.04971437865296344,0.4937534154640947
1997-08-04,0.0,-0.04037835162621372,0.4967789239477185
1997-08-05,0.0,-0.013500990001978474,0.46597331623710303
1997-08-06,0.0,-0.014864283798956376,0.5049683973787572
1997-08-07,0.0,-0.017863213942462434,0.3780414145262703
1997-08-08,0.0,-0.049179969615593136,0.2908263328682457
1997-08-11,0.0,-0.0464257823494521,0.37492066077750325
1997-08-12,0.0,-0.040879326847103395,0.4080438136407331
1997-08-13,0.0,-0.04154251306970881,0.4092550309981125
1997-08-14,0.0,-0.0376869846920868,0.4153458393281933
1997-08-15,0.0,-0.049672319754494744,0.35779115312576826
1997-08-18,0.0,-0.03626971310850373,0.36116952251321216
1997-08-19,0.0,-0.044114337960942926,0.3830575969541486
1997-08-20,0.0,-0.04518026214155153,0.42665529903083554
1997-08-21,0.0,-0.05027329384433906,0.3551640565177501
1997-08-22,0.0,-0.06816840116240198,0.28348476092816344
1997-08-25,0.0,-0.06636752052743596,0.45539518856539696
1997-08-26,0.0,-0.062188823984579075,0.36794608577438803
1997-08-27,0.0,-0.06834562582366485,0.41495067055123636
1997-08-28,0.0,-0.06669137449867216,0.3949533385801143
1997-08-29,0.0,-0.06105854287853935,0.4173327419588102
1997-09-01,0.0,-0.06920197405252129,0.448689126311598
1997-09-02,0.0,-0.07515801639978643,0.40743070996937597
1997-09-03,0.0,-0.08233570725967268,0.4336285382260776
1997-09-04,0.0,-0.0813271793679543,0.4354294588677187
1997-09-05,0.0,-0.0825260241755511,0.424770327936331
1997-09-08,0.0,-0.09268898697984904,0.43809845484231036
1997-09-09,0.0,-0.09094956116747907,0.459854023877327
1997-09-10,0.0,-0.09557464158724971,0.44782085711605335
1997-09-11,0.0,-0.12569785283522814,0.2851520416793489
1997-09-12,0.0,-0.11614345386457905,0.39108826250193623
1997-09-15,0.0,-0.11764778433023121,0.3868318452190846
1997-09-16,0.0,-0.12609888849951595,0.36878259273763525
1997-09-17,0.0,-0.10961972501722252,0.4173589177798303
1997-09-18,0.0,-0.1215520192714304,0.4109058428426362
1997-09-19,0.0,-0.12605700240735968,0.36607310948039834
1997-09-22,0.0,-0.12319177896217473,0.40092671793192663
1997-09-23,0.0,-0.12208252770318398,0.353634554550033
1997-09-24,0.0,-0.11494483976929157,0.2546884034837698
1997-09-25,0.0,-0.13093656555612662,0.15238337913180577
1997-09-26,0.0,-0.12259566897584619,0.22733193122306702
1997-09-29,0.0,-0.11822105998325907,0.17220859699425906
1997-09-30,0.0,-0.12873757065845204,0.12495193936050897
1997-10-01,0.0,-0.1185136395610826,0.1807597630470876
1997-10-02,0.0,-0.11227327623805958,0.2700966328813012
1997-10-03,0.0,-0.12789445907213698,0.1794831177852693
1997-10-06,0.0,-0.13432643333165642,0.2735056912160004
1997-10-07,0.0,-0.13238987686934156,0.28573535942350586
1997-10-08,0.0,-0.1422932755303329,0.22469964898333106
1997-10-09,0.0,-0.12668986080780587,0.1891396096097175
1997-10-10,0.0,-0.13420332641014024,0.26313540018386977
1997-10-13,0.0,-0.15300960481089781,0.3053635387622668
1997-10-14,0.0,-0.15504043876130272,0.33133655299423675
1997-10-15,0.0,-0.1385716260328774,0.31873721191408233
1997-10-16,0.0,-0.14790456333030544,0.2950934969335504
1997-10-17,0.0,-0.1546376033770694,0.29832475236791556
1997-10-20,0.0,-0.15150214847021704,0.35888428477829526
1997-10-21,0.0,-0.13074630649810218,0.3483952347058998
1997-10-22,0.0,-0.1359932735463508,0.34485537329014115
1997-10-23,0.0,-0.1203547004371476,0.2990613562695006
1997-10-24,0.0,-0.0629432462611282,0.17272697491463593
1997-10-27,0.0,-0.0791618992004527,0.3142154238734783
1997-10-28,0.0,-0.08198073110133466,0.22184832277706132
1997-10-29,0.0,-0.0692546322277495,0.3579917109454467
1997-10-30,0.0,-0.08406924864295616,0.28926533382169395
1997-10-31,0.0,-0.038690431558767,0.3032207816537631
1997-11-03,0.0,-0.0525446120033454,0.3478415593430722
1997-11-04,0.0,-0.04328694007454076,0.342083713097302
1997-11-05,0.0,-0.02640193423366426,0.4480538069497589
1997-11-06,0.0,-0.03275995182303561,0.4439273278429706
1997-11-07,0.0,-0.02546244953179338,0.33136736192882343
1997-11-10,0.0,-0.02283949196982279,0.4347723244672895
1997-11-11,0.0,-0.046150585937779605,0.3815101892657461
1997-11-12,0.0,-0.02688378281024174,0.44767149371623083
1997-11-13,0.0,-0.030827463795259597,0.5006952534934964
1997-11-14,0.0,-0.017290538819192052,0.2910369303553132
1997-11-17,0.0,-0.014085906938299838,0.473261608875893
1997-11-18,0.0,-0.019120411078999772,0.4143566516150328
1997-11-19,0.0,-0.011415460219469221,0.4883386297631597
1997-11-20,0.0,-0.014792923292203991,0.542207864363039
1997-11-21,0.0,-0.016865479127946406,0.4273477514443776
1997-11-24,0.0,-0.014970339458865244,0.43751785199507925
1997-11-25,0.0,-0.005698976202126056,0.4308745763263992
1997-11-26,1.0,0.004374165789960858,0.41252259110450884
1997-11-27,1.0,0.008738082820922264,0.49761103379471305
1997-11-28,1.0,0.0008413967681916179,0.48538207940735867
1997-12-01,1.0,0.0010217984540253386,0.45419088808487607
1997-12-02,0.0,-0.007007976719647918,0.4672897891195659
1997-12-03,0.0,-0.0010273973506458838,0.44111756795877716
1997-12-04,1.0,0.02963179760637115,0.43896819439991086
1997-12-05,1.0,0.037116960686872424,0.47378904659146254
1997-12-08,1.0,0.040717659395740735,0.5461382254760588
1997-12-09,1.0,0.052026889078466684,0.42637567774597124
1997-12-10,1.0,0.03087723856443923,0.3448531801935713
1997-12-11,1.0,0.03273869938543974,0.4591708021442947
1997-12-12,1.0,0.04019248760141496,0.5123662817295831
1997-12-15,1.0,0.03701564059496725,0.4587498562115779
1997-12-16,1.0,0.03804572804305174,0.4733966766281931
1997-12-17,1.0,0.02162803150790455,0.36216836910769024
1997-12-18,1.0,0.025966552208075384,0.43823635332330013
1997-12-19,1.0,0.021561410224759197,0.4594612250604737
1997-12-22,1.0,0.009215082274623832,0.5121323599584862
1997-12-23,0.0,-0.006996018637683291,0.45188738902741676
1997-12-24,0.0,-0.017181676392272232,0.49839017111958295
1997-12-25,0.0,-0.017021687569430635,0.6013382470557348
1997-12-26,0.0,-0.00989094011725691,0.5650460156961243
1997-12-29,1.0,0.02379041683663574,0.4837023704315096
1997-12-30,1.0,0.030192252620023584,0.5542150391715451
1997-12-31,1.0,0.03501377384287602,0.5111389082748501
1998-01-01,1.0,0.04237922296886154,0.5228183996459227
1998-01-02,1.0,0.04742633034573367,0.5795208755724361
1998-01-05,1.0,0.06706327166481099,0.42320379323516955
1998-01-06,1.0,0.06912341901533789,0.49636573311531135
1998-01-07,1.0,0.05528355746324535,0.47809667222824787
1998-01-08,1.0,0.07272190004681808,0.4401505495048148
1998-01-09,1.0,0.10095462802890844,0.4932287973196768
1998-01-12,1.0,0.1053425395839802,0.5545081022103834
1998-01-13,1.0,0.08898129956483682,0.30962966257769897
1998-01-14,1.0,0.09484171627533497,0.41896272781377475
1998-01-15,1.0,0.07225177110127609,0.32040231883540804
1998-01-16,1.0,0.05888973442794571,0.2569796237001835
1998-01-19,1.0,0.07922617894592689,0.33400611966666893
1998-01-20,1.0,0.056042677552894875,0.265256213751148
1998-01-21,1.0,0.04800121591035294,0.3606444921642593
1998-01-22,1.0,0.05812288600947835,0.34589853112699714
1998-01-23,1.0,0.026739384923175465,0.1323443612680846
1998-01-26,1.0,0.034523207147367785,0.2327286955200977
1998-01-27,1.0,0.03304193290524298,0.3766351984752474
1998-01-28,1.0,0.02576387391531895,0.18715254245659352
1998-01-29,1.0,0.03786770434833468,0.3811164063162572
1998-01-30,1.0,0.03316837946038361,0.34096701619028497
1998-02-02,1.0,0.021709821874700663,0.39190821162859335
1998-02-03,1.0,0.041776338379807966,0.28709591784567723
1998-02-04,1.0,0.0366004584488141,0.31632331836881483
1998-02-05,1.0,0.02643471289367774,0.23217962447104393
1998-02-06,1.0,0.013657773925787327,0.32465913134651947
1998-02-09,1.0,0.01573010329686894,0.31897400286061783
1998-02-10,1.0,0.009605903608369909,0.3498747364112679
1998-02-11,1.0,0.0008316008795259878,0.3333415484749771
1998-02-12,1.0,0.00033484011697398837,0.33292309937528
1998-02-13,0.0,0.0,0.366430110323186
1998-02-16,1.0,0.00668116732807944,0.37335189339285235
1998-02-17,1.0,0.0018473428714897194,0.3142354418688998
1998-02-18,1.0,0.0020124105399623097,0.3608546911273016
1998-02-19,1.0,0.0006690082203027301,0.36784744143352444
1998-02-20,1.0,0.013366949233973528,0.3836556357886614
1998-02-23,1.0,0.01955228307156532,0.30999181618533744
1998-02-24,1.0,0.023562408824111803,0.3758196526394693
1998-02-25,1.0,0.025874445905703865,0.3772318952168836
1998-02-26,1.0,0.023155396967718154,0.29849105036806384
1998-02-27,1.0,0.002337229778478123,0.18859295468605666
1998-03-02,1.0,0.0008343763521195829,0.31444768288705166
1998-03-03,0.0,-0.007751976804317936,0.2771505111164531
1998-03-04,0.0,-0.007290021265400805,0.30446962953054885
1998-03-05,0.0,-0.0008524422986572221,0.30151252549024427
1998-03-06,0.0,-0.005107263399782157,0.2974557474350097
1998-03-09,0.0,-0.020587448687681326,0.34401803449898644
1998-03-10,0.0,-0.01652085604093146,0.30078913309419736
1998-03-11,0.0,-0.004424785980355695,0.3296043249043108
1998-03-12,0.0,-0.0028899297631220866,0.35130270837124533
1998-03-13,0.0,-0.012606640553597769,0.34539783119840806
1998-03-16,1.0,0.008794238987598735,0.3725291689782007
1998-03-17,1.0,0.005634779700246669,0.3181780108671638
1998-03-18,1.0,0.006328593772480474,0.2466036789670019
1998-03-19,0.0,-0.014525588266264454,0.32623532179226405
1998-03-20,0.0,-0.019905460346812825,0.35985654208506973
1998-03-23,0.0,-0.04429148230900477,0.14053353800210355
1998-03-24,0.0,-0.03606446293114008,0.22234583115148246
1998-03-25,0.0,-0.019906190367017632,0.2623962947218206
1998-03-26,0.0,-0.026914997271279925,0.24872153976576125
1998-03-27,0.0,-0.01164738624918163,0.2563788435039306
1998-03-30,0.0,-0.01892378333389883,0.3066509692733919
1998-03-31,0.0,-0.019799304490601976,0.2628940038243728
1998-04-01,0.0,-0.021952924835569723,0.2671727418345665
1998-04-02,0.0,-0.028014916070030517,0.20444039478071496
1998-04-03,0.0,-0.047841708985794144,0.1531460268553223
1998-04-06,0.0,-0.05111449413675396,0.15951349965297196
1998-04-07,0.0,-0.04139431766278161,0.2775686729222923
1998-04-08,0.0,-0.042917958031993775,0.2922137437348419
1998-04-09,0.0,-0.04849032259698812,0.29665012151052106
1998-04-10,0.0,-0.043160225647082565,0.39929259254579746
1998-04-13,0.0,-0.05924962348164195,0.3484908621357515
1998-04-14,0.0,-0.04410529159536945,0.34627954854821796
1998-04-15,0.0,-0.04663626091255936,0.3268738487668247
1998-04-16,0.0,-0.05349046801455668,0.3106533937545131
1998-04-17,0.0,-0.05648009470779236,0.35631276818588414
1998-04-20,0.0,-0.05438297893340567,0.34076562646068853
1998-04-21,0.0,-0.05830430698059652,0.208079741202342
1998-04-22,0.0,-0.06459171121231586,0.2722706742516042
1998-04-23,0.0,-0.06852672136680492,0.3121989223140376
1998-04-24,0.0,-0.0598053509216654,0.35588920800013135
1998-04-27,0.0,-0.04491426840628465,0.3374839249977144
1998-04-28,0.0,-0.04313158168396802,0.3076096043261271
1998-04-29,0.0,-0.05328858277425169,0.25611438968413663
1998-04-30,0.0,-0.045022608661768694,0.27252496776037116
1998-05-01,0.0,-0.03638602500334332,0.29962371558431816
1998-05-04,0.0,-0.04709126312187453,0.3299757392708461
1998-05-05,0.0,-0.0389899832216416,0.3906544130226797
1998-05-06,0.0,-0.0362260329427149,0.3492062511773943
1998-05-07,0.0,-0.03128442820901415,0.34314469741480386
1998-05-08,0.0,-0.04571834875993204,0.34858582288099815
1998-05-11,0.0,-0.059678257707637725,0.3377259413658627
1998-05-12,0.0,-0.032918466443982705,0.3682893290612654
1998-05-13,0.0,-0.035815560661977504,0.30781091381293213
1998-05-14,0.0,-0.03990979853681546,0.31245103940263386
1998-05-15,0.0,-0.04967852545047309,0.2549837976586708
1998-05-18,0.0,-0.041232416460634094,0.3491495476022272
1998-05-19,0.0,-0.04980424829121727,0.3760865934544271
1998-05-20,0.0,-0.0575513025592742,0.30145955612581343
1998-05-21,0.0,-0.054887667952697325,0.33210689913505387
1998-05-22,0.0,-0.05413207061138295,0.39520233755892226
1998-05-25,0.0,-0.05028419043003272,0.41295518271928017
1998-05-26,0.0,-0.03652430098937002,0.32543999164511683
1998-05-27,0.0,-0.03638655044303123,0.31717121714649565
1998-05-28,0.0,-0.027669065807676203,0.414376694149331
1998-05-29,0.0,-0.028214766452976797,0.360154333341304
1998-06-01,0.0,-0.01326140530580762,0.31910101513131367
1998-06-02,0.0,-0.02821503780045989,0.24302145518575688
1998-06-03,0.0,-0.037891220380452596,0.2683713976118254
1998-06-04,0.0,-0.06016720176388729,0.34639131795043177
1998-06-05,0.0,-0.0611497896946621,0.334937637757727
1998-06-08,0.0,-0.07479467413262474,0.1561290784219949
1998-06-09,0.0,-0.051714579132965635,0.23143377872106013
1998-06-10,0.0,-0.04570031352229139,0.22272647998977535
1998-06-11,0.0,-0.007342690332637358,0.23511209546678685
1998-06-12,1.0,0.002967620228027508,0.2914142249632008
1998-06-15,1.0,0.012559034776493835,0.3483959370548968
1998-06-16,0.0,-0.00904826079240467,0.25888857543087224
1998-06-17,0.0,-0.031853134373698085,0.2139225647968074
1998-06-18,0.0,-0.009594043095043374,0.3067899621497007
1998-06-19,0.0,-0.01687803778735175,0.16930423155472923
1998-06-22,0.0,-0.018427411040437162,0.39310557479026237
1998-06-23,0.0,-0.017436339180728278,0.38745437911996894
1998-06-24,0.0,-0.017221021413972647,0.38471872212322805
1998-06-25,0.0,-0.008371108933312834,0.3421345576250473
1998-06-26,0.0,-0.008200968567100782,0.3948378459014241
1998-06-29,0.0,-0.016134919204741464,0.38574343413012147
1998-06-30,0.0,-0.03112426334005043,0.2766727949022253
1998-07-01,0.0,-0.022860087933515585,0.3702346323173071
1998-07-02,1.0,0.001020408251805457,0.39295262507867285
1998-07-03,0.0,-0.0020376981070154613,0.4199227062339154
1998-07-06,1.0,0.008827081589118355,0.43645905196013596
1998-07-07,0.0,-0.0010176391651619129,0.376402147654575
1998-07-08,1.0,0.012538286928284303,0.376194861587879
1998-07-09,1.0,0.026186140220823585,0.37546865410544566
1998-07-10,1.0,0.03280645912840041,0.40574914556417735
1998-07-13,1.0,0.01699853950500565,0.3159441772437543
1998-07-14,1.0,0.010519269039116865,0.36194774607891034
1998-07-15,1.0,0.026206774438627112,0.4204058502259144
1998-07-16,1.0,0.021255860996349126,0.38832132605608427
1998-07-17,1.0,0.007611030398136038,0.3879101141449743
1998-07-20,1.0,0.0006753334715557666,0.3384985520454133
1998-07-21,1.0,0.005409987835651398,0.42007404568949014
1998-07-22,1.0,0.006438517667320183,0.40026163924904407
1998-07-23,1.0,0.018755301811840073,0.3483296546889651
1998-07-24,1.0,0.02874732960754341,0.2830606469288468
1998-07-27,1.0,0.019778990904915056,0.38034567530406577
1998-07-28,1.0,0.015306421282675507,0.31573868806136673
1998-07-29,1.0,0.017769133165398274,0.33433708005445634
1998-07-30,1.0,0.01048029522119511,0.33235570091999345
1998-07-31,1.0,0.022096531681204522,0.30222278332105335
1998-08-03,1.0,0.03216829572806633,0.2972881131786117
1998-08-04,1.0,0.01821356190710664,0.18172636282403412
1998-08-05,1.0,0.017726993764165557,0.3380069293579427
1998-08-06,1.0,0.021687597014777838,0.36571625754661136
1998-08-07,1.0,0.020373632879853457,0.35847600034236976
1998-08-10,1.0,0.008831990911219905,0.3248493436362404
1998-08-11,1.0,0.019184404201572167,0.34500696589738394
1998-08-12,1.0,0.027900676402544036,0.3393284493167633
1998-08-13,1.0,0.028672084985811284,0.3294263829587266
1998-08-14,1.0,0.031704691009360526,0.38167626528216003
1998-08-17,1.0,0.026654399000235755,0.327880188030316
1998-08-18,1.0,0.028711761252576337,0.37173673536831653
1998-08-19,1.0,0.034683552756240695,0.33179630791252185
1998-08-20,1.0,0.04054841685932135,0.3216520292970592
1998-08-21,1.0,0.03806538958488239,0.3494306276982512
1998-08-24,1.0,0.03452785588683139,0.3669921467877515
1998-08-25,1.0,0.03829628507728054,0.3597823781001726
1998-08-26,1.0,0.051376550443369466,0.3248847362883005
1998-08-27,1.0,0.06712286641780914,0.29353368088301013
1998-08-28,1.0,0.07612369547280068,0.24308367564477848
1998-08-31,1.0,0.07327811810853573,0.30471979596619136
1998-09-01,1.0,0.06036089899813563,0.2995232902028454
1998-09-02,1.0,0.05705925569253845,0.3009460144496328
1998-09-03,1.0,0.03990211200372708,0.15805108745353347
1998-09-04,1.0,0.032075470785818266,0.24386655354262138
1998-09-07,1.0,0.01633320930959793,0.253557746542703
1998-09-08,1.0,0.026562444743830925,0.26685394598159706
1998-09-09,1.0,0.031000837381850943,0.2612766011498015
1998-09-10,1.0,0.006007054878057657,0.15939151517456226
1998-09-11,0.0,-0.004435353569334008,0.17988584082737152
1998-09-14,1.0,0.015515313628289073,0.25307306147492536
1998-09-15,1.0,0.012850343882124816,0.2573412565162777
1998-09-16,1.0,0.01994907084670974,0.28871469004443506
1998-09-17,1.0,0.009901070982711755,0.2287402315135905
1998-09-18,0.0,-0.002060794134788138,0.28354893579534823
1998-09-21,1.0,0.008271630825296413,0.2469445016606492
1998-09-22,1.0,0.017221021413972696,0.3181193507846245
1998-09-23,1.0,0.020496020638635058,0.2779987680923056
1998-09-24,0.0,-0.00819257014379956,0.20300347181164782
1998-09-25,0.0,-0.01749015778197978,0.2163960966185102
1998-09-28,0.0,-0.023598906358916198,0.22533055607171376
1998-09-29,0.0,-0.021960052134753848,0.25217896165117176
1998-09-30,0.0,-0.03425578990749768,0.23099318572439498
1998-10-01,0.0,-0.04641679474606944,0.2562581429497041
1998-10-02,0.0,-0.047352170130779477,0.2864811520434087
1998-10-05,0.0,-0.03586212558230173,0.3133291006016251
1998-10-06,0.0,-0.03154727583569508,0.31771894736777945
1998-10-07,0.0,-0.04510768074782736,0.27676981156167224
1998-10-08,0.0,-0.04018930092794192,0.3092366648949824
1998-10-09,0.0,-0.0309717629322752,0.314623512287241
1998-10-12,0.0,-0.03189570789496945,0.42097392249627474
1998-10-13,0.0,-0.028214233640379116,0.4551459118232212
1998-10-14,0.0,-0.016003065388701873,0.4496380403542137
1998-10-15,0.0,-0.024914431632980807,0.4018273613727936
1998-10-16,0.0,-0.023784540265414305,0.4067700122980426
1998-10-19,0.0,-0.025997701565998642,0.43079887060988237
1998-10-20,0.0,-0.03259293643986085,0.4490865383629099
1998-10-21,0.0,-0.02990941407972522,0.4696919606530641
1998-10-22,0.0,-0.01897917562059933,0.44709808801428674
1998-10-23,0.0,-0.020352547981419868,0.4637901818204587
1998-10-26,0.0,-0.018479068268718868,0.44196964671755884
1998-10-27,0.0,-0.021687597014777824,0.44168506922871775
1998-10-28,0.0,-0.018769384407544405,0.4390273329833908
1998-10-29,0.0,-0.02482458111394169,0.43872168718583404
1998-10-30,0.0,-0.01619608111242642,0.44071435842379914
1998-11-02,0.0,-0.013364774125408499,0.4055558181804696
1998-11-03,0.0,-0.022535672881775964,0.4058871806723995
1998-11-04,0.0,-0.022609658768128347,0.38258869172045257
1998-11-05,0.0,-0.025872433113417158,0.3388984241896298
1998-11-06,0.0,-0.014947447785221755,0.39237749463452143
1998-11-09,0.0,-0.01479724177492832,0.42889237744756964
1998-11-10,0.0,-0.019628729373821627,0.3837207664224893
1998-11-11,0.0,-0.013383864846855378,0.3986263964807373
1998-11-12,0.0,-0.02869539330489366,0.3237713358302564
1998-11-13,0.0,-0.022906984518475983,0.39154531457697284
1998-11-16,0.0,-0.024913237638997835,0.4065591106711606
1998-11-17,0.0,-0.023566928831084372,0.3982540630911886
1998-11-18,0.0,-0.0322514829156387,0.3080847957417552
1998-11-19,0.0,-0.021186509186697355,0.3483905282104464
1998-11-20,0.0,-0.02237306196473524,0.3521080686692158
1998-11-23,0.0,-0.03938261496018924,0.3690276001229894
1998-11-24,0.0,-0.038370298356107495,0.3856059219864608
1998-11-25,0.0,-0.03569356258148129,0.39730853886682427
1998-11-26,0.0,-0.028387679135567296,0.44180543802005273
1998-11-27,0.0,-0.03137848522005246,0.4261562920987951
1998-11-30,0.0,-0.01980603794319651,0.42092948790164997
1998-12-01,0.0,-0.02046327100510118,0.4252980472887709
1998-12-02,0.0,-0.018415458890677666,0.4892621841958559
1998-12-03,0.0,-0.017782082702953242,0.4974795084003051
1998-12-04,0.0,-0.02090427680254431,0.511481538009064
1998-12-07,0.0,-0.027991649436868046,0.35354612374100935
1998-12-08,0.0,-0.024645797206827868,0.45840659357454594
1998-12-09,0.0,-0.018907404085853112,0.45356027853146635
1998-12-10,0.0,-0.02024777477137202,0.4565258112906336
1998-12-11,1.0,0.0025753297777325536,0.4077552832407728
1998-12-14,1.0,0.0017146780607168492,0.46942959191378203
1998-12-15,0.0,-0.00034153005796461726,0.46378959028303907
1998-12-16,0.0,-0.0044052934679163795,0.4005540726859266
1998-12-17,1.0,0.0020544434550142524,0.44992966890051866
1998-12-18,0.0,-0.007465960541166118,0.48720867374225924
1998-12-21,0.0,-0.019217921993474277,0.5423448199997393
1998-12-22,0.0,-0.015029992825726887,0.5195206491233708
1998-12-23,0.0,-0.014037780965838683,0.5186357342370252
1998-12-24,0.0,-0.007011422237803978,0.5247064795036995
1998-12-28,0.0,-0.007001603957300806,0.5296753824398948
1998-12-29,0.0,-0.0057818820732175365,0.516549570834602
1998-12-30,0.0,-0.011386651887703528,0.5078860060287863
1998-12-31,0.0,-0.017321752312697457,0.5033617812800315
1999-01-01,0.0,-0.028195700409957357,0.5458433497016575
1999-01-04,0.0,-0.025879447987820606,0.47604476534311657
1999-01-05,0.0,-0.027200546605061462,0.5098229389952079
1999-01-06,0.0,-0.029033445988515164,0.482684559762106
1999-01-07,0.0,-0.0381298376347374,0.3896309781406626
1999-01-08,0.0,-0.04027154825171457,0.47649796279000173
1999-01-11,0.0,-0.050592743798010154,0.38011505138210505
1999-01-12,0.0,-0.03025736536207317,0.407069032495562
1999-01-13,0.0,-0.021858793812499073,0.4767161160593256
1999-01-14,0.0,-0.020804699609538294,0.5376435422412793
1999-01-15,0.0,-0.01934636491301829,0.5071627139201913
1999-01-18,0.0,-0.014391262765206789,0.5412514197773864
1999-01-19,0.0,-0.012276548432251766,0.5052935800424231
1999-01-20,0.0,-0.020746173043715045,0.4945870242896538
1999-01-21,0.0,-0.012770225148096368,0.4971092784124493
1999-01-22,0.0,-0.007709868223941388,0.5314529089726883
1999-01-25,0.0,-0.010476785195414024,0.48439394702503724
1999-01-26,0.0,-0.00595865765845481,0.5146751635434247
1999-01-27,1.0,0.002999031973497718,0.4299661601672896
1999-01-28,0.0,-0.0024656581706083746,0.4073149797291226
1999-01-29,0.0,-0.0091276743950742,0.4308828834136149
1999-02-01,0.0,-0.026663568708644763,0.4044837397061233
1999-02-02,0.0,-0.022614689764784788,0.4315610012744985
1999-02-03,0.0,-0.016126554571230387,0.4227430899295173
1999-02-04,0.0,-0.011815949810475762,0.3816901379025362
1999-02-05,0.0,-0.006955340159228906,0.4453424856799893
1999-02-08,0.0,-0.009730745764360754,0.4427909698342628
1999-02-09,0.0,-0.006632944548859517,0.44421863755034513
1999-02-10,0.0,0.0,0.4354349678287923
1999-02-11,1.0,0.006409723114296736,0.43381790772985496
1999-02-12,0.0,-0.023764878675568965,0.3677315309155583
1999-02-15,0.0,-0.03783997423872137,0.43082106506982654
1999-02-16,0.0,-0.02414461332193675,0.45172071840485384
1999-02-17,0.0,-0.02738435697634734,0.4826293378274935
1999-02-18,0.0,-0.02996943860261107,0.47754158810716507
1999-02-19,0.0,-0.04360846926365813,0.40616297204524854
1999-02-22,0.0,-0.04470515566406048,0.468911679951408
1999-02-23,0.0,-0.04810332408487519,0.4352366675460151
1999-02-24,0.0,-0.05297716622550089,0.3998375408546297
1999-02-25,0.0,-0.04767041612592046,0.42386669494321527
1999-02-26,0.0,-0.050367788385879304,0.4284785259023197
1999-03-01,0.0,-0.04920051371442002,0.4557131246885403
1999-03-02,0.0,-0.05815383192073578,0.4163678735675771
1999-03-03,0.0,-0.062272724961248554,0.4536071173817112
1999-03-04,0.0,-0.06320907959613906,0.3994138828915441
1999-03-05,0.0,-0.06443452238546252,0.43150801120748133
1999-03-08,0.0,-0.0756655843064892,0.3322370447401956
1999-03-09,0.0,-0.08655981481040996,0.36811012722467495
1999-03-10,0.0,-0.09808088057971964,0.3770516835725047
1999-03-11,0.0,-0.10142494834820139,0.34988030841962475
1999-03-12,0.0,-0.09897689055882637,0.3457586024709878
1999-03-15,0.0,-0.07733057611891078,0.38266167948549457
1999-03-16,0.0,-0.07811888175177094,0.41908223807402034
1999-03-17,0.0,-0.09061966552603225,0.46293626757868633
1999-03-18,0.0,-0.09056795194648448,0.47303919020967605
1999-03-19,0.0,-0.08667562141653058,0.46875680844365075
1999-03-22,0.0,-0.088081844182976,0.4762830330273732
1999-03-23,0.0,-0.09350194041341753,0.4293320818691648
1999-03-24,0.0,-0.09337407077745852,0.48707563567953455
1999-03-25,0.0,-0.09180415519442257,0.48069955245615975
1999-03-26,0.0,-0.07494698491879648,0.40279326632791596
1999-03-29,0.0,-0.07979007922177117,0.44122717299871816
1999-03-30,0.0,-0.07701833910707961,0.4431429240337347
1999-03-31,0.0,-0.07178964744172656,0.398002368830128
1999-04-01,0.0,-0.07283336207346407,0.44406760200917395
1999-04-02,0.0,-0.07261103784229044,0.47965110144223005
1999-04-05,0.0,-0.06567641615479573,0.4356269842388541
1999-04-06,0.0,-0.07104892191402039,0.3945511685112516
1999-04-07,0.0,-0.06650088016530263,0.41469197145049486
1999-04-08,0.0,-0.06343455207902761,0.3962256271606184
1999-04-09,0.0,-0.06625668371921058,0.38108310729916695
1999-04-12,0.0,-0.07561847451275823,0.36243375196569183
1999-04-13,0.0,-0.09819062570235133,0.3728901494693816
1999-04-14,0.0,-0.09029523968911043,0.3877332438527451
1999-04-15,0.0,-0.10184557355038186,0.36149690110944377
1999-04-16,0.0,-0.10097261919240691,0.40313727146340655
1999-04-19,0.0,-0.1081534044003964,0.4040342570737818
1999-04-20,0.0,-0.10596615594555552,0.45993306937822126
1999-04-21,0.0,-0.11091483157699432,0.4277934152009083
1999-04-22,0.0,-0.10966058413391871,0.4708252689211287
1999-04-23,0.0,-0.11064493306663374,0.4784877715603199
1999-04-26,0.0,-0.10486681038983707,0.47484456091299876
1999-04-27,0.0,-0.10713513901619484,0.46783636346716456
1999-04-28,0.0,-0.10283087934109465,0.46828772625261045
1999-04-29,0.0,-0.11313992493773085,0.41821806144291435
1999-04-30,0.0,-0.11802298766713282,0.4634122636218219
1999-05-03,0.0,-0.11988057182132986,0.4889653515949947
1999-05-04,0.0,-0.11592399416739554,0.48250442201327115
1999-05-05,0.0,-0.1224282728359535,0.43526029419141976
1999-05-06,0.0,-0.12022514486313121,0.43053856208651103
1999-05-07,0.0,-0.09958100209263764,0.38425792601768116
1999-05-10,0.0,-0.08846371526434807,0.4926280340699287
1999-05-11,0.0,-0.08236645970303633,0.4964574760120541
1999-05-12,0.0,-0.07951703611603247,0.47831226208547717
1999-05-13,0.0,-0.08252102368800347,0.5057214732680013
1999-05-14,0.0,-0.07445647950029909,0.4646647548351098
1999-05-17,0.0,-0.0649028862354263,0.4379240341493735
1999-05-18,0.0,-0.06173173197283046,0.4416667056186618
1999-05-19,0.0,-0.052653635357866095,0.46646965330885265
1999-05-20,0.0,-0.0512070011150164,0.45969165318140537
1999-05-21,0.0,-0.046110117013651766,0.4304005829504314
1999-05-24,0.0,-0.047315001152988985,0.4424712453251203
1999-05-25,0.0,-0.03402264058376675,0.4252205040407159
1999-05-26,0.0,-0.036305745746170105,0.4706535961325698
1999-05-27,0.0,-0.0453764043380524,0.44788699666778314
1999-05-28,0.0,-0.04945594315540975,0.4498174115271562
1999-05-31,0.0,-0.06139938089934458,0.504423642599801
1999-06-01,0.0,-0.05530301371059745,0.44503192197571445
1999-06-02,0.0,-0.049628872984045384,0.5184079892472147
1999-06-03,0.0,-0.0512834031417976,0.4991889910086883
1999-06-04,0.0,-0.04262529370685614,0.5147050054848218
1999-06-07,0.0,-0.04466574962115426,0.46253991745711864
1999-06-08,0.0,-0.02499019644063179,0.4641266271808645
1999-06-09,0.0,-0.02143495940400602,0.4720965663783465
1999-06-10,0.0,-0.011675555865241365,0.49824070392484743
1999-06-11,0.0,-0.024860476285445472,0.48947456098172026
1999-06-14,0.0,-0.02309212922870355,0.4951559604027927
1999-06-15,0.0,-0.012815709384614645,0.5377636129090401
1999-06-16,0.0,-0.009132483563272587,0.5268315278752467
1999-06-17,0.0,-0.004653876927889297,0.5248567689261365
1999-06-18,0.0,-0.011625784885264256,0.410467860068766
1999-06-21,0.0,-0.009315029512633069,0.5021793542150345
1999-06-22,0.0,-0.005040724128071541,0.49539685709091347
1999-06-23,0.0,-0.015854933826140987,0.44236874799499676
1999-06-24,0.0,-0.017018395651172205,0.48996679367571633
1999-06-25,0.0,-0.019399250450303294,0.4700942406609501
1999-06-28,0.0,-0.02229854872245568,0.4747902659480907
1999-06-29,1.0,0.00019173617161615214,0.46783348606207165
1999-06-30,1.0,0.007779187318462417,0.4531577033269163
1999-07-01,1.0,0.010761927714454328,0.483101034014118
1999-07-02,1.0,0.01972821146045562,0.498854680892784
1999-07-05,1.0,0.07533559908213881,0.4890889623788871
1999-07-06,1.0,0.18484901998446843,0.40623430984779574
1999-07-07,1.0,0.15993928775671573,0.4651280493554737
1999-07-08,1.0,0.1524784386348962,0.5105345751220854
1999-07-09,1.0,0.184459763459507,0.47592933900728834
1999-07-12,1.0,0.21619594422647087,0.5160407297465746
1999-07-13,1.0,0.24077112639752318,0.4672048122428317
1999-07-14,1.0,0.24475443810440384,0.5069971083433326
1999-07-15,1.0,0.23930504606967534,0.5000281597009115
1999-07-16,1.0,0.23204609457140773,0.4711731796034032
1999-07-19,1.0,0.22767423965138414,0.5113886767196799
1999-07-20,1.0,0.22885054309029926,0.49809388103363933
1999-07-21,1.0,0.23211222129697015,0.42498610070549386
1999-07-22,1.0,0.20477266429616844,0.4566465945126476
1999-07-23,1.0,0.21315866262850536,0.5142001324122816
1999-07-26,1.0,0.2040650712089713,0.4827353829435216
1999-07-27,1.0,0.19340380841677324,0.47097879191934044
1999-07-28,1.0,0.184188787448013,0.4871057520383608
1999-07-29,1.0,0.17204497993379778,0.41757975246801016
1999-07-30,1.0,0.1667685314017856,0.4499635264293748
1999-08-02,1.0,0.15524187899542402,0.43426268034986387
1999-08-03,1.0,0.11940773138338527,0.3764119136609576
1999-08-04,1.0,0.13730622267344822,0.3660086487382276
1999-08-05,1.0,0.15624316855895062,0.40942411602745643
1999-08-06,1.0,0.15534903571511102,0.39708188130572863
1999-08-09,1.0,0.12069424586384199,0.37026331849564637
1999-08-10,1.0,0.1238261297789528,0.39542035065862946
1999-08-11,1.0,0.12148773500572292,0.3144531583486914
1999-08-12,1.0,0.11661051513618556,0.33604714772712146
1999-08-13,1.0,0.10842506507785105,0.3921268094134497
1999-08-16,1.0,0.10814456200077965,0.3526058483166751
1999-08-17,1.0,0.1130554985821789,0.32078933019800804
1999-08-18,1.0,0.13859749068769764,0.3408004524402559
1999-08-19,1.0,0.12868407339019786,0.37316318141834887
1999-08-20,1.0,0.12372236880336267,0.3910484264667492
1999-08-23,1.0,0.13672197086187782,0.3638847209268884
1999-08-24,1.0,0.14964470334925326,0.3929672386246545
1999-08-25,1.0,0.15316028656020883,0.4006077829134321
1999-08-26,1.0,0.1520288882398053,0.38561102283331
1999-08-27,1.0,0.15062582598382265,0.3521678689632921
1999-08-30,1.0,0.14814160584438746,0.38039876661128297
1999-08-31,1.0,0.15283119714132667,0.317039201090196
1999-09-01,1.0,0.16118851958462216,0.333171918225956
1999-09-02,1.0,0.15490536520121853,0.30454496205114945
1999-09-03,1.0,0.15581806267572643,0.33632927202496077
1999-09-06,1.0,0.1332368851860813,0.35569445912233577
1999-09-07,1.0,0.12770047231372933,0.31168514729808644
1999-09-08,1.0,0.12239208662783876,0.32586781299493534
1999-09-09,1.0,0.10244080555449162,0.29985885842633503
1999-09-10,1.0,0.08675148484340696,0.3244799981923455
1999-09-13,1.0,0.07382940510083148,0.3294230720445532
1999-09-14,1.0,0.10506892796076102,0.312442128704813
1999-09-15,1.0,0.09440617286521714,0.32348597475048135
1999-09-16,1.0,0.08064566759497052,0.33730943441818484
1999-09-17,1.0,0.08878909724676232,0.3331191130592077
1999-09-20,1.0,0.09448987910030307,0.34181313140757996
1999-09-21,1.0,0.07085718574240422,0.17177565427239577
1999-09-22,1.0,0.06660357700840461,0.2136215106710518
1999-09-23,1.0,0.05729403322955615,0.2607907842828806
1999-09-24,1.0,0.053783215216099946,0.24217352506539877
1999-09-27,1.0,0.004868421384585092,0.24404259012287244
1999-09-28,0.0,-0.07218798429750356,0.07189442952161865
1999-09-29,0.0,-0.04994244336399499,0.5615578628425826
1999-09-30,0.0,-0.040299118691348855,0.6562418531470255
1999-10-01,0.0,-0.07166634494711384,0.6413369776413629
1999-10-04,0.0,-0.09791321815048716,0.5600834633240037
1999-10-05,0.0,-0.11703446797682508,0.4677607149552542
1999-10-06,0.0,-0.11085409170560326,0.6431147119227468
1999-10-07,0.0,-0.11389886021740159,0.6066611385853415
1999-10-08,0.0,-0.10582915582886519,0.6949070938265073
1999-10-11,0.0,-0.09562469466774465,0.7762092694273776
1999-10-12,0.0,-0.12082927198244667,0.7502002311850471
1999-10-13,0.0,-0.13976194237515874,0.7131428569489496
1999-10-14,0.0,-0.10908888216048909,0.6178687805103009
1999-10-15,0.0,-0.11202856303923338,0.7459321227336585
1999-10-18,0.0,-0.1013379411291596,0.6802675247342157
1999-10-19,0.0,-0.08539194343732685,0.7043520439782339
1999-10-20,0.0,-0.07896599522207877,0.6953834085008646
1999-10-21,0.0,-0.0702936961118199,0.6724588489889858
1999-10-22,0.0,-0.0620724286423776,0.7118902434526039
1999-10-25,0.0,-0.04285145740933951,0.6869119968322296
1999-10-26,0.0,-0.0003463803290607943,0.5450393548054528
1999-10-27,0.0,-0.014465186752070926,0.4825321617198623
1999-10-28,0.0,-0.03574848744253215,0.4963117057792033
1999-10-29,0.0,-0.03433959707802174,0.635422979053473
1999-11-01,0.0,-0.009171994731109169,0.48526788799352666
1999-11-02,0.0,-0.015383589176901219,0.5546872288985253
1999-11-03,0.0,-0.022130917055770735,0.6405440121483938
1999-11-04,0.0,-0.02121317796918718,0.6505551964831762
1999-11-05,0.0,-0.02527367638385023,0.5942565187383182
1999-11-08,0.0,-0.02180635905205429,0.6324052137191756
1999-11-09,0.0,-0.03535116035847049,0.6061745909749755
1999-11-10,0.0,-0.04632045865073397,0.48083049341737044
1999-11-11,0.0,-0.02253083526938176,0.589964901138023
1999-11-12,1.0,0.06318590748894551,0.6220025263297492
1999-11-15,1.0,0.037867376642654625,0.5715787396013857
1999-11-16,1.0,0.02557701349959479,0.5792207523160495
1999-11-17,1.0,0.04126354811675037,0.5977970730555969
1999-11-18,1.0,0.06814289268524704,0.6318263536559403
1999-11-19,1.0,0.05265677121007844,0.6015664430419242
1999-11-22,1.0,0.045307674316610654,0.6001321379021607
1999-11-23,1.0,0.012841000258404426,0.531302883443292
1999-11-24,1.0,0.014149216492870712,0.5841191947348161
1999-11-25,1.0,0.0075156929972367385,0.6271344781309279
1999-11-26,1.0,0.026175679003015935,0.603688125492953
1999-11-29,1.0,0.04862651144015754,0.5188964348947925
1999-11-30,1.0,0.04605081842270044,0.5983874874929443
1999-12-01,1.0,0.035627177643151035,0.5853512139555289
1999-12-02,1.0,0.04628075256400618,0.5382989264929037
1999-12-03,1.0,0.04473142635464323,0.5337603766814198
1999-12-06,1.0,0.05513415223055657,0.4661480299961239
1999-12-07,1.0,0.022321196641679003,0.3475809843044349
1999-12-08,1.0,0.027288731966670046,0.5424321193095115
1999-12-09,1.0,0.03750572012347409,0.5409136436716361
1999-12-10,1.0,0.034701852727133865,0.48509134506635493
1999-12-13,1.0,0.025921507691902358,0.5468520382185552
1999-12-14,1.0,0.04641447173868265,0.6066765965781359
1999-12-15,1.0,0.018777920820971735,0.5395442238077836
1999-12-16,1.0,0.03228056606933977,0.5886935706837373
1999-12-17,1.0,0.01886189345445959,0.5825640707044849
1999-12-20,1.0,0.022789539821699678,0.6895834337253666
1999-12-21,1.0,0.004858084368960266,0.4994282087511644
1999-12-22,1.0,0.006251105613628723,0.5274051893747396
1999-12-23,0.0,-0.0015694483995772558,0.5592141403597786
1999-12-24,0.0,-0.010590246294879643,0.5779749551994622
1999-12-27,0.0,-0.0030280377451692778,0.6150791429159413
1999-12-28,1.0,0.00027625263478964413,0.5630009566072395
1999-12-29,0.0,-0.008887717798938002,0.6075847975661627
1999-12-30,0.0,-0.00619865475503425,0.5814020885698582
1999-12-31,0.0,-0.010471299867295366,0.5979637382061548
2000-01-03,0.0,-0.03056622994168947,0.5884727916936123
2000-01-04,0.0,-0.010148756206910088,0.46966923962007423
2000-01-05,0.0,-0.01294051127573482,0.569155643853147
2000-01-06,0.0,-0.015595906323740022,0.5269195634268768
2000-01-07,0.0,-0.009521673848849919,0.5468842379516747
2000-01-10,0.0,-0.011721117609005726,0.5572881468630089
2000-01-11,1.0,0.004227591288540651,0.46420908802679883
2000-01-12,0.0,-0.003014988539100686,0.514637081291101
2000-01-13,0.0,-0.013280407667894378,0.4430821832566366
2000-01-14,0.0,-0.014888612493750637,0.47988292948130995
2000-01-17,0.0,-0.012334958157951284,0.4384470237421447
2000-01-18,0.0,-0.02401728204236261,0.3363545180701571
2000-01-19,0.0,-0.026519886120603443,0.35552523576227635
2000-01-20,0.0,-0.02420746166426689,0.4247400583190819
2000-01-21,0.0,-0.022740178771873308,0.3948451065744909
2000-01-24,0.0,-0.0218645568978245,0.3785943494795787
2000-01-25,0.0,-0.020234701117834642,0.32687135621843527
2000-01-26,0.0,-0.01870532745201584,0.38783890428977713
2000-01-27,0.0,-0.02416982787863055,0.4165878945353836
2000-01-28,0.0,-0.011540296738866062,0.3005626585079731
2000-01-31,0.0,-0.013137060936425925,0.4113941892394902
2000-02-01,0.0,-0.015079693268421603,0.4457763175196524
2000-02-02,0.0,-0.031645613764201094,0.3517521640380283
2000-02-03,0.0,-0.036850936755941165,0.35741760194211486
2000-02-04,0.0,-0.12605515094449954,0.09199239558099766
2000-02-07,0.0,-0.1021543570921933,0.2646060408803862
2000-02-08,0.0,-0.0930095970238172,0.4857938011007719
2000-02-09,0.0,-0.09751309343536659,0.3973050830143009
2000-02-10,0.0,-0.1179616230307308,0.464159048847245
2000-02-11,0.0,-0.108599573258361,0.5580420842733271
2000-02-14,0.0,-0.10754437582025989,0.6219140893840848
2000-02-15,0.0,-0.0846792337471645,0.5731258295487252
2000-02-16,0.0,-0.08535984895115675,0.5934232854164183
2000-02-17,0.0,-0.08522806408975198,0.4698750320349056
2000-02-18,0.0,-0.09936758026021517,0.6352020945250028
2000-02-21,0.0,-0.10354365469292448,0.6723338639490539
2000-02-22,0.0,-0.09921068095183816,0.5993187009686187
2000-02-23,0.0,-0.09302944931519265,0.5859692481924131
2000-02-24,0.0,-0.08801690749164838,0.6577827117782009
2000-02-25,0.0,-0.06476638943068441,0.5355987603974911
2000-02-28,0.0,-0.05676532613097282,0.6233371227318092
2000-02-29,0.0,-0.06339840016125944,0.6550966669398877
2000-03-01,0.0,-0.057534061710026174,0.6049899519075946
2000-03-02,0.0,-0.06516263266575233,0.593660855130479
2000-03-03,0.0,-0.05901364520560134,0.523964537256219
2000-03-06,0.0,-0.05532154707042273,0.6587067786186099
2000-03-07,0.0,-0.0708213598369499,0.4987854734072615
2000-03-08,0.0,-0.057242121390316356,0.5609891619587223
2000-03-09,0.0,-0.06527139035322375,0.6108179532322259
2000-03-10,0.0,-0.027538353374221478,0.5803250119209481
2000-03-13,0.0,-0.018224925154562074,0.6140656760856406
2000-03-14,1.0,0.00041531114322991466,0.6331016625768741
2000-03-15,0.0,-0.007471149337950501,0.6609963550211507
2000-03-16,0.0,-0.007181044958137879,0.6075854702183691
2000-03-17,0.0,-0.0026387560390167125,0.6328596317374213
2000-03-20,0.0,-0.000278901131357453,0.6190398799633349
2000-03-21,0.0,-0.013486943631668571,0.5328621714463003
2000-03-22,1.0,0.013353544527061926,0.6721841143959509
2000-03-23,1.0,0.012428126362383982,0.5920614244667507
2000-03-24,1.0,0.014802185805135365,0.6824543166764704
2000-03-27,1.0,0.0210050966977067,0.6398578503922517
2000-03-28,1.0,0.023871702032249913,0.6528086904089072
2000-03-29,1.0,0.03466705696159637,0.562833570855632
2000-03-30,1.0,0.03165271358172522,0.6199229106532044
2000-03-31,1.0,0.01447831348877818,0.5466148283038176
2000-04-03,1.0,0.020633958671863448,0.6287526822810762
2000-04-04,1.0,0.005609129517881361,0.33006952392317856
2000-04-05,1.0,0.0388449081574848,0.5794471560965475
2000-04-06,1.0,0.030717641111034998,0.6029490136697521
2000-04-07,1.0,0.03343477608623742,0.6518364654211946
2000-04-10,1.0,0.022267949123308033,0.6084475683095694
2000-04-11,1.0,0.021936476713812207,0.6261772151062787
2000-04-12,1.0,0.007769772444660238,0.5876492970887929
2000-04-13,1.0,0.007253459488688677,0.6264710473398871
2000-04-14,1.0,0.0037086135221489603,0.5257478428946012
2000-04-17,1.0,0.009092097374374315,0.5957004836964997
2000-04-18,1.0,0.004433810580041114,0.6474438594403933
2000-04-19,0.0,-0.0003563156994761405,0.656377141747849
2000-04-20,1.0,0.0008924587830197916,0.6535738810958791
2000-04-21,1.0,0.004632112326561585,0.6848525403370738
2000-04-24,1.0,0.013489732426591567,0.6455139545259752
2000-04-25,1.0,0.015150454661035293,0.6241689060773639
2000-04-26,1.0,0.011783283193278819,0.6153848252666473
2000-04-27,1.0,0.011484066638910556,0.6461930602376221
2000-04-28,1.0,0.02455440205984674,0.439249308495318
2000-05-01,1.0,0.021354412608301693,0.4411511420364111
2000-05-02,1.0,0.014801714280618921,0.4244087341337916
2000-05-03,1.0,0.005376357036380496,0.4268553419882254
2000-05-04,0.0,-0.005192956427563588,0.3404245463515823
2000-05-05,0.0,-0.002045467492282841,0.356379864697178
2000-05-08,1.0,0.0018773246424843282,0.42879099718040503
2000-05-09,1.0,0.0003606202707673035,0.40997605937218345
2000-05-10,0.0,-0.00072033138356906,0.40445393051211376
2000-05-11,0.0,-0.007274081901085526,0.41748557485812865
2000-05-12,0.0,-0.009642574485160607,0.4497192183113481
2000-05-15,0.0,-0.00619084278801488,0.4074897203216875
2000-05-16,0.0,-0.008744817979044583,0.42132747985547275
2000-05-17,0.0,-0.004032263527938563,0.40283649414381467
2000-05-18,0.0,-0.0021974006278281423,0.4415060082578689
2000-05-19,1.0,0.0032763043504280827,0.4020224917986648
2000-05-22,0.0,-0.003088384687498168,0.3512461555851172
2000-05-23,1.0,0.001457460633289789,0.37428056151449374
2000-05-24,1.0,0.013254846805913151,0.4090293746933376
2000-05-25,1.0,0.026828874405214156,0.29479040899334713
2000-05-26,1.0,0.01603240753104879,0.323865958160082
2000-05-29,1.0,0.01132639072258033,0.37398335168462066
2000-05-30,1.0,0.0020111534340756855,0.33463702739530654
2000-05-31,0.0,-0.003128740934531428,0.3681346195316599
2000-06-01,1.0,0.0005497022584595213,0.3463267977070064
2000-06-02,0.0,-0.024848235582871005,0.1468165893599104
2000-06-05,0.0,-0.0403914805602108,0.20059177587402577
2000-06-06,0.0,-0.05530789831965042,0.18686826191725175
2000-06-07,0.0,-0.04457860576111009,0.25341990817414334
2000-06-08,0.0,-0.023476091470726053,0.2678369245866382
2000-06-09,0.0,-0.02533135802798904,0.3018143100848453
2000-06-12,0.0,-0.0347676025381268,0.2803822382516285
2000-06-13,0.0,-0.03634820234567563,0.1818713105655489
2000-06-14,0.0,-0.06112817617076719,0.21882123969901973
2000-06-15,0.0,-0.05696563493139341,0.23344730339195102
2000-06-16,0.0,-0.057636437475623255,0.30940938228392373
2000-06-19,0.0,-0.04585648036460317,0.3199624675231849
2000-06-20,0.0,-0.04704435367015152,0.34586475618142054
2000-06-21,0.0,-0.04796052414193099,0.3505741164145824
2000-06-22,0.0,-0.04694520166018152,0.27244168520470763
2000-06-23,0.0,-0.03852168153070661,0.2987981570447167
2000-06-26,0.0,-0.04390773644416264,0.3186167256808931
2000-06-27,0.0,-0.049813235834328805,0.30548786126098393
2000-06-28,0.0,-0.08296570661068699,0.18096102597555003
2000-06-29,0.0,-0.06646489283079912,0.27235698762040933
2000-06-30,0.0,-0.06187099437527796,0.3046766128740606
2000-07-03,0.0,-0.04995262211786416,0.3324907892258722
2000-07-04,0.0,-0.04872941267340773,0.335302815594059
2000-07-05,0.0,-0.02014886137076012,0.3269727526224335
2000-07-06,0.0,-0.03006130816978671,0.3226850986022207
2000-07-07,0.0,-0.033700984617236536,0.33758865852363373
2000-07-10,0.0,-0.037679376530659836,0.35880360157579855
2000-07-11,0.0,-0.0371347642627825,0.3652167710943351
2000-07-12,0.0,-0.035734281787260645,0.3160712981605202
2000-07-13,0.0,-0.03855724016903331,0.3704151116160985
2000-07-14,0.0,-0.04229689371257529,0.37552407176107594
2000-07-17,0.0,-0.04692307892128481,0.29031153762035533
2000-07-18,0.0,-0.03565375840811955,0.3445542213809909
2000-07-19,0.0,-0.029077098469299748,0.2560758741339386
2000-07-20,0.0,-0.013290425511582191,0.29747979336989283
2000-07-21,0.0,-0.02784990119761114,0.3150835865551691
2000-07-24,0.0,-0.026305371653312735,0.34753834427621005
2000-07-25,0.0,-0.028350072379773324,0.29677889378287203
2000-07-26,0.0,-0.0330698739490478,0.34660243364519894
2000-07-27,0.0,-0.02803751832921879,0.3189031205935064
2000-07-28,0.0,-0.024840802318400104,0.3709241820411705
2000-07-31,0.0,-0.025572169711158776,0.3816382681265454
2000-08-01,0.0,-0.0244537732582568,0.3753091560585246
2000-08-02,0.0,-0.03968920695430758,0.3477881624975219
2000-08-03,0.0,-0.03264990440128575,0.28933240569057783
2000-08-04,0.0,-0.033271352511895134,0.37096680097535834
2000-08-07,0.0,-0.03437402983235651,0.39565709910285407
2000-08-08,0.0,-0.030091423473509057,0.3695261565807205
2000-08-09,0.0,-0.02774593775021662,0.38465343081500236
2000-08-10,0.0,-0.029769640231664382,0.3768619147788594
2000-08-11,0.0,-0.03702069992262879,0.3369418531854067
2000-08-14,0.0,-0.036125072914379136,0.3614197907534661
2000-08-15,0.0,-0.03784536227664043,0.4048288344230866
2000-08-16,0.0,-0.04482077988193301,0.3143494302312741
2000-08-17,0.0,-0.04305300649928953,0.33768265179234236
2000-08-18,0.0,-0.04396718486260281,0.35237401771900867
2000-08-21,0.0,-0.040405792921330036,0.34215282661388896
2000-08-22,0.0,-0.033807082826714074,0.360368780578838
2000-08-23,0.0,-0.02331107886844711,0.35287682616820687
2000-08-24,0.0,-0.0239143846218673,0.35061494559382866
2000-08-25,0.0,-0.031484081933282344,0.3482736495300237
2000-08-28,0.0,-0.02886416848704917,0.3937438244228744
2000-08-29,0.0,-0.02818654984243411,0.36761014765540656
2000-08-30,0.0,-0.028295923859443895,0.3863621515991643
2000-08-31,0.0,-0.044149159775582716,0.231894736945505
2000-09-01,0.0,-0.03830333822573808,0.33884854551746174
2000-09-04,0.0,-0.025595547188963768,0.37015987430057334
2000-09-05,0.0,-0.021829721291092334,0.34833437747989915
2000-09-06,0.0,-0.029207251727128153,0.2969251650880166
2000-09-07,0.0,-0.01231067453691262,0.3053090703032979
2000-09-08,0.0,-0.013457664621899164,0.26083711585894526
2000-09-11,0.0,-0.00815251843760579,0.2593679165671292
2000-09-12,0.0,-0.009014871096215427,0.21976971837938958
2000-09-13,1.0,0.007305968570550494,0.257523168081321
2000-09-14,1.0,0.004758427719440571,0.27538023398675215
2000-09-15,1.0,0.0012838149401997857,0.2590462230660567
2000-09-18,0.0,-0.003501339613135462,0.25883943394312486
2000-09-19,0.0,-0.00441908286808576,0.28098135672245206
2000-09-20,0.0,-0.0011144131911142046,0.2151587423929528
2000-09-21,0.0,-0.004072571345309054,0.23069976457957816
2000-09-22,0.0,-0.00441908286808576,0.15796427357776482
2000-09-25,0.0,-0.01524503765348289,0.21811132995720472
2000-09-26,0.0,-0.015057206985666854,0.22114141014656952
2000-09-27,0.0,-0.02078307762764422,0.12127386326687623
2000-09-28,0.0,-0.004004373752731934,0.18230837090931207
2000-09-29,0.0,-0.0010944911709148992,0.19512253633667853
2000-10-02,1.0,0.001279123061566956,0.2429921365874193
2000-10-03,1.0,0.008048333182828415,0.24911258115634713
2000-10-04,1.0,0.016483889721689415,0.24507340869984254
2000-10-05,1.0,0.009595940029833976,0.23753773715117715
2000-10-06,1.0,0.009595940029833976,0.25816266859762105
2000-10-09,1.0,0.006996898366610933,0.2746875618991681
2000-10-10,0.0,-0.012915308676682278,0.17227265998650312
2000-10-11,0.0,-0.011125647858135483,0.18772380179260825
2000-10-12,0.0,-0.03308517168337336,0.12071396211101362
2000-10-13,0.0,-0.016642395943136417,0.16159681411697327
2000-10-16,0.0,-0.013509967673159356,0.24825620904776644
2000-10-17,0.0,-0.01298719552681119,0.24138826039101458
2000-10-18,0.0,-0.021285344304215734,0.21079794774586316
2000-10-19,0.0,-0.024484916287772912,0.27255045210800466
2000-10-20,0.0,-0.027061462870610776,0.26134477512683035
2000-10-23,0.0,-0.02472499054283895,0.2454941008059178
2000-10-24,0.0,-0.026583369941770855,0.2666279432482654
2000-10-25,0.0,-0.012068786880646774,0.22691195824830446
2000-10-26,0.0,-0.00226543423299819,0.2635502458997346
2000-10-27,1.0,0.0007557151313751493,0.2172833589162506
2000-10-30,1.0,0.009220123647841048,0.2975051346062161
2000-10-31,1.0,0.00526613968563122,0.2804596778932356
2000-11-01,0.0,-0.00037771482979768214,0.234200008736049
2000-11-02,1.0,0.0007551444572552761,0.25067067566746964
2000-11-03,0.0,-0.007951575406322603,0.2665975715710561
2000-11-06,0.0,-0.007574359256998822,0.2917786324895211
2000-11-07,1.0,0.005468100736985256,0.24806777949069955
2000-11-08,1.0,0.0030137525165324216,0.29218708255601356
2000-11-09,1.0,0.010473258253546038,0.25989557248470585
2000-11-10,1.0,0.01052048027579774,0.2902100037409643
2000-11-13,1.0,0.004905670215492851,0.2990205697356155
2000-11-14,0.0,-0.0034065135137202724,0.30344678839833333
2000-11-15,0.0,-0.006245880056823761,0.29462788231662596
2000-11-16,0.0,-0.022195732391784434,0.22996751548360497
2000-11-17,0.0,-0.019377506007942517,0.2861498797164258
2000-11-20,0.0,-0.018950728204077314,0.30216534463255906
2000-11-21,0.0,-0.01860342186092535,0.27929842920958814
2000-11-22,0.0,-0.02545730181431909,0.2643516710558937
2000-11-23,0.0,-0.0383409046992468,0.2948589877713519
2000-11-24,0.0,-0.028176240493107785,0.3141728403057912
2000-11-27,0.0,-0.03908738870804692,0.1762821883549637
2000-11-28,0.0,-0.04922609003183998,0.24921025217582263
2000-11-29,0.0,-0.0300860468192461,0.24712435021827792
2000-11-30,0.0,-0.04306614505663863,0.19169487770179763
2000-12-01,0.0,-0.02957179415964338,0.2136959489337058
2000-12-04,0.0,-0.016169853286286534,0.23675407450407743
2000-12-05,0.0,-0.008537542577936503,0.25979189529285435
2000-12-06,0.0,-0.028051294879950454,0.16602330649415145
2000-12-07,0.0,-0.03040085833277823,0.23059319304365655
2000-12-08,0.0,-0.03715539870384989,0.25302523635861357
2000-12-11,0.0,-0.029221033927091668,0.24738530951908197
2000-12-12,0.0,-0.03837220813124138,0.268722379259492
2000-12-13,0.0,-0.02483664823711998,0.25060874231904157
2000-12-14,0.0,-0.009130781781762467,0.2731181177321421
2000-12-15,1.0,0.0029482239891956046,0.25423118370315684
2000-12-18,1.0,0.008844723220215319,0.28701765864666223
2000-12-19,0.0,-0.008920334192348204,0.29379785600751274
2000-12-20,0.0,-0.03505859697694634,0.19186999541710872
2000-12-21,0.0,-0.0504968906359425,0.2234290808234443
2000-12-22,0.0,-0.0559245147236273,0.234976614341583
2000-12-25,0.0,-0.04883581897346675,0.2640389091726096
2000-12-26,0.0,-0.04814362517927805,0.22338076981637897
2000-12-27,0.0,-0.04571587556743614,0.20953019906129375
2000-12-28,0.0,-0.038185436564894565,0.1707093392910764
2000-12-29,0.0,-0.03723187494024179,0.22802086248339773
2001-01-01,0.0,-0.036816266703328326,0.2815722535306126
2001-01-02,0.0,-0.029014846219877797,0.1773979593558779
2001-01-03,0.0,-0.030672605209852648,0.24020347588513496
2001-01-04,0.0,-0.03267147188741327,0.2582016761137554
2001-01-05,0.0,-0.0387807577382752,0.25254019480535334
2001-01-08,0.0,-0.048874013408549306,0.24640272155607867
2001-01-09,0.0,-0.04078309082634445,0.26105566293323607
2001-01-10,0.0,-0.02483887729672282,0.251329856527128
2001-01-11,0.0,-0.02180652590811654,0.2671491135577475
2001-01-12,0.0,-0.016210901391161988,0.28499464072668973
2001-01-15,0.0,-0.01992021433443048,0.3075020129606995
2001-01-16,0.0,-0.022641028526982687,0.25718972041105675
2001-01-17,0.0,-0.018380758721637126,0.2826150077026883
2001-01-18,0.0,-0.016771881613828327,0.24703817532081168
2001-01-19,0.0,-0.020993137371879127,0.22815420446980514
2001-01-22,0.0,-0.01357742901679673,0.17127351931330723
2001-01-23,0.0,-0.021041435946076686,0.20871657793319742
2001-01-24,0.0,-0.013119305954034753,0.25025076284285325
2001-01-25,1.0,0.0024502886635077367,0.26239988352250726
2001-01-26,1.0,0.006064070127180177,0.25858976204700523
2001-01-29,1.0,0.0026575566134598694,0.31565665281408567
2001-01-30,0.0,-0.006603174638649249,0.2093654078289765
2001-01-31,0.0,-0.013633992673941013,0.25530959478217824
2001-02-01,0.0,-0.017264455831547815,0.20662161297695755
2001-02-02,0.0,-0.014683998780835022,0.259021327340218
2001-02-05,0.0,-0.006041173744009978,0.2760503385047544
2001-02-06,1.0,0.0030285845598644664,0.2290773072176615
2001-02-07,1.0,0.00813089475259503,0.2816504575677212
2001-02-08,1.0,0.020881548404651368,0.2744489907046053
2001-02-09,1.0,0.020881548404651368,0.2912920738724251
2001-02-12,1.0,0.01857521186470394,0.3419562583525647
2001-02-13,1.0,0.015212310849348919,0.34634320513878764
2001-02-14,1.0,0.03850258558444919,0.36983698670481485
2001-02-15,1.0,0.051048980785397255,0.27667182291350806
2001-02-16,1.0,0.03453853740364637,0.24598651031707663
2001-02-19,1.0,0.03295752833251014,0.3823386086355677
2001-02-20,1.0,0.04457880961652588,0.33848521240525864
2001-02-21,1.0,0.05124496536354592,0.3198044518586054
2001-02-22,1.0,0.055194187869913286,0.30634436043627394
2001-02-23,1.0,0.0947712883431432,0.31088729548619437
2001-02-26,1.0,0.06702979420276316,0.2634342852140282
2001-02-27,1.0,0.06179711547190925,0.30746919127933664
2001-02-28,1.0,0.06028327039183227,0.3255752280419298
2001-03-01,1.0,0.04992778505235789,0.3539851316483633
2001-03-02,1.0,0.05477780042215888,0.3455670584574851
2001-03-05,1.0,0.054017199510799876,0.4216448311451253
2001-03-06,1.0,0.049383514103542914,0.3543860814723272
2001-03-07,1.0,0.01362367334406958,0.36126043857308643
2001-03-08,0.0,-0.004690880165567682,0.27401681399400013
2001-03-09,0.0,-0.017446619215539454,0.23719357277134565
2001-03-12,0.0,-0.025266066288232667,0.28242251804079505
2001-03-13,0.0,-0.005991405303334613,0.31389506950369606
2001-03-14,1.0,0.010572120368340179,0.1621323173785633
2001-03-15,1.0,0.021632722148893356,0.3660748783071077
2001-03-16,1.0,0.055194187869913286,0.3989711840315831
2001-03-19,1.0,0.027984431548052184,0.38951541340748225
2001-03-20,1.0,0.038624973775309705,0.4052432037395479
2001-03-21,1.0,0.035124103794330466,0.387765034646966
2001-03-22,1.0,0.05059661978751722,0.41577456558829123
2001-03-23,1.0,0.034657397608026316,0.40784566270153644
2001-03-26,1.0,0.03699973611031945,0.4178943938708423
2001-03-27,1.0,0.04522444777330701,0.39730957600632477
2001-03-28,1.0,0.04768170449409863,0.37257859199466725
2001-03-29,1.0,0.05265363535786624,0.37922422224013463
2001-03-30,1.0,0.055239751571773486,0.3691945710449341
2001-04-02,1.0,0.06952752277013598,0.34099883891850225
2001-04-03,1.0,0.0716735778456827,0.34264014450593583
2001-04-04,1.0,0.05238575218763535,0.30576269342256385
2001-04-05,1.0,0.04055121719426752,0.40616247997419636
2001-04-06,1.0,0.04069124188482633,0.3640940673322968
2001-04-09,1.0,0.042051650255629486,0.360771017911384
2001-04-10,1.0,0.03845163455362495,0.36830213202411555
2001-04-11,1.0,0.03493805136128044,0.34725803050405674
2001-04-12,1.0,0.019791321537591618,0.35347908599606326
2001-04-13,1.0,0.026642869913998175,0.4215918572560441
2001-04-16,1.0,0.012452991117212627,0.2666019659858337
2001-04-17,1.0,0.02029082604031493,0.314139304058958
2001-04-18,1.0,0.027186873589557774,0.31933051600496515
2001-04-19,1.0,0.004695285177674976,0.2719994639063965
2001-04-20,1.0,0.010150463090744232,0.3663096937931679
2001-04-23,1.0,0.012808613613504098,0.35694519365872635
2001-04-24,1.0,0.01577497501251325,0.3726472478680586
2001-04-25,1.0,0.031897638604693385,0.3597089915536086
2001-04-26,1.0,0.020236778287353135,0.3737236730706258
2001-04-27,1.0,0.02398466106242157,0.33595773494637116
2001-04-30,1.0,0.01801512410274499,0.42104935199893856
2001-05-01,1.0,0.01946533478810325,0.4022683581927327
2001-05-02,1.0,0.008438868645864604,0.366508763959928
2001-05-03,1.0,0.0011265491240248112,0.3441650630730591
2001-05-04,1.0,0.0052464051385472605,0.3574377830998487
2001-05-07,0.0,-0.003762939529542384,0.3883993820140197
2001-05-08,1.0,0.006395808107840198,0.3766046813492813
2001-05-09,0.0,-0.009300662281586547,0.22004536649929293
2001-05-10,0.0,-0.004466785762951207,0.31622890944187215
2001-05-11,1.0,0.0018635860779215065,0.3412963274316822
2001-05-14,0.0,-0.002238389294979779,0.35178987301968184
2001-05-15,0.0,-0.002611941783447741,0.31000827669262676
2001-05-16,0.0,-0.014428663190231894,0.24712453668559223
2001-05-17,1.0,0.0014601207193467686,0.30731707837797834
2001-05-18,0.0,-0.04626336443488154,0.19598164825266393
2001-05-21,0.0,-0.03349680709720695,0.21116014141686035
2001-05-22,0.0,-0.03060192539397089,0.5753036832196536
2001-05-23,0.0,-0.02823632907717253,0.6036803614616795
2001-05-24,0.0,-0.01406442224081951,0.2832164265245579
2001-05-25,1.0,0.005746110261694074,0.4585987471098885
2001-05-28,0.0,-0.005779318957562444,0.5965975310352368
2001-05-29,1.0,0.0040072913370424535,0.45884708826603426
2001-05-30,1.0,0.031449132682503295,0.281034422146925
2001-05-31,1.0,0.035836860378896884,0.45806191623116915
2001-06-01,1.0,0.02148628684646168,0.5885599647586218
2001-06-04,1.0,0.025999607491122786,0.5659699190644712
2001-06-05,1.0,0.022285044789434955,0.584915500564726
2001-06-06,1.0,0.02777956410707567,0.5460504773946004
2001-06-07,1.0,0.0328685422397812,0.5718474312236184
2001-06-08,1.0,0.002371614721019492,0.30415073837687134
2001-06-11,1.0,0.019755096433101846,0.35696624761343126
2001-06-12,0.0,-0.0007359705943978045,0.37026017605527456
2001-06-13,0.0,-0.0011021308977491838,0.4461185160695
2001-06-14,0.0,-0.009110850193965955,0.37639416138555243
2001-06-15,1.0,0.005874810360872333,0.42572190231691187
2001-06-18,0.0,-0.002939557508971076,0.5204394664063905
2001-06-19,1.0,0.04501563727852231,0.5539609265297103
2001-06-20,1.0,0.019964365442473986,0.5523688246157056
2001-06-21,1.0,0.029955325290863397,0.5656631477593664
2001-06-22,1.0,0.04641162584843969,0.6369261231342886
2001-06-25,1.0,0.05503696254058891,0.5518340833620187
2001-06-26,1.0,0.04114785125479556,0.4389690405175446
2001-06-27,1.0,0.06451557246228246,0.41877626831666254
2001-06-28,1.0,0.06957456547044465,0.47305715387821323
2001-06-29,1.0,0.07330330238765079,0.5269081533908812
2001-07-02,1.0,0.07053746417610818,0.547874960634157
2001-07-03,1.0,0.07896477289200288,0.5713638391423794
2001-07-04,1.0,0.0902250915927257,0.6089764996429443
2001-07-05,1.0,0.09553284545564253,0.5363869723225922
2001-07-06,1.0,0.09658977050995006,0.5351456408798276
2001-07-09,1.0,0.08978893982706451,0.5992921045494666
2001-07-10,1.0,0.08317133716200542,0.5997739640473111
2001-07-11,1.0,0.07531789365643515,0.5179728341834705
2001-07-12,1.0,0.08267684500578808,0.5646235207385303
2001-07-13,1.0,0.08476460577675193,0.6024187793406751
2001-07-16,1.0,0.08860097945628881,0.569422133852031
2001-07-17,1.0,0.07066838151310807,0.5917601323830819
2001-07-18,1.0,0.05076684004530466,0.542605726339673
2001-07-19,1.0,0.04249005162095219,0.5253227003637754
2001-07-20,1.0,0.051950364157756265,0.5769002544918809
2001-07-23,1.0,0.04580120865434847,0.6276189724457846
2001-07-24,1.0,0.04210384174104397,0.6075974214092162
2001-07-25,1.0,0.053447834443412987,0.6107650342357857
2001-07-26,1.0,0.0476367769729158,0.6010355096556188
2001-07-27,1.0,0.04423235651028326,0.5795960051294294
2001-07-30,1.0,0.03809632283515178,0.5955217459414036
2001-07-31,1.0,0.03428275283889914,0.5850924643947355
2001-08-01,1.0,0.029099659161411832,0.6252861541080431
2001-08-02,1.0,0.033746095956929616,0.6303191279585026
2001-08-03,1.0,0.03224313014977527,0.5925215341287087
2001-08-06,1.0,0.04212534646865005,0.6200852140368183
2001-08-07,1.0,0.04689356812336072,0.6220724978137129
2001-08-08,1.0,0.041246722644759024,0.6019812484929623
2001-08-09,1.0,0.019863419417539545,0.4210598675434073
2001-08-10,1.0,0.019477622070020493,0.45909696707081354
2001-08-13,1.0,0.010812864406026962,0.4714270530664294
2001-08-14,1.0,0.012567490363522954,0.48854177748794636
2001-08-15,1.0,0.017607353900112643,0.44319805210304664
2001-08-16,1.0,0.005071555880255784,0.4552420162317082
2001-08-17,0.0,-0.006466701177399891,0.3128136130953379
2001-08-20,1.0,0.00793798142560046,0.44087197151216506
2001-08-21,1.0,0.009048197814703122,0.4145540634011557
2001-08-22,1.0,0.013566274806963558,0.3914242614097598
2001-08-23,0.0,-0.0007260846207537677,0.4383815608868557
2001-08-24,1.0,0.007303300674428505,0.42155906125001563
2001-08-27,1.0,0.0007330035145863624,0.4644869122067447
2001-08-28,1.0,0.004507731232523477,0.4521441771170011
2001-08-29,0.0,-0.0021941862889839603,0.43324026640276003
2001-08-30,0.0,-0.008757581970548298,0.38190234589869515
2001-08-31,0.0,-0.005481468137437335,0.3851175305856827
2001-09-03,0.0,-0.0012805270203093448,0.44908212616812887
2001-09-04,1.0,0.0066043167952496784,0.41921763198772327
2001-09-05,1.0,0.008418790573050002,0.4509413636903272
2001-09-06,1.0,0.0032894766503989265,0.4188790454360229
2001-09-07,1.0,0.004565801010003455,0.39578026318714704
2001-09-10,1.0,0.020037100229157535,0.41176185712109453
2001-09-11,0.0,-0.03755223683869836,0.11877565281334784
2001-09-12,0.0,-0.013750895159756056,0.24620918186449997
2001-09-13,0.0,-0.024110559793748227,0.5773750055172467
2001-09-14,0.0,-0.03928375138599032,0.3411959784023584
2001-09-17,0.0,-0.05796147568328703,0.39960650011974697
2001-09-18,0.0,-0.05335312163268491,0.5855071368716521
2001-09-19,0.0,-0.05647018256708429,0.4992825073356927
2001-09-20,0.0,-0.05044578651104428,0.5784934230474615
2001-09-21,0.0,-0.04562995445588114,0.46134859729155386
2001-09-24,0.0,-0.039130829552483815,0.5051146704797471
2001-09-25,0.0,-0.03262302626551516,0.5711623822967128
2001-09-26,0.0,-0.060081291186388344,0.49810434101220696
2001-09-27,0.0,-0.05527630189758395,0.5244045502260788
2001-09-28,0.0,-0.052864951012282745,0.5448960651623203
2001-10-01,0.0,-0.04792492324010271,0.5901165075021848
2001-10-02,0.0,-0.03766724775068509,0.5440138550160374
2001-10-03,0.0,-0.035409708225608724,0.608563644270824
2001-10-04,0.0,-0.04516555247238324,0.5699308603897388
2001-10-05,0.0,-0.05093163073080542,0.5983285210940918
2001-10-08,0.0,-0.04537872356853166,0.5554392824163985
2001-10-09,0.0,-0.03192792584440861,0.5467303072685488
2001-10-10,0.0,-0.021647403152076094,0.509147924187626
2001-10-11,0.0,-0.010005443482952327,0.5075666532573013
2001-10-12,0.0,-0.019524936905118997,0.4932890543423794
2001-10-15,0.0,-0.009639489135707068,0.5318788316190977
2001-10-16,0.0,-0.008208468644845486,0.597136200958398
2001-10-17,1.0,0.0052966225521704855,0.5674447120935027
2001-10-18,1.0,0.024391453124159263,0.45977553403841237
2001-10-19,1.0,0.027857936892166424,0.5625494835878945
2001-10-22,1.0,0.033544625951764155,0.49988797851457156
2001-10-23,1.0,0.03104066551158066,0.5720031443235847
2001-10-24,1.0,0.04159860339157998,0.6016336237249773
2001-10-25,1.0,0.024230652772659587,0.5601140388582405
2001-10-26,1.0,0.022108227958793403,0.6059541663473432
2001-10-29,1.0,0.011676470279344197,0.5634711095527245
2001-10-30,1.0,0.005333345975362603,0.5717032556934952
2001-10-31,0.0,-0.0014313833182867846,0.5757852004427151
2001-11-01,0.0,-0.0023987266035076604,0.6266052215244698
2001-11-02,0.0,-0.0017876300791951072,0.6666845825354748
2001-11-05,0.0,-0.0010760402759920605,0.638879746055059
2001-11-06,1.0,0.0056929525753147015,0.6347321620778287
2001-11-07,1.0,0.00408780450151431,0.6234238668167053
2001-11-08,1.0,0.020740954487106156,0.5930390498731248
2001-11-09,1.0,0.031224818096539268,0.6741250449244446
2001-11-12,1.0,0.041016045771955466,0.5861453157205267
2001-11-13,1.0,0.06958118095469086,0.6141792527745586
2001-11-14,1.0,0.06503247027085457,0.6503843938471268
2001-11-15,1.0,0.08956546378123934,0.6347020797633998
2001-11-16,1.0,0.09997950034808877,0.669330772455411
2001-11-19,1.0,0.09366016567985697,0.6513537220794051
2001-11-20,1.0,0.0933869679144997,0.6659104916925747
2001-11-21,1.0,0.091258249596356,0.6725309472546598
2001-11-22,1.0,0.09486028102395996,0.6698637115136546
2001-11-23,1.0,0.08748457636040373,0.675876904653584
2001-11-26,1.0,0.08623311339368299,0.6771180031479282
2001-11-27,1.0,0.06939505792406521,0.6683839162628186
2001-11-28,1.0,0.06046380098657427,0.6404421701725971
2001-11-29,1.0,0.06600843098570132,0.6403153113194996
2001-11-30,1.0,0.0647321066260967,0.6291277806432318
2001-12-03,1.0,0.053715966003768774,0.5786383754805297
2001-12-04,1.0,0.07694089020565857,0.5582330260628037
2001-12-05,1.0,0.07828941629732719,0.49380034431074027
2001-12-06,1.0,0.07708244455985401,0.531039042591738
2001-12-07,1.0,0.08246332184423315,0.5383733502894258
2001-12-10,1.0,0.08320586587495797,0.5063270141176346
2001-12-11,1.0,0.0746707588789568,0.5576379729222448
2001-12-12,1.0,0.06674424554326956,0.5161657841214408
2001-12-13,1.0,0.05355889867590062,0.5612480274205567
2001-12-14,1.0,0.03977997218418344,0.38747813573938567
2001-12-17,1.0,0.04413127104352806,0.5083123776404854
2001-12-18,1.0,0.04667397710431374,0.46295720813829616
2001-12-19,1.0,0.060422239024672524,0.4471940257819169
2001-12-20,1.0,0.052875752047947776,0.5590065432722138
2001-12-21,1.0,0.04189278539077122,0.4815082493108205
2001-12-24,1.0,0.0509030006460911,0.5619052217873689
2001-12-25,1.0,0.05053964723816795,0.5228201835558802
2001-12-26,1.0,0.045720849589629964,0.5412448264917185
2001-12-27,1.0,0.056486428096865396,0.49831845736306346
2001-12-28,1.0,0.0738625717947225,0.5593010074169997
2001-12-31,1.0,0.06689950668648809,0.49326702024719044
2002-01-01,1.0,0.061857479198240195,0.5587654363780703
2002-01-02,1.0,0.0813691817777266,0.47942031456377965
2002-01-03,1.0,0.08333851230201861,0.43151228212588655
2002-01-04,1.0,0.08154446804615892,0.4219986391575017
2002-01-07,1.0,0.08457193161397848,0.407132815937824
2002-01-08,1.0,0.09170380845413137,0.4366689097314888
2002-01-09,1.0,0.06344838674488891,0.287102861472496
2002-01-10,1.0,0.04989542590900931,0.2884098201351016
2002-01-11,1.0,0.0425523692757586,0.434497793633671
2002-01-14,1.0,0.053134027694253835,0.45636599827690505
2002-01-15,1.0,0.04767706759591066,0.44895716115011913
2002-01-16,1.0,0.04793575749455921,0.31689203163322693
2002-01-17,1.0,0.06326152235111965,0.4020528310742004
2002-01-18,1.0,0.06353510834753041,0.4734327498003635
2002-01-21,1.0,0.05942682353866655,0.4827649224301267
2002-01-22,1.0,0.05853650245257287,0.461385095695199
2002-01-23,1.0,0.07848512863544026,0.4577731277786948
2002-01-24,1.0,0.08473562767949515,0.5174942702963127
2002-01-25,1.0,0.07876190100351495,0.5088262239611947
2002-01-28,1.0,0.08344620401764634,0.5264484841190668
2002-01-29,1.0,0.07450070781600011,0.4077056836736136
2002-01-30,1.0,0.07563976344605189,0.4640917098775517
2002-01-31,1.0,0.08510724711064688,0.4563942599657023
2002-02-01,1.0,0.08405212645001159,0.33407364526803157
2002-02-04,1.0,0.07057836797598163,0.3857412181831468
2002-02-05,1.0,0.035977477564786496,0.2966185930917785
2002-02-06,1.0,0.03879974913948735,0.3010643169110337
2002-02-07,1.0,0.022004171867489274,0.3713152860756062
2002-02-08,1.0,0.026637923902037036,0.3305143891394239
2002-02-11,1.0,0.04101547038140933,0.38646362165533216
2002-02-12,1.0,0.03662335074006165,0.4161926609245818
2002-02-13,1.0,0.0293073329701696,0.41094427751132695
2002-02-14,1.0,0.031337155309040125,0.46340901578902327
2002-02-15,1.0,0.04336366688633236,0.4497708963532223
2002-02-18,1.0,0.04305627247993721,0.48221172920166816
2002-02-19,1.0,0.048448925469652425,0.42173797172818545
2002-02-20,1.0,0.05863461161372369,0.4665750806303542
2002-02-21,1.0,0.05676930693028979,0.4491657849341855
2002-02-22,1.0,0.060634668483202,0.49273989286068925
2002-02-25,1.0,0.07694838098521911,0.5081016600776475
2002-02-26,1.0,0.05996257626921255,0.3605985159352886
2002-02-27,1.0,0.06883562642019127,0.4279494439562883
2002-02-28,1.0,0.08249097470816409,0.4785371059763831
2002-03-01,1.0,0.07244155486415156,0.4086868538451279
2002-03-04,1.0,0.07587498006015922,0.4438635608409572
2002-03-05,1.0,0.09810513834828946,0.42284231064418004
2002-03-06,1.0,0.10210137738232662,0.49297360957829084
2002-03-07,1.0,0.11565102297867887,0.4827350181861665
2002-03-08,1.0,0.11956459412880514,0.5299593550041882
2002-03-11,1.0,0.11965415792067552,0.4917930558966584
2002-03-12,1.0,0.10948675365096894,0.4694922398000155
2002-03-13,1.0,0.09147557521582668,0.5400916231659442
2002-03-14,1.0,0.11164118011250011,0.5188836903772582
2002-03-15,1.0,0.11053586098389274,0.547229023922832
2002-03-18,1.0,0.08664387603469177,0.5066929456952967
2002-03-19,1.0,0.09074190422756102,0.5285799906584234
2002-03-20,1.0,0.08768078302361387,0.5399675531794355
2002-03-21,1.0,0.08183854626857703,0.5189953895285995
2002-03-22,1.0,0.07003347177218877,0.404158342959117
2002-03-25,1.0,0.06049641479150058,0.5220501472704846
2002-03-26,1.0,0.07558720009823501,0.5272640875949272
2002-03-27,1.0,0.059289219644469246,0.3518617777670509
2002-03-28,1.0,0.06801216055827007,0.45110715054452233
2002-03-29,1.0,0.07017065661679944,0.5464140598806558
2002-04-01,1.0,0.06106083106807935,0.4958986563096172
2002-04-02,1.0,0.04943608612872132,0.43613250544685295
2002-04-03,1.0,0.053727941844318186,0.44158046467799894
2002-04-04,1.0,0.05572697268864024,0.49146177428400034
2002-04-05,1.0,0.04687595355399036,0.48363318206841266
2002-04-08,1.0,0.047600961983856674,0.5024355955041796
2002-04-09,1.0,0.04710601037770893,0.5373697009499309
2002-04-10,1.0,0.032334626210362115,0.4505109620212312
2002-04-11,1.0,0.026576929036564934,0.5083993822064725
2002-04-12,1.0,0.03063625618266354,0.511967763531352
2002-04-15,1.0,0.042441492829853836,0.4875175029473903
2002-04-16,1.0,0.05798490237883952,0.4940014530813574
2002-04-17,1.0,0.046256629008143084,0.4084580685384938
2002-04-18,1.0,0.041447519240646644,0.4078034416582903
2002-04-19,1.0,0.044315142199085826,0.4819375504339676
2002-04-22,1.0,0.04912025164560948,0.47096803671640247
2002-04-23,1.0,0.04696151509393164,0.4672656310739425
2002-04-24,1.0,0.043757986146423455,0.507904696856892
2002-04-25,1.0,0.03293136452691758,0.4159966272089416
2002-04-26,1.0,0.039671501577505215,0.3952659920038547
2002-04-29,1.0,0.03800220780531297,0.4914300460599927
2002-04-30,1.0,0.015441838120530037,0.4891731495323649
2002-05-01,1.0,0.008064559836730495,0.46320695985965843
2002-05-02,1.0,0.007120923438667811,0.5264167204198293
2002-05-03,0.0,-0.026637923902037067,0.4142609138893132
2002-05-06,0.0,-0.03171771122070245,0.4943666777670588
2002-05-07,0.0,-0.021747043338773614,0.44546346442244883
2002-05-08,0.0,-0.015040335831808962,0.4521413532767503
2002-05-09,0.0,-0.015956053270737923,0.525722340316438
2002-05-10,0.0,-0.011966507608010315,0.5225885606926669
2002-05-13,0.0,-0.008723803307094541,0.5287061534748193
2002-05-14,0.0,-0.004234534014835635,0.4860123997860298
2002-05-15,1.0,0.016049132795107383,0.4813262198305493
2002-05-16,1.0,0.002578567101586145,0.5029823939868083
2002-05-17,1.0,0.011189375055009816,0.49046270587905094
2002-05-20,0.0,-0.005395125749107462,0.36824552835279006
2002-05-21,0.0,-0.0015827796909875732,0.4717533441753276
2002-05-22,0.0,-0.020013374458557213,0.43496793715931514
2002-05-23,0.0,-0.023245903019957253,0.3070279087151956
2002-05-24,0.0,-0.020804532873147978,0.48254154731020377
2002-05-27,0.0,-0.04306885718582286,0.5075138031760456
2002-05-28,0.0,-0.04671829501118273,0.35180429169311733
2002-05-29,0.0,-0.05371690918989804,0.4041956686784563
2002-05-30,0.0,-0.05696841587506956,0.43195747058613204
2002-05-31,0.0,-0.06157247557325795,0.3633169658741611
2002-06-03,0.0,-0.05714943730013536,0.41553397669291336
2002-06-04,0.0,-0.04715203736260802,0.4379645631769361
2002-06-05,0.0,-0.03610843579180874,0.4119786065702893
2002-06-06,0.0,-0.03818332727243296,0.3972715655699158
2002-06-07,0.0,-0.03518503354894566,0.4310326078315776
2002-06-10,0.0,-0.021543681308668912,0.39579035420761427
2002-06-11,0.0,-0.021726295391101418,0.4097225488984284
2002-06-12,0.0,-0.014513584939706142,0.4719459997813136
2002-06-13,1.0,0.0034515252338475477,0.4971808008295472
2002-06-14,1.0,0.002814260769245438,0.43232902239127413
2002-06-17,1.0,0.013791160439903567,0.5142682683772426
2002-06-18,0.0,-0.007212323518449036,0.4969954239534988
2002-06-19,0.0,-0.010023576483982196,0.4975270236342739
2002-06-20,0.0,-0.015241352581610277,0.4631629702911329
2002-06-21,0.0,-0.024319203184969603,0.49935294286803233
2002-06-24,0.0,-0.015627759839927473,0.46034087757864234
2002-06-25,0.0,-0.00937946535426081,0.4578359112037818
2002-06-26,1.0,0.0034396531723819624,0.4472799865806756
2002-06-27,1.0,0.015898090455085882,0.5067245051754701
2002-06-28,1.0,0.024192194595139098,0.4120675389191593
2002-07-01,1.0,0.0253773016928478,0.510496411782378
2002-07-02,1.0,0.04131396487139445,0.5385716931755649
2002-07-03,1.0,0.03505253080406998,0.5384109811162432
2002-07-04,1.0,0.029488503197191904,0.6111109611667662
2002-07-05,1.0,0.02660489459523818,0.6000970122276321
2002-07-08,1.0,0.033629819058902596,0.5304835977526314
2002-07-09,1.0,0.010985672315504645,0.4767806394895372
2002-07-10,1.0,0.020957914411281177,0.5418553523548707
2002-07-11,1.0,0.016140756272778414,0.5078711589574602
2002-07-12,1.0,0.01942721290098902,0.5623658610621958
2002-07-15,1.0,0.013425115777585362,0.497799503607338
2002-07-16,0.0,0.0,0.5266950069773539
2002-07-17,1.0,0.007527085875470201,0.5830207275784477
2002-07-18,0.0,-0.003465661943890661,0.6106077185119837
2002-07-19,0.0,-0.02247636369471782,0.42905755131986384
2002-07-22,0.0,-0.01622247399548762,0.5614492317623246
2002-07-23,1.0,0.0009572432128522918,0.5115813474492972
2002-07-24,1.0,0.010546598237121247,0.5855791951425854
2002-07-25,1.0,0.004505236904267514,0.6799615452616546
2002-07-26,1.0,0.02951884778961426,0.5002424808494857
2002-07-29,1.0,0.028028557946896352,0.6509156063757625
2002-07-30,1.0,0.026871153829938564,0.602701803306261
2002-07-31,1.0,0.027296576980352323,0.6024436537764345
2002-08-01,1.0,0.02271718656035617,0.5369528013423257
2002-08-02,1.0,0.020928001410522264,0.5827531941537001
2002-08-05,1.0,0.024047327405382478,0.6004843885151294
2002-08-06,1.0,0.03370023659786243,0.6053548545935045
2002-08-07,1.0,0.006348220017917889,0.4305690396771207
2002-08-08,1.0,0.022598033559860606,0.5906724698392568
2002-08-09,1.0,0.01639639444291335,0.5082472898926
2002-08-12,1.0,0.01359060109214041,0.581435450950188
2002-08-13,1.0,0.00663090525592894,0.6341792735938089
2002-08-14,1.0,0.020642206423941583,0.5748931073402721
2002-08-15,1.0,0.0201359642671148,0.5976677385466346
2002-08-16,1.0,0.023919315020753795,0.6616355426477484
2002-08-19,1.0,0.04774176288521523,0.5572104239297587
2002-08-20,1.0,0.04733491288180687,0.660313765176529
2002-08-21,1.0,0.03539910424148655,0.6861043202238143
2002-08-22,1.0,0.0358266366621076,0.6987596541602414
2002-08-23,1.0,0.043027669657858036,0.6962946148048779
2002-08-26,1.0,0.031177966727278135,0.645387473271859
2002-08-27,1.0,0.01963020134094373,0.6231567671255899
2002-08-28,1.0,0.024845998586530804,0.6467908718209431
2002-08-29,1.0,0.01331028999256472,0.6244627032525878
2002-08-30,1.0,0.026192724893036926,0.6703383920581933
2002-09-02,1.0,0.018718820673114096,0.6779960336702052
2002-09-03,1.0,0.013280827614078354,0.6231290825416537
2002-09-04,1.0,0.0066519092283059186,0.6271095486882506
2002-09-05,0.0,-0.004394921530230834,0.5631721706331556
2002-09-06,0.0,-0.006578971098042511,0.601957239477388
2002-09-09,0.0,-0.01064006282701168,0.589826788744118
2002-09-10,1.0,0.009397093426182451,0.644618690200204
2002-09-11,1.0,0.014067127872109233,0.6412497600907179
2002-09-12,1.0,0.017399848640139843,0.6526010968194002
2002-09-13,1.0,0.029235482867377125,0.6470014550850306
2002-09-16,1.0,0.02657705575024866,0.6555574222313131
2002-09-17,1.0,0.01682020655071317,0.6122940149473532
2002-09-18,1.0,0.013949389241509331,0.5877033160141015
2002-09-19,1.0,0.02413804940783009,0.6085234339275444
2002-09-20,1.0,0.03357556342389479,0.6069174381996598
2002-09-23,1.0,0.04061779733932288,0.6027188587118495
2002-09-24,1.0,0.03198341704836836,0.5759658936544135
2002-09-25,1.0,0.0631314028287837,0.6277154116933436
2002-09-26,1.0,0.07666011694939089,0.6223146452778651
2002-09-27,1.0,0.06298433699117269,0.6449951138813634
2002-09-30,1.0,0.06607304088799884,0.5738054036139058
2002-10-01,1.0,0.07861296027896313,0.6639224238419087
2002-10-02,1.0,0.06239840576167063,0.6421653874418148
2002-10-03,1.0,0.08346865629286646,0.6561631014400567
2002-10-04,1.0,0.08046035631777436,0.644096652215809
2002-10-07,1.0,0.06367561211122781,0.685686665327024
2002-10-08,1.0,0.08950891017715969,0.6590475442558804
2002-10-09,1.0,0.08386891402666315,0.6788089069906162
2002-10-10,1.0,0.08815479751834628,0.6536075030935928
2002-10-11,1.0,0.10338540144670719,0.7049291724800533
2002-10-14,1.0,0.09960408293453873,0.7040987585974695
2002-10-15,1.0,0.10208614464542333,0.5902743217172902
2002-10-16,1.0,0.11710812277756154,0.6739296684230764
2002-10-17,1.0,0.12452077903276888,0.6102720036435396
2002-10-18,1.0,0.12568947359577945,0.628650190724159
2002-10-21,1.0,0.13057426873477884,0.6467878999794017
2002-10-22,1.0,0.11541995544688735,0.6329808916358319
2002-10-23,1.0,0.11723080042577509,0.6731302051437407
2002-10-24,1.0,0.13711472895800128,0.6456919910345806
2002-10-25,1.0,0.1275593177107718,0.6598823114005834
2002-10-28,1.0,0.1195942321563272,0.6634715996887336
2002-10-29,1.0,0.12140594266703426,0.6327465697647079
2002-10-30,1.0,0.13532933239382908,0.6826422972106336
2002-10-31,1.0,0.13327565575669234,0.6356343845217411
2002-11-01,1.0,0.1412226148837875,0.6025326108400075
2002-11-04,1.0,0.1487771634406117,0.6320005981179975
2002-11-05,1.0,0.15020901134192577,0.6636404532414483
2002-11-06,1.0,0.13997374236843502,0.6521939471434799
2002-11-07,1.0,0.14285163021924085,0.6097016312820022
2002-11-08,1.0,0.13533741123385357,0.6235952779277091
2002-11-11,1.0,0.14256197793990658,0.6062367739073321
2002-11-12,1.0,0.16132388685444402,0.5477342185368169
2002-11-13,1.0,0.15256037363819827,0.5079218458850265
2002-11-14,1.0,0.15080089420595943,0.6253557454658613
2002-11-15,1.0,0.14278883115764288,0.6170341463618375
2002-11-18,1.0,0.12608399572868623,0.6490545301677837
2002-11-19,1.0,0.13178979226589682,0.6696837163116268
2002-11-20,1.0,0.1041800173505055,0.6687571596306732
2002-11-21,1.0,0.11552433476177043,0.6947228042769888
2002-11-22,1.0,0.09075507440511303,0.5837609892974726
2002-11-25,1.0,0.0826143808586023,0.6493198695836863
2002-11-26,1.0,0.0761812550140505,0.6917840482200668
2002-11-27,1.0,0.09824767072188965,0.6988038914022537
2002-11-28,1.0,0.10276157739637176,0.6795861226056967
2002-11-29,1.0,0.09925990795940566,0.7114973983085732
2002-12-02,1.0,0.11825484505414252,0.6727736355271958
2002-12-03,1.0,0.09254294491681221,0.6044008988982421
2002-12-04,1.0,0.09526784967161374,0.5905203406332434
2002-12-05,1.0,0.062100235980308185,0.5728663901208088
2002-12-06,1.0,0.0701263284986454,0.5432090497643074
2002-12-09,1.0,0.06831779704970277,0.611027562493136
2002-12-10,1.0,0.0900312655570423,0.5994807380457037
2002-12-11,1.0,0.08466138072370989,0.6159649451885973
2002-12-12,1.0,0.0727593542824283,0.5403835852243809
2002-12-13,1.0,0.05148087997402431,0.6011636382892345
2002-12-16,1.0,0.05152347730973663,0.5950347945170285
2002-12-17,1.0,0.040447759692445996,0.5715545800793989
2002-12-18,1.0,0.007256925896787216,0.48825294768689803
2002-12-19,0.0,-0.032949002037415694,0.46238312380345925
2002-12-20,0.0,-0.01299678610502718,0.4970175045834332
2002-12-23,0.0,-0.026679975934551754,0.5290752239490178
2002-12-24,0.0,-0.025425098365810056,0.5467694323612418
2002-12-25,0.0,-0.021755966131518187,0.5779163583306061
2002-12-26,0.0,-0.05104495655652104,0.479498354418341
2002-12-27,0.0,-0.06873725429785987,0.523815202754296
2002-12-30,0.0,-0.041592212008305526,0.49830785460222377
2002-12-31,0.0,-0.05765711427079866,0.4622219262209855
2003-01-01,0.0,-0.052496204212240764,0.6049907318570571
2003-01-02,0.0,-0.049765932664481934,0.5170429711257837
2003-01-03,0.0,-0.05681516105602148,0.3894910766422373
2003-01-06,0.0,-0.04008086945854002,0.4424501716526364
2003-01-07,0.0,-0.03606371468017656,0.46033928226026205
2003-01-08,0.0,-0.06931004096416957,0.3523021503317071
2003-01-09,0.0,-0.08116547334030869,0.44056004042124947
2003-01-10,0.0,-0.08589725635728088,0.444194229471806
2003-01-13,0.0,-0.09304226974583127,0.47590732024051247
2003-01-14,0.0,-0.08490484791145485,0.4949959907875028
2003-01-15,0.0,-0.07057236892383165,0.47221845985097344
2003-01-16,0.0,-0.09041241586419461,0.3620489415594988
2003-01-17,0.0,-0.08330844668342607,0.4915382144266481
2003-01-20,0.0,-0.09086469964342173,0.5190095715906062
2003-01-21,0.0,-0.0961630940962024,0.4299298489011516
2003-01-22,0.0,-0.10295296367949427,0.41091091702159244
2003-01-23,0.0,-0.10412178451050813,0.4092277028659755
2003-01-24,0.0,-0.12201805997219137,0.38296821450167773
2003-01-27,0.0,-0.10276383284758447,0.4028620968631753
2003-01-28,0.0,-0.10348159285485785,0.42010866954934334
2003-01-29,0.0,-0.09962333474680418,0.42174025943040877
2003-01-30,0.0,-0.10196111289488119,0.3787631080762382
2003-01-31,0.0,-0.09959750475590771,0.4594903150915964
2003-02-03,0.0,-0.10564503411226465,0.443722386686839
2003-02-04,0.0,-0.13156611193956877,0.3123174970607949
2003-02-05,0.0,-0.09354979340860999,0.2564777646237966
2003-02-06,0.0,-0.07955865603941653,0.3873027809441458
2003-02-07,0.0,-0.08109126262424728,0.40269204632277816
2003-02-10,0.0,-0.05651702647277675,0.3852597272296843
2003-02-11,0.0,-0.0554560053450969,0.4573094233194854
2003-02-12,0.0,-0.030802665525916335,0.3421809103823826
2003-02-13,0.0,-0.022405928807292932,0.3702157117096031
2003-02-14,0.0,-0.00857025671276263,0.4111581793665176
2003-02-17,1.0,0.01636087011055205,0.4243344432702976
2003-02-18,1.0,0.01817182971482075,0.4730053504119366
2003-02-19,1.0,0.008548278296746637,0.38904598678053137
2003-02-20,0.0,-0.0008520307246490256,0.4546944383632806
2003-02-21,1.0,0.00963043840194536,0.4857145679869785
2003-02-24,1.0,0.02348174189471667,0.3885127601316268
2003-02-25,1.0,0.04474211096005005,0.40938754138213257
2003-02-26,1.0,0.04739831934721312,0.46915556506486294
2003-02-27,1.0,0.060650163621986594,0.4206451439061347
2003-02-28,1.0,0.052328620518480966,0.47374948204230566
2003-03-03,1.0,0.0592333260428877,0.5168344086263822
2003-03-04,1.0,0.03331328176048724,0.4755852759541641
2003-03-05,1.0,0.03200941245184497,0.5364681981807992
2003-03-06,1.0,0.035841189828628925,0.5437737486100486
2003-03-07,1.0,0.0383156488456515,0.5014798275987947
2003-03-10,1.0,0.03165612102901244,0.5816992648226813
2003-03-11,1.0,0.04079347564788953,0.5954865768506336
2003-03-12,1.0,0.04390963067108148,0.6440859182840277
2003-03-13,1.0,0.09793055915404192,0.44599790248106425
2003-03-14,1.0,0.07831453401408749,0.5235599110702591
2003-03-17,1.0,0.07248303485541463,0.48970412780198586
2003-03-18,1.0,0.04145521119323558,0.5760055137240321
2003-03-19,1.0,0.055497551545197206,0.571359780324841
2003-03-20,1.0,0.06185433502360833,0.5784113683317791
2003-03-21,1.0,0.08970416488483576,0.4841638389334589
2003-03-24,1.0,0.08570864296150203,0.5281579407037298
2003-03-25,1.0,0.10067752371876813,0.5217984101782916
2003-03-26,1.0,0.07886575026355329,0.5866127353073936
2003-03-27,1.0,0.0930296771055998,0.5128165811127535
2003-03-28,1.0,0.07411658185858108,0.5471565103995688
2003-03-31,1.0,0.04505070574388126,0.5077073269741695
2003-04-01,1.0,0.034766977952110374,0.5585347186194148
2003-04-02,1.0,0.05153572597757384,0.5217829093066001
2003-04-03,1.0,0.05648349145175851,0.5297524227486036
2003-04-04,1.0,0.058752732606530376,0.5702822490535254
2003-04-07,1.0,0.06978706668410554,0.5381676409315336
2003-04-08,1.0,0.08319568925581852,0.5496358216885469
2003-04-09,1.0,0.07270836119198092,0.5027924576167389
2003-04-10,1.0,0.07263040625636327,0.5631856134004372
2003-04-11,1.0,0.06719274590741128,0.5231579270443206
2003-04-14,1.0,0.06955707533337507,0.5903200763444767
2003-04-15,1.0,0.058277617698846894,0.57251811247278
2003-04-16,1.0,0.05396242017057449,0.5780979442038894
2003-04-17,1.0,0.05442913361905613,0.6109954288751961
2003-04-18,1.0,0.05737996383872445,0.6294746192256317
2003-04-21,1.0,0.04039618059450382,0.483284210553765
2003-04-22,1.0,0.02725690884187539,0.5829737374747594
2003-04-23,1.0,0.036459284176653055,0.5990111616623108
2003-04-24,1.0,0.03033212510899409,0.588522143030697
2003-04-25,1.0,0.041152022575634994,0.6361692086445149
2003-04-28,1.0,0.05222890569062058,0.5770051822716851
2003-04-29,1.0,0.0481845030005178,0.6136003189809873
2003-04-30,1.0,0.06045954438171065,0.5179169462572293
2003-05-01,1.0,0.056597417691230785,0.5369731574464108
2003-05-02,1.0,0.061978052797635366,0.5380084619726184
2003-05-05,1.0,0.06476676389756048,0.5532493606484002
2003-05-06,1.0,0.049861623703372535,0.4916082311862679
2003-05-07,1.0,0.04095646874087272,0.45295000104432204
2003-05-08,1.0,0.016216571589245506,0.36228395900236277
2003-05-09,0.0,-0.006909484808373384,0.46750482031275975
2003-05-12,0.0,-0.005137730724817573,0.41458902811500925
2003-05-13,1.0,0.0062687197732363325,0.43850530320255987
2003-05-14,0.0,-0.0019880722253861915,0.36110994724195333
2003-05-15,1.0,0.002553917392698744,0.4146505583926927
2003-05-16,1.0,0.005621940316793748,0.37098201243821455
2003-05-19,0.0,-0.012086399019140248,0.3687891205028088
2003-05-20,0.0,-0.02615787907372672,0.46816578803159425
2003-05-21,0.0,-0.024107398314621678,0.427453016801232
2003-05-22,0.0,-0.003001366509554327,0.47816699601867085
2003-05-23,0.0,-0.01365208916832732,0.4729650882175817
2003-05-26,0.0,-0.03293834201936994,0.5247364100906616
2003-05-27,0.0,-0.011533836496447299,0.44769356330000837
2003-05-28,1.0,0.0032818298291822584,0.458115013427873
2003-05-29,0.0,-0.023288723757508928,0.40423820209958533
2003-05-30,0.0,-0.004124284097372269,0.4541018465237778
2003-06-02,0.0,-0.012653173903397118,0.46910188922640295
2003-06-03,0.0,-0.0021926828025869457,0.5239350623983805
2003-06-04,1.0,0.030745655783787556,0.5024593254020095
2003-06-05,1.0,0.002437704349079483,0.35298945515142405
2003-06-06,1.0,0.03192479964631857,0.41540005840911487
2003-06-09,1.0,0.0371618568198841,0.4546251050354413
2003-06-10,1.0,0.054702215445931075,0.40513962241109885
2003-06-11,1.0,0.049907546266400475,0.43082890243886157
2003-06-12,1.0,0.05477428486474784,0.4789857798165194
2003-06-13,1.0,0.05641823000683036,0.4117721314822938
2003-06-16,1.0,0.04385234199276069,0.42403908585224726
2003-06-17,1.0,0.051754176193285005,0.38646705794990505
2003-06-18,1.0,0.06263906895654371,0.41150505521891334
2003-06-19,1.0,0.05071889394545553,0.3781346249793467
2003-06-20,1.0,0.048792829063056105,0.42597931980085124
2003-06-23,1.0,0.05792142138511717,0.4615796025958483
2003-06-24,1.0,0.07350019151291293,0.41218026794339924
2003-06-25,1.0,0.08110498369960026,0.48289061199204536
2003-06-26,1.0,0.08944195263616786,0.4546590297775867
2003-06-27,1.0,0.10075906904499174,0.45581249013305486
2003-06-30,1.0,0.11108888089532255,0.471044195549376
2003-07-01,1.0,0.09252005373641836,0.38542330796621666
2003-07-02,1.0,0.10098395389023275,0.47611891938774004
2003-07-03,1.0,0.09293852961897296,0.48738472341551226
2003-07-04,1.0,0.08204681512049947,0.5217325794541909
2003-07-07,1.0,0.09315423214925667,0.46012020019612954
2003-07-08,1.0,0.1122030701847976,0.44094454751380185
2003-07-09,1.0,0.11035455491577158,0.4994992606086541
2003-07-10,1.0,0.10279535262432865,0.4793981514882881
2003-07-11,1.0,0.0681620900216229,0.5318910500929099
2003-07-14,1.0,0.0712554026511439,0.5141450382950394
2003-07-15,1.0,0.0955359988976247,0.47466704863374526
2003-07-16,1.0,0.08825980903648636,0.5374529202188776
2003-07-17,1.0,0.07081861497006423,0.544586953477817
2003-07-18,1.0,0.07166747728307021,0.5132466484088076
2003-07-21,1.0,0.06333844098820866,0.45792435603492365
2003-07-22,1.0,0.06751875153100094,0.5331568575702076
2003-07-23,1.0,0.03631302608780706,0.4345075678482265
2003-07-24,1.0,0.027275657876012698,0.46556551565489784
2003-07-25,1.0,0.024238659407005297,0.5161880836612052
2003-07-28,1.0,0.022208089415592082,0.4761315162872934
2003-07-29,1.0,0.05091323046313434,0.5489657458720919
2003-07-30,1.0,0.07953529895573239,0.5640905168590512
2003-07-31,1.0,0.08100825716244023,0.6126383558228528
2003-08-01,1.0,0.11554965453121688,0.5832892241330061
2003-08-04,1.0,0.10451597541682016,0.6645665740836633
2003-08-05,1.0,0.08387005659399024,0.6224062813263571
2003-08-06,1.0,0.09421117203297823,0.6404586860536452
2003-08-07,1.0,0.08342695295846593,0.6195360702917229
2003-08-08,1.0,0.07425812606175936,0.5754575891039293
2003-08-11,1.0,0.040086612959566864,0.5422511674120536
2003-08-12,1.0,0.05719716016389605,0.5933134804702209
2003-08-13,1.0,0.050141542321390994,0.4659610160085641
2003-08-14,1.0,0.037542953068557795,0.4624217963273347
2003-08-15,1.0,0.051698710477127645,0.536254804986627
2003-08-18,1.0,0.07419766495593465,0.5476602353165095
2003-08-19,1.0,0.0690941415051285,0.4899176328011739
2003-08-20,1.0,0.07316164446838155,0.4950536403681553
2003-08-21,1.0,0.08981409850043108,0.5215524715166012
2003-08-22,1.0,0.09105562861664285,0.505406754095594
2003-08-25,1.0,0.07926518962097857,0.57632525413564
2003-08-26,1.0,0.08994528627083231,0.48921437521569755
2003-08-27,1.0,0.05864108216900586,0.45307547342219834
2003-08-28,1.0,0.06493577753798957,0.6054587849128584
2003-08-29,1.0,0.053148847778267956,0.5122024727070282
2003-09-01,1.0,0.041542810425598,0.5582910377834556
2003-09-02,1.0,0.050587305217012574,0.49713134171610057
2003-09-03,1.0,0.059199632302087205,0.5240371443609069
2003-09-04,1.0,0.05700215860787069,0.5115880029360522
2003-09-05,1.0,0.05365567997257641,0.46357405493425713
2003-09-08,1.0,0.06948131535892121,0.5638142805048375
2003-09-09,1.0,0.05243598374938822,0.5080489072087724
2003-09-10,1.0,0.06191482993521288,0.5895133915444977
2003-09-11,1.0,0.057750110382638206,0.5502649198302122
2003-09-12,1.0,0.07962238668564244,0.5548059894518713
2003-09-15,1.0,0.08380926778073323,0.560366900210022
2003-09-16,1.0,0.08963129543127481,0.5408554573707588
2003-09-17,1.0,0.07341572388396135,0.52234685361434
2003-09-18,1.0,0.07324404121445788,0.5172663826918246
2003-09-19,1.0,0.06832047927359312,0.43887771941061166
2003-09-22,1.0,0.056864160040336544,0.4411998233228322
2003-09-23,1.0,0.056833474763166004,0.5285709506296848
2003-09-24,1.0,0.059163745409399796,0.49414449813176997
2003-09-25,1.0,0.06383274469337515,0.4340176892191359
2003-09-26,1.0,0.07216493900365997,0.4811684013426892
2003-09-29,1.0,0.07020425867324856,0.485108343038477
2003-09-30,1.0,0.06383274469337515,0.43724515306432327
2003-10-01,1.0,0.06855092849040394,0.5072679789108389
2003-10-02,1.0,0.07568325269759343,0.4784812231480604
2003-10-03,1.0,0.10934391220881251,0.32886534667755984
2003-10-06,1.0,0.10582159717019293,0.5379991148324725
2003-10-07,1.0,0.10050080499852238,0.5169964971171924
2003-10-08,1.0,0.10176979959741908,0.5579932316835047
2003-10-09,1.0,0.1166864866712212,0.49207782541289724
2003-10-10,1.0,0.10861215939717316,0.5307237756457027
2003-10-13,1.0,0.12264850566176602,0.5093560105499053
2003-10-14,1.0,0.11824188365993432,0.5429071073844108
2003-10-15,1.0,0.12011901600727407,0.5568808105959304
2003-10-16,1.0,0.1314978451353328,0.5508695766939972
2003-10-17,1.0,0.13737841626509348,0.5129102993066262
2003-10-20,1.0,0.12827789570226603,0.5522063097646558
2003-10-21,1.0,0.1079441744784724,0.45916625808044764
2003-10-22,1.0,0.08468696366802393,0.46729775957224695
2003-10-23,1.0,0.062128332041318825,0.5090238713274565
2003-10-24,1.0,0.04577688444389604,0.4196813076168525
2003-10-27,1.0,0.0485507821421962,0.5273506434667384
2003-10-28,1.0,0.0754410633043052,0.5334113597817017
2003-10-29,1.0,0.06036585612732123,0.47579623102266566
2003-10-30,1.0,0.06510054541715188,0.48039637569907134
2003-10-31,1.0,0.06016985119596573,0.5018798699731861
2003-11-03,1.0,0.07022225840775305,0.5451785768560401
2003-11-04,1.0,0.0780241136129435,0.5850985262370392
2003-11-05,1.0,0.07329286546547306,0.5776850457932692
2003-11-06,1.0,0.04979856024760408,0.6016537349033028
2003-11-07,1.0,0.04940533657691294,0.5305036908830069
2003-11-10,1.0,0.03162318843051236,0.5388571380831019
2003-11-11,1.0,0.029712698732069824,0.5649394520729863
2003-11-12,1.0,0.016859986690003794,0.4788251871999864
2003-11-13,1.0,0.005811032016710961,0.5358037291437581
2003-11-14,1.0,0.014483959035490932,0.5311651348706357
2003-11-17,1.0,0.03936331705152668,0.4224589353528008
2003-11-18,1.0,0.018880203100159528,0.47065231294009674
2003-11-19,1.0,0.039945772248162155,0.5371635647136049
2003-11-20,1.0,0.0431668158461592,0.5558758482255148
2003-11-21,1.0,0.0349824805384701,0.5662730534248288
2003-11-24,1.0,0.05023904518681617,0.5736195742334079
2003-11-25,1.0,0.06025620214467231,0.605501354704206
2003-11-26,1.0,0.035417272846497025,0.4753672504445119
2003-11-27,1.0,0.0365899019311606,0.6094967695880056
2003-11-28,0.0,-0.0015081063559612901,0.5883222789963324
2003-12-01,0.0,-0.008989946923988168,0.5129616129953039
2003-12-02,1.0,0.0014868048829870743,0.5373937440575971
2003-12-03,0.0,-0.02172912664745577,0.5449055989343273
2003-12-04,0.0,-0.019303682888341455,0.5371126758415657
2003-12-05,0.0,-0.02542192978796296,0.4823324056792301
2003-12-08,0.0,-0.017859832278675304,0.5119342983782627
2003-12-09,0.0,-0.03794290161080897,0.5111525462622944
2003-12-10,0.0,-0.03029776061531471,0.5232475749770179
2003-12-11,0.0,-0.02982677245523331,0.5378057166818273
2003-12-12,0.0,-0.018763666163760746,0.5230014090352055
2003-12-15,0.0,-0.020464224993246145,0.47939519806919906
2003-12-16,0.0,-0.011111225425070722,0.560653666964959
2003-12-17,0.0,-0.030517933737297137,0.4949696210072556
2003-12-18,0.0,-0.01924672584289704,0.5109671179589769
2003-12-19,0.0,-0.03505205973287588,0.5196667035283877
2003-12-22,0.0,-0.0261154021074863,0.5087246969538869
2003-12-23,0.0,-0.020910971044884874,0.5285881584019723
2003-12-24,0.0,-0.011471934452741774,0.5267285530123049
2003-12-25,0.0,-0.0038820866417866432,0.5270057731361648
2003-12-26,1.0,0.00024254183965612624,0.45286674116909104
2003-12-29,1.0,0.006419602970579361,0.4357240592629498
2003-12-30,1.0,0.008373254662996606,0.44854422424980583
2003-12-31,1.0,0.0002406738880450045,0.45114414134366676
2004-01-01,1.0,0.0009614229799570056,0.4631849655331654
2004-01-02,1.0,0.015509735858809093,0.4460057633203513
2004-01-05,0.0,-0.013785126197027812,0.3605195596575701
2004-01-06,0.0,-0.003557878515920534,0.3909940436190881
2004-01-07,1.0,0.0139317483566722,0.42678012247415176
2004-01-08,1.0,0.004754180622532436,0.3679783217836696
2004-01-09,0.0,-0.013529833439573412,0.37192122945967476
2004-01-12,0.0,-0.020950653206879666,0.4226292475367375
2004-01-13,0.0,-0.01114283696144015,0.441088598574663
2004-01-14,1.0,0.007354718798873837,0.4414265671384596
2004-01-15,1.0,0.026952037350832,0.46388255558406416
2004-01-16,1.0,0.0321750057117091,0.5322447994611171
2004-01-19,1.0,0.02760800116828633,0.5630773465280532
2004-01-20,0.0,-0.015131466250653494,0.46658956640094834
2004-01-21,0.0,-0.02465912149367201,0.5111800242331693
2004-01-22,0.0,-0.02473231045905927,0.502640244306272
2004-01-23,0.0,-0.018624630953545253,0.4984357115393728
2004-01-26,0.0,-0.0074525248665230845,0.4949085030068423
2004-01-27,0.0,-0.03850450813213062,0.43679829998971564
2004-01-28,0.0,-0.05073551804139854,0.4786396813405952
2004-01-29,0.0,-0.01615584805121405,0.4478996878411671
2004-01-30,0.0,-0.01855852637100052,0.5500682122390418
2004-02-02,0.0,-0.0050333565432101384,0.5561328797197334
2004-02-03,0.0,-0.002254509972973636,0.6328995369160636
2004-02-04,0.0,-0.038407569109654184,0.6660986934761072
2004-02-05,0.0,-0.023191661234241667,0.6720402647404203
2004-02-06,0.0,-0.04202618192980797,0.543169426102186
2004-02-09,0.0,-0.04938653126641464,0.6002866917026466
2004-02-10,0.0,-0.03429622737833032,0.6361076748583132
2004-02-11,0.0,-0.044512569478517214,0.5535081258457644
2004-02-12,0.0,-0.06029840333060966,0.5689195222064098
2004-02-13,0.0,-0.07964658962517991,0.5260934508607135
2004-02-16,0.0,-0.08329711692085608,0.5894296327897898
2004-02-17,0.0,-0.09510565253230643,0.5636451140981568
2004-02-18,0.0,-0.08323350075633222,0.610686867892992
2004-02-19,0.0,-0.08958243207167077,0.6453229375991086
2004-02-20,0.0,-0.05400433807578881,0.6413895955137842
2004-02-23,0.0,-0.05015193380155991,0.7482986815404796
2004-02-24,0.0,-0.06840053558866561,0.7073082827523459
2004-02-25,0.0,-0.03494254014241366,0.7253938495278298
2004-02-26,0.0,-0.039762563509499624,0.7395606366735381
2004-02-27,0.0,-0.030239331616109807,0.7303096640391286
2004-03-01,0.0,-0.03566802754150218,0.7168510826252257
2004-03-02,0.0,-0.011257634563536864,0.7288033743250625
2004-03-03,0.0,-0.011763337281807678,0.742828203173385
2004-03-04,1.0,0.00431582289598593,0.7544220675545585
2004-03-05,0.0,-0.019884873668974054,0.6599999119546709
2004-03-08,0.0,-0.014805791163287596,0.7344893878731348
2004-03-09,0.0,-0.020316725902672424,0.7023536098750774
2004-03-10,0.0,-0.021726255616108425,0.716562632564685
2004-03-11,0.0,-0.03683103620882399,0.7034723250025635
2004-03-12,0.0,-0.013499950313074365,0.7536735122991728
2004-03-15,0.0,-0.014447511235091125,0.7522969697412774
2004-03-16,0.0,-0.02747148562164538,0.7441613187448508
2004-03-17,0.0,-0.05733893685170721,0.7105927995997643
2004-03-18,0.0,-0.06347753886011462,0.6908952690119847
2004-03-19,0.0,-0.06979868377630159,0.7087987544277584
2004-03-22,0.0,-0.08421557213663908,0.6670476025319119
2004-03-23,0.0,-0.07595142589471103,0.6935017965752335
2004-03-24,0.0,-0.07726911409409179,0.7187755299167637
2004-03-25,0.0,-0.0680152285574536,0.7222218658002142
2004-03-26,0.0,-0.06732840822991566,0.629887446939672
2004-03-29,0.0,-0.05915239029811189,0.708237123518956
2004-03-30,0.0,-0.06351730104715711,0.6824399022875035
2004-03-31,0.0,-0.07471242800399697,0.6371532309181104
2004-04-01,0.0,-0.05737942357908985,0.6564167832560613
2004-04-02,0.0,-0.04646907536235129,0.655946160046723
2004-04-05,0.0,-0.036181429325627894,0.6979563475903658
2004-04-06,0.0,-0.06628041164803894,0.705668311467763
2004-04-07,0.0,-0.07050514952736214,0.6656295174714997
2004-04-08,0.0,-0.05908581115443477,0.6669614698592211
2004-04-09,0.0,-0.05404738255899791,0.6791037328362832
2004-04-12,0.0,-0.049955299860282874,0.6436636793114605
2004-04-13,0.0,-0.034779587477053606,0.6387812481342756
2004-04-14,1.0,0.0047322628786169,0.702783778579291
2004-04-15,1.0,0.021306392511411254,0.7362318360779393
2004-04-16,1.0,0.01757036044779387,0.7192637764203
2004-04-19,1.0,0.017058510061875504,0.7138826123874319
2004-04-20,1.0,0.01707511667623135,0.7369639552674281
2004-04-21,1.0,0.03872262535624417,0.7169638950209765
2004-04-22,1.0,0.02785625536727268,0.680500177514286
2004-04-23,1.0,0.028940525444041916,0.7012425173145305
2004-04-26,1.0,0.023193059557909075,0.689547035628135
2004-04-27,1.0,0.003504822714000781,0.6619676550126323
2004-04-28,1.0,0.02837613702651038,0.5814381556633366
2004-04-29,1.0,0.018393672231861682,0.5983398375063743
2004-04-30,1.0,0.008752791109594708,0.68688137497183
2004-05-03,1.0,0.00463858582005044,0.710546181390599
2004-05-04,0.0,-0.013848150523905594,0.667864252401736
2004-05-05,0.0,-0.013826875001506611,0.6949885686728748
2004-05-06,0.0,-0.0005159293291277117,0.7167532567568884
2004-05-07,1.0,0.031959072224041554,0.6289416939991692
2004-05-10,1.0,0.03476806283509655,0.6740288345154641
2004-05-11,1.0,0.0419805133329296,0.7062988232613531
2004-05-12,1.0,0.03513053197507077,0.6700611079675871
2004-05-13,1.0,0.046901913672759504,0.6661996690681322
2004-05-14,1.0,0.05952297744235994,0.6308305990479421
2004-05-17,1.0,0.05415744672987952,0.6106419736592665
2004-05-18,1.0,0.0554408526488646,0.6626797267215595
2004-05-19,1.0,0.033426431197551267,0.5881409414396477
2004-05-20,1.0,0.036466414480600104,0.6431987063346932
2004-05-21,1.0,0.037282499959148806,0.5808769456651574
2004-05-24,1.0,0.042402899593522815,0.6570345723881963
2004-05-25,1.0,0.04133132060027165,0.615354678127381
2004-05-26,1.0,0.039838874760404756,0.6298869423217797
2004-05-27,1.0,0.02970021147703278,0.5792533776761959
2004-05-28,1.0,0.04814228202498575,0.6466126821702672
2004-05-31,1.0,0.03575799957478128,0.6603516406730615
2004-06-01,1.0,0.02130940497661965,0.6487860004765078
2004-06-02,1.0,0.03759370145689978,0.6516750498903315
2004-06-03,1.0,0.04579992778819012,0.6731693349661861
2004-06-04,1.0,0.033538191228811125,0.6250822447014228
2004-06-07,1.0,0.03567352577540904,0.6538755167499101
2004-06-08,1.0,0.0461889388481926,0.6669584307126614
2004-06-09,1.0,0.061014510703042646,0.656669994555237
2004-06-10,1.0,0.05124796244438915,0.6779649063311115
2004-06-11,1.0,0.042012288309870756,0.7076564847785324
2004-06-14,1.0,0.048349322340684425,0.7169028352358068
2004-06-15,1.0,0.022115797154957092,0.6686378332764106
2004-06-16,1.0,0.03825533416708429,0.6870726616482041
2004-06-17,1.0,0.025565283017089786,0.6708880199401224
2004-06-18,1.0,0.019810076113493676,0.6294525025855946
2004-06-21,1.0,0.025320981776384227,0.6883174023191927
2004-06-22,1.0,0.02616439218171024,0.6972108449029544
2004-06-23,1.0,0.023474670145612664,0.6847231893309451
2004-06-24,1.0,0.005876025683891638,0.6513318981772264
2004-06-25,1.0,0.01015866020660281,0.7158539449870769
2004-06-28,1.0,0.010348385625031126,0.6799707424238618
2004-06-29,1.0,0.041662298606979696,0.6910097676592513
2004-06-30,1.0,0.03268754091350313,0.7025177228834
2004-07-01,1.0,0.03518624195558908,0.7154200876740273
2004-07-02,1.0,0.024524051655960916,0.676689673409813
2004-07-05,1.0,0.025730152337201988,0.6645412198411544
2004-07-06,1.0,0.048456684303977676,0.5441008841334639
2004-07-07,1.0,0.025755654716983226,0.434130373231337
2004-07-08,1.0,0.02493472199212407,0.5261345834559501
2004-07-09,1.0,0.028583046534320367,0.5877504208018628
2004-07-12,1.0,0.014842121604899915,0.5697845945276785
2004-07-13,1.0,0.04169302051945472,0.5290677493424939
2004-07-14,1.0,0.030196748578740978,0.5203596964181767
2004-07-15,1.0,0.033105128522458505,0.5614374884411926
2004-07-16,1.0,0.03889908457475576,0.537584125663112
2004-07-19,1.0,0.03963307158865505,0.5621790218187868
2004-07-20,1.0,0.037041271680349076,0.5413663369786428
2004-07-21,1.0,0.04797968188813515,0.5175780277448739
2004-07-22,1.0,0.05587082830676077,0.561285803610494
2004-07-23,1.0,0.07086219843361158,0.5344113312683043
2004-07-26,1.0,0.06783524064187062,0.5569328368553519
2004-07-27,1.0,0.08082702533259434,0.49073969611566587
2004-07-28,1.0,0.0894213450753303,0.520248242382986
2004-07-29,1.0,0.08929878596713949,0.5030727089018704
2004-07-30,1.0,0.08144033194017448,0.45165460847597144
2004-08-02,1.0,0.08852962545645238,0.47102641354623204
2004-08-03,1.0,0.07995485865665693,0.4293237134801559
2004-08-04,1.0,0.07995432030108827,0.45784969964967875
2004-08-05,1.0,0.07713072679385523,0.4596004527243148
2004-08-06,1.0,0.06956806563082811,0.37457738599197793
2004-08-09,1.0,0.06598188872514017,0.45242600445526227
2004-08-10,1.0,0.05585455542018019,0.464346611058489
2004-08-11,1.0,0.07640830649088927,0.44651655426734466
2004-08-12,1.0,0.08702195894422263,0.4458897980873661
2004-08-13,1.0,0.08317103406887967,0.4145037674186329
2004-08-16,1.0,0.07123605493240055,0.40892282249160017
2004-08-17,1.0,0.07168028295902232,0.41486140318329123
2004-08-18,1.0,0.07153567462962043,0.4202623112394487
2004-08-19,1.0,0.0671172663499947,0.4057982580087241
2004-08-20,1.0,0.059034303167996016,0.4223411637453565
2004-08-23,1.0,0.06332574797197925,0.494368707731147
2004-08-24,1.0,0.08621524387962315,0.48425297134817086
2004-08-25,1.0,0.0895805331918024,0.4479771185950687
2004-08-26,1.0,0.08574997420419485,0.45283264055030853
2004-08-27,1.0,0.1031137281760088,0.4628953152846158
2004-08-30,1.0,0.09549953260814739,0.4575425965251608
2004-08-31,1.0,0.08687920608228747,0.4623008313796919
2004-09-01,1.0,0.09489874182279552,0.4596934532323529
2004-09-02,1.0,0.10578124662872426,0.4709893281364913
2004-09-03,1.0,0.11948544643148631,0.455734967964495
2004-09-06,1.0,0.12016774707177634,0.48262266272802856
2004-09-07,1.0,0.12553280139382086,0.4852599055420184
2004-09-08,1.0,0.12915865332620372,0.4744130057474564
2004-09-09,1.0,0.11874342990937843,0.519988940435066
2004-09-10,1.0,0.12395746516231199,0.4868641838516929
2004-09-13,1.0,0.11294401634968686,0.48399902276866363
2004-09-14,1.0,0.10632201863490025,0.49139082930199074
2004-09-15,1.0,0.08388006546150863,0.5164871127762888
2004-09-16,1.0,0.07791827938490527,0.5173590810040937
2004-09-17,1.0,0.06801453860311753,0.4977476907526582
2004-09-20,1.0,0.08014715276162643,0.5275132707219862
2004-09-21,1.0,0.062398174807561206,0.4248502414191276
2004-09-22,1.0,0.07846466761159195,0.46342615851244956
2004-09-23,1.0,0.06391657369037297,0.4443377144013907
2004-09-24,1.0,0.07932759913619541,0.47999917826313915
2004-09-27,1.0,0.08073709529956245,0.47953851558760285
2004-09-28,1.0,0.06877453352317724,0.4419512988284697
2004-09-29,1.0,0.0627661559300385,0.46034723799385857
2004-09-30,1.0,0.055773381272317034,0.49500937569767905
2004-10-01,1.0,0.05378738041381802,0.5451932659400286
2004-10-04,1.0,0.0706258007047751,0.5231658426470707
2004-10-05,1.0,0.057987257650349316,0.475548283390473
2004-10-06,1.0,0.04347951121205152,0.5009499024982411
2004-10-07,1.0,0.047552317863670306,0.5094395774643633
2004-10-08,1.0,0.03639383103782463,0.5093482643453334
2004-10-11,1.0,0.017614358654336644,0.5443289286472577
2004-10-12,1.0,0.02919049210856011,0.4963303064344934
2004-10-13,1.0,0.02444355206005029,0.4790417633806213
2004-10-14,1.0,0.008699333894585593,0.4969716592003199
2004-10-15,1.0,0.0005967655485334129,0.5017689461480717
2004-10-18,1.0,0.008087329335213016,0.4964902185494163
2004-10-19,1.0,0.004278081391078172,0.45539201515420413
2004-10-20,1.0,0.004751384956095693,0.4752228086105451
2004-10-21,1.0,0.0034159877731328556,0.48883368930942017
2004-10-22,0.0,-0.002549034871679933,0.5097800559754554
2004-10-25,0.0,-0.014860721646853743,0.5021304536021536
2004-10-26,0.0,-0.008942288085805572,0.5196074634440401
2004-10-27,0.0,-0.0025961779982207945,0.5196201963273642
2004-10-28,0.0,-0.004724232242180173,0.5090219172032046
2004-10-29,0.0,-0.0030380953491915006,0.5091003900491531
2004-11-01,0.0,-0.0004678909899373012,0.5168601460998081
2004-11-02,1.0,0.0015407410455355903,0.49437715320124404
2004-11-03,0.0,-0.00011714402871711089,0.4701262785910865
2004-11-04,0.0,-0.007829429419548796,0.47105462916426183
2004-11-05,0.0,-0.01522311659454494,0.45632843413492535
2004-11-08,0.0,-0.02188373562293679,0.5245707322461471
2004-11-09,0.0,-0.03274922461995369,0.47927285228330124
2004-11-10,0.0,-0.029400490069861156,0.48507270572279854
2004-11-11,0.0,-0.041504407836161515,0.5079641041399813
2004-11-12,0.0,-0.054321018715897944,0.49650353913895223
2004-11-15,0.0,-0.05494530176649808,0.4979560236941679
2004-11-16,0.0,-0.06280300825211808,0.4421130531229383
2004-11-17,0.0,-0.07299276414696432,0.4266529519645916
2004-11-18,0.0,-0.058454047735575956,0.4454106350107526
2004-11-19,0.0,-0.06027516940480215,0.420470562014349
2004-11-22,0.0,-0.053036928980601666,0.44706003654737103
2004-11-23,0.0,-0.04881812563852941,0.4603360845500948
2004-11-24,0.0,-0.055687435962989126,0.4522605087657307
2004-11-25,0.0,-0.055814043366925296,0.41740978295730186
2004-11-26,0.0,-0.05582781434716998,0.39673618497498325
2004-11-29,0.0,-0.06014973734552347,0.39102138910897194
2004-11-30,0.0,-0.03405832115413206,0.3831485725754145
2004-12-01,0.0,-0.04543680451476253,0.3787020576568467
2004-12-02,0.0,-0.03511119440259949,0.3691325492475989
2004-12-03,0.0,-0.0463529085710973,0.360777237713152
2004-12-06,0.0,-0.037395955598108786,0.41530784649131114
2004-12-07,0.0,-0.04143207190807995,0.41325654206841544
2004-12-08,0.0,-0.01751518647443256,0.38016539940313815
2004-12-09,0.0,-0.017648534659642987,0.4318311073498011
2004-12-10,1.0,0.00023028209658480455,0.4741095551567345
2004-12-13,0.0,-0.009846656154657489,0.4551707236686108
2004-12-14,1.0,0.011299555253933247,0.4957173555945256
2004-12-15,0.0,0.0,0.4446151248656128
2004-12-16,1.0,0.011213200178257322,0.4604321164471524
2004-12-17,1.0,0.007783896258856465,0.4652974459250371
2004-12-20,0.0,-0.004570350504916292,0.498915492698992
2004-12-21,0.0,-0.002040123114944349,0.5112066601458796
2004-12-22,1.0,0.00781563699764257,0.5028679973474462
2004-12-23,0.0,-0.007808992738175165,0.49781718177495365
2004-12-24,0.0,-0.007483028115205794,0.5201845315644453
2004-12-27,0.0,-0.030040520589696838,0.5048197999435605
2004-12-28,0.0,-0.03821974949586135,0.5158973319242022
2004-12-29,0.0,-0.025761461759465375,0.4938635638155472
2004-12-30,0.0,-0.029989270002217544,0.523583349564798
2004-12-31,0.0,-0.03143900411122087,0.5706113740508302
2005-01-03,0.0,-0.007829429419548796,0.5514200045941955
2005-01-04,0.0,-0.0033971800960979678,0.5651893590846083
2005-01-05,0.0,-0.0004689881666451182,0.5650567826618282
2005-01-06,1.0,0.016358117039964325,0.5595607117258169
2005-01-07,1.0,0.01703578405281138,0.5510858780611849
2005-01-10,1.0,0.01094953348446914,0.6046383904196245
2005-01-11,1.0,0.008736773401242877,0.5944973373160515
2005-01-12,1.0,0.0012897932256476338,0.5438277868282435
2005-01-13,1.0,0.0016449304613748645,0.5804424124210572
2005-01-14,1.0,0.009291451731305994,0.5811170439340646
2005-01-17,1.0,0.013809872113522708,0.6059149158329076
2005-01-18,1.0,0.01210000078507255,0.5943361496466792
2005-01-19,1.0,0.013497065406719869,0.5822562614601078
2005-01-20,1.0,0.003899101058452026,0.5979120503471292
2005-01-21,0.0,-0.005515474874934459,0.5438378317687012
2005-01-24,0.0,0.0,0.608480546373453
2005-01-25,1.0,0.027565398686184586,0.5873808198355323
2005-01-26,1.0,0.018110548394730978,0.5683058792793514
2005-01-27,1.0,0.014835443322148563,0.6070020769317741
2005-01-28,1.0,0.017642054593704774,0.6030507261151333
2005-01-31,1.0,0.02823003281278999,0.60233378193478
2005-02-01,1.0,0.03722042725369989,0.6347341155989035
2005-02-02,1.0,0.024579313732140912,0.6352269525809068
2005-02-03,1.0,0.033470010828438694,0.6097040121357225
2005-02-04,1.0,0.04638738084459289,0.626884730732908
2005-02-07,1.0,0.03890433696074229,0.6148379774223689
2005-02-08,1.0,0.03616858666423508,0.620515859833294
2005-02-09,1.0,0.03902529250972545,0.6393965760851107
2005-02-10,1.0,0.029712159725109166,0.5846190911050425
2005-02-11,1.0,0.012513443887991927,0.5983369206988581
2005-02-14,1.0,0.0008217409630687934,0.5808973173624046
2005-02-15,1.0,0.0019944864944525034,0.6035535261512035
2005-02-16,1.0,0.005160696417254365,0.6056527325598843
2005-02-17,0.0,-0.011229328068961299,0.5979143618011692
2005-02-18,0.0,-0.01653710089445395,0.6216391179179308
2005-02-21,0.0,-0.01817802651459242,0.6325091001722921
2005-02-22,0.0,-0.04002406431830889,0.5638699707607886
2005-02-23,0.0,-0.029898291457391465,0.6407786322013597
2005-02-24,0.0,-0.030786067992469517,0.6330819522759163
2005-02-25,0.0,-0.04127681744638316,0.6186330433743945
2005-02-28,0.0,-0.042434871078057296,0.6143764205751442
2005-03-01,0.0,-0.03349511077735073,0.5896148812072334
2005-03-02,0.0,-0.03143953957773171,0.5401077263002116
2005-03-03,0.0,-0.027968074636766534,0.5576771277278599
2005-03-04,0.0,-0.03240997326186932,0.4973867758340336
2005-03-07,0.0,-0.037514655777403746,0.538078393405347
2005-03-08,0.0,-0.054338383770794384,0.48272266835346517
2005-03-09,0.0,-0.05889552292623092,0.5235151428435468
2005-03-10,0.0,-0.04707268843596652,0.5056419644300403
2005-03-11,0.0,-0.051890819704017405,0.4870294098170397
2005-03-14,0.0,-0.03465487743315662,0.5372759019827448
2005-03-15,0.0,-0.036863611295899885,0.5317218744398079
2005-03-16,0.0,-0.04618158706829198,0.5176600935875508
2005-03-17,0.0,-0.035018070768561706,0.535137295640925
2005-03-18,0.0,-0.028395259549696,0.5526281707437647
2005-03-21,0.0,-0.005348228071952703,0.5620080122624335
2005-03-22,0.0,-0.0006089278374486837,0.6155526417664822
2005-03-23,1.0,0.008311432100941266,0.6180713518926211
2005-03-24,1.0,0.024632359613927787,0.6348416346283451
2005-03-25,1.0,0.029612728064303297,0.6561196722389029
2005-03-28,1.0,0.027081854142835836,0.5967591596599603
2005-03-29,1.0,0.028913775477921372,0.5934133405989697
2005-03-30,1.0,0.027300712313800993,0.5939601515774316
2005-03-31,1.0,0.029784297865448433,0.5641798352967463
2005-04-01,1.0,0.03163505549384327,0.5767145598906822
2005-04-04,1.0,0.03599717400632519,0.5774647334609849
2005-04-05,1.0,0.023697240843007738,0.5796864500180033
2005-04-06,1.0,0.024423923704757173,0.5718322805837617
2005-04-07,1.0,0.022290219363389763,0.5915598612836899
2005-04-08,1.0,0.0007021650376263728,0.5845442661272423
2005-04-11,0.0,-0.00023367215902569757,0.5742447633874962
2005-04-12,0.0,-0.010800762428330895,0.5797817396318147
2005-04-13,0.0,-0.012056534286563518,0.5910582630279738
2005-04-14,1.0,0.00047158689862433805,0.5940649083858458
2005-04-15,0.0,-0.0042452893947440345,0.6170273257788362
2005-04-18,0.0,-0.0033987726828593194,0.5694672891986058
2005-04-19,0.0,-0.016377623746789777,0.5178968337131503
2005-04-20,0.0,-0.024456791341784266,0.5613934419713817
2005-04-21,0.0,-0.030442286464523047,0.5733216251303421
2005-04-22,0.0,-0.030487673453644653,0.5498978637616669
2005-04-25,0.0,-0.031904546518745115,0.560332332790965
2005-04-26,0.0,-0.03966922369393243,0.554307073741616
2005-04-27,0.0,-0.021763110429633963,0.5761817136683538
2005-04-28,0.0,-0.013535795927621252,0.5695075298446046
2005-04-29,0.0,-0.021853579172511753,0.5232178904107789
2005-05-02,0.0,-0.009232812621320155,0.5613919776681973
2005-05-03,0.0,-0.01033600933066206,0.5894861110241706
2005-05-04,0.0,-0.010055036194981326,0.6060759198258242
2005-05-05,0.0,-0.00559181326577783,0.6116126402207035
2005-05-06,1.0,0.00841126454389345,0.6734309911279955
2005-05-09,1.0,0.014214383566919129,0.6935505753906852
2005-05-10,1.0,0.013272985636335777,0.6868976216330728
2005-05-11,1.0,0.021755081545648213,0.6765290621725861
2005-05-12,1.0,0.035352518715719865,0.6783862411569049
2005-05-13,1.0,0.03941281941607892,0.6734221026906834
2005-05-16,1.0,0.03568673513103399,0.6726621725831053
2005-05-17,1.0,0.03761207210777827,0.6672249764540873
2005-05-18,1.0,0.036892529681693854,0.6465220344766194
2005-05-19,1.0,0.0584124483648315,0.6584533040829266
2005-05-20,1.0,0.06612352079651695,0.6594049399647736
2005-05-23,1.0,0.05781015260888646,0.6791594384145635
2005-05-24,1.0,0.06433681560455269,0.6644870839832175
2005-05-25,1.0,0.04781926550096741,0.6680837873666919
2005-05-26,1.0,0.05108982706429897,0.6755200176677579
2005-05-27,1.0,0.037004513850657034,0.6522627079147615
2005-05-30,1.0,0.04587907005530076,0.6860855503368178
2005-05-31,1.0,0.05126932765337649,0.6687604923615827
2005-06-01,1.0,0.052223290309901964,0.6694360740413032
2005-06-02,1.0,0.03928454012749412,0.5815762570758696
2005-06-03,1.0,0.03546264759799581,0.6152774222391603
2005-06-06,1.0,0.025382367468540782,0.5680777315933802
2005-06-07,1.0,0.015998472831938143,0.6046136848308455
2005-06-08,1.0,0.028078969425617887,0.5940303487138443
2005-06-09,1.0,0.045108287321803726,0.5808680044151912
2005-06-10,1.0,0.03982395537331855,0.5226683130477529
2005-06-13,1.0,0.03763669835504377,0.4941954595668802
2005-06-14,1.0,0.0393918989759093,0.5389165958835437
2005-06-15,1.0,0.036176105993816064,0.4865550412478591
2005-06-16,1.0,0.0266138803787334,0.4368213918562154
2005-06-17,1.0,0.026048718685841205,0.4803238958659437
2005-06-20,1.0,0.026701299023289833,0.49059509778239135
2005-06-21,1.0,0.01785156433276591,0.4765777316596682
2005-06-22,1.0,0.0273527098056663,0.49214028245290764
2005-06-23,1.0,0.03221949728327086,0.48451177760000175
2005-06-24,1.0,0.044021779392860755,0.512950872232394
2005-06-27,1.0,0.05517954848089258,0.5251779014856706
2005-06-28,1.0,0.06295162383437958,0.5224752668029438
2005-06-29,1.0,0.07721512231643192,0.5012948657201491
2005-06-30,1.0,0.06779812821460862,0.5382329913820751
2005-07-01,1.0,0.08054652228042199,0.5641932832421672
2005-07-04,1.0,0.08668998858898455,0.6017984248045947
2005-07-05,1.0,0.08785694322522845,0.6073507406941901
2005-07-06,1.0,0.10143551121000809,0.6315569814693873
2005-07-07,1.0,0.10709168957849607,0.5847328706658765
2005-07-08,1.0,0.10363366507435015,0.6168791046235224
2005-07-11,1.0,0.0898737553024968,0.5967470759331844
2005-07-12,1.0,0.0880550606044102,0.587401895848781
2005-07-13,1.0,0.09153035012100824,0.6157565485255726
2005-07-14,1.0,0.12074443390736689,0.6248856913878496
2005-07-15,1.0,0.11906057032027688,0.6090371574418643
2005-07-18,1.0,0.12106834811408543,0.6173446722522279
2005-07-19,1.0,0.1238741038101086,0.6195293713268899
2005-07-20,1.0,0.10691903113339382,0.577819717367698
2005-07-21,1.0,0.10263123063578117,0.5739046014743482
2005-07-22,1.0,0.1000050241085325,0.5892951056404703
2005-07-25,1.0,0.10712015010798664,0.5757649563122708
2005-07-26,1.0,0.1088491105593035,0.5800892665394536
2005-07-27,1.0,0.08780424707389274,0.5603215626104244
2005-07-28,1.0,0.07470859281310721,0.5149211489826242
2005-07-29,1.0,0.08277369967661821,0.5067798840404719
2005-08-01,1.0,0.0736864514495746,0.4754994810916938
2005-08-02,1.0,0.0891295730792214,0.47949994553003245
2005-08-03,1.0,0.0752765068381309,0.43600383973897155
2005-08-04,1.0,0.079163401213772,0.45300943834956636
2005-08-05,1.0,0.07951133466006023,0.4630263965473693
2005-08-08,1.0,0.06707839637023866,0.474174745023772
2005-08-09,1.0,0.054490798812476655,0.47276646285674234
2005-08-10,1.0,0.05685367515101386,0.45684072175426543
2005-08-11,1.0,0.03352022757922905,0.44485074114793643
2005-08-12,1.0,0.02369726657079367,0.4927552506140235
2005-08-15,1.0,0.03814209576647568,0.5113762811645955
2005-08-16,1.0,0.032308891035521016,0.4643718906001162
2005-08-17,1.0,0.0595413936910167,0.5164319666419722
2005-08-18,1.0,0.059915330743170486,0.5332167600574337
2005-08-19,1.0,0.07163282479909654,0.5519478809397829
2005-08-22,1.0,0.06472392156737551,0.5170563700236535
2005-08-23,1.0,0.06462390000635299,0.5332726105830583
2005-08-24,1.0,0.09086150441367176,0.5328957063707446
2005-08-25,1.0,0.10239281572832543,0.5516028568849616
2005-08-26,1.0,0.1042632723712226,0.5509089032254112
2005-08-29,1.0,0.11828645664136381,0.5415993754524597
2005-08-30,1.0,0.1362096841692115,0.5438111403349979
2005-08-31,1.0,0.12368876507041064,0.5177495111543121
2005-09-01,1.0,0.10736865028939437,0.44044719839109253
2005-09-02,1.0,0.11001214627614764,0.48793602781619144
2005-09-05,1.0,0.1131442226741982,0.5053442491272381
2005-09-06,1.0,0.11838345596862719,0.4947304112242741
2005-09-07,1.0,0.10327153516666789,0.4828800669327651
2005-09-08,1.0,0.11892478663052326,0.48977970674236215
2005-09-09,1.0,0.11387712921056878,0.5313705641124055
2005-09-12,1.0,0.12454168971471412,0.5339506052705342
2005-09-13,1.0,0.1357126625405325,0.5277312470816432
2005-09-14,1.0,0.13464114748261796,0.5046577490239827
2005-09-15,1.0,0.13405511722316918,0.579703673694586
2005-09-16,1.0,0.1353785165266769,0.5646364722117435
2005-09-19,1.0,0.1275966571047081,0.5060575228281139
2005-09-20,1.0,0.11176445725807406,0.5146396163690123
2005-09-21,1.0,0.06980408747359462,0.4553593844914679
2005-09-22,1.0,0.07625748337065495,0.4650229401693478
2005-09-23,1.0,0.08280032831746093,0.47820107341554136
2005-09-26,1.0,0.07659985190675415,0.4484424339542775
2005-09-27,1.0,0.062340160566755044,0.4341509521179441
2005-09-28,1.0,0.05462143866557134,0.4352995709299226
2005-09-29,1.0,0.06593408400399889,0.47351643453644127
2005-09-30,1.0,0.06895025391572039,0.47419729226559826
2005-10-03,1.0,0.08073748965794847,0.4993753875551896
2005-10-04,1.0,0.08556260684917405,0.48318387671398205
2005-10-05,1.0,0.1057692540601868,0.5071601235816625
2005-10-06,1.0,0.08780312177248457,0.43469964192679805
2005-10-07,1.0,0.0850439098194675,0.46026695748385305
2005-10-10,1.0,0.08399079965982335,0.4558681251732387
2005-10-11,1.0,0.11630981640645147,0.4617781826596145
2005-10-12,1.0,0.12649886497292706,0.4512928599759493
2005-10-13,1.0,0.10688606896666339,0.490987030559054
2005-10-14,1.0,0.1393823496458195,0.5013159128823707
2005-10-17,1.0,0.14680004098566493,0.4826195147855322
2005-10-18,1.0,0.13878546076320206,0.512004059177309
2005-10-19,1.0,0.16429326660333435,0.5048501258188325
2005-10-20,1.0,0.16951951986167632,0.5505779830827486
2005-10-21,1.0,0.17708178274245626,0.5143289771234039
2005-10-24,1.0,0.1892827629500714,0.5599901451737596
2005-10-25,1.0,0.16035832368786884,0.49576836845139904
2005-10-26,1.0,0.14226530339408347,0.5504935198697316
2005-10-27,1.0,0.16353182287184512,0.525293728465943
2005-10-28,1.0,0.15791797928376342,0.5417776410584473
2005-10-31,1.0,0.18444035330893657,0.548428719732972
2005-11-01,1.0,0.1960566994515452,0.553772992688934
2005-11-02,1.0,0.19583092918348663,0.5433067151154303
2005-11-03,1.0,0.1954818856942298,0.5624872740959433
2005-11-04,1.0,0.2025789791827542,0.5549207058514622
2005-11-07,1.0,0.21238088015811896,0.5580845252075991
2005-11-08,1.0,0.21074056237492017,0.5544413644660057
2005-11-09,1.0,0.1979519917485516,0.5103726316105405
2005-11-10,1.0,0.203480573686075,0.5559664243742453
2005-11-11,1.0,0.19374176682794125,0.5368048481085812
2005-11-14,1.0,0.19806155811221215,0.5395164405820674
2005-11-15,1.0,0.15751732765566942,0.5329117085342883
2005-11-16,1.0,0.14022446658657042,0.4711630742331742
2005-11-17,1.0,0.14955459607816507,0.4750544395439682
2005-11-18,1.0,0.12593779258484236,0.5050660608343049
2005-11-21,1.0,0.09422628515042063,0.47052231136834405
2005-11-22,1.0,0.10174486416857705,0.46516082153522287
2005-11-23,1.0,0.09198208206662518,0.4940181191425348
2005-11-24,1.0,0.10504637687683738,0.5274567988992838
2005-11-25,1.0,0.10699198524837657,0.5260760451566808
2005-11-28,1.0,0.10847577050066338,0.5054882584413878
2005-11-29,1.0,0.10358823781750859,0.4879400269010451
2005-11-30,1.0,0.11865697650927615,0.5212237404743901
2005-12-01,1.0,0.08542912436642223,0.45338889201938815
2005-12-02,1.0,0.10489356251852007,0.5198102244079356
2005-12-05,1.0,0.08384086742132543,0.5102156343241844
2005-12-06,1.0,0.09354875455195882,0.4968630750315696
2005-12-07,1.0,0.08863563945899561,0.46826978048093737
2005-12-08,1.0,0.08937363751980264,0.4673746527529268
2005-12-09,1.0,0.07147206524838245,0.4494711928683404
2005-12-12,1.0,0.05050226190686752,0.4380340961797118
2005-12-13,1.0,0.06348967748186281,0.48302388289694614
2005-12-14,1.0,0.07059737496127125,0.5025196828566063
2005-12-15,1.0,0.08216013876591625,0.5245702208185606
2005-12-16,1.0,0.07244450253472741,0.4954531019288107
2005-12-19,1.0,0.080256444869202,0.5499593901800753
2005-12-20,1.0,0.11283883161831602,0.5264323856905423
2005-12-21,1.0,0.1100433744095183,0.5673798380888797
2005-12-22,1.0,0.09645775915962211,0.5248572521060171
2005-12-23,1.0,0.09715269915721164,0.5859029127476044
2005-12-26,1.0,0.09397209544224273,0.5889900303286345
2005-12-27,1.0,0.08344461148279977,0.5437856476288431
2005-12-28,1.0,0.06410288619275957,0.4611331950604016
2005-12-29,1.0,0.0617051435291516,0.5156979866186513
2005-12-30,1.0,0.08012602513692493,0.5312771271484495
2006-01-02,1.0,0.09307752508261148,0.5633155318576043
2006-01-03,1.0,0.0536680816326288,0.4144624305731742
2006-01-04,1.0,0.07078766706297474,0.49677938003609334
2006-01-05,1.0,0.11481454189432665,0.5226092820511378
2006-01-06,1.0,0.07782494541990347,0.43787183338758234
2006-01-09,1.0,0.06846445063300871,0.4563644715973849
2006-01-10,1.0,0.07832553051719976,0.5344281249697099
2006-01-11,1.0,0.07221446500967559,0.4908787279443527
2006-01-12,1.0,0.08571417190276413,0.4957410612217204
2006-01-13,1.0,0.05499601566007303,0.4499678634624644
2006-01-16,1.0,0.06465524324737244,0.4903680683130022
2006-01-17,1.0,0.06727787131314766,0.4911294144488234
2006-01-18,1.0,0.09720876897892211,0.48653097930006767
2006-01-19,1.0,0.0670284717017895,0.40731484804645485
2006-01-20,1.0,0.0838518404790478,0.48703791742841956
2006-01-23,1.0,0.0922665824319736,0.48910243872286957
2006-01-24,1.0,0.1060101434868901,0.49304873701265367
2006-01-25,1.0,0.12779077209349052,0.46027653392766704
2006-01-26,1.0,0.08845211751199233,0.4859945123153052
2006-01-27,1.0,0.12495810695369777,0.47696551182116725
2006-01-30,1.0,0.08811044728688752,0.44406670730161474
2006-01-31,1.0,0.10249122476246268,0.4831686443953264
2006-02-01,1.0,0.11482989768450537,0.46635211825094625
2006-02-02,1.0,0.10197660724815044,0.4737162533166457
2006-02-03,1.0,0.14004467541210475,0.48603978226235606
2006-02-06,1.0,0.13932698889687686,0.5020623964775918
2006-02-07,1.0,0.19838894391314854,0.48223497281251243
2006-02-08,1.0,0.1902388731634678,0.566418308436307
2006-02-09,1.0,0.18588830437393375,0.4759389066725937
2006-02-10,1.0,0.21593066805228645,0.5308759101429148
2006-02-13,1.0,0.22796212596053808,0.6194918483196299
2006-02-14,1.0,0.24691144178451097,0.5650462534280967
2006-02-15,1.0,0.2708262981013747,0.6096037301053322
2006-02-16,1.0,0.2647540700403778,0.586539360272768
2006-02-17,1.0,0.258273593995274,0.5893014933496136
2006-02-20,1.0,0.1977814573309312,0.6131796045130572
2006-02-21,1.0,0.21947488355085756,0.6072217159032175
2006-02-22,1.0,0.21315143284443555,0.5612522878671694
2006-02-23,1.0,0.21766248376840341,0.6301008460665676
2006-02-24,1.0,0.16235792914859312,0.5552537303851174
2006-02-27,1.0,0.16916257558504263,0.6305450472729531
2006-02-28,1.0,0.17133932220971831,0.593938461817739
2006-03-01,1.0,0.12937051439583624,0.6226444899935405
2006-03-02,1.0,0.1329828522765972,0.5959412423581089
2006-03-03,1.0,0.14511508535919398,0.6637853723731705
2006-03-06,1.0,0.15393714946204312,0.6429033153267834
2006-03-07,1.0,0.16660861935337049,0.6475953140936541
2006-03-08,1.0,0.17143864760104457,0.622074265171676
2006-03-09,1.0,0.14237415045945623,0.6219629163553696
2006-03-10,1.0,0.16514001782648552,0.6476364981935088
2006-03-13,1.0,0.1545692978705762,0.6463752944171782
2006-03-14,1.0,0.1349254843956513,0.6097414278130233
2006-03-15,1.0,0.12480138117019264,0.6307552425035693
2006-03-16,1.0,0.09908410826589965,0.6408227400524721
2006-03-17,1.0,0.09192469142744711,0.6537812611971957
2006-03-20,1.0,0.08520010225173696,0.6477621773573181
2006-03-21,1.0,0.017861624617807024,0.6726375132664981
2006-03-22,1.0,0.01611848862436449,0.6806767685974046
2006-03-23,1.0,0.048374342135268575,0.690367511414343
2006-03-24,1.0,0.03683999944436281,0.6189846944891416
2006-03-27,0.0,-0.0036201531744421644,0.6311776601014881
2006-03-28,1.0,0.021502430090391243,0.6848259434287796
2006-03-29,1.0,0.024029059494539363,0.6154472877323045
2006-03-30,0.0,-0.013683613832438967,0.5982272974415902
2006-03-31,0.0,-0.0010285421323304729,0.6956122101391184
2006-04-03,0.0,-0.004432706942730025,0.6719098446154776
2006-04-04,0.0,-0.013124786301427736,0.6797232270663947
2006-04-05,0.0,-0.014290235906776992,0.6575295276585592
2006-04-06,1.0,0.007280671518385624,0.6408577051481142
2006-04-07,1.0,0.04483194509993574,0.6630538214042363
2006-04-10,1.0,0.03881982477928752,0.6437535715193511
2006-04-11,1.0,0.044220940156879524,0.6598408419049475
2006-04-12,1.0,0.04855298780859518,0.630050773996091
2006-04-13,1.0,0.05948886749089702,0.6567454681652724
2006-04-14,1.0,0.04262802117367872,0.6096679753546893
2006-04-17,1.0,0.017259360897227075,0.5697170425463584
2006-04-18,1.0,0.03228744169738279,0.5934852713303576
2006-04-19,1.0,0.0175428155514816,0.5261106836548275
2006-04-20,1.0,0.0747666473078864,0.5387833645438931
2006-04-21,1.0,0.046506392872834604,0.5214687496204093
2006-04-24,1.0,0.03534350602824134,0.6370051179689301
2006-04-25,1.0,0.0043535114471978395,0.5925697754666898
2006-04-26,1.0,0.006430589204879347,0.6111567602237817
2006-04-27,0.0,-0.008686196413733636,0.5984427244054896
2006-04-28,0.0,-0.05443317625340662,0.5898011179396794
2006-05-01,0.0,-0.06275920646666543,0.6319678623115068
2006-05-02,0.0,-0.07716979498111236,0.549919469013899
2006-05-03,0.0,-0.06543847620056199,0.5740729467801672
2006-05-04,0.0,-0.0690506717659853,0.5295032700106046
2006-05-05,0.0,-0.07443425662041299,0.5577742925881953
2006-05-08,0.0,-0.06381779472415428,0.5031787185975718
2006-05-09,0.0,-0.08026625479653596,0.4684192547458929
2006-05-10,0.0,-0.0834092477125669,0.47775861761236366
2006-05-11,0.0,-0.1021767640653878,0.45926750917254017
2006-05-12,0.0,-0.10042958507336075,0.4822620118569337
2006-05-15,0.0,-0.043368660366649964,0.4855459121072346
2006-05-16,0.0,-0.0718265050160681,0.5459907123265586
2006-05-17,0.0,-0.05546132636624974,0.5258778686051508
2006-05-18,0.0,-0.06987787595664534,0.5620939296519656
2006-05-19,0.0,-0.038837574881291685,0.5513901854334158
2006-05-22,0.0,-0.04576904832109481,0.5277730888690656
2006-05-23,0.0,-0.06460854109328727,0.5571536534941101
2006-05-24,0.0,-0.018350583847836114,0.5909651342134723
2006-05-25,0.0,-0.05836109243119919,0.6302606316511619
2006-05-26,0.0,-0.06118887765925993,0.6137332205474892
2006-05-29,0.0,-0.03083630561483716,0.5961581778023916
2006-05-30,0.0,-0.043672328456186314,0.5811202836177519
2006-05-31,0.0,-0.036073779062027404,0.5461999174400468
2006-06-01,0.0,-0.013109700144246563,0.5666901699942044
2006-06-02,0.0,-0.02485989389543057,0.5400579821857503
2006-06-05,0.0,-0.03574062642734791,0.5934152219047283
2006-06-06,0.0,-0.02521006984478256,0.6273619649377827
2006-06-07,0.0,-0.011511449795103858,0.5997701736159416
2006-06-08,1.0,0.022652211964098872,0.5965540457524426
2006-06-09,1.0,0.029201523359999208,0.6190092352295055
2006-06-12,1.0,0.03616075475253068,0.6327535703920354
2006-06-13,1.0,0.1272175783542056,0.6063482670494034
2006-06-14,1.0,0.12408540085060718,0.6152047020509311
2006-06-15,1.0,0.0666159043827059,0.6119934429252745
2006-06-16,1.0,0.04976067425476036,0.6697762536406904
2006-06-19,1.0,0.04241365064851384,0.7215169109508698
2006-06-20,1.0,0.019943925898665168,0.6634220266544795
2006-06-21,1.0,0.004483170176334229,0.6529781264591233
2006-06-22,0.0,-0.009343436776291533,0.7197613310933773
2006-06-23,0.0,-0.0064006825655978155,0.7170763354922117
2006-06-26,1.0,0.003326370929285661,0.7242168723062259
2006-06-27,0.0,-0.009369375385234647,0.691372501048021
2006-06-28,0.0,-0.0057911048228151425,0.7333120397987332
2006-06-29,0.0,-0.02610276172408935,0.6958527659536875
2006-06-30,0.0,-0.043559086512366396,0.6978126288715327
2006-07-03,0.0,-0.0538551758418668,0.7320997561516581
2006-07-04,0.0,-0.04659986502669787,0.750564046763285
2006-07-05,0.0,-0.04069597099348573,0.7347301100993084
2006-07-06,0.0,-0.05142383634055215,0.7415012183885803
2006-07-07,0.0,-0.05043633361943917,0.7704293681577559
2006-07-10,0.0,-0.04497624956902371,0.785679028727677
2006-07-11,0.0,-0.11023114140653896,0.7217014970418505
2006-07-12,0.0,-0.13896413935949226,0.7499571821050828
2006-07-13,0.0,-0.13916368185651778,0.7180467646899868
2006-07-14,0.0,-0.14570443040492118,0.7585970515775723
2006-07-17,0.0,-0.10817581773092766,0.6881013561864806
2006-07-18,0.0,-0.09966369125152261,0.7228372382183438
2006-07-19,0.0,-0.11487012943125932,0.7161973407974438
2006-07-20,0.0,-0.08095851334784848,0.7692606845886365
2006-07-21,0.0,-0.04851589762903719,0.7654782626407776
2006-07-24,0.0,-0.03178802220581552,0.7507773650669742
2006-07-25,0.0,-0.0480232527262564,0.7707796013284663
2006-07-26,0.0,-0.05689010720622269,0.7828295787100137
2006-07-27,0.0,-0.05667169770404454,0.7788664057589129
2006-07-28,0.0,-0.07056953716634637,0.80356951284526
2006-07-31,0.0,-0.08997687559757298,0.780233696198117
2006-08-01,0.0,-0.09801155574222904,0.7551092932777199
2006-08-02,0.0,-0.09699297687119082,0.7780368310896043
2006-08-03,0.0,-0.07695793998110309,0.7838393643699458
2006-08-04,0.0,-0.07472687980151416,0.7616546859992028
2006-08-07,0.0,-0.07115353287232584,0.6952926979269926
2006-08-08,0.0,-0.0575750394986693,0.7219713893617686
2006-08-09,0.0,-0.05117751696021419,0.6767931421162731
2006-08-10,0.0,-0.018320033365208217,0.6835697377895056
2006-08-11,0.0,-0.008174973104100695,0.6536611746822459
2006-08-14,0.0,-0.005600462674091261,0.6932637868769795
2006-08-15,0.0,0.0,0.7119459105654026
2006-08-16,0.0,-0.021288509306739867,0.6614982775290236
2006-08-17,1.0,0.031122993644580096,0.6750400340365184
2006-08-18,1.0,0.02195592640141597,0.6675913082553167
2006-08-21,0.0,-0.003828366456017227,0.6197269290591453
2006-08-22,0.0,-0.006613823190518158,0.6541986460267902
2006-08-23,1.0,0.0012204523611498127,0.6664857173069393
2006-08-24,0.0,-0.005082090557421422,0.6256565727038323
2006-08-25,0.0,-0.0013341586734207699,0.6362558281478086
2006-08-28,1.0,0.013121512029159559,0.6506529363226538
2006-08-29,1.0,0.02020270731751947,0.6314882290051851
2006-08-30,1.0,0.017638383622606398,0.6270557105817297
2006-08-31,1.0,0.006277085486871971,0.5593701735886124
2006-09-01,1.0,0.020180323183392836,0.5692647128170987
2006-09-04,1.0,0.022256462838934885,0.5810741701947447
2006-09-05,1.0,0.0026597840917059095,0.3724650239274655
2006-09-06,1.0,0.0046443976899731955,0.4091680167512205
2006-09-07,1.0,0.049345874103155,0.4467856139903172
2006-09-08,1.0,0.05541054361126185,0.4870884080183437
2006-09-11,1.0,0.09142729158380494,0.4621515079849593
2006-09-12,1.0,0.0905868425111427,0.5295944244133217
2006-09-13,1.0,0.06678210114263561,0.537862812580182
2006-09-14,1.0,0.09699182774151129,0.5258341308421852
2006-09-15,1.0,0.07611935754026473,0.5379111987041234
2006-09-18,1.0,0.07106837281892961,0.5245861695977784
2006-09-19,1.0,0.09377972707055024,0.5602561408564123
2006-09-20,1.0,0.08623813544320978,0.5504703206483786
2006-09-21,1.0,0.06886733582039181,0.5400303939237228
2006-09-22,1.0,0.042746870743218805,0.5625367784693257
2006-09-25,1.0,0.042175174699675244,0.5554207143049973
2006-09-26,1.0,0.050959623860866714,0.5485925140204946
2006-09-27,1.0,0.028345883299609093,0.5215180827042718
2006-09-28,1.0,0.02820321378701966,0.566101098224075
2006-09-29,1.0,0.03725488446742122,0.5793653497299213
2006-10-02,1.0,0.03951394986023972,0.5839414120289154
2006-10-03,1.0,0.08377143721071385,0.6209025961070799
2006-10-04,1.0,0.10090616530844612,0.6291988716542527
2006-10-05,1.0,0.10031559830615346,0.6568319406494657
2006-10-06,1.0,0.10349498984938849,0.6669943722092085
2006-10-09,1.0,0.09844007281325251,0.6357227072785796
2006-10-10,1.0,0.11136340462204945,0.6226503525761242
2006-10-11,1.0,0.09085795429119947,0.6524033085658454
2006-10-12,1.0,0.07111961463660113,0.6214335258083444
2006-10-13,1.0,0.028387279325385737,0.5383291084104733
2006-10-16,1.0,0.023218290102007086,0.5657491385488523
2006-10-17,1.0,0.03921419533192836,0.5323897112135997
2006-10-18,1.0,0.035126374525840574,0.5468552497045027
2006-10-19,1.0,0.020149319172344495,0.5244923424874477
2006-10-20,1.0,0.058603785617756664,0.5843189290090683
2006-10-23,1.0,0.07408342384264449,0.6102153486004377
2006-10-24,1.0,0.06334418555796197,0.5801613121467061
2006-10-25,1.0,0.06667227217159881,0.5894880155558458
2006-10-26,1.0,0.04989400720905033,0.581618322270815
2006-10-27,1.0,0.05740840342501783,0.594706879496445
2006-10-30,1.0,0.04736238695984388,0.571725321175107
2006-10-31,1.0,0.06401291319806643,0.5564825434769219
2006-11-01,1.0,0.04928350409063671,0.5021294122195862
2006-11-02,1.0,0.033682756064595455,0.48524972094409613
2006-11-03,1.0,0.02921520802602405,0.4604039265741536
2006-11-06,1.0,0.032365284502031716,0.47558208981629896
2006-11-07,1.0,0.03537826702598825,0.43082520236302235
2006-11-08,1.0,0.05896112560591012,0.459082597144449
2006-11-09,1.0,0.036870464371390695,0.35555734676904993
2006-11-10,1.0,0.03024360871397982,0.4291260613514461
2006-11-13,1.0,0.035713876777432596,0.4264210278544618
2006-11-14,1.0,0.05089861530082129,0.4435779808828942
2006-11-15,1.0,0.04449362809876427,0.4361395815422509
2006-11-16,1.0,0.06602851446834697,0.4572723591087225
2006-11-17,1.0,0.07010747179311155,0.4555268652879063
2006-11-20,1.0,0.059519122079432725,0.4326629031054477
2006-11-21,1.0,0.05691491363398401,0.4055479342435714
2006-11-22,1.0,0.059782464611920105,0.3907098455609457
2006-11-23,1.0,0.05920252783514859,0.429774589602488
2006-11-24,1.0,0.04720708190685446,0.3630913079349616
2006-11-27,1.0,0.0459912521306757,0.395500621319262
2006-11-28,1.0,0.026596287256272964,0.38583275532606837
2006-11-29,1.0,0.06418013602684573,0.4098696005127836
2006-11-30,1.0,0.04444505294016541,0.3416186349777623
2006-12-01,1.0,0.05565566749324771,0.3780140414947397
2006-12-04,1.0,0.060570002377362715,0.31542097682276293
2006-12-05,1.0,0.030924775838201368,0.3141874812581881
2006-12-06,1.0,0.059080472132987116,0.31346519725488503
2006-12-07,1.0,0.04716307412053029,0.2958539889019861
2006-12-08,1.0,0.027297371788481215,0.3180813504155825
2006-12-11,1.0,0.009707664728757084,0.33098375435774396
2006-12-12,1.0,0.02577401689620999,0.30563236036517843
2006-12-13,1.0,0.03169899529014102,0.2935009004384258
2006-12-14,1.0,0.04062704062942862,0.3285698395633434
2006-12-15,1.0,0.055196449638415725,0.30759409179859537
2006-12-18,1.0,0.05408857259566001,0.33604961767459957
2006-12-19,1.0,0.03292186011983541,0.31235800609127945
2006-12-20,1.0,0.0383561885600243,0.31504279322933937
2006-12-21,1.0,0.04443067345879023,0.32526760551917056
2006-12-22,1.0,0.05084231430356254,0.3159738852260288
2006-12-25,1.0,0.05248469071600754,0.31337947264716265
2006-12-26,1.0,0.053148463803960946,0.24087767540030777
2006-12-27,1.0,0.057317839906448016,0.23225559879413102
2006-12-28,1.0,0.044814643300029704,0.21494667650976523
2006-12-29,1.0,0.03199407420713925,0.22418588383441215
2007-01-01,1.0,0.04197710601649475,0.2391843847957019
2007-01-02,1.0,0.036650307463074655,0.20930173871693533
2007-01-03,1.0,0.05887009548708914,0.21353040482975097
2007-01-04,1.0,0.061569890815831016,0.27521332261583525
2007-01-05,1.0,0.08877828178220322,0.27812679654926914
2007-01-08,1.0,0.08482319230907692,0.33934939729024893
2007-01-09,1.0,0.07870063604128512,0.30325578917844037
2007-01-10,1.0,0.09816142692818694,0.3089701782608584
2007-01-11,1.0,0.0978190698607815,0.32836753020843146
2007-01-12,1.0,0.07344722183633172,0.22388523188186485
2007-01-15,1.0,0.06792853207510373,0.27280177038452214
2007-01-16,1.0,0.08156818591144374,0.2873849585545145
2007-01-17,1.0,0.0695414178528731,0.23581135863857733
2007-01-18,1.0,0.0742786487731461,0.2779800205058379
2007-01-19,1.0,0.07592295252544762,0.25750251766932847
2007-01-22,1.0,0.08587927655936378,0.2888151547716079
2007-01-23,1.0,0.059796547315213444,0.22457340910570156
2007-01-24,1.0,0.061639555932845806,0.25886008003255573
2007-01-25,1.0,0.05546735988478099,0.28640634962539485
2007-01-26,1.0,0.0687141948893375,0.30994239288457853
2007-01-29,1.0,0.06822617508187764,0.31385075252101213
2007-01-30,1.0,0.054636225203626175,0.3099566663114011
2007-01-31,1.0,0.049358631727430186,0.28349260409421634
2007-02-01,1.0,0.026353865735000953,0.30302209048885415
2007-02-02,1.0,0.05071042794203214,0.3004625288111914
2007-02-05,1.0,0.045225884810211385,0.31428337794819555
2007-02-06,1.0,0.030377312198119268,0.28080331979651363
2007-02-07,1.0,0.03276753977630318,0.30794612264506166
2007-02-08,1.0,0.03262130181425029,0.2606642722963367
2007-02-09,1.0,0.03245840742220455,0.2772953865926721
2007-02-12,1.0,0.04097324612759177,0.3067660790070239
2007-02-13,1.0,0.03170870880594011,0.3053500052050973
2007-02-14,1.0,0.01692293364709798,0.3076802079201349
2007-02-15,0.0,-0.006140501546791992,0.31411152162683575
2007-02-16,1.0,0.00268676928548301,0.31914870348493346
2007-02-19,0.0,-0.0014919808810154162,0.316589789855128
2007-02-20,1.0,0.022268278907166608,0.34202040819212337
2007-02-21,0.0,-0.02490807367331694,0.2871066125819075
2007-02-22,0.0,-0.02966287437765264,0.39480378875551453
2007-02-23,0.0,-0.030947943341776005,0.36272545691698155
2007-02-26,0.0,-0.03452706274991172,0.3984493083621971
2007-02-27,0.0,-0.00619992912952978,0.37556326871552187
2007-02-28,0.0,-0.011268148072126918,0.39259463650206455
2007-03-01,0.0,-0.014858889103754505,0.4117058511527686
2007-03-02,1.0,0.020871796214599187,0.40968444023080275
2007-03-05,1.0,0.029333063097418323,0.46353873383584243
2007-03-06,1.0,0.015882483703604927,0.3772843005280162
2007-03-07,1.0,0.006833302338955069,0.4307347340923513
2007-03-08,1.0,0.013259357558918909,0.42410443101862516
2007-03-09,1.0,0.03249858623883935,0.39468199778834906
2007-03-12,1.0,0.03125136098108516,0.37546806709804725
2007-03-13,1.0,0.039964217601529496,0.38387316354564816
2007-03-14,1.0,0.03961139698915892,0.37956275892521957
2007-03-15,1.0,0.019223260912646072,0.3844809703474075
2007-03-16,0.0,-0.006987933983730182,0.3484249753805958
2007-03-19,0.0,-0.0008410750964145939,0.37175948106643664
2007-03-20,0.0,-0.017687379671838158,0.3550354494091244
2007-03-21,0.0,-0.01892225612903512,0.3669153980206404
2007-03-22,0.0,-0.018314277606952548,0.40268951379568835
2007-03-23,0.0,-0.0031232171645643935,0.4073995306542947
2007-03-26,0.0,-0.011738557297251562,0.37922177695879755
2007-03-27,0.0,-0.004465033891474355,0.3931536358098204
2007-03-28,0.0,-0.016665789866920182,0.34598660903993406
2007-03-29,0.0,-0.014879617825208094,0.3255218099048333
2007-03-30,0.0,-0.014399872518158512,0.30469260595108144
2007-04-02,0.0,-0.01977250726786463,0.3036273619254172
2007-04-03,0.0,-0.035333406926155435,0.3287426253811407
2007-04-04,0.0,-0.0468272369266853,0.29397224275113437
2007-04-05,0.0,-0.03854187178192073,0.3381973200058024
2007-04-06,0.0,-0.03827893454378446,0.35194409643701036
2007-04-09,0.0,-0.020332025695742915,0.3620413747395865
2007-04-10,0.0,-0.03711642334060982,0.3307686357979203
2007-04-11,0.0,-0.03470119111657428,0.3654468893115071
2007-04-12,0.0,-0.040138157985978064,0.35535562661572495
2007-04-13,0.0,-0.04416933606117352,0.3385660723939949
2007-04-16,0.0,-0.04413569861793016,0.35561530772162975
2007-04-17,0.0,-0.03445167923625049,0.40217701437085546
2007-04-18,0.0,-0.043539859873823125,0.3959666181727954
2007-04-19,0.0,-0.02393149957226195,0.40568600495618473
2007-04-20,0.0,-0.036873589033678725,0.3843568676551286
2007-04-23,0.0,-0.03582230073203856,0.4138018738223529
2007-04-24,0.0,-0.02780943734668139,0.4305116125053054
2007-04-25,0.0,-0.019496663179012552,0.4359770796234493
2007-04-26,1.0,0.004067300855741968,0.46712963084781095
2007-04-27,1.0,0.0027107236643394367,0.4446210694298682
2007-04-30,1.0,0.004632190923144007,0.4788060403901647
2007-05-01,1.0,0.011148552104688346,0.6014695689359593
2007-05-02,1.0,0.002596344324117053,0.618079708136446
2007-05-03,0.0,-0.028918573436777038,0.5583572529708962
2007-05-04,0.0,-0.04096717454373892,0.572778531165942
2007-05-07,0.0,-0.03509131981127006,0.5766454245280908
2007-05-08,0.0,-0.03163343877466759,0.583759849233503
2007-05-09,0.0,-0.02026118513982197,0.5969509764065766
2007-05-10,0.0,-0.00015024038489800396,0.6210118049932009
2007-05-11,1.0,0.0031997646082471205,0.6318110958389858
2007-05-14,1.0,0.0033687129400921125,0.64605799159415
2007-05-15,1.0,0.0005206590173033485,0.6120934460259676
2007-05-16,1.0,0.01892423429883976,0.633729042614384
2007-05-17,1.0,0.006743727016012886,0.6339030705570728
2007-05-18,1.0,0.016560267551527483,0.6505750157412534
2007-05-21,1.0,0.009379172113378091,0.6644821024422353
2007-05-22,1.0,0.01498014387927282,0.6371634700680883
2007-05-23,1.0,0.008650247627900102,0.6211792851436688
2007-05-24,0.0,-0.004040842441413531,0.6062060386705048
2007-05-25,1.0,0.002740144810867502,0.5843324328130345
2007-05-28,1.0,0.0023768542264206043,0.6131602167819943
2007-05-29,1.0,0.0006848533540134252,0.6003866707613922
2007-05-30,1.0,0.011185203163723196,0.6106253763267208
2007-05-31,0.0,-0.00018169705095109567,0.5909137314082316
2007-06-01,0.0,-0.005298717572944346,0.5652621990362627
2007-06-04,0.0,-0.005303467145965064,0.5907983327482219
2007-06-05,0.0,-0.011331778605859988,0.5845218749166645
2007-06-06,0.0,-0.004707297518053424,0.562432292632735
2007-06-07,1.0,0.00928694054386279,0.6352179939956308
2007-06-08,1.0,0.03713794154373457,0.6550439832972168
2007-06-11,1.0,0.028459810802858317,0.6477339213543447
2007-06-12,1.0,0.05178371100049169,0.6717616125971414
2007-06-13,1.0,0.04507530689019162,0.6511048525338413
2007-06-14,1.0,0.06453372781371243,0.6551709371088446
2007-06-15,1.0,0.06733844296903549,0.6417891751303872
2007-06-18,1.0,0.06880494595569914,0.6581224813508423
2007-06-19,1.0,0.07434551723441644,0.6230661745395459
2007-06-20,1.0,0.08356797916557207,0.6680150575011609
2007-06-21,1.0,0.08323736702977462,0.6586859650193456
2007-06-22,1.0,0.07831300040993722,0.6540202334813382
2007-06-25,1.0,0.09782064137386802,0.6776512591403698
2007-06-26,1.0,0.12122710756135748,0.6596604585683886
2007-06-27,1.0,0.11427174143325726,0.6634594128068745
2007-06-28,1.0,0.12214467354419616,0.6409027261707158
2007-06-29,1.0,0.11866346413143374,0.6564604166718244
2007-07-02,1.0,0.10580165075119151,0.6115253436249966
2007-07-03,1.0,0.11348723279367423,0.6477955007828351
2007-07-04,1.0,0.1079862308414649,0.64362404271087
2007-07-05,1.0,0.12289185203450394,0.6425497413129533
2007-07-06,1.0,0.12549491754759928,0.6163298980611421
2007-07-09,1.0,0.12348717486866008,0.6316831590369875
2007-07-10,1.0,0.09800653998520041,0.6164739966024975
2007-07-11,1.0,0.09693947726398627,0.6358946005391922
2007-07-12,1.0,0.10145367372383358,0.6111645764137703
2007-07-13,1.0,0.1076520850369902,0.626796835084665
2007-07-16,1.0,0.0979182416913445,0.6467207022946868
2007-07-17,1.0,0.10417166065591177,0.6379189416327721
2007-07-18,1.0,0.09639023931258546,0.6194217339000401
2007-07-19,1.0,0.09883298454321744,0.6114239777285456
2007-07-20,1.0,0.09179214627264577,0.6054462863632725
2007-07-23,1.0,0.10808567228259584,0.6262222215227209
2007-07-24,1.0,0.1104138055498351,0.6057186137370029
2007-07-25,1.0,0.11191477847931343,0.6175420462264544
2007-07-26,1.0,0.14742596666445867,0.6608389413855652
2007-07-27,1.0,0.1460808716192287,0.6792086349540113
2007-07-30,1.0,0.1258705441684027,0.6645976192891458
2007-07-31,1.0,0.13432138608232982,0.6602403951242066
2007-08-01,1.0,0.1358622323604629,0.6442084045304282
2007-08-02,1.0,0.14486724397186088,0.6325796052107664
2007-08-03,1.0,0.15419313275757826,0.6092516154930753
2007-08-06,1.0,0.16403561330721989,0.640617547690959
2007-08-07,1.0,0.15112920807310523,0.6348569613205003
2007-08-08,1.0,0.16592376664519173,0.6038955281173005
2007-08-09,1.0,0.17319276825962107,0.6411902473609048
2007-08-10,1.0,0.18187555961121055,0.5828637680190225
2007-08-13,1.0,0.1861727324340363,0.6466837017501018
2007-08-14,1.0,0.20930041722201198,0.6377265912655781
2007-08-15,1.0,0.2190489004524922,0.6403273381547883
2007-08-16,1.0,0.24568177553357087,0.6484138840512877
2007-08-17,1.0,0.23493150706625202,0.6523500538162345
2007-08-20,1.0,0.18860210779463227,0.6872817616511009
2007-08-21,1.0,0.198968072596984,0.6943111272144639
2007-08-22,1.0,0.20598753970432848,0.6589918192888589
2007-08-23,1.0,0.17725356594016695,0.6461486201442844
2007-08-24,1.0,0.16275086907481404,0.6155842161602358
2007-08-27,1.0,0.1578458045502706,0.6370007611902953
2007-08-28,1.0,0.19258319107708757,0.6476104322296516
2007-08-29,1.0,0.18132245590157423,0.6358569798369925
2007-08-30,1.0,0.19002018923171893,0.6272183397296276
2007-08-31,1.0,0.20158827527500625,0.5774197213121236
2007-09-03,1.0,0.2038665694620723,0.6144497191827791
2007-09-04,1.0,0.175710347668065,0.5565791947245539
2007-09-05,1.0,0.1658947152888748,0.5907671849635562
2007-09-06,1.0,0.13140989043923096,0.5876174454686384
2007-09-07,1.0,0.11158220491254042,0.6105393937256274
2007-09-10,1.0,0.12196209443397073,0.621119288648245
2007-09-11,1.0,0.1179545609061004,0.5930713967501645
2007-09-12,1.0,0.11101482031024473,0.5983111594774865
2007-09-13,1.0,0.12476442880184763,0.5946144928899384
2007-09-14,1.0,0.11621154839203143,0.5915754060372355
2007-09-17,1.0,0.11888750049771428,0.5515256342816994
2007-09-18,1.0,0.09672903830092835,0.5408063766424542
2007-09-19,1.0,0.12012757276143596,0.5659364448290162
2007-09-20,1.0,0.08413194788096323,0.5265632318449489
2007-09-21,1.0,0.08260317890497038,0.550188803002658
2007-09-24,1.0,0.08239837181891654,0.5615734581725059
2007-09-25,1.0,0.09283466928807318,0.5515089640335311
2007-09-26,1.0,0.09594614159323427,0.5514684036123194
2007-09-27,1.0,0.08098177072100776,0.5356526803831643
2007-09-28,1.0,0.08765219726147912,0.5074439916652499
2007-10-01,1.0,0.08292111749016443,0.5247769463135235
2007-10-02,1.0,0.09808975175323821,0.5279351096682865
2007-10-03,1.0,0.12461346587544143,0.544503396543253
2007-10-04,1.0,0.11214234502719893,0.5285359096326981
2007-10-05,1.0,0.12370475817341942,0.5345501302640103
2007-10-08,1.0,0.12858257939667184,0.5773422244970741
2007-10-09,1.0,0.12206531135224687,0.5463474177441799
2007-10-10,1.0,0.14594391742077675,0.5512833393709151
2007-10-11,1.0,0.14540604150472164,0.5442630761926766
2007-10-12,1.0,0.13759467881451815,0.5658917450892763
2007-10-15,1.0,0.12226191449147185,0.5315329163653414
2007-10-16,1.0,0.14385269767971354,0.5207310707330964
2007-10-17,1.0,0.15207803028178088,0.5158001089026741
2007-10-18,1.0,0.15087235479598887,0.4797417929398814
2007-10-19,1.0,0.15713330824076718,0.49359192231691024
2007-10-22,1.0,0.18131557053866187,0.49939214301564994
2007-10-23,1.0,0.1560291085109333,0.5079926855655406
2007-10-24,1.0,0.13803885731405116,0.4973545980505845
2007-10-25,1.0,0.1318921972843494,0.5095479645449018
2007-10-26,1.0,0.11757924515231559,0.4782667832993907
2007-10-29,1.0,0.08842067225984913,0.49286428083118233
2007-10-30,1.0,0.1318646162664514,0.5057469509535077
2007-10-31,1.0,0.11124083134816463,0.45906011959767784
2007-11-01,1.0,0.14796220336909785,0.4838628879241956
2007-11-02,1.0,0.12445219709266438,0.4447602428269138
2007-11-05,1.0,0.1413725479392076,0.4656751990487118
2007-11-06,1.0,0.11306891130891945,0.40886971530497007
2007-11-07,1.0,0.11180112441070561,0.4115441979187629
2007-11-08,1.0,0.1051217606858795,0.37140676342170664
2007-11-09,1.0,0.0846327490137164,0.41707029633631265
2007-11-12,1.0,0.12991111069495845,0.4579187188797114
2007-11-13,1.0,0.1020545582445227,0.4586743199662559
2007-11-14,1.0,0.10362244595637468,0.4730628615075842
2007-11-15,1.0,0.14393588923214093,0.4758122328304738
2007-11-16,1.0,0.1602800012105048,0.5142983754005418
2007-11-19,1.0,0.16663580330134398,0.47833499526714923
2007-11-20,1.0,0.12086592805880782,0.44847734255273675
2007-11-21,1.0,0.12468969081749455,0.5259757328096923
2007-11-22,1.0,0.1212063626842902,0.5172027573226975
2007-11-23,1.0,0.09124090820505576,0.48300758558657897
2007-11-26,1.0,0.09325749348658272,0.4804548959244158
2007-11-27,1.0,0.13258951501743974,0.5183002888375876
2007-11-28,1.0,0.1596010177457934,0.5321328643618216
2007-11-29,1.0,0.17643678158797382,0.5542143674504779
2007-11-30,1.0,0.1873064533656224,0.5736423285016525
2007-12-03,1.0,0.16799302914567138,0.5492957799172408
2007-12-04,1.0,0.1677782445375113,0.573265613464754
2007-12-05,1.0,0.18614997330666347,0.5904595462056145
2007-12-06,1.0,0.19042650568387584,0.5624119377631693
2007-12-07,1.0,0.20349531572257049,0.6149238880751731
2007-12-10,1.0,0.1961031884385607,0.5794844849359333
2007-12-11,1.0,0.1902720836282582,0.623315067909789
2007-12-12,1.0,0.1961815612869111,0.5692855984335788
2007-12-13,1.0,0.20488913441481799,0.6126289747285508
2007-12-14,1.0,0.2028892115442183,0.6003383004973114
2007-12-17,1.0,0.20395514260751743,0.621530773476292
2007-12-18,1.0,0.19248709625439042,0.5968025908295331
2007-12-19,1.0,0.2031924194927324,0.6173393335521062
2007-12-20,1.0,0.2224954094238165,0.6296778960900349
2007-12-21,1.0,0.21154548316193847,0.5898469245544766
2007-12-24,1.0,0.21119763612508238,0.6198182280397081
2007-12-25,1.0,0.1965120094092374,0.617167648432404
2007-12-26,1.0,0.1355608661125329,0.5795628759752055
2007-12-27,1.0,0.09757818595487014,0.5880447058132988
2007-12-28,1.0,0.08983309119570539,0.5670752973051421
2007-12-31,1.0,0.09311440589430796,0.5876586933524758
2008-01-01,1.0,0.11870753454129657,0.6163776158741993
2008-01-02,1.0,0.1067623662599749,0.5566387132014349
2008-01-03,1.0,0.09086168532794614,0.5750604169679429
2008-01-04,1.0,0.07984581675941592,0.610054008545591
2008-01-07,1.0,0.06618603989926998,0.615063290359779
2008-01-08,1.0,0.005156582647126137,0.5503446970156859
2008-01-09,1.0,0.028659113093069264,0.5953211320597089
2008-01-10,1.0,0.010689334605640198,0.5675069204967282
2008-01-11,1.0,0.0203302399487922,0.5992787882019852
2008-01-14,1.0,0.017400514680167362,0.5419307933198605
2008-01-15,1.0,0.029730420421031207,0.569584908244644
2008-01-16,1.0,0.06293523891606806,0.5891947642348506
2008-01-17,1.0,0.056724766744016955,0.6080857150289908
2008-01-18,1.0,0.046600301700363014,0.5911170177882002
2008-01-21,1.0,0.0664694591444826,0.618110869531261
2008-01-22,1.0,0.03908751945043084,0.533724597617318
2008-01-23,1.0,0.05917002224917312,0.5970510886796102
2008-01-24,1.0,0.028030890417349144,0.5549904252894043
2008-01-25,1.0,0.003429748206516038,0.5933335644441589
2008-01-28,0.0,-0.013252546711793297,0.5601575316950128
2008-01-29,0.0,-0.00854510923465851,0.5900332996319997
2008-01-30,0.0,-0.027433345818670605,0.5604539775686334
2008-01-31,0.0,-0.04399976874774904,0.5974747489572358
2008-02-01,0.0,-0.021409696090572816,0.5846341069709872
2008-02-04,0.0,-0.011486958746400074,0.5265669374310893
2008-02-05,0.0,-0.020095406902793385,0.5800524766576092
2008-02-06,0.0,-0.02592727409377218,0.5573452262133067
2008-02-07,0.0,-0.0655970963357328,0.5497542497162146
2008-02-08,0.0,-0.07482246126398107,0.5106369803147279
2008-02-11,0.0,-0.054861617210080454,0.5358019506310683
2008-02-12,0.0,-0.03364706927496116,0.5411967184766711
2008-02-13,0.0,-0.042645941627746986,0.5450430662494803
2008-02-14,0.0,-0.029442645147477128,0.5594702251862281
2008-02-15,0.0,-0.019750551089841965,0.5639706840138174
2008-02-18,0.0,-0.025193179744502563,0.5801698467710875
2008-02-19,0.0,-0.06783488732696134,0.4811265956910418
2008-02-20,0.0,-0.08865932393441532,0.4639250453362389
2008-02-21,0.0,-0.07055311985646613,0.4944326167788869
2008-02-22,0.0,-0.04633866456895842,0.4913927667511877
2008-02-25,0.0,-0.03729833902537538,0.5112015111955704
2008-02-26,0.0,-0.030954597405035988,0.4898023017583345
2008-02-27,0.0,-0.026757980025132036,0.501797033243231
2008-02-28,0.0,-0.051676146728900606,0.49549841377325177
2008-02-29,0.0,-0.051683986622959345,0.4933473720896953
2008-03-03,0.0,-0.057104596871445534,0.4814618671025164
2008-03-04,0.0,-0.06156579652504794,0.4908067202186805
2008-03-05,0.0,-0.09416414045607643,0.48237806665393657
2008-03-06,0.0,-0.10898873604158242,0.5055385745345289
2008-03-07,0.0,-0.09330848539510501,0.5093293307146104
2008-03-10,0.0,-0.08740393191029956,0.50024100129417
2008-03-11,0.0,-0.10014564719135369,0.4966464595772885
2008-03-12,0.0,-0.10959379491596528,0.5120522319068739
2008-03-13,0.0,-0.12583685174624917,0.4868870247211948
2008-03-14,0.0,-0.10580929274780865,0.49388549200285475
2008-03-17,0.0,-0.11597704800670902,0.46522140793850364
2008-03-18,0.0,-0.1247967008986444,0.48603355525417963
2008-03-19,0.0,-0.07001845243973313,0.5579989757577065
2008-03-20,0.0,-0.0472422527170484,0.6109006924451172
2008-03-21,0.0,-0.053556808383501395,0.6269155182310936
2008-03-24,0.0,-0.036606412451440876,0.6279386448304699
2008-03-25,0.0,-0.06153912514936864,0.5994991553335006
2008-03-26,0.0,-0.06474465519881006,0.5936455018531787
2008-03-27,0.0,-0.052816947445188,0.6185707866462388
2008-03-28,0.0,-0.03136592252731642,0.6406788024895148
2008-03-31,0.0,-0.03674580949180426,0.6663188979196952
2008-04-01,1.0,0.007786531470130723,0.684651572960885
2008-04-02,0.0,-0.02007070104195259,0.6644282750888364
2008-04-03,1.0,0.015822767202176357,0.6873264408685343
2008-04-04,1.0,0.015215406561986097,0.6855306445030519
2008-04-07,1.0,0.005852406429813156,0.6824003451881065
2008-04-08,1.0,0.02667141106976943,0.6864431734765508
2008-04-09,1.0,0.011867206827331604,0.6835768086710136
2008-04-10,1.0,0.005860146423056287,0.7022041429228155
2008-04-11,1.0,0.008555108539708813,0.7181350428093827
2008-04-14,1.0,0.0015132684074631278,0.715319309457
2008-04-15,0.0,-0.008963330088023296,0.67866310011116
2008-04-16,0.0,-0.017105202548649452,0.6725009283490826
2008-04-17,1.0,0.009393324158906485,0.6868023148604065
2008-04-18,1.0,0.05009312840239272,0.7206948932250903
2008-04-21,1.0,0.05914899917700751,0.7388021749294496
2008-04-22,1.0,0.0650911034505789,0.7435060607270478
2008-04-23,1.0,0.059775328939957496,0.7767026798948665
2008-04-24,1.0,0.07738894462869192,0.8025420835997357
2008-04-25,1.0,0.0746558467363781,0.7719222274984033
2008-04-28,1.0,0.07782019525171242,0.7747362051146891
2008-04-29,1.0,0.08359755345593327,0.7647026189838195
2008-04-30,1.0,0.048163222767915966,0.7728395174149756
2008-05-01,1.0,0.08467782489710345,0.7664740202848885
2008-05-02,1.0,0.08222734387204404,0.7625808712110576
2008-05-05,1.0,0.06255259372800434,0.7559080275355208
2008-05-06,1.0,0.04735469478552783,0.7255593203571233
2008-05-07,1.0,0.042094278349013026,0.7406669206042708
2008-05-08,1.0,0.03588518143844561,0.7095360519086841
2008-05-09,1.0,0.029069871894500193,0.7026981450920767
2008-05-12,1.0,0.013637495601094625,0.7282125737521629
2008-05-13,1.0,0.008556631871646922,0.7368658279537138
2008-05-14,1.0,0.018121840110563663,0.7635434869297888
2008-05-15,0.0,-0.009802323885796023,0.7312837546393552
2008-05-16,0.0,-0.052086815562523786,0.7212513428799374
2008-05-19,0.0,-0.09416743925594187,0.7476191569386261
2008-05-20,0.0,-0.12366376898229708,0.7315449942901077
2008-05-21,0.0,-0.12035994157584298,0.7240474848953172
2008-05-22,0.0,-0.13351744561232115,0.7508867353787714
2008-05-23,0.0,-0.16078453306799417,0.7505843892365881
2008-05-26,0.0,-0.14951715180724115,0.7502097074949362
2008-05-27,0.0,-0.1073298354067988,0.7516973974299126
2008-05-28,0.0,-0.10178388366356239,0.7637366352592616
2008-05-29,0.0,-0.047708621442687754,0.7771602442576181
2008-05-30,0.0,-0.07426417334116853,0.7814010828098669
2008-06-02,0.0,-0.081136130921797,0.7811342798940171
2008-06-03,0.0,-0.06528454537440816,0.7961460270494666
2008-06-04,0.0,-0.06326034338762898,0.7972638021032646
2008-06-05,0.0,-0.05044166394366878,0.7958616119600938
2008-06-06,0.0,-0.08208135954142962,0.7752531409680518
2008-06-09,0.0,-0.08797907135523907,0.7897619197945023
2008-06-10,0.0,-0.07376201124385358,0.7799379722232069
2008-06-11,0.0,-0.09408414688842842,0.7260967731093366
2008-06-12,0.0,-0.08625775012484586,0.7073133225372582
2008-06-13,0.0,-0.08129605048330718,0.7226094599587245
2008-06-16,0.0,-0.09516286517968248,0.705260715613907
2008-06-17,0.0,-0.12727998586963266,0.705127914028777
2008-06-18,0.0,-0.17276264820652723,0.6938358611914874
2008-06-19,0.0,-0.18533788805471108,0.6807487134188408
2008-06-20,0.0,-0.16441784390271647,0.690217760599177
2008-06-23,0.0,-0.11644737001020732,0.7169319120305747
2008-06-24,0.0,-0.13179856800840536,0.6351116997225584
2008-06-25,0.0,-0.025746609940780686,0.6690285075046353
2008-06-26,0.0,-0.07521047572016001,0.6027901143541367
2008-06-27,0.0,-0.060250823397189714,0.6225725749454502
2008-06-30,0.0,-0.03117021441410313,0.628972878237299
2008-07-01,0.0,-0.05185190087782121,0.59731486736147
2008-07-02,0.0,-0.06843755831572582,0.6215222135117258
2008-07-03,0.0,-0.062425428984148545,0.6556804249695334
2008-07-04,0.0,-0.06017267466981859,0.671115589263744
2008-07-07,0.0,-0.017817236525648032,0.6609235463772339
2008-07-08,0.0,-0.05438684531295403,0.6752734083757076
2008-07-09,0.0,-0.06423343900530103,0.6561981051255809
2008-07-10,0.0,-0.1248888205812963,0.6269126525633245
2008-07-11,0.0,-0.1432683939360736,0.6390979293091186
2008-07-14,0.0,-0.1233312486573099,0.650073076981512
2008-07-15,0.0,-0.09704057633297956,0.6465910861821054
2008-07-16,0.0,-0.056055410970001836,0.6780616455077016
2008-07-17,0.0,-0.04724294565735014,0.6538339068710303
2008-07-18,0.0,-0.11665147715736972,0.6732753032032482
2008-07-21,0.0,-0.1476042227916568,0.6504829457316401
2008-07-22,0.0,-0.12319972936262398,0.654117532518381
2008-07-23,0.0,-0.08371453261406181,0.7040499859512483
2008-07-24,0.0,-0.14274035112941963,0.6846599655480944
2008-07-25,0.0,-0.17144368797654203,0.7011110305415084
2008-07-28,0.0,-0.155132575753516,0.7118842577242017
2008-07-29,0.0,-0.1746462231599987,0.7282856059221826
2008-07-30,0.0,-0.21548889264949184,0.7020504770170098
2008-07-31,0.0,-0.23664407921155448,0.6995643491344838
2008-08-01,0.0,-0.21495770571266734,0.7173865522797085
2008-08-04,0.0,-0.20246040511212285,0.7448676101274757
2008-08-05,0.0,-0.15753968837400245,0.7336791806852008
2008-08-06,0.0,-0.15304308702414052,0.6999423511635715
2008-08-07,0.0,-0.16787286711904614,0.7318793972802662
2008-08-08,0.0,-0.16742029268933747,0.7422574156831921
2008-08-11,0.0,-0.12995703932034985,0.7141508864552315
2008-08-12,0.0,-0.06230871958409709,0.70554853863706
2008-08-13,0.0,-0.11043978045288526,0.7114338855659922
2008-08-14,0.0,-0.09592403243076905,0.7395382039003613
2008-08-15,0.0,-0.06700442555591542,0.7268194484895399
2008-08-18,0.0,-0.06970556305296817,0.702409831896515
2008-08-19,0.0,-0.10683544217889421,0.6588830584410595
2008-08-20,0.0,-0.1330557074138387,0.681562690130441
2008-08-21,0.0,-0.12791483458679032,0.6474437570126116
2008-08-22,0.0,-0.10353294719700609,0.6534592981047057
2008-08-25,0.0,-0.10784414831488001,0.6404983382093659
2008-08-26,0.0,-0.1111151108865891,0.6324714709178522
2008-08-27,0.0,-0.11842570191168494,0.6404730360822247
2008-08-28,0.0,-0.11282860055067634,0.6535426386888354
2008-08-29,0.0,-0.03769868127189006,0.645659190687958
2008-09-01,1.0,0.004818992459367358,0.6541847986026684
2008-09-02,1.0,0.0193070434011582,0.6273289394402246
2008-09-03,1.0,0.014372691968501813,0.6395428753957694
2008-09-04,1.0,0.024041647185722978,0.6651166283000093
2008-09-05,1.0,0.01794627425151832,0.6319558468615826
2008-09-08,0.0,-0.04245665487367765,0.6356747090592338
2008-09-09,1.0,0.0065401618092030414,0.6404436585338721
2008-09-10,1.0,0.028172722787158887,0.6102033569417371
2008-09-11,1.0,0.027131372737413943,0.5853797337640168
2008-09-12,0.0,-0.011892777906894409,0.564685898128134
2008-09-15,0.0,-0.017892547746893975,0.5510291792375188
2008-09-16,0.0,-0.003597357255169453,0.5491496642463664
2008-09-17,0.0,-0.06362442842658292,0.610193968469903
2008-09-18,0.0,-0.03527476880824096,0.6777775623662404
2008-09-19,0.0,-0.060399273733175406,0.691628878375329
2008-09-22,0.0,-0.06750091286567757,0.7150793232967417
2008-09-23,0.0,-0.038913637064362475,0.7008224997260419
2008-09-24,0.0,-0.01682958609024921,0.7073193872256064
2008-09-25,0.0,-0.028878659971881826,0.6832765604177629
2008-09-26,0.0,-0.04714826957313247,0.6364984961645315
2008-09-29,0.0,-0.06995540164032896,0.6500844029526461
2008-09-30,0.0,-0.03594461118818899,0.6542704019387194
2008-10-01,0.0,-0.026531693568489195,0.7203233460106531
2008-10-02,1.0,0.012581920652437375,0.7019761387375094
2008-10-03,1.0,0.03965794204957015,0.7256617023627394
2008-10-06,1.0,0.023621109154484742,0.7257470106612819
2008-10-07,0.0,-0.015220648222492273,0.7201587529665652
2008-10-08,0.0,-0.028577045059748084,0.6913867199979469
2008-10-09,0.0,-0.03771295359705807,0.6704900445815682
2008-10-10,1.0,0.029621061433434414,0.5986575667504664
2008-10-13,1.0,0.03125716044782619,0.6703616892816552
2008-10-14,1.0,0.0319914380632855,0.6809797670562532
2008-10-15,0.0,-0.004674979665743115,0.6765345487865564
2008-10-16,1.0,0.06355929464818884,0.6197457791522194
2008-10-17,1.0,0.08658576356786997,0.5982172280022678
2008-10-20,1.0,0.029611188336824735,0.6173469560201655
2008-10-21,1.0,0.06320931570933941,0.6569610292276787
2008-10-22,1.0,0.10547003118860693,0.6670215759195471
2008-10-23,1.0,0.12535473218727705,0.6865537306955793
2008-10-24,1.0,0.13761457281716694,0.5563539911408474
2008-10-27,1.0,0.13436916420125883,0.6251338013955047
2008-10-28,1.0,0.1377313428547033,0.615878585587151
2008-10-29,1.0,0.12357236910492242,0.6164462874611579
2008-10-30,1.0,0.14931795774868947,0.5721816486176776
2008-10-31,1.0,0.216566174467207,0.6082089979109268
2008-11-03,1.0,0.2220786400368456,0.619011258963569
2008-11-04,1.0,0.16394208926997256,0.5496527808307539
2008-11-05,1.0,0.18134181043608472,0.6092648752990979
2008-11-06,1.0,0.21501893905396058,0.5865675251393563
2008-11-07,1.0,0.2307572006369847,0.5946269402051794
2008-11-10,1.0,0.19348257285312123,0.5898050557516094
2008-11-11,1.0,0.20741298272553008,0.6871546718778783
2008-11-12,1.0,0.24026415879087853,0.7052845067503244
2008-11-13,1.0,0.21652290511924976,0.6487665653804021
2008-11-14,1.0,0.20560758914262975,0.6547916345515086
2008-11-17,1.0,0.19248538089519235,0.6884433429540718
2008-11-18,1.0,0.2148862929412357,0.7131364785105982
2008-11-19,1.0,0.24554676270785614,0.6375965394382176
2008-11-20,1.0,0.2395703147325162,0.6436530223101281
2008-11-21,1.0,0.16257514980643933,0.5650061015873992
2008-11-24,1.0,0.13642533294485157,0.6255816273115711
2008-11-25,1.0,0.16696976131116928,0.6390726272094275
2008-11-26,1.0,0.1919320124231301,0.6301425822134795
2008-11-27,1.0,0.17787243226578378,0.6473447880148053
2008-11-28,1.0,0.1937064946104628,0.670608662751944
2008-12-01,1.0,0.2544451115085069,0.67310327271442
2008-12-02,1.0,0.20740846319442413,0.6528653197305676
2008-12-03,1.0,0.20897818648442704,0.623034058339336
2008-12-04,1.0,0.20996716182979164,0.6245358637629593
2008-12-05,1.0,0.21974031827179283,0.6646378911446131
2008-12-08,1.0,0.18109134523668513,0.6483153997030626
2008-12-09,1.0,0.16494599658763048,0.673947037895045
2008-12-10,1.0,0.11181631600069762,0.5813910132431003
2008-12-11,1.0,0.12681257917439315,0.5985125288111641
2008-12-12,1.0,0.13302205152603,0.6213264898767015
2008-12-15,1.0,0.09495773587314979,0.5909067656295445
2008-12-16,1.0,0.045616449401769295,0.578583388527327
2008-12-17,1.0,0.04670854074071115,0.5788094000383773
2008-12-18,1.0,0.08290031692812058,0.588291700937015
2008-12-19,1.0,0.10356355925343726,0.608966974559055
2008-12-22,1.0,0.08485213852390419,0.6502220867533333
2008-12-23,1.0,0.08572116948425985,0.6350491621217262
2008-12-24,1.0,0.10512463878446004,0.6701655354476918
2008-12-25,1.0,0.12508813404666302,0.6541918071802246
2008-12-26,1.0,0.09108680667539977,0.5899790725495783
2008-12-29,1.0,0.06508506038665954,0.6244384416751215
2008-12-30,1.0,0.057996768717806416,0.6427077022866219
2008-12-31,1.0,0.057249107533398146,0.626510819990991
2009-01-01,1.0,0.06028678680046931,0.6094674248596036
2009-01-02,1.0,0.0531108100849572,0.5050864634462672
2009-01-05,1.0,0.06349085210512745,0.4905863067403506
2009-01-06,1.0,0.06199230856404219,0.4808742622279718
2009-01-07,1.0,0.09547732769555015,0.5470786894185817
2009-01-08,1.0,0.05298011443328602,0.45720213341821375
2009-01-09,1.0,0.04458918148752733,0.48272624853831536
2009-01-12,1.0,0.05688765510463294,0.5149379570311943
2009-01-13,1.0,0.06958961148818445,0.5165567438431574
2009-01-14,1.0,0.08135911416913073,0.45155552998881643
2009-01-15,1.0,0.07256519025183139,0.424731310874393
2009-01-16,1.0,0.04465027373773893,0.3871721155658093
2009-01-19,1.0,0.0670289871559873,0.4027150517560499
2009-01-20,1.0,0.038300533092168014,0.3404447837322109
2009-01-21,1.0,0.04217665162370705,0.3665436728619017
2009-01-22,1.0,0.021585647930398945,0.3564979182731841
2009-01-23,0.0,-0.035003997779469165,0.3268683301501174
2009-01-26,0.0,-0.021087561620096278,0.3525171008724184
2009-01-27,0.0,-0.01729692818832021,0.38806903497342693
2009-01-28,1.0,0.002475666599489261,0.3428224708255916
2009-01-29,0.0,-0.0047988177808358295,0.31576543228560455
2009-01-30,0.0,-0.015915167134707312,0.4056858377496991
2009-02-02,1.0,0.001114796554727048,0.4132074936380931
2009-02-03,0.0,-0.007771554337150553,0.3856937950710446
2009-02-04,0.0,-0.008593261472987014,0.3504273858166971
2009-02-05,0.0,-0.029235198163932757,0.3677195884594763
2009-02-06,0.0,-0.027754068615720204,0.41294181133199387
2009-02-09,1.0,0.008404580126761358,0.3710726111141326
2009-02-10,0.0,-0.01981027676265679,0.3361575129111504
2009-02-11,0.0,-0.03002046855405859,0.3320590035699999
2009-02-12,0.0,-0.03882153220813128,0.39737234416473177
2009-02-13,0.0,-0.02696103250698339,0.4206463030315078
2009-02-16,0.0,-0.030642585499840582,0.38498967743292867
2009-02-17,0.0,-0.04954540935713399,0.38559959053905196
2009-02-18,0.0,-0.061341956915674824,0.43222964788742746
2009-02-19,0.0,-0.05066438646673954,0.4593719804324265
2009-02-20,0.0,-0.06351175465685205,0.4332455279295417
2009-02-23,0.0,-0.07700137469466281,0.36205612835434026
2009-02-24,0.0,-0.03986288383687898,0.38246685997424185
2009-02-25,0.0,-0.016042785733942463,0.37602939523889317
2009-02-26,1.0,0.00800004266707615,0.37811907051853
2009-02-27,1.0,0.0157922953565773,0.35995788941180423
2009-03-02,1.0,0.03470028238400592,0.3737964118659361
2009-03-03,1.0,0.03824303997099148,0.40752967328776896
2009-03-04,1.0,0.046765685701231095,0.4337688244992124
2009-03-05,1.0,0.028598296454149442,0.3793691752479153
2009-03-06,1.0,0.04149670164953732,0.42279804364246165
2009-03-09,1.0,0.056201670672383866,0.43380192691491537
2009-03-10,1.0,0.08910145498139466,0.4420425609701781
2009-03-11,1.0,0.05734105727740272,0.4288979895792753
2009-03-12,1.0,0.05625329228403931,0.47283420273086235
2009-03-13,1.0,0.027057353521829895,0.4716162606655149
2009-03-16,1.0,0.030584206442310732,0.4842766980218143
2009-03-17,1.0,0.04211981923060582,0.48486622064752855
2009-03-18,1.0,0.013171891845192294,0.3987394753657556
2009-03-19,0.0,-0.006165763080259176,0.47613423537155786
2009-03-20,0.0,-0.013640179759948742,0.5341957376374676
2009-03-23,0.0,-0.011992862447633161,0.5172538100842441
2009-03-24,1.0,0.009598766642847634,0.5015722982273368
2009-03-25,1.0,0.005179173193615291,0.49255005477351654
2009-03-26,0.0,-0.0011139914175019299,0.5402572621610227
2009-03-27,1.0,0.011738235144818582,0.5302400313608295
2009-03-30,1.0,0.007462477656478854,0.4894083406140941
2009-03-31,1.0,0.007241302550277311,0.4959130073016796
2009-04-01,1.0,0.004303858590916476,0.49800085089230434
2009-04-02,1.0,0.03819701585691551,0.5540888157568026
2009-04-03,1.0,0.050699712889864225,0.5646219254832897
2009-04-06,1.0,0.07646859883625641,0.4638252125266038
2009-04-07,1.0,0.05019196643818365,0.42258154934478614
2009-04-08,1.0,0.06624064920810155,0.46228711073917417
2009-04-09,1.0,0.05578651107411121,0.4898909109085616
2009-04-10,1.0,0.055805867204997625,0.46356247353572017
2009-04-13,1.0,0.034201706136300594,0.419819582409566
2009-04-14,1.0,0.037417607278178396,0.4740255051570442
2009-04-15,1.0,0.020494455339068622,0.46611918691852755
2009-04-16,1.0,0.04100012185436554,0.4765806210482931
2009-04-17,1.0,0.04967769442837211,0.48156158357598516
2009-04-20,1.0,0.03967719024497114,0.4278654277054359
2009-04-21,1.0,0.046319415376526105,0.46469217897936793
2009-04-22,1.0,0.05408792468352994,0.4688359246227812
2009-04-23,1.0,0.03588491286625196,0.43409279522374716
2009-04-24,1.0,0.026261843188925455,0.43688215539047137
2009-04-27,1.0,0.04550159620392537,0.45042464737177107
2009-04-28,1.0,0.05986976709670506,0.4528354859521506
2009-04-29,1.0,0.057764515695981386,0.4681766942391412
2009-04-30,1.0,0.06636990437854891,0.4759481391934184
2009-05-01,1.0,0.07054450298341232,0.479692714689307
2009-05-04,1.0,0.05577056383528353,0.40813721455888513
2009-05-05,1.0,0.043993685685890196,0.4439926816249807
2009-05-06,1.0,0.020400225177068056,0.413215876037318
2009-05-07,1.0,0.02569107750018964,0.4231808275052406
2009-05-08,1.0,0.03993795143925239,0.43520650025113417
2009-05-11,1.0,0.04649712212405738,0.4638471075923865
2009-05-12,1.0,0.04613842691642594,0.42792755986667663
2009-05-13,1.0,0.039322436111929523,0.44848178194724536
2009-05-14,1.0,0.03889893778085244,0.4347362890536232
2009-05-15,1.0,0.024540783706467315,0.43468723042095825
2009-05-18,1.0,0.030089958814410265,0.46840696797730347
2009-05-19,1.0,0.022500481604787154,0.42459450893409123
2009-05-20,1.0,0.008962011461684589,0.40342317655235854
2009-05-21,1.0,0.0012049772250397248,0.3801639573533766
2009-05-22,0.0,-0.009234548020659792,0.40683627660474275
2009-05-25,0.0,-0.025617372548042493,0.38341214218541825
2009-05-26,0.0,-0.014175631431047981,0.35251066297261824
2009-05-27,0.0,-0.008298364172127166,0.36448980956066274
2009-05-28,0.0,-0.01978907795861194,0.3306219708712093
2009-05-29,0.0,-0.026178421981318915,0.36885121053881714
2009-06-01,0.0,-0.03518690230700181,0.3657529750732224
2009-06-02,0.0,-0.038518204966640886,0.3317072189833531
2009-06-03,0.0,-0.018359329895030984,0.37038097017092875
2009-06-04,0.0,-0.03329492358602365,0.37043128039071177
2009-06-05,0.0,-0.0002617458462790769,0.44755487800060023
2009-06-08,0.0,-0.0005990321081672512,0.4481217928221042
2009-06-09,1.0,0.0016430073863955494,0.4410205246501172
2009-06-10,1.0,0.024843620414575707,0.43691441540559856
2009-06-11,1.0,0.03896062700079774,0.4630286879128533
2009-06-12,1.0,0.057004623196031716,0.48124396882671494
2009-06-15,1.0,0.06963900547453976,0.4883088975077818
2009-06-16,1.0,0.06281206375975087,0.4701116561685939
2009-06-17,1.0,0.05534845645076756,0.4548190457413277
2009-06-18,1.0,0.06587997838600294,0.49356561766236184
2009-06-19,1.0,0.07341183568286645,0.46083184406881894
2009-06-22,1.0,0.0806511044002932,0.47113678138222315
2009-06-23,1.0,0.08458628790182511,0.4737755223411656
2009-06-24,1.0,0.0882185072514257,0.45917601797154933
2009-06-25,1.0,0.07618194455285093,0.44275027646059484
2009-06-26,1.0,0.06987229169369737,0.4329554315990018
2009-06-29,1.0,0.06775180813833794,0.3995196319052077
2009-06-30,1.0,0.09053061070041352,0.41363125950875956
2009-07-01,1.0,0.06938961816940237,0.3844217565341548
2009-07-02,1.0,0.06686829596161513,0.41921417129933547
2009-07-03,1.0,0.06111351527105776,0.4223231008814177
2009-07-06,1.0,0.06902530514660611,0.4339591253379405
2009-07-07,1.0,0.07067852010426988,0.40939170712315137
2009-07-08,1.0,0.10253078732817979,0.4318397854340205
2009-07-09,1.0,0.09093127042882371,0.40650962355115094
2009-07-10,1.0,0.09376072267609512,0.4421695711001914
2009-07-13,1.0,0.1002076339548915,0.4156404252090822
2009-07-14,1.0,0.11844297892521613,0.40659792843940523
2009-07-15,1.0,0.10597787190262005,0.37174940749167124
2009-07-16,1.0,0.1183447515353599,0.4002313569371273
2009-07-17,1.0,0.11261414436913435,0.4054441068565081
2009-07-20,1.0,0.10819196237578602,0.38352619940136035
2009-07-21,1.0,0.11519079567192975,0.3978236347975721
2009-07-22,1.0,0.11035119472398848,0.389809045748406
2009-07-23,1.0,0.10116905396720809,0.3872814105509163
2009-07-24,1.0,0.10208612194266153,0.4039087672445978
2009-07-27,1.0,0.10948267966439244,0.4218244450286647
2009-07-28,1.0,0.11826884355853899,0.47255980641568324
2009-07-29,1.0,0.1298957594541048,0.5195564795673295
2009-07-30,1.0,0.12621391020508935,0.5012733078063318
2009-07-31,1.0,0.10101144952328103,0.4276352052379692
2009-08-03,1.0,0.08193826011979981,0.4659885904918881
2009-08-04,1.0,0.07287728009452955,0.4199176022668626
2009-08-05,1.0,0.06494712517676145,0.4552306065574567
2009-08-06,1.0,0.0833712273642698,0.4513426632515423
2009-08-07,1.0,0.09049588318965801,0.5031892713464763
2009-08-10,1.0,0.11299273419416676,0.5179560674519106
2009-08-11,1.0,0.13643384591411198,0.5206742099353333
2009-08-12,1.0,0.14254460548599773,0.5208562625745653
2009-08-13,1.0,0.13254918362317242,0.5024299480755803
2009-08-14,1.0,0.14366645948315898,0.5365443318614749
2009-08-17,1.0,0.16644892099321418,0.594246778947731
2009-08-18,1.0,0.16393493054351524,0.5912048048939981
2009-08-19,1.0,0.17070148530103896,0.5574700261966973
2009-08-20,1.0,0.1599429253482614,0.5792576537134301
2009-08-21,1.0,0.1594161494713584,0.502059510814641
2009-08-24,1.0,0.19055408722606107,0.5496428901812968
2009-08-25,1.0,0.18900290032995587,0.5241904024897116
2009-08-26,1.0,0.19182973312026827,0.5150794893018542
2009-08-27,1.0,0.18829779238858443,0.4772084889129925
2009-08-28,1.0,0.18632748394846269,0.4331504092419063
2009-08-31,1.0,0.2036432173503916,0.4391113691672743
2009-09-01,1.0,0.20112212090502707,0.4155077980628467
2009-09-02,1.0,0.19719926147674752,0.38028938111032695
2009-09-03,1.0,0.18077442792233295,0.4404639333856153
2009-09-04,1.0,0.16911968299709265,0.49395540844762165
2009-09-07,1.0,0.16993671506069444,0.47131108950780537
2009-09-08,1.0,0.1840948145314776,0.45440871076723616
2009-09-09,1.0,0.20304984064155254,0.4668124614057853
2009-09-10,1.0,0.19204071198537948,0.46768265384599983
2009-09-11,1.0,0.14443964726851236,0.4701092268669563
2009-09-14,1.0,0.14658075120552858,0.463297126302228
2009-09-15,1.0,0.11327905874685819,0.45793999822033404
2009-09-16,1.0,0.10382586773533707,0.4650577286415015
2009-09-17,1.0,0.1095938471091912,0.49613408411584375
2009-09-18,1.0,0.10164181947699819,0.5113429402200346
2009-09-21,1.0,0.11559983435036561,0.4999317970753995
2009-09-22,1.0,0.1036634929327404,0.4514307822978508
2009-09-23,1.0,0.12081954204919833,0.485322821243492
2009-09-24,1.0,0.10022715323477892,0.503188630337899
2009-09-25,1.0,0.11627949532174775,0.5014492716987272
2009-09-28,1.0,0.0982823993168947,0.4818393848036591
2009-09-29,1.0,0.08828693018194567,0.5017117052103631
2009-09-30,1.0,0.07625695363106613,0.4558101152557498
2009-10-01,1.0,0.10100758058779463,0.5038132897816444
2009-10-02,1.0,0.09745640458709037,0.47094086261386725
2009-10-05,1.0,0.08477256090435999,0.4206375609857641
2009-10-06,1.0,0.05118629317324852,0.423111948428251
2009-10-07,1.0,0.04558367170617593,0.45511789799762853
2009-10-08,1.0,0.038898052237023556,0.4183480216399628
2009-10-09,1.0,0.0447952201730438,0.4403933473930992
2009-10-12,1.0,0.058870230516015885,0.4187086870925395
2009-10-13,1.0,0.049224068668045975,0.42980556668484676
2009-10-14,1.0,0.0690932680534731,0.450063788296276
2009-10-15,1.0,0.07465193822365311,0.4722500178003299
2009-10-16,1.0,0.07727912378582025,0.45884442058639474
2009-10-19,1.0,0.07914600228239323,0.4485420367359606
2009-10-20,1.0,0.06715899485448547,0.4806222143094968
2009-10-21,1.0,0.07212300056761718,0.4435719367745743
2009-10-22,1.0,0.07516189930807629,0.4555249013047583
2009-10-23,1.0,0.06912046109829835,0.4548460341436394
2009-10-26,1.0,0.08762104506030352,0.50165266225962
2009-10-27,1.0,0.09017927826618646,0.5004860605327446
2009-10-28,1.0,0.07759307557873517,0.5299393933619295
2009-10-29,1.0,0.04386606722781503,0.46177656215607876
2009-10-30,1.0,0.04470958777509134,0.4826550435761881
2009-11-02,1.0,0.03605747674540769,0.4320569524401446
2009-11-03,1.0,0.012053584373638142,0.3998525612277355
2009-11-04,0.0,-0.003944778291016341,0.41682657444146964
2009-11-05,0.0,-0.0029392875023813683,0.4446321576614252
2009-11-06,0.0,-0.013097914677651654,0.4167316375276569
2009-11-09,1.0,0.001538949292100189,0.3925386397433955
2009-11-10,1.0,0.0077919547483694535,0.41969483024641385
2009-11-11,0.0,-0.0068247391332476506,0.4040770807129083
2009-11-12,0.0,-0.037005375747781684,0.4451403073412071
2009-11-13,0.0,-0.04797258482875101,0.41906726384355253
2009-11-16,0.0,-0.06937228233857688,0.4049052834479531
2009-11-17,0.0,-0.056977006634905285,0.43691945435579727
2009-11-18,0.0,-0.0662218810313562,0.44287891630210424
2009-11-19,0.0,-0.04393563762538079,0.43292723689002893
2009-11-20,0.0,-0.051009729703174106,0.43243645733967784
2009-11-23,0.0,-0.05735516740674172,0.4286656608704445
2009-11-24,0.0,-0.04365330349606408,0.43060758134712257
2009-11-25,0.0,-0.07398276538490618,0.4056463844102386
2009-11-26,0.0,-0.0694028773181445,0.41152169916190706
2009-11-27,0.0,-0.050889799842322496,0.4178868947225946
2009-11-30,0.0,-0.0569938651144559,0.4344584073694093
2009-12-01,0.0,-0.08108788011760087,0.40377545611226123
2009-12-02,0.0,-0.10205741211992149,0.4036851298826458
2009-12-03,0.0,-0.08756861011574374,0.42167675075878025
2009-12-04,0.0,-0.03844264499519765,0.48387272195569964
2009-12-07,0.0,-0.03435423846882939,0.47334697930867237
2009-12-08,1.0,0.005567598669102361,0.5189278529650596
2009-12-09,1.0,0.009962612707693242,0.535475682578006
2009-12-10,1.0,0.0010604454864390973,0.5397272210269907
2009-12-11,1.0,0.017111148360177963,0.5221809069078162
2009-12-14,0.0,-0.0027996907521788354,0.5029545597182097
2009-12-15,0.0,-0.0029816893099156206,0.5150760595605002
2009-12-16,0.0,-0.02625790240112423,0.5066574770126185
2009-12-17,1.0,0.009599783919770176,0.5529132316193581
2009-12-18,0.0,-0.010202788158004407,0.48543227773301045
2009-12-21,1.0,0.013670535579063104,0.530605122091668
2009-12-22,1.0,0.039522257238650466,0.5210952711575052
2009-12-23,1.0,0.0297136765537623,0.5303049516293776
2009-12-24,1.0,0.01966248543335837,0.5104246986064773
2009-12-25,1.0,0.001401161837408362,0.5383499037891215
2009-12-28,0.0,-0.00457107446601552,0.5506663996674971
2009-12-29,1.0,0.007556871173820975,0.5745116457618485
2009-12-30,0.0,-0.005735144530916479,0.5984134658975742
2009-12-31,0.0,-0.00589729474338615,0.5702289390502472
2010-01-01,1.0,0.009234379532546761,0.5856412982013739
2010-01-04,0.0,-0.010291809057456473,0.49651229686160575
2010-01-05,0.0,-0.012963811371913558,0.5310544957577517
2010-01-06,0.0,-0.022340102573830976,0.4744116037286294
2010-01-07,0.0,-0.0042508034251946,0.5295980707443017
2010-01-08,0.0,-0.016341897300098576,0.500656098176962
2010-01-11,0.0,-0.017471708806287577,0.5101234718812122
2010-01-12,1.0,0.005126403307406481,0.5534870178600225
2010-01-13,1.0,0.00974849800140246,0.5383946602671003
2010-01-14,1.0,0.006714946309454722,0.5360300422372258
2010-01-15,1.0,0.027102355341990583,0.5575375436958981
2010-01-18,1.0,0.019740356271905124,0.557700052519654
2010-01-19,1.0,0.010878932904391599,0.5371911923108749
2010-01-20,1.0,0.039097814227107446,0.5969059796348275
2010-01-21,1.0,0.057978245173218396,0.6138674457357686
2010-01-22,1.0,0.039635780818786444,0.629038608961326
2010-01-25,1.0,0.03343865018575129,0.6874875338084061
2010-01-26,1.0,0.03860551780936338,0.6821974448689976
2010-01-27,1.0,0.05268262205024422,0.6976275492525388
2010-01-28,1.0,0.04882958675989554,0.6855181583166795
2010-01-29,1.0,0.06860112771321233,0.6879763071260054
2010-02-01,1.0,0.0425030773163074,0.6404075571479243
2010-02-02,1.0,0.04680344183128357,0.6503518314446654
2010-02-03,1.0,0.049141946033985896,0.6549498110304993
2010-02-04,1.0,0.09255441406327344,0.6723905684644937
2010-02-05,1.0,0.10064153041093833,0.6625959800420055
2010-02-08,1.0,0.10640621231679698,0.7039909523033633
2010-02-09,1.0,0.08290621096057774,0.6735301094021822
2010-02-10,1.0,0.09188707519997757,0.6987492208591289
2010-02-11,1.0,0.09831824916153914,0.6404861865581661
2010-02-12,1.0,0.10002335478649806,0.6681573343706265
2010-02-15,1.0,0.08859187891993343,0.6866224680388154
2010-02-16,1.0,0.09651540258161605,0.6548045118290937
2010-02-17,1.0,0.11276609993000342,0.6924096286754939
2010-02-18,1.0,0.10601872777916777,0.6567507748670052
2010-02-19,1.0,0.09698205455970106,0.634885520228655
2010-02-22,1.0,0.09267550889044146,0.669142155964066
2010-02-23,1.0,0.10466696362382436,0.7006667288024817
2010-02-24,1.0,0.08383698235311325,0.697107139775035
2010-02-25,1.0,0.06643767470872794,0.6572817534188315
2010-02-26,1.0,0.05187025747568282,0.6032971265302113
2010-03-01,1.0,0.06291240862670464,0.6050766275206959
2010-03-02,1.0,0.05948866771338635,0.5580157590829096
2010-03-03,1.0,0.061166318268155676,0.5536353544649282
2010-03-04,1.0,0.06864540489766816,0.5731131602173463
2010-03-05,1.0,0.06790942515190992,0.5648150968076227
2010-03-08,1.0,0.07923792826806793,0.5991543679295406
2010-03-09,1.0,0.08849220719304009,0.5927939967471089
2010-03-10,1.0,0.09874818071885501,0.6434808212179407
2010-03-11,1.0,0.08393846152897363,0.6102533446788274
2010-03-12,1.0,0.10173292566096066,0.649011736490887
2010-03-15,1.0,0.11235032914119618,0.6077678114280793
2010-03-16,1.0,0.09214508362222541,0.5516359178010841
2010-03-17,1.0,0.09621452049822617,0.5898590199965223
2010-03-18,1.0,0.07614923806716817,0.560312994470709
2010-03-19,1.0,0.10267398333006945,0.6274695830268787
2010-03-22,1.0,0.10252137911894554,0.6250476065868884
2010-03-23,1.0,0.11040140164828154,0.6130203321426988
2010-03-24,1.0,0.12310126141432351,0.6477536193212783
2010-03-25,1.0,0.13261969792747055,0.6408601446561016
2010-03-26,1.0,0.12646358502212066,0.5782451984094856
2010-03-29,1.0,0.10591005284424217,0.5940161544579659
2010-03-30,1.0,0.11657413802366333,0.6374176828363176
2010-03-31,1.0,0.10568833077303859,0.6096060516686646
2010-04-01,1.0,0.09850801734558112,0.5783315379028476
2010-04-02,1.0,0.11446344805300551,0.6089267810158738
2010-04-05,1.0,0.09036661005137714,0.5370425457931449
2010-04-06,1.0,0.08961971524102844,0.5150243065744621
2010-04-07,1.0,0.07772768631200398,0.5118594651739075
2010-04-08,1.0,0.04120608484355489,0.5336427147880345
2010-04-09,1.0,0.04179914174122572,0.5521528929109933
2010-04-12,1.0,0.04487810609512203,0.5832675119275593
2010-04-13,1.0,0.035833952422465926,0.5940575610185034
2010-04-14,1.0,0.04020727322504794,0.5642752836525261
2010-04-15,1.0,0.032963724374283083,0.5546335160690061
2010-04-16,1.0,0.06319684428038283,0.5993935740654457
2010-04-19,1.0,0.05239987978288689,0.5897200864176647
2010-04-20,1.0,0.06087468401104099,0.5612013515162302
2010-04-21,1.0,0.05228255855598099,0.5537663779678976
2010-04-22,1.0,0.05682984475534314,0.5564238342945997
2010-04-23,1.0,0.030122246780642188,0.5177644672419498
2010-04-26,1.0,0.0252105200444893,0.5368696140546684
2010-04-27,1.0,0.020510062570812487,0.5258677375249079
2010-04-28,1.0,0.016463202846126165,0.5516587820542369
2010-04-29,1.0,0.023796533165175125,0.48602388850214484
2010-04-30,1.0,0.008444569688870448,0.4961372446602167
2010-05-03,1.0,0.0011582049964682854,0.50613683283806
2010-05-04,0.0,-0.008298802814695179,0.5491043522899206
2010-05-05,0.0,-0.009987769441125057,0.535573481501687
2010-05-06,0.0,-0.033930939930624474,0.5856293686719559
2010-05-07,0.0,-0.022935633315154694,0.6156322767183567
2010-05-10,0.0,-0.016974778381062434,0.6239939974519014
2010-05-11,0.0,-0.03864012771874845,0.6280280755318868
2010-05-12,0.0,-0.036143760371908015,0.6251145084870625
2010-05-13,0.0,-0.031102542071406086,0.6433413419557685
2010-05-14,0.0,-0.022784736862028674,0.6335292455866368
2010-05-17,0.0,-0.017411117279305815,0.6397118116313741
2010-05-18,0.0,-0.01720631895182475,0.6309695085289544
2010-05-19,1.0,0.00363735585091325,0.6749877847131596
2010-05-20,1.0,0.026293143075448052,0.6991697160883821
2010-05-21,1.0,0.03210172833774324,0.7018888970830728
2010-05-24,1.0,0.027724384113947648,0.6760871518357379
2010-05-25,1.0,0.016961420991416825,0.6897140107219539
2010-05-26,1.0,0.014460057380656697,0.6825198126583306
2010-05-27,1.0,0.01595256342866576,0.6790449185216386
2010-05-28,1.0,0.010990291525854677,0.671627369481344
2010-05-31,1.0,0.008147935428879524,0.6464312166181545
2010-06-01,1.0,0.004071169568869523,0.6309518191206253
2010-06-02,1.0,0.01347696468610068,0.602066525420555
2010-06-03,1.0,0.025326095357233992,0.6298568914393872
2010-06-04,1.0,0.01480905827195373,0.5902999334787069
2010-06-07,0.0,-0.002648131305880731,0.5665428798383146
2010-06-08,1.0,0.008776223801654551,0.6122022820763745
2010-06-09,1.0,0.0087174658121742,0.6126055242200118
2010-06-10,1.0,0.02788427874289971,0.6415190254486525
2010-06-11,1.0,0.016212528387525564,0.5923040229593522
2010-06-14,1.0,0.02330862613937551,0.6204056009214328
2010-06-15,1.0,0.01719124958192929,0.5916512915727234
2010-06-16,1.0,0.020894900568740087,0.5837620915375606
2010-06-17,0.0,-0.0012054003388168749,0.5341550783587998
2010-06-18,0.0,-0.008429765665363296,0.5523145989762056
2010-06-21,1.0,0.009599557442369455,0.6185882587518524
2010-06-22,1.0,0.02240744416386283,0.596483144971588
2010-06-23,1.0,0.024508291421549103,0.6009934090897349
2010-06-24,1.0,0.02525246345523732,0.5832415693227194
2010-06-25,1.0,0.014783462250435088,0.5655727434406183
2010-06-28,1.0,0.031305937168151575,0.6063639094656427
2010-06-29,1.0,0.03679503611521455,0.6133936901943859
2010-06-30,1.0,0.038763931289643214,0.6088742429981414
2010-07-01,1.0,0.07509346817463768,0.7300445744004009
2010-07-02,1.0,0.06730221676798748,0.6989605003247348
2010-07-05,1.0,0.06799176687892824,0.6962410591510431
2010-07-06,1.0,0.09314073078154916,0.7264630905922596
2010-07-07,1.0,0.08530202524277768,0.6946067145692618
2010-07-08,1.0,0.08802983267491046,0.6980838375097767
2010-07-09,1.0,0.08500788570179181,0.6732943285254307
2010-07-12,1.0,0.09433365618851697,0.7001351792505399
2010-07-13,1.0,0.10059394614260476,0.6629190376118692
2010-07-14,1.0,0.11018622797983853,0.6883574081058766
2010-07-15,1.0,0.09867152750702962,0.6676103137914514
2010-07-16,1.0,0.1212157141520705,0.7085690931428208
2010-07-19,1.0,0.13508878275397584,0.7317258145878383
2010-07-20,1.0,0.12468930403556211,0.7155061699289591
2010-07-21,1.0,0.14659388498395354,0.7417411796286909
2010-07-22,1.0,0.14481214196907458,0.726229608612033
2010-07-23,1.0,0.14036136197950705,0.7512235647999124
2010-07-26,1.0,0.14516031582719333,0.7512284997958848
2010-07-27,1.0,0.13692074386282468,0.7698967670576417
2010-07-28,1.0,0.1458043018495518,0.7620515479133648
2010-07-29,1.0,0.12641863274100293,0.7562962737520448
2010-07-30,1.0,0.11765131186217145,0.7102556901699119
2010-08-02,1.0,0.12463088672225044,0.7076333333992162
2010-08-03,1.0,0.12229261035688985,0.6985372158674413
2010-08-04,1.0,0.10357223199593311,0.6822554860042991
2010-08-05,1.0,0.11758310028598813,0.6909788678161001
2010-08-06,1.0,0.12023196386359417,0.6782117304088224
2010-08-09,1.0,0.11950646103196098,0.6856257857902247
2010-08-10,1.0,0.1197509732069074,0.6697841136990361
2010-08-11,1.0,0.11829297248162665,0.6757519768532648
2010-08-12,1.0,0.13730356630032325,0.6291193155895619
2010-08-13,1.0,0.13677068999925326,0.6440653956442446
2010-08-16,1.0,0.14020721903502883,0.6345646797124622
2010-08-17,1.0,0.1285695171922387,0.6472238884729088
2010-08-18,1.0,0.13268716308636025,0.6350103786100868
2010-08-19,1.0,0.13387118798983882,0.634346218809052
2010-08-20,1.0,0.10867396457141494,0.650869608127959
2010-08-23,1.0,0.10404659979607139,0.6572467391687457
2010-08-24,1.0,0.08490322321524436,0.6440891366072569
2010-08-25,1.0,0.07452837372979682,0.6374612667497923
2010-08-26,1.0,0.08920206445463068,0.6465460766640562
2010-08-27,1.0,0.08869466452473863,0.641997995246142
2010-08-30,1.0,0.09739008241036576,0.6532580991959085
2010-08-31,1.0,0.09873312778820462,0.6300968558644526
2010-09-01,1.0,0.09988060831908611,0.6459603980591699
2010-09-02,1.0,0.09520479979118211,0.6226394641504887
2010-09-03,1.0,0.0907607726063201,0.6381632836056923
2010-09-06,1.0,0.08936185166223921,0.6166056700987764
2010-09-07,1.0,0.09886260708450485,0.6201237982200478
2010-09-08,1.0,0.10069608222701928,0.6292519725496765
2010-09-09,1.0,0.10887621952948116,0.6650303701729489
2010-09-10,1.0,0.12633302890563533,0.6533411140619864
2010-09-13,1.0,0.13367689424160334,0.6352480920958421
2010-09-14,1.0,0.1003763057660451,0.5971268730210404
2010-09-15,1.0,0.08610208787858675,0.6101204147544831
2010-09-16,1.0,0.08407299896620851,0.5930019875412879
2010-09-17,1.0,0.08402489253161516,0.6037753330848757
2010-09-20,1.0,0.08673624494733388,0.5940324632607032
2010-09-21,1.0,0.08135959946217072,0.5939371566994908
2010-09-22,1.0,0.0669893428090875,0.5921763117461191
2010-09-23,1.0,0.05847545658678158,0.5279698749655594
2010-09-24,1.0,0.05953693336483742,0.5295495802596857
2010-09-27,1.0,0.06787199012503298,0.5298140460784322
2010-09-28,1.0,0.05683157553074073,0.5120892183644081
2010-09-29,1.0,0.05604018845514295,0.5233977952634437
2010-09-30,1.0,0.053389158973230565,0.5308039625110725
2010-10-01,1.0,0.04619846374621019,0.5145397623473594
2010-10-04,1.0,0.05077044341192993,0.5173714575543036
2010-10-05,1.0,0.04752309612470409,0.49241804711803683
2010-10-06,1.0,0.04542942853984502,0.49187127127539837
2010-10-07,1.0,0.05196495958771181,0.5089571857590652
2010-10-08,1.0,0.05351915931226646,0.47429847240219375
2010-10-11,1.0,0.04388807691905187,0.4484131217742041
2010-10-12,1.0,0.022241284133287617,0.4761671528361012
2010-10-13,1.0,0.004486513468284354,0.43979595111557784
2010-10-14,0.0,-0.006938543866377124,0.43535342595059895
2010-10-15,1.0,0.0008546478385197722,0.45282442299755266
2010-10-18,1.0,0.005269441848323792,0.4468095625754365
2010-10-19,1.0,0.03647247172093788,0.49436453959418203
2010-10-20,1.0,0.030432837591993406,0.475218728607966
2010-10-21,1.0,0.03564052919242322,0.5145176105174657
2010-10-22,1.0,0.024735757486084586,0.5055561524456301
2010-10-25,1.0,0.01687366584020049,0.5084894850962934
2010-10-26,1.0,0.02052717255876399,0.5054458912934462
2010-10-27,1.0,0.03308306814427051,0.5464215704627036
2010-10-28,1.0,0.0016577895728177776,0.5112647283203915
2010-10-29,0.0,-0.012375809304907743,0.5135819693539176
2010-11-01,0.0,-0.014508103591279346,0.5375616773399405
2010-11-02,0.0,-0.018686156229728378,0.5095892180155911
2010-11-03,0.0,-0.00200415744042877,0.5472824709214991
2010-11-04,0.0,-0.05807804662644333,0.4812871827164121
2010-11-05,0.0,-0.04168490992659031,0.517538414634224
2010-11-08,0.0,-0.05598851208460544,0.5055778086812212
2010-11-09,0.0,-0.040137207383042724,0.536277577013822
2010-11-10,0.0,-0.05008311449256874,0.5048939660786268
2010-11-11,0.0,-0.039310164497134585,0.5238964380351419
2010-11-12,0.0,-0.014645537016157395,0.5971658189130034
2010-11-15,0.0,-0.006858686866920018,0.5857098644467115
2010-11-16,1.0,0.017997845013497146,0.6144041857388048
2010-11-17,1.0,0.020484853139385938,0.6150531254650066
2010-11-18,1.0,0.00789883637306557,0.61541040233127
2010-11-19,1.0,0.0030406151884759215,0.6149770148456137
2010-11-22,0.0,-0.0012108537997673934,0.6163015490756585
2010-11-23,0.0,-0.002253972670545573,0.5930227470274517
2010-11-24,0.0,-0.0004146314022660327,0.5996005024381499
2010-11-25,1.0,0.0059420464688852625,0.6097585754110583
2010-11-26,1.0,0.01766462241711486,0.5913957442718909
2010-11-29,1.0,0.028523396903723745,0.5952840033486404
2010-11-30,1.0,0.009414284204989456,0.5695492837587783
2010-12-01,1.0,0.01700283852835971,0.5748957329010214
2010-12-02,1.0,0.011600442679668085,0.5847960539499173
2010-12-03,0.0,-0.002456925407604726,0.5415602272010077
2010-12-06,0.0,-0.008655436491648467,0.5626424274309592
2010-12-07,1.0,0.022030072722233167,0.621839314074821
2010-12-08,1.0,0.03723398114643334,0.6464356185260696
2010-12-09,1.0,0.020620758484420618,0.6283183953952515
2010-12-10,1.0,0.031881716162840766,0.6419288401046226
2010-12-13,1.0,0.02680055530691477,0.6440720024427145
2010-12-14,1.0,0.02314983743116093,0.6411510321813959
2010-12-15,1.0,0.03567501039494789,0.670436652454465
2010-12-16,1.0,0.02985038745981486,0.6826743045376187
2010-12-17,1.0,0.0300785323252736,0.6871711568861334
2010-12-20,1.0,0.02927315880147176,0.6950311287328271
2010-12-21,1.0,0.007262822706428064,0.6911202342984584
2010-12-22,1.0,0.009719101155097047,0.6808250662755586
2010-12-23,1.0,0.016969895203485397,0.6975971977563484
2010-12-24,1.0,0.026733773912183543,0.6841251759074929
2010-12-27,1.0,0.031253544128994726,0.7025861553146091
2010-12-28,1.0,0.015352068733018951,0.6554277665390255
2010-12-29,1.0,0.018005856481396125,0.6436098483193974
2010-12-30,1.0,0.018319367614072428,0.653103521377703
2010-12-31,1.0,0.006286592978952351,0.6147161679639157
2011-01-03,1.0,0.003950343737607422,0.6514843993780062
2011-01-04,1.0,0.0269948730257584,0.7390603407938037
2011-01-05,1.0,0.03191600758070731,0.7368607711926093
2011-01-06,1.0,0.04330360219705422,0.7495981347674462
2011-01-07,1.0,0.042338109180264955,0.7505499308917027
2011-01-10,1.0,0.04148471974027658,0.7314618880487108
2011-01-11,1.0,0.052315912345856364,0.6948702595275488
2011-01-12,1.0,0.05047514807394056,0.6903696582089739
2011-01-13,1.0,0.05954757887608883,0.7095967071181708
2011-01-14,1.0,0.07986192447503446,0.7324278894599441
2011-01-17,1.0,0.07116031259341077,0.725437035017868
2011-01-18,1.0,0.06016665430262261,0.6974952284379096
2011-01-19,1.0,0.0618257649133797,0.7076676065291794
2011-01-20,1.0,0.09075666963805319,0.7527024185981014
2011-01-21,1.0,0.1018912820116749,0.7476644302323986
2011-01-24,1.0,0.11388257371131548,0.7623602018419263
2011-01-25,1.0,0.11608697691608504,0.7667528001108148
2011-01-26,1.0,0.11013788103883168,0.7412526564304162
2011-01-27,1.0,0.13660047206396936,0.7479444420715062
2011-01-28,1.0,0.11978008434267233,0.6920364521243554
2011-01-31,1.0,0.1229915366700281,0.7226148477339555
2011-02-01,1.0,0.11840561539782646,0.7062075686953085
2011-02-02,1.0,0.13436324406584216,0.7288676762575446
2011-02-03,1.0,0.12599020014298373,0.675442896445853
2011-02-04,1.0,0.1478024303008111,0.6816202758289581
2011-02-07,1.0,0.1341833298489531,0.6662440121640952
2011-02-08,1.0,0.11871854997044273,0.6417421172921844
2011-02-09,1.0,0.10612141848590784,0.6474925798877228
2011-02-10,1.0,0.07790837976922144,0.6387183248485495
2011-02-11,1.0,0.09721423796309832,0.6622215564675927
2011-02-14,1.0,0.1057459463814261,0.6491978913504007
2011-02-15,1.0,0.09867934393814508,0.644881825914973
2011-02-16,1.0,0.08822568856246021,0.6515514260619176
2011-02-17,1.0,0.08434061719011764,0.6546659061318996
2011-02-18,1.0,0.07317402421205778,0.6433748763645886
2011-02-21,1.0,0.0572374118294908,0.6297993144125013
2011-02-22,1.0,0.060775544557940674,0.6643890298333044
2011-02-23,1.0,0.05876864891055128,0.6458432072128091
2011-02-24,1.0,0.062494651953439784,0.6633362666197384
2011-02-25,1.0,0.06961652498261596,0.6578163644707086
2011-02-28,1.0,0.07211567675668322,0.6603618143271187
2011-03-01,1.0,0.06309716766551292,0.6399452104585713
2011-03-02,1.0,0.06138786767315833,0.6418273421032415
2011-03-03,1.0,0.07031497264381902,0.6749338729082675
2011-03-04,1.0,0.07113840055906052,0.6369697953981002
2011-03-07,1.0,0.07082306837766238,0.6530446453616173
2011-03-08,1.0,0.07211150908187178,0.6593898486289647
2011-03-09,1.0,0.07330000186784061,0.6552951892814226
2011-03-10,1.0,0.08273286476339176,0.6719690581893292
2011-03-11,1.0,0.08418836656484849,0.6588259258495055
2011-03-14,1.0,0.07964355990265551,0.6483663056689521
2011-03-15,1.0,0.10107751561040942,0.7268071512072473
2011-03-16,1.0,0.09458336046493941,0.7106000681448073
2011-03-17,1.0,0.09531536082933885,0.6879243592169173
2011-03-18,1.0,0.07646366215638907,0.6713217291007554
2011-03-21,1.0,0.06009049893569454,0.668410295018623
2011-03-22,1.0,0.0651643540518621,0.6601676715451906
2011-03-23,1.0,0.06300680740776064,0.6526185130212214
2011-03-24,1.0,0.0670081214537581,0.6606404952359065
2011-03-25,1.0,0.07393260021862766,0.6717713829420581
2011-03-28,1.0,0.08129833651879645,0.6991193437123848
2011-03-29,1.0,0.08626500523247879,0.6621171543950395
2011-03-30,1.0,0.08479590820142989,0.6632587686967484
2011-03-31,1.0,0.06034941977738156,0.6424775835866483
2011-04-01,1.0,0.050395284914733884,0.6592135794493997
2011-04-04,1.0,0.043731388309059795,0.6517016664082794
2011-04-05,1.0,0.030890513138751418,0.6288941644503968
2011-04-06,1.0,0.035400735620162486,0.6441126171000169
2011-04-07,1.0,0.02858477081559601,0.6454062899420598
2011-04-08,1.0,0.008674544979209642,0.6194238900279717
2011-04-11,1.0,0.02291821869916764,0.6352236473379289
2011-04-12,1.0,0.042145184508520346,0.646873527029293
2011-04-13,1.0,0.047963114026917116,0.6238996483315788
2011-04-14,1.0,0.03872017933579138,0.5987210067072681
2011-04-15,1.0,0.037914698505702955,0.5893185782007834
2011-04-18,1.0,0.03816428282413959,0.5795361871939645
2011-04-19,1.0,0.04660081667089116,0.5911853346683811
2011-04-20,1.0,0.0517663780333691,0.5906200536179544
2011-04-21,1.0,0.05241134133923063,0.5542477461655513
2011-04-22,1.0,0.05594285266459113,0.575982821276219
2011-04-25,1.0,0.06275676517011886,0.5796664671975295
2011-04-26,1.0,0.05310238526997208,0.5680558056183616
2011-04-27,1.0,0.04678187285873868,0.5445758175320192
2011-04-28,1.0,0.03486233633973321,0.5592313870804829
2011-04-29,1.0,0.023742256525475406,0.548822550681061
2011-05-02,1.0,0.04355808042151747,0.5862253504650341
2011-05-03,1.0,0.05283185381254496,0.5882544763892987
2011-05-04,1.0,0.06221234705182508,0.6077577040650457
2011-05-05,1.0,0.09173971815253716,0.6643164181196713
2011-05-06,1.0,0.084751090669096,0.6294387084278165
2011-05-09,1.0,0.06721865881033316,0.6081586240516555
2011-05-10,1.0,0.0912682264766715,0.6097774560178227
2011-05-11,1.0,0.10160647566082534,0.6385292897572005
2011-05-12,1.0,0.08927931702531301,0.6176703362306036
2011-05-13,1.0,0.10696455818806277,0.6709061872587886
2011-05-16,1.0,0.14374478676055077,0.6750619248291899
2011-05-17,1.0,0.15748881242342797,0.6733055632010452
2011-05-18,1.0,0.18035477963981936,0.6497990974987979
2011-05-19,1.0,0.16661872690943366,0.6401159887879593
2011-05-20,1.0,0.1442111177544891,0.619825618559101
2011-05-23,1.0,0.1518776848177226,0.626440503614744
2011-05-24,1.0,0.156747803518631,0.6209143380991593
2011-05-25,1.0,0.1607094760478037,0.6355593420879494
2011-05-26,1.0,0.18277126860208098,0.637089583492507
2011-05-27,1.0,0.18687811295700624,0.6083413030784957
2011-05-30,1.0,0.210659877313592,0.6161980573805459
2011-05-31,1.0,0.174362502873512,0.6237991530132142
2011-06-01,1.0,0.13327483289422434,0.6140946594928866
2011-06-02,1.0,0.14572308424890823,0.6053118056429919
2011-06-03,1.0,0.17014727116639236,0.6073453547192714
2011-06-06,1.0,0.14654079253828933,0.6174945779532254
2011-06-07,1.0,0.17280518933717648,0.6052453561597829
2011-06-08,1.0,0.17171915286424805,0.6183008016542537
2011-06-09,1.0,0.16776870922312806,0.5975940931387473
2011-06-10,1.0,0.20645693386330669,0.6375187946720751
2011-06-13,1.0,0.2258336833722963,0.666933825057096
2011-06-14,1.0,0.20762788011478192,0.6457095379113383
2011-06-15,1.0,0.17160269063952174,0.6370919251317196
2011-06-16,1.0,0.2008976750129813,0.646455430306685
2011-06-17,1.0,0.18683677359046014,0.6177046647212704
2011-06-20,1.0,0.16401388470865613,0.611600879399838
2011-06-21,1.0,0.17041626703903565,0.6035685516866025
2011-06-22,1.0,0.1610559016936806,0.6121771712357079
2011-06-23,1.0,0.16178545431321167,0.7038444683752239
2011-06-24,1.0,0.18713476420741038,0.7205041763135046
2011-06-27,1.0,0.17170725379387394,0.7359195843245749
2011-06-28,1.0,0.18340329466956065,0.7343773059696876
2011-06-29,1.0,0.1643010475181716,0.7081864056321194
2011-06-30,1.0,0.148261408855756,0.7307017716719348
2011-07-01,1.0,0.10760295508151194,0.7436842254932892
2011-07-04,1.0,0.08282837558341102,0.7131645916971188
2011-07-05,1.0,0.0850096828346418,0.6883188369102812
2011-07-06,1.0,0.05094003689187414,0.6974993495804164
2011-07-07,1.0,0.052141288280626155,0.6861888317557722
2011-07-08,1.0,0.05040017151958511,0.6418393673968232
2011-07-11,1.0,0.06531390327731823,0.6253469519071609
2011-07-12,1.0,0.03525187599583241,0.6176910376990352
2011-07-13,1.0,0.03640623809274305,0.6299211625173281
2011-07-14,1.0,0.03960711964438843,0.626747246389703
2011-07-15,1.0,0.027420174292080535,0.611401570476842
2011-07-18,1.0,0.043707816247004934,0.6090160917349836
2011-07-19,1.0,0.04550364336622153,0.6479590371977254
2011-07-20,1.0,0.04611182123324828,0.631428408293642
2011-07-21,1.0,0.047535062345929434,0.6557394618063511
2011-07-22,1.0,0.048431158453756624,0.6313861263481333
2011-07-25,1.0,0.03452397664479739,0.6238958618032773
2011-07-26,1.0,0.02352762507679669,0.6154880284400175
2011-07-27,1.0,0.016654760580122403,0.6226082083484373
2011-07-28,1.0,0.0029968354861075763,0.5609690512646277
2011-07-29,1.0,0.00886785455701525,0.5564741278258166
2011-08-01,1.0,0.02107348311617706,0.5831945359128277
2011-08-02,1.0,0.026347719658914182,0.5338643932632029
2011-08-03,1.0,0.037251433273068735,0.5476019310663086
2011-08-04,1.0,0.05799854893829116,0.5587932424190477
2011-08-05,1.0,0.04693382371988834,0.5241603026188424
2011-08-08,0.0,-0.002725384434343729,0.4954341252763286
2011-08-09,0.0,-0.011848822264078322,0.5072894221099826
2011-08-10,0.0,-0.030837888795560632,0.4679786072140418
2011-08-11,0.0,-0.00015873375846833023,0.5031990063761381
2011-08-12,1.0,0.0044266183005054836,0.5114917068246004
2011-08-15,1.0,0.016428569832875092,0.49751233889508256
2011-08-16,1.0,0.0003359462517597661,0.5163153837900163
2011-08-17,0.0,-0.011962402561076222,0.5270987443553657
2011-08-18,0.0,-0.03651793185020811,0.47217234755349463
2011-08-19,0.0,-0.03484221279692528,0.4552941758083336
2011-08-22,0.0,-0.0637350216576345,0.4512024642328023
2011-08-23,0.0,-0.026339988404283636,0.5528307179805251
2011-08-24,1.0,0.0023050511242246516,0.6091045113164862
2011-08-25,0.0,-0.029962795568239164,0.5467791732098359
2011-08-26,0.0,-0.05857695085954398,0.5134633732190467
2011-08-29,0.0,-0.06414085843489939,0.5983123766049632
2011-08-30,0.0,-0.0767564233767503,0.5226790050730877
2011-08-31,0.0,-0.0759036068581657,0.5135795389695486
2011-09-01,0.0,-0.07492844517060057,0.5240281944172526
2011-09-02,0.0,-0.11190974007278885,0.5083498312806921
2011-09-05,0.0,-0.10410823540066455,0.5196171789493157
2011-09-06,0.0,-0.08898915241448674,0.540232732000896
2011-09-07,0.0,-0.03990035004156277,0.5467728709510241
2011-09-08,0.0,-0.0693832844472029,0.4779595613174398
2011-09-09,0.0,-0.06050506491773314,0.5614561566880926
2011-09-12,0.0,-0.05218378576845587,0.5845442004361968
2011-09-13,0.0,-0.05920084311312142,0.5622465666079705
2011-09-14,0.0,-0.043714122441329266,0.5564891020500885
2011-09-15,0.0,-0.04587086483784684,0.5911464861691169
2011-09-16,0.0,-0.056936374701716926,0.5687224840117853
2011-09-19,0.0,-0.0651038940850646,0.6083902004552536
2011-09-20,0.0,-0.10025855939362402,0.563343597888578
2011-09-21,0.0,-0.12428080260129055,0.5699160872004658
2011-09-22,0.0,-0.10255304836595296,0.5993528166854124
2011-09-23,0.0,-0.035540867279787135,0.6498541978762702
2011-09-26,0.0,-0.019922288896269374,0.6046336825818551
2011-09-27,0.0,-0.020961995691610138,0.6025056805685715
2011-09-28,1.0,0.0039888019189621635,0.6538546257359569
2011-09-29,0.0,-0.005496993608584789,0.6142416313648776
2011-09-30,0.0,-0.010909244129599456,0.6151510792672761
2011-10-03,0.0,-0.031467069314578947,0.6036689052314971
2011-10-04,0.0,-0.019104327489876307,0.6942275934424808
2011-10-05,0.0,-0.053584246134106284,0.6457868804055982
2011-10-06,0.0,-0.0659900341794067,0.6447383890859332
2011-10-07,0.0,-0.046329598278720234,0.6473779783609246
2011-10-10,0.0,-0.0680411140174282,0.6205644008274063
2011-10-11,0.0,-0.03607360121175334,0.6566471538159189
2011-10-12,0.0,-0.03920042732597388,0.6356217119071967
2011-10-13,0.0,-0.027605479643590038,0.6660175105027129
2011-10-14,0.0,-0.03806830703632552,0.6652912022684854
2011-10-17,0.0,-0.03612361985633141,0.7159706718447146
2011-10-18,0.0,-0.015500887841282321,0.7151136894970571
2011-10-19,1.0,0.0007432860896867424,0.7316494090906503
2011-10-20,1.0,0.01800693707446128,0.7529748588817428
2011-10-21,0.0,-0.0020601095852402678,0.7180318602772146
2011-10-24,0.0,-0.005871523079412503,0.7314862062901432
2011-10-25,0.0,-0.03185897188677931,0.688197837149044
2011-10-26,0.0,-0.038335215779729606,0.6936509100129035
2011-10-27,0.0,-0.05084545993104175,0.6698188873397241
2011-10-28,0.0,-0.04522234287154831,0.681285888635479
2011-10-31,0.0,-0.022211801628818986,0.7238602050605409
2011-11-01,0.0,-0.03203270113550793,0.7221313887649964
2011-11-02,0.0,-0.016253543358138015,0.7118526679948449
2011-11-03,0.0,-0.024779785148505287,0.6896548640959971
2011-11-04,0.0,-0.008918919248561055,0.7050152229442481
2011-11-07,0.0,-0.03689886057603612,0.6828289537506357
2011-11-08,0.0,-0.027641590715222538,0.7250695562640411
2011-11-09,0.0,-0.015114068003829624,0.744995000796992
2011-11-10,1.0,0.000614006182092756,0.7654860046674745
2011-11-11,0.0,-0.03552649190832879,0.7416936652959569
2011-11-14,0.0,-0.03432714966713067,0.7652798247694093
2011-11-15,0.0,-0.020044342921171524,0.7314329700551739
2011-11-16,0.0,-0.01726301099664373,0.7133056790598575
2011-11-17,1.0,0.00441588812089721,0.7493239163083185
2011-11-18,0.0,-0.0011317634952013043,0.7372204926717469
2011-11-21,1.0,0.02644590656682612,0.7921919297655704
2011-11-22,1.0,0.011906573409304316,0.7618916582950291
2011-11-23,1.0,0.02098064924856982,0.7678799331552756
2011-11-24,1.0,0.01972369842343635,0.7494256987842514
2011-11-25,1.0,0.023394699311228003,0.77705209345174
2011-11-28,1.0,0.01311189846272861,0.7319746150139536
2011-11-29,1.0,0.024986551063831495,0.7391555772301939
2011-11-30,1.0,0.01694243671419258,0.6872806207746864
2011-12-01,1.0,0.02034391535249141,0.6847565154924612
2011-12-02,1.0,0.014605851831137504,0.6612230495598295
2011-12-05,1.0,0.0256009948128883,0.6692814453784885
2011-12-06,1.0,0.03190654518951733,0.6537679022723079
2011-12-07,0.0,-0.026145470209879375,0.6375993908754355
2011-12-08,1.0,0.005778237435349593,0.6887764039040867
2011-12-09,1.0,0.0005840780494300008,0.6631693413494146
2011-12-12,1.0,0.02367686728069897,0.7314434445680914
2011-12-13,1.0,0.025864371266883783,0.7539715470410995
2011-12-14,1.0,0.06810177860624221,0.7677926089332345
2011-12-15,1.0,0.07908617307813627,0.7156497259708534
2011-12-16,1.0,0.06927843480421962,0.6314884774212634
2011-12-19,1.0,0.06498846913462378,0.6090179956894499
2011-12-20,1.0,0.035383630443536894,0.583401317424994
2011-12-21,1.0,0.018190071832941558,0.5636483654998989
2011-12-22,1.0,0.03240499469222904,0.5645393712257037
2011-12-23,1.0,0.032853077835595185,0.5723770009334449
2011-12-26,1.0,0.035198821186522095,0.5612928448417354
2011-12-27,1.0,0.03548472012582722,0.5640678058398572
2011-12-28,1.0,0.05928382528548268,0.5811140259480488
2011-12-29,1.0,0.06263580200684489,0.5679110356860474
2011-12-30,1.0,0.060906718284013034,0.5635982479105341
2012-01-02,1.0,0.07607295169537086,0.5821165810077132
2012-01-03,1.0,0.047063281594789064,0.5624794720074437
2012-01-04,1.0,0.03180454187815878,0.5720840634219065
2012-01-05,1.0,0.023659184905400706,0.5611744974472631
2012-01-06,1.0,0.030675198248930384,0.580412755549577
2012-01-09,1.0,0.040203027519886816,0.5721501503075267
2012-01-10,1.0,0.008406384147235598,0.5439140453693299
2012-01-11,0.0,-0.01299539549848551,0.5143721455951686
2012-01-12,0.0,-0.011592460109436032,0.5041234685822333
2012-01-13,0.0,-0.0015692599306972215,0.5384753574341232
2012-01-16,0.0,-0.0021924491120887198,0.5098153164840374
2012-01-17,1.0,0.004758491820034094,0.5465043101865399
2012-01-18,0.0,-0.0004941128364988475,0.5550193106524636
2012-01-19,1.0,0.010449628996007874,0.5717758143476662
2012-01-20,0.0,-0.00511310064877029,0.545980369136187
2012-01-23,0.0,-0.01519977837182445,0.5319984663623025
2012-01-24,0.0,-0.009718800576578878,0.5586768723298853
2012-01-25,0.0,-0.04085073778903427,0.5405340490814046
2012-01-26,0.0,-0.04622089325660708,0.5572339226537177
2012-01-27,0.0,-0.05686925442434908,0.5360422228204871
2012-01-30,0.0,-0.05418539945099595,0.5571122299708866
2012-01-31,0.0,-0.056425419627428655,0.5524342792005129
2012-02-01,0.0,-0.05893001911858962,0.5613419707489337
2012-02-02,0.0,-0.059750100940766306,0.5648635328147376
2012-02-03,0.0,-0.037478567558971276,0.5998075212196493
2012-02-06,0.0,-0.03285279648790939,0.5750576527291078
2012-02-07,0.0,-0.04874920206410005,0.5225505892528524
2012-02-08,0.0,-0.047075157443906945,0.5643854821094245
2012-02-09,0.0,-0.05553251437723801,0.5492974054800877
2012-02-10,0.0,-0.047437421002591185,0.5600531072501768
2012-02-13,0.0,-0.049831483732934244,0.526919584502016
2012-02-14,0.0,-0.0690123879074246,0.5592611656852307
2012-02-15,0.0,-0.08358793276502684,0.5211447172228109
2012-02-16,0.0,-0.08074605147989267,0.5128672822075966
2012-02-17,0.0,-0.08724245070792182,0.5032363590220483
2012-02-20,0.0,-0.10839755087199583,0.502270511320212
2012-02-21,0.0,-0.13030691593602461,0.45262748915366596
2012-02-22,0.0,-0.1429843541151802,0.4974148541226379
2012-02-23,0.0,-0.12320364105544193,0.5130866133049857
2012-02-24,0.0,-0.106750016837257,0.53046512073677
2012-02-27,0.0,-0.1040049801488696,0.5398948643311064
2012-02-28,0.0,-0.12886720096608342,0.5281816093948223
2012-02-29,0.0,-0.08315871433140899,0.6862800458945049
2012-03-01,0.0,-0.09711885406768324,0.5936437820083169
2012-03-02,0.0,-0.08500898787842533,0.622388874959891
2012-03-05,0.0,-0.076424882521571,0.5920737529854272
2012-03-06,0.0,-0.07383510869813784,0.6101498483373858
2012-03-07,0.0,-0.07490355020685861,0.5275773211150795
2012-03-08,0.0,-0.08553152348636997,0.5196452247031257
2012-03-09,0.0,-0.05367178242524975,0.5025146451339693
2012-03-12,0.0,-0.04968839973364955,0.5300210694631101
2012-03-13,0.0,-0.034672205863197796,0.5420119130918657
2012-03-14,0.0,-0.015673476130921064,0.5187127449587119
2012-03-15,0.0,-0.04251478517690982,0.49168242363569803
2012-03-16,0.0,-0.040916125456456814,0.4872265900982145
2012-03-19,0.0,-0.041553954757638546,0.4589880255688348
2012-03-20,0.0,-0.025131898046635365,0.43495695735350864
2012-03-21,0.0,-0.02043235844483031,0.39428183693352276
2012-03-22,0.0,-0.013561375308121565,0.412410985345592
2012-03-23,0.0,-0.02116223698820439,0.4152266810152913
2012-03-26,0.0,-0.03737468399655768,0.42730413773875986
2012-03-27,0.0,-0.037739870317257354,0.4691153572946482
2012-03-28,0.0,-0.03436428084060162,0.46726039383682205
2012-03-29,0.0,-0.05905955745488588,0.4740111760937669
2012-03-30,0.0,-0.059200201474610054,0.4513685482777664
2012-04-02,0.0,-0.05715560884987133,0.4742106154315701
2012-04-03,0.0,-0.04548695634768574,0.5606096998282151
2012-04-04,0.0,-0.02915413823668358,0.532323891886691
2012-04-05,0.0,-0.04938406424764293,0.5125692701464963
2012-04-06,0.0,-0.024139732329843823,0.5191149968049183
2012-04-09,0.0,-0.026628700940047247,0.5416129039718186
2012-04-10,0.0,-0.02598642541517796,0.47830463753797886
2012-04-11,0.0,-0.026568395108963458,0.4785846280105942
2012-04-12,0.0,-0.04334840138249393,0.4380380867509144
2012-04-13,0.0,-0.04590707041400835,0.48884121744967757
2012-04-16,0.0,-0.03964020205145419,0.5112772626673218
2012-04-17,0.0,-0.05117301509058312,0.505322446288817
2012-04-18,0.0,-0.04083214417694291,0.5346679441988791
2012-04-19,0.0,-0.044164346271244714,0.546619928821303
2012-04-20,0.0,-0.03294849504121849,0.560273715726224
2012-04-23,0.0,-0.030632467587876192,0.5471475668954147
2012-04-24,0.0,-0.036504997374854214,0.544413718163582
2012-04-25,0.0,-0.04359206251724885,0.5452799730066058
2012-04-26,0.0,-0.04693870890135543,0.534630053934848
2012-04-27,0.0,-0.048203958033555074,0.518507376974965
2012-04-30,0.0,-0.054182360300782134,0.5076198307716794
2012-05-01,0.0,-0.05025445522447339,0.5350190509816984
2012-05-02,0.0,-0.030113234713366285,0.5472088099976719
2012-05-03,0.0,-0.012430389930135056,0.5939332887789185
2012-05-04,0.0,-0.011834312663248551,0.5651711245079877
2012-05-07,0.0,-0.010170244568897157,0.5914800219125456
2012-05-08,1.0,0.0054848775761697,0.6015603240423976
2012-05-09,1.0,0.006215037016781561,0.5693638699218352
2012-05-10,0.0,-0.003387117749732746,0.5549107258459579
2012-05-11,1.0,0.015131239276010143,0.5474694632380843
2012-05-14,1.0,0.033963646121353136,0.5212567674617404
2012-05-15,1.0,0.043087253150655466,0.4792292260135746
2012-05-16,1.0,0.04605312933714342,0.4698949564972282
2012-05-17,1.0,0.026935503173501404,0.42978395093208155
2012-05-18,1.0,0.016936844969950224,0.440396978105406
2012-05-21,1.0,0.010415915226344564,0.44248681133011736
2012-05-22,1.0,0.019289954257804148,0.43723618847343737
2012-05-23,1.0,0.02632437797827709,0.33741825800493763
2012-05-24,1.0,0.03519193783823549,0.3719853396047634
2012-05-25,1.0,0.026981204482783402,0.36189816394847935
2012-05-28,1.0,0.024715136756411345,0.3556312612421
2012-05-29,1.0,0.05178187385250338,0.3599460736825804
2012-05-30,1.0,0.05673936201054101,0.33518409803244864
2012-05-31,1.0,0.06822141903459013,0.3758276417569484
2012-06-01,1.0,0.028199097326661662,0.2918015681112187
2012-06-04,1.0,0.027568416127736826,0.33396524511679554
2012-06-05,1.0,0.03036211239050106,0.29369431488077097
2012-06-06,1.0,0.022712985660525487,0.2649487885845603
2012-06-07,1.0,0.040806894368498166,0.2981866507077646
2012-06-08,1.0,0.06001569442005609,0.3045138446740277
2012-06-11,1.0,0.058223886980869444,0.31298033565530886
2012-06-12,1.0,0.05201517316655552,0.2729807922999789
2012-06-13,1.0,0.04589860157459411,0.27945085464979225
2012-06-14,1.0,0.046066971622235005,0.2640715954588051
2012-06-15,1.0,0.06458269384518298,0.29597084549716945
2012-06-18,1.0,0.058556161542386714,0.2885796638815861
2012-06-19,1.0,0.06788012548620315,0.2897624073524614
2012-06-20,1.0,0.07391599399598028,0.2653358695451166
2012-06-21,1.0,0.12060244924456577,0.2909770625308207
2012-06-22,1.0,0.11857059717014862,0.2635804418343156
2012-06-25,1.0,0.1058810557062072,0.24320439799489466
2012-06-26,1.0,0.11916873005053708,0.2602012667501575
2012-06-27,1.0,0.11745830302849009,0.25261966393280294
2012-06-28,1.0,0.1302380059298335,0.278476765488519
2012-06-29,1.0,0.10435211957965412,0.21848670718952168
2012-07-02,1.0,0.09964954241229641,0.2545055991486762
2012-07-03,1.0,0.08489405166125383,0.21976698033420428
2012-07-04,1.0,0.08146100961750899,0.2386038670420836
2012-07-05,1.0,0.10214286607074251,0.22169751854454087
2012-07-06,1.0,0.11236983134595034,0.26238763473254667
2012-07-09,1.0,0.11169559154682054,0.2489099749616055
2012-07-10,1.0,0.1242897617607424,0.28740508142941773
2012-07-11,1.0,0.12034537075300117,0.26840541501681314
2012-07-12,1.0,0.1301221716901261,0.2720275187567759
2012-07-13,1.0,0.11341764804200984,0.25189915788803663
2012-07-16,1.0,0.1104282504365615,0.2665942868254383
2012-07-17,1.0,0.10817957739668645,0.2788681954462683
2012-07-18,1.0,0.11333299774005397,0.29701081553551995
2012-07-19,1.0,0.11115174855068839,0.2877167569802968
2012-07-20,1.0,0.10190361656827411,0.29012622633806967
2012-07-23,1.0,0.09698347331336556,0.30938175819408265
2012-07-24,1.0,0.10021748592135418,0.27985745483254487
2012-07-25,1.0,0.08692047982153343,0.22670309920604478
2012-07-26,1.0,0.07482033746638013,0.21645572484210954
2012-07-27,1.0,0.05912654310297129,0.22821314505404586
2012-07-30,1.0,0.06361252054170857,0.20390909064367196
2012-07-31,1.0,0.056216730153675905,0.20221949441694784
2012-08-01,1.0,0.06209607609458357,0.23265078187650612
2012-08-02,1.0,0.07484867763761509,0.2554072029635044
2012-08-03,1.0,0.06507704824391537,0.21448775142140225
2012-08-06,1.0,0.05956849150362349,0.19895327518213193
2012-08-07,1.0,0.058659719155437204,0.19454509545795978
2012-08-08,1.0,0.0651458404191687,0.19902820179415492
2012-08-09,1.0,0.05824849124037891,0.1922819656831716
2012-08-10,1.0,0.03511260261072503,0.193272345675015
2012-08-13,1.0,0.04568667636816922,0.22419468511245405
2012-08-14,1.0,0.07058629815937063,0.24071762282927325
2012-08-15,1.0,0.06907604021555758,0.22093531266230462
2012-08-16,1.0,0.06956233348456357,0.19280677565777896
2012-08-17,1.0,0.06881835670875805,0.2060430321226732
2012-08-20,1.0,0.06434566082569683,0.1908969628398869
2012-08-21,1.0,0.051873172629372195,0.17033609526080726
2012-08-22,1.0,0.04241984699910924,0.2200325879376574
2012-08-23,1.0,0.026696600817058973,0.24423844172595632
2012-08-24,1.0,0.025531038369305196,0.2533800664130487
2012-08-27,1.0,0.039819148228806805,0.2694685384244784
2012-08-28,1.0,0.035593881750196364,0.2798136169159957
2012-08-29,1.0,0.04266273818879046,0.2854197013142203
2012-08-30,1.0,0.043697778174378824,0.29148098805229516
2012-08-31,1.0,0.035411434607046155,0.3188296978808083
2012-09-03,1.0,0.03263733585556602,0.34874097377148305
2012-09-04,1.0,0.026994861801113764,0.3761316655030498
2012-09-05,1.0,0.015676828272988223,0.37132494897988605
2012-09-06,1.0,0.014839821889397614,0.38859168841675107
2012-09-07,0.0,-0.012085527266634283,0.4733201896644871
2012-09-10,0.0,-0.005955424675594315,0.49415128474280356
2012-09-11,0.0,-0.020206241816884168,0.47686309552586686
2012-09-12,0.0,-0.0215206495129407,0.4501743767839694
2012-09-13,0.0,-0.03873640451701077,0.47416622360083255
2012-09-14,0.0,-0.03819773905506346,0.5378454991738189
2012-09-17,0.0,-0.02792030313915943,0.5312515334858177
2012-09-18,0.0,-0.03544005845938036,0.5281655066859571
2012-09-19,0.0,-0.03374769218804154,0.531033232539478
2012-09-20,0.0,-0.04135575110104919,0.5236276887376571
2012-09-21,0.0,-0.044397929185149454,0.5363087153727765
2012-09-24,0.0,-0.03829960388233191,0.5272833220453383
2012-09-25,0.0,-0.052200966823505605,0.5310886410228063
2012-09-26,0.0,-0.05001042057466142,0.5110131724347209
2012-09-27,0.0,-0.07568684974620667,0.5112191286461948
2012-09-28,0.0,-0.06700568185979824,0.527480919802905
2012-10-01,0.0,-0.06867104609054105,0.5082857336400317
2012-10-02,0.0,-0.06747666244228978,0.5062454605111244
2012-10-03,0.0,-0.06882214847458114,0.5055098242838035
2012-10-04,0.0,-0.07305847838226683,0.5247161282110877
2012-10-05,0.0,-0.07263591400710039,0.5485381848445877
2012-10-08,0.0,-0.05775015484373234,0.5391504649079171
2012-10-09,0.0,-0.057832796240313726,0.540250071197511
2012-10-10,0.0,-0.04375562071542547,0.5448107622004336
2012-10-11,0.0,-0.060286955687238054,0.5604582426643021
2012-10-12,0.0,-0.05797883574916968,0.5815038770131181
2012-10-15,0.0,-0.05355098251357469,0.5777105208144463
2012-10-16,0.0,-0.051877725051246396,0.558549403383894
2012-10-17,0.0,-0.05424023728103759,0.5662982128099158
2012-10-18,0.0,-0.03855017479150556,0.584683758820041
2012-10-19,0.0,-0.03483828704632527,0.5790383513151588
2012-10-22,0.0,-0.035718608544311393,0.5579052337834386
2012-10-23,0.0,-0.016651797473078746,0.5535297741978814
2012-10-24,0.0,-0.013010621448862232,0.5484396014640546
2012-10-25,0.0,-0.014442914273406408,0.5427886404117118
2012-10-26,0.0,-0.015903268379065746,0.5336929168450149
2012-10-29,0.0,-0.011355066996592484,0.5348375216935282
2012-10-30,0.0,-0.009934537809886205,0.5336281228911806
2012-10-31,0.0,-0.020432238763000654,0.5191301749565446
2012-11-01,0.0,-0.027380339714256265,0.5286639976998682
2012-11-02,0.0,-0.011628037995118986,0.5154437602262814
2012-11-05,0.0,-0.017662485799161173,0.4947920506023255
2012-11-06,0.0,-0.030891858198120303,0.4671817821218271
2012-11-07,0.0,-0.023978997386344986,0.49669540290290126
2012-11-08,0.0,-0.039945224010170574,0.5008781665625548
2012-11-09,0.0,-0.0375077435724846,0.509035574282145
2012-11-12,0.0,-0.03204365988770661,0.5311446558307988
2012-11-13,0.0,-0.03063851535680454,0.5653309778686747
2012-11-14,0.0,-0.02858554530625494,0.5669228973162527
2012-11-15,0.0,-0.026068281550371036,0.5761727212331488
2012-11-16,0.0,-0.02753837931747629,0.5601380705678466
2012-11-19,0.0,-0.049571493754774605,0.5341756583421832
2012-11-20,0.0,-0.04508748087822594,0.5661863188202996
2012-11-21,0.0,-0.05111976863300119,0.5481275955563081
2012-11-22,0.0,-0.056371371607570775,0.5899913736192292
2012-11-23,0.0,-0.08503231707034171,0.5621753218774529
2012-11-26,0.0,-0.08257882724509066,0.6093538473627144
2012-11-27,0.0,-0.08196507390044507,0.6107683296649354
2012-11-28,0.0,-0.09458068871550582,0.6239341801857793
2012-11-29,0.0,-0.09048899893268458,0.611548640551293
2012-11-30,0.0,-0.08098592508699533,0.6258990104887396
2012-12-03,0.0,-0.07406314619051653,0.6425137078972945
2012-12-04,0.0,-0.05056340637203241,0.6674252690957851
2012-12-05,0.0,-0.05868577235450039,0.6558509338655989
2012-12-06,0.0,-0.07341043688566065,0.6586044860178066
2012-12-07,0.0,-0.07797185082573,0.6644657969488522
2012-12-10,0.0,-0.0847430155634272,0.6531458912282726
2012-12-11,0.0,-0.08209611150831654,0.6603604402784423
2012-12-12,0.0,-0.07756765748042375,0.6428852886136325
2012-12-13,0.0,-0.07205978633212148,0.6618050651674408
2012-12-14,0.0,-0.07166643308910128,0.6494330084744083
2012-12-17,0.0,-0.07113404439143284,0.6502561141133224
2012-12-18,0.0,-0.04798861845935039,0.640544193474174
2012-12-19,0.0,-0.04888913442894984,0.624234770410527
2012-12-20,0.0,-0.035520581596002604,0.5746352641706058
2012-12-21,0.0,-0.040199922245559704,0.5714489464192005
2012-12-24,0.0,-0.03178217371075109,0.6056024641714379
2012-12-25,0.0,-0.028213935685878325,0.6024228570222726
2012-12-26,0.0,-0.03240369463869747,0.6030856975388009
2012-12-27,0.0,-0.030119929684844608,0.5946721814322735
2012-12-28,0.0,-0.028962669911496382,0.6024782428173708
2012-12-31,0.0,-0.04284849909625156,0.5683977305363856
2013-01-01,0.0,-0.03989258597832853,0.5829245811701596
2013-01-02,0.0,-0.04961301729210806,0.5489279852655079
2013-01-03,0.0,-0.0411801423239164,0.5748407124601665
2013-01-04,0.0,-0.03497160705702749,0.5676880293454075
2013-01-07,0.0,-0.029221508270869976,0.593986762475678
2013-01-08,0.0,-0.0515391553980087,0.5752250932846863
2013-01-09,0.0,-0.06209040675944374,0.5967431112328643
2013-01-10,0.0,-0.07486994064123631,0.5455296912342231
2013-01-11,0.0,-0.050350498009174405,0.5768730885090229
2013-01-14,0.0,-0.058143964645149294,0.567821061315189
2013-01-15,0.0,-0.05766746349589402,0.5273486323791762
2013-01-16,0.0,-0.07501454546741251,0.5465452599180962
2013-01-17,0.0,-0.07766289622001493,0.5249613842166274
2013-01-18,0.0,-0.12728298406640823,0.5443468093430441
2013-01-21,0.0,-0.2261731944820876,0.5370399819147841
2013-01-22,0.0,-0.21305548060228655,0.5450017911757238
2013-01-23,0.0,-0.20272584204972374,0.561224723280892
2013-01-24,0.0,-0.18186720995167144,0.6004251072217891
2013-01-25,0.0,-0.1763060455134508,0.5767172567763958
2013-01-28,0.0,-0.14891423777173504,0.5940823245052237
2013-01-29,0.0,-0.16338903916525988,0.5839732238318118
2013-01-30,0.0,-0.15799914581495153,0.5605601592454102
2013-01-31,0.0,-0.1251948007548213,0.5888539834158235
2013-02-01,0.0,-0.13142859441018429,0.5702400850588619
2013-02-04,0.0,-0.12574844495805262,0.5641928671272852
2013-02-05,0.0,-0.12474480792131099,0.5725932994077985
2013-02-06,0.0,-0.1406462815503077,0.5629969150417107
2013-02-07,0.0,-0.13053713187171734,0.5672798761834192
2013-02-08,0.0,-0.12537309781448244,0.5731117450934411
2013-02-11,0.0,-0.11467793701715343,0.6109762717323308
2013-02-12,0.0,-0.1280274699541965,0.59802732268483
2013-02-13,0.0,-0.10822262985045479,0.6110603168236557
2013-02-14,0.0,-0.11425280080763829,0.5899017050041858
2013-02-15,0.0,-0.10597488289617234,0.5463943191812317
2013-02-18,0.0,-0.11818527796853465,0.5303373156955871
2013-02-19,0.0,-0.1187024326590872,0.5198173721246909
2013-02-20,0.0,-0.11611701189002172,0.43789232905948294
2013-02-21,0.0,-0.12872186557100013,0.40793824508405585
2013-02-22,0.0,-0.15115676801331437,0.40587338469480155
2013-02-25,0.0,-0.13389902485297267,0.4101379436911388
2013-02-26,0.0,-0.15917303001177652,0.4105984175404002
2013-02-27,0.0,-0.15327463947337844,0.41799595154234115
2013-02-28,0.0,-0.12706418783353865,0.4201285413192137
2013-03-01,0.0,-0.12814515357184783,0.41040878079490645
2013-03-04,0.0,-0.12073731805125072,0.43446558632809845
2013-03-05,0.0,-0.13159827567410642,0.4406316807717526
2013-03-06,0.0,-0.12835868035619555,0.4163723444075331
2013-03-07,0.0,-0.11024409184147221,0.42306567241611637
2013-03-08,0.0,-0.12885884127061942,0.43272234333523507
2013-03-11,0.0,-0.11382325923406537,0.43719596075643546
2013-03-12,0.0,-0.12942846290893603,0.4264780908923729
2013-03-13,0.0,-0.12338856426527746,0.43998927176239655
2013-03-14,0.0,-0.11750087825862776,0.4090387713674566
2013-03-15,0.0,-0.14066847457474804,0.40637170905977715
2013-03-18,0.0,-0.14673361685562708,0.39007442812015775
2013-03-19,0.0,-0.157039154799959,0.3895610191266835
2013-03-20,0.0,-0.145751227038398,0.4021584134530241
2013-03-21,0.0,-0.1528243198303826,0.38700645536086364
2013-03-22,0.0,-0.14551582265633323,0.40523284837856516
2013-03-25,0.0,-0.14722078428120985,0.42043822268505276
2013-03-26,0.0,-0.1569346904207695,0.43648690120580075
2013-03-27,0.0,-0.172242017193082,0.42306511510169587
2013-03-28,0.0,-0.2172165234506993,0.43412136077184943
2013-03-29,0.0,-0.20963088162566001,0.42302822472225404
2013-04-01,0.0,-0.22098585780309618,0.42367703286236896
2013-04-02,0.0,-0.20980408461323682,0.4726786422764914
2013-04-03,0.0,-0.23908397804349155,0.4560886422090939
2013-04-04,0.0,-0.2583487684582715,0.441090806983035
2013-04-05,0.0,-0.2474296990729633,0.4046009802488656
2013-04-08,0.0,-0.22820993385030647,0.4310233236260395
2013-04-09,0.0,-0.24287695295451373,0.4039996172408762
2013-04-10,0.0,-0.21834449327225355,0.4410845434635411
2013-04-11,0.0,-0.22255132862117458,0.41992479945847666
2013-04-12,0.0,-0.19259668752307957,0.5650247953711217
2013-04-15,0.0,-0.08583923948416473,0.8125395253186113
2013-04-16,0.0,-0.08897451833925017,0.7415757271892974
2013-04-17,0.0,-0.08860694305665032,0.736797027752361
2013-04-18,0.0,-0.07803598279778336,0.7326673095702307
2013-04-19,0.0,-0.07842480040834289,0.724402984348888
2013-04-22,0.0,-0.10476480823766939,0.6690474275445641
2013-04-23,0.0,-0.08935343419997104,0.715847057550687
2013-04-24,0.0,-0.11522076362420301,0.6982322406996866
2013-04-25,0.0,-0.13365207929288014,0.6941016853464614
2013-04-26,0.0,-0.1205071634932097,0.6916914449365866
2013-04-29,0.0,-0.09969804885832004,0.6273987710845697
2013-04-30,0.0,-0.09330102632123007,0.6432275483920653
2013-05-01,0.0,-0.09744269527995783,0.6741653955074134
2013-05-02,0.0,-0.09516704856977797,0.6779270431778184
2013-05-03,0.0,-0.09811540262315262,0.6842805094286363
2013-05-06,0.0,-0.10116504302223843,0.7114350217721579
2013-05-07,0.0,-0.09105143436650905,0.7199222210218919
2013-05-08,0.0,-0.1064261615773696,0.6898614352408043
2013-05-09,0.0,-0.10712598349813919,0.7217364519766533
2013-05-10,0.0,-0.09895928238789922,0.6997541486864157
2013-05-13,0.0,-0.09335693756692456,0.7043752160545302
2013-05-14,0.0,-0.10511889728118363,0.6985190238290173
2013-05-15,0.0,-0.0786623791944992,0.7163564178011441
2013-05-16,0.0,-0.05380270599297621,0.707913458250548
2013-05-17,0.0,-0.033773474900454,0.7254684167385247
2013-05-20,0.0,-0.04063367820208967,0.6766913247068757
2013-05-21,0.0,-0.04055351023049716,0.7203157162246414
2013-05-22,0.0,-0.025310323766633853,0.7090086805473227
2013-05-23,0.0,-0.01798112571105186,0.6731495649045003
2013-05-24,0.0,-0.007077959145896009,0.6802801261589054
2013-05-27,0.0,-0.020864576990245198,0.6757006669183023
2013-05-28,0.0,-0.00731001656548973,0.6896291880561565
2013-05-29,0.0,-0.019088504336801912,0.6490835277101451
2013-05-30,0.0,-0.027224365493316617,0.6412567020357371
2013-05-31,1.0,0.007057577388682194,0.6723032649956712
2013-06-03,0.0,-0.004758362729865751,0.6550365301716955
2013-06-04,1.0,0.011128122453906222,0.6754375342423994
2013-06-05,1.0,0.010003947432555883,0.6684821392279143
2013-06-06,0.0,-0.004366231074027455,0.6740674353041772
2013-06-07,1.0,0.008710731055392697,0.7021489049455347
2013-06-10,1.0,0.0034703507336004353,0.6943388403939296
2013-06-11,1.0,0.024402903636117544,0.6990791861137764
2013-06-12,1.0,0.0019636550421874123,0.6738069388282031
2013-06-13,0.0,-0.013452075364030579,0.6981691688529384
2013-06-14,1.0,0.0008337406687140606,0.655955635434531
2013-06-17,1.0,0.0012119552194410571,0.6891788456943089
2013-06-18,0.0,-0.0027823558129058358,0.7054271073264331
2013-06-19,1.0,0.01046120121697222,0.7162158023390338
2013-06-20,1.0,0.02809846038759149,0.7922171624249917
2013-06-21,1.0,0.0228697738813581,0.7324796916500267
2013-06-24,1.0,0.023581636478549363,0.7540442604929227
2013-06-25,1.0,0.02549311449721932,0.7359639158103993
2013-06-26,1.0,0.1061493456064667,0.7934738212900231
2013-06-27,1.0,0.12927987406460492,0.7851415191753334
2013-06-28,1.0,0.07148186712920603,0.750258684600914
2013-07-01,1.0,0.05452386942619207,0.7577306933589305
2013-07-02,1.0,0.062244457998582164,0.7717934735138252
2013-07-03,1.0,0.06313671053581761,0.7319936587315792
2013-07-04,1.0,0.057661882921340966,0.6972835217234986
2013-07-05,1.0,0.08869610811198607,0.7105448959248741
2013-07-08,1.0,0.07163595165520671,0.5233232882438156
2013-07-09,1.0,0.02852396335258178,0.5220313535486731
2013-07-10,1.0,0.04380409683760553,0.5118108850267408
2013-07-11,1.0,0.023489633459479787,0.4773105092761675
2013-07-12,1.0,0.01933432073445622,0.5207055537676836
2013-07-15,1.0,0.02965168534407008,0.5523362839723411
2013-07-16,1.0,0.020754782844578726,0.5367135086018533
2013-07-17,1.0,0.022999491666847255,0.5752244686242625
2013-07-18,1.0,0.0026129167534940734,0.558838045688405
2013-07-19,0.0,-0.018627791106815048,0.5247259949229364
2013-07-22,0.0,-0.04869322902289888,0.49766671387946493
2013-07-23,0.0,-0.04782497445034025,0.5327835261376853
2013-07-24,0.0,-0.030539127564671132,0.5473040363847588
2013-07-25,0.0,-0.010217702975946411,0.5299900790362353
2013-07-26,0.0,-0.01287028767322749,0.5315576900836997
2013-07-29,0.0,-0.00909227827867623,0.5644657306505019
2013-07-30,1.0,0.01038843747830976,0.5591418400487677
2013-07-31,1.0,0.006145949453594065,0.524732168924902
2013-08-01,1.0,0.02760545502619913,0.5435560275371815
2013-08-02,1.0,0.029334885944591414,0.5068171686046592
2013-08-05,1.0,0.03734261243973429,0.5380991993722535
2013-08-06,1.0,0.04709760827957946,0.5615087884677975
2013-08-07,1.0,0.04325540771184042,0.5218742012459012
2013-08-08,1.0,0.007358273291492858,0.4688341385531077
2013-08-09,1.0,0.0013685092989603187,0.4771745152494132
2013-08-12,0.0,-0.01805790497323604,0.41930398852615247
2013-08-13,0.0,-0.007488225521895434,0.4522950031386878
2013-08-14,0.0,-0.013730020365150723,0.4066795520068204
2013-08-15,0.0,-0.043882042242200554,0.36097873043880396
2013-08-16,0.0,-0.06625644943376058,0.38573590040364686
2013-08-19,0.0,-0.06282693091611748,0.4301043628320487
2013-08-20,0.0,-0.07822353396056199,0.3958557951925221
2013-08-21,0.0,-0.06416203236877784,0.42383889423894844
2013-08-22,0.0,-0.06683496169550172,0.4353814524709625
2013-08-23,0.0,-0.08006655580861335,0.40272887063845353
2013-08-26,0.0,-0.09656390195569284,0.4294505264769079
2013-08-27,0.0,-0.10373728068673159,0.407659689640454
2013-08-28,0.0,-0.1303688725120808,0.42253600631620064
2013-08-29,0.0,-0.124400514276717,0.4565572761443242
2013-08-30,0.0,-0.11496741395057067,0.45472613626161335
2013-09-02,0.0,-0.1060699259184239,0.44289402546708895
2013-09-03,0.0,-0.1279456931089477,0.4058949328949035
2013-09-04,0.0,-0.11700278064671378,0.448777772488681
2013-09-05,0.0,-0.09454776484920706,0.4714706631269268
2013-09-06,0.0,-0.10473805932937344,0.42572479618844683
2013-09-09,0.0,-0.1285188508009783,0.4625989337960655
2013-09-10,0.0,-0.108661367123914,0.49829700713116426
2013-09-11,0.0,-0.09334356191312737,0.4925984388345817
2013-09-12,0.0,-0.075816478605153,0.46197848322889995
2013-09-13,0.0,-0.07621945292776008,0.4425215981781607
2013-09-16,0.0,-0.05685739278501563,0.4462478377993031
2013-09-17,0.0,-0.037675182836797654,0.4442871271275775
2013-09-18,0.0,-0.08549428881478233,0.2936862553638896
2013-09-19,0.0,-0.10877770715448776,0.30936302870098614
2013-09-20,0.0,-0.06806142932650293,0.3941410084852475
2013-09-23,0.0,-0.06354612522620198,0.38874602931931374
2013-09-24,0.0,-0.07229893664842485,0.37171397616089463
2013-09-25,0.0,-0.09092110878053902,0.3824129113680806
2013-09-26,0.0,-0.10788198327553572,0.38008490887582547
2013-09-27,0.0,-0.10509870128272181,0.3289336814399156
2013-09-30,0.0,-0.10304389231387966,0.36535219989182083
2013-10-01,0.0,-0.06697849308088617,0.44196358855457557
2013-10-02,0.0,-0.0888925368113686,0.4298599576323296
2013-10-03,0.0,-0.0840656637026558,0.45836605566807725
2013-10-04,0.0,-0.07725250869258825,0.4636564276129831
2013-10-07,0.0,-0.10067508897353859,0.40454765993782904
2013-10-08,0.0,-0.0900976117514209,0.36912809349136677
2013-10-09,0.0,-0.0837446040858954,0.417927068111955
2013-10-10,0.0,-0.0503290923533955,0.4464723646744448
2013-10-11,0.0,-0.028034786888328913,0.44812825930150235
2013-10-14,0.0,-0.027343306223278435,0.4545470569829414
2013-10-15,0.0,-0.03999769578515187,0.41784891438236565
2013-10-16,0.0,-0.04508780672395395,0.4451252958876057
2013-10-17,0.0,-0.07254316690528582,0.35557029226706166
2013-10-18,0.0,-0.05288400258797141,0.40083459043811687
2013-10-21,0.0,-0.04888059378998175,0.4034769777444045
2013-10-22,0.0,-0.0734934192818306,0.3473085074365282
2013-10-23,0.0,-0.07113681459869119,0.382213663341649
2013-10-24,0.0,-0.0806796142972625,0.3438811132801928
2013-10-25,0.0,-0.07431869570513652,0.3420976456790897
2013-10-28,0.0,-0.07520101177441685,0.34088496685130204
2013-10-29,0.0,-0.08018335669776004,0.34821231319695006
2013-10-30,0.0,-0.08332049542164353,0.34124056029244604
2013-10-31,0.0,-0.045585418981271414,0.4217402393074164
2013-11-01,0.0,-0.03567677997809289,0.41683987709183706
2013-11-04,0.0,-0.04453476590830736,0.4293373469341159
2013-11-05,0.0,-0.04277540330451678,0.42729119544151034
2013-11-06,0.0,-0.03922101665958346,0.41306459172100995
2013-11-07,0.0,-0.04996394956271146,0.4237602706329409
2013-11-08,0.0,-0.034782338926137996,0.45735090156894376
2013-11-11,0.0,-0.01977643493574136,0.463270540339753
2013-11-12,0.0,-0.010528415893204399,0.4816226048846905
2013-11-13,0.0,-0.018821379773103816,0.44427371855428116
2013-11-14,0.0,-0.02279513643585375,0.4471775196988668
2013-11-15,0.0,-0.017932264664657097,0.44930068102001347
2013-11-18,0.0,-0.00048624019654744415,0.48001551096138645
2013-11-19,1.0,0.012317508709747004,0.4818246087832277
2013-11-20,1.0,0.0370235901898955,0.47772488629335264
2013-11-21,1.0,0.04700037835087504,0.4699114256315596
2013-11-22,1.0,0.058604297152981294,0.4706389129538495
2013-11-25,1.0,0.06212311538297763,0.4367833094994281
2013-11-26,1.0,0.06176419612502102,0.4718303490885504
2013-11-27,1.0,0.0577748246528462,0.4489836120210582
2013-11-28,1.0,0.06142004216569437,0.4251556777773862
2013-11-29,1.0,0.05493725459669013,0.4326738502942592
2013-12-02,1.0,0.09176741943098539,0.43850343465042074
2013-12-03,1.0,0.09149689630718782,0.41140761369531814
2013-12-04,1.0,0.06745229204894636,0.35040569142992634
2013-12-05,1.0,0.0830988326882817,0.384178875329926
2013-12-06,1.0,0.07625714852077288,0.36789180958988416
2013-12-09,1.0,0.08509215968841287,0.3439223738689688
2013-12-10,1.0,0.05559640288958265,0.30014210374955547
2013-12-11,1.0,0.06541156775135071,0.34783646809270785
2013-12-12,1.0,0.09736878022409153,0.38465884574404224
2013-12-13,1.0,0.07851151936139052,0.30677728811396826
2013-12-16,1.0,0.07630141936498992,0.2962306514147845
2013-12-17,1.0,0.09147387452131234,0.3345861918040817
2013-12-18,1.0,0.11466140373687131,0.3663343725814468
2013-12-19,1.0,0.14201108674162694,0.32371620704657916
2013-12-20,1.0,0.1380296952107558,0.2938840187942432
2013-12-23,1.0,0.13043920578460325,0.333336904892667
2013-12-24,1.0,0.11855870316358681,0.3064751771047005
2013-12-25,1.0,0.09996917327191902,0.3049999602676927
2013-12-26,1.0,0.09423575513796786,0.2735710501011912
2013-12-27,1.0,0.09427194298934148,0.28780204187369796
2013-12-30,1.0,0.08953430956078182,0.3128333723177543
2013-12-31,1.0,0.08408405366119404,0.2821464744417536
2014-01-01,1.0,0.08241886736078323,0.3104517325581596
2014-01-02,1.0,0.05276476922482693,0.24578103648871752
2014-01-03,1.0,0.044809152489670864,0.24362232711832793
2014-01-06,1.0,0.03698708029619315,0.236996773507955
2014-01-07,1.0,0.03738194749799972,0.2638621934613521
2014-01-08,1.0,0.05132959240570313,0.27046397178364245
2014-01-09,1.0,0.04675800411152598,0.275293602793201
2014-01-10,1.0,0.042536251843304534,0.2488838743617448
2014-01-13,1.0,0.03426827291142146,0.256430023327768
2014-01-14,1.0,0.0494175250366129,0.2876778991855586
2014-01-15,1.0,0.05501102998948651,0.28387485668105833
2014-01-16,1.0,0.05883567060987613,0.28985693828455694
2014-01-17,1.0,0.049812991912143875,0.28935209651996247
2014-01-20,1.0,0.055475711174622695,0.2874514751742767
2014-01-21,1.0,0.04807605123825706,0.30076770039309286
2014-01-22,1.0,0.05124762127807103,0.290100884952241
2014-01-23,1.0,0.02361658955533234,0.21415439513246384
2014-01-24,1.0,0.019129750067483946,0.24264664813433706
2014-01-27,1.0,0.025927756364351563,0.26034574354736134
2014-01-28,1.0,0.02123091635638629,0.2563003219443718
2014-01-29,1.0,0.012757205258250168,0.21529759711766938
2014-01-30,1.0,0.039339128301159494,0.25381028086400004
2014-01-31,1.0,0.046278935595152455,0.25989366622267945
2014-02-03,1.0,0.029774617885805127,0.22285582451801106
2014-02-04,1.0,0.0322081076417972,0.2343851227270372
2014-02-05,1.0,0.026360256051639153,0.22234486665381936
2014-02-06,1.0,0.020851047795244337,0.2407599116424129
2014-02-07,1.0,0.02519154436146093,0.20230339634399666
2014-02-10,1.0,0.026841223786676468,0.19079360350002747
2014-02-11,1.0,0.012244124291741628,0.20345366667293502
2014-02-12,0.0,-0.0012476994740789381,0.20019743002257817
2014-02-13,0.0,-0.01002010072888972,0.19531956155697688
2014-02-14,0.0,-0.022616948617713552,0.21553059683941136
2014-02-17,0.0,-0.027617840712852525,0.2444376218079989
2014-02-18,0.0,-0.021353940780418038,0.250858168284104
2014-02-19,0.0,-0.004845511341625388,0.25646376991245085
2014-02-20,0.0,-0.020573934700403654,0.24138384498665244
2014-02-21,0.0,-0.02429058811808745,0.25490035409688794
2014-02-24,0.0,-0.03372670039553329,0.2201048162729351
2014-02-25,0.0,-0.03553257105345344,0.23022732964708556
2014-02-26,0.0,-0.029207059996075365,0.2387241369844261
2014-02-27,0.0,-0.028788065857352944,0.22551305556840606
2014-02-28,0.0,-0.026075085210617552,0.22802887467272775
2014-03-03,0.0,-0.04407960118040204,0.22299963125040093
2014-03-04,0.0,-0.05550133380597705,0.2543245661568058
2014-03-05,0.0,-0.06061573936654298,0.2275751667647429
2014-03-06,0.0,-0.0730965852866247,0.18842936571223529
2014-03-07,0.0,-0.06911121714276454,0.19626259750653882
2014-03-10,0.0,-0.07461911654820667,0.21154512353663898
2014-03-11,0.0,-0.08044680125821067,0.1882849947197577
2014-03-12,0.0,-0.09286538291341986,0.19818434190501708
2014-03-13,0.0,-0.08927395515384427,0.18672800663553893
2014-03-14,0.0,-0.09787608656356016,0.1904551281094058
2014-03-17,0.0,-0.08718644148270428,0.206787263808827
2014-03-18,0.0,-0.074764621862088,0.2139517950375915
2014-03-19,0.0,-0.05411898568542455,0.25254411510432506
2014-03-20,0.0,-0.04358284417604295,0.2647227997182646
2014-03-21,0.0,-0.04343327865390763,0.256015798084137
2014-03-24,0.0,-0.02886347559221438,0.27221843394765244
2014-03-25,0.0,-0.030866265516384085,0.2670708039139738
2014-03-26,0.0,-0.020295513703667098,0.2744819585555348
2014-03-27,1.0,0.022128119051400767,0.3162658466482177
2014-03-28,1.0,0.015645690725736034,0.3157768642691885
2014-03-31,1.0,0.025081347188241867,0.36886812832943044
2014-04-01,1.0,0.030066567297402928,0.3731845793034234
2014-04-02,1.0,0.021115882546794574,0.3512916579408525
2014-04-03,1.0,0.02301689521172887,0.37633965046593093
2014-04-04,1.0,0.00954971159839709,0.3512414106183033
2014-04-07,1.0,0.022506610730134314,0.36271735983502684
2014-04-08,1.0,0.013612056201368128,0.33674331219167986
2014-04-09,1.0,0.01145017416392993,0.35394115599571097
2014-04-10,1.0,0.001774273506364698,0.34358344020113646
2014-04-11,1.0,0.0009099871713108109,0.377218009873335
2014-04-14,0.0,-0.004920737833977014,0.3558794746684658
2014-04-15,1.0,0.01265612749401349,0.35319583824852474
2014-04-16,1.0,0.017954322886106423,0.3811769089504741
2014-04-17,1.0,0.031267163149949276,0.40348708080074963
2014-04-18,1.0,0.033273103561204546,0.42142207550792365
2014-04-21,1.0,0.013771660962721111,0.4029378818721052
2014-04-22,1.0,0.00836156402809283,0.41153993560212526
2014-04-23,1.0,0.011796051195740872,0.4177990702258856
2014-04-24,1.0,0.01891066781232781,0.35612616571245675
2014-04-25,1.0,0.00512684292421955,0.3880671651749634
2014-04-28,1.0,0.01243309631792101,0.4233616895202693
2014-04-29,1.0,0.00934047824104225,0.42908026212681405
2014-04-30,1.0,0.00985434600949974,0.4468285350509176
2014-05-01,1.0,0.007097041675025187,0.4865641325025692
2014-05-02,1.0,0.0062898113322303805,0.4698649564507407
2014-05-05,0.0,-0.004216719278117234,0.47564216592904424
2014-05-06,0.0,-0.006461239826953682,0.49448968511455116
2014-05-07,1.0,0.004881171578188667,0.5109077008733722
2014-05-08,0.0,-0.005581829282101855,0.5272283905038877
2014-05-09,1.0,0.0035617536686022512,0.5518439101581554
2014-05-12,0.0,-0.005139688226784855,0.5254201663316671
2014-05-13,0.0,-0.004259313024158106,0.5363615760862434
2014-05-14,1.0,0.0002757690910968422,0.47775919955541457
2014-05-15,1.0,0.012750160267715012,0.5053794471602361
2014-05-16,1.0,0.012914315851123378,0.52572581175891
2014-05-19,1.0,0.011797323648966603,0.5319160215702201
2014-05-20,1.0,0.01119811874615269,0.5349981366310114
2014-05-21,1.0,0.015342859294617726,0.5301421722031728
2014-05-22,1.0,0.01744958772909024,0.521450157413849
2014-05-23,1.0,0.009319588384018584,0.5322161615451371
2014-05-26,1.0,0.0042930450763946845,0.5340314731695038
2014-05-27,1.0,0.02618509398694809,0.4965010593671586
2014-05-28,1.0,0.025648366010562803,0.49086202424524245
2014-05-29,1.0,0.0169622740700408,0.4882089679765171
2014-05-30,1.0,0.023863332114352296,0.45818473513175934
2014-06-02,1.0,0.025700559101031303,0.4539380965613931
2014-06-03,1.0,0.028605960794131118,0.4498938214906242
2014-06-04,1.0,0.029254322428913043,0.46227129299862413
2014-06-05,1.0,0.0288290538405816,0.4427535729133702
2014-06-06,1.0,0.027100307482397917,0.44261755413242376
2014-06-09,1.0,0.027762273925075357,0.4496249410569068
2014-06-10,1.0,0.005927680843106883,0.41593562872880435
2014-06-11,1.0,0.006538218765242028,0.39424125130028975
2014-06-12,0.0,-0.009705366748605926,0.37876976066162504
2014-06-13,0.0,-0.0065463723941213215,0.34926667402796163
2014-06-16,0.0,-0.011876689945156354,0.3404849306753559
2014-06-17,0.0,-0.012981541386463954,0.34593581203124174
2014-06-18,0.0,-0.022691282914830375,0.33776639900613037
2014-06-19,0.0,-0.06217598672883173,0.2905450670399966
2014-06-20,0.0,-0.0676837610332539,0.3517690381942868
2014-06-23,0.0,-0.06652072250556892,0.3396220090750418
2014-06-24,0.0,-0.06570504728705287,0.32669995266730906
2014-06-25,0.0,-0.07536177438367968,0.3313068430867296
2014-06-26,0.0,-0.07195978373323901,0.35516890866398726
2014-06-27,0.0,-0.07842196177580317,0.369620217295946
2014-06-30,0.0,-0.08801045513693508,0.342274391787035
2014-07-01,0.0,-0.08148520939981053,0.35793153206959394
2014-07-02,0.0,-0.08680590738813446,0.35695472065893086
2014-07-03,0.0,-0.07773102280374222,0.3850898409098892
2014-07-04,0.0,-0.07923452477817697,0.386294618872156
2014-07-07,0.0,-0.08279898050430051,0.4050941709068929
2014-07-08,0.0,-0.08772421647168711,0.38151238072107335
2014-07-09,0.0,-0.08906519993514508,0.3639765322899739
2014-07-10,0.0,-0.09542924699168287,0.37108796286569345
2014-07-11,0.0,-0.11680753283338222,0.39060550259058274
2014-07-14,0.0,-0.08089104767737003,0.42352804484501294
2014-07-15,0.0,-0.06871263211214752,0.45047083227473295
2014-07-16,0.0,-0.06198648317294247,0.4481585440243845
2014-07-17,0.0,-0.07467928419403733,0.41727444591458224
2014-07-18,0.0,-0.06870942168292347,0.4648810723841317
2014-07-21,0.0,-0.059418131380808946,0.4439156381312058
2014-07-22,0.0,-0.05941639906996112,0.44299822818465356
2014-07-23,0.0,-0.05062730390583917,0.4564050827638003
2014-07-24,0.0,-0.04357597324225588,0.4841458558663755
2014-07-25,0.0,-0.05476838970052974,0.44134875046765665
2014-07-28,0.0,-0.04489003769851889,0.46242333814109354
2014-07-29,0.0,-0.0392370341610208,0.46484059727131627
2014-07-30,0.0,-0.04235430247475695,0.4615189043564921
2014-07-31,0.0,-0.03956472622979458,0.47783126508162477
2014-08-01,0.0,-0.049838015493634896,0.44832642212129
2014-08-04,0.0,-0.05005280530685136,0.481623107146108
2014-08-05,0.0,-0.04800896473650965,0.47453360536923445
2014-08-06,0.0,-0.07462893318536196,0.4440072279169539
2014-08-07,0.0,-0.09004459030508104,0.4426431088675055
2014-08-08,0.0,-0.11027766579726553,0.4424575415369822
2014-08-11,0.0,-0.11559121629508555,0.44549758036587905
2014-08-12,0.0,-0.11319448561613361,0.44081332572927273
2014-08-13,0.0,-0.14048691457247814,0.4342807022418428
2014-08-14,0.0,-0.1424354565100875,0.4245723647455794
2014-08-15,0.0,-0.10226469594055249,0.4629243669437815
2014-08-18,0.0,-0.12014250860343031,0.47874174745474135
2014-08-19,0.0,-0.10738707273769602,0.4588520790743093
2014-08-20,0.0,-0.10472725136584671,0.477490387272312
2014-08-21,0.0,-0.0941128794558753,0.5321085482242606
2014-08-22,0.0,-0.07479893884357348,0.5122160295688282
2014-08-25,0.0,-0.07253428256389849,0.5145278080794712
2014-08-26,0.0,-0.06814165887573809,0.5235342024575772
2014-08-27,0.0,-0.08141225821857959,0.5416212626144103
2014-08-28,0.0,-0.07749433055320022,0.5270276348116176
2014-08-29,0.0,-0.06904226737250618,0.5271761123263156
2014-09-01,0.0,-0.07194972692687228,0.5297130569344222
2014-09-02,0.0,-0.05274068885207357,0.5639302795323335
2014-09-03,0.0,-0.057500100258131785,0.579255116085799
2014-09-04,0.0,-0.05693456247631861,0.5807372965365943
2014-09-05,0.0,-0.08304400065912894,0.5779161012922293
2014-09-08,0.0,-0.036129176646353796,0.58177207927807
2014-09-09,0.0,-0.04687708470498901,0.5655700296872039
2014-09-10,0.0,-0.0323872461669194,0.5589753388505505
2014-09-11,0.0,-0.028663366738244787,0.5141583254186987
2014-09-12,0.0,-0.029751801892382555,0.4781124338069181
2014-09-15,0.0,-0.02415830295486519,0.48259221881705594
2014-09-16,0.0,-0.0029372647777060135,0.47238154657723785
2014-09-17,1.0,0.0029652402698744263,0.46318350468214575
2014-09-18,1.0,0.0018183528128937138,0.4560986102379321
2014-09-19,1.0,0.0051675462571046495,0.44064158602878495
2014-09-22,0.0,-0.018261023015277968,0.4457547240497926
2014-09-23,0.0,-0.021097619655631825,0.4514006203339882
2014-09-24,0.0,-0.023152934797318458,0.4510701252586508
2014-09-25,0.0,-0.018719941688461274,0.45357951666973245
2014-09-26,0.0,-0.019302260213174483,0.4372899537027023
2014-09-29,0.0,-0.0318642110818568,0.4607869781288508
2014-09-30,0.0,-0.02683936840256176,0.4457322682661459
2014-10-01,0.0,-0.03281456029655403,0.44761176577850936
2014-10-02,0.0,-0.033719483514369285,0.4601878041675525
2014-10-03,1.0,0.003520687655252614,0.4136547611182861
2014-10-06,0.0,-0.019393218173897827,0.39171274338629514
2014-10-07,0.0,-0.006857473345461546,0.38945730866216915
2014-10-08,0.0,-0.030678477242966403,0.37756652610027946
2014-10-09,0.0,-0.03310014487519793,0.38027554407589376
2014-10-10,0.0,-0.028475510861722193,0.35660669333499195
2014-10-13,0.0,-0.02623458644191449,0.3636901655406097
2014-10-14,0.0,-0.01109581425505435,0.3626639510076437
2014-10-15,0.0,-0.023963798944130983,0.3648911647832103
2014-10-16,0.0,-0.02447607485833031,0.3623801246998443
2014-10-17,0.0,-0.012164799395033394,0.35021371230581827
2014-10-20,0.0,-0.010782145139661975,0.37101200128720224
2014-10-21,0.0,-0.014833608682100822,0.36994014528381564
2014-10-22,0.0,-0.010081725641235132,0.3789344959264896
2014-10-23,1.0,0.023073753252271977,0.37440723625065997
2014-10-24,1.0,0.0390832183091213,0.3756350213358599
2014-10-27,1.0,0.04059482949955803,0.38987776483912195
2014-10-28,1.0,0.05192046914464733,0.38800269238184704
2014-10-29,1.0,0.06511707177611488,0.40138630847288703
2014-10-30,1.0,0.08155232762065769,0.399169381221522
2014-10-31,1.0,0.09874730479806552,0.4032654721700541
2014-11-03,1.0,0.09477950192894172,0.4217428302976342
2014-11-04,1.0,0.10075897266396064,0.4241843584902962
2014-11-05,1.0,0.11938567343822552,0.4577353288353937
2014-11-06,1.0,0.09648251801287992,0.4493735038118235
2014-11-07,1.0,0.08581614305451074,0.4036929177219539
2014-11-10,1.0,0.10234895660874106,0.46042172618323834
2014-11-11,1.0,0.07925125374730474,0.4395734312650671
2014-11-12,1.0,0.08828715553253101,0.4400518635405699
2014-11-13,1.0,0.0841978620868124,0.4270271029845934
2014-11-14,1.0,0.03715050349775844,0.39919492500407916
2014-11-17,1.0,0.043684139930724175,0.42435292160647753
2014-11-18,1.0,0.030707578159325642,0.42702150579789516
2014-11-19,1.0,0.03064911212903982,0.417086267558181
2014-11-20,1.0,0.02375357464367171,0.4059403472168077
2014-11-21,1.0,0.02344201239842285,0.4439366423385441
2014-11-24,1.0,0.027009413066894312,0.41863181358967677
2014-11-25,1.0,0.007162361571400214,0.40499130091763424
2014-11-26,1.0,0.012029845991777007,0.4007063361155565
2014-11-27,1.0,0.013116555157024002,0.40416273676540815
2014-11-28,1.0,0.0294199692065954,0.4378896052248998
2014-12-01,0.0,-0.008411593715615182,0.33242084949753836
2014-12-02,1.0,0.0016685163255867063,0.4173082984442838
2014-12-03,0.0,-0.0038938278254303884,0.37214109425767905
2014-12-04,1.0,0.003198120310530338,0.38679060556105893
2014-12-05,1.0,0.017429635135283596,0.40107994579407447
2014-12-08,1.0,0.0030208243923345924,0.38995598748336274
2014-12-09,0.0,-0.02205132030984486,0.3603028124924516
2014-12-10,0.0,-0.021601961277164003,0.3912149226793486
2014-12-11,0.0,-0.023975558126420972,0.37829147361909804
2014-12-12,0.0,-0.04634082231598673,0.38069078034139825
2014-12-15,0.0,-0.021826137117393122,0.4456362046843453
2014-12-16,0.0,-0.03009148649381539,0.4291888723994058
2014-12-17,0.0,-0.029202768068257598,0.4513296874287129
2014-12-18,0.0,-0.03937523224462287,0.43286778231513706
2014-12-19,0.0,-0.03185285775741604,0.445631411021384
2014-12-22,0.0,-0.019357602051622014,0.4540918864987679
2014-12-23,0.0,-0.02341999218871002,0.47466008038359997
2014-12-24,0.0,-0.00563959454221587,0.47880943173750623
2014-12-25,0.0,-0.0020128281904941976,0.4879034558300734
2014-12-26,0.0,-0.010810916104215506,0.41404174899044427
2014-12-29,1.0,0.004940446594590136,0.44973451827368044
2014-12-30,0.0,-0.006519036877206642,0.40984560878840703
2014-12-31,1.0,0.009542097244184573,0.45912017920682935
2015-01-01,1.0,0.016828236347167954,0.47154572179720716
2015-01-02,1.0,0.008326191689377616,0.4542930602701651
2015-01-05,0.0,-0.01599659106985831,0.4267556039372666
2015-01-06,0.0,-0.029641667271277747,0.4277097517940392
2015-01-07,0.0,-0.005682916058975179,0.44375229629937324
2015-01-08,0.0,-0.005999445435479316,0.43902862709254564
2015-01-09,0.0,-0.01699379217337455,0.4319765969513306
2015-01-12,0.0,-0.01541816874112337,0.43798646842522604
2015-01-13,0.0,-0.018312571214445125,0.45115401335144917
2015-01-14,0.0,-0.022226517591422777,0.39557784407682484
2015-01-15,0.0,-0.0549394065459906,0.4514114647427746
2015-01-16,0.0,-0.05827672089864368,0.5312564202756905
2015-01-19,0.0,-0.0631450109108956,0.5500666456271955
2015-01-20,0.0,-0.08145321606422788,0.567968055116768
2015-01-21,0.0,-0.0735121603008471,0.5463607649473802
2015-01-22,0.0,-0.08280352684965833,0.5462333216569356
2015-01-23,0.0,-0.07222988233633432,0.5413848275141261
2015-01-26,0.0,-0.06848058424705725,0.5271785365216812
2015-01-27,0.0,-0.07206590390125515,0.513849131014011
2015-01-28,0.0,-0.07916231806698638,0.4924085115593004
2015-01-29,0.0,-0.05167014251802836,0.5230435391744656
2015-01-30,0.0,-0.08465343610810933,0.5042651708116912
2015-02-02,0.0,-0.05928337535363707,0.5064440680638198
2015-02-03,0.0,-0.038762347302018385,0.5320708174815736
2015-02-04,0.0,-0.052698857021217106,0.5087799317644001
2015-02-05,0.0,-0.0658114970577809,0.5141845022506418
2015-02-06,0.0,-0.045940282874679106,0.5646960601655954
2015-02-09,0.0,-0.04244596872805507,0.5340693909807215
2015-02-10,0.0,-0.03357850966791021,0.5464041226908317
2015-02-11,0.0,-0.022871037649221517,0.5429508376605786
2015-02-12,0.0,-0.031432560033380845,0.5266381872566606
2015-02-13,0.0,-0.034871186690830634,0.5287001748404883
2015-02-16,0.0,-0.03889406738795567,0.532518589821938
2015-02-17,0.0,-0.013386924749917527,0.5418778937423334
2015-02-18,1.0,0.001722085549320514,0.534380406581777
2015-02-19,1.0,0.011424553759093398,0.5407536219410314
2015-02-20,1.0,0.01782566637077209,0.5226516930440381
2015-02-23,1.0,0.01932765746252405,0.5273985321320883
2015-02-24,1.0,0.006546994580282342,0.5152144833541246
2015-02-25,1.0,0.003943438382566994,0.5027178055223477
2015-02-26,0.0,-0.0021862095377433227,0.4945702920215851
2015-02-27,0.0,-0.006334630810295727,0.4973812126860314
2015-03-02,1.0,5.80034387915159e-05,0.5173839298322266
2015-03-03,0.0,-0.013919436428169861,0.5238846138838064
2015-03-04,0.0,-0.009967833923498618,0.5496713467032148
2015-03-05,0.0,-0.008774890047457474,0.5668823020923592
2015-03-06,1.0,0.019559799638344845,0.5387258208594751
2015-03-09,1.0,0.018677057194675908,0.5009908308588606
2015-03-10,1.0,0.026785836685744625,0.4867085736750561
2015-03-11,1.0,0.025790729963684582,0.4597648058473341
2015-03-12,1.0,0.02068073808282647,0.45710385555925237
2015-03-13,1.0,0.0115733288068869,0.44975763508549266
2015-03-16,1.0,0.016549328569569737,0.43617284558153663
2015-03-17,1.0,0.023164933523834648,0.4195504366849151
2015-03-18,1.0,0.015601736322685411,0.3963240561917921
2015-03-19,1.0,0.009051373811061197,0.4105286066947725
2015-03-20,0.0,-0.0011849345440611138,0.4005991710198644
2015-03-23,0.0,-0.0029562770781939884,0.3983176131840761
2015-03-24,0.0,-0.009477945379521001,0.40476008638278216
2015-03-25,0.0,-0.008317977718581514,0.39507824003862174
2015-03-26,0.0,-0.002203605656478589,0.3903148420463907
2015-03-27,1.0,0.001000500333583622,0.4153424471596117
2015-03-30,1.0,0.0005483265632881295,0.41701157815804135
2015-03-31,0.0,-0.00478621807813876,0.42077448189660843
2015-04-01,0.0,-0.024387350555848866,0.4080703625359935
2015-04-02,0.0,-0.024048833177501627,0.4410053061625215
2015-04-03,0.0,-0.023117165306221554,0.45256569697730986
2015-04-06,0.0,-0.028920455878496027,0.44358153595124783
2015-04-07,0.0,-0.029821613516626086,0.46429765485754737
2015-04-08,0.0,-0.028721004204917456,0.46470910489353606
2015-04-09,0.0,-0.023938271036679826,0.4755653288363539
2015-04-10,0.0,-0.0330195248408509,0.4629420372633463
2015-04-13,0.0,-0.02412991367303727,0.4741709941440518
2015-04-14,0.0,-0.0321708150740127,0.4772182839205657
2015-04-15,0.0,-0.03786676996175228,0.4837051238081483
2015-04-16,0.0,-0.0328774654248637,0.4923894915078765
2015-04-17,0.0,-0.03503051750254309,0.485839763105716
2015-04-20,0.0,-0.0329723542840489,0.4945210362621895
2015-04-21,0.0,-0.04016760964205037,0.4758424052615878
2015-04-22,0.0,-0.032718219907458074,0.49944131596124886
2015-04-23,0.0,-0.042205336767370275,0.45001234926281375
2015-04-24,0.0,-0.0386078234917107,0.47177933737059
2015-04-27,0.0,-0.09068133952042211,0.40273402277562953
2015-04-28,0.0,-0.09613977279417286,0.40215059028317
2015-04-29,0.0,-0.09645217568021223,0.42626367098258994
2015-04-30,0.0,-0.08255789685104745,0.3959535653761123
2015-05-01,0.0,-0.06950840575865358,0.37146261559692256
2015-05-04,0.0,-0.08240526409656082,0.3622390686629943
2015-05-05,0.0,-0.0858705398509894,0.35031401660299905
2015-05-06,0.0,-0.0828678661253503,0.3413739473305519
2015-05-07,0.0,-0.08494112574990512,0.3485823874058525
2015-05-08,0.0,-0.08108676127980406,0.33560446817255707
2015-05-11,0.0,-0.085786999052798,0.3336914039431139
2015-05-12,0.0,-0.09285332522422905,0.2941130368322959
2015-05-13,0.0,-0.11323154589788015,0.2507839164452322
2015-05-14,0.0,-0.11427261961633917,0.26842803205972904
2015-05-15,0.0,-0.11236747380601482,0.27786081519000994
2015-05-18,0.0,-0.10417759043167672,0.28667014438342175
2015-05-19,0.0,-0.08549555555123628,0.31842840239491527
2015-05-20,0.0,-0.07260492207785914,0.3147699508738169
2015-05-21,0.0,-0.07906563766625434,0.32213725761003753
2015-05-22,0.0,-0.07836969833319844,0.32071599614553997
2015-05-25,0.0,-0.07706213502177449,0.31655925095329623
2015-05-26,0.0,-0.060506172865819836,0.3590447401128785
2015-05-27,0.0,-0.046568120889198684,0.3572482278138269
2015-05-28,0.0,-0.030425796938297753,0.3580851262359038
2015-05-29,0.0,-0.02533504579715655,0.3279090655002777
2015-06-01,0.0,-0.029273296932002472,0.3263179576132455
2015-06-02,0.0,-0.04509399825909515,0.30490339192830285
2015-06-03,0.0,-0.052139790864927135,0.31991913727164417
2015-06-04,0.0,-0.04440733096218024,0.31421782162522294
2015-06-05,0.0,-0.03335421595101062,0.3124445820796916
2015-06-08,0.0,-0.03388832815632978,0.30850048442010053
2015-06-09,0.0,-0.03135242546800185,0.3517090824136869
2015-06-10,0.0,-0.04486024089887582,0.35963131900318485
2015-06-11,0.0,-0.04960482816560834,0.37792242983049407
2015-06-12,0.0,-0.05175695913058749,0.38977053516308025
2015-06-15,0.0,-0.0580573831138969,0.37217889773978075
2015-06-16,0.0,-0.05203536149064958,0.3918980165326181
2015-06-17,0.0,-0.0689054916906114,0.3776162479846327
2015-06-18,0.0,-0.07796716625702452,0.3216680492209803
2015-06-19,0.0,-0.08043306162950724,0.338446162086932
2015-06-22,0.0,-0.06789110222322878,0.37529020904601595
2015-06-23,0.0,-0.0637208422530603,0.3923858921062838
2015-06-24,0.0,-0.04862205026867652,0.4201871311722774
2015-06-25,0.0,-0.03690615947669672,0.42901200764015457
2015-06-26,0.0,-0.03123930527171072,0.4207599084085565
2015-06-29,0.0,-0.04056246130781627,0.40666398764037237
2015-06-30,0.0,-0.04241318375854904,0.4530776054821523
2015-07-01,0.0,-0.033633067180523106,0.4439985946615586
2015-07-02,0.0,-0.01077782462608388,0.43044218915930393
2015-07-03,0.0,-0.019368407891149044,0.43237607624167396
2015-07-06,0.0,-0.033138952247388366,0.42457621211552715
2015-07-07,0.0,-0.024459885159146173,0.3787720388022581
2015-07-08,0.0,-0.037336496061176554,0.3729588638439604
2015-07-09,0.0,-0.040665669136737324,0.37246084709951044
2015-07-10,0.0,-0.02185142830751124,0.3855319920781706
2015-07-13,0.0,-0.01927833605982907,0.40429056843415073
2015-07-14,0.0,-0.0073861997252000705,0.40363239795128836
2015-07-15,0.0,-0.0034878179840059733,0.3740598393723922
2015-07-16,0.0,-0.005343858533840154,0.37201694386563267
2015-07-17,1.0,0.0185690299863566,0.35965222296744304
2015-07-20,1.0,0.05814253516108811,0.3865597773581759
2015-07-21,1.0,0.05942429392135424,0.38334251746142206
2015-07-22,1.0,0.079145766183679,0.40233150462017925
2015-07-23,1.0,0.08152693407720021,0.3964915911516429
2015-07-24,1.0,0.06827674774901098,0.38095914417936844
2015-07-27,1.0,0.06746214537398686,0.402707342146615
2015-07-28,1.0,0.07111875560123238,0.4114061165177193
2015-07-29,1.0,0.06196750653955402,0.401796938269486
2015-07-30,1.0,0.0687262795870082,0.41595151026065613
2015-07-31,1.0,0.0609356100983354,0.4016874676496557
2015-08-03,1.0,0.06822848275347601,0.3996810868412193
2015-08-04,1.0,0.07013567097956852,0.40003725175139987
2015-08-05,1.0,0.06331906680030938,0.41385165354326775
2015-08-06,1.0,0.05039999738499161,0.40448583763957413
2015-08-07,1.0,0.04291044530305392,0.41792843177006384
2015-08-10,1.0,0.026506121906866145,0.3992129363319644
2015-08-11,1.0,0.00803188304486822,0.3888796703361559
2015-08-12,0.0,-0.015618107227837156,0.36051793676717914
2015-08-13,0.0,-0.009800685238465166,0.39213038501416314
2015-08-14,0.0,-0.023512552948303095,0.38332106277489275
2015-08-17,0.0,-0.02292146083543505,0.3690471668428676
2015-08-18,0.0,-0.02500923168291022,0.360476112536119
2015-08-19,0.0,-0.0431729500574602,0.33634709348945774
2015-08-20,0.0,-0.060370824893824365,0.32756630082171406
2015-08-21,0.0,-0.06841249002526406,0.34508451357166675
2015-08-24,0.0,-0.0642654597920375,0.3624051697278087
2015-08-25,0.0,-0.06347099801389182,0.38479902476785455
2015-08-26,0.0,-0.04890263993224629,0.40469915651151656
2015-08-27,0.0,-0.03911657319904059,0.39173727668948477
2015-08-28,0.0,-0.050055228369595785,0.37724615151076174
2015-08-31,0.0,-0.05921456603124145,0.3726234334987193
2015-09-01,0.0,-0.058079059947553496,0.3564508324511202
2015-09-02,0.0,-0.05628631570917953,0.3773416194309051
2015-09-03,0.0,-0.04796942971492643,0.39504739020951934
2015-09-04,0.0,-0.05805488229737582,0.4026292965299775
2015-09-07,0.0,-0.04962542547859348,0.41590309056005176
2015-09-08,0.0,-0.04764631818719168,0.40191785235510535
2015-09-09,0.0,-0.04874045148613443,0.41550443760626676
2015-09-10,0.0,-0.04505328603917893,0.4054079657191743
2015-09-11,0.0,-0.018779723442084867,0.40850342158761216
2015-09-14,0.0,-0.034480000459089125,0.3974214961654301
2015-09-15,0.0,-0.027953954674313816,0.4060574272979052
2015-09-16,0.0,-0.04195092143316394,0.36106128208519983
2015-09-17,0.0,-0.05369624807559051,0.3534072712995616
2015-09-18,0.0,-0.0580957735823772,0.35053569110694205
2015-09-21,0.0,-0.06398378146713654,0.35180660310596035
2015-09-22,0.0,-0.058141163959424175,0.35338710507401877
2015-09-23,0.0,-0.05198522710897678,0.3245342094397906
2015-09-24,0.0,-0.09253133015589139,0.28917347021563905
2015-09-25,0.0,-0.07219456447465288,0.33811247173630327
2015-09-28,0.0,-0.04830956567371341,0.34668859424403825
2015-09-29,0.0,-0.04949420604683195,0.34282096300787784
2015-09-30,0.0,-0.040829471407327976,0.38338755970014765
2015-10-01,0.0,-0.03412926324511017,0.39827944540630483
2015-10-02,0.0,-0.055181864180781026,0.31602200767906113
2015-10-05,0.0,-0.060423162390837525,0.3454630214643367
2015-10-06,0.0,-0.07030511968701567,0.30264133132463755
2015-10-07,0.0,-0.0758921275424881,0.30759019680783306
2015-10-08,0.0,-0.07038043076716624,0.33478482928670944
2015-10-09,0.0,-0.0727562520306588,0.28061060796215365
2015-10-12,0.0,-0.07634909756023026,0.24645946246134176
2015-10-13,0.0,-0.06537373679934673,0.2564932083382421
2015-10-14,0.0,-0.06552714361081195,0.2792374536572798
2015-10-15,0.0,-0.06892946195647777,0.2830506478148952
2015-10-16,0.0,-0.07269088011692651,0.31604177068496564
2015-10-19,0.0,-0.07390884051160458,0.30884277545479
2015-10-20,0.0,-0.0726635386105221,0.3016268275846732
2015-10-21,0.0,-0.07920518937750025,0.32299491812975917
2015-10-22,0.0,-0.06784427517493345,0.31460792517539876
2015-10-23,0.0,-0.0664943597309633,0.3117984124437464
2015-10-26,0.0,-0.06755667164516621,0.3064395673266816
2015-10-27,0.0,-0.05773302052891438,0.3098644382591151
2015-10-28,0.0,-0.0479943232609987,0.32115880136713193
2015-10-29,0.0,-0.04264426291974232,0.35111663660788034
2015-10-30,0.0,-0.030100123757414568,0.38116704425909
2015-11-02,0.0,-0.011794023234371419,0.40136787223664794
2015-11-03,1.0,0.006839843854560294,0.4335218821967639
2015-11-04,1.0,0.006777185202935106,0.44334346882263775
2015-11-05,1.0,0.012900268470394351,0.43203282258783005
2015-11-06,1.0,0.03596010649014813,0.38641696278055493
2015-11-09,1.0,0.03309905399613426,0.38482592146030786
2015-11-10,1.0,0.04728379900103459,0.3921643512251966
2015-11-11,1.0,0.06217371824324499,0.38969394169933746
2015-11-12,1.0,0.07853266075113438,0.387927661528215
2015-11-13,1.0,0.09459591534252235,0.3912364542858914
2015-11-16,1.0,0.09353875672403995,0.38422477111841646
2015-11-17,1.0,0.11207114398485561,0.3863832651618353
2015-11-18,1.0,0.15182586908140536,0.36748986028212977
2015-11-19,1.0,0.1343823213947118,0.35180884041266647
2015-11-20,1.0,0.11481877647826084,0.373209232989002
2015-11-23,1.0,0.11540132035182298,0.3947461939475979
2015-11-24,1.0,0.11677415410611254,0.37850152673117343
2015-11-25,1.0,0.1392277165960461,0.39196663394838804
2015-11-26,1.0,0.13551041378922643,0.39535195295965014
2015-11-27,1.0,0.13303268606044968,0.4096083184925039
2015-11-30,1.0,0.14202372221376186,0.3844530995777948
2015-12-01,1.0,0.13937924321899417,0.3801198621866293
2015-12-02,1.0,0.15826914130890532,0.4011794924285995
2015-12-03,1.0,0.14094827433539514,0.3843733634062304
2015-12-04,1.0,0.1303641696131473,0.3180457827452122
2015-12-07,1.0,0.14063448201809176,0.38387218257945327
2015-12-08,1.0,0.1433136351402388,0.369642303385815
2015-12-09,1.0,0.16358036154317734,0.3680995539490915
2015-12-10,1.0,0.16122346246985708,0.3880330543388376
2015-12-11,1.0,0.16492943315040448,0.3836605256332702
2015-12-14,1.0,0.17099261353035036,0.4148757351890104
2015-12-15,1.0,0.16656801137841237,0.40852061955168306
2015-12-16,1.0,0.16977317939166955,0.36151438055274426
2015-12-17,1.0,0.1715899680044879,0.44727415804905385
2015-12-18,1.0,0.14657490639975654,0.40348239814247355
2015-12-21,1.0,0.13314992543216206,0.35925529660030026
2015-12-22,1.0,0.1628149671410065,0.3945634285939226
2015-12-23,1.0,0.16146459617236272,0.39179718486328335
2015-12-24,1.0,0.1541267770636993,0.363348322679478
2015-12-25,1.0,0.1439798911070292,0.3767182858848691
2015-12-28,1.0,0.15490425936555785,0.3929657105820164
2015-12-29,1.0,0.1321936060459652,0.39377973838096203
2015-12-30,1.0,0.13686761997628683,0.41176148208431246
2015-12-31,1.0,0.1368714562271057,0.3991969733111005
2016-01-04,1.0,0.12778311384627858,0.37284208859111706
2016-01-05,1.0,0.14141675263609238,0.39543334128164115
2016-01-06,1.0,0.11255458494775414,0.36599721491788534
2016-01-07,1.0,0.10534698925767468,0.36652414191067056
2016-01-08,1.0,0.10144514570741048,0.387593989502334
2016-01-11,1.0,0.10480737657953373,0.41120350935008054
2016-01-12,1.0,0.12439222013099603,0.4070756260072822
2016-01-13,1.0,0.11170265087787723,0.37917864135401624
2016-01-14,1.0,0.14046239322071766,0.41350260869084815
2016-01-15,1.0,0.12938564619350398,0.3783712546611284
2016-01-18,1.0,0.1437220500557099,0.4081876838597034
2016-01-19,1.0,0.14337373384085605,0.41509656514104315
2016-01-20,1.0,0.12061704646640936,0.396011192957366
2016-01-21,1.0,0.10794931725598371,0.3976486179806652
2016-01-22,1.0,0.11377955528875017,0.3999279761183169
2016-01-25,1.0,0.10647928584922348,0.3580052682342785
2016-01-26,1.0,0.10914726834625746,0.3180856588177093
2016-01-27,1.0,0.0992362737444606,0.339086042213568
2016-01-28,1.0,0.112020799983657,0.3429974895796367
2016-01-29,1.0,0.09692619503407228,0.33468744023687874
2016-02-01,1.0,0.09228470300126601,0.32497118385792767
2016-02-02,1.0,0.09663173150779779,0.3379261696060322
2016-02-03,1.0,0.08637374981649107,0.39175543387378964
2016-02-04,1.0,0.091124143680005,0.456385443908623
2016-02-05,1.0,0.09682203163822634,0.5145086472145076
2016-02-08,1.0,0.08115749361229309,0.5745449868906944
2016-02-09,1.0,0.07869931542276351,0.5858162279538398
2016-02-10,1.0,0.06661215029224035,0.5887513128715764
2016-02-11,1.0,0.024812338067039443,0.6210544174662709
2016-02-12,1.0,0.039754072758235955,0.681721103358864
2016-02-15,1.0,0.044151763323977584,0.6509210818413026
2016-02-16,1.0,0.05294413824356273,0.6127414781429626
2016-02-17,1.0,0.05489207307768828,0.6223876535554128
2016-02-18,1.0,0.025251821854550403,0.6354762793957937
2016-02-19,1.0,0.03584240312627176,0.6532909202510486
2016-02-22,1.0,0.05172760851930703,0.6171921012780646
2016-02-23,1.0,0.04121801379836859,0.6084917916477639
2016-02-24,1.0,0.022133821770461776,0.6190914444658635
2016-02-25,1.0,0.01544249112742377,0.6411945706121762
2016-02-26,1.0,0.023411832436646147,0.6257771935079885
2016-02-29,1.0,0.008774208330764218,0.5999549416476591
2016-03-01,0.0,-0.004433514817369117,0.592104983927267
2016-03-02,0.0,-0.01291303994187727,0.5936940028649342
2016-03-03,0.0,-0.03549724955707749,0.5728867028720248
2016-03-04,0.0,-0.03604110260496885,0.5779222773520023
2016-03-07,0.0,-0.05041697692357737,0.5754433674138313
2016-03-08,0.0,-0.03713075882628363,0.5723866030758917
2016-03-09,0.0,-0.03305194096526243,0.5704044860075855
2016-03-10,0.0,-0.04888653445166514,0.5802170123357219
2016-03-11,0.0,-0.0037154925641152067,0.5774793428576462
2016-03-14,1.0,0.00855085272994595,0.5854848236146969
2016-03-15,1.0,0.009211814160664383,0.5884627259714116
2016-03-16,1.0,0.00023769907409278664,0.549214427468343
2016-03-17,1.0,0.009182728289439258,0.6073685732753626
2016-03-18,1.0,0.014640484546387505,0.5935652001395821
2016-03-21,1.0,0.032020149221334684,0.6073106387971681
2016-03-22,1.0,0.02972567730793775,0.583590043361655
2016-03-23,1.0,0.05715841383994862,0.603071284656267
2016-03-24,1.0,0.04826446055903456,0.5977754575501819
2016-03-25,1.0,0.06480456996988665,0.584684729175061
2016-03-28,1.0,0.05493545173981174,0.5701991231807281
2016-03-29,1.0,0.020531327742947334,0.5575924944419509
2016-03-30,1.0,0.03309558091383969,0.6073811327217697
2016-03-31,1.0,0.019171457099250656,0.6070631764639026
2016-04-01,1.0,0.07524145042874625,0.6069661536869746
2016-04-04,1.0,0.08655858096649847,0.6039572673339824
2016-04-05,1.0,0.06373597325908893,0.588235399375864
2016-04-06,1.0,0.07458118730894268,0.591766894745287
2016-04-07,1.0,0.06338142433795967,0.5658087423297146
2016-04-08,1.0,0.08064087174965438,0.5848352480862701
2016-04-11,1.0,0.07171839097355039,0.5600435409385492
2016-04-12,1.0,0.07717210236902236,0.5979516230985013
2016-04-13,1.0,0.0927781664547515,0.6036754252233696
2016-04-14,1.0,0.1030268113543426,0.6216543372185344
2016-04-15,1.0,0.10484408018959751,0.608825084160928
2016-04-18,1.0,0.09536920035824989,0.616748695323191
2016-04-19,1.0,0.06431839126005509,0.5998837914864322
2016-04-20,1.0,0.07709664961231306,0.6128915373491615
2016-04-21,1.0,0.06751624050472403,0.5931199767657133
2016-04-22,1.0,0.08216866384416664,0.6180741067730626
2016-04-25,1.0,0.07065062184775711,0.622136336375576
2016-04-26,1.0,0.06853699129509508,0.6377108049024531
2016-04-27,1.0,0.05436715558268586,0.6383165398004308
2016-04-28,1.0,0.04996128627761159,0.6170698958331333
2016-04-29,1.0,0.022434178464015176,0.6214356384105045
2016-05-02,1.0,0.018029565063945575,0.6562726867509217
2016-05-03,1.0,0.025482996858709098,0.6701564135389955
2016-05-04,1.0,0.04686807520631556,0.6735299035626094
2016-05-05,1.0,0.0436723883790373,0.6843931275669638
2016-05-06,1.0,0.04741280622546491,0.6567434656203385
2016-05-09,1.0,0.0685521818401161,0.6807274172114915
2016-05-10,1.0,0.07486423107862937,0.6743981489852804
2016-05-11,1.0,0.06117499793985984,0.6519316594046626
2016-05-12,1.0,0.07514251056206847,0.690921839874156
2016-05-13,1.0,0.049132527094310444,0.6802423320540807
2016-05-16,1.0,0.04771575466368525,0.6686410497781
2016-05-17,1.0,0.047426136274889195,0.6660130079348474
2016-05-18,1.0,0.0693164179836703,0.7074960361418471
2016-05-19,1.0,0.06553017191859624,0.7040813073175743
2016-05-20,1.0,0.064595929929369,0.7065906812809816
2016-05-23,1.0,0.06956388686918395,0.7077346190220349
2016-05-24,1.0,0.09293188092857718,0.7378330658877167
2016-05-25,1.0,0.09659781405666712,0.7373958599087941
2016-05-26,1.0,0.10224810086153617,0.7475848909973853
2016-05-27,1.0,0.0983960621101512,0.7612071629897391
2016-05-30,1.0,0.10518207650199267,0.7462636627259605
2016-05-31,1.0,0.09594973221425407,0.7299554965366979
2016-06-01,1.0,0.08789104167421492,0.7220098567295327
2016-06-02,1.0,0.08791964226551127,0.7347780516452784
2016-06-03,1.0,0.059891317120087946,0.6566204963533224
2016-06-06,1.0,0.06054193140103371,0.6749813791266407
2016-06-07,1.0,0.05283242703065191,0.6725920649119683
2016-06-08,1.0,0.03629124705864852,0.6524731143436104
2016-06-09,1.0,0.0353399136611432,0.635557105929483
2016-06-10,1.0,0.04123962742700565,0.6485982622526634
2016-06-13,1.0,0.033124008374460556,0.6161785563942609
2016-06-14,1.0,0.04877164239245226,0.6308450826200951
2016-06-15,1.0,0.04003190315389235,0.6003566287495418
2016-06-16,1.0,0.046213853587338906,0.6158665841033917
2016-06-17,1.0,0.02271076750237906,0.6026700143830163
2016-06-20,1.0,0.029636324626171637,0.6327420562468868
2016-06-21,1.0,0.03942254680509932,0.6596835704954335
2016-06-22,1.0,0.043778359558362984,0.6509738059182961
2016-06-23,1.0,0.041881305863290835,0.6610308476030725
2016-06-24,0.0,-0.0035894666513141605,0.5713702009590597
2016-06-27,0.0,-0.007500887538121973,0.6346797408407472
2016-06-28,1.0,0.018307562256983257,0.6450134223529214
2016-06-29,1.0,0.015296233135469704,0.6214336098138936
2016-06-30,1.0,0.011728067446374724,0.6122935065432439
2016-07-01,0.0,-0.004476283212885977,0.6402566208092256
2016-07-04,0.0,-0.018402883342071224,0.6433443424481525
2016-07-05,0.0,-0.025332944477618857,0.6089301452093832
2016-07-06,0.0,-0.031909670206394965,0.5924558084753074
2016-07-07,0.0,-0.03288540859842974,0.578427049759663
2016-07-08,0.0,-0.041520826827422905,0.598512788126146
2016-07-11,0.0,-0.06665067269786634,0.6231437134875027
2016-07-12,0.0,-0.05104051779331728,0.6344720978054068
2016-07-13,0.0,-0.06812366840203837,0.6139624197490567
2016-07-14,0.0,-0.05992682920111348,0.623904736740034
2016-07-15,0.0,-0.059850967870239975,0.6269267420720859
2016-07-18,0.0,-0.05904243414175804,0.6334056619671247
2016-07-19,0.0,-0.059369776718943876,0.6182280652902917
2016-07-20,0.0,-0.045137980422658756,0.6435436846706233
2016-07-21,0.0,-0.06256156825335002,0.621364076223053
2016-07-22,0.0,-0.052165493399788425,0.6817110437221429
2016-07-25,0.0,-0.04113251515177633,0.6811268332391692
2016-07-26,0.0,-0.03902368822899108,0.6581994230907872
2016-07-27,0.0,-0.0581853918501847,0.6196903404848955
2016-07-28,0.0,-0.05333551478295138,0.6527353756997052
2016-07-29,0.0,-0.06640367020462207,0.6348425106975427
2016-08-01,0.0,-0.06078630069020857,0.6302389672507207
2016-08-02,0.0,-0.0744295944872405,0.61970526821057
2016-08-03,0.0,-0.06828799041959205,0.6426103382730627
2016-08-04,0.0,-0.06525372713267984,0.6284662464330886
2016-08-05,0.0,-0.045758916488410614,0.6840187651679694
2016-08-08,0.0,-0.03615402912379557,0.6728724619876779
2016-08-09,0.0,-0.033137960291071716,0.6596745159316083
2016-08-10,0.0,-0.0343650475438855,0.6460701897950405
2016-08-11,0.0,-0.026343208291674046,0.6587791382952451
2016-08-12,0.0,-0.04121237688929179,0.6593231681996433
2016-08-15,0.0,-0.048135712051835575,0.6525619827090398
2016-08-16,0.0,-0.05238875615594201,0.6241603415666821
2016-08-17,0.0,-0.06874920805909646,0.6227673754411666
2016-08-18,0.0,-0.09601143976834997,0.621916489152826
2016-08-19,0.0,-0.09345039673009652,0.6213472652652305
2016-08-22,0.0,-0.08622595497841458,0.6099845546197565
2016-08-23,0.0,-0.08805472783172875,0.6308190701266538
2016-08-24,0.0,-0.08473608813198011,0.6544685241102903
2016-08-25,0.0,-0.09005317928705793,0.6733000619622296
2016-08-26,0.0,-0.08443801892037892,0.6819418156999674
2016-08-29,0.0,-0.08753044233992276,0.6804127907762968
2016-08-30,0.0,-0.09823962092774184,0.7233750006730452
2016-08-31,0.0,-0.10040680358824941,0.7194879917301252
2016-09-01,0.0,-0.10487889944593394,0.7088678578800581
2016-09-02,0.0,-0.10634888150062476,0.6785802656634458
2016-09-05,0.0,-0.1103951630317639,0.6906524061927013
2016-09-06,0.0,-0.14018433199510041,0.6358448177669696
2016-09-07,0.0,-0.13759393897713856,0.6616641051386024
2016-09-08,0.0,-0.12801352014999495,0.6668405193866248
2016-09-09,0.0,-0.12669594359895503,0.6875985961839794
2016-09-12,0.0,-0.12762471357302854,0.6781030855681157
2016-09-13,0.0,-0.1158047956442776,0.6791452717814908
2016-09-14,0.0,-0.12204525334402531,0.6613837464589493
2016-09-16,0.0,-0.12160028674879281,0.8125203639655554
2016-09-19,0.0,-0.12180700547832439,0.7789965495872475
2016-09-20,0.0,-0.12715259747464583,0.7763710335148621
2016-09-21,0.0,-0.15617337969656625,0.6950165811438281
2016-09-22,0.0,-0.17020650282074656,0.7145564205232879
2016-09-23,0.0,-0.1639585483135264,0.7066284861241837
2016-09-26,0.0,-0.16120907950367935,0.7132466451723515
2016-09-27,0.0,-0.1580796610809937,0.7517806349222692
2016-09-28,0.0,-0.1554166489706305,0.7647912296940875
2016-09-29,0.0,-0.15691966143601618,0.777678212994662
2016-09-30,0.0,-0.1492567657118904,0.7830322679751691
2016-10-03,0.0,-0.14450491332284224,0.8101297959077948
2016-10-04,0.0,-0.10772027972387244,0.7001904595272795
2016-10-05,0.0,-0.10362440411064978,0.707530692482868
2016-10-06,0.0,-0.07986459836977872,0.6969402635562162
2016-10-07,0.0,-0.08761207106263062,0.6928833922688327
2016-10-10,0.0,-0.09024996525242408,0.7028021383271535
2016-10-11,0.0,-0.07765614309242445,0.6968964723675074
2016-10-12,0.0,-0.07584749519004996,0.6964470647197019
2016-10-13,0.0,-0.06341235759236369,0.694811249891208
2016-10-14,0.0,-0.06436360310328927,0.7066434272064298
2016-10-17,0.0,-0.06086371327005449,0.7019430926129041
2016-10-18,0.0,-0.06151136408767959,0.6656024407380249
2016-10-19,0.0,-0.06318404090907223,0.6744263990123341
2016-10-20,0.0,-0.05675772047703272,0.6924160549294606
2016-10-21,0.0,-0.05579809467741629,0.6926233873183417
2016-10-24,0.0,-0.050136219244202015,0.7115352282921406
2016-10-25,0.0,-0.04542858586582616,0.7008400322186359
2016-10-26,0.0,-0.05000089918359016,0.7293457976235004
2016-10-27,0.0,-0.05111064901793293,0.720939520214181
2016-10-28,0.0,-0.053127217513319336,0.6895773393570529
2016-10-31,0.0,-0.047353953014791464,0.670935047099512
2016-11-01,0.0,-0.06315695167247991,0.6463227815474261
2016-11-02,0.0,-0.07781568534610063,0.6302427454662729
2016-11-03,0.0,-0.0908327434724311,0.6290133692998658
2016-11-04,0.0,-0.09018641075416298,0.6356288273263082
2016-11-07,0.0,-0.057135005326271054,0.6792004287625304
2016-11-08,0.0,-0.05355095562664705,0.6977843852448224
2016-11-09,0.0,-0.04967523434747614,0.6787275509674309
2016-11-10,0.0,-0.03173639710721663,0.7414365917290466
2016-11-11,1.0,0.006311372854791813,0.7198981546058502
2016-11-14,1.0,0.010402663472666513,0.6925313982161937
2016-11-15,1.0,0.010723529073568666,0.6878164257607057
2016-11-16,1.0,0.0031145815196452946,0.7081267668363893
2016-11-17,1.0,0.01441188326537837,0.6894662549519182
2016-11-18,1.0,0.014162831209325858,0.6695647802749563
2016-11-21,1.0,0.011933521090434206,0.647520494021057
2016-11-22,1.0,0.01758664606105372,0.6620320468157175
2016-11-23,1.0,0.04213621564993891,0.6286547137790818
2016-11-24,1.0,0.04167510981043868,0.6179550967285601
2016-11-25,1.0,0.044686792281139975,0.5999747562019544
2016-11-28,1.0,0.03485029000592968,0.6071076401412256
2016-11-29,1.0,0.04029161781408936,0.647136303008641
2016-11-30,1.0,0.06276828830562758,0.6369048710529637
2016-12-01,1.0,0.07024693990844996,0.6307242405952479
2016-12-02,1.0,0.06242764348913666,0.6345927832442274
2016-12-05,1.0,0.06467633568748034,0.644763233907457
2016-12-06,1.0,0.06600708741354976,0.6574112993218868
2016-12-07,1.0,0.049985280389559524,0.6200991550312734
2016-12-08,1.0,0.053068584191830796,0.6359659879737115
2016-12-09,1.0,0.05489917071541555,0.6208777549112044
2016-12-12,1.0,0.04487034313995703,0.6150014838356989
2016-12-13,1.0,0.0423001311776719,0.6342338540020958
2016-12-14,1.0,0.04933161652444155,0.6109734805814662
2016-12-15,1.0,0.06531946612064267,0.5798440553404394
2016-12-16,1.0,0.05860634247915813,0.5675790317066159
2016-12-19,1.0,0.05155242375824015,0.5748932866081297
2016-12-20,1.0,0.07427829605341543,0.5997931493979206
2016-12-21,1.0,0.08023106853678612,0.5673931938223095
2016-12-22,1.0,0.08516323458542653,0.5577591837952314
2016-12-23,1.0,0.08460173194903138,0.5494467594239644
2016-12-26,1.0,0.09290228073578473,0.5721938388109525
2016-12-27,1.0,0.09190307598296113,0.5216234723375862
2016-12-28,1.0,0.08633658060792447,0.5173652460912792
2016-12-29,1.0,0.07131805125172781,0.47751767695876013
2016-12-30,1.0,0.08593936367512708,0.5187717594863003
2017-01-02,1.0,0.08351888338128502,0.5248448398081056
2017-01-03,1.0,0.07858219474606412,0.47959279629161505
2017-01-04,1.0,0.06631827509941704,0.48623552131534964
2017-01-05,1.0,0.0566526362385046,0.4647155153588187
2017-01-06,1.0,0.06652127365708882,0.47200662249768444
2017-01-09,1.0,0.061461191927967104,0.4594611728893712
2017-01-10,1.0,0.05563133125406336,0.4734934905123421
2017-01-11,1.0,0.04921777675894768,0.44973132165634677
2017-01-12,1.0,0.047467146643887036,0.46391559756899853
2017-01-13,1.0,0.04676643061148768,0.4468391617306546
2017-01-16,1.0,0.05880246744802845,0.45562583928722283
2017-01-17,1.0,0.05535325608400102,0.44923962006579504
2017-01-18,1.0,0.06658071295554883,0.44505382046606473
2017-01-19,1.0,0.06626577516120767,0.449810064350732
2017-01-20,1.0,0.0601979737724589,0.45110848939795745
2017-01-23,1.0,0.056825307897772126,0.4615948945919916
2017-01-24,1.0,0.057002127209951514,0.49319948302293115
2017-01-25,1.0,0.0654808638920447,0.49559171728365303
2017-01-26,1.0,0.0773957048744897,0.5147324034246933
2017-01-27,1.0,0.06855346789328472,0.4849398877771336
2017-01-31,1.0,0.042776461361845555,0.4611045372240197
2017-02-01,1.0,0.04810481987527511,0.48728213088009514
2017-02-02,1.0,0.03873325876334509,0.43451782194602306
2017-02-03,1.0,0.03901094108642287,0.33317511729067806
2017-02-06,1.0,0.016900906090909988,0.31252553726287213
2017-02-07,1.0,0.01872066884602791,0.3367093465577055
2017-02-08,0.0,-0.0035509681409380514,0.3452938469845492
2017-02-09,0.0,-0.0012218467695301303,0.367025874925287
2017-02-10,0.0,-0.0037605174208056977,0.3391819686488725
2017-02-13,1.0,0.00016322533293404827,0.3617946307913349
2017-02-14,0.0,-0.006067727056049263,0.36527754524097694
2017-02-15,0.0,-0.012401235866029259,0.3588764709502655
2017-02-16,0.0,-0.012170370930727493,0.32693661281494896
2017-02-17,0.0,-0.005125571194851522,0.33897612425549556
2017-02-20,0.0,-0.006402226171301506,0.33051977363059015
2017-02-21,1.0,0.0010353809994243057,0.3373524736631421
2017-02-22,1.0,0.018898704686521793,0.335286178726445
2017-02-23,0.0,-0.0026451861041059174,0.3215163078246747
2017-02-24,0.0,-0.001353665055214606,0.3340149084741487
2017-02-27,1.0,0.0056526562678497335,0.3369529885152724
2017-02-28,1.0,0.001489108171442523,0.34077285634617843
2017-03-01,1.0,0.0068602694070432815,0.3372879797653099
2017-03-02,1.0,0.016801716210640374,0.375544687441801
2017-03-03,1.0,0.025948482366155413,0.36928396578201667
2017-03-06,1.0,0.030179624490104508,0.38594892950082993
2017-03-07,1.0,0.042801275195086,0.3953232764927273
2017-03-08,1.0,0.04616397136572125,0.39586462026966457
2017-03-09,1.0,0.06291067709798115,0.38369731517265165
2017-03-10,1.0,0.06015651900703958,0.3590191826170414
2017-03-13,1.0,0.07231679655404935,0.35917141450062523
2017-03-14,1.0,0.07069910521023064,0.35433771972742756
2017-03-15,1.0,0.048106590419387966,0.31612957108934786
2017-03-16,1.0,0.03235281165645597,0.3158968408676466
2017-03-17,1.0,0.02911775792366933,0.3271398396834037
2017-03-20,1.0,0.025765547565363804,0.3238170328409956
2017-03-21,1.0,0.013013636213741627,0.3019300720711237
2017-03-22,1.0,0.004077559117533981,0.31649919899771656
2017-03-23,1.0,0.006966995147757237,0.3262353951426215
2017-03-24,1.0,0.00013674223707469248,0.33177559272335
2017-03-27,0.0,-0.009692870376512279,0.31318438075103094
2017-03-28,0.0,-0.004285234535685416,0.32431870324895284
2017-03-29,0.0,-0.0032049132095714273,0.33837141624701084
2017-03-30,1.0,0.010843359220081492,0.35224089478907
2017-03-31,0.0,-0.003794888280759264,0.33820997156938193
2017-04-03,0.0,-0.0049214863765306,0.3333416336110023
2017-04-04,0.0,-0.005790635377550706,0.33284291002845195
2017-04-05,0.0,-0.008081660309591098,0.3346371255781568
2017-04-06,0.0,-0.008079539123660823,0.33512473785701347
2017-04-07,0.0,-0.027990825936557308,0.32285595166274944
2017-04-10,0.0,-0.025294708780465226,0.3325827487961006
2017-04-11,0.0,-0.03842090757316854,0.3743468578368615
2017-04-12,0.0,-0.04888153692855425,0.43641339784174316
2017-04-13,0.0,-0.05952904621541363,0.4275854520350667
2017-04-14,0.0,-0.05872350038780596,0.4294908226711423
2017-04-17,0.0,-0.053613174080486686,0.43024505146614556
2017-04-18,0.0,-0.05514322171478741,0.4374060729309883
2017-04-19,0.0,-0.05024088773260843,0.4514370586852121
2017-04-20,0.0,-0.041884471688678294,0.4393378136474407
2017-04-21,0.0,-0.03994525771525104,0.4204039423304584
2017-04-24,0.0,-0.02672968366003604,0.4380684222442551
2017-04-25,0.0,-0.01793071620269841,0.48099278590878985
2017-04-26,0.0,-0.019776622906164294,0.4626142930839105
2017-04-27,0.0,-0.006742642617636849,0.4837696373193019
2017-04-28,0.0,-0.010274144425363804,0.4764579434175783
2017-05-01,0.0,-0.0052684216850447056,0.5045818231007158
2017-05-02,1.0,0.0032185671398254102,0.4977705608467156
2017-05-03,1.0,0.017590356389059696,0.5267421110630603
2017-05-04,1.0,0.03350209134941534,0.5198803252621055
2017-05-05,1.0,0.03207032654436132,0.5166129696170408
2017-05-08,1.0,0.0346860216582724,0.4957118408275977
2017-05-09,1.0,0.03639543586481692,0.5000783892696983
2017-05-10,1.0,0.040109155337133134,0.5069170890242586
2017-05-11,1.0,0.02755350332709874,0.49229332028384887
2017-05-12,1.0,0.023676506739711046,0.49358027024997553
2017-05-15,1.0,0.024692612590371414,0.48186017402573683
2017-05-16,1.0,0.032101079829943195,0.46955068892652574
2017-05-17,1.0,0.019987707211571334,0.41483642815289967
2017-05-18,1.0,0.033830114819610964,0.4669561654409847
2017-05-19,1.0,0.020778637055674273,0.4416681687021494
2017-05-22,1.0,0.009127792308295274,0.4321442603394787
2017-05-23,1.0,0.02594061400035355,0.4490227807841155
2017-05-24,1.0,0.023375187761270063,0.4391093098781306
2017-05-25,1.0,0.0225174763704926,0.4421529147278965
2017-05-26,1.0,0.018844877014598325,0.41217418445424203
2017-05-30,1.0,0.01727226452417712,0.4241603731458143
2017-05-31,1.0,0.01696148213249571,0.4042160827692932
2017-06-01,1.0,0.016192304851380825,0.42257017907220895
2017-06-02,1.0,0.009704318552938563,0.37329227024202816
2017-06-05,1.0,0.023914141102642783,0.4016692496048077
2017-06-06,1.0,0.01183400293712925,0.3952029296976623
2017-06-07,1.0,0.0169969212360939,0.41317544919664856
2017-06-08,1.0,0.03157651054644733,0.4239711693710992
2017-06-09,1.0,0.04536494194013824,0.46474914871956324
2017-06-12,1.0,0.05273900353046345,0.46277189821520126
2017-06-13,1.0,0.05647575028424195,0.4536982349023511
2017-06-14,1.0,0.05640237513795878,0.470545492585088
2017-06-15,1.0,0.0733981649548679,0.4979211075575575
2017-06-16,1.0,0.07157618363126421,0.5054731456283701
2017-06-19,1.0,0.0652646509105195,0.53244020223723
2017-06-20,1.0,0.06949182128846805,0.5418363024338638
2017-06-21,1.0,0.05963256292960424,0.5225706574461058
2017-06-22,1.0,0.0620513408499129,0.511886670340728
2017-06-23,1.0,0.04915394935829217,0.48382233068720204
2017-06-26,1.0,0.04855855884683383,0.5200961877863823
2017-06-27,1.0,0.04992217312876595,0.5138132683116752
2017-06-28,1.0,0.04115516554258387,0.5129367020588124
2017-06-29,1.0,0.036328907752826545,0.5167014460313143
2017-06-30,1.0,0.043947617906024875,0.5382207321320019
2017-07-03,1.0,0.07265067979085128,0.5879045579799407
2017-07-04,1.0,0.05592889477694356,0.587840621366499
2017-07-05,1.0,0.044380521961671686,0.5871398338424298
2017-07-06,1.0,0.049487884944239786,0.6066157695303661
2017-07-07,1.0,0.053965207629444185,0.60582947936257
2017-07-10,1.0,0.045672170125013345,0.5862088040444297
2017-07-11,1.0,0.043951641102341114,0.5873955165142913
2017-07-12,1.0,0.04379032498080911,0.5888631555259584
2017-07-13,1.0,0.04085815131584671,0.5949059709272838
2017-07-14,1.0,0.038060135992257126,0.5621133530350807
2017-07-17,1.0,0.039399950460058224,0.5456728369553328
2017-07-18,1.0,0.03589743858747143,0.5293636453495898
2017-07-19,1.0,0.0400464188260692,0.5410651914389263
2017-07-20,1.0,0.038705864075401136,0.53483561423781
2017-07-21,1.0,0.03867930806820079,0.5094667788448429
2017-07-24,1.0,0.031221895169226122,0.5213176029837617
2017-07-25,1.0,0.027938525530213757,0.5327041226707001
2017-07-26,1.0,0.015900212974227602,0.50435217090222
2017-07-27,1.0,0.024017165080733663,0.5285499681640468
2017-07-28,1.0,0.008898573278839066,0.5099674032546432
2017-07-31,1.0,0.010192569325059408,0.5203211746189563
2017-08-01,1.0,0.005816026140176445,0.5195059588947581
2017-08-02,1.0,0.00872921554276056,0.5285049081534763
2017-08-03,0.0,-0.0014601135168389953,0.5178205945618071
2017-08-04,1.0,0.012163486193197182,0.5425248286801991
2017-08-07,1.0,0.014551424681942725,0.5372858997076169
2017-08-08,1.0,0.00782179858883496,0.5246279853687988
2017-08-09,0.0,-0.0025556214031681413,0.49835543037904767
2017-08-10,0.0,-0.008166688633510003,0.49226519759352677
2017-08-11,0.0,-0.015088784609845802,0.48354346903582374
2017-08-14,1.0,0.0003511304485679029,0.5033421131468195
2017-08-15,1.0,0.0031810265007859244,0.5230420627438673
2017-08-16,0.0,-0.0012870265616972973,0.48212195200290525
2017-08-17,0.0,-0.0023792503370698003,0.4863476555959357
2017-08-18,0.0,-0.00653433620911239,0.4915536749291266
2017-08-21,0.0,-0.010003781292036133,0.47243487338365103
2017-08-22,0.0,-0.003711881489193831,0.48707108819039235
2017-08-23,0.0,-0.00968832294036327,0.48587883239746726
2017-08-24,0.0,-0.005819412329223288,0.5047824314230421
2017-08-25,1.0,0.0021661105139930696,0.48949739101130896
2017-08-28,0.0,-0.02555765546202397,0.5272509482043569
2017-08-29,0.0,-0.022418168138421027,0.5594268735223181
2017-08-30,0.0,-0.012575395978216568,0.5806108692784485
2017-08-31,0.0,-0.023016813120070877,0.5951509689765071
2017-09-01,0.0,-0.02860127191733232,0.5955140405350401
2017-09-04,0.0,-0.02968480387973235,0.628095193721881
2017-09-05,0.0,-0.03467545731713953,0.621574535067337
2017-09-06,0.0,-0.03847877606398742,0.6289372309759239
2017-09-07,0.0,-0.05680477196820546,0.6006395785957286
2017-09-08,0.0,-0.050297525151760135,0.6162336310632333
2017-09-11,0.0,-0.039480732639025816,0.6258815880662214
2017-09-12,0.0,-0.05067298986531668,0.6116544281783861
2017-09-13,0.0,-0.04584143996971991,0.6214245974016034
2017-09-14,0.0,-0.06389421625629584,0.6216403381749405
2017-09-15,0.0,-0.05559777997010807,0.6352677143262503
2017-09-18,0.0,-0.05048155126066989,0.6333284984575437
2017-09-19,0.0,-0.05164842257889963,0.6252953046656815
2017-09-20,0.0,-0.03548399734156865,0.6335068640756261
2017-09-21,0.0,-0.029858362890751864,0.6470964893675566
2017-09-22,0.0,-0.03314683666434628,0.6290813100657164
2017-09-25,0.0,-0.038012669529000474,0.5791650889757937
2017-09-26,0.0,-0.022732961301679705,0.6177822742912605
2017-09-27,0.0,-0.013732133269534541,0.6136125931759215
2017-09-28,0.0,-0.01592605263869222,0.6024101177492527
2017-09-29,0.0,-0.0038912230491267717,0.5998551187868276
2017-10-02,1.0,0.0031670340856221227,0.608418218742325
2017-10-03,1.0,0.008376110656834657,0.600360341758326
2017-10-04,1.0,0.009590152298625984,0.5847474864054972
2017-10-05,1.0,0.021111898264210352,0.6232797533712947
2017-10-06,1.0,0.020490549542482413,0.6293879834954126
2017-10-09,1.0,0.01491168182886859,0.646984756823908
2017-10-10,1.0,0.022729123738824093,0.6419208730008671
2017-10-11,1.0,0.01662385916807506,0.6365501956954979
2017-10-12,1.0,0.0222111896424363,0.6527710751987804
2017-10-13,1.0,0.011312648277453671,0.6296831367571797
2017-10-16,1.0,0.019541357181154503,0.6456705559412304
2017-10-17,1.0,0.02126887806353665,0.6809406308160237
2017-10-18,1.0,0.027687026811938926,0.6851279072455643
2017-10-19,1.0,0.025232496656057094,0.6527302403665409
2017-10-20,1.0,0.043656634421571264,0.692821690454602
2017-10-23,1.0,0.04376473323310412,0.687600508752368
2017-10-24,1.0,0.04755605825871365,0.6985799862585111
2017-10-25,1.0,0.03813598035819826,0.6856846069901311
2017-10-26,1.0,0.04676088386731462,0.712764175594111
2017-10-27,1.0,0.044113791520469944,0.680455291221469
2017-10-30,1.0,0.0444592600872815,0.6816210724363714
2017-10-31,1.0,0.05411071236237484,0.7124331593132552
2017-11-01,1.0,0.06379304518243492,0.7021599245017319
2017-11-02,1.0,0.0553541354376224,0.7044467790831552
2017-11-03,1.0,0.061088718946236936,0.7215306891909072
2017-11-06,1.0,0.04435203370436666,0.6888209578816625
2017-11-07,1.0,0.04822239831276588,0.7062077634546593
2017-11-08,1.0,0.04837380109482119,0.6925228356931404
2017-11-09,1.0,0.048516183388267076,0.6868743699684838
2017-11-10,1.0,0.0440792425408464,0.72514176344708
2017-11-13,1.0,0.04676502264050967,0.7154629968385131
2017-11-14,1.0,0.03360124382532282,0.6988745917615609
2017-11-15,1.0,0.03100569652148861,0.7147602478517067
2017-11-16,1.0,0.031315130049582064,0.713884336219328
2017-11-17,1.0,0.01659061522583257,0.6493958449661216
2017-11-20,1.0,0.035161325436596315,0.7352562395717068
2017-11-21,1.0,0.03766289624426794,0.717179334624271
2017-11-22,1.0,0.04400947875003374,0.683702241902114
2017-11-23,1.0,0.04738710083095952,0.7059065423085316
2017-11-24,1.0,0.04537743818259029,0.7217919378023053
2017-11-27,1.0,0.0389413644499902,0.70658038701903
2017-11-28,1.0,0.026933444480876274,0.7208798695505017
2017-11-29,1.0,0.031305378403303274,0.7504472933366915
2017-11-30,1.0,0.04422476969044701,0.7664341213697078
2017-12-01,1.0,0.03718898227295842,0.7382679066393529
2017-12-04,1.0,0.04395400388924569,0.7415803743575611
2017-12-05,1.0,0.04047625184480157,0.7628412035100253
2017-12-06,1.0,0.042402251075915394,0.751603215822962
2017-12-07,1.0,0.054460540586480484,0.6779453797942274
2017-12-08,1.0,0.05513620494517246,0.656485435355313
2017-12-11,1.0,0.06122042064729235,0.6378777156358696
2017-12-12,1.0,0.0699032038210968,0.6321230830558603
2017-12-13,1.0,0.05418040105648694,0.598312548634909
2017-12-14,1.0,0.05319879589037781,0.6040759495835466
2017-12-15,1.0,0.05318223370997404,0.6092496697460135
2017-12-18,1.0,0.047315062191314025,0.5814547394242328
2017-12-19,1.0,0.04781491977233095,0.5489505359922874
2017-12-20,1.0,0.04616923402806587,0.5536272015478391
2017-12-21,1.0,0.03853187584746062,0.5444280215944775
2017-12-22,1.0,0.030478034528502496,0.5088489462014892
2017-12-25,1.0,0.03257466154612789,0.5049439040105076
2017-12-26,1.0,0.0217076391973804,0.4660564038039805
2017-12-27,1.0,0.03480531400369747,0.4719272233772786
2017-12-28,1.0,0.025924329674450804,0.43750942387376796
2017-12-29,1.0,0.03343520669839312,0.4266585634667007
2018-01-01,1.0,0.038323886017737625,0.4382136513818544
2018-01-02,1.0,0.020626259560821904,0.5053430846927699
2018-01-03,1.0,0.009171942259195263,0.5167079421013845
2018-01-04,1.0,0.0020805750313389903,0.5308881288881276
2018-01-05,1.0,0.004379287480823608,0.5484128583247365
2018-01-08,1.0,0.015780309422889188,0.5344070092263853
2018-01-09,1.0,0.014995913904473015,0.5351179383305034
2018-01-10,1.0,0.012455341242344589,0.5216030059015968
2018-01-11,1.0,0.002869442427952739,0.5268066128609188
2018-01-12,0.0,-0.0028083910661065195,0.5846233254379013
2018-01-15,0.0,-0.0023173249016993996,0.599595058659754
2018-01-16,1.0,0.0008963251272333891,0.5919620432504872
2018-01-17,1.0,0.019483423313346404,0.5827528890490421
2018-01-18,1.0,0.0060792744836967285,0.5680245081484382
2018-01-19,1.0,0.011018880746937828,0.5703818520758187
2018-01-22,1.0,0.008822993884736854,0.5719204847280546
2018-01-23,1.0,0.004314840796477591,0.562330916787286
2018-01-24,0.0,-0.0065090495454028134,0.571168849653275
2018-01-25,0.0,-0.001997260927732805,0.5883813991136135
2018-01-26,0.0,-0.010367480358393355,0.5878948028956279
2018-01-29,0.0,-0.011476649383997225,0.5961739756231054
2018-01-30,0.0,-0.005770615930972771,0.5920791415981603
2018-01-31,0.0,-0.01619347178145909,0.5837046480338512
2018-02-01,0.0,-0.023675294941119387,0.5874452802818407
2018-02-02,0.0,-0.00654049777115752,0.6017610128115074
2018-02-05,0.0,-0.017922801297830873,0.5874594924506341
2018-02-06,0.0,-0.015017045721869746,0.6091549581746223
2018-02-07,0.0,-0.01002696214176058,0.6150695630153702
2018-02-08,0.0,-0.005207454229326037,0.6108749179129819
2018-02-09,0.0,-0.0006979773387514855,0.6193756540547983
2018-02-12,0.0,-0.0063640292183456066,0.5915528328961087
2018-02-13,0.0,-0.01116612366021857,0.5869708133190855
2018-02-14,0.0,-0.028343362005634205,0.5650486388928746
2018-02-15,0.0,-0.02395391281606417,0.5880897508042076
2018-02-16,0.0,-0.02116429511481849,0.5810613836983604
2018-02-19,0.0,-0.024445578163103374,0.5923207493670131
2018-02-20,0.0,-0.02971982399261999,0.6043131726390987
2018-02-21,0.0,-0.025711392873356245,0.6018841687598299
2018-02-22,0.0,-0.03141352845344387,0.5826583533482586
2018-02-23,0.0,-0.027146224277159833,0.5930798638718314
2018-02-26,0.0,-0.03069664835280031,0.5799698345398121
2018-02-27,0.0,-0.02068756497189985,0.5880021630052484
2018-02-28,0.0,-0.018774176434646395,0.5927889579796087
2018-03-01,0.0,-0.009301186012237877,0.5791151322996283
2018-03-02,0.0,-0.013271760525433381,0.5522245582912169
2018-03-05,0.0,-0.01713779733826024,0.5573032877872183
2018-03-06,0.0,-0.027192925728534184,0.5343234516172095
2018-03-07,0.0,-0.01842738505493012,0.5509687613007851
2018-03-08,0.0,-0.017816304065671088,0.5505374664335542
2018-03-09,0.0,-0.02323997112833952,0.5568550708673877
2018-03-12,0.0,-0.02409755157906053,0.5680840127525059
2018-03-13,0.0,-0.02280365732877019,0.5592170151354435
2018-03-14,0.0,-0.02159482642282357,0.5706014300099259
2018-03-15,0.0,-0.014617793675391488,0.5894922997783071
2018-03-16,0.0,-0.012018363360964445,0.5841994292881905
2018-03-19,0.0,-0.012456696932547655,0.6031946568061368
2018-03-20,0.0,-0.01177891971920613,0.633157639783833
2018-03-21,0.0,-0.02477518618413393,0.6070601980365192
2018-03-22,0.0,-0.019992304348986356,0.6569460728359416
2018-03-23,0.0,-0.052172097770426,0.6169468170052771
2018-03-26,0.0,-0.05731922991668722,0.6340914416539359
2018-03-27,0.0,-0.0534641671547426,0.6638105430321743
2018-03-28,0.0,-0.04443461394195194,0.7160302413860967
2018-03-29,0.0,-0.044719369752537395,0.7085320771189219
2018-03-30,0.0,-0.042575692937091895,0.7151432658428856
2018-04-02,0.0,-0.058251015195260575,0.6736359008465073
2018-04-03,0.0,-0.05674788577591445,0.7044325107520153
2018-04-04,0.0,-0.06256198115666094,0.7011113382511909
2018-04-05,0.0,-0.06077544000539426,0.7196059434911186
2018-04-06,0.0,-0.06267786032860573,0.711617091089691
2018-04-09,0.0,-0.07350943854315571,0.7220277832119955
2018-04-10,0.0,-0.0668407062394113,0.7089292695973797
2018-04-11,0.0,-0.07288627349991171,0.6563854187244719
2018-04-12,0.0,-0.05957632520227692,0.7073872082260467
2018-04-13,0.0,-0.07029652282409166,0.6747904199789996
2018-04-16,0.0,-0.06763486754374153,0.6916966603076297
2018-04-17,0.0,-0.07042023410688251,0.6822876012255451
2018-04-18,0.0,-0.08279523849078435,0.6601994871151683
2018-04-19,0.0,-0.07586465242339376,0.6622166865731818
2018-04-20,0.0,-0.07318568008332706,0.7101899717154206
2018-04-23,0.0,-0.06538439152816683,0.7408059153901827
2018-04-24,0.0,-0.08049376767216286,0.7160060588858556
2018-04-25,0.0,-0.07491642430278421,0.7480270678965368
2018-04-26,0.0,-0.07421896156603004,0.7604810438993661
2018-04-27,0.0,-0.07241639879068551,0.7310020181326314
2018-04-30,0.0,-0.07176589340908988,0.7613819961498607
2018-05-01,0.0,-0.06290386609437584,0.7311225230201505
2018-05-02,0.0,-0.057974675991091414,0.7196819744210866
2018-05-03,0.0,-0.07073655109177825,0.7019670184197156
2018-05-04,0.0,-0.07171731601597715,0.7012376328968422
2018-05-07,0.0,-0.073160054867513,0.7023777495066875
2018-05-08,0.0,-0.07150123173143592,0.7044307879032036
2018-05-09,0.0,-0.07645522577232455,0.7169133029338124
2018-05-10,0.0,-0.08998830798990692,0.695904351423202
2018-05-11,0.0,-0.08251001709199489,0.7130449497900648
2018-05-14,0.0,-0.08415659225277247,0.7232931214522329
2018-05-15,0.0,-0.06351594695057783,0.6508974863020746
2018-05-16,0.0,-0.06142877243938734,0.6532581229939523
2018-05-17,0.0,-0.06266532508860442,0.6752604449083017
2018-05-18,0.0,-0.06613147347454382,0.6771698560024532
2018-05-21,0.0,-0.08002079165956853,0.6778499920325677
2018-05-22,0.0,-0.07809551340279226,0.6779833375901831
2018-05-23,0.0,-0.09618429559135828,0.6738585514853493
2018-05-24,0.0,-0.10523276094669759,0.6584483381937396
2018-05-25,0.0,-0.09281502380560129,0.6747017292755763
2018-05-28,0.0,-0.08641045710190008,0.6798922604248235
2018-05-29,0.0,-0.08254834666924063,0.6639473368488835
2018-05-30,0.0,-0.08472240770081706,0.6575924333315893
2018-05-31,0.0,-0.09066730333997552,0.6783960763729936
2018-06-01,0.0,-0.07052155392518773,0.6879797114225549
2018-06-04,0.0,-0.06419272985271086,0.6902367981395133
2018-06-05,0.0,-0.07652605128674501,0.6805867584952635
2018-06-06,0.0,-0.07161896398248636,0.686774146902
2018-06-07,0.0,-0.07800946657320275,0.6918886749383795
2018-06-08,0.0,-0.0776389759262795,0.6844314727878676
2018-06-11,0.0,-0.0793508523205751,0.6802615758703405
2018-06-12,0.0,-0.08443253884004472,0.6981426805126445
2018-06-13,0.0,-0.08240519657473247,0.685013874384824
2018-06-14,0.0,-0.0819538283611718,0.6754682724552765
2018-06-15,0.0,-0.06627285173228695,0.6969567935569483
2018-06-18,0.0,-0.06672644872788587,0.6836085642280338
2018-06-19,0.0,-0.06164507011723857,0.6614787237470694
2018-06-20,0.0,-0.0498951366575503,0.6250967756420707
2018-06-21,0.0,-0.053318196796855,0.6273635674468868
2018-06-22,0.0,-0.06188545728685315,0.624093102391417
2018-06-25,0.0,-0.052650141051476064,0.6267095020738193
2018-06-26,0.0,-0.0493384555404272,0.5880165527991651
2018-06-27,0.0,-0.03930377308106689,0.5542037287813151
2018-06-28,0.0,-0.03323864147573383,0.5352732603070632
2018-06-29,0.0,-0.043023527155964636,0.5291548416718348
2018-07-02,0.0,-0.03508268973516718,0.4462389704792071
2018-07-03,0.0,-0.04230977056990096,0.42627095467912185
2018-07-04,0.0,-0.05197139957006404,0.4019363787146734
2018-07-05,0.0,-0.06140518241787081,0.39521543710252477
2018-07-06,0.0,-0.052551323301753966,0.40032345327244906
2018-07-09,0.0,-0.056008424231408935,0.4023886932519653
2018-07-10,0.0,-0.04246611715352291,0.406304996918038
2018-07-11,0.0,-0.03674049969666282,0.3959416977382288
2018-07-12,0.0,-0.038829513222684416,0.3952773824565735
2018-07-13,0.0,-0.031075577089029426,0.3909690561740081
2018-07-16,0.0,-0.04323261856634843,0.3839308852879324
2018-07-17,0.0,-0.0314439275996358,0.42325294012891773
2018-07-18,0.0,-0.027249642447375474,0.41260262008591975
2018-07-19,1.0,0.0018793158286829466,0.423789683847866
2018-07-20,0.0,-0.010948791000354854,0.41912002408691806
2018-07-23,1.0,0.002023433345967639,0.43056793077954925
2018-07-24,1.0,8.166265163159408e-05,0.4123970508447143
2018-07-25,0.0,-0.007417403693892728,0.40345807257417304
2018-07-26,1.0,0.002614380574070672,0.41856647277614767
2018-07-27,1.0,0.0014860906310581342,0.4204317708991905
2018-07-30,1.0,0.0011906443773877773,0.4169675404786289
2018-07-31,1.0,0.005053809256742423,0.41292158671811763
2018-08-01,1.0,0.015020690572344434,0.4336179950631777
2018-08-02,1.0,0.019924407726215003,0.44233267138890875
2018-08-03,1.0,0.01526497681885562,0.4371055795896385
2018-08-06,1.0,0.01773299895221,0.4474263000560941
2018-08-07,1.0,0.010025558539608891,0.42739130748534904
2018-08-08,1.0,0.0009881423728940327,0.4286036289893939
2018-08-09,1.0,0.017093035259457656,0.4350310005693654
2018-08-10,1.0,0.018258543219406558,0.44081990478362687
2018-08-13,1.0,0.03137835791409368,0.47918968508964094
2018-08-14,1.0,0.026756564806731067,0.4653998675797388
2018-08-15,1.0,0.043062098748010445,0.4979906100831097
2018-08-16,1.0,0.04112853925264078,0.47144000814125014
2018-08-17,1.0,0.01910290523848954,0.47386048268278946
2018-08-20,1.0,0.008541804877242654,0.4674386653917465
2018-08-21,1.0,0.005113180679672726,0.47270850464232533
2018-08-22,1.0,0.01254829240704472,0.4774049670128562
2018-08-23,1.0,0.023263649704089527,0.48189378902934465
2018-08-24,1.0,0.013376697680611352,0.4605962191655914
2018-08-27,1.0,0.010463559579743625,0.4701617481970615
2018-08-28,1.0,0.016927863857790604,0.4912762551244385
2018-08-29,1.0,0.01554314449818735,0.47165067747655853
2018-08-30,1.0,0.02233326263712913,0.47287029333787517
2018-08-31,1.0,0.017613423765396038,0.4845105805668767
2018-09-03,1.0,0.017249633334779583,0.48973595853753626
2018-09-04,1.0,0.020038084714464346,0.49701658538140037
2018-09-05,1.0,0.019936963454597077,0.4926540116822948
2018-09-06,1.0,0.020114364192765594,0.460182095313932
2018-09-07,1.0,0.02124750304187468,0.46009589806397383
2018-09-10,1.0,0.028813072484456765,0.453879832169315
2018-09-11,1.0,0.032707720740445395,0.4313337620667356
2018-09-12,1.0,0.025287023928376156,0.41377719395426826
2018-09-13,1.0,0.029680587434837796,0.4289522833085705
2018-09-14,1.0,0.04472055148174112,0.446159237261156
2018-09-17,1.0,0.035754616419611564,0.4167722632753798
2018-09-18,1.0,0.03654646786906778,0.42559696764731697
2018-09-19,1.0,0.03383828306851166,0.4061764046216507
2018-09-20,1.0,0.028181806698587043,0.38930132150989494
2018-09-21,1.0,0.03189508324521621,0.42020414028477554
2018-09-24,1.0,0.03835080315496728,0.4229346293197702
2018-09-25,1.0,0.03942806817263602,0.42132566640434316
2018-09-26,1.0,0.03988964476729196,0.4550583672817139
2018-09-27,1.0,0.06306569867164559,0.48192400378637273
2018-09-28,1.0,0.05335840687791286,0.43988949985435805
2018-10-01,1.0,0.06504823058795242,0.4532666455170228
2018-10-02,1.0,0.053791625292232574,0.392519395984294
2018-10-03,1.0,0.05667100635068359,0.4198514773064338
2018-10-04,1.0,0.06126673306098372,0.3991415698531144
2018-10-05,1.0,0.06231922147932571,0.38259382090051997
2018-10-08,1.0,0.07605363825717641,0.4037716863732709
2018-10-09,1.0,0.07648457705110454,0.3916944575201664
2018-10-10,1.0,0.07984951202370166,0.3733178250620381
2018-10-11,1.0,0.04750187111933766,0.28215052818985836
2018-10-12,1.0,0.05646894252104887,0.3405803501719126
2018-10-15,1.0,0.046439986824478294,0.31144487700910817
2018-10-16,1.0,0.054350839728003454,0.3343967590887642
2018-10-17,1.0,0.051035550301452764,0.31399318189914754
2018-10-18,1.0,0.04901859760655385,0.3098069362470423
2018-10-19,1.0,0.05183166119148004,0.31126468397891016
2018-10-22,1.0,0.0528377908946284,0.3129553277656911
2018-10-23,1.0,0.05034154476412754,0.31283058163099103
2018-10-24,1.0,0.04569101607928909,0.3337482508787214
2018-10-25,1.0,0.0394095996057671,0.3395110256618817
2018-10-26,1.0,0.037384035190522046,0.3329864027099735
2018-10-29,1.0,0.044717076022543746,0.3374378449264222
2018-10-30,1.0,0.0474342634567445,0.35265136508955114
2018-10-31,1.0,0.05289694612208535,0.36471086182841905
2018-11-01,1.0,0.05489877191432607,0.3148402730048496
2018-11-02,1.0,0.05575381089643101,0.33158896744586813
2018-11-05,1.0,0.0629600826559924,0.3086786985047051
2018-11-06,1.0,0.07304254265010415,0.31847687852256906
2018-11-07,1.0,0.07454120584232035,0.2936044767739253
2018-11-08,1.0,0.07410388550867351,0.3360765777583439
2018-11-09,1.0,0.08149918993705048,0.4050460892739281
2018-11-12,1.0,0.09130276973478607,0.43154185694141867
2018-11-13,1.0,0.08333594799960717,0.40437572418876444
2018-11-14,1.0,0.07900593574790478,0.3580491933412762
2018-11-15,1.0,0.07974417647271657,0.35865845105155436
2018-11-16,1.0,0.06880941890892817,0.3301330065957098
2018-11-19,1.0,0.06848618236257187,0.3231469955558516
2018-11-20,1.0,0.06703402305651321,0.32552800441888646
2018-11-21,1.0,0.06822784834931592,0.3121772082041944
2018-11-22,1.0,0.07375328620036252,0.30520464672486264
2018-11-23,1.0,0.08101285726142506,0.32657652717787533
2018-11-26,1.0,0.09284491383772371,0.31829107884387414
2018-11-27,1.0,0.09685058584880167,0.3300330178728647
2018-11-28,1.0,0.08038917637355542,0.30917978330169393
2018-11-29,1.0,0.08121142110295745,0.31187941195954494
2018-11-30,1.0,0.08252374568615226,0.32181462709097175
2018-12-03,1.0,0.07689030844322253,0.28801119348017723
2018-12-04,1.0,0.06355782243997812,0.2861256071470742
2018-12-05,1.0,0.05983270875559701,0.302289538139504
2018-12-06,1.0,0.044235314026764797,0.2976582518887677
2018-12-07,1.0,0.030230850790561457,0.32268925502803203
2018-12-10,1.0,0.03436492819881883,0.33086224170026834
2018-12-11,1.0,0.0344029815657774,0.32280600006852406
2018-12-12,1.0,0.03163426472558716,0.3232757072857952
2018-12-13,1.0,0.04457028121398142,0.33132382562330664
2018-12-14,1.0,0.04326382487969617,0.33303853901069413
2018-12-17,1.0,0.04385216869286242,0.3209909456592821
2018-12-18,1.0,0.04676414307062619,0.3275242791177499
2018-12-19,1.0,0.041923026134738035,0.3329169865551988
2018-12-20,1.0,0.033005162401662645,0.34876795299590296
2018-12-21,1.0,0.03740516241681611,0.37411888838962504
2018-12-24,1.0,0.029030313624769846,0.4017272111043614
2018-12-25,1.0,0.03299811435059722,0.410093000209712
2018-12-26,1.0,0.03284329201901791,0.40177063537753016
2018-12-27,1.0,0.029098187636485914,0.4208505073411934
2018-12-28,1.0,0.031540093354365334,0.4366144307794664
2018-12-31,1.0,0.025563449314093704,0.4426094198137218
2019-01-02,1.0,0.01946732380994133,0.4540655855476713
2019-01-03,0.0,-0.0029411785908163733,0.4835561747050136
2019-01-04,1.0,0.00567902837532619,0.47868433966070095
2019-01-07,0.0,-0.001136529608446388,0.46597590484848805
2019-01-08,1.0,0.005586606708639776,0.4712622351406007
2019-01-09,0.0,-0.0024004038007669737,0.4544100692908179
2019-01-10,1.0,0.004653696446475974,0.45577188849475386
2019-01-11,1.0,0.003200345259725349,0.44707696355386106
2019-01-14,1.0,0.00510008060114843,0.45097835546301457
2019-01-15,1.0,0.011492163037539301,0.45076003200423803
2019-01-16,1.0,0.011148387482614201,0.4441606025925353
2019-01-17,1.0,0.0003869519840875295,0.44217987719611995
2019-01-18,1.0,0.007159124048910894,0.4575184491612303
2019-01-21,1.0,0.005958541628995003,0.44777688174872243
2019-01-22,0.0,-0.007027984573164821,0.4354014811034546
2019-01-23,0.0,-0.006815069548203025,0.4473290393043678
2019-01-24,0.0,-0.004294924282880841,0.43246754738058074
2019-01-25,0.0,-0.0211650903124679,0.38951199261780584
2019-01-28,0.0,-0.021955034143758764,0.41815814174457744
2019-01-29,0.0,-0.03014458825267078,0.4368346480370257
2019-01-30,0.0,-0.034407868425650655,0.46418276007007825
2019-01-31,0.0,-0.03418083498953562,0.4859688403080795
2019-02-01,0.0,-0.024438396683813507,0.48678135425531904
2019-02-04,0.0,-0.024832498398803207,0.4759522383566329
2019-02-05,0.0,-0.024453128506365367,0.4687317916213183
2019-02-06,0.0,-0.023142588444545472,0.4767535308474486
2019-02-07,0.0,-0.030708212293109993,0.4696348788540792
2019-02-08,0.0,-0.027087763091269583,0.4741767948814273
2019-02-11,0.0,-0.0219653164847171,0.4808834512395031
2019-02-12,0.0,-0.02019180807556166,0.483013803296743
2019-02-13,0.0,-0.019699261593976076,0.48751571355186835
2019-02-14,0.0,-0.021685137295180967,0.4824818784574914
2019-02-15,0.0,-0.02698255018761345,0.47208196132505303
2019-02-18,0.0,-0.019755872635221747,0.4742832584383894
2019-02-19,0.0,-0.0334388029399827,0.5164803331314307
2019-02-20,0.0,-0.03176171404167628,0.517363593722923
2019-02-21,0.0,-0.027974388071465378,0.5195195214295123
2019-02-22,0.0,-0.038988790680610834,0.5250449494108269
2019-02-25,0.0,-0.038006954463913674,0.5273112751070803
2019-02-26,0.0,-0.04164067554858657,0.5398140896916261
2019-02-27,0.0,-0.035719460535440915,0.5532327181161852
2019-02-28,0.0,-0.02322774535546756,0.5495794111360759
2019-03-01,0.0,-0.00688892820058323,0.5891806925846773
2019-03-04,0.0,-0.0013222885293016848,0.587458809881117
2019-03-05,0.0,-0.006544627956748963,0.5790485648619559
2019-03-06,0.0,-0.005066064379309928,0.5642017746727357
2019-03-07,1.0,0.002439916357340092,0.5501379097171372
2019-03-08,1.0,0.005300569352957895,0.5377776353412199
2019-03-11,1.0,0.02398892726901726,0.5480410771160298
2019-03-12,1.0,0.01782089657011149,0.5438231258989313
2019-03-13,1.0,0.01568986595276039,0.544794021074286
2019-03-14,1.0,0.029875658906256417,0.5721360222719165
2019-03-15,1.0,0.029022648154071483,0.5618188084494631
2019-03-18,1.0,0.018395167528299894,0.591135646945646
2019-03-19,1.0,0.015344015435200021,0.598512284576399
2019-03-20,1.0,0.015949542535122256,0.5947653861097512
2019-03-21,1.0,0.02496829686656488,0.6157687187382613
2019-03-22,1.0,0.021195391208236113,0.6326159426633594
2019-03-25,1.0,0.013377623220902345,0.6083784360469646
2019-03-26,1.0,0.022996429337422464,0.6377233342427783
2019-03-27,1.0,0.03813624663239328,0.6462166091270617
2019-03-28,1.0,0.072927965645874,0.6764877593273749
2019-03-29,1.0,0.07934999279627528,0.6549701252857888
2019-04-01,1.0,0.09739818722197625,0.6797820234738163
2019-04-02,1.0,0.09612580612395685,0.6673376920275312
2019-04-03,1.0,0.08824456208814048,0.6774069335335471
2019-04-04,1.0,0.0865985909359369,0.656331735050183
2019-04-05,1.0,0.08730173984845321,0.6675460158776959
2019-04-08,1.0,0.06316946354866007,0.6728033096865172
2019-04-09,1.0,0.0841635117623078,0.6761586786635163
2019-04-10,1.0,0.0811771777537993,0.6739219548263542
2019-04-11,1.0,0.0906780448680607,0.6869775745059968
2019-04-12,1.0,0.08106979204788743,0.6784085307539762
2019-04-15,1.0,0.08032343122539808,0.6824479081605423
2019-04-16,1.0,0.09080481537841972,0.6824399849108121
2019-04-17,1.0,0.10760342516428431,0.6664626501558607
2019-04-18,1.0,0.09562301818808364,0.6568117609914776
2019-04-19,1.0,0.10399542412593965,0.6660358343481211
2019-04-22,1.0,0.10327189786140989,0.6768881421587389
2019-04-23,1.0,0.09969419766118402,0.6797879959842207
2019-04-24,1.0,0.11235614750947796,0.6804057858275463
2019-04-25,1.0,0.12402001702576525,0.6684261497063226
2019-04-26,1.0,0.10305735211259555,0.6530410385515014
2019-04-29,1.0,0.10733558977963559,0.670094751349398
2019-04-30,1.0,0.09895858025376612,0.6597906057473673
2019-05-01,1.0,0.11061110200198951,0.6666593676177479
2019-05-02,1.0,0.10708276255351187,0.6687019124161352
2019-05-03,1.0,0.1033881284306219,0.6572177787631365
2019-05-06,1.0,0.1088084990411862,0.6616798980703026
2019-05-07,1.0,0.10786419083492442,0.6521241163745374
2019-05-08,1.0,0.09895975423340697,0.667025754475676
2019-05-09,1.0,0.11812043946705657,0.6539517369952894
2019-05-10,1.0,0.11382721645573604,0.6669544521903995
2019-05-13,1.0,0.1180479374520014,0.614569514245715
2019-05-14,1.0,0.12827432601391778,0.6509450394163945
2019-05-15,1.0,0.14646322665474296,0.6272685427117419
2019-05-16,1.0,0.15406184818536922,0.6458728328610932
2019-05-17,1.0,0.15899145617006677,0.6747706252394299
2019-05-20,1.0,0.16769801325147152,0.6759812358943201
2019-05-21,1.0,0.16368714935002646,0.6641249490722207
2019-05-22,1.0,0.17480568823424206,0.6625031651005356
2019-05-23,1.0,0.17148098827952543,0.6312375902147134
2019-05-24,1.0,0.1638266627743433,0.6256908312930727
2019-05-27,1.0,0.15185753487750545,0.6293287380710467
2019-05-28,1.0,0.1638742211026414,0.643064636213468
2019-05-29,1.0,0.16042657170400287,0.6390374578986521
2019-05-30,1.0,0.15051861372284703,0.6067013706962806
2019-05-31,1.0,0.15677845750181257,0.5695620312032404
2019-06-03,1.0,0.14218449326891985,0.5437243741214068
2019-06-04,1.0,0.15220779986890354,0.5799916206234349
2019-06-05,1.0,0.14630944804878196,0.6105637088610442
2019-06-06,1.0,0.13455131869812498,0.6406878333439711
2019-06-07,1.0,0.12604052455281442,0.6690382791407202
2019-06-10,1.0,0.1412508243037432,0.6845618078346698
2019-06-11,1.0,0.1537629326335673,0.6764238138121554
2019-06-12,1.0,0.1519950558726823,0.6754563360230729
2019-06-13,1.0,0.12353598886405685,0.6760548264057481
2019-06-14,1.0,0.11620901644235374,0.6795618770934225
2019-06-17,1.0,0.11250180911793434,0.6923102255114043
2019-06-18,1.0,0.09854686503052303,0.676019783742354
2019-06-19,1.0,0.09582463981640649,0.6667854816730001
2019-06-20,1.0,0.0771505187256328,0.6423167083719035
2019-06-21,1.0,0.062350909123089604,0.6348114289121654
2019-06-24,1.0,0.05424151967329085,0.6003857420273686
2019-06-25,1.0,0.05363802718656572,0.5872061541378122
2019-06-26,1.0,0.05858089198904061,0.5871766746667196
2019-06-27,1.0,0.061642620452449615,0.5830654663005909
2019-06-28,1.0,0.07382502611936652,0.5806168490400613
2019-07-01,1.0,0.09649353409401594,0.6040665580876712
2019-07-02,1.0,0.07671296535423332,0.5820848341798416
2019-07-03,1.0,0.05832876227936834,0.6067437446550736
2019-07-04,1.0,0.06128161725169591,0.6121527224104404
2019-07-05,1.0,0.0672011040765124,0.615382310377182
2019-07-08,1.0,0.05350884025883111,0.6073020751235282
2019-07-09,1.0,0.05682042755897392,0.6028103011389019
2019-07-10,1.0,0.05553555230896365,0.5751660798738298
2019-07-11,1.0,0.06989022435637966,0.602608017533921
2019-07-12,1.0,0.06121879025781079,0.5773041304088352
2019-07-15,1.0,0.05484879405773628,0.5631917447335082
2019-07-16,1.0,0.06838097651456994,0.5865999583934699
2019-07-17,1.0,0.053834751946877056,0.5379639416671422
2019-07-18,1.0,0.03280098085984603,0.4922044360605078
2019-07-19,1.0,0.04341644554850674,0.5527079177337574
2019-07-22,1.0,0.0467592718363587,0.5550240092485019
2019-07-23,1.0,0.04411109568910662,0.5675665282883071
2019-07-24,1.0,0.04404306025597683,0.5542845510211694
2019-07-25,1.0,0.053423122846154095,0.5769971942016341
2019-07-26,1.0,0.04998680740285469,0.5684520410502455
2019-07-29,1.0,0.03957647570170625,0.5303914688699725
2019-07-30,1.0,0.038997574778335244,0.5388976683810375
2019-07-31,1.0,0.05390712089071931,0.582195702580589
2019-08-01,1.0,0.039883210633282706,0.5270392553630323
2019-08-02,1.0,0.04326362082357022,0.5497328240279231
2019-08-05,1.0,0.019963444246632937,0.49934689920794434
2019-08-06,1.0,0.008845731064171278,0.497822145890878
2019-08-07,0.0,-0.003670953563459232,0.47622838047135685
2019-08-08,1.0,0.007963410588520264,0.4997228632391785
2019-08-09,1.0,0.011229938810339199,0.5134548755294528
2019-08-12,0.0,-0.0009931473653740704,0.5040002365413468
2019-08-13,0.0,-0.011993845408025575,0.5112018851996393
2019-08-14,0.0,-0.017294564354801024,0.5151763032685938
2019-08-15,0.0,-0.036576804926270017,0.5446442470873543
2019-08-16,0.0,-0.036500601204018095,0.5368652527592621
2019-08-19,0.0,-0.027042412331998056,0.5504515348846603
2019-08-20,0.0,-0.03435697146501988,0.5351167254171921
2019-08-21,0.0,-0.026367891959432933,0.5635621393153614
2019-08-22,0.0,-0.01791897052515537,0.563210329001349
2019-08-23,0.0,-0.039289672917277724,0.5397160303268408
2019-08-26,0.0,-0.0373600917029697,0.5597427699147124
2019-08-27,0.0,-0.04677935173593142,0.5330006733838989
2019-08-28,0.0,-0.04498051223791457,0.5357027429144566
2019-08-29,0.0,-0.04227558729941169,0.5545534585342433
2019-08-30,0.0,-0.038868748579695626,0.5517271490115704
2019-09-02,0.0,-0.04962431943936666,0.5292328333905449
2019-09-03,0.0,-0.05712419480389544,0.5072995751239997
2019-09-04,0.0,-0.06527743531108685,0.5242473816482913
2019-09-05,0.0,-0.04237870991870386,0.56128988539958
2019-09-06,0.0,-0.028941699723890237,0.5689958133780771
2019-09-09,0.0,-0.02478768048476437,0.5823657647624139
2019-09-10,0.0,-0.0054964295561454515,0.6258362674906185
2019-09-11,0.0,-0.015307262669779173,0.6280241431715579
2019-09-12,0.0,-0.015665765633193808,0.6199549464654635
2019-09-13,0.0,-0.01927731151050692,0.6266624817405687
2019-09-16,0.0,-0.02486950715666503,0.6117420493792641
2019-09-17,0.0,-0.02488747569965434,0.6242693096980999
2019-09-18,0.0,-0.013079339178041006,0.6239685205885459
2019-09-19,0.0,-0.019674533018616488,0.5992340335955268
2019-09-20,0.0,-0.027658683641318987,0.5783561930991206
2019-09-23,0.0,-0.03069766337556335,0.5683250410784525
2019-09-24,0.0,-0.0369365648624229,0.5582344079948955
2019-09-25,0.0,-0.01913516372594505,0.6038952665547863
2019-09-26,0.0,-0.01720938249443447,0.5859677468290734
2019-09-27,0.0,-0.012708858909164476,0.5804684615851985
2019-09-30,1.0,0.00898067899388588,0.6285984212600166
2019-10-01,1.0,0.013564537823533108,0.628905757320857
2019-10-02,0.0,-6.669556810428781e-05,0.6049748510732263
2019-10-03,1.0,0.0038329213564421523,0.589835752592474
2019-10-04,1.0,0.004084294034515197,0.5962937677577757
2019-10-07,1.0,0.014347791822341695,0.6129956217088557
2019-10-08,1.0,0.007792068475961621,0.5846605788932469
2019-10-09,1.0,0.007792727595055543,0.5929281355276753
2019-10-10,1.0,0.023284410439350506,0.6205923898110366
2019-10-11,1.0,0.04156065709116039,0.6045802880604129
2019-10-14,1.0,0.04758500712656549,0.5823585658922326
2019-10-15,1.0,0.06098493443441996,0.6018252942957004
2019-10-16,1.0,0.04349010978531045,0.5874000243580885
2019-10-17,1.0,0.039769755114651646,0.580793578027336
2019-10-18,1.0,0.04653032057106399,0.5848426354025422
2019-10-21,1.0,0.04163007537230854,0.5882059930970672
2019-10-22,1.0,0.03856900472317645,0.6070845121260181
2019-10-23,1.0,0.04200092397463078,0.6280700072393142
2019-10-24,1.0,0.03171784056738972,0.6089946665868885
2019-10-25,1.0,0.034488192909254665,0.6539760010166864
2019-10-28,1.0,0.04472672294506747,0.6939311047507013
2019-10-29,1.0,0.04624190209859808,0.697129949293899
2019-10-30,1.0,0.041513430448405386,0.6976979040976654
2019-10-31,1.0,0.032415551567932015,0.6548442862069346
2019-11-01,1.0,0.03712629975080079,0.664573290546281
2019-11-04,1.0,0.04674717222918017,0.6762717847482259
2019-11-05,1.0,0.05482261679829368,0.7142015312758686
2019-11-06,1.0,0.056543177206133284,0.7021605604816485
2019-11-07,1.0,0.06961970397685313,0.7497493189499284
2019-11-08,1.0,0.08526810826053165,0.7168901798837924
2019-11-11,1.0,0.07982707151432251,0.6875017216151346
2019-11-12,1.0,0.06423460186443207,0.6786270192790511
2019-11-13,1.0,0.061378423608695366,0.6879185206613738
2019-11-14,1.0,0.06276543710213506,0.6872810749886306
2019-11-15,1.0,0.06731780637811759,0.6969756415443337
2019-11-18,1.0,0.06649093383556459,0.6889767792638108
2019-11-19,1.0,0.06291643491970762,0.6871023973202316
2019-11-20,1.0,0.061986848408339026,0.6877347514170005
2019-11-21,1.0,0.07349826758536238,0.6836419267497996
2019-11-22,1.0,0.0797901895934784,0.6780557285344618
2019-11-25,1.0,0.08272989500464197,0.6840161220850014
2019-11-26,1.0,0.09150594917815284,0.6819857731703238
2019-11-27,1.0,0.10266121467786005,0.6902826225103051
2019-11-28,1.0,0.10650584311628152,0.6812849971005724
2019-11-29,1.0,0.11568859033652555,0.6656395500173119
2019-12-02,1.0,0.12596212856229547,0.6798207936396432
2019-12-03,1.0,0.10131751350363524,0.6231523497809606
2019-12-04,1.0,0.10685035931820783,0.6608283233194019
2019-12-05,1.0,0.1083501467467539,0.6581595128099171
2019-12-06,1.0,0.08255881215849077,0.6866644897434132
2019-12-09,1.0,0.08402273360598843,0.6743464100996605
2019-12-10,1.0,0.11361156936056968,0.6814879732440139
2019-12-11,1.0,0.10424900407100451,0.6525380757535891
2019-12-12,1.0,0.12893216880857078,0.6775496894151726
2019-12-13,1.0,0.12581583019333542,0.6764357677741818
2019-12-16,1.0,0.1296447528378286,0.6892145193563304
2019-12-17,1.0,0.11115645852197907,0.6719512737548848
2019-12-18,1.0,0.10260455227969982,0.6629258899602879
2019-12-19,1.0,0.06363875684215897,0.6489776132185531
2019-12-20,1.0,0.034469592376305966,0.6501866262479089
2019-12-23,1.0,0.0192166149113529,0.592813578221184
2019-12-24,1.0,0.019092239712608962,0.5289191718978192
2019-12-25,0.0,-0.00884309373633382,0.5677455805012324
2019-12-26,0.0,-0.026817804189461864,0.5218193444584794
2019-12-27,0.0,-0.008046541381168686,0.549571233963101
2019-12-30,1.0,0.024530306922069416,0.5353514645267439
2019-12-31,1.0,0.0669448694198631,0.563161236994592
2020-01-01,1.0,0.06365936455028173,0.5705963227576577
2020-01-02,1.0,0.06354842301866018,0.6120580401975776
2020-01-03,1.0,0.04679848041596431,0.6756079632139098
2020-01-06,1.0,0.03566262539213508,0.6916002349562798
2020-01-07,1.0,0.0017666385497283723,0.6804786106482595
2020-01-08,1.0,0.02303887872150314,0.6775875041931585
2020-01-09,1.0,0.03704478570276263,0.6789306298792765
2020-01-10,1.0,0.03429586436050358,0.6742849518627716
2020-01-13,1.0,0.07059847465395627,0.6791172696853114
2020-01-14,1.0,0.06321585790225571,0.6741674384417726
2020-01-15,1.0,0.05550037052250898,0.6554091949941685
2020-01-16,1.0,0.08008507389384041,0.6691849972585026
2020-01-17,1.0,0.0952081179802279,0.6642674170732633
2020-01-20,1.0,0.10201683584595343,0.6544578181579812
2020-01-21,1.0,0.09630752903793807,0.6577723711043805
2020-01-22,1.0,0.09660455237906723,0.6482670616366903
2020-01-23,1.0,0.07332026545802325,0.6402518501193967
2020-01-24,1.0,0.07403078384115787,0.6356656301665743
2020-01-27,1.0,0.06335170219845378,0.6165194918837106
2020-01-28,1.0,0.089369643164314,0.624190344467084
2020-01-29,1.0,0.09282266658188686,0.5931991035663445
2020-01-30,1.0,0.09289241490044012,0.5841417837637639
2020-01-31,1.0,0.07531752151295158,0.5587675552603663
2020-02-03,1.0,0.07937501406151767,0.5992523407970527
2020-02-04,1.0,0.0965454178968122,0.6377428464614013
2020-02-05,1.0,0.079505943321086,0.6183433212371446
2020-02-06,1.0,0.08073386801588187,0.6050811088728644
2020-02-07,1.0,0.08046487469557287,0.6110529554043518
2020-02-10,1.0,0.0814742295550968,0.6062026556254181
2020-02-11,1.0,0.07245586799044047,0.591975637828953
2020-02-12,1.0,0.09149373656085882,0.6048439918191685
2020-02-13,1.0,0.07612603761999104,0.5738598193324852
2020-02-14,1.0,0.06941895876553977,0.5694490546452018
2020-02-17,1.0,0.07423449837645048,0.5809673690754845
2020-02-18,1.0,0.06783245559420385,0.5254184443725041
2020-02-19,1.0,0.07093550863030017,0.5290375383744528
2020-02-20,1.0,0.07241197821296415,0.5421205869562478
2020-02-21,1.0,0.05274680069465715,0.5389072594957427
2020-02-24,1.0,0.05060995390572731,0.552633455089685
2020-02-25,1.0,0.06685267401075792,0.5812470757537564
2020-02-26,1.0,0.05108115669720254,0.5732317502335808
2020-02-27,1.0,0.053121273540382416,0.5804034049880026
2020-02-28,1.0,0.07550617668101504,0.6229919215932901
2020-03-02,1.0,0.07249079015248494,0.5999948900386286
2020-03-03,1.0,0.04611373271061883,0.5761217090481218
2020-03-04,1.0,0.0551719222628713,0.6127322519502227
2020-03-05,1.0,0.039502813657458544,0.597020492802389
2020-03-06,1.0,0.030815278164915253,0.6064929573167108
2020-03-09,1.0,0.009359148993897056,0.6142292751434046
2020-03-10,1.0,0.0380635864307889,0.6239969174979336
2020-03-11,1.0,0.028347595040657314,0.6155139295140197
2020-03-12,1.0,0.07367731380646031,0.6516686233129826
2020-03-13,1.0,0.11427790236293929,0.6702744236401457
2020-03-16,1.0,0.13612016671175334,0.6956749380757196
2020-03-17,1.0,0.12246892348577244,0.6833384814590371
2020-03-18,1.0,0.1517632589688949,0.7008702961808672
2020-03-19,1.0,0.15923664338938073,0.6685554374604481
2020-03-20,1.0,0.14126646274169305,0.645821743822985
2020-03-23,1.0,0.10622970302241312,0.6567074200437233
2020-03-24,1.0,0.059981142391557246,0.6603860833896266
2020-03-25,1.0,0.07516931731814323,0.6816081569139804
2020-03-26,1.0,0.07306835930487272,0.6555424322586952
2020-03-27,1.0,0.08363493632177549,0.6450624681935401
2020-03-30,1.0,0.08174328765415356,0.6566931146224615
2020-03-31,1.0,0.11185299817044159,0.695996503474544
2020-04-01,1.0,0.10593090240692118,0.6491666003575941
2020-04-02,1.0,0.09560361034803545,0.6553966389163784
2020-04-03,1.0,0.09669276951351372,0.6786822431634685
2020-04-06,1.0,0.06357084046443193,0.6864292303573569
2020-04-07,1.0,0.07478425712088614,0.7181512341388022
2020-04-08,1.0,0.07579281867828028,0.7114535499921447
2020-04-09,1.0,0.059105487080885526,0.6810670054724195
2020-04-13,1.0,0.046713747995570445,0.6730922033211386
2020-04-14,1.0,0.04530164733437448,0.6735280101513869
2020-04-15,1.0,0.049861116226001506,0.6558891212221092
2020-04-16,1.0,0.04626319227367563,0.6291686021515888
2020-04-17,1.0,0.06935495434129008,0.6408282209818764
2020-04-20,1.0,0.06674856463300857,0.6269566229685084
2020-04-21,1.0,0.07027767247014753,0.6662022778112501
2020-04-22,1.0,0.04735522824504214,0.6576962050276116
2020-04-23,1.0,0.04430854163219034,0.6587017098375213
2020-04-24,1.0,0.050734495241030304,0.6742731912206648
2020-04-27,1.0,0.07190328983968101,0.6947234589002423
2020-04-28,1.0,0.09185277496024483,0.6862997513342713
2020-04-29,1.0,0.09800691562982383,0.6524587443589593
2020-04-30,1.0,0.12052276339750383,0.664548024406096
2020-05-01,1.0,0.1340376785279162,0.639303367914471
2020-05-04,1.0,0.14060218090930313,0.634760974816738
2020-05-05,1.0,0.1442609841595008,0.6411902280940798
2020-05-06,1.0,0.1489415601822772,0.667884409906333
2020-05-07,1.0,0.1407548904992154,0.6057182308531703
2020-05-08,1.0,0.15039706699039146,0.6475712704373351
2020-05-11,1.0,0.17258472732751595,0.6492035742552501
2020-05-12,1.0,0.17978270065956564,0.6407692716294933
2020-05-13,1.0,0.18561328530041576,0.6287624145900307
2020-05-14,1.0,0.162325269128319,0.619428521456635
2020-05-15,1.0,0.15204787147572973,0.5979083982573016
2020-05-18,1.0,0.09850141265584497,0.6223732894707948
2020-05-19,1.0,0.09334385700166277,0.6133566334796866
2020-05-20,1.0,0.11116239571748208,0.6135216365420124
2020-05-21,1.0,0.11839291180867229,0.6461496234541374
2020-05-22,1.0,0.1350150403647508,0.6298406294724306
2020-05-26,1.0,0.1573864967748053,0.6026700597254802
2020-05-27,1.0,0.12073038160996845,0.5999432770400469
2020-05-28,1.0,0.12508438432689936,0.6101463187889807
2020-05-29,1.0,0.11477426053387667,0.6005566578642012
2020-06-01,1.0,0.10326540616452222,0.6217180363125019
2020-06-02,1.0,0.11057892886618827,0.6257742252403794
2020-06-03,1.0,0.14067666681096333,0.6435525069243672
2020-06-04,1.0,0.11850898850133249,0.596474434874575
2020-06-05,1.0,0.15549203887582788,0.6324316487741516
2020-06-08,1.0,0.14814556885437283,0.5730376975353259
2020-06-09,1.0,0.1384757065680875,0.5187745984537667
2020-06-10,1.0,0.11291690848421965,0.5045541677203041
2020-06-11,1.0,0.11111593553459082,0.5395113105807988
2020-06-12,1.0,0.1110512310070773,0.5115301446471414
2020-06-15,1.0,0.11134097363961515,0.5210427385076895
2020-06-16,1.0,0.11243237471369259,0.5393893169458975
2020-06-17,1.0,0.11983389641848224,0.549442741307867
2020-06-18,1.0,0.12179368888403422,0.5652370662117151
2020-06-19,1.0,0.1066985938065336,0.5161841550490309
2020-06-22,1.0,0.10989747798813598,0.5254881185911083
2020-06-23,1.0,0.09992723002125349,0.5226972085343417
2020-06-24,1.0,0.10662058359576382,0.5485151689735733
2020-06-25,1.0,0.09750921095418948,0.527486174257419
2020-06-26,1.0,0.09674719602529312,0.5515337366674352
2020-06-29,1.0,0.07586755417357932,0.5785474400037999
2020-06-30,1.0,0.06485439373824964,0.5902323957255468
2020-07-01,1.0,0.05105593785997947,0.5947385504232385
2020-07-02,1.0,0.050800215097456136,0.5928320303872707
2020-07-03,1.0,0.04716487276812064,0.6072140708377736
2020-07-06,1.0,0.052248448440232784,0.5972312565095825
2020-07-07,1.0,0.05591619497227117,0.6105594922335998
2020-07-08,1.0,0.041642227569897446,0.6172483766679178
2020-07-09,1.0,0.055289513818713124,0.6130604394828355
2020-07-10,1.0,0.05432766727821816,0.6128777980839885
2020-07-13,1.0,0.059605852871300775,0.583688674784136
2020-07-14,1.0,0.037381953116857616,0.5776635850810384
2020-07-15,1.0,0.042767004416428354,0.5723436335260278
2020-07-16,1.0,0.052422505756264545,0.5826217591485405
2020-07-17,1.0,0.06449014802886398,0.5636047532042684
2020-07-20,1.0,0.05596239695314355,0.5607651105019422
2020-07-21,1.0,0.025951807626755884,0.5405119215986989
2020-07-22,1.0,0.01606481544145065,0.5363305237658815
2020-07-23,1.0,0.011647956290273206,0.5408528157499726
2020-07-24,0.0,-0.0010560135578326648,0.5264982590760704
2020-07-27,0.0,-0.019763489118839635,0.5163619358667083
2020-07-28,0.0,-0.027065741766763192,0.519036806283228
2020-07-29,0.0,-0.023830215580676425,0.5185250558756623
2020-07-30,0.0,-0.027204454944649493,0.5018786577645509
2020-07-31,0.0,-0.038046174068920066,0.48598625591036093
2020-08-03,0.0,-0.038629973983853025,0.4880138039782027
2020-08-04,0.0,-0.05590837543299624,0.4634571246968328
2020-08-05,0.0,-0.08220024114468673,0.47604833951257025
2020-08-06,0.0,-0.09971616876886583,0.46136048501920496
2020-08-07,0.0,-0.08029254640598293,0.47308704129170187
2020-08-10,0.0,-0.06698267195524835,0.4783280328243222
2020-08-11,0.0,-0.001125463063585879,0.5516926920515622
2020-08-12,0.0,-0.006460733779842403,0.5209100270467375
2020-08-13,0.0,-0.0021986985802016474,0.506338477662184
2020-08-14,1.0,0.003771415082573455,0.5268277798815169
2020-08-17,0.0,-0.0636305203968046,0.4951269313211402
2020-08-18,0.0,-0.06425387030877318,0.4826995986751493
2020-08-19,0.0,-0.03335628515646284,0.5481820640776035
2020-08-20,0.0,-0.03695986418344893,0.5366728713809107
2020-08-21,0.0,-0.02635253871602094,0.5327405885250708
2020-08-24,0.0,-0.02095543838511258,0.5587427830254789
2020-08-25,0.0,-0.025135595996764123,0.5158173857736875
2020-08-26,0.0,-0.041936686141598255,0.4609908377395807
2020-08-27,0.0,-0.03350661155043953,0.49820901895334446
2020-08-28,0.0,-0.048979594174301005,0.4708427927603859
2020-08-31,0.0,-0.06836134524129145,0.5131379706137758
2020-09-01,0.0,-0.08600199071960131,0.5416954216392267
2020-09-02,0.0,-0.07196304945962316,0.5492906572262765
2020-09-03,0.0,-0.06538779980279445,0.562277303489479
2020-09-04,0.0,-0.07815173317233307,0.547693468714878
2020-09-07,0.0,-0.08150301660492615,0.5515428033490011
2020-09-08,0.0,-0.06232163431652724,0.5016126924212003
2020-09-09,0.0,-0.06167974333360813,0.4719473258763248
2020-09-10,0.0,-0.055739625904073824,0.4867365473171751
2020-09-11,0.0,-0.053711504406834656,0.5182213785177177
2020-09-14,0.0,-0.049202916108695656,0.5050029956165525
2020-09-15,0.0,-0.043784288864167874,0.540740287083479
2020-09-16,0.0,-0.06260451342706325,0.5167025598170281
2020-09-17,0.0,-0.05694358684293335,0.5454703155888864
2020-09-18,0.0,-0.05876234882238324,0.5484244449754666
2020-09-21,0.0,-0.045691054216275596,0.6010304264914139
2020-09-22,0.0,-0.024996638167713057,0.6201937551452684
2020-09-23,1.0,0.001250291942340127,0.6670438264883113
2020-09-24,1.0,0.00931657273927589,0.6210386846703105
2020-09-25,1.0,0.011171239664101905,0.6281247274992255
2020-09-28,0.0,-0.0022366608536202046,0.6219520616664218
2020-09-29,0.0,-0.020173671515836288,0.628535090346161
2020-09-30,0.0,-0.006651968226241876,0.6308303081309828
2020-10-01,0.0,-0.014073165254356722,0.6092447666483336
2020-10-02,0.0,-0.010445687102690435,0.6137686212898019
2020-10-05,0.0,-0.020970001214305336,0.5925500828110815
2020-10-06,1.0,0.0002076682852731358,0.6094288861536274
2020-10-07,1.0,0.0037555252941456436,0.5852815208494849
2020-10-08,1.0,0.0021788857266929113,0.6015143252447539
2020-10-09,1.0,0.0069160105116774515,0.5930220098159796
2020-10-12,1.0,0.014099621605961362,0.6557417553372629
2020-10-13,1.0,0.01506615878106846,0.6946580956685358
2020-10-14,1.0,0.006589507405489822,0.6844276202082525
2020-10-15,0.0,-0.031582384669649896,0.6878208069879632
2020-10-16,0.0,-0.02989257857615044,0.7214358441217632
2020-10-19,0.0,-0.026403945820337206,0.7181737699190724
2020-10-20,0.0,-0.03269033311419244,0.7054424346888023
2020-10-21,0.0,-0.041385216162854364,0.6938300064984024
2020-10-22,0.0,-0.04069450969446993,0.7201591843279256
2020-10-23,0.0,-0.03434322753085012,0.722023470235931
2020-10-26,0.0,-0.03303700065818259,0.7269021290227908
2020-10-27,0.0,-0.01916561459080907,0.7266028567385036
2020-10-28,0.0,-0.004036052288438379,0.7641734828783957
2020-10-29,0.0,-0.00649132787282482,0.7707106808393567
2020-10-30,0.0,-0.009453995237697603,0.7360415845467888
2020-11-02,0.0,-0.02406898746245976,0.7144331336033358
2020-11-03,0.0,-0.034936072692148344,0.6270357154204138
2020-11-04,0.0,-0.03245095330421337,0.6471019904826287
2020-11-05,0.0,-0.05365057229043883,0.5701359460111811
2020-11-06,0.0,-0.047358198677289215,0.6063368688905802
2020-11-09,0.0,-0.013528021349597767,0.7420859916600772
2020-11-10,0.0,-0.023232670305528464,0.683286334050365
2020-11-11,0.0,-0.03905549710203747,0.6664109406329046
2020-11-12,0.0,-0.03375948874340149,0.6552496934195713
2020-11-13,0.0,-0.031576324108054846,0.6359645310597308
2020-11-16,0.0,-0.02686133533905195,0.6249115034398989
2020-11-17,0.0,-0.019782115231637944,0.6567351632873141
2020-11-18,0.0,-0.025354514610963216,0.6695792167786283
2020-11-19,0.0,-0.022671078102491297,0.6846247944539564
2020-11-20,0.0,-0.028818243911819075,0.6833801968063842
2020-11-23,0.0,-0.02371426255108626,0.6567807315495693
2020-11-24,0.0,-0.01751551811820337,0.616261501129009
2020-11-25,0.0,-0.01772714074437754,0.5842944450015931
2020-11-26,0.0,-0.013537226401270992,0.5825674922434003
2020-11-27,1.0,0.012122034556887998,0.5794629581960362
2020-11-30,1.0,0.015880748853341342,0.5601351306269876
2020-12-01,0.0,-0.0054567831724369,0.5334606338382867
2020-12-02,0.0,-0.033214348767810487,0.5457027875050029
2020-12-03,0.0,-0.05912889565828311,0.5638434468031785
2020-12-04,0.0,-0.06379667730626644,0.5913713952335022
2020-12-07,0.0,-0.06923207255346499,0.5433313040291526
2020-12-08,0.0,-0.08914771920799294,0.5526526947133007
2020-12-09,0.0,-0.08080661538387934,0.5718543205850538
2020-12-10,0.0,-0.07724208046060795,0.5661402901307445
2020-12-11,0.0,-0.08846470563111351,0.5609058089469403
2020-12-14,0.0,-0.06257450156083115,0.5687306311353524
2020-12-15,0.0,-0.07058392243296786,0.5592000553004934
2020-12-16,0.0,-0.07951372721739401,0.5450437587784747
2020-12-17,0.0,-0.08789627259447554,0.5205740866630307
2020-12-18,0.0,-0.08275964252887212,0.5362224447795411
2020-12-21,0.0,-0.08052531064597875,0.539083481757649
2020-12-22,0.0,-0.06366855518622545,0.5672993731197175
2020-12-23,0.0,-0.07573161938571601,0.5403580930130859
2020-12-24,0.0,-0.0740505773794717,0.5521929692910778
2020-12-25,0.0,-0.07751128110275518,0.5505071281466535
2020-12-28,0.0,-0.08091761433106316,0.5405248101346615
2020-12-29,0.0,-0.07970467335318027,0.5377690524502262
2020-12-30,0.0,-0.09239852605318191,0.5323059707281069
2020-12-31,0.0,-0.09191153598913057,0.5538496641753542
2021-01-04,0.0,-0.12646280654644337,0.48582777299840874
2021-01-05,0.0,-0.14557712377843057,0.5116934203134761
2021-01-06,0.0,-0.11623052345324598,0.5273937967153259
2021-01-07,0.0,-0.10197174576768057,0.5284794638102451
2021-01-08,0.0,-0.06377914837106695,0.6012079143345105
2021-01-11,0.0,-0.06442998946249526,0.589262708433493
2021-01-12,0.0,-0.061782805776048,0.5687163136200619
2021-01-13,0.0,-0.06014167350588467,0.590564619450496
2021-01-14,0.0,-0.050409839165439195,0.602413257429965
2021-01-15,0.0,-0.04680885342438782,0.6240398362464815
2021-01-18,0.0,-0.058620632201698934,0.6229825319419392
2021-01-19,0.0,-0.052956666663520294,0.6328558783337507
2021-01-20,0.0,-0.07514391287239583,0.6018309008763819
2021-01-21,0.0,-0.05828495669765906,0.6103809780963454
2021-01-22,0.0,-0.0437230278264545,0.593600580348745
2021-01-25,0.0,-0.04904285302209064,0.5871501043807814
2021-01-26,0.0,-0.03968556043770075,0.6051796881075175
2021-01-27,0.0,-0.027940001474963456,0.6184786411000559
2021-01-28,0.0,-0.03249313630268404,0.6255652896534333
2021-01-29,0.0,-0.038688156848845016,0.6234021528364394
2021-02-01,0.0,-0.04378528072571713,0.6477715375879701
2021-02-02,0.0,-0.03384338153927471,0.61173362169076
2021-02-03,0.0,-0.029447577361078295,0.6184303377935891
2021-02-04,0.0,-0.012394713243792847,0.6987305829444791
2021-02-05,0.0,-0.025188909946635883,0.6399499837871238
2021-02-08,0.0,-0.020965841440131774,0.640899318161961
2021-02-09,0.0,-0.033047331841763096,0.634288830122881
2021-02-10,0.0,-0.03120744964919556,0.630980989328272
2021-02-11,0.0,-0.005703124146814071,0.6473771618550963
2021-02-12,1.0,0.004000081942506955,0.6331869008258011
2021-02-15,1.0,0.00994782490467291,0.6562854649470016
2021-02-16,1.0,0.02364895074159939,0.6480776415632237
2021-02-17,1.0,0.022003878295246936,0.6626978249675888
2021-02-18,1.0,0.02808530792036278,0.6329325014643499
2021-02-19,1.0,0.03269853152781285,0.6324175219629027
2021-02-22,1.0,0.03112498922958779,0.6073142630555155
2021-02-23,1.0,0.03478771614577473,0.6198032990916577
2021-02-24,1.0,0.035072291223720686,0.6193509063149449
2021-02-25,1.0,0.05861207683206293,0.6479833871183613
2021-02-26,1.0,0.0806762629349597,0.6185836581345595
2021-03-01,1.0,0.08677358279068778,0.6124946730244302
2021-03-02,1.0,0.0887285499030894,0.5964241454129623
2021-03-03,1.0,0.10316589598227233,0.6077135719299825
2021-03-04,1.0,0.11098370712914299,0.569054848377167
2021-03-05,1.0,0.1132730049375234,0.5786363682431
2021-03-08,1.0,0.1236418631071374,0.6028637999599398
2021-03-09,1.0,0.10173309993756623,0.5837209815958808
2021-03-10,1.0,0.0999870919077891,0.6109618017806879
2021-03-11,1.0,0.08255511489140421,0.5874537968074978
2021-03-12,1.0,0.0912593471222643,0.5325594803523598
2021-03-15,1.0,0.0922866862888944,0.5085960329910644
2021-03-16,1.0,0.08959003539126087,0.5287721998970929
2021-03-17,1.0,0.07899305365423595,0.4955399281401719
2021-03-18,1.0,0.08922340770941628,0.5063417546390886
2021-03-19,1.0,0.07311345502175598,0.5021967681534721
2021-03-22,1.0,0.07057927009219972,0.5186164815347482
2021-03-23,1.0,0.0729323632933398,0.5216994385450456
2021-03-24,1.0,0.04333052171394997,0.5155971213900388
2021-03-25,1.0,0.0263841614534289,0.5387539601335549
2021-03-26,1.0,0.018487701224328548,0.48722380149757766
2021-03-29,1.0,0.040550929748135865,0.5164915810961498
2021-03-30,1.0,0.05406284862194072,0.5271483784571587
2021-03-31,1.0,0.0409025759811281,0.4183289788889524
2021-04-01,1.0,0.02647577018716967,0.38774652298174744
2021-04-02,1.0,0.026016397222351346,0.3660522631783708
2021-04-05,1.0,0.028698092893113467,0.36822091946022023
2021-04-06,1.0,0.010046320011578774,0.3568952417438643
2021-04-07,1.0,0.018749052412698017,0.3832433899837035
2021-04-08,1.0,0.011977547520588975,0.3404516839548657
2021-04-09,1.0,0.024410103403447563,0.37007083258511253
2021-04-12,1.0,0.033634834050126995,0.38512725090797273
2021-04-13,1.0,0.029369616961820656,0.3565639775368192
2021-04-14,1.0,0.038110181945940215,0.3956132389454217
2021-04-15,1.0,0.021763156322652702,0.3479793491832205
2021-04-16,1.0,0.018047163400533132,0.34230221744382555
2021-04-19,1.0,0.01953468839793147,0.3573407631149234
2021-04-20,1.0,0.016119036079345613,0.357004925641696
2021-04-21,1.0,0.01898315644902861,0.34137035963048085
2021-04-22,1.0,0.025493720513465132,0.3758939709977129
2021-04-23,1.0,0.019235338436028055,0.3793545769158285
2021-04-26,1.0,0.01736657249829866,0.34447509686121386
2021-04-27,1.0,0.018544094830541754,0.339600597978344
2021-04-28,1.0,0.012588889972488148,0.34048126815026203
2021-04-29,1.0,0.01957005243516748,0.34685134460680356
2021-04-30,1.0,0.018646169645366584,0.3658850816178209
2021-05-03,1.0,0.0027465733867728967,0.3567149448999641
2021-05-04,1.0,0.011126446170138894,0.3935199640676076
2021-05-05,1.0,0.011393645032255142,0.34882732145494094
2021-05-06,1.0,0.00836223452921209,0.29128645194647573
2021-05-07,0.0,-0.009310763040524925,0.2954118425817775
2021-05-10,0.0,-0.012233842365036376,0.3193668042067251
2021-05-11,0.0,-0.01495937176800772,0.31213340755928254
2021-05-12,0.0,-0.0020760537635765752,0.3100021572028825
2021-05-13,0.0,-0.01251259441404801,0.3054089736672794
2021-05-14,0.0,-0.04464759808245599,0.3152143531721835
2021-05-17,0.0,-0.07640614556116183,0.35878712486635805
2021-05-18,0.0,-0.07830569142994533,0.37349720527999875
2021-05-19,0.0,-0.06563219054275499,0.3625636398994383
2021-05-20,0.0,-0.06866754851542449,0.35785894042846644
2021-05-21,0.0,-0.05520421223288798,0.345519381613321
2021-05-24,0.0,-0.05099389863309626,0.3458713070012475
2021-05-25,0.0,-0.06069834599325872,0.35048220154027515
2021-05-26,0.0,-0.059355456548297256,0.33028903519882286
2021-05-27,0.0,-0.0637688970029682,0.32590565018276146
2021-05-28,0.0,-0.06679951992339735,0.3252625189541404
2021-05-31,0.0,-0.053837423765191954,0.33654930438173425
2021-06-01,0.0,-0.05255054854133845,0.33029345977565483
2021-06-02,0.0,-0.06382780332635146,0.3279235622866626
2021-06-03,0.0,-0.042843200920891056,0.3498908982474691
2021-06-04,0.0,-0.04035770248897137,0.3263101546889695
2021-06-07,0.0,-0.04838448523807235,0.33506342558899754
2021-06-08,0.0,-0.04218159007604932,0.344128934048653
2021-06-09,0.0,-0.0404630917705539,0.3399311168766466
2021-06-10,0.0,-0.04828853584179721,0.3108857720900048
2021-06-11,0.0,-0.026953731566140966,0.3318028635633853
2021-06-14,0.0,-0.023286306044092594,0.33907845527039127
2021-06-15,0.0,-0.035266207311968195,0.3509432777159023
2021-06-16,0.0,-0.012596255480614578,0.431528324067384
2021-06-17,1.0,0.011718336555798736,0.41936291166140216
2021-06-18,1.0,0.0136999786600755,0.3989496884001942
2021-06-21,1.0,0.005861019300110254,0.36568243336153494
2021-06-22,1.0,0.014114555634776392,0.385680240463603
2021-06-23,1.0,0.008257870164486845,0.40278889846539495
2021-06-24,0.0,-0.01213166806443659,0.40478527613868903
2021-06-25,0.0,-0.014850141888447448,0.3920568022414272
2021-06-28,0.0,-0.008131962590067349,0.4023700106388982
2021-06-29,1.0,0.007598704673758665,0.419618699478712
2021-06-30,0.0,-0.0016395948786223,0.38930735020731816
2021-07-01,0.0,-0.019434422180497603,0.36332488865786955
2021-07-02,0.0,-0.021104027658528996,0.35396504167614296
2021-07-05,0.0,-0.02368221712473965,0.3567628858724068
2021-07-06,0.0,-0.035930923412154175,0.3424305428628271
2021-07-07,0.0,-0.044402618007554615,0.3850176825378471
2021-07-08,0.0,-0.025759791155427002,0.3945853976238775
2021-07-09,0.0,-0.02664328589344543,0.3887735498727041
2021-07-12,0.0,-0.020528859025254018,0.3792947459339447
2021-07-13,0.0,-0.026680090355460453,0.41003920969213026
2021-07-14,0.0,-0.036044605840601734,0.3467677871037706
2021-07-15,0.0,-0.041033829248959174,0.35937635465560525
2021-07-16,0.0,-0.03082095984328673,0.3892049515889158
2021-07-19,0.0,-0.03287075903426389,0.38969378560571016
2021-07-20,0.0,-0.02813140790451556,0.3957648077109113
2021-07-21,0.0,-0.006074887181649879,0.4131468483258062
2021-07-22,0.0,-0.006107669095826417,0.3995656170637783
2021-07-23,0.0,-0.019951324569544692,0.40912777205284134
2021-07-26,0.0,-0.018474634353133464,0.42315470502602054
2021-07-27,0.0,-0.016580401394101534,0.42658393824180446
2021-07-28,0.0,-0.013932691928174853,0.4178846501037181
2021-07-29,0.0,-0.026474775731080896,0.39998560191240545
2021-07-30,0.0,-0.012128486114752052,0.44043301337476787
2021-08-02,0.0,-0.0032645559841753655,0.43752053756007414
2021-08-03,0.0,-0.009659765336610174,0.4537157524309782
2021-08-04,0.0,-0.008511798349264623,0.43639099551882893
2021-08-05,0.0,-0.0031819660061043384,0.4685009992935528
2021-08-06,1.0,0.011363069511598748,0.6192732657513479
2021-08-09,1.0,0.03624749469089738,0.525192596345015
2021-08-10,1.0,0.033522946325571665,0.505476456855171
2021-08-11,1.0,0.011760799515326808,0.4977883463728134
2021-08-12,1.0,0.022261338198924636,0.5190130845264552
2021-08-13,1.0,0.021245621711444652,0.490868475844757
2021-08-16,1.0,0.020111969091709987,0.49946362138379763
2021-08-17,1.0,0.024594348051235088,0.5067494548902829
2021-08-18,1.0,0.03413634102418626,0.5172296138877434
2021-08-19,1.0,0.045354326634456876,0.5215951821813443
2021-08-20,1.0,0.04613755109309322,0.5160016799803017
2021-08-23,1.0,0.031341361208960174,0.4930452510378655
2021-08-24,1.0,0.026298934378535456,0.5116970895969369
2021-08-25,1.0,0.042059079534451496,0.5157728392804518
2021-08-26,1.0,0.036648939346899334,0.5088388580912835
2021-08-27,1.0,0.015651541140004745,0.5173382321441109
2021-08-30,0.0,-0.002727557196851339,0.5487863092953638
2021-08-31,0.0,-0.014350242065830639,0.5450519646617156
2021-09-01,0.0,-0.014116360677834353,0.557193911327789
2021-09-02,0.0,-0.011314004518638744,0.5282261924488394
2021-09-03,0.0,-0.01972382508967725,0.4868473449360182
2021-09-06,0.0,-0.0215655679356463,0.4934278057768334
2021-09-07,0.0,-0.011143740972663517,0.39862175677064426
2021-09-08,0.0,-0.003843141985079166,0.377353153532522
2021-09-09,0.0,-0.014424606448833024,0.32849487852136217
2021-09-10,0.0,-0.0026271949235179962,0.34856020673237437
2021-09-13,0.0,-0.008347210210117518,0.3484795359203229
2021-09-14,0.0,-0.011420756981556533,0.33414108472181747
2021-09-15,0.0,-0.005927567041049323,0.3466935766079398
2021-09-16,1.0,0.012319287809908484,0.4052436096156318
2021-09-17,1.0,0.01602549464357379,0.3887973474770256
2021-09-20,1.0,0.012882192172493652,0.3796457852341089
2021-09-21,0.0,-0.002088836659498261,0.35267753501376625
2021-09-22,1.0,0.005280047120889497,0.34916846288578984
2021-09-23,1.0,0.0320253918834568,0.3728275622637104
2021-09-24,1.0,0.027035041978797456,0.3751047096318512
2021-09-27,1.0,0.023090411934196496,0.3842465776601194
2021-09-28,1.0,0.031361817335765214,0.42005240706586633
2021-09-29,1.0,0.04425733759669906,0.4242548594568104
2021-09-30,1.0,0.029193936548820205,0.3678936416039222
2021-10-01,1.0,0.023158604699926005,0.40230631649211696
2021-10-04,1.0,0.023326496681814,0.4038263449659769
2021-10-05,1.0,0.026010396203537903,0.4116071123097232
2021-10-06,1.0,0.023398625240713823,0.4043651872686341
2021-10-07,1.0,0.032960660783601145,0.4154994663265264
2021-10-08,1.0,0.0405033792436809,0.4056795692822026
2021-10-11,1.0,0.026686795219786442,0.4245702565185343
2021-10-12,1.0,0.03055208183046278,0.4092302458722546
2021-10-13,1.0,0.009766715396031429,0.34143147321931255
2021-10-14,0.0,-0.00269477003234536,0.37463145721285424
2021-10-15,1.0,0.016543844278578128,0.42201122140061825
2021-10-18,1.0,0.020644269000721447,0.4232854364531857
2021-10-19,1.0,0.029249324103099786,0.4134097040873486
2021-10-20,1.0,0.02444797803614312,0.4073138288418155
2021-10-21,1.0,0.02224752782081566,0.4113031483884388
2021-10-22,1.0,0.014198937232402805,0.39320719502214696
2021-10-25,1.0,0.0061391339361175435,0.3708818235756259
2021-10-26,1.0,0.0114857215727924,0.4025331897147684
2021-10-27,1.0,0.02415341882815283,0.3957255244328495
2021-10-28,1.0,0.0226160983444782,0.4179096003332227
2021-10-29,1.0,0.028563947245032723,0.4041918526065124
2021-11-01,1.0,0.027271249190457675,0.3838074130415441
2021-11-02,1.0,0.03328001700977978,0.38968354875174643
2021-11-03,1.0,0.026875327787183774,0.40418321303778726
2021-11-04,1.0,0.0029089746156075037,0.380605027927543
2021-11-05,0.0,-0.014556108985756981,0.35878025939337327
2021-11-08,0.0,-0.014788206678146183,0.369967653786932
2021-11-09,0.0,-0.01696073383370137,0.37062636115258185
2021-11-10,0.0,-0.023427373230244127,0.4175222524493081
2021-11-11,0.0,-0.031140005490435118,0.46706319006435865
2021-11-12,0.0,-0.031154828369859,0.4701833594053347
2021-11-15,0.0,-0.0228676692675737,0.4830076342273839
2021-11-16,0.0,-0.01350934438875902,0.472948591170729
2021-11-17,0.0,-0.018306986643690466,0.4687367145029532
2021-11-18,0.0,-0.01743591337372272,0.4845431351108602
2021-11-19,1.0,0.007163302191013077,0.5025700201188861
2021-11-22,1.0,0.03633169729085829,0.5105290911618297
2021-11-23,1.0,0.03562566820467415,0.503092741632594
2021-11-24,1.0,0.04453189788285199,0.5099531681014683
2021-11-25,1.0,0.05957093329941604,0.5161974908969362
2021-11-26,1.0,0.05756938343509936,0.5012048197045927
2021-11-29,1.0,0.06468087603529632,0.5060956228896879
2021-11-30,1.0,0.06764639606124158,0.4739382335566968
2021-12-01,1.0,0.068905379283263,0.4694452944174393
2021-12-02,1.0,0.0738287316472965,0.48804815368991805
2021-12-03,1.0,0.05788265506541671,0.4821185725331478
2021-12-06,1.0,0.07067964786844919,0.4738998637974505
2021-12-07,1.0,0.08673538772220615,0.4645040057358707
2021-12-08,1.0,0.07857648113017825,0.4672289049133809
2021-12-09,1.0,0.08664483776237797,0.43650082563504555
2021-12-10,1.0,0.10042024841865148,0.42719941319640997
2021-12-13,1.0,0.11174213474578958,0.4274564473748549
2021-12-14,1.0,0.14670041574748943,0.4322648700671358
2021-12-15,1.0,0.11406600320981053,0.42648052642009254
2021-12-16,1.0,0.10430598709450978,0.38462040434398853
2021-12-17,1.0,0.1006076801728542,0.43075742223921926
2021-12-20,1.0,0.08543244767847713,0.43798021049691077
2021-12-21,1.0,0.06962362919762166,0.41898831126903974
2021-12-22,1.0,0.06633751176155084,0.4451085821451071
2021-12-23,1.0,0.07152950957607755,0.4964653702185328
2021-12-24,1.0,0.0641072860413273,0.5267804898623901
2021-12-27,1.0,0.06637608200883893,0.5335548604461888
2021-12-28,1.0,0.06173033647473634,0.5321902558764304
2021-12-29,1.0,0.07421596242013533,0.543078176989427
2021-12-30,1.0,0.07562376575959202,0.531983209091756
2021-12-31,1.0,0.0678646267066491,0.5035750995583242
2022-01-03,1.0,0.06526360783232003,0.5462947906674169
2022-01-04,1.0,0.05627456653209896,0.5408227452484665
2022-01-05,1.0,0.06553834986603879,0.5597202974417973
2022-01-06,1.0,0.07848885331793168,0.5957923217623011
2022-01-07,1.0,0.06929321095594554,0.5716294256018548
2022-01-10,1.0,0.07018350171281826,0.572052733935445
2022-01-11,1.0,0.05442055381664449,0.526886496650492
2022-01-12,1.0,0.052757470565854815,0.5301716837579008
2022-01-13,1.0,0.05724681642660479,0.5475898109668846
2022-01-14,1.0,0.06856731067431973,0.5642614377939039
2022-01-17,1.0,0.07161462895011515,0.5565360984443629
2022-01-18,1.0,0.08104148739336645,0.5618417144090793
2022-01-19,1.0,0.0719004378600899,0.498766496719301
2022-01-20,1.0,0.07051696591719947,0.5280022401504062
2022-01-21,1.0,0.0735361994793161,0.5330823444064835
2022-01-24,1.0,0.07125233802604557,0.5285557416926517
2022-01-25,1.0,0.05362636788539713,0.5191756433794266
2022-01-26,1.0,0.07297125890762989,0.5553746680025572
2022-01-27,1.0,0.08176566496678009,0.5782853693212112
2022-01-28,1.0,0.07511240289339136,0.5766504566022167
2022-01-31,1.0,0.05451061623027623,0.558929740859747
2022-02-01,1.0,0.056250737088919235,0.5567842676207979
2022-02-02,1.0,0.04296096577260539,0.5596378549515102
2022-02-03,1.0,0.04866455273714876,0.5643540841176313
2022-02-04,1.0,0.04758865251391657,0.5662992451197117
2022-02-07,1.0,0.025796582144876297,0.5768561895455758
2022-02-08,1.0,0.029948011991163787,0.5895841680888142
2022-02-09,1.0,0.023328901247476094,0.5647525879132198
2022-02-10,1.0,0.030333455762840446,0.5189610036051351
2022-02-11,0.0,-0.002769592312818824,0.5126879506366034
2022-02-14,0.0,-0.017820754638273026,0.5494217358517037
2022-02-15,0.0,-0.0008743476682473004,0.5540320576507372
2022-02-16,0.0,-0.026085561497952714,0.5505643171796051
2022-02-17,0.0,-0.047246852242941915,0.617176591570854
2022-02-18,0.0,-0.039811054345457814,0.6328887745392504
2022-02-21,0.0,-0.04808639371659896,0.6461427923356574
2022-02-22,0.0,-0.04417606453667039,0.6359058565250496
2022-02-23,0.0,-0.035712405140284086,0.6373613324713069
2022-02-24,0.0,-0.030972691321250374,0.6054709076168642
2022-02-25,0.0,-0.019144869107624245,0.6262551141032685
2022-02-28,0.0,-0.022180929332604554,0.634975659894059
2022-03-01,0.0,-0.048468900495293475,0.5713005071482857
2022-03-02,0.0,-0.04166574656946824,0.5878417067030467
2022-03-03,0.0,-0.0437453343808735,0.5802565803560584
2022-03-04,0.0,-0.06036145849671199,0.5310982057099454
2022-03-07,0.0,-0.08390213325004724,0.5090442113558636
2022-03-08,0.0,-0.10495477757959401,0.4336575750502367
2022-03-09,0.0,-0.06381229132588105,0.48970209181669944
2022-03-10,0.0,-0.07611747612844913,0.465410937534167
2022-03-11,0.0,-0.07632228490307912,0.471170990045642
2022-03-14,0.0,-0.05167387506107545,0.5041986518058224
2022-03-15,0.0,-0.03427021726330616,0.5259380310645999
2022-03-16,0.0,-0.04185805678055732,0.4918461512049938
2022-03-17,0.0,-0.03728169033051455,0.4841439446245289
2022-03-18,0.0,-0.054590584970205705,0.48973504001349266
2022-03-21,0.0,-0.0682550546533923,0.4853295223239661
2022-03-22,0.0,-0.04664692849946664,0.5052132956077812
2022-03-23,0.0,-0.04547912826410776,0.4678826589582645
2022-03-24,0.0,-0.061669974628714756,0.4762756512416201
2022-03-25,0.0,-0.06294029480440543,0.4704209497122879
2022-03-28,0.0,-0.04782110995547724,0.4594648231798792
2022-03-29,0.0,-0.04340248402749213,0.4475112241485831
2022-03-30,0.0,-0.05872745588127081,0.4435117690527487
2022-03-31,0.0,-0.0590168360563445,0.4454740270810891
2022-04-01,0.0,-0.054520247677406895,0.4563096116669001
2022-04-04,0.0,-0.060149265168740154,0.45597773323479035
2022-04-05,0.0,-0.05663555240007464,0.4877298064558417
2022-04-06,0.0,-0.06325615351424141,0.4826154351692408
2022-04-07,0.0,-0.06373846540041084,0.4930608658789993
2022-04-08,0.0,-0.0744595139542235,0.5053343932164078
2022-04-11,0.0,-0.10194578152942167,0.48223776926048745
2022-04-12,0.0,-0.12328666476192557,0.45459142699009536
2022-04-13,0.0,-0.12791612822816853,0.46546028980054316
2022-04-14,0.0,-0.12467240159203838,0.4921416444045133
2022-04-15,0.0,-0.1298336763705816,0.4953121817134503
2022-04-18,0.0,-0.13703480342328955,0.5080605282392663
2022-04-19,0.0,-0.11652051641010863,0.504000099122391
2022-04-20,0.0,-0.1352843203289467,0.4918892595914252
2022-04-21,0.0,-0.1327117268695595,0.4859806732369197
2022-04-22,0.0,-0.12212596887777838,0.48383238020102065
2022-04-25,0.0,-0.10328964919058065,0.5096701293191732
2022-04-26,0.0,-0.1167337726672998,0.4975096443900013
2022-04-27,0.0,-0.09298912919450465,0.5130769709768838
2022-04-28,0.0,-0.09285001416454512,0.4910117275503907
2022-04-29,0.0,-0.09751609081630967,0.5004397470467733
2022-05-03,0.0,-0.08414862013859917,0.5105860848606354
2022-05-04,0.0,-0.08165654087682557,0.49671582367573863
2022-05-05,0.0,-0.06676855711277545,0.4937187915306421
2022-05-06,0.0,-0.06451933198274275,0.5408430734852133
2022-05-09,0.0,-0.04472919322139007,0.5541902285170751
2022-05-10,0.0,-0.043359862316835196,0.5098969830824572
2022-05-11,0.0,-0.048194769098048575,0.504887534737763
2022-05-12,0.0,-0.016942050675924747,0.48555220959930984
2022-05-13,0.0,-0.020059823707156903,0.48083084085014477
2022-05-16,0.0,-0.01940625907643174,0.47845770634993356
2022-05-17,0.0,-0.011142330970036958,0.4883045359810208
2022-05-18,0.0,-0.013609392813768542,0.48377964868911216
2022-05-19,0.0,-0.028684665352586427,0.48396953056626935
2022-05-20,0.0,-0.02399868663495506,0.5043125001281946
2022-05-23,0.0,-0.040614092890787656,0.5002861818151626
2022-05-24,0.0,-0.05014366169251788,0.49438716972111496
2022-05-25,0.0,-0.05065445551931134,0.5213250526089267
2022-05-26,0.0,-0.050871761623349526,0.499496743480387
2022-05-27,0.0,-0.05884138318938342,0.5019270677402549
2022-05-30,0.0,-0.06662819062614879,0.5238267771851995
2022-05-31,0.0,-0.04966544504185155,0.5290398920673604
2022-06-01,0.0,-0.05295125547566764,0.4949041514800017
2022-06-02,0.0,-0.06062796728825512,0.4579277010894312
2022-06-03,0.0,-0.06301426840496932,0.5052024278987484
2022-06-06,0.0,-0.0559563729001833,0.4962711816626609
2022-06-07,0.0,-0.07189420507577438,0.46779421554724143
2022-06-08,0.0,-0.08034493498315362,0.46143048237192097
2022-06-09,0.0,-0.08495255867356782,0.4685792883747051
2022-06-10,0.0,-0.08893729655970098,0.4300245652637639
2022-06-13,0.0,-0.06199365755470558,0.5170454215741467
2022-06-14,0.0,-0.06027722945920243,0.5190639517415984
2022-06-15,0.0,-0.06499731327714463,0.4854029662912582
2022-06-16,0.0,-0.08333946384754312,0.4815626234914303
2022-06-17,0.0,-0.06987085972720783,0.5320343740606381
2022-06-20,0.0,-0.06411973674830099,0.5220644340453245
2022-06-21,0.0,-0.07398491744206524,0.5173815748677838
2022-06-22,0.0,-0.07959185586248313,0.5081153626883032
2022-06-23,0.0,-0.09034120236253032,0.5386135445974294
2022-06-24,0.0,-0.0868440013824962,0.5354178905946905
2022-06-27,0.0,-0.0842384459990422,0.5235651266219803
2022-06-28,0.0,-0.08886274871836514,0.5162269572008411
2022-06-29,0.0,-0.08235821424024709,0.5188876038202536
2022-06-30,0.0,-0.07813656160869392,0.5448880065221793
2022-07-01,0.0,-0.09676943626708823,0.522623165048627
2022-07-04,0.0,-0.10819698478797095,0.5271339530208144
2022-07-05,0.0,-0.07991517924515146,0.5136502510815126
2022-07-06,0.0,-0.046451532897309696,0.4653207710735994
2022-07-07,0.0,-0.0468262531546448,0.43976171917396684
2022-07-08,0.0,-0.04782827710996074,0.4449422129574042
2022-07-11,0.0,-0.020155630771046137,0.4212785302376244
2022-07-12,1.0,0.00044040865998951035,0.3898523918575606
2022-07-13,0.0,-0.011341202990312839,0.37487737751341255
2022-07-14,1.0,0.0016142430912596893,0.4100132446363016
2022-07-15,0.0,-0.007704988142980348,0.4070026456143249
2022-07-18,0.0,-0.023960830551538862,0.39942243891322005
2022-07-19,0.0,-0.02676933504140795,0.3735997498853752
2022-07-20,0.0,-0.01314046583839172,0.3982499797488175
2022-07-21,0.0,-0.030711826609319585,0.36944154134210855
2022-07-22,0.0,-0.049264672341008245,0.38148966518475996
2022-07-25,0.0,-0.04095503545452957,0.38550844504331033
2022-07-26,0.0,-0.038689517383277354,0.37399010576756664
2022-07-27,0.0,-0.062086522821959096,0.36802695305881317
2022-07-28,0.0,-0.07535508475017287,0.34988826880943397
2022-07-29,0.0,-0.06318200486435134,0.33800236690715957
2022-08-01,0.0,-0.07172399271151457,0.34692984444608344
2022-08-02,0.0,-0.06296400376511349,0.3470969861051035
2022-08-03,0.0,-0.05852856582495694,0.3438971609468132
2022-08-04,0.0,-0.07402293043383505,0.30539865078761813
2022-08-05,0.0,-0.07632677532820922,0.34188548976435856
2022-08-08,0.0,-0.09082190251841059,0.3328428360749857
2022-08-09,0.0,-0.0851937331978965,0.3336316086437738
2022-08-10,0.0,-0.09148004229281866,0.3558016613248739
2022-08-11,0.0,-0.09379145791864743,0.3694990462419718
2022-08-12,0.0,-0.06927752114184274,0.35674744548403475
2022-08-15,0.0,-0.060225991089425224,0.39460966487224797
2022-08-16,0.0,-0.036308820531013766,0.3971984399994681
2022-08-17,0.0,-0.03187817331743265,0.3911500283832938
2022-08-18,0.0,-0.001543071838161034,0.40929342787088324
2022-08-19,1.0,0.013779019297664431,0.4281999106299009
2022-08-22,1.0,0.02001834790832998,0.4398948173644978
2022-08-23,1.0,0.01757565115379798,0.39847017266317714
2022-08-24,1.0,0.01302386221528535,0.4140908106478262
2022-08-25,1.0,0.0009095560856720929,0.4247943024065856
2022-08-26,1.0,0.007489133949033393,0.44018074885326836
2022-08-29,0.0,-0.0024912139295534615,0.41251945970183446
2022-08-30,1.0,0.009297557808821749,0.45430814240709616
2022-08-31,1.0,0.02260928921139599,0.47577531179373755
2022-09-01,1.0,0.03286849515334582,0.5054348706875949
2022-09-02,1.0,0.02423882047992037,0.45794107268304046
2022-09-05,1.0,0.018037513615487645,0.4445467569824231
2022-09-06,1.0,0.02759950714918889,0.444311406372739
2022-09-07,1.0,0.02869026319497131,0.4222982013650765
2022-09-08,1.0,0.053605623400097356,0.43418196067506987
2022-09-09,1.0,0.046231467899566774,0.4233659466552059
2022-09-12,1.0,0.025370007770282775,0.41534215557702125
2022-09-13,1.0,0.039503278768688505,0.4357773804819304
2022-09-14,1.0,0.0508925069527654,0.43181954624477525
2022-09-15,1.0,0.0716200795816934,0.4684256237712688
2022-09-16,1.0,0.07095189963375811,0.4452136239172403
2022-09-19,1.0,0.06120728037044582,0.4433044410834513
2022-09-20,1.0,0.08409183666809812,0.45141819241952025
2022-09-21,1.0,0.0767465922606153,0.43176760086794463
2022-09-22,1.0,0.061056441096748924,0.4335565441426498
2022-09-23,1.0,0.08677264454620723,0.47505046870007595
2022-09-26,1.0,0.09710779970268896,0.4990864336405786
2022-09-27,1.0,0.10922575655510719,0.4424487655853911
2022-09-28,1.0,0.08907826044489692,0.4056467907055533
2022-09-29,1.0,0.07649271813553139,0.4077857957304184
2022-09-30,1.0,0.07924413011294001,0.41563614853746134
2022-10-03,1.0,0.05596021482207862,0.37912394090251256
2022-10-04,1.0,0.049312828722402675,0.36954608236801423
2022-10-05,1.0,0.050126977483704226,0.41069523766932214
2022-10-06,1.0,0.057914052382333846,0.3970211928040362
2022-10-07,1.0,0.0728684610767635,0.4030668474949163
2022-10-10,1.0,0.09733288750299675,0.4241639939874453
2022-10-11,1.0,0.10697385937701956,0.41799686774863004
2022-10-12,1.0,0.09101434419256282,0.4149435128000052
2022-10-13,1.0,0.11289854165243679,0.4097880669242971
2022-10-14,1.0,0.12978690432280107,0.4443986290716903
2022-10-17,1.0,0.1283772978109861,0.4357572446006938
2022-10-18,1.0,0.12677591827450888,0.44455243380794224
2022-10-19,1.0,0.15200188559008657,0.4702103788173686
2022-10-20,1.0,0.164726897478568,0.46472154003481564
2022-10-21,1.0,0.14591480199867363,0.41256237112120137
2022-10-24,1.0,0.14564574144738568,0.42480337355429754
2022-10-25,1.0,0.14144955564465922,0.4207945908605915
2022-10-26,1.0,0.1489094094620763,0.41775202681083495
2022-10-27,1.0,0.14638540459674348,0.4342176768872279
2022-10-28,1.0,0.16051607369433435,0.4401823244024453
2022-10-31,1.0,0.17050114157905177,0.46999502106347885
2022-11-01,1.0,0.16646463743268533,0.45857139511498096
2022-11-02,1.0,0.1653077302452987,0.4656640571126627
2022-11-03,1.0,0.16790094675393086,0.4787655636159051
2022-11-04,1.0,0.13433547759764483,0.4202222337943629
2022-11-07,1.0,0.14038350479967202,0.4355824653915957
2022-11-08,1.0,0.13014329539293246,0.3263494205222965
2022-11-09,1.0,0.11397942253570931,0.36872537459345994
2022-11-10,1.0,0.06043662672654083,0.2830057034730642
2022-11-11,1.0,0.052789184354855974,0.3354489680837716
2022-11-14,1.0,0.05584756069378191,0.34431900897324713
2022-11-15,1.0,0.052757742193879374,0.38004270892519537
2022-11-16,1.0,0.04840750622269705,0.38026830855194177
2022-11-17,1.0,0.0580791280484912,0.39423342280325857
2022-11-18,1.0,0.05726492362546134,0.41873879903774064
2022-11-21,1.0,0.06507009175855606,0.4221936339300115
2022-11-22,1.0,0.053658718970173734,0.4261583617081086
2022-11-23,1.0,0.04854716990718908,0.40283780824854665
2022-11-24,1.0,0.04870383602306357,0.4167628107892187
2022-11-25,1.0,0.048207466894581684,0.41885360034165764
2022-11-28,1.0,0.05254416316954855,0.4162093956324584
2022-11-29,1.0,0.042256655998950635,0.40255802959009024
2022-11-30,1.0,0.02988390036261,0.38065315596648197
2022-12-01,1.0,0.004080429316937439,0.3629090096734084
2022-12-02,1.0,0.010765062392577095,0.39174055781940736
2022-12-05,1.0,0.03243040296290775,0.39998434807680266
2022-12-06,1.0,0.03643420534818511,0.3916701628738207
2022-12-07,1.0,0.027507948197921135,0.3483889951169341
2022-12-08,1.0,0.03690423282148532,0.36517301798513796
2022-12-09,1.0,0.027090473409941036,0.36582155163136065
2022-12-12,1.0,0.017922254865945977,0.3692859943934056
2022-12-13,1.0,0.0015450495282128165,0.33696545425381635
2022-12-14,1.0,0.012127160512044948,0.37063105272056607
2022-12-15,1.0,0.049891366359332175,0.3978740488776774
2022-12-16,1.0,0.06510116643433111,0.355814567711267
2022-12-19,1.0,0.06316679801051035,0.3403255254150008
2022-12-20,1.0,0.054129073250395406,0.3170349420177758
2022-12-21,1.0,0.05619169656621155,0.35197728897386493
2022-12-22,1.0,0.10398819817476487,0.3614000322608218
2022-12-23,1.0,0.09563033781909462,0.3582512210151379
2022-12-26,1.0,0.07634941256792273,0.35580164675833753
2022-12-27,1.0,0.08268208677020913,0.33828599167279955
2022-12-28,1.0,0.09958444271673624,0.3508980215663421
2022-12-29,1.0,0.08643805201995668,0.32660970069981293
2022-12-30,1.0,0.07058440072302866,0.3219687860285201
2023-01-03,1.0,0.07030793897857629,0.29148211784757133
2023-01-04,1.0,0.05758889844733559,0.3054760858293245
2023-01-05,1.0,0.07729091662668326,0.336197985649422
2023-01-06,1.0,0.053764926302327765,0.31012755992152413
2023-01-09,1.0,0.058478596958612065,0.3300729969701993
2023-01-10,1.0,0.0734675515407505,0.33850811083422117
2023-01-11,1.0,0.0746258503877556,0.36056119766522104
2023-01-12,1.0,0.056724818389423184,0.3468852697814348
2023-01-13,1.0,0.04482875718900483,0.36357286406083605
2023-01-16,1.0,0.03756262094402168,0.3988877952459185
2023-01-17,1.0,0.04863543146986123,0.3998564617757853
2023-01-18,1.0,0.05662130359683763,0.4054235039769426
2023-01-19,1.0,0.05413478618710941,0.40742653281709784
2023-01-20,1.0,0.03977995067322078,0.431027538898187
2023-01-23,1.0,0.03266282766200429,0.4196584507045912
2023-01-24,1.0,0.034329097504654314,0.41569713615047027
2023-01-25,1.0,0.024730467405627673,0.4281312064783519
2023-01-26,1.0,0.03829637496961144,0.42852681382212143
2023-01-27,1.0,0.028437537686091915,0.4348285137469348
2023-01-30,1.0,0.033743807794213446,0.4403447188736255
2023-01-31,1.0,0.035122797352762296,0.4293455220234168
2023-02-01,1.0,0.0195646106703943,0.4303019646038953
2023-02-02,1.0,0.03852054572833444,0.45624122761909996
2023-02-03,1.0,0.06473623337308383,0.4915152951582768
2023-02-06,1.0,0.05963082484901248,0.48604688538629204
2023-02-07,1.0,0.07369366836698749,0.48636663333340774
2023-02-08,1.0,0.08343258723713133,0.4919576750404503
2023-02-09,1.0,0.09620245475447904,0.4846983465743593
2023-02-10,1.0,0.07774947055894652,0.46001960512320683
2023-02-13,1.0,0.08612800139413049,0.46624278821218973
2023-02-14,1.0,0.09255760547630024,0.441772001229702
2023-02-15,1.0,0.10041312642413429,0.4761344232650957
2023-02-16,1.0,0.09264605901645427,0.46158990828705143
2023-02-17,1.0,0.08772783770449727,0.43429120404430543
2023-02-20,1.0,0.09078636020866629,0.43978438782257423
2023-02-21,1.0,0.08050963251257087,0.44360579636619574
2023-02-22,1.0,0.08209390753586887,0.48807361147117345
2023-02-23,1.0,0.07155832480822741,0.48392692736515663
2023-02-24,1.0,0.09052845811307475,0.5092745708709102
2023-02-27,1.0,0.08173749928270194,0.5478643169953258
2023-02-28,1.0,0.07788051732447224,0.5280867179859641
2023-03-01,1.0,0.0635578084077741,0.554521007553208
2023-03-02,1.0,0.055647156596379255,0.58886892695593
2023-03-03,1.0,0.04750536148101377,0.5601133084885398
2023-03-06,1.0,0.05163172264872789,0.5762539400357644
2023-03-07,1.0,0.07711482606851029,0.5832270648072173
2023-03-08,1.0,0.07874060978809871,0.5826508565519466
2023-03-09,1.0,0.07759233901866659,0.5558385108644163
2023-03-10,1.0,0.0423638891080429,0.5250359688426314
2023-03-13,1.0,0.024861262379668944,0.4600095920543175
2023-03-14,1.0,0.030651957207144403,0.5174614387952812
2023-03-15,1.0,0.011298383449745212,0.5075255965703013
2023-03-16,1.0,0.023750929769951173,0.5305628927193283
2023-03-17,0.0,-0.01417903214703289,0.5503078048558814
2023-03-20,0.0,-0.010560651078842022,0.5955004824279627
2023-03-21,1.0,0.001890160144750454,0.58712077893091
2023-03-22,0.0,-0.014014274083520007,0.5673671447038676
2023-03-23,0.0,-0.01793293264020751,0.572297227203904
2023-03-24,0.0,-0.010605393918509476,0.613679998831151
2023-03-27,0.0,-0.003579836917795041,0.6269398325898787
2023-03-28,0.0,-0.01894205342484935,0.6109250320956866
2023-03-29,0.0,-0.01636010463593599,0.6421937491484987
2023-03-30,0.0,-0.03402104507259411,0.622775363069782
2023-03-31,0.0,-0.02482647777765946,0.6624211535515112
2023-04-03,0.0,-0.031247743450343778,0.6334787816575722
2023-04-04,0.0,-0.054120587011848055,0.5779376592194485
2023-04-05,0.0,-0.05792609843501766,0.5864809100123689
2023-04-06,0.0,-0.05080574395181041,0.6010321143356084
2023-04-07,0.0,-0.044848555259110474,0.5952865123131643
2023-04-10,0.0,-0.03568703427352694,0.6005358740793247
2023-04-11,0.0,-0.03997375456719235,0.5860277845172385
2023-04-12,0.0,-0.0509119409963279,0.5766676156815892
2023-04-13,0.0,-0.06532669916269888,0.5399510581425655
2023-04-14,0.0,-0.04003864538840856,0.5914273106858517
2023-04-17,0.0,-0.0359054147130601,0.5901407265392666
2023-04-18,0.0,-0.036929274210057254,0.5836489937601191
2023-04-19,0.0,-0.018863184028345865,0.6063239371409025
2023-04-20,0.0,-0.022272747974538275,0.5961576698438616
2023-04-21,0.0,-0.014313604357587885,0.6124853626571771
2023-04-24,0.0,-0.01740973567133042,0.5821052179810399
2023-04-25,0.0,-0.009368103489206876,0.5844990197165834
2023-04-26,0.0,-0.006406559607642444,0.6004973554851191
2023-04-27,0.0,-0.009240509373236607,0.6003898456466898
2023-04-28,0.0,-0.014484019088078675,0.5344138489107041
2023-05-01,0.0,-0.013998038709048574,0.5463418070929449
2023-05-02,0.0,-0.025791835521112694,0.5251841465150358
2023-05-03,0.0,-0.03328378892275364,0.5192947195420914
2023-05-04,0.0,-0.052079118359500395,0.5129747949423257
2023-05-05,0.0,-0.028590195032392886,0.5365191361586595
2023-05-08,0.0,-0.027932183242416038,0.5296497389631315
2023-05-09,0.0,-0.04540635682342868,0.5403596629650579
2023-05-10,0.0,-0.048126916989994495,0.5421289113065809
2023-05-11,0.0,-0.040920452739093116,0.5537592358168228
2023-05-12,0.0,-0.03435957441499642,0.5402335944183261
2023-05-15,0.0,-0.04036530226606328,0.5293154405754018
2023-05-16,0.0,-0.03263395032637734,0.555764388935507
2023-05-17,0.0,-0.03474493667309699,0.5472742943817565
2023-05-18,0.0,-0.023215203691779998,0.5933166377155389
2023-05-19,0.0,-0.03508987780133895,0.5612325366876415
2023-05-22,0.0,-0.033385168657002445,0.5655413613059623
2023-05-23,0.0,-0.03772201906821654,0.5598420701051255
2023-05-24,0.0,-0.033956181413833386,0.5551635703717767
2023-05-25,0.0,-0.02689377282171229,0.5566671581902765
2023-05-26,0.0,-0.029848136176805817,0.5506540694245762
2023-05-29,0.0,-0.025878446308775428,0.5427168140986526
2023-05-30,0.0,-0.03185868345879123,0.5142424854407567
2023-05-31,0.0,-0.024187075893132248,0.5220841068111696
2023-06-01,0.0,-0.031003744356108122,0.5602350678007162
2023-06-02,0.0,-0.017320866218631895,0.6239579817794283
2023-06-05,0.0,-0.02137575655773057,0.6103568701858756
2023-06-06,0.0,-0.013203796538357309,0.6462222821160469
2023-06-07,1.0,0.001319050680999649,0.6536765239051033
2023-06-08,0.0,-0.012928189897377554,0.682336942249631
2023-06-09,0.0,-0.01061829836283888,0.6839782450679203
2023-06-12,0.0,-0.009770099715442139,0.6990198667762182
2023-06-13,0.0,-0.009154340102567,0.6978929326123271
2023-06-14,0.0,-0.01336777633770198,0.6964357844942165
2023-06-15,0.0,-0.019697395487265346,0.6908872486101784
2023-06-16,0.0,-0.020323133626799394,0.6959845531259021
2023-06-19,0.0,-0.013954519801433087,0.694797491181358
2023-06-20,0.0,-0.011815825210642467,0.7098400464718109
2023-06-21,0.0,-0.012677451204099622,0.6905844767225251
2023-06-22,0.0,-0.0013387442906453667,0.6992539449179103
2023-06-23,1.0,0.001722241003453907,0.6748653244397292
2023-06-26,1.0,0.005258993620848141,0.6810966040636015
2023-06-27,1.0,0.009053319967955352,0.6851787369619288
2023-06-28,1.0,0.011870240744675443,0.6812037339075622
2023-06-29,1.0,0.0058217176963120685,0.6836971782061645
2023-06-30,1.0,0.0027679230166973746,0.6728027504462282
2023-07-03,0.0,-0.0032010370740578136,0.6778274416306187
2023-07-04,0.0,-0.012841872253576525,0.6802829418389544
2023-07-05,0.0,-0.021129423741985048,0.6837538922237033
2023-07-06,0.0,-0.02451948723298253,0.6882391256148072
2023-07-07,0.0,-0.04046920624475002,0.677408992794754
2023-07-10,0.0,-0.051584617674342456,0.6851517358143213
2023-07-11,0.0,-0.05833102281877966,0.678638734888485
2023-07-12,0.0,-0.07225424338510378,0.663913953232279
2023-07-13,0.0,-0.07434541118844093,0.6742773327747436
2023-07-14,0.0,-0.06453374633271583,0.6800338630110302
2023-07-17,0.0,-0.04923916687291046,0.6821605034454125
2023-07-18,0.0,-0.061768934989949446,0.6509792290182792
2023-07-19,0.0,-0.05315417668391155,0.6768356948319328
2023-07-20,0.0,-0.05249894063741411,0.6818429668604292
2023-07-21,0.0,-0.01469689294215427,0.6934482916336818
2023-07-24,0.0,-0.018023808264072707,0.6953388878511724
2023-07-25,0.0,-0.021584108438206618,0.7002662215855445
2023-07-26,0.0,-0.012431776013397797,0.7165834262955648
2023-07-27,1.0,0.014515844035369709,0.7183560943604395
2023-07-28,1.0,0.011005410679066822,0.6955897139349196
2023-07-31,1.0,0.004028259100147261,0.6965196365281952
2023-08-01,1.0,0.013540303438260903,0.7213237766264331
2023-08-02,1.0,0.023085633871871167,0.7138341817992689
2023-08-03,1.0,0.025931462408585196,0.6888533055059283
2023-08-04,1.0,0.0320690789655576,0.6887119850913875
2023-08-07,1.0,0.030319225578820146,0.6480624020307956
2023-08-08,1.0,0.030076185263256304,0.6636847015015452
2023-08-09,1.0,0.035315089444070365,0.7008859097725625
2023-08-10,1.0,0.03766284731326669,0.6784375158158356
2023-08-11,1.0,0.040485719192919385,0.6742887975047214
2023-08-14,1.0,0.03647459212637436,0.6910836400943682
2023-08-15,1.0,0.03493789336870172,0.6779681675705599
2023-08-16,1.0,0.030239142774643943,0.6452154080478102
2023-08-17,1.0,0.03603028547444859,0.6283962288255599
2023-08-18,1.0,0.025738228886157722,0.6343374508675841
2023-08-21,1.0,0.02672569311596185,0.6205030436190423
2023-08-22,1.0,0.034126968134068084,0.6241938916875196
2023-08-23,1.0,0.022595774668859668,0.6011451407335685
2023-08-24,1.0,0.033090726242332495,0.6055988514613329
2023-08-25,1.0,0.0339884278160398,0.600118824669755
2023-08-28,1.0,0.029724911859862792,0.6173808006999648
2023-08-29,1.0,0.030874668179052267,0.5869497111118963
2023-08-30,1.0,0.0241530627251687,0.572912754060794
2023-08-31,1.0,0.026665669400502384,0.5847378512822267
2023-09-01,1.0,0.03132272090427474,0.5875870278731457
2023-09-04,1.0,0.03824633787344477,0.6001588540605041
2023-09-05,1.0,0.05792220713520778,0.6200208146439781
2023-09-06,1.0,0.06445926784056813,0.6322756384233745
2023-09-07,1.0,0.05907469489548159,0.6349993844177486
2023-09-08,1.0,0.07703460775290534,0.6389688025870651
2023-09-11,1.0,0.05415429329285773,0.6438177824876888
2023-09-12,1.0,0.053939292263271967,0.6538023312094456
2023-09-13,1.0,0.05956957089411609,0.6567097836691481
2023-09-14,1.0,0.05963565533875928,0.6481048193773559
2023-09-15,1.0,0.0410935775948763,0.6295267848500797
2023-09-18,1.0,0.024740049555989078,0.6214231885506813
2023-09-19,1.0,0.0248889118819874,0.6081081698185091
2023-09-20,1.0,0.04940814597898913,0.6091141670136831
2023-09-21,1.0,0.05925601028320677,0.6289242344026097
2023-09-22,1.0,0.04808280825751146,0.6278964185348683
2023-09-25,1.0,0.05680002026565591,0.6483193744181883
2023-09-26,1.0,0.07102108313509425,0.6903698096679256
2023-09-27,1.0,0.08051080803771303,0.7040041500895974
2023-09-28,1.0,0.09307009652944066,0.6658820617989638
2023-09-29,1.0,0.10487572443714886,0.6374316763990294
2023-10-02,1.0,0.1234018113285341,0.5958440793363635
2023-10-03,1.0,0.13095365610502488,0.57998707963961
2023-10-04,1.0,0.12591479231874356,0.5791208507151578
2023-10-05,1.0,0.12524023313428267,0.5849355674069493
2023-10-06,1.0,0.11632558629837968,0.5888247023565594
2023-10-09,1.0,0.09250204808055543,0.5806044169298882
2023-10-10,1.0,0.09401105398794453,0.5947763179387695
2023-10-11,1.0,0.087650945919312,0.5783834765184983
2023-10-12,1.0,0.08188091966773445,0.5836128649866799
2023-10-13,1.0,0.049216387504590155,0.5952340768404168
2023-10-16,1.0,0.05307331152559912,0.6232289087796969
2023-10-17,1.0,0.05368308528743927,0.6213166051279084
2023-10-18,1.0,0.05072890394152317,0.5802041650758
2023-10-19,1.0,0.03980022092448622,0.5652002918466572
2023-10-20,1.0,0.02362570928045084,0.6110397910897549
2023-10-23,1.0,0.016783079890893456,0.6286358373417844
2023-10-24,1.0,0.02626342499847411,0.5986474456563183
2023-10-25,1.0,0.024984617030421062,0.601713355982954
2023-10-26,1.0,0.01826732025436264,0.5980200605494451
2023-10-27,1.0,0.011407764080944346,0.6549515099528443
2023-10-30,1.0,0.009234178866331199,0.6274076261727962
2023-10-31,1.0,0.0184492286667871,0.6125981703176501
2023-11-01,1.0,0.017711169754560142,0.6106416270920867
2023-11-02,1.0,0.02360451860582248,0.6122186173639029
2023-11-03,1.0,0.022050873912023886,0.6092307892176784
2023-11-06,1.0,0.030662394883106896,0.6114664924740271
2023-11-07,1.0,0.042452434683090866,0.5998240627251709
2023-11-08,1.0,0.045000905220922,0.6067835562591519
2023-11-09,1.0,0.033526059039365404,0.5680506204692876
2023-11-10,1.0,0.048942286048831565,0.6054798777376202
2023-11-13,1.0,0.044650729280579726,0.5949640087601448
2023-11-14,1.0,0.03533400027347539,0.5659435160098703
2023-11-15,1.0,0.03266714540886042,0.5887681795529172
2023-11-16,1.0,0.019438811383016737,0.5711621462070525
2023-11-17,1.0,0.006112917654180003,0.5639713926689401
2023-11-20,1.0,0.007219898768976184,0.5591608722292332
2023-11-21,1.0,0.0030018489870725293,0.5534871322891219
2023-11-22,1.0,0.011745991429981733,0.5658970408547619
2023-11-23,1.0,0.012867687085292207,0.569539440083663
2023-11-24,1.0,0.011075911279835869,0.5706262615925458
2023-11-27,1.0,0.005964258474701653,0.558793864199512
2023-11-28,0.0,-0.007913230400802832,0.5890470740388686
2023-11-29,0.0,-0.004306229447873708,0.609715378411901
2023-11-30,0.0,-0.0025635724835556596,0.6216447775263618
2023-12-01,0.0,-0.02033602099224202,0.5963471550967312
2023-12-04,1.0,0.002473454706589763,0.5883229792296004
2023-12-05,1.0,0.012126432261965973,0.5904435151299143
2023-12-06,1.0,0.027998356996567334,0.5764188664665824
2023-12-07,1.0,0.041480034668677036,0.5774098361262795
2023-12-08,1.0,0.05972992200932226,0.580587517495112
2023-12-11,1.0,0.0806088273004007,0.5705177730704761
2023-12-12,1.0,0.08722544329353805,0.5737633695722615
2023-12-13,1.0,0.07210320811938783,0.5529195593196118
2023-12-14,1.0,0.06932201642261723,0.5702362542354154
2023-12-15,1.0,0.06636019084720289,0.5786475777937601
2023-12-18,1.0,0.07007869061056102,0.5496343541681908
2023-12-19,1.0,0.05797601127284017,0.5465197763358652
2023-12-20,1.0,0.059190596883124585,0.547771797026771
2023-12-21,1.0,0.05440286459710651,0.540690280103366
2023-12-22,1.0,0.04964183446646254,0.5310305170341423
2023-12-26,1.0,0.05560161432028586,0.5308961691876912
2023-12-27,1.0,0.048535819140606444,0.5364364634206753
2023-12-28,1.0,0.04724807976573775,0.5589653776912251
2023-12-29,1.0,0.05132929201171119,0.5626071344144966
2024-01-02,1.0,0.0566148830808067,0.574031812499848
2024-01-03,1.0,0.07252816782100842,0.5729343539008958
2024-01-04,1.0,0.0892810142503142,0.5790398312567154
2024-01-05,1.0,0.09596755124651475,0.5793197960519274
2024-01-08,1.0,0.11754876825263477,0.6225559502916942
2024-01-09,1.0,0.1248234543194254,0.6045070049768188
2024-01-10,1.0,0.12373418563067926,0.6074143147824941
2024-01-11,1.0,0.1382909720004721,0.5768021389431103
2024-01-12,1.0,0.13246397505229307,0.5909667494572992
2024-01-15,1.0,0.13568562788987634,0.6019257544315538
2024-01-16,1.0,0.14043174226440747,0.6006808691984364
2024-01-17,1.0,0.16762495505818176,0.6323298002270548
2024-01-18,1.0,0.14705379823003495,0.613462061130428
2024-01-19,1.0,0.16074395201549338,0.6178726277319745
2024-01-22,1.0,0.1645546521636735,0.6228420378700005
2024-01-23,1.0,0.15138231509311206,0.6128199302776671
2024-01-24,1.0,0.16646631875676815,0.6170304753463686
2024-01-25,1.0,0.16868619745083327,0.621588100746165
2024-01-26,1.0,0.14243343066070135,0.6243579552480737
2024-01-29,1.0,0.13273820519833746,0.6146793544799884
2024-01-30,1.0,0.12850773448751762,0.6116663611005952
2024-01-31,1.0,0.13410163956976576,0.5897805410798562
2024-02-01,1.0,0.12909173900391416,0.5846644566803827
2024-02-02,1.0,0.13564021186762745,0.5892662811388124
2024-02-05,1.0,0.12113821548720438,0.5867234192013491
2024-02-06,1.0,0.13062905608068476,0.5824153620181752
2024-02-07,1.0,0.12394505681537696,0.6004913970181917
2024-02-08,1.0,0.12384931250554806,0.6071766154119917
2024-02-09,1.0,0.13795074504161306,0.6465325398821413
2024-02-12,1.0,0.13589253701327325,0.6504241188107587
2024-02-13,1.0,0.14695170327265925,0.686263564002601
2024-02-14,1.0,0.1636098178942385,0.6698275776538448
2024-02-15,1.0,0.16355725797213777,0.6612879128822314
2024-02-16,1.0,0.149019873860394,0.6457700264061089
2024-02-19,1.0,0.15574480414575773,0.6405502374363338
2024-02-20,1.0,0.1644411506158982,0.6387637149241049
2024-02-21,1.0,0.1596020904049908,0.6398523360777568
2024-02-22,1.0,0.17616255457756588,0.6506099259712131
2024-02-23,1.0,0.17562997999124905,0.646992265423532
2024-02-26,1.0,0.17561814364454612,0.6587095654114848
2024-02-27,1.0,0.15845450057899446,0.6518687808451263
2024-02-28,1.0,0.1353186210056389,0.6332760117006644
2024-02-29,1.0,0.13263868538328885,0.6538933411021486
2024-03-01,1.0,0.12122000650784875,0.5876252203332069
2024-03-04,1.0,0.11041720029967383,0.6125102872864332
2024-03-05,1.0,0.09404441760051598,0.6166394453603142
2024-03-06,1.0,0.08685326985183009,0.6000006076854342
2024-03-07,1.0,0.07459072355505794,0.5957633664646262
2024-03-08,1.0,0.07573766031316484,0.5618170358428127
2024-03-11,1.0,0.06406387794532559,0.558306434001833
2024-03-12,1.0,0.08735499320227531,0.5429189641602827
2024-03-13,1.0,0.08852765514869315,0.5285409788249184
2024-03-14,1.0,0.05910610680119421,0.5445903244868302
2024-03-15,1.0,0.06944600162908786,0.5533138138082998
2024-03-18,1.0,0.06980480172283407,0.5588999441284216
2024-03-19,1.0,0.07470982542511836,0.5621251064710333
2024-03-20,1.0,0.05251381050024142,0.5532704295966362
2024-03-21,1.0,0.0671562450078535,0.5597473085233277
2024-03-22,1.0,0.06864331724204425,0.572013300418969
2024-03-25,1.0,0.0702201442183258,0.5586561167726057
2024-03-26,1.0,0.0664863455275235,0.5364272856895959
2024-03-27,1.0,0.0725132811974809,0.511229079869247
2024-03-28,1.0,0.038430967146842014,0.41815307946982355
2024-04-01,1.0,0.03624596482119352,0.40278001312361666
2024-04-02,1.0,0.016739302958865936,0.37444062098562064
2024-04-03,0.0,-0.0007481855762162141,0.3736193035056302
2024-04-04,1.0,0.01598490274777112,0.4123158790788854
2024-04-05,0.0,-0.0014691607807830178,0.3869019642219394
2024-04-08,0.0,-0.0031518141513814436,0.3943799839335922
2024-04-09,0.0,-0.00998928652369194,0.4106055891678258
2024-04-10,1.0,0.009322117489548943,0.4111279638353956
2024-04-11,0.0,-0.006554271966493964,0.39059420555865765
2024-04-12,1.0,0.020258268797655757,0.4209624018643226
2024-04-15,0.0,-0.010392993764725657,0.41132699220987473
2024-04-16,0.0,-0.007941241627140189,0.4362367669810403
2024-04-17,1.0,0.004376929552398461,0.4517931340035572
2024-04-18,1.0,0.01486064200380022,0.4470140937947592
2024-04-19,1.0,0.007846149889158218,0.4437388004651857
2024-04-22,1.0,0.04009128551000501,0.4614844922440477
2024-04-23,1.0,0.06138207389340394,0.4675489056760335
2024-04-24,1.0,0.05987245778482768,0.46747189009149803
2024-04-25,1.0,0.04735478462832622,0.46443994175234654
2024-04-26,1.0,0.02656838923034954,0.4725232340176646
2024-04-29,1.0,0.0256454115404717,0.4615130593143005
2024-04-30,1.0,0.05258435700896789,0.48763853850465694
2024-05-01,1.0,0.032919993183634005,0.4610708958966491
2024-05-02,1.0,0.026128487823622863,0.49073588579204297
2024-05-03,1.0,0.03624336184875812,0.49231874490818966
2024-05-06,1.0,0.02555082779622373,0.4588237361088452
2024-05-07,1.0,0.04093011794753085,0.46281897590875115
2024-05-08,1.0,0.05836731676479142,0.4464664714468809
2024-05-09,1.0,0.041678924399411926,0.4374320357179118
2024-05-10,1.0,0.03409530015291892,0.4433844885796258
2024-05-13,1.0,0.030936807305280138,0.47730183503070345
2024-05-14,1.0,0.01356683054858763,0.4394218461438703
2024-05-15,0.0,-0.0013169485609287259,0.4423378401959837
2024-05-16,1.0,0.021069039791448994,0.4621869559684331
2024-05-17,1.0,0.006691169414380225,0.4158218669581249
2024-05-20,1.0,0.01876777763162912,0.4283585047781908
2024-05-21,1.0,0.01802086601415394,0.44675824178975265
2024-05-22,1.0,0.02861905044778345,0.4612393788411173
2024-05-23,1.0,0.053391183868928445,0.48553336249606316
2024-05-24,1.0,0.07154817559840766,0.5014075303345342
2024-05-27,1.0,0.0630069928064055,0.5117012541678917
2024-05-28,1.0,0.06258333214133723,0.5070305510212257
2024-05-29,1.0,0.0719727628222472,0.5476051702920951
2024-05-30,1.0,0.058678536922481324,0.5421233876387034
2024-05-31,1.0,0.07651623738849525,0.5563112919628967
2024-06-03,1.0,0.06881175154541307,0.5520288869809399
2024-06-04,1.0,0.08148735375778435,0.5763018286927578
2024-06-05,1.0,0.061457531585761706,0.5122830955103475
2024-06-06,1.0,0.0594606608607605,0.5116843681684761
2024-06-07,1.0,0.08739862681237809,0.5850672703657364
2024-06-10,1.0,0.07850799276250549,0.552488351115569
2024-06-11,1.0,0.07327567349001268,0.562468817568951
2024-06-12,1.0,0.07082270681456543,0.5625534077365152
2024-06-13,1.0,0.0883124157808132,0.5710880822952982
2024-06-14,1.0,0.06827114874583509,0.5478112470659956
2024-06-17,1.0,0.07755382535309319,0.5722932183270305
2024-06-18,1.0,0.07724944949128557,0.5797968067050284
2024-06-19,1.0,0.07567473179457582,0.5954059295213967
2024-06-20,1.0,0.08083841675190097,0.6098368672572065
2024-06-21,1.0,0.10467256234343271,0.6478618755111465
2024-06-24,1.0,0.10087041837135115,0.6888283665050577
2024-06-25,1.0,0.1022949579171958,0.7188100844803166
2024-06-26,1.0,0.10749571282494322,0.7309782440596926
2024-06-27,1.0,0.10544342949943743,0.6939968282159804
2024-06-28,1.0,0.11962367906961838,0.7067223612922399
2024-07-01,1.0,0.11987179471862054,0.7063537225986284
2024-07-02,1.0,0.1315410775341263,0.711055493236188
2024-07-03,1.0,0.12024578245729717,0.6800098669815431
2024-07-04,1.0,0.12562782802094616,0.7258362247449003
2024-07-05,1.0,0.1057506136952869,0.6248998963998373
2024-07-08,1.0,0.11050222694350163,0.6917832986775062
2024-07-09,1.0,0.11921428038586841,0.6908315988939495
2024-07-10,1.0,0.1144147397920488,0.6869865414614871
2024-07-11,1.0,0.0951579160211087,0.643891374016741
2024-07-12,1.0,0.09591301404825858,0.687596468265602
2024-07-15,1.0,0.08718322502994004,0.6473027026431651
2024-07-16,1.0,0.060204654935685685,0.6488476974281154
2024-07-17,1.0,0.05872015936983591,0.6684054832665891
2024-07-18,1.0,0.07286243164035454,0.6860213543167633
2024-07-19,1.0,0.10142667006078274,0.7006325065811734
2024-07-22,1.0,0.1004154782201268,0.6916021807912861
2024-07-23,1.0,0.09991257119105823,0.6763288837525985
2024-07-24,1.0,0.1091399491574362,0.6760951313820917
2024-07-25,1.0,0.13006158744736548,0.7035240380053623
2024-07-26,1.0,0.13083545092218124,0.6797787515946445
2024-07-29,1.0,0.13176839716531144,0.6989034605269062
2024-07-30,1.0,0.1312011700874508,0.6727911980109386
2024-07-31,1.0,0.10390980593024036,0.6589877373337232
2024-08-01,1.0,0.11197070067184929,0.6674508317789355
2024-08-02,1.0,0.11770659516254077,0.6662463857076725
2024-08-05,1.0,0.1290974894360748,0.6666330631624076
2024-08-06,1.0,0.14904973920894146,0.6923539005238774
2024-08-07,1.0,0.156733211609428,0.7035206675356539
2024-08-08,1.0,0.12254812410994197,0.664539491921145
2024-08-09,1.0,0.11824050192736721,0.6846111845529067
2024-08-12,1.0,0.10158001117874292,0.6606882944361664
2024-08-13,1.0,0.1071945193099568,0.6887634365791335
2024-08-14,1.0,0.08281901301859088,0.6864015979370527
2024-08-15,1.0,0.0967137907961757,0.6569141053386541
2024-08-16,1.0,0.06829666779065938,0.6198474606963222
2024-08-19,1.0,0.04519006676329048,0.6415670408293599
2024-08-20,1.0,0.0330873194491567,0.6360151459434518
2024-08-21,1.0,0.02373610541791089,0.6257994067999736
2024-08-22,1.0,0.03156774510200193,0.638160783513964
2024-08-23,1.0,0.01998401389418991,0.6249926587712719
2024-08-26,1.0,0.03656556958555201,0.6406340107301549
2024-08-27,1.0,0.041798321733364514,0.6380139394986869
2024-08-28,1.0,0.05659911143444227,0.6620383115976493
2024-08-29,1.0,0.057226508894059114,0.6533537299155462
2024-08-30,1.0,0.08160638835279037,0.6539859712998422
2024-09-02,1.0,0.048910949702291526,0.651567132724234
2024-09-03,1.0,0.05474797438045625,0.6561492535830403
2024-09-04,1.0,0.05477809920279483,0.6366938733729135
2024-09-05,1.0,0.04708920728617677,0.6154337812481594
2024-09-06,1.0,0.059558106647016044,0.6411489203308569
2024-09-09,1.0,0.05159543919401828,0.6369412491190615
2024-09-10,1.0,0.04923403873618015,0.6306321045773218
2024-09-11,1.0,0.05350036122570972,0.6252921916712748
2024-09-12,1.0,0.028201439291489352,0.5142227696740568
2024-09-13,1.0,0.021131708490679788,0.5330269991022395
2024-09-16,1.0,0.029427933156042942,0.5645507644741407
2024-09-17,1.0,0.04726892152876441,0.5766857578296142
2024-09-18,1.0,0.060123578041424146,0.5773933402937392
2024-09-19,1.0,0.0357598308611345,0.5763940665278229
2024-09-20,1.0,0.009734140866197985,0.5632713773546139
2024-09-23,1.0,0.009200790891283055,0.5944092254074101
2024-09-24,0.0,-0.00423546366133285,0.5843860443096148
2024-09-25,0.0,-0.027565457525176366,0.6009367237274647
2024-09-26,0.0,-0.02977269401419005,0.6104210768970341
2024-09-27,0.0,-0.013459398074503111,0.6247686423434875
2024-09-30,0.0,-0.008604587082647655,0.6218680945279867
2024-10-01,0.0,-0.01761963034525106,0.6042348383583541
2024-10-02,0.0,-0.015871985931218736,0.612627447006884
2024-10-03,0.0,-0.008702086901202524,0.6229064229043835
2024-10-04,0.0,-0.012104152278478941,0.6271008754729384
2024-10-07,0.0,-0.014069469345128066,0.6287061401953649
2024-10-08,1.0,0.0009455111801954977,0.6518917824835287
2024-10-09,1.0,0.018940510574450294,0.6329012189959885
2024-10-10,1.0,0.0033466210556892324,0.6289225559296021
2024-10-11,0.0,-0.007880490710845218,0.611599625560059
2024-10-14,0.0,-0.00042095447800804875,0.6145108717881664
2024-10-15,0.0,-0.00046586331135866564,0.6009005552519142
2024-10-16,0.0,-0.0014636084484943679,0.5757137547598941
2024-10-17,0.0,-0.0010850118948000683,0.5243864606215631
2024-10-18,0.0,-0.021570572947615156,0.5082470685040305
2024-10-21,0.0,-0.015772230136359835,0.5340443119904502
2024-10-22,0.0,-0.019399445016438144,0.5179949351022083
2024-10-23,0.0,-0.0004675101705983505,0.5456772468958567
2024-10-24,0.0,-0.012414661483266429,0.5488306505870854
2024-10-25,0.0,-0.013453863807482667,0.5587758159049394
2024-10-28,1.0,0.0007072484140195821,0.5477676155070736
2024-10-29,0.0,-0.006752066273071997,0.5333055886074423
2024-10-30,0.0,-0.011873051136644735,0.5331490113650493
2024-10-31,1.0,0.009616487668038576,0.5623447393767422
2024-11-01,1.0,0.0014446026705237356,0.5737731784522764
2024-11-04,1.0,0.009739622345713404,0.5737715806003835
2024-11-05,1.0,0.0054235545750024716,0.5687876272950364
2024-11-06,1.0,0.04937213780153227,0.5925537170492281
2024-11-07,1.0,0.033481654921235324,0.5641917838335345
2024-11-08,1.0,0.04733189594577058,0.6057820507208708
2024-11-11,1.0,0.08136114875864081,0.6683476675808812
2024-11-12,1.0,0.09819004637031548,0.6820745004865483
2024-11-13,1.0,0.10459589566702658,0.6865138769049227
2024-11-14,1.0,0.10924373679345196,0.664803673143482
2024-11-15,1.0,0.1262435587834363,0.6530090560964422
2024-11-18,1.0,0.10379013324711213,0.6256439020187704
2024-11-19,1.0,0.09829658182570375,0.6370863606997039
2024-11-20,1.0,0.09946784905359596,0.5985381289299389
2024-11-21,1.0,0.07667150103556007,0.6099430831800189
2024-11-22,1.0,0.06513945144728114,0.58946043882971
2024-11-25,1.0,0.11194236739109693,0.6245434270408271
2024-11-26,1.0,0.10804834671148475,0.6059329256189686
2024-11-27,1.0,0.10888663583678437,0.6133145320768917
2024-11-28,1.0,0.10676963104187469,0.609405407498543
2024-11-29,1.0,0.10804431224336457,0.6066309941509657
2024-12-02,1.0,0.09947372189693221,0.6111509427224634
2024-12-03,1.0,0.09822162496562484,0.6211043063282535
2024-12-04,1.0,0.08226417206588939,0.6510484406052024
2024-12-05,1.0,0.08215469748631694,0.6779138097893613
2024-12-06,1.0,0.09375492815380258,0.6771424038142193
2024-12-09,1.0,0.0923438897289067,0.6319655087316336
2024-12-10,1.0,0.0803296311058983,0.6129509124045005
2024-12-11,1.0,0.06881952869968433,0.6085211107481212
2024-12-12,1.0,0.08188143084197988,0.6410778506512625
2024-12-13,1.0,0.08716151388359815,0.643704172175192
2024-12-16,1.0,0.09457309461704864,0.6313915299472395
2024-12-17,1.0,0.10311178559219981,0.6512416949306022
2024-12-18,1.0,0.14513058073591023,0.7333452802356325
2024-12-19,1.0,0.14015489173412157,0.705540073595232
2024-12-20,1.0,0.13465066982986193,0.696898150044837
2024-12-23,1.0,0.15001747594392,0.6995458228690592
2024-12-24,1.0,0.15222627877499548,0.7079509167959276
2024-12-25,1.0,0.151428391983332,0.7094449609800153
2024-12-26,1.0,0.13816841122926649,0.6923153636553533
2024-12-27,1.0,0.13872802006233545,0.7022800492761715
2024-12-30,1.0,0.147493954973432,0.7093618626110698
2024-12-31,1.0,0.1401913043816277,0.6833151950417757
2025-01-02,1.0,0.1396770993937351,0.6470397823363984
2025-01-03,1.0,0.15615799087574683,0.6760230472117091
2025-01-06,1.0,0.1695029385446922,0.6891220871460604
2025-01-07,1.0,0.16191956594592363,0.6794000544694775
2025-01-08,1.0,0.16401179925471424,0.681908363825854
2025-01-09,1.0,0.1541680717481763,0.712495010265094
2025-01-10,1.0,0.12152214387094033,0.6883093787106854
2025-01-13,1.0,0.11366498335272034,0.7143587606546085
2025-01-14,1.0,0.10810007041203638,0.7000326862769268
2025-01-15,1.0,0.1339137777666765,0.7041121704958098
2025-01-16,1.0,0.15698590658964434,0.6783287796354918
2025-01-17,1.0,0.1809408232058166,0.6988761022547829
2025-01-20,1.0,0.16918676201629104,0.7046226365436244
2025-01-21,1.0,0.16302235688149427,0.6764257076697608
2025-01-22,1.0,0.19302159418306974,0.6962126775244107
2025-01-23,1.0,0.18891284903600888,0.6660169251242285
2025-01-24,1.0,0.2118949629268521,0.6792768559838845
2025-01-27,1.0,0.20982080124577826,0.6936352755323903
2025-01-28,1.0,0.17394237328539203,0.6778950847847656
2025-01-29,1.0,0.19361947604130283,0.6931379907048942
2025-01-30,1.0,0.17230845843304646,0.6695778282500651
2025-01-31,1.0,0.17808477069544332,0.6718671629395968
2025-02-03,1.0,0.16428549902010062,0.6543612943739658
2025-02-04,1.0,0.1460601404754057,0.6268024196893657
2025-02-05,1.0,0.12207233892200925,0.6163503848235592
2025-02-06,1.0,0.12640606803460128,0.6159650423355337
2025-02-07,1.0,0.15295896729747246,0.6114627597120017
2025-02-10,1.0,0.16557156456331248,0.5686151745776816
2025-02-11,1.0,0.1493964423446715,0.5938945855996343
2025-02-12,1.0,0.12951179756252615,0.590771639749716
2025-02-13,1.0,0.1278264709410355,0.5874051139240962
2025-02-14,1.0,0.11569421035901784,0.6089881215842549
2025-02-17,1.0,0.11426712173400168,0.5928856698016117
2025-02-18,1.0,0.07891713016535638,0.5552758758790193
2025-02-19,1.0,0.09936701437919968,0.5724450627014491
2025-02-20,1.0,0.08563921897959474,0.5637903043728725
2025-02-21,1.0,0.09554385594373273,0.5611851691279186
2025-02-24,1.0,0.10794326322642757,0.5492710954678088
2025-02-25,1.0,0.1285594024384253,0.5650097157249847
2025-02-26,1.0,0.1220299885073004,0.5479364160430625
2025-02-27,1.0,0.15463324573468534,0.5837503776465989
2025-02-28,1.0,0.15686084161045039,0.5676749817207225
2025-03-03,1.0,0.13230914832093132,0.5402780060998943
2025-03-04,1.0,0.11934735764095775,0.5371315372547091
2025-03-05,1.0,0.12815010241660696,0.5531746598911107
2025-03-06,1.0,0.12196263115225298,0.5603939432582694
2025-03-07,1.0,0.15018391862408478,0.5474844047595776
2025-03-10,1.0,0.14908729502332327,0.5753237213073796
2025-03-11,1.0,0.14532233417187806,0.5380021809507426
2025-03-12,1.0,0.13353309740583746,0.5287325458169457
2025-03-13,1.0,0.10209677751176056,0.4334794712629364
2025-03-14,1.0,0.10827970887764486,0.45515460817061715
2025-03-17,1.0,0.10202977931152994,0.4625398955755794
2025-03-18,1.0,0.10045932280498543,0.45054278831154065
2025-03-19,1.0,0.1055764594660173,0.4642538152651825
2025-03-20,1.0,0.12025561681426915,0.48622517794264014
2025-03-21,1.0,0.11276589632654706,0.4970695688491041
2025-03-24,1.0,0.11753967428670545,0.4952584646459684
2025-03-25,1.0,0.10926140837619057,0.4899009551712061
2025-03-26,1.0,0.11007928246838042,0.5024236404039976
2025-03-27,1.0,0.09726404778511705,0.5019580761323488
2025-03-28,1.0,0.08785399264796646,0.46935236970783045
2025-03-31,1.0,0.06199147480014827,0.4537382052743541
2025-04-01,1.0,0.06780716967407086,0.48556549602629817
2025-04-02,1.0,0.05952962788127734,0.48045782274884374
2025-04-03,1.0,0.0497407171510416,0.487700077152503
2025-04-04,1.0,0.08360303037404432,0.5075541513646258
2025-04-07,1.0,0.11224996142666196,0.4939895475980375
2025-04-08,1.0,0.1182767260298112,0.5060635500496005
2025-04-09,1.0,0.0762171997699494,0.4801787833772074
2025-04-10,1.0,0.04973871305643168,0.5018473548950194
2025-04-11,1.0,0.029908913577616675,0.4845247152056755
2025-04-14,1.0,0.02782676050653681,0.5246384295806394
2025-04-15,1.0,0.025422915538129132,0.537061458448033
2025-04-16,0.0,-0.00574274510912974,0.5076556500952002
2025-04-17,1.0,0.008357353352551422,0.5420106750082608
2025-04-21,0.0,-0.0239335039809552,0.48593174088512336
2025-04-22,0.0,-0.01678068710184744,0.48143245733089124
2025-04-23,1.0,0.017499890737598736,0.4917467713141243
2025-04-24,0.0,-0.002721781903991772,0.4991200841050479
2025-04-25,1.0,0.009266136272774832,0.5481986475606613
2025-04-28,1.0,0.015759432302493468,0.5638340392053439
2025-04-29,1.0,0.03397139999180004,0.5757187103175179
2025-04-30,1.0,0.029498967022228584,0.5775881172397602
2025-05-01,1.0,0.039271188287607825,0.6223671478574995
2025-05-02,1.0,0.029076845875980757,0.6022817747943914
2025-05-05,0.0,-0.0056175612558986825,0.5711289198758992
2025-05-06,0.0,-0.031096953000186504,0.5407148257739326
2025-05-07,0.0,-0.02681841430919755,0.5500700646108989
2025-05-08,0.0,-0.004792870677046531,0.5608457865205626
2025-05-09,1.0,0.010817704271973705,0.5442371798796698
2025-05-12,1.0,0.04139569921106594,0.593649209108013
2025-05-13,1.0,0.03953160214622633,0.5677793615480488
2025-05-14,1.0,0.058754419917922004,0.6342054861373698
2025-05-15,1.0,0.047314404798586215,0.5904699258342802
2025-05-16,1.0,0.05965049792789319,0.618243129886178
2025-05-19,1.0,0.0342586449608072,0.632146792520701
2025-05-20,1.0,0.017583883947274406,0.6211365384966322
2025-05-21,1.0,0.012233425899540122,0.5856804635909855
2025-05-22,1.0,0.012192817199575002,0.590634646438861
2025-05-23,0.0,-0.006645674507394165,0.5432206061261833
2025-05-26,0.0,-0.0031150642695417607,0.5527974175989807
2025-05-27,1.0,0.004551120202659207,0.5792403803118059
2025-05-28,1.0,0.01839002332701957,0.5655707586840846
2025-05-29,1.0,0.006351488213599235,0.55111467205141
2025-05-30,1.0,0.024823285409476595,0.5720951737480144
2025-06-02,0.0,-0.00450758684279575,0.5483995005085716
2025-06-03,1.0,0.012030354021201816,0.6191122065247585
2025-06-04,1.0,0.007270599526547561,0.6065784214373589
2025-06-05,1.0,0.018876946429364782,0.6228870416686972
2025-06-06,1.0,0.04065965928094955,0.6628705928447981
2025-06-09,1.0,0.044248277908376515,0.6398679783146282
2025-06-10,1.0,0.061195217467213535,0.6357178121547604
2025-06-11,1.0,0.05887882156494574,0.6036006157283618
2025-06-12,1.0,0.045782823557876724,0.6108634440730513
2025-06-13,1.0,0.043500914258311145,0.5347887330583742
2025-06-16,1.0,0.07194353455573788,0.5802821108714042
2025-06-17,1.0,0.0676675333184745,0.571554549153103
2025-06-18,1.0,0.07747147344742382,0.5988824699265831
2025-06-19,1.0,0.07517457193115187,0.5885078682235128
2025-06-20,1.0,0.07849511855146357,0.6020387199681966
2025-06-23,1.0,0.08842127062433232,0.6066652040688728
2025-06-24,1.0,0.10476020759807932,0.6236261060250206
2025-06-25,1.0,0.0935585874237528,0.6146707951149656
2025-06-26,1.0,0.09073598274925343,0.6315578773118132
2025-06-27,1.0,0.11836619862012449,0.6700231169306251
2025-06-30,1.0,0.1260719400525659,0.6230149995554858
2025-07-01,1.0,0.12004143932263606,0.5881137374985015
2025-07-02,1.0,0.10693645831423731,0.6140692028759623
2025-07-03,1.0,0.11953447950123368,0.6805184363088259
2025-07-04,1.0,0.11904021727970346,0.6675106799097854
2025-07-07,1.0,0.13874444137600309,0.6800828244323622
2025-07-08,1.0,0.15598716410186153,0.6918644423656836
2025-07-09,1.0,0.15420889001910315,0.6826074012551847
2025-07-10,1.0,0.14857189726518097,0.6877153802823883
2025-07-11,1.0,0.14691560156188324,0.6895923387618939
2025-07-14,1.0,0.16918647780723645,0.7081798840170751
2025-07-15,1.0,0.18146306295878514,0.7197452605736007
2025-07-16,1.0,0.1885875273757411,0.6835225960523413
2025-07-17,1.0,0.17463727693994788,0.6976594203710527
2025-07-18,1.0,0.1818883337834604,0.6856321143051213
2025-07-21,1.0,0.19063113821620883,0.6268838830018497
2025-07-22,1.0,0.18815643784424593,0.5938770664913561
2025-07-23,1.0,0.21679278144581945,0.6360174755545834
2025-07-24,1.0,0.2504114293126507,0.6339020055665539
2025-07-25,1.0,0.24242120122732638,0.63320690595938
2025-07-28,1.0,0.2732716558498194,0.6527883026212556
2025-07-29,1.0,0.21512423019371205,0.6524204952157523
2025-07-30,1.0,0.22415127227484405,0.687053561078005
2025-07-31,1.0,0.22662775169091728,0.6469484716987949
2025-08-01,1.0,0.20107492270336766,0.630341298863148
2025-08-04,1.0,0.16617528290783531,0.6265657472495019
2025-08-05,1.0,0.1561812770982234,0.6317760916717838
2025-08-06,1.0,0.1539920694909604,0.6285624005785855
2025-08-07,1.0,0.1696187532157786,0.6238840945054548
2025-08-08,1.0,0.16360923200920585,0.6417396377190239
2025-08-11,1.0,0.18006595381220425,0.7126163989763282
2025-08-12,1.0,0.16087986606501542,0.7002481722777681
2025-08-13,1.0,0.17072229055423396,0.6941512728724816
2025-08-14,1.0,0.17606094264154118,0.7111638536201798
2025-08-15,1.0,0.181809974645686,0.7265123316187433
2025-08-18,1.0,0.21126864585417013,0.728861793467482
2025-08-19,1.0,0.218569706713803,0.7461095952568033
2025-08-20,1.0,0.22563466891885692,0.7137063458989534
2025-08-21,1.0,0.22247155448622402,0.7249489001975619
2025-08-22,1.0,0.19134686904973378,0.694345125336905
2025-08-25,1.0,0.18375143080958425,0.6910079024568733
2025-08-26,1.0,0.18095697574848657,0.6713594898814215
2025-08-27,1.0,0.1826235382335904,0.6750633701128473
2025-08-28,1.0,0.17685672478164538,0.6325504170810402
2025-08-29,1.0,0.16478864449128425,0.6152982969076352
2025-09-01,1.0,0.17369540266164582,0.6353931803067278
2025-09-02,1.0,0.15675598733248533,0.6526167596384392
2025-09-03,1.0,0.15679938849980912,0.6640669367720183
2025-09-04,1.0,0.15932677895654965,0.6704308449320385
2025-09-05,1.0,0.16245409192458773,0.6727175172563123
2025-09-08,1.0,0.1516089625114901,0.647054296854563
2025-09-09,1.0,0.14881564225141466,0.6522593970551449
2025-09-10,1.0,0.14385179232880782,0.6354382343840081
2025-09-11,1.0,0.14674820130615235,0.629405112430572
2025-09-12,1.0,0.1417591563365521,0.6313252539670751
2025-09-15,1.0,0.13006357011674932,0.6183417278104542
2025-09-16,1.0,0.13113700247123183,0.6020863958560666
2025-09-17,1.0,0.14448527770714897,0.6122555181763313
2025-09-18,1.0,0.1607238471554824,0.5958266887156478
2025-09-19,1.0,0.15427318832062284,0.5733763141400348
2025-09-22,1.0,0.13889643545224628,0.5645811254093804
2025-09-23,1.0,0.13406274438258114,0.5670412417640076
2025-09-24,1.0,0.14929678006002065,0.5758502640523117
2025-09-25,1.0,0.14452322810120463,0.545789803206318
2025-09-26,1.0,0.14402366053939464,0.5478718432893964
2025-09-29,1.0,0.1479172928212481,0.5071567718104988
2025-09-30,1.0,0.15060818613555013,0.4996897971352202
2025-10-01,1.0,0.14741782629862576,0.49283256360201516
2025-10-02,1.0,0.16173256820336052,0.4874977635503898
2025-10-03,1.0,0.10872678024007229,0.497044215214544
2025-10-06,1.0,0.0919085838125781,0.4911205784148048
2025-10-07,1.0,0.08048040274542148,0.49579046360876544
2025-10-08,1.0,0.06979724970945744,0.4679572372806579
2025-10-09,1.0,0.11194103730686998,0.49055679075702974
2025-10-10,1.0,0.11225112391354801,0.48431293691866706
2025-10-13,1.0,0.08084053352126935,0.4780774694546241
2025-10-14,1.0,0.07801064645293153,0.5041648265815534
2025-10-15,1.0,0.06942994871409383,0.4577605153240909
2025-10-16,1.0,0.06098871516929374,0.3923024277461621
2025-10-17,1.0,0.0756733218565663,0.43201085145225443
2025-10-20,1.0,0.06023294061115305,0.41572189369515444
2025-10-21,1.0,0.11251489373947092,0.491412764893037
2025-10-22,1.0,0.11536230789470962,0.4500936807642672
2025-10-23,1.0,0.1241001455366486,0.4363585483007376
2025-10-24,1.0,0.14707117055985466,0.4368970963306783
2025-10-27,1.0,0.19368200249135498,0.5066601272786784
2025-10-28,1.0,0.22282340452480628,0.5013869168746297
2025-10-29,1.0,0.23714107213461702,0.5202456148155551
2025-10-30,1.0,0.21902122233472343,0.5060040530370187
2025-10-31,1.0,0.2578828217369784,0.5088747182948989
2025-11-03,1.0,0.30239159712999947,0.5064086913664272
2025-11-04,1.0,0.31302486772545773,0.4855233377399664
2025-11-05,1.0,0.20393192744125638,0.46140819424948376
2025-11-06,1.0,0.15835794016821073,0.4586341600041388
2025-11-07,1.0,0.21224693120762064,0.4577993694994944
2025-11-10,1.0,0.18759321082473246,0.424143276620268
2025-11-11,1.0,0.14652270888045535,0.43838909636047885
2025-11-12,1.0,0.16893833905032288,0.4419117408200367
2025-11-13,1.0,0.19298470118682506,0.49015239857785253
2025-11-14,1.0,0.20713155414484327,0.504618870020906
2025-11-17,1.0,0.22851551579262216,0.561659314745641
2025-11-18,1.0,0.1908312774275274,0.5054627411286091
2025-11-19,1.0,0.21247593062996611,0.5142364598993906
2025-11-20,1.0,0.20322848127567877,0.5218778021023516
2025-11-21,1.0,0.18268096555197275,0.5297516000176722
2025-11-24,1.0,0.18514970917964987,0.5186082061884829
2025-11-25,1.0,0.1907469820538983,0.5517265461082809
2025-11-26,1.0,0.20528806574023256,0.5530997234683946
2025-11-27,1.0,0.2288163127807129,0.5798312119930653
2025-11-28,1.0,0.19600592820202972,0.5399585087017821
2025-12-01,1.0,0.19927286280469278,0.5483089749111258
2025-12-02,1.0,0.2086058156858862,0.5467096130478919
2025-12-03,1.0,0.22781459683770347,0.5586369154684743
2025-12-04,1.0,0.23478785930662108,0.5550749760548173
2025-12-05,1.0,0.19248320523108345,0.5618876301448973
2025-12-08,1.0,0.2005872008588417,0.6035086082790126
2025-12-09,1.0,0.18958172078442087,0.5983486042816037
2025-12-10,1.0,0.2008418270367215,0.6066953545502775
2025-12-11,1.0,0.1832267112721779,0.5657019185175732
2025-12-12,1.0,0.18830365698734725,0.5705408146738494
2025-12-15,1.0,0.185816260461392,0.5762724255645268
2025-12-16,1.0,0.16563039773252003,0.5827565846049699
2025-12-17,1.0,0.14579087324302942,0.5490897180459444
2025-12-18,1.0,0.14434797646435155,0.5668171117452114
2025-12-19,1.0,0.14264493686755333,0.56019828753088
2025-12-22,1.0,0.07988320485114608,0.5182973799438885
2025-12-23,1.0,0.036263646492129716,0.5393740074694615
2025-12-24,1.0,0.0027376937998070633,0.5702027124165681
2025-12-26,0.0,-0.028001164977933365,0.5589841517791705
2025-12-29,1.0,0.03182057431382595,0.6400449851735881
2025-12-30,1.0,0.03735286035850874,0.6273750263233766
2025-12-31,1.0,0.014155547461616607,0.6350445357135409
2026-01-02,1.0,0.036454409740178655,0.6345460686577673
2026-01-05,1.0,0.014872586327837044,0.5969110579332274
2026-01-06,1.0,0.0379759456664014,0.593268962435205
2026-01-07,1.0,0.06561379273390908,0.6317783091290676
2026-01-08,1.0,0.04354980605982004,0.6227468455224595
2026-01-09,1.0,0.03032064212501145,0.6180910578357596
2026-01-12,1.0,0.022117343152232044,0.6192046709878523
2026-01-13,1.0,0.028738125601732615,0.598549008060085
2026-01-14,1.0,0.029257366608437,0.5894868274361955
2026-01-15,1.0,0.028066814419534642,0.5362740434396208
2026-01-16,1.0,0.030734575109073105,0.54161945004492
2026-01-19,1.0,0.03589760890957697,0.5319787633804406
2026-01-20,1.0,0.007262704364457651,0.5053978245012928
2026-01-21,0.0,-0.009467243648772841,0.470589915820624
2026-01-22,0.0,-0.02063527613923577,0.44870353498339116
2026-01-23,0.0,-0.03244316682102341,0.45348140379314156
2026-01-26,0.0,-0.059666724458658324,0.4759911596360224
2026-01-27,0.0,-0.08891148215752503,0.40167232361996746
2026-01-28,0.0,-0.14038102400794633,0.3853064986384365
2026-01-29,0.0,-0.13276548228781848,0.38528689514953923
2026-01-30,0.0,-0.04152720747512606,0.46734797488969027
2026-02-02,0.0,-0.013580985188218368,0.4635054122727693
2026-02-03,0.0,-0.08396928051065393,0.46407564706489535
2026-02-04,0.0,-0.07169435090393328,0.5279006623141643
2026-02-05,0.0,-0.03456103396700599,0.5811485997211913
2026-02-06,0.0,-0.09396228129242643,0.49623104919127103
2026-02-09,0.0,-0.10474914804187897,0.508042298728105
2026-02-10,0.0,-0.06808194598442488,0.5448334002643573
2026-02-11,0.0,-0.08155572930447827,0.5537085630826737
2026-02-12,0.0,-0.043196315281885764,0.5802649420542761
2026-02-13,0.0,-0.06276672732692327,0.4635466537687998
2026-02-16,0.0,-0.05789926818405094,0.4752524787095885
2026-02-17,0.0,-0.03998593426200507,0.5605024214100276
2026-02-18,0.0,-0.06780939194087846,0.5415347745091622
2026-02-19,0.0,-0.09668926967363148,0.5285909303639389
2026-02-20,0.0,-0.11269657815140514,0.5436206165213394
2026-02-23,0.0,-0.15360098013947368,0.5439220180547755
2026-02-24,0.0,-0.12188999803074489,0.5995772174648427
2026-02-25,0.0,-0.1282785709803755,0.6219439141242057
2026-02-26,0.0,-0.13898550007100996,0.612996323351061
2026-02-27,0.0,-0.14450592063315115,0.5507082061599271
2026-03-02,0.0,-0.16610588298632772,0.5048730156500308
2026-03-03,0.0,-0.13272062170370652,0.5869936731635624
2026-03-04,0.0,-0.13011018762689452,0.5719319007048358
2026-03-05,0.0,-0.11371242046474352,0.5610147162054194
2026-03-06,0.0,-0.14182424308289146,0.5808743223706864
2026-03-09,0.0,-0.13477824384742998,0.6350821985597848
2026-03-10,0.0,-0.15734879224871856,0.591036003974851
2026-03-11,0.0,-0.14696307308530535,0.6246752708195031
2026-03-12,0.0,-0.15958757926661227,0.6437990683539662
2026-03-13,0.0,-0.14754856457387672,0.6827444867443923
2026-03-16,0.0,-0.16073999071396197,0.6714475477720071
2026-03-17,0.0,-0.20670979936565215,0.6091703224978948
2026-03-18,0.0,-0.13344150130407745,0.7321932418186354
2026-03-19,0.0,-0.09738436336491835,0.758436680603047
2026-03-20,0.0,-0.041388759504452095,0.7812247345764064
2026-03-23,0.0,-0.017479757461621896,0.7831166502354935
2026-03-24,0.0,-0.0488598219190218,0.7190131987571522
2026-03-25,0.0,-0.06554361843747104,0.7072297376029026
2026-03-26,0.0,-0.05201961532998581,0.7295287602188762
2026-03-27,0.0,-0.07208094756413999,0.7064957365769484
2026-03-30,0.0,-0.09315078554297472,0.731124947802781
2026-03-31,0.0,-0.1567555534977402,0.6928857503050108
2026-04-01,0.0,-0.16766173028544107,0.671989158811895
2026-04-02,0.0,-0.13435829631475274,0.6712284804561558
2026-04-06,0.0,-0.1461378865573971,0.6585380460253043
2026-04-07,0.0,-0.15969522652409568,0.6544095086020913
2026-04-08,0.0,-0.15771663064787175,0.681185694793995
2026-04-09,0.0,-0.14453425182559995,0.6996221903604801
2026-04-10,0.0,-0.12857126414667092,0.6844295487527473
2026-04-13,0.0,-0.1300131660354722,0.6829028961128268
2026-04-14,0.0,-0.1650986008451802,0.6889127692627922
2026-04-15,0.0,-0.1633994091181349,0.76720328163936
2026-04-16,0.0,-0.1492794990310693,0.7591826492740645
2026-04-17,0.0,-0.16045909345060744,0.7474152574638965
2026-04-20,0.0,-0.18663023276295174,0.7213478858315743
2026-04-21,0.0,-0.15213739613596644,0.744731987884141
2026-04-22,0.0,-0.15475500105890752,0.7483710288376316
2026-04-23,0.0,-0.16794029510833977,0.7711358814515717
2026-04-24,0.0,-0.15850110385194732,0.731767969607659
2026-04-27,0.0,-0.15531265591556923,0.6627139378053125
2026-04-28,0.0,-0.11985199139790569,0.6489734352522334
2026-04-29,0.0,-0.09610296453727177,0.6839602355286235
2026-04-30,0.0,-0.1321308014536889,0.6608734009852443
2026-05-01,0.0,-0.1297841891367268,0.6388126165353218
2026-05-04,0.0,-0.10329976174461174,0.6693539567064075
2026-05-05,0.0,-0.1230145507645728,0.637288204242221
2026-05-06,0.0,-0.14262862449828564,0.6194283941016282
2026-05-07,0.0,-0.13266878782780597,0.6510474549105469
2026-05-08,0.0,-0.15390673263319143,0.6239740899832081
2026-05-11,0.0,-0.15452452621454293,0.6135683351308213
