date,up,fret,p
1975-06-04,0.0,-0.006051455683355267,0.8666946027525708
1975-06-05,1.0,0.0060606246116909545,0.8675667279577545
1975-06-06,0.0,-0.004245003342446653,0.8252387375914676
1975-06-09,0.0,-0.0081980116036033,0.8024787893898655
1975-06-10,0.0,-0.011518769372200387,0.8064347352861129
1975-06-11,0.0,-0.006088298867255293,0.8233466323388942
1975-06-12,0.0,-0.016141663094875174,0.8317677264413222
1975-06-13,0.0,-0.012536473619556806,0.8760215788142536
1975-06-16,0.0,-0.009804000096620856,0.9083021448505144
1975-06-17,0.0,-0.009804000096620856,0.9151161835952362
1975-06-18,1.0,0.0015255533088371917,0.9195661547471654
1975-06-19,1.0,0.0070368961019560035,0.9311267136768573
1975-06-20,1.0,0.012232568435634451,0.9200335651288356
1975-06-23,1.0,0.023430251808386003,0.9144530174754041
1975-06-24,1.0,0.024932881692920815,0.918895248219639
1975-06-25,1.0,0.0060790460763821925,0.9044471352437672
1975-06-26,0.0,0.0,0.8999226875557487
1975-06-27,0.0,-0.0015209128407067314,0.9004007005257173
1975-06-30,0.0,-0.0228146777661714,0.8921005033876964
1975-07-01,0.0,-0.01512888159630009,0.8767954541022559
1975-07-02,1.0,0.005138291492480794,0.8956400697685379
1975-07-03,0.0,-0.004583659667657928,0.904294897787313
1975-07-04,1.0,0.006372347462258612,0.903826737786393
1975-07-07,1.0,0.025817683025940962,0.9314517530677132
1975-07-08,1.0,0.0060790460763821925,0.924573924565027
1975-07-09,0.0,-0.010607767297016188,0.9056533440611539
1975-07-10,1.0,0.00519322993950473,0.928922384367218
1975-07-11,0.0,-0.00789557700278015,0.9138939630869729
1975-07-14,0.0,-0.015106027431013153,0.8822581982849547
1975-07-15,1.0,0.0015140048312150113,0.9063946456646231
1975-07-16,1.0,0.0009136592686747673,0.9224817440658379
1975-07-17,1.0,0.00455997142169484,0.9131382168012919
1975-07-18,1.0,0.013626251711765056,0.9140713781809361
1975-07-21,1.0,0.01660415505203516,0.9128754634810003
1975-07-22,1.0,0.01888262307643065,0.8988700956977124
1975-07-23,1.0,0.018100041643617937,0.8947630110335142
1975-07-24,1.0,0.011159820239008224,0.8973724114926933
1975-07-25,1.0,0.003003005259769556,0.8840025188034915
1975-07-28,0.0,-0.0029985029962565574,0.879732917961608
1975-07-29,0.0,-0.014053153985470796,0.891106115306296
1975-07-30,0.0,-0.01445372949059779,0.8858161770863445
1975-07-31,0.0,-0.008433784929769693,0.8853188377638818
1975-08-01,0.0,-0.01449738468550473,0.8808510138263878
1975-08-04,0.0,-0.028016448736909047,0.8873590784358943
1975-08-05,0.0,-0.01547595748544754,0.8874056954331561
1975-08-06,0.0,-0.015589494997194383,0.8978436142954885
1975-08-07,0.0,-0.02140100020258714,0.8969095651264517
1975-08-08,0.0,-0.013784871368598014,0.9041751874970338
1975-08-11,0.0,-0.0012360941005284142,0.8983213053536991
1975-08-12,0.0,-0.0132370718393373,0.8919387570566829
1975-08-13,1.0,0.0024615397044465428,0.9143556865543284
1975-08-14,1.0,0.0006178560591980444,0.9271707084377032
1975-08-15,0.0,-0.0009257831242921471,0.916201663145896
1975-08-18,1.0,0.0009272137891922675,0.9279914787929001
1975-08-19,1.0,0.0003098373378775558,0.9388090077851368
1975-08-20,0.0,-0.004929153541402529,0.9127406360660242
1975-08-21,0.0,-0.013055827351415125,0.9357781202232275
1975-08-22,0.0,-0.04386252869809164,0.9380506302352514
1975-08-26,0.0,-0.08104722809954189,0.9471082464013622
1975-08-27,0.0,-0.07091984640131045,0.9489252317947721
1975-08-28,0.0,-0.05490828586726875,0.9433061933588777
1975-08-29,0.0,-0.04185245851585357,0.9522285666243531
1975-09-01,0.0,-0.017901210329240178,0.955087722994114
1975-09-02,0.0,-0.005037794029957181,0.9722286395996386
1975-09-03,0.0,-0.0029975043259860153,0.9706143689022896
1975-09-04,0.0,-0.03722596662638909,0.95555094048104
1975-09-05,0.0,-0.03485830105220575,0.95147104533185
1975-09-08,0.0,-0.02662386871217154,0.9545086074882098
1975-09-09,0.0,-0.009472330635362498,0.9720041964370665
1975-09-10,0.0,-0.04782332017273029,0.9670055142318607
1975-09-11,0.0,-0.056780006928511366,0.9770218201812625
1975-09-12,0.0,-0.08824063344435944,0.9776460402763096
1975-09-15,0.0,-0.08184309074114524,0.9787759642578021
1975-09-16,0.0,-0.13324008806354626,0.9813384529761704
1975-09-17,0.0,-0.07367742481377357,0.983574377974885
1975-09-18,0.0,-0.03650040221952653,0.9827478699100753
1975-09-19,1.0,0.00588669838273148,0.9856103878131455
1975-09-22,1.0,0.019213931670703722,0.9850295053203347
1975-09-23,1.0,0.09265883048270476,0.9911746475905667
1975-09-24,1.0,0.07786737507762755,0.9878909906856367
1975-09-25,1.0,0.07275283238025025,0.9859338686466299
1975-09-26,1.0,0.018895911057811195,0.9817341595134869
1975-09-29,1.0,0.010714388212406268,0.9786834234996367
1975-09-30,1.0,0.008810629682154906,0.9701977320623855
1975-10-01,0.0,-0.029705154413915694,0.9733855308520883
1975-10-02,0.0,-0.03267460881283982,0.9748740899701763
1975-10-03,1.0,0.023831823246142126,0.9870575872188772
1975-10-06,1.0,0.008841790581461012,0.9853289589465951
1975-10-07,0.0,-0.014134510934904806,0.9875592847847497
1975-10-08,1.0,0.0244649677503594,0.9893383032701171
1975-10-09,1.0,0.022948932985544568,0.9889184200933014
1975-10-10,1.0,0.0184577763201965,0.9857091693135849
1975-10-13,1.0,0.019181058851843815,0.9861879337211837
1975-10-14,1.0,0.040109997338165455,0.9859254053490144
1975-10-15,1.0,0.012184659016367219,0.9825665436389561
1975-10-16,1.0,0.006263068489562273,0.980808695412015
1975-10-17,0.0,-0.009708814126960938,0.9817734914261291
1975-10-20,0.0,-0.012863031517282828,0.9792714271758545
1975-10-21,0.0,-0.024572961629175258,0.9762466095463497
1975-10-22,0.0,-0.012184659016367217,0.9786971908086664
1975-10-23,0.0,-0.0027787444069514167,0.9784310573922534
1975-10-24,0.0,-0.004189950263854065,0.9789171789923767
1975-10-27,1.0,0.002446270659027114,0.9767520623131136
1975-10-28,1.0,0.009068775093209865,0.9765475559295307
1975-10-29,1.0,0.021826606992620432,0.9724248424187041
1975-10-30,1.0,0.01484577585128024,0.9731771600754269
1975-10-31,1.0,0.01182622478884241,0.9666714169307852
1975-11-03,1.0,0.006609869255999737,0.9641348519343191
1975-11-04,1.0,0.0017346058122083715,0.9633771716367981
1975-11-05,0.0,-0.014150365531183077,0.9663545347211866
1975-11-06,0.0,-0.014150365531183077,0.9642674513551119
1975-11-07,0.0,-0.018144252123403516,0.9555712060720023
1975-11-10,0.0,-0.015374167249587851,0.9536972565742879
1975-11-11,0.0,-0.03527702658081558,0.9621581218769671
1975-11-12,0.0,-0.014706147389695449,0.9545617189431398
1975-11-13,0.0,-0.010131091019681402,0.94897303075233
1975-11-14,0.0,-0.004587973461661432,0.9279284381986893
1975-11-17,0.0,-0.009908078224696188,0.9359748222186998
1975-11-18,1.0,0.015321874655078935,0.8988567501898104
1975-11-19,0.0,-0.008145963231296955,0.9267489856405439
1975-11-20,0.0,-0.024166065847183723,0.9306923870590107
1975-11-21,0.0,-0.022899032770173713,0.9284340135202998
1975-11-24,0.0,-0.019390194577308284,0.9305608249841966
1975-11-25,0.0,-0.014962872676712377,0.9241835830482472
1975-11-26,0.0,-0.008212865303066563,0.9343437635792697
1975-11-27,0.0,-0.0010797193778832401,0.9399911314507676
1975-11-28,0.0,-0.0010863662122208519,0.71531185889593
1975-12-01,0.0,-0.004724704409616153,0.7135782469635304
1975-12-02,0.0,-0.014825800396120109,0.6939809630350877
1975-12-03,0.0,-0.00035861574707432906,0.6484793477430829
1975-12-04,1.0,0.009675760847681078,0.6452756012503548
1975-12-05,1.0,0.005059642163581147,0.7198274295660262
1975-12-08,1.0,0.00653597097978567,0.8260057205786917
1975-12-09,1.0,0.011229967683064244,0.8320198351092285
1975-12-10,0.0,-0.00395328457361503,0.787028204218825
1975-12-11,0.0,-0.009315724840191542,0.7546902102552434
1975-12-12,1.0,0.00287977160861132,0.8041484396691906
1975-12-15,1.0,0.03029994760844986,0.8163755501511296
1975-12-16,1.0,0.01430639565123793,0.8127325687198212
1975-12-17,1.0,0.020670728855052938,0.8372361135559735
1975-12-18,1.0,0.009672294642507507,0.8687653906454
1975-12-19,1.0,0.008233445473408502,0.8810171740825316
1975-12-22,0.0,-0.014500696169983965,0.8021027843583877
1975-12-23,0.0,-0.015748356968139282,0.8651581439525518
1975-12-29,0.0,-0.01959100947716975,0.8128876494280906
1975-12-30,0.0,-0.013639838169870787,0.853240031402928
1975-12-31,0.0,-0.03224332927820984,0.8458407304525543
1976-01-02,0.0,-0.027448454888177314,0.8563614464920302
1976-01-05,0.0,-0.014169174381725777,0.8944025503174226
1976-01-06,0.0,-0.051672010544320926,0.8880222062443534
1976-01-07,0.0,-0.05956356585342415,0.8982729475982266
1976-01-08,0.0,-0.024600569698318992,0.9066496452873752
1976-01-09,0.0,-0.04302140889661568,0.8852124973513242
1976-01-12,0.0,-0.058386002428935276,0.8811241181885516
1976-01-13,0.0,-0.057693316233018176,0.8993455177848567
1976-01-14,0.0,-0.042709723247978615,0.9185063862193801
1976-01-15,0.0,-0.049110970339210115,0.8866713372927939
1976-01-16,0.0,-0.013857034661426354,0.929585291967096
1976-01-19,0.0,-0.02553664595554056,0.9447196390464869
1976-01-20,1.0,0.013155461802116478,0.93529880125053
1976-01-21,1.0,0.025297791771156486,0.935185383623523
1976-01-22,1.0,0.019235136716452113,0.9391826656522605
1976-01-23,0.0,-0.0066109515515919886,0.9033911474105866
1976-01-26,1.0,0.03710638550295146,0.9460888327436686
1976-01-27,1.0,0.042262540593765975,0.9370904961604483
1976-01-28,1.0,0.012798313143309582,0.9245099703138053
1976-01-29,1.0,0.0011657277403264727,0.9221044390122517
1976-01-30,1.0,0.018937764032250493,0.9401416769300696
1976-02-02,0.0,-0.00230326397409303,0.911899969966641
1976-02-03,0.0,-0.016845727609642824,0.9121675851190082
1976-02-04,1.0,0.008442106930156876,0.9370669216496524
1976-02-05,1.0,0.0234130825245615,0.9451597379800774
1976-02-06,1.0,0.0038211739273234352,0.9271375023898787
1976-02-09,1.0,0.008800515953273668,0.9324170087743785
1976-02-10,1.0,0.005006750300981954,0.9381703601401375
1976-02-11,1.0,0.0026712475338336625,0.909436624184742
1976-02-12,0.0,-0.006088298867255405,0.8823759922078537
1976-02-13,1.0,0.004945796651817699,0.9011165306808849
1976-02-16,1.0,0.0030429844705854216,0.8813673216654796
1976-02-17,1.0,0.017517584277504102,0.8797956394776306
1976-02-18,1.0,0.016629256971534747,0.8715210817886375
1976-02-19,1.0,0.009118604216434338,0.8784816783884023
1976-02-20,1.0,0.004165883699438271,0.8455918129854209
1976-02-23,1.0,0.004925185178591543,0.8368908832394537
1976-02-24,0.0,-0.007959109667568492,0.8387969847965128
1976-02-25,0.0,-0.008658062743114654,0.8415658668802687
1976-02-26,1.0,0.0003781433208228552,0.8462120518194911
1976-02-27,1.0,0.010526412986987383,0.850323842666394
1976-03-01,1.0,0.0033955890011381075,0.838524095616856
1976-03-02,1.0,0.01135085966868948,0.8559178694053212
1976-03-03,1.0,0.012399181958718046,0.8385175786476597
1976-03-04,1.0,0.010530371846519213,0.8343014683215874
1976-03-05,0.0,-0.0026212334798741926,0.8117902414589162
1976-03-08,1.0,0.007878487572080031,0.8163608483477126
1976-03-09,0.0,-0.0030143202929228128,0.8038144220844592
1976-03-10,0.0,-0.004116002069103639,0.7861015857349438
1976-03-11,1.0,0.004479290804046041,0.7783280373763037
1976-03-12,1.0,0.001873010474522093,0.781335584952536
1976-03-15,0.0,-0.000373761918012277,0.7521540630036877
1976-03-16,1.0,0.004518079974788915,0.7932938068107604
1976-03-17,1.0,0.001873010474522093,0.7710052093232382
1976-03-18,0.0,-0.011612792050812287,0.770973303143257
1976-03-19,0.0,-0.013564639034138362,0.7471427334853523
1976-03-22,0.0,-0.027669000257656333,0.7414748662344597
1976-03-23,0.0,-0.033616610798984974,0.712645416789069
1976-03-24,0.0,-0.030397477184371045,0.7012963914414784
1976-03-25,0.0,-0.026729349989660336,0.7134616591683062
1976-03-26,0.0,-0.02069832421581012,0.70641394520305
1976-03-29,0.0,-0.022149730087827443,0.7122116172005535
1976-03-30,0.0,-0.0031128429804900925,0.7553715368644861
1976-03-31,0.0,-0.014769020879680609,0.7387492037005288
1976-04-01,0.0,-0.007770046861931788,0.770581479781187
1976-04-02,0.0,-0.010903534814103135,0.7916719700332
1976-04-05,0.0,-0.0003930045246102828,0.8277787990556118
1976-04-06,0.0,-0.0015600627189023388,0.7783416069566156
1976-04-07,0.0,0.0,0.829343112570754
1976-04-08,0.0,-0.0035163154027557718,0.8114346279627608
1976-04-09,1.0,0.0011739386987020457,0.8467733294017468
1976-04-12,1.0,0.00039300452461034027,0.8697652368153379
1976-04-13,0.0,-0.0062647033393277325,0.8523629319471241
1976-04-14,0.0,-0.0023520199004305777,0.8847652477453438
1976-04-15,1.0,0.00039131285962069185,0.8883923689555773
1976-04-20,1.0,0.006626412864885257,0.8793762823437523
1976-04-21,1.0,0.005876608488984971,0.916597380579254
1976-04-22,1.0,0.0047022030214363235,0.9356701005734098
1976-04-23,1.0,0.007818648117797769,0.9325569229614605
1976-04-26,1.0,0.004294365373714993,0.9229463186292585
1976-04-27,0.0,-0.007408885518267117,0.8964425646194552
1976-04-28,0.0,-0.005876608488985042,0.9068473458739127
1976-04-29,0.0,-0.007849333864454982,0.9057569377701282
1976-04-30,0.0,-0.0011689072049819538,0.8914441307356202
1976-05-03,1.0,0.000778816238743015,0.8981179566178527
1976-05-04,1.0,0.000782472653381744,0.9025609689781736
1976-05-05,1.0,0.005095053154164953,0.903684338817439
1976-05-06,1.0,0.006284388318151639,0.8872900020621474
1976-05-07,0.0,-0.004297721012385297,0.8757092939630845
1976-05-10,0.0,-0.005855960517398856,0.8683440058644228
1976-05-11,0.0,-0.0027413371387147167,0.8698851386716344
1976-05-12,0.0,-0.008637666581671562,0.8636808304704015
1976-05-13,0.0,-0.01618349904889238,0.8644097181930112
1976-05-14,0.0,-0.014990418772153501,0.8682203147438274
1976-05-17,0.0,-0.019771304372495496,0.86950291166267
1976-05-18,0.0,-0.02381064869371856,0.8721444542815276
1976-05-19,0.0,-0.00831523302327691,0.8803930267253531
1976-05-20,1.0,0.0043676861175115005,0.8386183004734235
1976-05-21,0.0,-0.0023875856945015225,0.8589170783774461
1976-05-24,1.0,0.0115149177816861,0.8708942845669797
1976-05-25,1.0,0.01909365881557982,0.8738966116089948
1976-05-26,1.0,0.011464841926173306,0.8430901800860031
1976-05-27,1.0,0.00316455960296294,0.8257414780009957
1976-05-28,1.0,0.012668419623569691,0.85785691556299
1976-06-01,1.0,0.0059043666903787284,0.8212807118901876
1976-06-02,1.0,0.0007877117382491863,0.45114890536039404
1976-06-03,0.0,-0.004333274458337499,0.45491844515288515
1976-06-04,0.0,-0.008726751138237196,0.5059908704034464
1976-06-07,0.0,-0.010280833929068239,0.46901508565272626
1976-06-08,0.0,-0.013433627541861266,0.44459940395659747
1976-06-09,0.0,-0.01587334915629012,0.48393680034575876
1976-06-10,0.0,-0.00673403218134418,0.48343010641914486
1976-06-11,1.0,0.0027849630094862075,0.5453599548088376
1976-06-14,0.0,0.0,0.5441359968763609
1976-06-15,0.0,-0.003985656930203558,0.5402499444161117
1976-06-16,0.0,-0.002402884616310315,0.5832387685339738
1976-06-17,0.0,-0.01038762836157781,0.539705022143968
1976-06-18,0.0,-0.007977704855542606,0.5257532377998537
1976-06-21,0.0,-0.015218555631243363,0.5213041738882412
1976-06-22,0.0,-0.012053179267555897,0.548632547436497
1976-06-23,0.0,-0.007243492435495137,0.5868069309572096
1976-06-24,0.0,-0.012934699332773083,0.6147284811438555
1976-06-25,0.0,-0.012898203802982695,0.6005472061811606
1976-06-28,0.0,-0.006071664068549795,0.6168016878563377
1976-06-29,0.0,-0.003238869228143692,0.6199424341962902
1976-06-30,0.0,-0.004046950080197162,0.6321518995657464
1976-07-01,1.0,0.0016260166184185348,0.6122436706276783
1976-07-02,0.0,-0.006103782938017799,0.5929064106896865
1976-07-05,0.0,-0.010612344495331804,0.6106351224574648
1976-07-06,0.0,-0.00855228181531714,0.60327919674642
1976-07-07,0.0,-0.008961363432803618,0.6132131903803362
1976-07-08,0.0,-0.013906154565009897,0.6291200375936525
1976-07-09,0.0,-0.03869840060264157,0.6340484618855526
1976-07-12,0.0,-0.0652774070954106,0.6153616170764111
1976-07-13,0.0,-0.1262543993711243,0.5969772129495615
1976-07-14,0.0,-0.07827122802515436,0.6172256183251554
1976-07-15,0.0,-0.08282664513171971,0.6398687983205983
1976-07-16,0.0,-0.059882428069805996,0.5996564158333242
1976-07-19,0.0,-0.010125554263463994,0.6442951555709994
1976-07-20,1.0,0.05769964399194741,0.8085807051710088
1976-07-21,1.0,0.008810629682154906,0.7294281232881803
1976-07-22,1.0,0.004464293128685528,0.8144119160990826
1976-07-23,1.0,0.01342302033214077,0.8177944372378112
1976-07-26,0.0,-0.009782203394461012,0.7368874412444237
1976-07-27,0.0,-0.022592323028594104,0.6426464795401563
1976-07-28,0.0,-0.005277057100843669,0.7223869609115121
1976-07-29,1.0,0.0031131890832263665,0.783337814590805
1976-07-30,1.0,0.0026631174194836284,0.7912923882372611
1976-08-02,1.0,0.007123805727851146,0.8535391244521244
1976-08-03,1.0,0.01600034134644134,0.8987536601295595
1976-08-04,1.0,0.0013218772579156257,0.8412007794981294
1976-08-05,1.0,0.005314450063492667,0.8639698360946438
1976-08-06,1.0,0.005305052229693319,0.8657534027658498
1976-08-09,1.0,0.003984951033815764,0.8593463535007594
1976-08-10,0.0,-0.011084130327434357,0.8443926383020688
1976-08-11,0.0,-0.049186543906404936,0.8641869247957766
1976-08-12,0.0,-0.03368834180021063,0.8612627515588288
1976-08-13,0.0,-0.039573509064507996,0.7966289690846051
1976-08-16,0.0,-0.05963086034780236,0.7892593044504354
1976-08-17,0.0,-0.06778348907927557,0.77709162902415
1976-08-18,0.0,-0.04348511193973878,0.71413883199243
1976-08-19,0.0,-0.04150747381134861,0.7204620729794883
1976-08-20,0.0,-0.04503575290987716,0.7615871461090092
1976-08-23,0.0,-0.02469261259037141,0.7937798857640072
1976-08-24,1.0,0.008551120989250217,0.7820085569239705
1976-08-25,1.0,0.024810432914513667,0.7626708618250302
1976-08-26,1.0,0.022599831917240992,0.7606215403126193
1976-08-27,1.0,0.08681142097928568,0.8108435264603455
1976-08-31,1.0,0.06288450978387244,0.81176119703287
1976-09-01,1.0,0.054316157071018584,0.7672488806355501
1976-09-02,1.0,0.0541168256751571,0.7905751475303265
1976-09-03,1.0,0.07444045212486652,0.7624500877789956
1976-09-06,1.0,0.00657752864714528,0.6401530785238033
1976-09-07,1.0,0.007645641021965387,0.817078872121573
1976-09-08,0.0,-0.0031411289008609297,0.8079342784324796
1976-09-09,1.0,0.017699577099400857,0.8188441453508166
1976-09-10,1.0,0.03231573717193443,0.7701017990150726
1976-09-13,1.0,0.008703275128301671,0.8669091199789736
1976-09-14,1.0,0.071737012086258,0.896565938065075
1976-09-15,1.0,0.058904703419315266,0.8868822974124619
1976-09-16,1.0,0.032365284502031716,0.8077127142943905
1976-09-17,0.0,-0.002933167826814219,0.7586045104093315
1976-09-20,1.0,0.029878449622736926,0.8282937584203746
1976-09-21,0.0,-0.03091501756600295,0.6336830268416386
1976-09-22,0.0,-0.015371780047853887,0.6971879118994909
1976-09-23,0.0,-0.01497354179016248,0.6844158305146186
1976-09-24,0.0,-0.026793012438386568,0.6268122678126059
1976-09-27,0.0,-0.03901888322794612,0.587545131833736
1976-09-28,0.0,-0.015604998068890007,0.7637652775188764
1976-09-29,0.0,-0.008209162541053024,0.7224766966318918
1976-09-30,0.0,-0.004319661144516396,0.6917491569288501
1976-10-01,0.0,-0.01739174271186922,0.6697585514081443
1976-10-04,1.0,0.001310902525504143,0.7418099033419457
1976-10-05,1.0,0.0021819777367492687,0.6357085869722972
1976-10-06,0.0,-0.005219672572844382,0.6089340976232002
1976-10-07,0.0,-0.005643600826740995,0.5764061258301009
1976-10-08,1.0,0.014802185805135365,0.5963058890227214
1976-10-11,1.0,0.014738021423516571,0.5324609111827933
1976-10-12,1.0,0.006084329938674247,0.51730755104959
1976-10-13,1.0,0.0021781755507966176,0.5925229912974742
1976-10-14,1.0,0.009963261971257494,0.559630227661546
1976-10-15,0.0,-0.0017301042377826806,0.4852770705369875
1976-10-18,0.0,-0.003016593539425679,0.4574494816204321
1976-10-19,0.0,-0.008266307675423525,0.46282378744654806
1976-10-20,1.0,0.025350444527429943,0.4670076822286643
1976-10-21,1.0,0.05655957556826523,0.4430955337076469
1976-10-22,1.0,0.06413259460469865,0.5066667726067092
1976-10-25,1.0,0.05663077262372579,0.39284535108884694
1976-10-26,1.0,0.06797298358620585,0.41583253639974765
1976-10-27,1.0,0.06567809219918483,0.5030154530456892
1976-10-28,1.0,0.010131798930406955,0.5390108802942788
1976-10-29,1.0,0.03078396189204432,0.4235557906688028
1976-11-01,1.0,0.07007982811570836,0.3722542908753162
1976-11-02,1.0,0.06364526516035629,0.3258824117365398
1976-11-03,1.0,0.07940071196202866,0.3349262854521055
1976-11-04,1.0,0.07157019250125171,0.45432319363003526
1976-11-05,1.0,0.06552228904770394,0.33909497701025143
1976-11-08,1.0,0.054387362134989334,0.3388967364331587
1976-11-09,1.0,0.02009546296115083,0.3790414014928324
1976-11-10,0.0,-0.03738753207162033,0.320111524121583
1976-11-11,0.0,-0.03475621937853544,0.3573272080537417
1976-11-12,0.0,-0.04063764573182639,0.26992113684221497
1976-11-15,0.0,-0.03630096105568164,0.2812808908308335
1976-11-16,1.0,0.0018751177442443815,0.49077342916410194
1976-11-17,0.0,-0.0038167985267008537,0.5286410858010521
1976-11-18,1.0,0.016191564217279117,0.5871780913454994
1976-11-19,1.0,0.0003839508590074945,0.5004855730077626
1976-11-22,0.0,-0.032254740712453475,0.389329230371342
1976-11-23,0.0,-0.024271195217056812,0.3809187450422686
1976-11-24,0.0,-0.0019138761822841644,0.42438005194206335
1976-11-25,1.0,0.0007645260311226195,0.3945206161287083
1976-11-26,1.0,0.006123249135939174,0.5106439473886073
1976-11-29,1.0,0.033001287966238024,0.4782264616539668
1976-11-30,1.0,0.034707368952262674,0.5140268770879787
1976-12-01,1.0,0.03870481234219272,0.5081274893911366
1976-12-02,1.0,0.042272985648859625,0.5584818695837525
1976-12-03,1.0,0.049135301819200866,0.5756598032685555
1976-12-06,1.0,0.010393560527263302,0.49299185269583606
1976-12-07,0.0,-0.0018556323751115855,0.4801015092032308
1976-12-08,0.0,-0.006285840626734036,0.5176944050929073
1976-12-09,0.0,-0.015504186535965199,0.4626850795306875
1976-12-10,0.0,-0.04267017186534742,0.4243475778738522
1976-12-13,0.0,-0.02278343180506442,0.5054910278780786
1976-12-14,0.0,-0.0074571561080820515,0.4303607970972025
1976-12-15,0.0,-0.008941937375661393,0.39274007398341254
1976-12-16,0.0,-0.01537049941593898,0.39094290583971736
1976-12-17,1.0,0.017659673665705103,0.4806637747652084
1976-12-20,1.0,0.0179712811159962,0.4028517832590179
1976-12-21,1.0,0.006713937939348594,0.35271324446908586
1976-12-22,1.0,0.01559630573827816,0.31915847185079016
1976-12-23,1.0,0.005275068750587933,0.33469494816609136
1976-12-29,0.0,-0.012366655637211978,0.2558829843406573
1976-12-30,0.0,-0.014576972746772998,0.2728843027672683
1976-12-31,0.0,-0.026366875840742224,0.29531954310091696
1977-01-04,0.0,-0.04483704479482532,0.27700397764845175
1977-01-05,0.0,-0.019351770660950125,0.31277969069904155
1977-01-06,0.0,-0.0030211503341762112,0.36867603949906086
1977-01-07,0.0,-0.010217685866443444,0.3767041982781969
1977-01-10,1.0,0.004341706176595272,0.37164704421044825
1977-01-11,1.0,0.023234714996335535,0.37486752735189144
1977-01-12,1.0,0.016717714575413732,0.3838051244472684
1977-01-13,1.0,0.006784797983480103,0.3275637923116184
1977-01-14,1.0,0.0056893762416956335,0.34664439020410065
1977-01-17,1.0,0.00553304174316331,0.3376901046836256
1977-01-18,1.0,0.005257240797970698,0.3176351299402204
1977-01-19,0.0,-0.0041533002878634435,0.3688427351850864
1977-01-20,0.0,-0.006028654280155775,0.35477016088208374
1977-01-21,0.0,-0.006831146108835251,0.3601487374298583
1977-01-24,0.0,0.0,0.4013411018731965
1977-01-25,0.0,-0.006764400088542149,0.4498894197811966
1977-01-26,0.0,-0.00037842952201869184,0.449865451867693
1977-01-27,1.0,0.005277057100843599,0.43785722183420245
1977-01-28,1.0,0.008720434409328046,0.4692701107067818
1977-01-31,1.0,0.014631662268064049,0.49133440489926994
1977-02-01,1.0,0.015713005664556114,0.405307939015769
1977-02-02,1.0,0.029830698129140732,0.4284514026667181
1977-02-03,1.0,0.021202207650602906,0.440786559323185
1977-02-04,1.0,0.01906956272035075,0.4511655628390572
1977-02-07,1.0,0.01625451376537339,0.44989019667369534
1977-02-08,1.0,0.00886923774077979,0.42085218907687766
1977-02-09,0.0,-0.0014705885003222425,0.4345450053081043
1977-02-10,1.0,0.004040409537005127,0.38064532767906906
1977-02-11,1.0,0.01178216869826017,0.3495431358924956
1977-02-14,1.0,0.007665669952278548,0.23932573784792355
1977-02-15,1.0,0.016058739258148415,0.24749343426068127
1977-02-16,1.0,0.023633166814801695,0.2411058880367324
1977-02-17,1.0,0.03493962461718846,0.19113639487454465
1977-02-18,1.0,0.024085350430932476,0.15852525818458804
1977-02-21,1.0,0.03747093142949353,0.14241865444615792
1977-02-22,1.0,0.023614693047226066,0.13237378091177446
1977-02-23,1.0,0.04152602259551337,0.12722391237817735
1977-02-24,1.0,0.024131263610887767,0.15517504177718366
1977-02-25,1.0,0.03834626753179693,0.1872694006367599
1977-02-28,1.0,0.038142400607766906,0.1565854483070254
1977-03-01,1.0,0.04730728441536243,0.19473838733260068
1977-03-02,1.0,0.005842944961326799,0.18663466464324419
1977-03-03,1.0,0.01611003136256608,0.19206742135410937
1977-03-04,1.0,0.006170742926659674,0.152696332900602
1977-03-07,0.0,-0.017344423913284734,0.18399582483948923
1977-03-08,0.0,-0.012215964604092404,0.16052830671242493
1977-03-09,1.0,0.010906720251134434,0.23081805458052115
1977-03-10,1.0,0.012502274689959302,0.16272298909276536
1977-03-11,1.0,0.025309263860297432,0.18085266285596108
1977-03-14,1.0,0.0419876956156746,0.1846543968021234
1977-03-15,1.0,0.026614338241997153,0.163946443159672
1977-03-16,1.0,0.0353017009525457,0.11261849331034911
1977-03-17,1.0,0.025527658361741274,0.10491487216546377
1977-03-18,1.0,0.023057675000455226,0.10814710900882124
1977-03-21,0.0,-0.01324522675002068,0.113082708952587
1977-03-22,0.0,-0.013387080782459409,0.13930573072587488
1977-03-23,0.0,-0.022167988002473365,0.13444079381848395
1977-03-24,0.0,-0.025527658361741378,0.13198456952957432
1977-03-25,0.0,-0.03478899774294491,0.135871700251768
1977-03-28,1.0,0.001998002662673058,0.21423350748525083
1977-03-29,1.0,0.0016832187108267124,0.24872333723226453
1977-03-30,0.0,-0.005703756446288082,0.21570029993479845
1977-03-31,0.0,-0.0013440862238540388,0.22532529682517435
1977-04-01,1.0,0.00939604228169609,0.23612531860885838
1977-04-04,1.0,0.012562148668656547,0.17012501348320663
1977-04-05,1.0,0.02261486467926701,0.2081078518513137
1977-04-06,1.0,0.013701133292651433,0.17772690007497008
1977-04-07,1.0,0.015348983348815117,0.172633909354281
1977-04-12,1.0,0.004997511650471616,0.14638881639994927
1977-04-13,0.0,-0.017899052596844295,0.1550891714940501
1977-04-14,0.0,-0.026321692849620656,0.17064380378053517
1977-04-15,0.0,-0.0063259741507276325,0.20339739340060164
1977-04-18,0.0,-0.015012792389185209,0.19380809893632842
1977-04-19,0.0,-0.022178328396572355,0.21564965897124658
1977-04-20,0.0,-0.013468217050866593,0.24599724362974215
1977-04-21,0.0,-0.017024585511167457,0.2807264173606518
1977-04-22,0.0,-0.016501468893886508,0.24634535539502703
1977-04-25,0.0,-0.0026926976889083414,0.2822318929733918
1977-04-26,1.0,0.0074475631983530735,0.2324490136683656
1977-04-27,1.0,0.004059545493878519,0.20001256352417773
1977-04-28,1.0,0.009229257102340621,0.169861387188579
1977-04-29,1.0,0.0067682153461388105,0.18748028009245216
1977-05-02,0.0,-0.007103023268246078,0.18022128420212788
1977-05-03,0.0,-0.00507186209796034,0.18464400243501508
1977-05-04,0.0,-0.0027045317364190412,0.20425235246699738
1977-05-05,1.0,0.0016998134298495523,0.22105042722943477
1977-05-06,0.0,-0.0006747638582605519,0.2026166622560574
1977-05-09,1.0,0.0023732847213471455,0.2429269730406536
1977-05-10,1.0,0.002031832734226852,0.2617720210152243
1977-05-11,0.0,-0.005431106357502345,0.2620228927133986
1977-05-12,0.0,-0.0023805486501467586,0.2655895414296836
1977-05-13,0.0,-0.0054145648358705865,0.257627827140558
1977-05-16,0.0,-0.007819179732809723,0.24992526108012753
1977-05-17,0.0,-0.020506528562485436,0.24066368752413314
1977-05-18,0.0,-0.014743966726726994,0.24601757786513284
1977-05-19,0.0,-0.021683864559649862,0.2641057515800692
1977-05-20,0.0,-0.020223482724977763,0.2464403347495674
1977-05-23,0.0,-0.01790681456379986,0.23402468039734203
1977-05-24,0.0,-0.012858561183295309,0.262651061517881
1977-05-25,0.0,-0.006237026455547773,0.3123084506602838
1977-05-26,0.0,-0.012252910165999024,0.38079823240126187
1977-05-27,0.0,-0.020640928711149833,0.37507510450266257
1977-05-30,0.0,-0.011181108797515372,0.4500837222182217
1977-05-31,0.0,-0.016575939391756236,0.662834345148419
1977-06-01,0.0,-0.027128667388252585,0.6475207207230551
1977-06-02,0.0,-0.02532683973541087,0.6658726000098987
1977-06-03,0.0,-0.031235711179307415,0.6676868231080824
1977-06-08,0.0,-0.02418325533550862,0.6550112823609662
1977-06-09,0.0,-0.005348559728595778,0.692175282206246
1977-06-10,0.0,-0.008968669982760375,0.6984209666704838
1977-06-13,1.0,0.010422376464399512,0.6656590671187896
1977-06-14,1.0,0.030174703122213247,0.6543968647216272
1977-06-15,1.0,0.003951864313199809,0.6453509281962184
1977-06-16,1.0,0.0021428579628285566,0.6322648127441215
1977-06-17,1.0,0.014666691097398205,0.673451480740635
1977-06-20,1.0,0.01877158006073655,0.646107127081499
1977-06-21,1.0,0.011959340569425448,0.6106655694493143
1977-06-22,1.0,0.02058269965054868,0.6727246239907289
1977-06-23,1.0,0.020131352649110038,0.652163944009135
1977-06-24,1.0,0.012352371634738993,0.6202209919753463
1977-06-27,0.0,-0.014134510934904806,0.6023669142650754
1977-06-28,0.0,-0.012313260233356901,0.6139700538915567
1977-06-29,0.0,-0.012725516371505522,0.6117151153734672
1977-06-30,0.0,-0.01089833251233117,0.5887446024769968
1977-07-01,0.0,-0.0035137070584840974,0.5864556270462472
1977-07-04,1.0,0.0028429301308340238,0.6514745646781922
1977-07-05,1.0,0.0038862440714768857,0.6171567738352101
1977-07-06,1.0,0.01588175255294319,0.6554643231262873
1977-07-07,1.0,0.016824792249980777,0.6188816808236678
1977-07-08,1.0,0.01779220142446734,0.5848566640992154
1977-07-11,1.0,0.01863298766243848,0.5595820174622446
1977-07-12,1.0,0.025758472513519932,0.5427798885506504
1977-07-13,1.0,0.014598799421152631,0.49556628590309865
1977-07-14,1.0,0.0010422095784438116,0.5044053965951633
1977-07-15,1.0,0.0006913239127738626,0.5128924681859437
1977-07-18,1.0,0.01965919496013829,0.5268847359065252
1977-07-19,1.0,0.0010303967938964016,0.4579648129566864
1977-07-20,1.0,0.006191970247921201,0.4376729894863374
1977-07-21,1.0,0.002427606532943416,0.48534248130800695
1977-07-22,0.0,-0.0041551306319617416,0.4422976330299905
1977-07-25,0.0,-0.015141376676362556,0.3974123623531711
1977-07-26,1.0,0.001029336169114281,0.44110908900394885
1977-07-27,1.0,0.0013708021337786216,0.39589693733981907
1977-07-28,1.0,0.016489552599261693,0.45123861300470974
1977-07-29,1.0,0.009324881935734275,0.4459976701781821
1977-08-01,1.0,0.011034594723709287,0.43242230235763734
1977-08-02,1.0,0.004789608882564072,0.345824667110692
1977-08-03,0.0,-0.0010279253946060506,0.3374855101231521
1977-08-04,0.0,-0.009585831703320885,0.31714705348954814
1977-08-05,0.0,-0.003788535614573796,0.353901141260402
1977-08-08,0.0,-0.011381395490146672,0.32627043461797434
1977-08-09,0.0,-0.02208509362299573,0.3247519200450493
1977-08-10,0.0,-0.01485090322875124,0.36616861774440723
1977-08-11,0.0,-0.01246122043781189,0.37734645112095705
1977-08-12,0.0,-0.0027643417741499356,0.37777800671217
1977-08-15,0.0,-0.0003469210789348749,0.4320797907104443
1977-08-16,1.0,0.0006975933313937793,0.40125171365108975
1977-08-17,1.0,0.0038201123032297435,0.38481248737223106
1977-08-18,1.0,0.004517818283775678,0.37016651253798954
1977-08-19,1.0,0.0034542348680876036,0.3417193916406767
1977-08-22,1.0,0.014125988551778658,0.36299326175516083
1977-08-23,1.0,0.017968693542816338,0.38605913156591987
1977-08-24,1.0,0.008078201833701823,0.35636835511714254
1977-08-25,1.0,0.015141376676362695,0.3461846274908998
1977-08-26,1.0,0.01946450387791172,0.324202886688888
1977-08-30,1.0,0.007837831911329748,0.2673094712670986
1977-08-31,1.0,0.011237986481595314,0.27306784711435395
1977-09-01,1.0,0.014202068557963922,0.3084748382916446
1977-09-02,1.0,0.007146533734073867,0.25218633759772546
1977-09-05,1.0,0.0030390028454002423,0.31660142855515117
1977-09-06,1.0,0.0013568523112898034,0.33977546688327454
1977-09-07,1.0,0.001691761526822454,0.3051233619493863
1977-09-08,1.0,0.0027081939368795564,0.2860629858549645
1977-09-09,1.0,0.00574811388260141,0.2790469778500812
1977-09-12,1.0,0.009729987851672282,0.2794217097529605
1977-09-13,1.0,0.01614022932867747,0.2933979439339165
1977-09-14,1.0,0.02272825107755609,0.2495432529568648
1977-09-15,1.0,0.02470910349151699,0.23606044045687233
1977-09-16,1.0,0.017380116629916797,0.20864110088484183
1977-09-19,1.0,0.02147068439687665,0.28845929088489314
1977-09-20,1.0,0.01850680711603464,0.2625086690898639
1977-09-21,1.0,0.016713480973740532,0.32363913197732086
1977-09-22,1.0,0.009192448184164145,0.30976399519764614
1977-09-23,1.0,0.020659859268873704,0.3194415581067321
1977-09-26,1.0,0.0158862151123273,0.3558131474500591
1977-09-27,1.0,0.01398169419462499,0.34123636533926294
1977-09-28,1.0,0.007769543778407329,0.3380638991066229
1977-09-29,1.0,0.006514681021193672,0.3497418819946061
1977-09-30,0.0,-0.0006493506721676514,0.29577774568854337
1977-10-03,1.0,0.010876626738813896,0.33217724527737147
1977-10-04,1.0,0.012833028217475385,0.3198056560582852
1977-10-05,1.0,0.01726385587486449,0.2955791586580965
1977-10-06,1.0,0.025325924834464872,0.3198837664346439
1977-10-07,1.0,0.024700534041264606,0.3163079026917516
1977-10-10,1.0,0.01922227139068206,0.30577854790716213
1977-10-11,1.0,0.02175712497882025,0.2970708383465185
1977-10-12,1.0,0.024112644665672395,0.2795348244951879
1977-10-13,1.0,0.013520092754574884,0.2641651141373723
1977-10-14,1.0,0.021317421660753975,0.25134333034676154
1977-10-17,1.0,0.018859733522281697,0.3160678038555924
1977-10-18,1.0,0.015782472106735022,0.3018009940439292
1977-10-19,1.0,0.008012369521004613,0.3112016224188059
1977-10-20,1.0,0.0003122560524982615,0.34422767985063796
1977-10-21,0.0,0.0,0.2881390249616066
1977-10-24,0.0,-0.010777625493829266,0.30603953138736445
1977-10-25,0.0,-0.002151529952450239,0.3016313591704826
1977-10-26,0.0,-0.008631372945288304,0.2849879822221878
1977-10-27,1.0,0.02527878130955275,0.35705821060243903
1977-10-28,1.0,0.028739367123870915,0.32769331663610507
1977-10-31,1.0,0.02988938572439694,0.32281897993693426
1977-11-01,1.0,0.014054615705579178,0.28101868122501206
1977-11-02,1.0,0.03647820860240988,0.2968807571822485
1977-11-03,1.0,0.01600517330306964,0.26336974540315355
1977-11-04,1.0,0.01228111886190275,0.3099777918603539
1977-11-07,0.0,-0.0072376673002306135,0.3039454362655732
1977-11-08,0.0,-0.013131964556010926,0.3422347429107805
1977-11-09,0.0,-0.04424825546434165,0.3104265553356254
1977-11-10,0.0,-0.05069431263858484,0.35626334942255494
1977-11-11,0.0,-0.043194062373266395,0.3375109158901428
1977-11-14,0.0,-0.04646236711788496,0.4273758005562451
1977-11-15,0.0,-0.04078356919027292,0.46486055647342717
1977-11-16,0.0,-0.0059458788847764924,0.5471862067720358
1977-11-17,1.0,0.0015745555134657988,0.49002563310991687
1977-11-18,0.0,-0.01787722065806855,0.4546828088796214
1977-11-21,1.0,0.02442965211800232,0.5300152085534938
1977-11-22,1.0,0.019344189681195008,0.5226522663190327
1977-11-23,1.0,0.004697049499869162,0.4436714952203851
1977-11-24,1.0,0.008771986072837041,0.44282243553456707
1977-11-25,1.0,0.00473560474583425,0.5042423214640724
1977-11-28,0.0,-0.013080223862095699,0.5771650648763986
1977-11-29,1.0,0.004074602095567743,0.6367324310187906
1977-11-30,1.0,0.00156079319963522,0.6532495675572587
1977-12-01,1.0,0.003735994382830233,0.6699148522660103
1977-12-02,0.0,-0.0012606367884445747,0.6889781614379166
1977-12-05,0.0,-0.0043983734118638925,0.7292783242421459
1977-12-06,0.0,-0.014175698082071708,0.7145141927143599
1977-12-07,0.0,-0.001248439612838334,0.7275196730538019
1977-12-08,0.0,-0.012822693282812452,0.7442881681495528
1977-12-09,1.0,0.009103814249470479,0.7332838091176962
1977-12-12,1.0,0.008153071189633633,0.6729889865505327
1977-12-13,1.0,0.011983744801120588,0.6560640184320305
1977-12-14,1.0,0.001248439612838276,0.6623971882218892
1977-12-15,1.0,0.0034564056405896547,0.659012236755071
1977-12-16,1.0,0.02955880224154443,0.6705026170400454
1977-12-19,1.0,0.036189168353874264,0.6394247495155989
1977-12-20,1.0,0.03359847544969103,0.63948395885904
1977-12-21,1.0,0.05403438755661559,0.6711363029081349
1977-12-22,1.0,0.07520523693972823,0.6517657550170781
1977-12-28,1.0,0.0054463069571458736,0.7940782386103632
1977-12-29,1.0,0.023222240321343218,0.7830528225270409
1977-12-30,1.0,0.0316255473550314,0.730070521227734
1978-01-03,1.0,0.02278801501004078,0.7497654730477601
1978-01-04,1.0,0.0017441864886899045,0.7526795832716897
1978-01-05,1.0,0.04628681787527826,0.8364799289250092
1978-01-06,1.0,0.014897310704963558,0.7926009811932636
1978-01-09,1.0,0.026946436994934715,0.7752861062506172
1978-01-10,0.0,-0.0008669267989858376,0.78267586419783
1978-01-11,0.0,-0.00116245290625767,0.7990581097082485
1978-01-12,0.0,-0.0005763688920367113,0.6828584012880307
1978-01-13,1.0,0.003473230698503576,0.7147013345502194
1978-01-16,1.0,0.001713796477734598,0.6888288319226096
1978-01-17,1.0,0.020035014738101323,0.7281032544385367
1978-01-18,1.0,0.03176687203719529,0.6938225362082029
1978-01-19,1.0,0.013457611835318023,0.6916041831244977
1978-01-20,1.0,0.019173573491337668,0.6641616847691708
1978-01-23,0.0,0.0,0.6477802852854094
1978-01-24,0.0,-0.003975019430504771,0.6395290389918316
1978-01-25,0.0,-0.006216465342779528,0.6379334552623537
1978-01-26,0.0,-0.005418521741691836,0.6677515059216742
1978-01-27,0.0,-0.006540617657991529,0.6435060137621123
1978-01-30,1.0,0.002280502698725303,0.6537603844813767
1978-01-31,0.0,-0.003134352188483312,0.6599926661842356
1978-02-01,0.0,-0.011402632097811649,0.6678074365119645
1978-02-02,0.0,-0.011504297141751336,0.6176354155283889
1978-02-03,0.0,-0.003715882509197627,0.6123533964999807
1978-02-06,1.0,0.007941051372812905,0.6113364871641764
1978-02-07,1.0,0.012478891373188064,0.6141936046526024
1978-02-08,1.0,0.02379715696751936,0.6036362162028573
1978-02-09,1.0,0.03691503761065809,0.6080776775024913
1978-02-10,1.0,0.027398974188114347,0.5759185360953464
1978-02-13,1.0,0.02922963831493831,0.5856587239815714
1978-02-14,1.0,0.02257306378360023,0.5489702643808363
1978-02-15,1.0,0.014176748898687655,0.580745093176524
1978-02-16,1.0,0.021239248261738213,0.5837820289642608
1978-02-17,1.0,0.007218243445257912,0.5650626991485898
1978-02-20,0.0,-0.007987922930691312,0.657448879885802
1978-02-21,1.0,0.004399237229688148,0.6370324838169917
1978-02-22,1.0,0.0074247556814599274,0.6274788347438701
1978-02-23,1.0,0.005715078829416071,0.6084667954225277
1978-02-24,1.0,0.014827289762416932,0.6314043637739546
1978-02-27,1.0,0.0197158631644172,0.6080160580869074
1978-02-28,1.0,0.021710486370901342,0.5722410513923353
1978-03-01,1.0,0.0402738991379399,0.5533485147166057
1978-03-02,1.0,0.021742904593660798,0.5541986382463183
1978-03-03,1.0,0.013266743926107319,0.5316907736928175
1978-03-06,1.0,0.011323927961376799,0.4959514599303087
1978-03-07,1.0,0.009618027656676461,0.5379462397625452
1978-03-08,0.0,-0.019397446235218704,0.594532094309249
1978-03-09,0.0,-0.021742904593660854,0.5966616635898916
1978-03-10,0.0,-0.014630442487368556,0.6219729690002953
1978-03-13,0.0,-0.029934207818044505,0.6128527949242322
1978-03-14,0.0,-0.05886467183618321,0.6116897788392044
1978-03-15,0.0,-0.03828742194697579,0.6675777584584279
1978-03-16,0.0,-0.027233150458358734,0.656586689519967
1978-03-17,1.0,0.0032697576815569284,0.6552521585691093
1978-03-20,1.0,0.00220750641521052,0.6841186998533961
1978-03-21,1.0,0.013723783520993862,0.6344785442936641
1978-03-22,1.0,0.012467262188901419,0.6181582384436082
1978-03-23,1.0,0.022609179211277152,0.6406161806097255
1978-03-28,0.0,-0.018117432148651094,0.614777696092142
1978-03-29,0.0,-0.016676317535127216,0.6294766192954003
1978-03-30,1.0,0.0069300346646696325,0.5991241163121295
1978-03-31,0.0,-0.013862157100526793,0.6147098985866034
1978-04-03,0.0,-0.025961137656982235,0.6241372201108676
1978-04-04,0.0,-0.004998621904836469,0.7062926288032573
1978-04-05,1.0,0.008928630744301398,0.7260923054477477
1978-04-06,0.0,-0.013348362823427086,0.7132434425477234
1978-04-07,0.0,-0.0033557078469723042,0.7536908737010877
1978-04-10,0.0,-0.02493046963940698,0.7624272597943378
1978-04-11,0.0,-0.03455455648118529,0.7187772181556104
1978-04-12,0.0,-0.030172879637369383,0.7205435802726438
1978-04-13,0.0,-0.057916226762328896,0.750701054724222
1978-04-14,0.0,-0.04351001109814852,0.7158599198096205
1978-04-17,0.0,-0.03384220273355887,0.6555948848804926
1978-04-18,0.0,-0.034299126474676256,0.6747986447424649
1978-04-19,0.0,-0.03347714743908659,0.6973073411075928
1978-04-20,0.0,-0.04644938768173222,0.6269814225247972
1978-04-21,0.0,-0.0002926115602443882,0.6519659598566251
1978-04-24,1.0,0.002371074021337923,0.6904557652321761
1978-04-25,1.0,0.016563525671674423,0.6933388353725917
1978-04-26,1.0,0.025717372907806076,0.7054536463574801
1978-04-27,1.0,0.07135180237161766,0.6732616786219215
1978-04-28,1.0,0.007870613432329468,0.6452109039466809
1978-05-02,1.0,0.02224916133887845,0.7011606707334587
1978-05-03,1.0,0.020325903014038908,0.6785768526918075
1978-05-04,1.0,0.011759779864626724,0.6832987956941522
1978-05-05,1.0,0.010935360770055504,0.6503351923432462
1978-05-08,1.0,0.017556933921069176,0.7346988351253128
1978-05-09,1.0,0.01779100009844374,0.7270818144233168
1978-05-10,1.0,0.02020270731751947,0.7549756567732004
1978-05-11,1.0,0.014437618085602478,0.7744604350301233
1978-05-12,1.0,0.023197645599403058,0.799244118888454
1978-05-15,1.0,0.02228897462613048,0.7300216867770672
1978-05-16,1.0,0.02222001135007932,0.7226593867700506
1978-05-17,1.0,0.010647340709225375,0.7465663904725242
1978-05-18,1.0,0.003927073770609144,0.7544520469371631
1978-05-19,1.0,0.0036287548542024498,0.7012711344765082
1978-05-22,1.0,0.01715118114378732,0.7068000571933694
1978-05-23,1.0,0.024183646289918342,0.6842136275407964
1978-05-24,1.0,0.019868203216725184,0.6750854944112896
1978-05-25,1.0,0.03385489138591255,0.6676259202645068
1978-05-26,1.0,0.01986272197262909,0.588721314670687
1978-05-30,0.0,-0.006880445472967108,0.5946190141733807
1978-05-31,0.0,-0.0065377514258586015,0.6054398538351057
1978-06-01,0.0,-0.002188184680552894,0.6032394751677848
1978-06-02,0.0,-0.01885044206750568,0.591880162254248
1978-06-05,0.0,-0.014028561793309718,0.6007680484927984
1978-06-06,1.0,0.007154681043038964,0.6115282793500588
1978-06-07,1.0,0.004091100755864189,0.6050851979437828
1978-06-08,0.0,-0.0024674447062951995,0.6018966091718353
1978-06-09,1.0,0.018038204307946313,0.6217388078778436
1978-06-12,1.0,0.022460544295816048,0.583831561937794
1978-06-13,1.0,0.022503321829181123,0.5439697270238212
1978-06-14,1.0,0.01432263370418752,0.5693411577800932
1978-06-15,1.0,0.017145609836741252,0.5841584289626516
1978-06-16,1.0,0.005133065437854986,0.5496192115108035
1978-06-19,1.0,0.003514942107444592,0.531820937113312
1978-06-20,0.0,-0.012137708014424256,0.6178757726379541
1978-06-21,0.0,-0.005380696328526187,0.6078710064787357
1978-06-22,0.0,-0.005411268615536545,0.5724269648701011
1978-06-23,0.0,-0.013565047940361391,0.5762010413722245
1978-06-26,0.0,-0.010854923409435386,0.578931620591717
1978-06-27,1.0,0.0008137800530474868,0.5871027755746637
1978-06-28,0.0,-0.006223805775534797,0.5819208859030434
1978-06-29,0.0,-0.008445766045889737,0.5614661606991252
1978-06-30,1.0,0.004904641984537922,0.5586404881474225
1978-07-03,1.0,0.015164114025870642,0.5352964047237412
1978-07-04,1.0,0.0059475709249962715,0.500711250255926
1978-07-05,1.0,0.011336153786336527,0.5148944916519611
1978-07-06,1.0,0.02138395191778895,0.4936895653297709
1978-07-07,1.0,0.01108269216241784,0.467903008065854
1978-07-10,0.0,-0.005389395960466515,0.516795721093108
1978-07-11,0.0,-0.003510196664848893,0.5300782742104164
1978-07-12,0.0,-0.0032258092488827886,0.5008045226737471
1978-07-13,1.0,0.009064311594585739,0.4895801169364705
1978-07-14,1.0,0.030445766534164403,0.4925233064919243
1978-07-17,1.0,0.05339861514682696,0.45461765680802546
1978-07-18,1.0,0.04469870083164445,0.4485183354699484
1978-07-19,1.0,0.04527088802473449,0.46380814878936505
1978-07-20,1.0,0.029548495672652594,0.5955043098914528
1978-07-21,1.0,0.04860389239838038,0.67788304522597
1978-07-24,1.0,0.025541911969476583,0.5637758077312501
1978-07-25,1.0,0.059254278864049575,0.6398859137814624
1978-07-26,1.0,0.045033392044525486,0.5865781014437041
1978-07-27,1.0,0.04114144877145555,0.5744715497588208
1978-07-28,1.0,0.0012411569174290223,0.6075384946135556
1978-07-31,1.0,0.018798475903346046,0.622903912285043
1978-08-01,1.0,0.008979553116406476,0.5895396143631584
1978-08-02,1.0,0.022860917761000615,0.594403918365399
1978-08-03,1.0,0.021043105814716453,0.5517390827323227
1978-08-04,1.0,0.04653129181677776,0.5908279238958257
1978-08-07,1.0,0.045271770816864586,0.5313762516331227
1978-08-08,1.0,0.029753474096948125,0.5557038145182275
1978-08-09,1.0,0.036822663774616606,0.5300963654133253
1978-08-10,1.0,0.012033839563723463,0.5227851874632904
1978-08-11,1.0,0.002837552152211084,0.4770417346049989
1978-08-14,0.0,-0.041114777423825195,0.49358742584090964
1978-08-15,0.0,-0.027581396496262397,0.49229194300671497
1978-08-16,0.0,-0.07480346308241716,0.4895159649872224
1978-08-17,0.0,-0.029128272923023713,0.6064848804361279
1978-08-18,0.0,-0.06713930283762856,0.5894300182688359
1978-08-21,0.0,-0.025705814823084653,0.7134263081372139
1978-08-22,0.0,-0.012615402630074202,0.6433232619038403
1978-08-23,1.0,0.041580947202034806,0.7377607552378822
1978-08-24,1.0,0.02433210065953072,0.7001149469075145
1978-08-25,1.0,0.06595796779179737,0.7524824571159
1978-08-29,1.0,0.047668806971274284,0.6723545061652353
1978-08-30,1.0,0.034552381506659735,0.6890197366477919
1978-08-31,1.0,0.008587839039281195,0.626465300290542
1978-09-01,0.0,-0.010147465667574173,0.6652625690719517
1978-09-04,0.0,-0.028049303809899555,0.5893537680112692
1978-09-05,0.0,-0.006946967691725841,0.6433316320017254
1978-09-06,0.0,-0.010908336764138271,0.6596179647585244
1978-09-07,0.0,-0.005955943752851427,0.7158094880152679
1978-09-08,1.0,0.029902957614590154,0.7293115678264077
1978-09-11,1.0,0.020931836041035642,0.7552427255377424
1978-09-12,1.0,0.01645048421717961,0.745239722127572
1978-09-13,1.0,0.018427169178165587,0.7632869686495402
1978-09-14,1.0,0.030127013724267477,0.7332091236054812
1978-09-15,1.0,0.010316621395652285,0.6465757200004809
1978-09-18,1.0,0.03922071315328133,0.6784572214028434
1978-09-19,1.0,0.03165263080121399,0.6250807640828319
1978-09-20,1.0,0.005602255548669973,0.6487529102150013
1978-09-21,1.0,0.010379518856722073,0.6101089561983986
1978-09-22,1.0,0.012747883840260158,0.6420065625447772
1978-09-25,0.0,-0.005970166986503908,0.6151929774663373
1978-09-26,1.0,0.014329825554824868,0.6355641032686168
1978-09-27,1.0,0.03970405141891382,0.6710541130889892
1978-09-28,1.0,0.021789332312747604,0.6487995554366598
1978-09-29,1.0,0.027262024554240632,0.6298002518399047
1978-10-02,1.0,0.024344280367804626,0.6524495945900547
1978-10-03,1.0,0.017461827163662288,0.6599156221729239
1978-10-04,1.0,0.012450138585868312,0.6498083441429757
1978-10-05,1.0,0.012716289591083077,0.644841152895172
1978-10-06,1.0,0.006255605743822085,0.5771167172432025
1978-10-09,1.0,0.0042615293830496415,0.561774706651703
1978-10-10,1.0,0.01081568870186889,0.5959166196978812
1978-10-11,1.0,0.011860450914747842,0.6206318440280608
1978-10-12,1.0,0.0004432624186053009,0.600370631876892
1978-10-13,1.0,0.015250599477141469,0.6029165372272827
1978-10-16,1.0,0.014884202360145619,0.5838698034686164
1978-10-17,0.0,-0.008598884424506046,0.5989348432347598
1978-10-18,1.0,0.00826271280621001,0.6203016205828938
1978-10-19,1.0,0.03505311527180205,0.6441415024521785
1978-10-20,1.0,0.028329281226883628,0.5929179269767961
1978-10-23,1.0,0.06818401817618823,0.6012772330588485
1978-10-24,1.0,0.07176434479438801,0.61498191441241
1978-10-25,0.0,-0.01483447796944456,0.6204314322817834
1978-10-26,0.0,-0.053615652059621856,0.6463251068223789
1978-10-27,0.0,-0.08588775959870472,0.6487965418321225
1978-10-30,0.0,-0.14492457645396556,0.7033269505588837
1978-10-31,0.0,-0.114516529839056,0.6579464671092946
1978-11-01,0.0,-0.038992167843178965,0.8385450741721738
1978-11-02,0.0,-0.03584942716008847,0.8356643853712336
1978-11-03,0.0,-0.04247880307283899,0.816674460424159
1978-11-06,0.0,-0.009088797317879975,0.8505998140276492
1978-11-07,0.0,-0.025039333194827255,0.8443032998399222
1978-11-08,0.0,-0.06930305278224139,0.7968711024998045
1978-11-09,0.0,-0.08492906104268648,0.8134541824744709
1978-11-10,0.0,-0.0410745516626508,0.8109886026543444
1978-11-13,0.0,-0.04546796174588909,0.7598734535816677
1978-11-14,0.0,-0.05254126659494637,0.7956098816530707
1978-11-15,0.0,-0.025550193041092392,0.8790575362242873
1978-11-16,1.0,0.031095785264178392,0.8725547312798284
1978-11-17,1.0,0.023712579905814834,0.8431004005873493
1978-11-20,0.0,-0.00226557680292716,0.8619320969373397
1978-11-21,0.0,-0.020437194225558536,0.8730630806498737
1978-11-22,0.0,-0.017233067123775443,0.8700948198524345
1978-11-23,0.0,-0.045979303527399845,0.8396043016528325
1978-11-24,0.0,-0.0405239794014895,0.8704470068784882
1978-11-27,1.0,0.0042751228195518805,0.9020466988916578
1978-11-28,1.0,0.0012737232648040427,0.8798732852032826
1978-11-29,1.0,0.0033175990618008154,0.8328922555908735
1978-11-30,1.0,0.025020452506556375,0.8449364068607699
1978-12-01,1.0,0.03706462334474007,0.8245230161421576
1978-12-04,1.0,0.03815847559504458,0.7856606041330969
1978-12-05,1.0,0.02761912939842622,0.8118661677154619
1978-12-06,1.0,0.03307743298993846,0.8104858564020252
1978-12-07,1.0,0.02833895831846594,0.7760108493211167
1978-12-08,1.0,0.0176648361798053,0.7635335486531196
1978-12-11,1.0,0.028103778634064793,0.8279562017723754
1978-12-12,1.0,0.06889380764022124,0.8352382794934331
1978-12-13,1.0,0.06558554491443391,0.7954784822782395
1978-12-14,1.0,0.041292472063631236,0.7544529837163927
1978-12-15,1.0,0.04517050269267438,0.7683710379734024
1978-12-18,1.0,0.03507512298746687,0.8271802562358184
1978-12-19,1.0,0.019911402756543125,0.8055098769865376
1978-12-20,1.0,0.04248266470539567,0.7764785549453651
1978-12-21,1.0,0.06465610594574947,0.7904154679928167
1978-12-22,1.0,0.016140539468753844,0.7567347238825616
1978-12-27,1.0,0.011946496188378251,0.7634029478850652
1978-12-28,1.0,0.021742423227176795,0.7682907912950769
1978-12-29,0.0,-0.01291489783379908,0.7555321259226929
1979-01-02,0.0,-0.012422519998557209,0.7001696038356933
1979-01-03,1.0,0.009560737520252582,0.7713497898048747
1979-01-04,0.0,-0.011266455359722717,0.7484980231931249
1979-01-05,0.0,-0.035661643960945476,0.7110725359550432
1979-01-08,0.0,-0.028414231157111614,0.7487462525525262
1979-01-09,0.0,-0.01506831613948361,0.7453318503531551
1979-01-10,1.0,0.02924641979489759,0.7132282100203343
1979-01-11,1.0,0.04908146873040831,0.724607186866111
1979-01-12,1.0,0.057809243670927046,0.7117133310255819
1979-01-15,1.0,0.08037964386278383,0.6693592154591597
1979-01-16,1.0,0.04150157320763904,0.6627011294110987
1979-01-17,1.0,0.03820471103387898,0.6934621448596427
1979-01-18,1.0,0.009020679725930576,0.7496108038499822
1979-01-19,1.0,0.021030818036848895,0.724608859069563
1979-01-22,1.0,0.0008507018803128285,0.7204668248988638
1979-01-23,1.0,0.01510276818575665,0.7367553015993287
1979-01-24,0.0,-0.01021720254665494,0.7624153818389118
1979-01-25,0.0,-0.019430663128714224,0.7993456104987304
1979-01-26,0.0,-0.02211576986292395,0.7628732699033648
1979-01-29,1.0,0.033036665297605954,0.7700447104421108
1979-01-30,1.0,0.04603323180597463,0.7323220159433655
1979-01-31,1.0,0.07380228328147323,0.6757955407609844
1979-02-01,1.0,0.0882096994817386,0.6826740434570409
1979-02-02,1.0,0.06899287148695142,0.678060013153649
1979-02-05,1.0,0.004719409600814549,0.7114117489462152
1979-02-06,0.0,-0.016079505374348234,0.7209231638911435
1979-02-07,0.0,-0.04449692907716699,0.6798805930461164
1979-02-08,0.0,-0.011038747314822074,0.6413315959263275
1979-02-09,1.0,0.0012150669781680898,0.6184414730417508
1979-02-12,1.0,0.01563959977486309,0.6785801552889117
1979-02-13,1.0,0.02625253308739874,0.70401576283472
1979-02-14,1.0,0.04111283109292654,0.7479013148855236
1979-02-15,1.0,0.018396839576173964,0.7379550704135611
1979-02-16,1.0,0.01586219384002478,0.7201674603189303
1979-02-19,1.0,0.0020132883788553315,0.6736790486982825
1979-02-20,1.0,0.0036371024131676695,0.6124047920398505
1979-02-21,1.0,0.002191017707501717,0.5824532313712939
1979-02-22,0.0,-0.014167651921246987,0.6101399934490558
1979-02-23,0.0,-0.0120241929668017,0.6122935987689709
1979-02-26,0.0,-0.042944451829741354,0.6200026921397325
1979-02-27,0.0,-0.033428725277597285,0.5943920755492571
1979-02-28,0.0,-0.03667719377867092,0.6012876954194547
1979-03-01,0.0,-0.039349338788547766,0.5772675625588647
1979-03-02,0.0,-0.028631812674327153,0.5901243766253408
1979-03-05,1.0,0.007738196095121888,0.5968484463159509
1979-03-06,0.0,-0.0027148392992686183,0.5924837602795955
1979-03-07,0.0,-0.01141683391990567,0.6390269560235254
1979-03-08,1.0,0.0037554811507308906,0.6518716443997645
1979-03-09,1.0,0.012371291802546829,0.6263045234402796
1979-03-12,1.0,0.009331327428884222,0.574383105664363
1979-03-13,1.0,0.012468989479733749,0.57527300105874
1979-03-14,1.0,0.0016687529946789504,0.591347079072961
1979-03-15,1.0,0.011388465564546235,0.5917011869862439
1979-03-16,0.0,-0.006166514915664015,0.599885817423462
1979-03-19,1.0,0.012307847674596773,0.6472984559863788
1979-03-20,1.0,0.009250759772150997,0.634167060198812
1979-03-21,1.0,0.018584057451791453,0.6647614803225456
1979-03-22,0.0,-0.005574495699126422,0.669046315237597
1979-03-23,0.0,-0.009946207150330337,0.7083684586906133
1979-03-26,0.0,-0.022889957005133885,0.6980703086798339
1979-03-27,0.0,-0.01796270037417248,0.711553021527458
1979-03-28,0.0,-0.019209513533892632,0.6832626579170515
1979-03-29,0.0,-0.003525877343508962,0.6872145920717402
1979-03-30,0.0,-0.001458789463659873,0.642634195801699
1979-04-02,1.0,0.0020837682055444232,0.5943977803483722
1979-04-03,0.0,-0.001042209578443754,0.5930981324352942
1979-04-04,0.0,-0.005856532112712983,0.6092010173626655
1979-04-05,0.0,-0.028236178436893147,0.5626001751274947
1979-04-06,0.0,-0.03329046950206164,0.5594366124733533
1979-04-09,0.0,-0.02957545516954584,0.5495439430750236
1979-04-10,1.0,0.004785195857278139,0.5700069023429079
1979-04-11,0.0,-0.008214896118891481,0.5198690467017084
1979-04-12,1.0,0.012319612057535496,0.4479380995869346
1979-04-17,1.0,0.03308189717885271,0.4644624603019948
1979-04-18,1.0,0.03621448370435512,0.5003115092523077
1979-04-19,1.0,0.005381921498166071,0.5617926070600824
1979-04-20,1.0,0.030412675099217436,0.5739313540618257
1979-04-23,1.0,0.035054921894682796,0.5416638495058167
1979-04-24,1.0,0.031214033087031866,0.5457847591610224
1979-04-25,1.0,0.01843936694579983,0.5802815492013406
1979-04-26,1.0,0.01759816236375303,0.6489347893708597
1979-04-27,1.0,0.019303657417168957,0.6268063412924747
1979-04-30,1.0,0.014770121823748126,0.643557417554947
1979-05-01,1.0,0.002624938407772324,0.6762604569755768
1979-05-02,1.0,0.02387035410722597,0.685182190929467
1979-05-03,1.0,0.020080996057049126,0.648828108199672
1979-05-04,1.0,0.01021132108345442,0.656662106733884
1979-05-08,1.0,0.025970336555567394,0.6584333225154041
1979-05-09,1.0,0.033901551675681416,0.6441945353473634
1979-05-10,1.0,0.017876912582087727,0.6460100630675871
1979-05-11,1.0,0.019295735506721083,0.63291661841734
1979-05-14,1.0,0.04289156462931293,0.6145865785033159
1979-05-15,1.0,0.03801571225434793,0.5887657675141885
1979-05-16,1.0,0.02938845899950049,0.5648296864498911
1979-05-17,1.0,0.026704112974470073,0.5861538991609306
1979-05-18,1.0,0.053533373240021345,0.5614271985756364
1979-05-21,1.0,0.0440534090932517,0.5417400156012527
1979-05-22,1.0,0.018109334621210504,0.5826524289246765
1979-05-23,1.0,0.03879836972354604,0.5826170716558176
1979-05-24,1.0,0.04213298314025263,0.5514843225264988
1979-05-25,1.0,0.008833329427756598,0.5560726966940202
1979-05-29,1.0,0.003463680429382275,0.5922606147864178
1979-05-30,1.0,0.03544214664993198,0.6128583063370173
1979-05-31,1.0,0.005266515396182985,0.5572452511206463
1979-06-01,1.0,0.017654935238720745,0.48885889664078136
1979-06-04,1.0,0.0340420084045531,0.5270314733783443
1979-06-05,1.0,0.010859835236008725,0.498861530665632
1979-06-06,0.0,-0.01221718393859164,0.4680457797972744
1979-06-07,1.0,0.010629773091311995,0.5251468190534089
1979-06-08,0.0,0.0,0.48748322048925163
1979-06-11,0.0,-0.0155263224282087,0.4543675888575937
1979-06-12,1.0,0.009139029651003248,0.4881536315966026
1979-06-13,1.0,0.017027026648630143,0.5163321035597155
1979-06-14,1.0,0.011758553438078134,0.4600710896173363
1979-06-15,1.0,0.012246137601063118,0.47262100228683296
1979-06-18,1.0,0.020824815926098233,0.4987738024469746
1979-06-19,1.0,0.004094353739292811,0.45835496140918064
1979-06-20,1.0,0.0015981535852917829,0.4446319078291563
1979-06-21,0.0,-0.022931854036203344,0.457716110691621
1979-06-22,0.0,-0.021214807583823415,0.47152155201793616
1979-06-25,0.0,-0.004767379030239687,0.46106864835402067
1979-06-26,0.0,-0.00035536603074750277,0.4812715106035293
1979-06-27,1.0,0.0060145237032268525,0.4597886985010076
1979-06-28,1.0,0.04378967792592802,0.4747239603892611
1979-06-29,1.0,0.04492168739151165,0.4589108865883187
1979-07-02,1.0,0.018760960535323147,0.4984859724017047
1979-07-03,1.0,0.0320041304126778,0.501002851427536
1979-07-04,1.0,0.023702747862777533,0.5035236588851617
1979-07-05,1.0,0.008635632249605325,0.539739576133078
1979-07-06,0.0,-0.009693688508701047,0.5565930238504668
1979-07-09,1.0,0.013286365751857095,0.5710362471051019
1979-07-10,1.0,0.019768878287553776,0.5137341433456306
1979-07-11,1.0,0.04000871177698322,0.4968786976109139
1979-07-12,1.0,0.028481328437266983,0.5212585297431043
1979-07-13,1.0,0.03855817117642048,0.535090322898442
1979-07-16,1.0,0.044257977120533365,0.492854968866884
1979-07-17,1.0,0.029758658411294398,0.5530258647434664
1979-07-18,1.0,0.003963671580739449,0.5771512156471804
1979-07-19,1.0,0.02002217957426108,0.5714251868771959
1979-07-20,1.0,0.023324190249241587,0.5198541570723139
1979-07-23,0.0,-0.011545567801813976,0.5359030151272846
1979-07-24,0.0,-0.029252542837437397,0.5368617151772426
1979-07-25,0.0,-0.04466156326094847,0.5612370773356123
1979-07-26,0.0,-0.0459272936197548,0.47564584485148176
1979-07-27,0.0,-0.06519275734016769,0.4780176570964648
1979-07-30,0.0,-0.0640520214928504,0.5343308704955748
1979-07-31,0.0,-0.03903857423475024,0.5320788220560512
1979-08-01,0.0,-0.003799003014926252,0.55879282689232
1979-08-02,1.0,0.019028776678015044,0.5516067230820642
1979-08-03,1.0,0.05846645849996394,0.5943860103728957
1979-08-06,1.0,0.05522083854617584,0.5321038885550888
1979-08-07,1.0,0.023913806349655328,0.5092040817675645
1979-08-08,1.0,0.04350351713000318,0.4825424843973527
1979-08-09,1.0,0.0025212216061345307,0.4882617397058373
1979-08-10,0.0,-0.010590865169587122,0.45223023726624106
1979-08-13,0.0,0.0,0.4945728514543869
1979-08-14,1.0,0.02869395170698058,0.5526282675933503
1979-08-15,1.0,0.029862706936798933,0.5611561507745568
1979-08-16,1.0,0.04014357072119056,0.6485700767845872
1979-08-17,1.0,0.046164543439285464,0.6728038319121161
1979-08-20,1.0,0.05850571595552807,0.6875762658676715
1979-08-21,1.0,0.04775960400846179,0.6453235074390781
1979-08-22,1.0,0.025241438508730157,0.7109200493406588
1979-08-23,1.0,0.0161564739673419,0.7060352431745583
1979-08-24,1.0,0.025564004839773016,0.7095290926260598
1979-08-28,1.0,0.025712363128489034,0.6876432061897804
1979-08-29,1.0,0.04285039278164781,0.6773751627906432
1979-08-30,1.0,0.050587605723772196,0.6542488366491758
1979-08-31,1.0,0.04362352515065668,0.6689373986798836
1979-09-03,1.0,0.04066094098199439,0.6291488728961053
1979-09-04,1.0,0.043648764669013435,0.6247843127536223
1979-09-05,1.0,0.02432187147464316,0.606063212292113
1979-09-06,0.0,-0.007629627855105198,0.612202347503516
1979-09-07,1.0,0.04934699933530443,0.6388839726831974
1979-09-10,1.0,0.04491707724827456,0.6212996649897716
1979-09-11,1.0,0.10145008163433311,0.5984663650079287
1979-09-12,1.0,0.0904170218005121,0.5829811149267309
1979-09-13,1.0,0.13217892416380006,0.6230836791715504
1979-09-14,1.0,0.06493607079133709,0.5402992398513164
1979-09-17,1.0,0.07830263467673683,0.5851362291588811
1979-09-18,1.0,0.00252508606491158,0.5831285458232187
1979-09-19,1.0,0.012790480664368983,0.6158526106557917
1979-09-20,1.0,0.03997953448727707,0.516515464300723
1979-09-21,1.0,0.07376916137629812,0.6421583329335383
1979-09-24,1.0,0.08645259839931863,0.5691619157448172
1979-09-25,1.0,0.12299023157137498,0.6907309026380263
1979-09-26,1.0,0.0728649639141248,0.6423226731343156
1979-09-27,0.0,-0.029508234619981737,0.6489398723391764
1979-09-28,0.0,-0.03132247112904116,0.5803207202352529
1979-10-01,0.0,-0.10878207479740734,0.5925270585000654
1979-10-02,0.0,-0.0991202457977417,0.52119482903715
1979-10-03,1.0,0.026995504342011735,0.68208141690879
1979-10-04,1.0,0.044564980799089576,0.7788645600393671
1979-10-05,1.0,0.025642430613337652,0.7253415869174014
1979-10-08,1.0,0.07979453792415497,0.8202535986643932
1979-10-09,1.0,0.021666125371519077,0.7975591748236815
1979-10-10,0.0,-0.06761022349620191,0.6930949876225297
1979-10-11,0.0,-0.053721356085075826,0.6832234300107604
1979-10-12,0.0,-0.005076153031860661,0.6929242112467962
1979-10-15,0.0,-0.02742655240683903,0.601817443756078
1979-10-16,0.0,-0.02374189155536357,0.7174493651770267
1979-10-17,1.0,0.02304839543629109,0.8092557670827919
1979-10-18,1.0,0.029265328208699776,0.8063480528987604
1979-10-19,0.0,-0.04688358589885038,0.7303898748401031
1979-10-22,0.0,-0.0470060423759306,0.8074928393799815
1979-10-23,0.0,-0.019407900016438516,0.772417343374653
1979-10-24,0.0,-0.03346515629454664,0.6689715103899033
1979-10-25,0.0,-0.03453543263293695,0.7158249836284543
1979-10-26,0.0,-0.005883943158974716,0.815786329760733
1979-10-29,1.0,0.018543577712169104,0.803243015885554
1979-10-30,1.0,0.017588063299452516,0.7987847126692571
1979-10-31,1.0,0.033465156294546695,0.7987798366770879
1979-11-01,1.0,0.028647792433299395,0.7737652174087175
1979-11-02,1.0,0.04382178249936679,0.7221395751126547
1979-11-05,1.0,0.031646166811686256,0.6554138867847958
1979-11-06,1.0,0.00751785783162356,0.7139369808349928
1979-11-07,0.0,-0.012739025777429714,0.7159016498458223
1979-11-08,0.0,-0.009026495845972078,0.7236447659790013
1979-11-09,1.0,0.002179907255497134,0.7019968860327628
1979-11-12,0.0,-0.008683492182778182,0.7184552862305118
1979-11-13,1.0,0.0014194466542262925,0.7334617861371693
1979-11-14,1.0,0.01564618828755879,0.7305534250963887
1979-11-15,1.0,0.018353848972694067,0.7154252662356153
1979-11-16,1.0,0.004218067224162524,0.7280997871022405
1979-11-19,1.0,0.013756426333972425,0.742978552138923
1979-11-20,1.0,0.015355388083194518,0.701365540219336
1979-11-21,1.0,0.037286786729704556,0.7151062700258223
1979-11-22,1.0,0.046103710338334075,0.7232450754592882
1979-11-23,1.0,0.05858172018663454,0.6574779025592827
1979-11-26,1.0,0.08135552239056824,0.6371435335816897
1979-11-27,1.0,0.09085582945494461,0.6234478503788482
1979-11-28,1.0,0.036298158710679304,0.738551234976869
1979-11-29,1.0,0.052173402485210046,0.7284698793200881
1979-11-30,1.0,0.034871448870477516,0.6839515994614743
1979-12-03,1.0,0.005582058918183722,0.713958914952856
1979-12-04,1.0,0.03262522731607661,0.7059685302749761
1979-12-05,1.0,0.04550146024221415,0.7705878414894834
1979-12-06,1.0,0.056146053994146794,0.7179176980333779
1979-12-07,1.0,0.059530649494225936,0.736705822636555
1979-12-10,1.0,0.08521224124998425,0.7619378006568873
1979-12-11,1.0,0.06926219548534744,0.7383061613546317
1979-12-12,1.0,0.0904601383889887,0.698748656230302
1979-12-13,1.0,0.027304716818296482,0.6871031603559881
1979-12-14,1.0,0.03506112429530199,0.6712138628650831
1979-12-17,1.0,0.08665632639119028,0.6032292134152264
1979-12-18,1.0,0.1585840853557684,0.6354382003918955
1979-12-19,1.0,0.2607094829543885,0.6313312381466103
1979-12-20,1.0,0.2208078458251147,0.7190557009563042
1979-12-21,1.0,0.2919532171240914,0.6385575203410712
1979-12-28,1.0,0.17513433212784915,0.6412930004773055
1980-01-02,1.0,0.08181469832944042,0.6513389169208501
1980-01-03,0.0,-0.05038054487390608,0.6625716208348206
1980-01-04,1.0,0.057819570888826236,0.7517197297310336
1980-01-07,1.0,0.0409798352592774,0.5332943483741455
1980-01-08,1.0,0.11449896045519357,0.7639003505034917
1980-01-09,1.0,0.22446020719895643,0.8112535271192783
1980-01-10,1.0,0.21840479696703632,0.892016798950245
1980-01-11,1.0,0.2928852060634023,0.762685205242409
1980-01-14,1.0,0.2529965144638909,0.7962424755680607
1980-01-15,1.0,0.07530817059142443,0.6564962823544129
1980-01-16,0.0,-0.08940658771558462,0.5014158896042952
1980-01-17,0.0,-0.044997365930735805,0.44628704528857177
1980-01-18,0.0,-0.2231435513142097,0.39440176080177614
1980-01-21,0.0,-0.30908598111493446,0.43658153139601114
1980-01-22,0.0,-0.08966512619413552,0.8573894313425362
1980-01-23,0.0,-0.005772021797122289,0.9138144893181587
1980-01-24,0.0,-0.0934987113231893,0.8423165124248954
1980-01-25,1.0,0.01264427407419709,0.953192720853649
1980-01-28,1.0,0.07075414005529047,0.9622937280782208
1980-01-29,1.0,0.01142869582362285,0.7895119370755794
1980-01-30,1.0,0.025715702764457515,0.7287501707322194
1980-01-31,1.0,0.06843120280563814,0.9082229311552079
1980-02-01,1.0,0.022653508006826868,0.5957587543486129
1980-02-04,1.0,0.05906443911243721,0.5650930471388202
1980-02-05,1.0,0.018162504350936342,0.7096872743694206
1980-02-06,0.0,-0.017428860170069938,0.7325398038510107
1980-02-07,0.0,-0.024978674238607047,0.6695075771728631
1980-02-08,0.0,-0.0367959097020459,0.7855780378170437
1980-02-11,0.0,-0.07145896398214498,0.7984487437844041
1980-02-12,0.0,-0.06276423817756065,0.8560237407644664
1980-02-13,0.0,-0.13954668029274309,0.9034696765508735
1980-02-14,0.0,-0.025242617187607938,0.9229152223715652
1980-02-15,0.0,-0.057070226530045294,0.9365383171479409
1980-02-18,0.0,-0.07045166095061135,0.9484997759269331
1980-02-19,0.0,-0.015450288026844861,0.8488794090328559
1980-02-20,1.0,0.04831857727080773,0.8770821408256123
1980-02-21,0.0,-0.028987536873252298,0.7966463748944074
1980-02-22,1.0,0.011049836186584935,0.8468681146131719
1980-02-25,1.0,0.027596232300993843,0.7466159132900987
1980-02-26,0.0,-0.017275655400423327,0.7255462219758664
1980-02-27,1.0,0.011723463696059234,0.6926123905840831
1980-02-28,0.0,-0.03144913268250335,0.7701148210797665
1980-02-29,0.0,-0.044951387862266275,0.7649268553454083
1980-03-03,0.0,-0.08004270767353637,0.7350101088418346
1980-03-04,0.0,-0.10162711942507215,0.8228035598173402
1980-03-05,0.0,-0.09411431394044473,0.8520326657585477
1980-03-06,0.0,-0.11768320038449903,0.873019061694861
1980-03-07,0.0,-0.1522368036449742,0.8889156626966153
1980-03-10,0.0,-0.18952694051522484,0.9116853967112308
1980-03-11,0.0,-0.16916862992631712,0.8947166085340292
1980-03-12,0.0,-0.1056071645543743,0.9011116766424864
1980-03-13,1.0,0.008053734807096825,0.9225352065359482
1980-03-14,1.0,0.003816798526700811,0.9271561895343938
1980-03-17,1.0,0.14272198400363548,0.9425786709244134
1980-03-18,1.0,0.1279995051647921,0.9206554757047151
1980-03-19,0.0,-0.037703837625419914,0.8679538529264889
1980-03-20,0.0,-0.14505668347357667,0.8728014885542799
1980-03-21,0.0,-0.06899287148695143,0.9005828831270312
1980-03-24,0.0,-0.1212597396575004,0.7313744918686269
1980-03-25,0.0,-0.07147588374019276,0.8419966857144374
1980-03-26,0.0,-0.01388911216066715,0.9536349496905422
1980-03-27,1.0,0.001029866208429809,0.9790436631563776
1980-03-28,1.0,0.07469089260158922,0.9609335022428624
1980-03-31,1.0,0.11361753568451706,0.9828028506318304
1980-04-01,1.0,0.0318713600749304,0.9793435911536678
1980-04-02,1.0,0.05821235929876252,0.9696970497046431
1980-04-03,1.0,0.0867111088908589,0.9555084848265569
1980-04-08,0.0,-0.05950072710761399,0.9401261855974953
1980-04-09,0.0,-0.06333587517181076,0.9351946979711444
1980-04-10,0.0,-0.025025367566940373,0.9710848877405528
1980-04-11,0.0,-0.028488686989005484,0.9642084321258622
1980-04-14,0.0,-0.045868527860942906,0.9532165720130479
1980-04-15,1.0,0.009801058555341366,0.9785458130675384
1980-04-16,0.0,-0.026304487886734985,0.955888785203249
1980-04-17,1.0,0.005249355886143745,0.9294021320749875
1980-04-18,1.0,0.06731056762852486,0.9426464849407049
1980-04-21,1.0,0.03543200049456385,0.9619257238457226
1980-04-22,1.0,0.022340150656455435,0.8807593649626286
1980-04-23,1.0,0.022450918570745087,0.9087781919906864
1980-04-24,0.0,-0.05111980995224101,0.9054366919692811
1980-04-25,0.0,-0.07334112768099386,0.8387142459653111
1980-04-28,0.0,-0.022667958769466045,0.8557801431589362
1980-04-29,0.0,-0.007326040092072898,0.8497903976524046
1980-04-30,0.0,-0.004353090308121818,0.8208377227315234
1980-05-01,1.0,0.036568061403783776,0.9020896397590075
1980-05-02,1.0,0.0014623448864797101,0.9015163379104363
1980-05-06,0.0,-0.0009760859730554598,0.8674786744590808
1980-05-07,1.0,0.028987536873252187,0.8759701805722057
1980-05-08,1.0,0.0024207225570680225,0.8926021000421763
1980-05-09,1.0,0.01610183605123724,0.8031071637495967
1980-05-12,1.0,0.0009737099114014389,0.8266334400106
1980-05-13,0.0,-0.008335424579013718,0.8545089935845102
1980-05-14,0.0,-0.02214823322301079,0.791993771193841
1980-05-15,0.0,-0.03143677342356436,0.839091965748574
1980-05-16,0.0,-0.010216581202681698,0.8213776174147867
1980-05-19,1.0,0.002041709911527051,0.8060831180722815
1980-05-20,1.0,0.036262131113536045,0.7729890624852912
1980-05-21,1.0,0.011809255427831497,0.7826766054024228
1980-05-22,1.0,0.06659478880293859,0.7747693358921095
1980-05-23,1.0,0.09375306682148635,0.7738444166946904
1980-05-27,1.0,0.07067495766993637,0.7785947642309643
1980-05-28,1.0,0.08201315166083507,0.728332668842325
1980-05-29,1.0,0.11298151738595655,0.7213368136634645
1980-05-30,1.0,0.10871622350479866,0.7124459533473863
1980-06-02,1.0,0.10513787288723059,0.7089684179616129
1980-06-03,1.0,0.08912076454290696,0.7498590727526684
1980-06-04,1.0,0.04197618383048444,0.5187360426622325
1980-06-05,1.0,0.01408173471736401,0.4648035862507988
1980-06-06,1.0,0.01891544699253576,0.5163499532415546
1980-06-09,0.0,-0.047188241520098706,0.5890548271835016
1980-06-10,0.0,-0.02048994954072161,0.5936273555540093
1980-06-11,1.0,0.010846998299460354,0.6059677562417382
1980-06-12,1.0,0.015139061215684306,0.624368503568028
1980-06-13,0.0,-0.009081214889777936,0.5881906460334394
1980-06-16,1.0,0.002517835992341035,0.7142842382101933
1980-06-17,1.0,0.018832948333092178,0.5956924465793183
1980-06-18,1.0,0.03265596297405272,0.4879362996973064
1980-06-19,1.0,0.041689731450183065,0.46579654316490865
1980-06-20,1.0,0.05580293153722144,0.47008600400285305
1980-06-23,1.0,0.09126329152630575,0.420109381798827
1980-06-24,1.0,0.0903226382932857,0.3621984363856086
1980-06-25,1.0,0.060766355216147636,0.3738841591977007
1980-06-26,1.0,0.060577524206629874,0.37026861182655285
1980-06-27,1.0,0.044485862586182076,0.3895431890111154
1980-06-30,1.0,0.02119685721012803,0.38556178116761075
1980-07-01,1.0,0.0408219945202552,0.40860380130588675
1980-07-02,1.0,0.01425915341667141,0.4751799540143067
1980-07-03,0.0,-0.010606160029411362,0.4757630026963661
1980-07-04,1.0,0.0007499062968603522,0.4861178315967939
1980-07-07,0.0,-0.02656702738472175,0.5450963556413875
1980-07-08,0.0,-0.10414912847152927,0.5110993480030197
1980-07-09,0.0,-0.07141756725662,0.546604495308643
1980-07-10,0.0,-0.04557750849631925,0.5218778363563581
1980-07-11,0.0,-0.09591005984630926,0.4731172697209008
1980-07-14,0.0,-0.05129329438755058,0.5127477685035461
1980-07-15,0.0,-0.010547765132985736,0.6331190716761393
1980-07-16,1.0,0.010350410874507908,0.524180255839022
1980-07-17,1.0,0.024799538991087704,0.45949354364433614
1980-07-18,1.0,0.07278106674429662,0.5700399365872297
1980-07-21,1.0,0.041242958534049,0.4376477036371453
1980-07-22,1.0,0.05359488512992711,0.3430384946018833
1980-07-23,0.0,-0.00357072388912906,0.32749960353079427
1980-07-24,0.0,-0.045742712836330905,0.3576892296016273
1980-07-25,0.0,-0.046720960074431654,0.2883610134995382
1980-07-28,0.0,-0.020012439515014278,0.355657642697805
1980-07-29,0.0,-0.025446665661164262,0.3442868963276807
1980-07-30,0.0,-0.0019892586627461638,0.4646152209689586
1980-07-31,1.0,0.024523842083113347,0.5169264708912565
1980-08-01,1.0,0.012779726646399021,0.5377735761748487
1980-08-04,0.0,-0.022040563615779357,0.526865090404961
1980-08-05,0.0,-0.041284697374132755,0.5738453829439262
1980-08-06,0.0,-0.020113308766529177,0.5117070051570285
1980-08-07,0.0,-0.005575482384303284,0.4407197793830226
1980-08-08,0.0,-0.008768489819945975,0.4709977254102263
1980-08-11,0.0,-0.0077283280731107245,0.512121020864532
1980-08-12,1.0,0.030921910338586146,0.45812625611295116
1980-08-13,1.0,0.03120253131362249,0.43959244448247736
1980-08-14,1.0,0.030287467498624772,0.47060137120716905
1980-08-15,1.0,0.02326606488643255,0.4546045238509962
1980-08-18,1.0,0.026752058660887458,0.40856245829311166
1980-08-19,1.0,0.015661965015308137,0.33540010327959136
1980-08-20,1.0,0.0008661076876995923,0.3973467381745675
1980-08-21,0.0,-0.02193585800915362,0.4923994237345518
1980-08-22,0.0,-0.01648367303811606,0.4964344917685422
1980-08-26,1.0,0.017575421860552852,0.43126379939957854
1980-08-27,1.0,0.0045647804748307,0.4898281935991057
1980-08-28,1.0,0.018635290359159572,0.5121171272714153
1980-08-29,1.0,0.03080766161899969,0.5201457508823761
1980-09-01,1.0,0.06652461910920063,0.4797014828371961
1980-09-02,1.0,0.04655552636801563,0.46035281132617173
1980-09-03,1.0,0.07522911134845939,0.48580895432530125
1980-09-04,1.0,0.04049749228065994,0.4873597271015837
1980-09-05,1.0,0.051638856793799884,0.48295524102308907
1980-09-08,0.0,-0.00821820090438621,0.5038717014168235
1980-09-09,0.0,-0.0037355291850874705,0.5142893779937548
1980-09-10,0.0,-0.01986089556329793,0.46337606822431165
1980-09-11,0.0,-0.0029717703891574817,0.514402709302614
1980-09-12,0.0,-0.016918388090062055,0.4612491029498045
1980-09-15,1.0,0.06322483041659768,0.5540906615507831
1980-09-16,1.0,0.062384256266595134,0.4765210421301957
1980-09-17,1.0,0.05422361789242754,0.5196364900093091
1980-09-18,1.0,0.03760253189328196,0.4835968991932684
1980-09-19,1.0,0.03606291355700197,0.5196744565428156
1980-09-22,0.0,-0.04427572172890398,0.42759676848408407
1980-09-23,0.0,-0.06425726674111719,0.4441054272228603
1980-09-24,0.0,-0.040939289693693225,0.4231693548410389
1980-09-25,0.0,-0.04694664772238989,0.40394481596281867
1980-09-26,0.0,-0.056295900506928884,0.35430565387624857
1980-09-29,0.0,-0.005536090906203586,0.5007232841467036
1980-09-30,1.0,0.016953339346600173,0.48015232184858386
1980-10-01,0.0,-0.0073583849311871,0.43805558583437143
1980-10-02,1.0,0.03577737289726341,0.43937012710501844
1980-10-03,1.0,0.036786611220515235,0.43637029824113843
1980-10-06,1.0,0.006271926112326632,0.36925045109389826
1980-10-07,0.0,-0.014332105866725996,0.357672856157004
1980-10-08,1.0,0.0014760150281206794,0.4120255845193726
1980-10-09,0.0,-0.023461486678998045,0.3362513512773107
1980-10-10,0.0,-0.021760032461162006,0.3483177592335305
1980-10-13,0.0,-0.03404106502796954,0.3589607971657455
1980-10-14,0.0,-0.024225257345149437,0.37557208850452467
1980-10-15,0.0,-0.02690745291992438,0.3476927685808986
1980-10-16,0.0,-0.06039282375786468,0.4045660512931461
1980-10-17,0.0,-0.05755328057755698,0.38249591321538473
1980-10-20,0.0,-0.03052197522838567,0.38036774983560967
1980-10-21,0.0,-0.03231739292854487,0.3294828958618811
1980-10-22,0.0,-0.02454110891611766,0.36126679691371427
1980-10-23,1.0,0.01252952961493253,0.36089309542439435
1980-10-24,0.0,-0.006339165443735654,0.3371275807986336
1980-10-27,1.0,0.005087078080564045,0.29861396040008964
1980-10-28,1.0,0.022305757514298186,0.3103129878449667
1980-10-29,1.0,0.012345835822299362,0.3321234157850177
1980-10-30,0.0,-0.016477422622517494,0.27780877171797236
1980-10-31,0.0,-0.05389058963509077,0.2976161555482912
1980-11-03,0.0,-0.04470017891790694,0.29743985245721555
1980-11-04,0.0,-0.07637297878457397,0.3081808511393245
1980-11-05,0.0,-0.0511318608574558,0.3605384334951958
1980-11-06,0.0,-0.015949301407677953,0.4246812417453831
1980-11-07,1.0,0.027308275353532373,0.3571665941391016
1980-11-10,0.0,-0.001225240096101021,0.34729715066249006
1980-11-11,1.0,0.03367874768656832,0.4479106246272441
1980-11-12,1.0,0.016410214163522497,0.43950400876768286
1980-11-13,1.0,0.013573062665794835,0.41356677086543403
1980-11-14,1.0,0.03568227816590576,0.3039659850378573
1980-11-17,1.0,0.030982160218432177,0.35163164699440874
1980-11-18,0.0,-0.0044525473276961925,0.3040255690124246
1980-11-19,0.0,-0.010776396445266465,0.3954841154056802
1980-11-20,0.0,-0.013573062665794756,0.40445300788096206
1980-11-21,0.0,-0.02391504966948792,0.37849369004793065
1980-11-24,1.0,0.006319136351478532,0.3854334197788911
1980-11-25,1.0,0.017293815276020762,0.4222470731616547
1980-11-26,1.0,0.006798666459078613,0.4543017841685538
1980-11-27,1.0,0.01515784905136626,0.4732231864591425
1980-11-28,0.0,-0.004042042690011042,0.5242068535195888
1980-12-01,0.0,-0.05005080095787665,0.5159269514655992
1980-12-03,0.0,-0.0796440630599254,0.4980127260900817
1980-12-04,0.0,-0.11698622286522078,0.4954769440105764
1980-12-05,0.0,-0.11526246200370413,0.481286461614525
1980-12-08,0.0,-0.06397165065229363,0.43355687865226095
1980-12-09,0.0,-0.0738532924121186,0.4661939513747841
1980-12-10,0.0,-0.006063249411057856,0.3946437759912479
1980-12-11,1.0,0.027398974188114347,0.4447034179649723
1980-12-12,1.0,0.02153456101050881,0.48074312394752267
1980-12-15,1.0,0.026838671610071908,0.42697270199106585
1980-12-16,1.0,0.07136675984211374,0.48573781752239836
1980-12-17,1.0,0.03121912718691355,0.34187749686719526
1980-12-18,1.0,0.02794078171835893,0.30302810085016785
1980-12-19,1.0,0.03838424300831529,0.33197439655494715
1980-12-22,1.0,0.007537724131426673,0.36989738979769393
1980-12-23,0.0,-0.029475818132953576,0.3192176320195786
1980-12-29,0.0,-0.03252319170556006,0.40844015258174887
1980-12-30,0.0,-0.02055746913329434,0.4016925832839353
1981-01-05,0.0,-0.06125243391197471,0.3968896460503496
1981-01-06,0.0,-0.06284339352765217,0.5012451975466968
1981-01-07,0.0,-0.049944676516257024,0.580930904531672
1981-01-08,0.0,-0.005670680408425622,0.560825271680255
1981-01-09,0.0,-0.029866075754172446,0.5390893731186498
1981-01-12,1.0,0.00841643949394726,0.6120008905428922
1981-01-13,0.0,-0.0013336298931505982,0.5972312501041246
1981-01-14,1.0,0.03790669795677785,0.5557336837882114
1981-01-15,0.0,-0.013210231736806462,0.47684656356835836
1981-01-16,0.0,-0.013917171877982944,0.5112650575340666
1981-01-19,0.0,-0.06987548407734603,0.4112580874846545
1981-01-20,0.0,-0.07001016557264891,0.4482821493318807
1981-01-21,0.0,-0.09903683836178587,0.3765026668985971
1981-01-22,0.0,-0.13302493528272727,0.49608180811147623
1981-01-23,0.0,-0.08783367783359677,0.4581111334030934
1981-01-26,0.0,-0.06851994643675606,0.47944084031880885
1981-01-27,0.0,-0.0747687893883861,0.47178770122796343
1981-01-28,0.0,-0.035978601035231685,0.5759116598893846
1981-01-29,1.0,0.009574273186561491,0.5930059971213434
1981-01-30,0.0,-0.011916724933462741,0.5034467795909953
1981-02-02,1.0,0.03777785213902699,0.5013748352769242
1981-02-03,1.0,0.06614391560662611,0.4980905974245594
1981-02-04,0.0,-0.007952328190495035,0.4538547421989463
1981-02-05,0.0,-0.016688124325437363,0.3888279775115015
1981-02-06,0.0,-0.01814565916805398,0.45646132094323044
1981-02-09,0.0,-0.044385245936107626,0.37031548334228825
1981-02-10,0.0,-0.03675983599335449,0.34239025327649164
1981-02-11,1.0,0.007952328190495015,0.515583032470361
1981-02-12,1.0,0.026171599443445263,0.5028431347444843
1981-02-13,1.0,0.03988564580445996,0.5037457129274325
1981-02-16,1.0,0.022688142325534535,0.5886133682462495
1981-02-17,1.0,0.004483195553811631,0.6138724293123338
1981-02-18,0.0,-0.008950830520084557,0.5670793249123856
1981-02-19,0.0,-0.022608348027592765,0.5333302467875829
1981-02-20,0.0,-0.044985095916809104,0.5200022269502085
1981-02-23,0.0,-0.07449151068486846,0.5331086955786839
1981-02-24,0.0,-0.06573207608332149,0.5851991302884986
1981-02-25,0.0,-0.07249550203815347,0.6140689192620458
1981-02-26,0.0,-0.06399666254940128,0.5671234654859169
1981-02-27,0.0,-0.04603323180597475,0.6019052865438528
1981-03-02,1.0,0.01862251209800185,0.5203710235230353
1981-03-03,1.0,0.033919244371252384,0.5117236436927682
1981-03-04,1.0,0.022830829723789046,0.5599057486445272
1981-03-05,1.0,0.035128678548549036,0.535531520410805
1981-03-06,1.0,0.052149458823410766,0.5318069368329428
1981-03-09,1.0,0.05237336456538583,0.42546631628763026
1981-03-10,1.0,0.012238806515054561,0.45608436625272675
1981-03-11,1.0,0.060593742846554915,0.4757933199849344
1981-03-12,1.0,0.06479999322691543,0.4271490470493661
1981-03-13,1.0,0.04908048206956952,0.43778592964009805
1981-03-16,1.0,0.051193239357200354,0.48805805826676607
1981-03-17,1.0,0.08358432533950207,0.5843847886285362
1981-03-18,1.0,0.0425596144187959,0.5018168641596815
1981-03-19,1.0,0.05623205897981791,0.5225286079131883
1981-03-20,1.0,0.041692442856079925,0.614225365605043
1981-03-23,1.0,0.0009501188363202567,0.6483740762101343
1981-03-24,0.0,-0.04286370443178239,0.6145565301140004
1981-03-25,0.0,-0.026386755173194887,0.6761804216242073
1981-03-26,0.0,-0.03777597415890721,0.6449966348535798
1981-03-27,0.0,-0.029670177353034673,0.6693911271673192
1981-03-30,1.0,0.013676232968804094,0.6958502243850028
1981-03-31,1.0,0.0009727627226221415,0.7299629709597018
1981-04-01,0.0,-0.011244313044451943,0.6583505753229728
1981-04-02,0.0,-0.03227664043954287,0.6773499371230209
1981-04-03,0.0,-0.058058605191386684,0.6654480646086675
1981-04-06,0.0,-0.11924780814619822,0.5871819770577318
1981-04-07,0.0,-0.06269287488049384,0.5809138349392533
1981-04-08,0.0,-0.06552228904770387,0.5324340916915017
1981-04-09,0.0,-0.041609249320698614,0.5653092905701036
1981-04-10,0.0,-0.02565558876777505,0.589694220619916
1981-04-13,1.0,0.055926344688228644,0.6421717910988537
1981-04-14,1.0,0.011322817830264637,0.5113777821072163
1981-04-15,1.0,0.03760422462185599,0.5435956088536003
1981-04-16,1.0,0.0010357328735321183,0.5108258286231383
1981-04-21,1.0,0.003631651202862546,0.4960710715258514
1981-04-22,0.0,-0.04856563847900778,0.35244727466955067
1981-04-23,0.0,-0.011840550174213585,0.49014502161668194
1981-04-24,0.0,-0.014256860624864977,0.4253467902249619
1981-04-27,0.0,-0.014073727211661965,0.504480400498909
1981-04-28,0.0,-0.001554807258023476,0.48502673834565285
1981-04-29,1.0,0.0010471205145255135,0.606122800970648
1981-04-30,1.0,0.006195166948925699,0.5283807868481423
1981-05-01,1.0,0.011218883604788244,0.5748075408107612
1981-05-05,1.0,0.016141980275720974,0.5722790578488016
1981-05-06,1.0,0.004657188236504937,0.5544608764272336
1981-05-07,0.0,-0.00261986002612567,0.5593841083684447
1981-05-08,0.0,-0.0015451973200663026,0.5711454242006304
1981-05-11,0.0,-0.02308386674821434,0.6107787493863013
1981-05-12,0.0,-0.005178675478451415,0.5664932219597529
1981-05-13,0.0,-0.009336167399296021,0.5823225443173501
1981-05-14,0.0,-0.003152919059615642,0.5372057393435321
1981-05-15,0.0,-0.025582183398916342,0.5835372802344909
1981-05-18,0.0,-0.03216728700707729,0.6112221990430303
1981-05-19,0.0,-0.031112448816348275,0.5638832150326824
1981-05-20,0.0,-0.0015645374768940056,0.5573216776081039
1981-05-21,1.0,0.00890757789111263,0.4976186015973975
1981-05-22,1.0,0.02196741054987347,0.5232678702707745
1981-05-26,1.0,0.01594930140767804,0.46999941837689696
1981-05-27,1.0,0.016467835628150494,0.48674021723904104
1981-05-28,0.0,-0.0350540404584353,0.5244414761801229
1981-05-29,0.0,-0.04099589244261318,0.5086116433983195
1981-06-01,0.0,-0.02038220546230732,0.5125496236140382
1981-06-02,0.0,-0.028894465999715003,0.4736684647434328
1981-06-03,0.0,-0.0196867225276224,0.4593019734410163
1981-06-04,1.0,0.003776643280335252,0.5043202486858062
1981-06-05,1.0,0.025752496102414764,0.4960601104679537
1981-06-08,0.0,-0.00476317386391244,0.5395581544876283
1981-06-09,1.0,0.0021691982475453135,0.5039819764830518
1981-06-10,0.0,-0.007551276443010745,0.4923407538609493
1981-06-11,0.0,-0.011372990172270024,0.4480804587999668
1981-06-12,0.0,-0.02956409886574099,0.43218662351362924
1981-06-15,0.0,-0.01982384768048169,0.5238700248224645
1981-06-16,1.0,0.010775966344491739,0.4690726987176203
1981-06-17,1.0,0.0005412720023895905,0.48694647229183674
1981-06-18,0.0,-0.027610809743991393,0.48406019661980526
1981-06-19,0.0,-0.03610500464211632,0.5230113191113764
1981-06-22,0.0,-0.07469089260158923,0.5248098467659262
1981-06-23,0.0,-0.09081867401802812,0.4844515739564889
1981-06-24,0.0,-0.090559577045727,0.49008498658716115
1981-06-25,0.0,-0.07436642574120406,0.446841717321022
1981-06-26,0.0,-0.06544390825238373,0.4292871856215545
1981-06-29,0.0,-0.060078123943283344,0.45922181952595875
1981-06-30,0.0,-0.05055227916283133,0.5067935956903055
1981-07-01,0.0,-0.059181646818115614,0.5200963434428406
1981-07-02,0.0,-0.020104240931402468,0.4649490757175341
1981-07-03,1.0,0.006020487781583025,0.45586355395602374
1981-07-06,1.0,0.022651718424166415,0.42762960143763434
1981-07-07,0.0,-0.006813281234046513,0.4132310260205399
1981-07-08,1.0,0.03580629422181207,0.4407194128232771
1981-07-09,1.0,0.02911060622298609,0.3797399482597293
1981-07-10,0.0,-0.003607941376199054,0.3693266018323045
1981-07-13,0.0,-0.0012113871862970932,0.35597527028545894
1981-07-14,1.0,0.009279373729239999,0.41525725940973707
1981-07-15,0.0,-0.0018209413225837745,0.3409965947055545
1981-07-16,0.0,-0.025425098365810056,0.40357742133087393
1981-07-17,0.0,-0.0182375875497809,0.5028779888047674
1981-07-20,0.0,-0.009132483563272474,0.5070401330300106
1981-07-21,0.0,-0.011145626214916292,0.4732431177502266
1981-07-22,0.0,-0.02273523424463186,0.5125161692268816
1981-07-23,0.0,-0.0043010818993905854,0.5621341766450357
1981-07-24,0.0,-0.037504395458454284,0.5267411267313498
1981-07-27,0.0,-0.04375698035710022,0.5053771730879403
1981-07-28,0.0,-0.022925805695608415,0.4666930896351428
1981-07-30,0.0,-0.022628243934105344,0.4807517746486611
1981-07-31,0.0,-0.021787354184907296,0.46102601718876207
1981-08-03,1.0,0.0031796529173798056,0.4635602767126888
1981-08-04,1.0,0.024614685452206162,0.4551191898626797
1981-08-05,1.0,0.062002816599702144,0.4342320689908458
1981-08-06,1.0,0.03498170554376739,0.44659200867061644
1981-08-07,1.0,0.03888178754420748,0.4783534101754994
1981-08-10,1.0,0.04409282997728166,0.42966809870949385
1981-08-11,1.0,0.04629328397084485,0.4149146256490857
1981-08-12,1.0,0.032982966232572464,0.39799059296255
1981-08-13,1.0,0.05202967144586244,0.4569889088238831
1981-08-14,1.0,0.03917414846327739,0.46117159474989955
1981-08-17,1.0,0.025196293918887266,0.4595981685954265
1981-08-18,0.0,-0.02470749365347495,0.49633685527500726
1981-08-19,0.0,-0.041401536698168234,0.593127307580031
1981-08-20,0.0,-0.041040549870267264,0.5372863512780467
1981-08-21,0.0,-0.009356793410881267,0.5371982254285136
1981-08-24,0.0,-0.001185536594101698,0.5414657402536084
1981-08-25,1.0,0.04823799106366904,0.6012989448459544
1981-08-26,1.0,0.05292240145434253,0.6136046173423274
1981-08-27,1.0,0.06522134806748199,0.6101288731058299
1981-08-28,1.0,0.02552342726622817,0.5631594034276072
1981-09-01,1.0,0.04067963563326118,0.5373882180381137
1981-09-02,1.0,0.015575740326557778,0.4188999693551312
1981-09-03,1.0,0.033786997577383314,0.4362373225426869
1981-09-04,1.0,0.01524161596861704,0.41949690682241847
1981-09-07,1.0,0.03323313436743388,0.4921470783509937
1981-09-08,1.0,0.0379933964392148,0.44609999467748424
1981-09-09,1.0,0.027661938728088333,0.4946322669846901
1981-09-10,1.0,0.016474837203505042,0.521046895486772
1981-09-11,1.0,0.0016792615197199939,0.5425613213417061
1981-09-14,1.0,0.026784875358819262,0.4876674748993147
1981-09-15,1.0,0.0130720815673527,0.4938823479325524
1981-09-16,1.0,0.01656581229276879,0.49135648836257906
1981-09-17,0.0,-0.028170876966696335,0.5288490765570681
1981-09-18,1.0,0.007799482434823669,0.5333451554938817
1981-09-21,0.0,-0.09498660756399974,0.49728428235065625
1981-09-22,0.0,-0.06771817405495086,0.5265361932097741
1981-09-23,0.0,-0.06271470155487348,0.4678629890780801
1981-09-24,0.0,-0.02151838407968292,0.5244040776821753
1981-09-25,0.0,-0.035012045959708464,0.42866976465795464
1981-09-28,1.0,0.04579183080559628,0.6025881200026771
1981-09-29,1.0,0.02572305301834763,0.5105397321935095
1981-09-30,1.0,0.03832324843071423,0.505950637199968
1981-10-01,1.0,0.014772995940151254,0.43862585433603857
1981-10-02,1.0,0.04164923846650725,0.4815250013551597
1981-10-05,1.0,0.018524245664168524,0.31945627241103697
1981-10-06,1.0,0.0005641749091816798,0.38021610537750045
1981-10-07,0.0,-0.002809779876103329,0.3599937268425266
1981-10-08,1.0,0.0076413451935307035,0.4117032962422743
1981-10-09,0.0,-0.021733928765565708,0.38176476200948106
1981-10-12,0.0,-0.028889393420159743,0.44140158244911115
1981-10-13,0.0,-0.013514486535442379,0.4546642587221937
1981-10-14,0.0,-0.03493054810674371,0.44895840944951987
1981-10-15,0.0,-0.029306958886779044,0.4455054405152375
1981-10-16,0.0,-0.025679014417691506,0.4982889704272544
1981-10-19,0.0,-0.024807114222144853,0.4941602469558665
1981-10-20,0.0,-0.022899115533827768,0.45023040202430875
1981-10-21,1.0,0.004187026354216453,0.4670825132434918
1981-10-22,0.0,-0.021556325509666983,0.46204130604645216
1981-10-23,0.0,-0.012798313143309509,0.46762320557826553
1981-10-26,1.0,0.009345862418237599,0.4084135394371241
1981-10-27,1.0,0.001986794319182093,0.4015028191218056
1981-10-28,1.0,0.0010440230633358867,0.3569469801363598
1981-10-29,1.0,0.00937873228643254,0.4070889293944183
1981-10-30,1.0,0.002923123975604794,0.3978913625376372
1981-11-02,0.0,-0.0005815644246494273,0.37583804887113303
1981-11-03,0.0,-0.02303024727469923,0.40605671210808103
1981-11-04,0.0,-0.04566461899604307,0.4330707016531488
1981-11-05,0.0,-0.04048171792070999,0.4153615525861565
1981-11-06,0.0,-0.03747093142949362,0.43346199571833915
1981-11-09,0.0,-0.0611701458057424,0.4490177577407605
1981-11-10,0.0,-0.048342235830475706,0.4277646510125257
1981-11-11,0.0,-0.020227474812660056,0.42438529915183104
1981-11-12,0.0,-0.025847592810555278,0.4263604043862237
1981-11-13,0.0,-0.02702867238791926,0.4490960040222374
1981-11-16,0.0,-0.018727139050697762,0.4597664196154179
1981-11-17,1.0,0.0012531329960674502,0.40554729469355416
1981-11-18,1.0,0.01414102875625785,0.3618411361568782
1981-11-19,1.0,0.020975475986554994,0.3982081500926258
1981-11-20,1.0,0.024601486730308236,0.41557254913310193
1981-11-23,1.0,0.043766615168831124,0.39223734436263247
1981-11-24,1.0,0.008107309763496152,0.36737271373387587
1981-11-25,0.0,-0.006738157193976911,0.3857656386024237
1981-11-26,1.0,0.016949558313773205,0.39323552174705095
1981-11-27,1.0,0.03463032615224596,0.3978089306564982
1981-11-30,1.0,0.005413547055553639,0.380774655230529
1981-12-01,1.0,0.03118565163478626,0.44488684146333235
1981-12-02,1.0,0.00856798387105305,0.482750889499364
1981-12-03,0.0,-0.02676558805142982,0.4966266048980747
1981-12-04,0.0,-0.038892128645431324,0.5031482930897988
1981-12-07,1.0,0.0017980226600067064,0.5494074699395991
1981-12-08,0.0,-0.004828011792270729,0.4740009376057273
1981-12-09,1.0,0.01571979166070321,0.49969685763681376
1981-12-10,1.0,0.026165167739186073,0.5428688705363852
1981-12-11,1.0,0.01453690044909795,0.5818077084594461
1981-12-14,0.0,-0.01690861539842726,0.5468149500431353
1981-12-15,0.0,-0.033588689926735076,0.5404490219230401
1981-12-16,0.0,-0.040022474189837946,0.5026447481323653
1981-12-17,0.0,-0.052400276393531675,0.4756462132745442
1981-12-18,0.0,-0.04488918397865046,0.4941167527981582
1981-12-21,0.0,-0.0384901639913611,0.49229285274598333
1981-12-22,1.0,0.0097124409356049,0.4404851058050358
1981-12-23,1.0,0.002743485945750834,0.45050703176031764
1981-12-29,1.0,0.003790276173780827,0.44743007304263294
1981-12-30,1.0,0.006894417782437585,0.45417399121734037
1982-01-04,0.0,-0.017236302872325398,0.45472322948570465
1982-01-05,0.0,-0.03659714409155716,0.3853455024319148
1982-01-06,0.0,-0.0550362806663849,0.41281377516652223
1982-01-07,0.0,-0.05641690409219558,0.393565655367479
1982-01-08,0.0,-0.053893733648182465,0.3921760560885761
1982-01-11,0.0,-0.03806233732390025,0.39386359010756217
1982-01-12,0.0,-0.02538372538980472,0.42962182195961246
1982-01-13,0.0,-0.022622388562617612,0.4350934442805341
1982-01-14,1.0,0.0033300064071874295,0.41467018571605596
1982-01-15,0.0,-0.00528752058068331,0.4354315975010077
1982-01-18,0.0,-0.0046932704317496675,0.41373225767052435
1982-01-19,0.0,-0.00727757098869332,0.4149654847944445
1982-01-20,1.0,0.027217079940927924,0.41055954715092857
1982-01-21,1.0,0.019750477417416302,0.3655610704530928
1982-01-22,1.0,0.025516595381823524,0.4090400983950121
1982-01-25,1.0,0.01996074256253815,0.4014811898412863
1982-01-26,1.0,0.007013857906996216,0.4246241791792364
1982-01-27,0.0,-0.009871748479154117,0.38407907118184964
1982-01-28,1.0,0.0006516780940959621,0.4246158234403966
1982-01-29,0.0,-0.007131310611076614,0.43719648107036907
1982-02-01,1.0,0.0006585446401975427,0.43511370160982243
1982-02-02,0.0,-0.0017158322694410077,0.46535441964237634
1982-02-03,1.0,0.010919006069305294,0.49510968281985934
1982-02-04,0.0,-0.009820046180975461,0.5225447648315376
1982-02-05,0.0,-0.017722813729625874,0.5504946166955602
1982-02-08,0.0,-0.01192067096231085,0.5030411076606608
1982-02-09,0.0,-0.008623602363932155,0.4894927713417118
1982-02-10,0.0,-0.021557404274361106,0.4953188868882972
1982-02-11,0.0,-0.028697331308942278,0.5246301441547283
1982-02-12,0.0,-0.022096647277590167,0.5178643486888704
1982-02-15,0.0,-0.029752025438257158,0.46919789141119606
1982-02-16,0.0,-0.03871451218069039,0.463937859229489
1982-02-17,0.0,-0.03054190565023466,0.47430870695346233
1982-02-18,0.0,-0.007611835039630094,0.4465667461540091
1982-02-19,0.0,-0.018173623090738465,0.445992262014718
1982-02-22,0.0,-0.00827020564867228,0.41415483881319
1982-02-23,1.0,0.0006922810937609341,0.4218485532262884
1982-02-24,0.0,-0.02512344280684986,0.4339309983195438
1982-02-25,0.0,-0.05597926774190125,0.4215005247622232
1982-02-26,0.0,-0.05732065405316374,0.44525731853577155
1982-03-01,0.0,-0.08896358013490091,0.42531575815114725
1982-03-02,0.0,-0.09275289880325152,0.41398981540686475
1982-03-03,0.0,-0.0604479589770035,0.42680899283950097
1982-03-04,0.0,-0.04350114541764105,0.4569004115131085
1982-03-05,0.0,-0.05755362661562007,0.44850936238735584
1982-03-08,0.0,-0.05760347148225861,0.484346038610786
1982-03-09,0.0,-0.01453180447924576,0.4981797803098229
1982-03-10,0.0,-0.052400276393531675,0.46519207701582527
1982-03-11,0.0,-0.03606067741854465,0.45999169468713297
1982-03-12,0.0,-0.023475256421366397,0.4823981135483549
1982-03-15,1.0,0.027814688182877193,0.4550244250278084
1982-03-16,1.0,0.014531804479245639,0.37341082883543836
1982-03-17,1.0,0.04863945962540471,0.48697001096351267
1982-03-18,1.0,0.02393012685003695,0.45568435806640095
1982-03-19,1.0,0.0203768805886962,0.4498530329281443
1982-03-22,0.0,-0.007195400980141377,0.3502893066013994
1982-03-23,0.0,-0.015302517426837107,0.41735656357987905
1982-03-24,0.0,-0.03606067741854465,0.38667726211093234
1982-03-25,0.0,-0.0022909517465558244,0.4412249469280878
1982-03-26,1.0,0.01692348082451246,0.42920036694090424
1982-03-29,1.0,0.05794303530036643,0.4708683842787045
1982-03-30,1.0,0.06347782001117135,0.5134606914177561
1982-03-31,1.0,0.10097591734000218,0.5563774539743376
1982-04-01,1.0,0.07224954035346616,0.5266482553694876
1982-04-02,1.0,0.0756323626928183,0.49498415786801625
1982-04-05,1.0,0.08311490671050659,0.47581701156554806
1982-04-06,1.0,0.050098659242667716,0.5360707180444904
1982-04-07,1.0,0.024416978630522675,0.4891315921824367
1982-04-08,1.0,0.015526070528919382,0.5261912728253335
1982-04-13,0.0,-0.030153038170687558,0.4915281754143084
1982-04-14,0.0,-0.05607635782815012,0.5097899704030323
1982-04-15,0.0,-0.05154688541903259,0.569541429305137
1982-04-16,0.0,-0.02937274098550759,0.5834589643765377
1982-04-19,0.0,0.0,0.5808754983702418
1982-04-20,1.0,0.025190248828558495,0.6357630300737529
1982-04-21,1.0,0.022104286777241272,0.6628947165472951
1982-04-22,1.0,0.010810916104215676,0.6524325506155416
1982-04-23,1.0,0.025229088647852338,0.6218005715796906
1982-04-26,0.0,-0.04365630617558009,0.5770985697833391
1982-04-27,0.0,-0.03869206826243032,0.511487413523424
1982-04-28,0.0,-0.058071466403899076,0.5090733280992062
1982-04-29,0.0,-0.04097134856429348,0.508999147867836
1982-04-30,0.0,-0.09351248866127006,0.5070919780216433
1982-05-04,0.0,-0.028191778010704237,0.6045025334162034
1982-05-05,0.0,-0.020600818106150946,0.5297491734314631
1982-05-06,0.0,-0.010518504191220234,0.5384853674563439
1982-05-07,0.0,-0.004491025512463827,0.5091310737569844
1982-05-10,1.0,0.0284663415869577,0.6090712228944208
1982-05-11,1.0,0.017158197889664037,0.48963133866394576
1982-05-12,1.0,0.03118292743668806,0.4871161272231217
1982-05-13,1.0,0.03415328232521717,0.47314959658560957
1982-05-14,1.0,0.01563113329351173,0.4771488941503452
1982-05-17,0.0,-0.028466341586957756,0.4428503211270174
1982-05-18,0.0,-0.030337211632416244,0.4733595108708611
1982-05-19,0.0,-0.03496079366017043,0.45476325061723033
1982-05-20,0.0,-0.05475683450572666,0.45846944687237107
1982-05-21,0.0,-0.03992997495971499,0.48538341619468517
1982-05-24,0.0,-0.03165065429273596,0.5424453473663456
1982-05-25,0.0,-0.029086208838384506,0.5302108064211122
1982-05-26,0.0,-0.030435795317404098,0.5589497471623402
1982-05-27,0.0,-0.017107726723917388,0.579595415024998
1982-05-28,0.0,0.0,0.5535025595404147
1982-06-01,1.0,0.03089048701933851,0.4728245762377934
1982-06-02,1.0,0.023274906354489647,0.4716401144671366
1982-06-03,1.0,0.019781204419300633,0.5052077253288689
1982-06-04,1.0,0.020187020919978857,0.48299236910964266
1982-06-07,0.0,-0.013932113896868796,0.48097144950335907
1982-06-08,0.0,-0.04272494466634127,0.44352942249875804
1982-06-09,0.0,-0.02799560748942698,0.45883672412221854
1982-06-10,0.0,-0.05585407560658581,0.46308843437661673
1982-06-11,0.0,-0.052062229450427745,0.43934620765545673
1982-06-14,0.0,-0.07777197000596844,0.5005820643187627
1982-06-15,0.0,-0.03554493741941135,0.5152732863399732
1982-06-16,0.0,-0.041874072471058885,0.4895668319204924
1982-06-17,1.0,0.004037147186971163,0.5027377624476496
1982-06-18,0.0,-0.010582109330536972,0.48721451881715644
1982-06-21,1.0,0.03558505375679505,0.4871684361059305
1982-06-22,1.0,0.016313575491523787,0.43148835271535985
1982-06-23,1.0,0.043450116926524576,0.48511733912325894
1982-06-24,0.0,0.0,0.4262263471844106
1982-06-25,1.0,0.023454370735370544,0.46152401205865967
1982-06-28,1.0,0.02489088759845633,0.3667961561572237
1982-06-29,1.0,0.006451635281488595,0.41913951963361074
1982-06-30,0.0,-0.034444734741725526,0.41278894336611116
1982-07-01,1.0,0.010420935988258837,0.5007644170545591
1982-07-02,1.0,0.04913268857764459,0.44720035091914445
1982-07-05,1.0,0.08436447232091089,0.4622319746374932
1982-07-06,1.0,0.1252577100730893,0.5045412826914387
1982-07-07,1.0,0.1397265071419026,0.5680394709525006
1982-07-08,1.0,0.110847825144141,0.5223833680478408
1982-07-09,1.0,0.05478794202219404,0.5687836092550609
1982-07-12,1.0,0.013034217838906906,0.5889016740004768
1982-07-13,0.0,-0.013566791448771017,0.5184287474603844
1982-07-14,1.0,0.03823893059378272,0.4600773554373832
1982-07-15,1.0,0.007820871716180296,0.45368197387414133
1982-07-16,1.0,0.04576652250353319,0.5424131793827431
1982-07-19,1.0,0.013576485773942736,0.5948825494622108
1982-07-20,1.0,0.010014389844403249,0.6303222489985406
1982-07-21,0.0,-0.05467374137984698,0.5663354420637076
1982-07-22,0.0,-0.030196399231016812,0.6345992283293254
1982-07-23,0.0,-0.05765244298151767,0.5372964105792878
1982-07-26,0.0,-0.0025582731405827674,0.5987810808674646
1982-07-27,0.0,-0.005710222510884326,0.5699360471212133
1982-07-28,0.0,-0.002163722445310919,0.6607118651087406
1982-07-29,1.0,0.01161116092767784,0.5698661175708514
1982-07-30,1.0,0.005380657204536487,0.6066092452703218
1982-08-02,0.0,-0.04467171767500261,0.501960872158656
1982-08-03,0.0,-0.03200273108617383,0.500475695938325
1982-08-04,0.0,-0.037518192145869815,0.47366226572649545
1982-08-05,0.0,-0.034498834058676014,0.42430192219033425
1982-08-06,0.0,-0.01977362119039241,0.4534540032438768
1982-08-09,1.0,0.01696831564085481,0.4774754787486855
1982-08-10,0.0,-0.0014792902105891703,0.4614787927843167
1982-08-11,1.0,0.07019155308088187,0.463179573883147
1982-08-12,1.0,0.0633709241527652,0.4642006777659216
1982-08-13,1.0,0.13408597254445778,0.46097235671309533
1982-08-16,1.0,0.14353966468187007,0.4212697252985786
1982-08-17,1.0,0.18834826466081508,0.44787741040256995
1982-08-18,1.0,0.11412700887000896,0.39677400837429805
1982-08-19,1.0,0.1563313130747544,0.4372154154163275
1982-08-20,1.0,0.07834956449727964,0.45187394331016706
1982-08-23,1.0,0.04218987983119564,0.4594114343050568
1982-08-24,0.0,-0.006150080885337797,0.38770373754462906
1982-08-25,1.0,0.021585790317369936,0.5066350498803665
1982-08-26,1.0,0.08721119715214906,0.425253163892821
1982-08-27,1.0,0.1257258891703202,0.5881002123288184
1982-08-31,1.0,0.15605824998863677,0.6261069745934402
1982-09-01,1.0,0.12236502349839941,0.6734489126645083
1982-09-02,1.0,0.1286384165017068,0.600061402802469
1982-09-03,0.0,-0.0044052934679163795,0.586631611603476
1982-09-06,0.0,-0.07670790861990513,0.6163391627844662
1982-09-07,0.0,-0.057219562829480576,0.5332993710456018
1982-09-08,0.0,-0.03273523915986772,0.5464280660711494
1982-09-09,0.0,-0.038276952626795105,0.461623288696329
1982-09-10,0.0,-0.025714105439019336,0.7072533034732541
1982-09-13,0.0,-0.03417650896083565,0.7734231245846527
1982-09-14,0.0,-0.06303534034454672,0.7113036701014034
1982-09-15,1.0,0.0011273958353081857,0.6511831013562559
1982-09-16,0.0,-0.02861053404126566,0.6367763990604176
1982-09-17,0.0,-0.024069929940266896,0.6241415035661975
1982-09-20,0.0,-0.02506097742306302,0.6040623813582923
1982-09-21,0.0,-0.03823643803925085,0.6428055294807709
1982-09-22,0.0,-0.07971412316568648,0.5385182950928903
1982-09-23,0.0,-0.0933618667703947,0.611796480292474
1982-09-24,0.0,-0.06965600148472674,0.5606767178087553
1982-09-27,0.0,-0.065546077897871,0.5126539946013032
1982-09-28,0.0,-0.050588369496941475,0.5061473713665883
1982-09-29,0.0,-0.014132339662788965,0.5936719662447135
1982-09-30,1.0,0.05274060924233963,0.5883263382546432
1982-10-01,1.0,0.07428563938346883,0.5475122684648954
1982-10-04,1.0,0.10406935989420638,0.5295633531760308
1982-10-05,1.0,0.12282404885196505,0.49796142666471727
1982-10-06,1.0,0.0594591205189997,0.48127581239548717
1982-10-07,1.0,0.06811634248545512,0.4117388108751361
1982-10-08,0.0,-0.001155401630555874,0.43828810839821314
1982-10-11,0.0,-0.004078071483378848,0.3824780585100369
1982-10-12,1.0,0.0005664117965082575,0.3746242114777415
1982-10-13,0.0,-0.015868684444137863,0.5050365818814255
1982-10-14,0.0,-0.03521090604305117,0.5187795837493596
1982-10-15,0.0,-0.01045913079013727,0.657384676578918
1982-10-18,0.0,-0.022791327192329885,0.6009764983729333
1982-10-19,0.0,-0.05171061934069643,0.6169486508335554
1982-10-20,0.0,-0.010122146560508718,0.6497066270988027
1982-10-21,0.0,-0.03350298650500067,0.6949454527764934
1982-10-22,0.0,-0.011160174568552146,0.6615334294290832
1982-10-25,1.0,0.02045351198380091,0.6412930714418015
1982-10-26,1.0,0.027640689400429554,0.6863996498426673
1982-10-27,1.0,0.023071120901311835,0.5864676261718611
1982-10-28,1.0,0.015421420685108076,0.6339364511373778
1982-10-29,0.0,-0.013678476722334501,0.5831812445392385
1982-11-01,0.0,-0.0479420745135458,0.5159563771723664
1982-11-02,0.0,-0.05178187385250354,0.5261821865697422
1982-11-03,0.0,-0.03936107388058031,0.5280060602104567
1982-11-04,0.0,-0.05691608610781576,0.5229476782612329
1982-11-05,0.0,-0.04783253900647248,0.5535396112829821
1982-11-08,0.0,-0.009870530476836243,0.5457431871446695
1982-11-09,0.0,-0.0042852835703269376,0.5655417130093939
1982-11-10,1.0,0.0036429912785010087,0.5680318290609147
1982-11-11,1.0,0.01790723985583202,0.5607954259239827
1982-11-12,1.0,0.04807203128399123,0.5490210047600056
1982-11-15,1.0,0.017819211887164666,0.49974583000434536
1982-11-16,0.0,-0.003687773079184736,0.5244143872132783
1982-11-17,0.0,-0.007909989523491442,0.5295213345226819
1982-11-18,1.0,0.004884014592425359,0.49267107191890086
1982-11-19,1.0,0.0003591309070740645,0.461730333344711
1982-11-22,1.0,0.05566860520792204,0.5077248476964477
1982-11-23,1.0,0.0712890837473017,0.5244829808332222
1982-11-24,1.0,0.07301653112507127,0.5469834393814968
1982-11-25,1.0,0.08350340420136587,0.5273326807479247
1982-11-26,1.0,0.05472844077200346,0.6219723898949467
1982-11-29,1.0,0.025591388069366103,0.6110950126606598
1982-11-30,1.0,0.041555670268499253,0.6069320244195713
1982-12-01,1.0,0.01073153478992459,0.6067548351376232
1982-12-02,0.0,-0.019802627296179754,0.5856136689685636
1982-12-03,0.0,-0.012542923847376243,0.6144844810672094
1982-12-06,0.0,-0.014706147389695449,0.6378603843077266
1982-12-07,0.0,-0.011284553866304777,0.6136121284692896
1982-12-08,0.0,-0.016997576368571136,0.6410573968882164
1982-12-09,1.0,0.0062660415786463435,0.6425814153836888
1982-12-10,1.0,0.002864510695459917,0.5989232089333398
1982-12-13,1.0,0.0034129725962399426,0.5831075034541432
1982-12-14,0.0,-0.01603802671133403,0.6021032039966624
1982-12-15,1.0,0.02204101659115938,0.5969647015999832
1982-12-16,1.0,0.012415509366934278,0.5240873605903884
1982-12-17,1.0,0.05237966059977138,0.5242880526553121
1982-12-20,1.0,0.03712180119291018,0.493837714802135
1982-12-21,1.0,0.016260520871780326,0.5265034802103207
1982-12-22,1.0,0.014979475652519392,0.4716219754771857
1982-12-23,1.0,0.01943965687428364,0.48072951488755206
1982-12-29,1.0,0.00972454989199478,0.5274987001419305
1982-12-30,1.0,0.036742773125850656,0.5336534492616396
1983-01-04,1.0,0.07498157741914603,0.5251299787838759
1983-01-05,1.0,0.05673003036899915,0.5416280448146819
1983-01-06,1.0,0.07162965613925486,0.5406596038153957
1983-01-07,1.0,0.03849671250108402,0.6045778273013059
1983-01-10,1.0,0.05039626770681651,0.6099228985529946
1983-01-11,1.0,0.0010314596066622124,0.5936255289885792
1983-01-12,1.0,0.030740125359695534,0.5873528416780979
1983-01-13,0.0,-0.0020502313691181263,0.5592314940665025
1983-01-14,1.0,0.003614772849042951,0.5814208729777253
1983-01-17,0.0,-0.04618573517047302,0.5782298938318738
1983-01-18,1.0,0.007702220362092303,0.6612213834209919
1983-01-19,0.0,-0.018330452143982965,0.5498536964644439
1983-01-20,1.0,0.01880614509755715,0.6016886095511804
1983-01-21,1.0,0.017880425277848364,0.5647301997448965
1983-01-24,1.0,0.04818974385718825,0.6160566729120482
1983-01-25,1.0,0.03961410418903908,0.5222448381527509
1983-01-26,1.0,0.023865057466844357,0.5762886535200141
1983-01-27,1.0,0.01400022867338966,0.508786156921642
1983-01-28,1.0,0.009574273186561491,0.5177799094774993
1983-01-31,0.0,-0.01869213301215252,0.4505407210716316
1983-02-01,0.0,-0.0223722977545331,0.5020181083504796
1983-02-02,0.0,-0.015676680087486274,0.5142549227468315
1983-02-03,0.0,-0.01500778543368945,0.5302626050426437
1983-02-04,1.0,0.011964250391770627,0.5252203570025785
1983-02-07,1.0,0.0206921336788196,0.5277283065015346
1983-02-08,1.0,0.023846137372833535,0.5595620636109897
1983-02-09,1.0,0.03603993648319687,0.5105540967206331
1983-02-10,1.0,0.017487330468019337,0.521563350844389
1983-02-11,0.0,-0.001984127635046704,0.5010492514743188
1983-02-14,1.0,0.007960241038388324,0.4890098398075391
1983-02-15,0.0,-0.04775976737553554,0.49999609195684275
1983-02-16,0.0,-0.07820074730747488,0.48519983721058
1983-02-17,0.0,-0.06074845315830568,0.48108602531237155
1983-02-18,0.0,-0.08008408555706359,0.5116177563704793
1983-02-21,0.0,-0.21107592549360607,0.48028085501293444
1983-02-22,0.0,-0.15931331390606523,0.5298277223064254
1983-02-23,0.0,-0.08947925949353165,0.4980367012053784
1983-02-24,0.0,-0.10069306261033116,0.5077681007810554
1983-02-25,0.0,-0.11926342082681775,0.5537981850546299
1983-02-28,1.0,0.029546918770857855,0.731127019322044
1983-03-01,1.0,0.008418570465595826,0.6232846337816812
1983-03-02,0.0,-0.009345862418237658,0.5370503283924349
1983-03-03,1.0,0.012149411810082281,0.6142911660108379
1983-03-04,1.0,0.019208273638266975,0.6671150890960722
1983-03-07,1.0,0.01825190496691907,0.3897329629314851
1983-03-08,1.0,0.03991140041453652,0.48426383962843916
1983-03-09,0.0,-0.016568426347232705,0.530021314006471
1983-03-10,0.0,-0.04288469162749507,0.513139356979958
1983-03-11,1.0,0.0029682420130750383,0.5377378032094167
1983-03-14,0.0,-0.03321776346248485,0.5298616650732502
1983-03-15,0.0,-0.03096946303887525,0.5316883534679171
1983-03-16,0.0,-0.021713760223784247,0.659702270096311
1983-03-17,0.0,-0.0024038473113945544,0.687023792135
1983-03-18,0.0,-0.023996352368328006,0.6230792739803332
1983-03-21,0.0,-0.0139692523638865,0.7006654592989563
1983-03-22,0.0,-0.02159652022686318,0.6875686168086933
1983-03-23,1.0,0.019324272826402842,0.6671235182516883
1983-03-24,0.0,-0.0018066852249490357,0.6417095657203159
1983-03-25,1.0,0.035781992616800186,0.6636836499778267
1983-03-28,1.0,0.04718701582637142,0.5666336938533186
1983-03-29,1.0,0.03229281950788409,0.5875697101045723
1983-03-30,1.0,0.007745049141815166,0.5626906427627469
1983-03-31,1.0,0.028522432603996117,0.6059598020227848
1983-04-05,1.0,0.01396183238176854,0.5597462882244736
1983-04-06,1.0,0.001748761739750397,0.5740409483074658
1983-04-07,1.0,0.022572015344965144,0.5827242387945322
1983-04-08,1.0,0.03556189361308536,0.6146851079331274
1983-04-11,1.0,0.0373714083705857,0.6164410207047702
1983-04-12,1.0,0.015477523068913143,0.6568368162745234
1983-04-13,1.0,0.010428831483484084,0.691050309476827
1983-04-14,1.0,0.009142920832674244,0.6699775598638086
1983-04-15,1.0,0.0011448198159332513,0.6357210149245549
1983-04-18,0.0,-0.0033917500011208836,0.6393840713367633
1983-04-19,0.0,-0.009142920832674189,0.6749055588336725
1983-04-20,1.0,0.0011520738601453878,0.6351624720408855
1983-04-21,0.0,-0.02534697908739717,0.6497538300657864
1983-04-22,0.0,-0.017893695318005266,0.6494469686093846
1983-04-25,0.0,-0.018286223823418154,0.6574861961264284
1983-04-26,0.0,-0.0063346022362388964,0.6481586789670125
1983-04-27,0.0,-0.0011520738601454212,0.6051525366174882
1983-04-28,1.0,0.00639723030773505,0.6291541872674462
1983-04-29,1.0,0.011005034322820035,0.5983527791969481
1983-05-03,1.0,0.023369544569028965,0.6238843075289403
1983-05-04,1.0,0.023409575988816954,0.6064753789300115
1983-05-05,1.0,0.013738052356598623,0.6050808191688868
1983-05-06,1.0,0.022923639901937024,0.5724077239921705
1983-05-09,1.0,0.005170939416232133,0.5770535945164836
1983-05-10,0.0,-0.00678351951164589,0.6370431298495928
1983-05-11,0.0,-0.0005644933821927641,0.6434112028792504
1983-05-12,1.0,0.006460043999281674,0.6229472432919391
1983-05-13,0.0,-0.005681833467430946,0.6102882254988202
1983-05-16,0.0,-0.00805527946031829,0.6132045984114438
1983-05-17,0.0,-0.009002396847284322,0.6683364381271721
1983-05-18,0.0,-0.0022611654631371774,0.6672369244419895
1983-05-19,0.0,-0.005891700704642536,0.6382570855075982
1983-05-20,0.0,-0.003424660881364103,0.6171916767418477
1983-05-23,1.0,0.010916511741350467,0.5598775636505244
1983-05-24,0.0,-0.0633182647323418,0.5908265702513421
1983-05-25,0.0,-0.06850790542507006,0.5744928846966806
1983-05-26,0.0,-0.06696570679518239,0.5235944242348539
1983-05-27,0.0,-0.06985087239758815,0.48242490033522417
1983-05-31,0.0,-0.0889873539208451,0.4642375459717007
1983-06-01,0.0,-0.01722059775167052,0.46600785965437724
1983-06-02,0.0,-0.011581964273612386,0.4670165157927203
1983-06-03,0.0,-0.0006077180375429016,0.5062161589807734
1983-06-06,1.0,0.012793351459909542,0.5228803157476217
1983-06-07,1.0,0.018932694446688568,0.5475398585700721
1983-06-08,1.0,0.012943169903891551,0.4353721090836056
1983-06-09,1.0,0.011581964273612499,0.43719770508782113
1983-06-10,1.0,0.010281312215921296,0.44208489653998323
1983-06-13,1.0,0.0066365251120043154,0.4409364310842932
1983-06-14,1.0,0.016653882747041205,0.41196144223423603
1983-06-15,1.0,0.029564747562428148,0.410234067888145
1983-06-16,1.0,0.019208273638266975,0.4296275945521664
1983-06-17,1.0,0.019070899796606106,0.44244261741406454
1983-06-20,1.0,0.008979407834223874,0.46581846215926376
1983-06-21,1.0,0.0030093311907094062,0.4292103092193076
1983-06-22,0.0,-0.013527470302708348,0.4258307889766474
1983-06-23,0.0,-0.010759219151739495,0.46795632561398237
1983-06-24,0.0,-0.017267472797455493,0.4843552970912371
1983-06-27,0.0,-0.008378265645997578,0.5151700933552249
1983-06-28,0.0,-0.012700503343885805,0.493960707772258
1983-06-29,0.0,-0.007743535365859333,0.4903180921038392
1983-06-30,0.0,-0.009055298821555051,0.4903966602950862
1983-07-01,1.0,0.02315330497471682,0.5080443145089387
1983-07-04,1.0,0.03426206360652214,0.4813035593078616
1983-07-05,1.0,0.043472162010639595,0.44148944331882983
1983-07-06,1.0,0.03719584825126528,0.4405166324621131
1983-07-07,1.0,0.03339606715801836,0.4474639640622007
1983-07-08,0.0,-0.008841790581461012,0.5000176164745551
1983-07-11,0.0,-0.018994591475733773,0.5205296706582744
1983-07-12,0.0,-0.012313260233356901,0.4757334010577308
1983-07-13,1.0,0.0023378152085289593,0.45923492797026466
1983-07-14,1.0,0.008177615665232172,0.44660877914621094
1983-07-15,1.0,0.002955958404199718,0.4940225167024282
1983-07-18,0.0,-0.000947418356039828,0.5057684398671214
1983-07-19,1.0,0.004121289318768713,0.486129906179094
1983-07-20,0.0,-0.004681108606502688,0.48495043683679995
1983-07-21,0.0,-0.009938696249529828,0.4685019110248838
1983-07-22,0.0,-0.0035482000560973304,0.46455979386790375
1983-07-25,0.0,-0.025804011956430128,0.4442728466478724
1983-07-26,0.0,-0.02679529170675656,0.4421823437209285
1983-07-27,0.0,-0.03643281410149193,0.4642453346723015
1983-07-28,0.0,-0.027398974188114388,0.4691207691343503
1983-07-29,0.0,-0.005346018078361562,0.4339267959589731
1983-08-01,0.0,-0.006709387779524035,0.44047835702797233
1983-08-02,0.0,-0.0030220633456395805,0.4300432383845568
1983-08-03,0.0,-0.006713482645660077,0.4363444174684896
1983-08-04,0.0,-0.005449604767564703,0.42702177614543835
1983-08-05,0.0,-0.017665543814845378,0.4314835812647809
1983-08-08,1.0,0.01819334596120573,0.4136827542152729
1983-08-09,1.0,0.017283195449867204,0.4167766694480625
1983-08-10,1.0,0.034309714946654045,0.43176443429113437
1983-08-11,1.0,0.023403408384160395,0.44673014209972733
1983-08-12,1.0,0.012889415332698374,0.48758809633761807
1983-08-15,1.0,0.013727461164814433,0.4319389540152617
1983-08-16,1.0,0.014647084440734762,0.46221646062636307
1983-08-17,1.0,0.0035440084347293315,0.45777378325314283
1983-08-18,1.0,0.004143243571334591,0.4687140291560414
1983-08-19,0.0,-0.0017969456767016304,0.46574940344231025
1983-08-22,0.0,-0.008692083063558322,0.4634225725807933
1983-08-23,0.0,-0.028908216544962388,0.48182744633819574
1983-08-24,0.0,-0.017606926405086053,0.46613681906043847
1983-08-25,0.0,-0.013678476722334501,0.4599678480891982
1983-08-26,1.0,0.0050233331322244775,0.43456627086622523
1983-08-30,1.0,0.00035870150441406386,0.4081749200629636
1983-08-31,0.0,-0.0024169196055387676,0.421948712871712
1983-09-01,0.0,-0.006260555001557346,0.42115074485552073
1983-09-02,0.0,-0.006608615220356252,0.42384702394981816
1983-09-05,0.0,-0.008025436857988818,0.39686231177476905
1983-09-06,0.0,-0.027880593767786167,0.3978136555898141
1983-09-07,0.0,-0.028222732083511552,0.3604339706001495
1983-09-08,0.0,-0.02136181320952888,0.36796538526525113
1983-09-09,0.0,-0.02255505551508629,0.38516925388150236
1983-09-12,0.0,-0.008454156633328788,0.38984522801529264
1983-09-13,1.0,0.01367375718021733,0.347712998438371
1983-09-14,1.0,0.02337129746195971,0.3152629398305513
1983-09-15,1.0,0.006150080885337693,0.33799016857181496
1983-09-16,1.0,0.018326719405565114,0.36873887789178494
1983-09-19,1.0,0.006648558790989991,0.3905049917900859
1983-09-20,0.0,-0.00024254183965620698,0.36950309687993116
1983-09-21,1.0,0.005698021114637796,0.3536341958329938
1983-09-22,1.0,0.0024494807103398186,0.36196229897763266
1983-09-23,0.0,-0.019560525854493596,0.36677097018975335
1983-09-26,0.0,-0.06469917661225205,0.41454980686054443
1983-09-27,0.0,-0.04654889358225031,0.41294773908443866
1983-09-28,0.0,-0.06003545788341643,0.4052664780413159
1983-09-29,0.0,-0.03675281291352935,0.38966646797740623
1983-09-30,0.0,-0.0189437369888227,0.40303834296931007
1983-10-03,1.0,0.030382083688122972,0.39184173674622896
1983-10-04,1.0,0.01388034903240552,0.38997715887102385
1983-10-05,1.0,0.013388787824948494,0.44524701492605206
1983-10-06,1.0,0.011732929650570531,0.42802641570796107
1983-10-07,1.0,0.0033913239813379414,0.43396898173916
1983-10-10,0.0,-0.015075662405447273,0.3723347542289593
1983-10-11,0.0,-0.004395611473038109,0.4000380409856094
1983-10-12,0.0,-0.0019017438378176946,0.38991088235262594
1983-10-13,0.0,-0.022578331010618492,0.4038426596893416
1983-10-14,0.0,-0.011349428255906555,0.4356621317051349
1983-10-17,0.0,-0.0012666246151929424,0.45780943889007986
1983-10-18,1.0,0.0018861998676122948,0.4503542306722733
1983-10-19,0.0,-0.0035596274555730364,0.45081890953546844
1983-10-20,0.0,-0.013561718992187218,0.48031421080488773
1983-10-21,0.0,-0.016624423786499608,0.4881986642911533
1983-10-24,0.0,-0.03219853167935372,0.4862998519218179
1983-10-25,0.0,-0.05221940413158874,0.49544467468674447
1983-10-26,0.0,-0.024756292661714713,0.482256081608585
1983-10-27,0.0,-0.017711187792849695,0.40325116960362534
1983-10-28,0.0,-0.017561426929947294,0.4263374962501908
1983-10-31,0.0,-0.006566011770890558,0.4168486067796155
1983-11-01,1.0,0.011842243656322818,0.4213106134368768
1983-11-02,0.0,0.0,0.40321425394449395
1983-11-03,1.0,0.010664310138798367,0.4033042003486242
1983-11-04,1.0,0.002621233479874287,0.4305381830312433
1983-11-07,1.0,0.008135460170467984,0.4294088725197005
1983-11-08,1.0,0.002612672942751768,0.4142955072625111
1983-11-09,1.0,0.0006525285712774368,0.45397216399172446
1983-11-10,0.0,-0.015972882658563402,0.43774792787572436
1983-11-11,0.0,-0.017828138093003872,0.46207467584666917
1983-11-14,0.0,-0.02139825404887843,0.4595238368494112
1983-11-15,0.0,-0.017769470511975295,0.4839676905125111
1983-11-16,0.0,-0.019763489118839635,0.49596989419673615
1983-11-17,0.0,-0.000665557428894454,0.4787093955084459
1983-11-18,1.0,0.0022625949627193254,0.4752388926899499
1983-11-21,1.0,0.05139342288587356,0.47927890013169755
1983-11-22,1.0,0.03906746819090949,0.4853418608435464
1983-11-23,1.0,0.07496303847345533,0.4820275878514715
1983-11-24,1.0,0.06132931589093232,0.45013779184695435
1983-11-25,1.0,0.06348272601337146,0.4405201329524919
1983-11-28,1.0,0.0075805795736775166,0.47107571185768693
1983-11-29,1.0,0.013950765256332593,0.47424722661201374
1983-11-30,0.0,-0.013047715392475519,0.45043000896024193
1983-12-01,1.0,0.004373640211447473,0.4407299970302516
1983-12-02,0.0,-0.030401327996218485,0.40854674493012594
1983-12-05,0.0,-0.015219063562462444,0.4918741595731185
1983-12-06,0.0,-0.01984293037534041,0.45227936162482346
1983-12-07,0.0,-0.02726000809561734,0.49508107607426266
1983-12-08,0.0,-0.03102496381312531,0.43341205049734005
1983-12-09,0.0,-0.030028365845485603,0.49837794438533073
1983-12-12,0.0,-0.04242071588395214,0.4574304509895315
1983-12-13,0.0,-0.028934639414962743,0.46651094007299376
1983-12-14,0.0,-0.027099104843223795,0.4775275283143097
1983-12-15,0.0,-0.025664145468888837,0.46870274687135954
1983-12-16,1.0,0.0019860979716293243,0.46263220607523703
1983-12-19,1.0,0.019541155206835453,0.4567799821535996
1983-12-20,1.0,0.012876278283758846,0.4365631290192193
1983-12-21,0.0,-0.012224441360690565,0.4354793322941035
1983-12-22,0.0,-0.009679847510983726,0.4248490332822984
1983-12-28,0.0,-0.007301725106016402,0.3683286306315282
1983-12-29,0.0,-0.04588513054643732,0.3286405437571706
1984-01-03,0.0,-0.031159299063736632,0.34899825552589575
1984-01-04,0.0,-0.016852437932985045,0.4010003200523224
1984-01-05,0.0,-0.018151758884180084,0.3884262310715066
1984-01-06,0.0,-0.005344034094271545,0.3927861158904843
1984-01-09,1.0,0.013596402517099355,0.4117978995419532
1984-01-10,0.0,-0.009472330635362498,0.40492912297180705
1984-01-11,1.0,0.0013586958611927161,0.3937936543869808
1984-01-12,1.0,0.01681842535331577,0.3933140398755025
1984-01-13,0.0,-0.0053727463023904454,0.39420205383628787
1984-01-16,1.0,0.002966560967397426,0.36740749798757444
1984-01-17,0.0,-0.007232070819955661,0.3996253433815899
1984-01-18,0.0,-0.0047635340160334695,0.38026974915594425
1984-01-19,0.0,-0.020897288928136856,0.38915833903385794
1984-01-20,0.0,-0.00337268447863923,0.42169561360149216
1984-01-23,0.0,-0.004047496081428747,0.40207372012080506
1984-01-24,1.0,0.02341583604330495,0.4046320760233793
1984-01-25,1.0,0.03129242097533237,0.4013696866165873
1984-01-26,1.0,0.043325669697353145,0.43321967910538944
1984-01-27,1.0,0.034793046068333146,0.42926421454891217
1984-01-30,1.0,0.029176784883333452,0.43776570965602135
1984-01-31,1.0,0.01592601677098613,0.39806151223484426
1984-02-01,1.0,0.021193885909916853,0.4333570192947466
1984-02-02,0.0,-0.0006525285712775723,0.460367851287208
1984-02-03,0.0,-0.014328210947146494,0.4545222049914771
1984-02-06,0.0,-0.010427072627731371,0.43035633300333315
1984-02-07,0.0,-0.009923998085987679,0.43697520793527794
1984-02-08,0.0,-0.008449839031309239,0.44814154894148606
1984-02-09,1.0,0.002347112826105923,0.4746945504754326
1984-02-10,1.0,0.011845360929436029,0.4745547327961979
1984-02-13,1.0,0.022045243910746203,0.44887620745580686
1984-02-14,1.0,0.04992933269968682,0.4377920530333576
1984-02-15,1.0,0.03148348690893548,0.46270597740819114
1984-02-16,1.0,0.03669784678340594,0.44769174640968756
1984-02-17,1.0,0.034969497072228586,0.4180641107745428
1984-02-20,1.0,0.021188593657232732,0.39938144461102093
1984-02-21,1.0,0.010069311005540317,0.4194628540246951
1984-02-22,0.0,-0.0025332502464336646,0.45751104226848033
1984-02-23,0.0,-0.013906671654427402,0.4604943486379835
1984-02-24,1.0,0.008178718128741925,0.44565422194438425
1984-02-27,1.0,0.030902565349726786,0.4830638909757168
1984-02-28,1.0,0.008107309763496152,0.5225836732436054
1984-02-29,1.0,0.010722272387122016,0.5762827341583445
1984-03-01,1.0,0.01139252828109484,0.5710043567592279
1984-03-02,1.0,0.002253098962909259,0.5402663893089038
1984-03-05,0.0,-0.025200934446063195,0.5598939280613391
1984-03-06,0.0,-0.013129291441792736,0.5947149879865491
1984-03-07,1.0,0.00313185348379388,0.5653546666020987
1984-03-08,0.0,-0.006946665130896435,0.5442626722874248
1984-03-09,0.0,-0.018041238717042073,0.5363781809532747
1984-03-12,0.0,-0.0054475335830230604,0.5639857090267976
1984-03-13,0.0,-0.008595679267492027,0.5487590203120947
1984-03-14,0.0,-0.018685053140581387,0.527450242555354
1984-03-15,0.0,-0.013140458262933733,0.5055797232959508
1984-03-16,0.0,-0.012425702689809089,0.47994019838724766
1984-03-19,0.0,-0.015877414205202965,0.48637622006564485
1984-03-20,0.0,-0.012776461008381007,0.5046295182655116
1984-03-21,0.0,-0.01696480733021208,0.5106650894250586
1984-03-22,1.0,0.0023088773725462933,0.4621659080087413
1984-03-23,1.0,0.001545595361780765,0.45239852131176456
1984-03-26,0.0,-0.000516395570473542,0.46207036710271054
1984-03-27,0.0,-0.019869493360905387,0.4837389555467685
1984-03-28,0.0,-0.014360560103867987,0.46070785571102607
1984-03-29,0.0,-0.020320378218295326,0.452662122694535
1984-03-30,0.0,-0.018575581197454515,0.4599061699427027
1984-04-02,0.0,-0.006997566456723242,0.439008865666016
1984-04-05,1.0,0.0018346224514233418,0.41590324391893924
1984-04-06,0.0,-0.002633312910760657,0.4016356992942019
1984-04-09,0.0,-0.006032805182043097,0.43439059026920074
1984-04-10,0.0,-0.0030201585559188355,0.4429698439710072
1984-04-11,0.0,-0.011114857806296407,0.4448917858385351
1984-04-12,1.0,0.007824766058229942,0.4281211050717741
1984-04-13,1.0,0.010491899523281797,0.41432762801605644
1984-04-16,1.0,0.005771264707163971,0.4265706567917856
1984-04-17,0.0,-0.0007893698607489672,0.42923334178684025
1984-04-18,0.0,-0.002633312910760657,0.4506285664385598
1984-04-19,0.0,-0.023926473310335414,0.4437257133780517
1984-04-24,0.0,-0.017769470511975295,0.43672778230659665
1984-04-25,0.0,-0.013032501971489632,0.44293301341700075
1984-04-26,0.0,-0.003691987316076415,0.4366100642397209
1984-04-27,0.0,-0.006746503530646263,0.45104736569517956
1984-04-30,0.0,-0.011508222821551067,0.44649365943714725
1984-05-01,0.0,-0.010412589072460132,0.4477109144092125
1984-05-02,0.0,-0.014951553390612979,0.4519025617242935
1984-05-03,0.0,-0.01597903505788926,0.4484696083850905
1984-05-04,0.0,-0.011077857698258793,0.4343233941708134
1984-05-08,1.0,0.004699572261485824,0.35971571333666713
1984-05-09,1.0,0.007087012346083285,0.38037417440014
1984-05-10,1.0,0.012696461899683903,0.4052790510628298
1984-05-11,1.0,0.00828770951449362,0.41426762514118864
1984-05-14,1.0,0.02177173477553474,0.4201749128388568
1984-05-15,1.0,0.01660616041638489,0.40431388015915404
1984-05-16,1.0,0.008755694035744277,0.4223459215295682
1984-05-17,0.0,-0.002260188424778697,0.43161513085835085
1984-05-18,1.0,0.022638503000348306,0.4396811342737165
1984-05-21,1.0,0.012657570961119491,0.45730991169211366
1984-05-22,1.0,0.018018505502678212,0.48946588163624216
1984-05-23,1.0,0.014945217869389555,0.49578520050296354
1984-05-24,1.0,0.047058331324673366,0.48396547113194505
1984-05-25,1.0,0.017544309650909525,0.5255431485906343
1984-05-29,1.0,0.020915627403452305,0.5555741113408986
1984-05-30,1.0,0.013495481474884509,0.5298536618549161
1984-05-31,1.0,0.0204785313435407,0.5047560942145467
1984-06-01,0.0,-0.01987882067501191,0.5026706625734507
1984-06-04,0.0,-0.02197890671877523,0.5370280079546359
1984-06-05,0.0,-0.048790164169432056,0.5225619820429009
1984-06-06,0.0,-0.04611278639871552,0.5116712388600789
1984-06-07,0.0,-0.04324716642813802,0.47910427767037844
1984-06-08,0.0,-0.04775443129589999,0.5395518228335775
1984-06-11,0.0,-0.03891749115586197,0.5156324579208572
1984-06-12,0.0,-0.011802712119151338,0.534614663689196
1984-06-13,0.0,-0.01075279177626185,0.5117915241947908
1984-06-14,0.0,-0.0129967663160664,0.5066154918522299
1984-06-15,1.0,0.016841085130806732,0.46588629945860494
1984-06-18,1.0,0.0036627593007606675,0.4562924765488283
1984-06-19,0.0,-0.002972573463002989,0.42882599757995654
1984-06-20,0.0,-0.0017583016635232865,0.4410225773613707
1984-06-21,1.0,0.005782306166733551,0.45097316361474027
1984-06-22,0.0,-0.0032115643822143328,0.40657547587195986
1984-06-25,1.0,0.002029084226781015,0.447724007685216
1984-06-26,0.0,-0.0033886850455168184,0.45144174095394524
1984-06-27,0.0,-0.0009480599342196135,0.4582273068089319
1984-06-28,0.0,-0.021961028984598716,0.45542024839112044
1984-06-29,0.0,-0.05453643735288659,0.490179691972883
1984-07-02,0.0,-0.08897891328594046,0.4846534402816629
1984-07-03,0.0,-0.06739391773397546,0.4927297877431859
1984-07-04,0.0,-0.08405934532554869,0.4849180293635832
1984-07-05,0.0,-0.06702699493874376,0.47256278308929905
1984-07-06,0.0,-0.02363160453327706,0.4001466925836713
1984-07-09,1.0,0.03369473560829035,0.4057796822823697
1984-07-10,1.0,0.008388825590518005,0.4098505216121542
1984-07-11,1.0,0.018978671829888973,0.4765701461964904
1984-07-12,1.0,0.02618215659031895,0.4723218660327133
1984-07-13,0.0,-0.008733679968754553,0.42548645331106555
1984-07-16,0.0,-0.04408829613555359,0.36124112839763084
1984-07-17,0.0,-0.025232870846952592,0.4243861952773662
1984-07-18,0.0,-0.011636494940808704,0.40752335389144784
1984-07-19,0.0,-0.01728153607431238,0.4089710052495079
1984-07-20,0.0,-0.019934214900817253,0.4817168718043365
1984-07-23,1.0,0.010393560527263302,0.5119671326024903
1984-07-24,1.0,0.01130951321474234,0.48360616360779335
1984-07-25,0.0,-0.008079368223608689,0.483561650755078
1984-07-26,0.0,-0.0005812264040406975,0.5201775644876266
1984-07-27,1.0,0.04091147597528319,0.5290223794375648
1984-07-30,1.0,0.031263905784741405,0.47396678596314484
1984-07-31,0.0,-0.0010228685044668196,0.5036374002884314
1984-08-01,1.0,0.01609398307326306,0.5340134708222902
1984-08-02,1.0,0.000726480235365932,0.5482566002996208
1984-08-03,0.0,-0.0071839389421302765,0.5284237154248494
1984-08-06,0.0,-0.01660088647466719,0.541616314481507
1984-08-07,1.0,0.034486176071169404,0.5507923687041031
1984-08-08,1.0,0.018407192135456,0.5183880534169499
1984-08-09,1.0,0.02297301317002546,0.5494845995760776
1984-08-10,1.0,0.015027116403156066,0.5875069422048261
1984-08-13,1.0,0.016744040150382323,0.5928800083744182
1984-08-14,0.0,-0.022858138076050208,0.5860119803108822
1984-08-15,0.0,-0.01695686555780961,0.6017801138347457
1984-08-16,0.0,-0.002842930130834092,0.5965511338411954
1984-08-17,0.0,-0.005698021114637779,0.5988339341765229
1984-08-20,1.0,0.0012874617328042794,0.5712586142873728
1984-08-21,1.0,0.012921931416920588,0.6017992152790459
1984-08-22,1.0,0.006500564603093463,0.5781154211265971
1984-08-23,0.0,-0.008577607988040388,0.6016422941628304
1984-08-24,0.0,-0.01583906402974607,0.6112203624840862
1984-08-28,0.0,-0.02474979792806656,0.5899615422504092
1984-08-29,0.0,-0.06558519329173922,0.5763622467219552
1984-08-30,0.0,-0.019629856044886092,0.551776967844719
1984-08-31,0.0,-0.024710559628661952,0.5797238834321924
1984-09-03,0.0,-0.01771771949909663,0.5495170008963359
1984-09-04,0.0,-0.0026412341106639265,0.5251035756002025
1984-09-05,1.0,0.030748579169424077,0.4832716737241924
1984-09-06,0.0,-0.010777398182898109,0.46223099965205255
1984-09-07,1.0,0.004991202375845093,0.504233340357102
1984-09-10,0.0,-0.009499848792828712,0.48366691564154474
1984-09-11,0.0,-0.010486766216386691,0.4695304337705045
1984-09-12,1.0,0.004421525257877477,0.4215425949694135
1984-09-13,1.0,0.00562464478724174,0.48612933292260274
1984-09-14,1.0,0.005985856255305752,0.49164252552442794
1984-09-17,1.0,0.03660730864176443,0.504238386174083
1984-09-18,1.0,0.0242036017408864,0.5017406548687567
1984-09-19,1.0,0.017782133031091607,0.4988116320131491
1984-09-20,1.0,0.019006420095490806,0.5065447820415809
1984-09-21,1.0,0.0007275373183769279,0.5446461444600956
1984-09-24,0.0,-0.006780665090974137,0.5337718477491861
1984-09-25,1.0,0.0007243752580417016,0.5483732942327021
1984-09-26,1.0,0.006910479559280012,0.5621555556702363
1984-09-27,1.0,0.002892265212146717,0.5486117137890221
1984-09-28,1.0,0.00014544396796795726,0.5372740215514971
1984-10-01,0.0,-0.011062703798163263,0.5372121561882218
1984-10-02,0.0,-0.012386315005884765,0.49647484078639104
1984-10-03,0.0,-0.03133225336027037,0.5151988865817669
1984-10-04,0.0,-0.023819347787707924,0.5063835926004195
1984-10-05,0.0,-0.014355014335743316,0.4879112906083373
1984-10-08,0.0,-0.008673336253502301,0.4812206286125713
1984-10-09,0.0,-0.0044085302847659685,0.47460261142144894
1984-10-10,1.0,0.008255980847019078,0.4779801783442188
1984-10-11,1.0,0.00413223728491037,0.4565109068061017
1984-10-12,1.0,0.0017688683857451637,0.45380749881152765
1984-10-15,0.0,-0.0007384979288444161,0.42879001126824984
1984-10-16,1.0,0.0014716706114562507,0.4189300061214054
1984-10-17,0.0,-0.0016163400771202789,0.41107034626734784
1984-10-18,0.0,-0.0029498546464211237,0.40868404973602807
1984-10-19,0.0,-0.005612184276948749,0.4212397690081071
1984-10-22,0.0,-0.006373696816019298,0.40538560543466845
1984-10-23,0.0,-0.013323661198470543,0.41829762280833693
1984-10-24,0.0,-0.01930275225452871,0.43207522482990013
1984-10-25,0.0,-0.01398208112459491,0.42129623410042905
1984-10-26,1.0,0.01616018714260198,0.4160093369349032
1984-10-29,1.0,0.018270730727865354,0.398908348954031
1984-10-30,1.0,0.031105794229562056,0.40694022928936147
1984-10-31,1.0,0.04140952803555872,0.3702447527260053
1984-11-01,1.0,0.03907091164000585,0.3624002808777935
1984-11-02,1.0,0.010726295041982793,0.46143049655945906
1984-11-05,1.0,0.009590308900953335,0.46668324598102623
1984-11-06,1.0,0.01234760842093758,0.48770032565266863
1984-11-07,0.0,-0.005191820142046824,0.455191099114877
1984-11-08,0.0,-0.009698273886959635,0.430484727743824
1984-11-09,0.0,-0.00520382787502711,0.4596152534550564
1984-11-12,0.0,-0.0068200220814925066,0.43995580911266663
1984-11-13,0.0,-0.02236584103040368,0.45716566725575486
1984-11-14,0.0,-0.016032991742330114,0.4675711845693701
1984-11-15,0.0,-0.005250121436676067,0.4514427752965776
1984-11-16,0.0,-0.01019673802051498,0.4350822435773832
1984-11-19,0.0,-0.019109798050867925,0.42817831183334604
1984-11-20,0.0,-0.028867373450853478,0.44645184888304906
1984-11-21,0.0,-0.03376983074148816,0.4278724693290093
1984-11-22,0.0,-0.03375534215718113,0.4071954376478958
1984-11-23,0.0,-0.03728992824547289,0.41396986341073244
1984-11-26,0.0,-0.022209796469945264,0.39741437071705493
1984-11-27,0.0,-0.002707175664490675,0.3901361010242985
1984-11-28,1.0,0.002731827469163701,0.3276613942204522
1984-11-29,1.0,0.0004536176081412362,0.376092223067602
1984-11-30,0.0,-0.006097579868118445,0.41549639132116295
1984-12-03,0.0,-0.009912395305658734,0.4063551394880568
1984-12-04,0.0,-0.015939616412157187,0.3920780504702755
1984-12-05,0.0,-0.01650404209039102,0.3993556748131404
1984-12-06,0.0,-0.01984797979851185,0.4064185595945767
1984-12-07,0.0,-0.013857034661426241,0.40859442307051114
1984-12-10,0.0,-0.03509131981127006,0.3929381729395458
1984-12-11,0.0,-0.05585407560658581,0.40937571345503604
1984-12-12,0.0,-0.047973856453120696,0.3827994447809521
1984-12-13,0.0,-0.05303973594998067,0.3948991442736837
1984-12-14,0.0,-0.036310224056593086,0.37215930356943894
1984-12-17,0.0,-0.01858432211236619,0.3747553890262693
1984-12-18,0.0,-0.002267942005640705,0.39000787432336226
1984-12-19,0.0,-0.0009704027932785164,0.3861562586017011
1984-12-20,0.0,-0.006525308634922515,0.41265401302661814
1984-12-21,0.0,-0.028373010393821774,0.4073314150602866
1984-12-27,0.0,-0.019760584195527228,0.3942853704611033
1984-12-28,0.0,-0.03314127391407923,0.3733349150836917
1984-12-31,0.0,-0.022914259522875777,0.37558365253423787
1985-01-02,0.0,-0.01650202463638776,0.3888451793615662
1985-01-03,1.0,0.00494968837626015,0.41306933552673664
1985-01-04,1.0,0.003621999349897031,0.4030592504158082
1985-01-07,1.0,0.002511512412660994,0.42550423570959417
1985-01-08,0.0,-0.0006624710411210295,0.4093611460247377
1985-01-09,1.0,0.006302890330115525,0.4194481722728102
1985-01-10,1.0,0.005580188449977563,0.3987247192058498
1985-01-11,1.0,0.01225005110593797,0.420404811548782
1985-01-14,1.0,0.027218175055457813,0.42704481401009353
1985-01-15,1.0,0.016757415291941906,0.43934128747076723
1985-01-16,0.0,-0.007135183345284911,0.442545274617283
1985-01-17,0.0,-0.015337976945289171,0.46906974180700345
1985-01-18,0.0,-0.03216772199554892,0.48812849833810634
1985-01-21,0.0,-0.031407540210734664,0.45621376885064413
1985-01-22,0.0,-0.01196441380153089,0.47156241138186833
1985-01-23,1.0,0.008787257073098615,0.4688644775568813
1985-01-24,1.0,0.019095230405631804,0.48110219627925427
1985-01-25,1.0,0.010008423826839282,0.5007899962333573
1985-01-28,1.0,0.014338358349340838,0.48924204819816003
1985-01-29,0.0,-0.0013199143972032292,0.5148324765857385
1985-01-30,0.0,-0.004135313146420819,0.4936336315836654
1985-01-31,0.0,-0.021424682374140667,0.5266471672152374
1985-02-05,1.0,0.004140792666031387,0.5072245789822012
1985-02-06,1.0,0.003800087183466208,0.4888075508200958
1985-02-07,1.0,0.0042833673397579194,0.531032666536008
1985-02-08,1.0,0.003144396467484954,0.5177929095182477
1985-02-12,1.0,0.009120368335339558,0.5373999446368629
1985-02-13,0.0,-0.008798927856377326,0.5181853778071123
1985-02-14,0.0,-0.015957785438610806,0.5270149097494655
1985-02-15,0.0,-0.06766686813606891,0.5363578051218126
1985-02-19,0.0,-0.05729449867933553,0.528557316094906
1985-02-20,0.0,-0.04076697237382722,0.523090469349856
1985-02-21,0.0,-0.04119030201252684,0.5249655734015782
1985-02-22,0.0,-0.03721200809220059,0.5166664476895281
1985-02-25,1.0,0.015360748876297028,0.47905709037188254
1985-02-26,1.0,0.0074958949432101275,0.4740386931881235
1985-02-27,0.0,-0.011760772014439851,0.48990499644793756
1985-02-28,1.0,0.006408612909569377,0.5032323775125016
1985-03-01,1.0,0.012100406934087489,0.49463645314558874
1985-03-04,1.0,0.008108385664550029,0.4189240237784324
1985-03-05,1.0,0.0019085630847683224,0.4448132069364139
1985-03-06,1.0,0.009867646933076468,0.48570977565855566
1985-03-07,1.0,0.00396313088721243,0.46227308247297316
1985-03-08,1.0,0.005824926526347631,0.4681150932982467
1985-03-11,1.0,0.026618508098770796,0.47907300191761326
1985-03-12,1.0,0.09359105849835012,0.482844875038308
1985-03-13,1.0,0.11000089521432849,0.47444999275439453
1985-03-14,1.0,0.07214067777768234,0.4991447486772951
1985-03-15,1.0,0.07501048828342764,0.5103522281710117
1985-03-18,1.0,0.05136021535391424,0.5112296213051238
1985-03-19,1.0,0.021858793812499017,0.3893900453349347
1985-03-20,1.0,0.019560525854493572,0.39755190930880974
1985-03-21,1.0,0.04305948946044701,0.4515440420161561
1985-03-22,1.0,0.04265865864212266,0.3959193266871761
1985-03-25,1.0,0.02045061047129084,0.4212323063099852
1985-03-26,0.0,-0.015564516541111573,0.463817164604358
1985-03-27,0.0,-0.02808440543739333,0.5184199985090565
1985-03-28,0.0,-0.02955113943565478,0.4704569269787255
1985-03-29,0.0,-0.018855467792937786,0.4460082601837885
1985-04-01,1.0,0.0189718036945409,0.4868499592534778
1985-04-02,1.0,0.041480601120718705,0.5186520891987313
1985-04-03,1.0,0.026569942025106135,0.5233424177191451
1985-04-04,1.0,0.0537763967808042,0.5220506102260889
1985-04-09,1.0,0.02264478646128838,0.48477230288026246
1985-04-10,1.0,0.00030553009709110353,0.42921364638127735
1985-04-11,0.0,-0.00755290599593073,0.4067785956767645
1985-04-12,0.0,-0.008829407337282302,0.4342695856069824
1985-04-15,0.0,-0.019638093338243293,0.3920951458213991
1985-04-16,0.0,-0.011717398004981741,0.4353817773831627
1985-04-17,0.0,-0.016478389342692086,0.45757996424504593
1985-04-18,0.0,-0.02223165536159676,0.4819464768459191
1985-04-19,0.0,-0.010761056956298146,0.48363338010587165
1985-04-22,0.0,-0.01614798640798199,0.48681199061250074
1985-04-23,0.0,-0.01635838946946396,0.46646416957826525
1985-04-24,0.0,-0.02994707636795209,0.440888067150023
1985-04-25,0.0,-0.029101542459649504,0.4405352335844334
1985-04-26,0.0,-0.03379496459393475,0.4377339160085654
1985-04-29,0.0,-0.02830377616285182,0.44080041885222837
1985-04-30,0.0,-0.026807029372922658,0.4371435457710482
1985-05-01,1.0,0.008285579586772838,0.41600603441239764
1985-05-02,1.0,0.003982482364317568,0.406642730611143
1985-05-03,1.0,0.0260369737829954,0.4284693503102475
1985-05-07,1.0,0.040630588643510435,0.4145878105381271
1985-05-08,1.0,0.03115418728237932,0.42717561340776045
1985-05-09,1.0,0.015743398212588557,0.38402577338207133
1985-05-10,1.0,0.02511906009533202,0.4052537213948848
1985-05-13,1.0,0.007139561601371546,0.3935788721837959
1985-05-14,0.0,-0.03617482060950688,0.4175371491599029
1985-05-15,0.0,-0.020344989685021884,0.43591354611156385
1985-05-16,0.0,-0.014791772446879526,0.4437926728294275
1985-05-17,0.0,-0.024483332165466016,0.4356943089277348
1985-05-20,0.0,-0.03798423695247011,0.47865111285567713
1985-05-21,0.0,-0.009251940297496538,0.5221714160062139
1985-05-22,0.0,-0.005231049417552444,0.4823024827040185
1985-05-23,0.0,-0.004448688620684539,0.43545743102259926
1985-05-24,1.0,0.010745994684737371,0.4524748512640748
1985-05-28,1.0,0.014037557034717223,0.4594960015990405
1985-05-29,1.0,0.007026538012038402,0.4101034374596091
1985-05-30,1.0,0.0006355259190707615,0.42400771363869255
1985-05-31,1.0,0.0009549578952684918,0.4182635805020445
1985-06-03,0.0,-0.019362610945616084,0.4168545434933401
1985-06-04,0.0,-0.002061365988001442,0.4043245879036461
1985-06-05,1.0,0.0009543503189744527,0.3966651995023216
1985-06-06,0.0,-0.003341026097254538,0.4041155940478976
1985-06-07,1.0,0.012489293633994017,0.40105293374207956
1985-06-10,1.0,0.021874386206529504,0.41826934531045984
1985-06-11,1.0,0.027398974188114347,0.416573381355537
1985-06-12,1.0,0.034071118644442046,0.42557555116346646
1985-06-13,1.0,0.013769308309104954,0.4475340426301158
1985-06-14,0.0,-0.015197379717538378,0.5227948013168664
1985-06-17,0.0,-0.013416664043069402,0.5959918530633611
1985-06-18,0.0,-0.02581293103247965,0.6409861908637147
1985-06-19,0.0,-0.026942375583688897,0.5880909071675453
1985-06-20,0.0,-0.00979315992946543,0.5838612791797291
1985-06-21,1.0,0.013625052349585987,0.5889272947505396
1985-06-24,0.0,-0.0023864461250347095,0.5958282707911514
1985-06-25,0.0,-0.023247539936814183,0.6255314687768396
1985-06-26,0.0,-0.0204121263415866,0.6290189227452194
1985-06-27,0.0,-0.010852324829039757,0.5919241230750673
1985-06-28,0.0,-0.027114898796966134,0.5493851368063302
1985-07-01,1.0,0.0030218710868440716,0.5673416631152609
1985-07-02,1.0,0.02118519289029811,0.5311511812227638
1985-07-03,1.0,0.010258144129368147,0.5309494396180687
1985-07-05,1.0,0.01291369081704123,0.5328911790249439
1985-07-08,1.0,0.02111740607211218,0.559768364596686
1985-07-09,1.0,0.021678511541484213,0.5326652440885223
1985-07-10,1.0,0.03357329919363358,0.5168270233015907
1985-07-11,1.0,0.02036215880474241,0.524027173961213
1985-07-12,1.0,0.010243569202377342,0.5331040659079322
1985-07-15,1.0,0.00442268924978766,0.5304911629122216
1985-07-16,1.0,0.002328289759591168,0.5528380812981935
1985-07-17,0.0,-0.024404724058821867,0.5595413713081916
1985-07-18,0.0,-0.008158187701463582,0.5815218933929445
1985-07-19,0.0,-0.006133541285836478,0.5737504484702906
1985-07-22,1.0,0.028739842121988643,0.5577441174139206
1985-07-23,1.0,0.0023228814161397287,0.5786665805496891
1985-07-24,1.0,0.030223145005743246,0.6190869074755232
1985-07-25,1.0,0.014699248244844546,0.5801707018301573
1985-07-26,1.0,0.011138243630549362,0.5733649057310488
1985-07-29,0.0,-0.008458335702738233,0.5168944859609976
1985-07-30,0.0,-0.010730217252112921,0.5687888754590392
1985-07-31,0.0,-0.01957975137150522,0.5202105529124861
1985-08-01,1.0,0.0012410798986740089,0.5361291375998615
1985-08-02,1.0,0.003581721496284596,0.514431558408289
1985-08-05,1.0,0.00891764827301188,0.558156059460105
1985-08-06,1.0,0.020734148316631784,0.559761490518978
1985-08-07,1.0,0.014989077662906233,0.5648820121451665
1985-08-08,1.0,0.026317308317373576,0.5437013600797901
1985-08-09,1.0,0.04171076468873706,0.5285787396426997
1985-08-12,1.0,0.04269991785709805,0.5434714043578935
1985-08-13,1.0,0.023160045240593324,0.5279888849547817
1985-08-14,1.0,0.029916115251539355,0.5385941509083515
1985-08-15,1.0,0.01320151185853576,0.5576580710684197
1985-08-16,0.0,-0.0014920921896869922,0.5886288743732404
1985-08-19,0.0,-0.014478019180653112,0.6373442048329822
1985-08-20,1.0,0.0199991851867782,0.6353198012821969
1985-08-21,1.0,0.003269433734114627,0.5986721117463785
1985-08-22,0.0,-0.006728997352918471,0.6159669487140668
1985-08-23,0.0,-0.02005949170006882,0.6261209041619094
1985-08-26,0.0,-0.030213778596496595,0.6480898639422478
1985-08-27,0.0,-0.045458963138902846,0.5872412397337918
1985-08-28,0.0,-0.05992012226005311,0.6075388715251521
1985-08-29,0.0,-0.042605279051219844,0.5991926313382256
1985-09-03,0.0,-0.020159180798981217,0.5944640707306909
1985-09-04,0.0,-0.016235377870961798,0.5930955447167863
1985-09-05,0.0,-0.020155721092305835,0.6035732966079488
1985-09-06,1.0,0.012212458029504084,0.5962530682962754
1985-09-09,0.0,-0.00015658028686190892,0.5595952882622262
1985-09-10,0.0,-0.012671268484028555,0.5361863610742007
1985-09-11,0.0,-0.014128963454015778,0.5435673378859017
1985-09-12,0.0,-0.009283364601045474,0.5531040380951643
1985-09-13,0.0,-0.0067140544197466165,0.5067428897188554
1985-09-16,1.0,0.0252042719433262,0.540067175171798
1985-09-17,1.0,0.03799684886155489,0.5515139849021746
1985-09-18,1.0,0.03800379788293521,0.5499751570196427
1985-09-19,1.0,0.04012621031178713,0.5477281750164728
1985-09-20,1.0,0.029179993901101417,0.5671625874579891
1985-09-23,0.0,-0.002905422947576781,0.5554520171061396
1985-09-24,0.0,-0.02346193641523891,0.5617080133366232
1985-09-25,0.0,-0.010865513584307375,0.571157997810881
1985-09-26,0.0,-0.013299897948335835,0.5687162410288632
1985-09-27,0.0,-0.0018275972190240914,0.5823446209584802
1985-09-30,0.0,-0.002299732711531209,0.6190518267318434
1985-10-01,1.0,0.012642783261929648,0.6282899863233802
1985-10-02,1.0,0.004911752008308304,0.626174724568281
1985-10-03,1.0,0.0018450189735692967,0.6331342565101918
1985-10-04,0.0,-0.007343974255758394,0.6168805454774396
1985-10-07,1.0,0.0027590452818048116,0.6257765670961561
1985-10-08,1.0,0.0019897458160268162,0.5957063836722087
1985-10-09,0.0,-0.008920391357147072,0.6099789319807755
1985-10-10,0.0,0.0,0.6082068660236958
1985-10-11,1.0,0.0019943245085178697,0.620506155163355
1985-10-14,0.0,-0.0015318630446543,0.5930677425321416
1985-10-15,1.0,0.0022909517465557624,0.5919016489671419
1985-10-16,1.0,0.0069279008519966614,0.5793349179042389
1985-10-17,1.0,0.002148228538289605,0.5652086355757372
1985-10-18,0.0,-0.002608763851965782,0.575194337801981
1985-10-21,1.0,0.0010725504743807905,0.585192402846151
1985-10-22,0.0,-0.004433919044534226,0.6071649374867111
1985-10-23,1.0,0.0009201043433975964,0.5873840008178136
1985-10-24,0.0,-0.003377862877053732,0.5918240258504373
1985-10-25,0.0,-0.005856080843982136,0.5828621493887458
1985-10-28,0.0,-0.0035284227754926152,0.5921255771376113
1985-10-29,0.0,-0.005223548518784113,0.597806583840482
1985-10-30,0.0,-0.005533367945655688,0.5807227227493471
1985-10-31,0.0,-0.006480504087203139,0.5388365584186116
1985-11-01,0.0,-0.004802859956762834,0.5048822079575555
1985-11-04,0.0,-0.00693965311054048,0.5556345237493509
1985-11-05,0.0,-0.004631782250038214,0.5478638332927283
1985-11-06,1.0,0.00030821390288679175,0.5463510918334975
1985-11-07,1.0,0.007095510256649357,0.5216541016690558
1985-11-08,1.0,0.010658940800744924,0.5029539304601641
1985-11-11,1.0,0.00123724111050264,0.5413469214512127
1985-11-12,1.0,0.003861306828611729,0.5502536180506831
1985-11-13,1.0,0.003537648848265851,0.5639497341483389
1985-11-14,1.0,0.0015358626886389252,0.5542078451698541
1985-11-15,1.0,0.00337475393154842,0.5549708663488248
1985-11-18,1.0,0.02049941754507236,0.5396249975609536
1985-11-19,1.0,0.021050197641367594,0.5412960746482319
1985-11-20,1.0,0.007647635927321315,0.5747747471150849
1985-11-21,0.0,-0.0015358626886390352,0.5789772862799777
1985-11-22,0.0,-0.01543240503881164,0.5599713842737086
1985-11-25,0.0,-0.023285365794919098,0.5757020592642903
1985-11-26,0.0,-0.02151276799885632,0.5690058010478725
1985-11-27,0.0,-0.01643788452393793,0.559007477850795
1985-11-29,0.0,-0.009265044657913588,0.5416320872110255
1985-12-02,0.0,-0.0128347355853655,0.48878189826523794
1985-12-03,0.0,-0.017511391813827982,0.5063552297931447
1985-12-04,0.0,-0.02720192732030784,0.522546189138708
1985-12-05,0.0,-0.01655511806304744,0.5079621377314534
1985-12-06,0.0,-0.014217878751828733,0.4854070980218788
1985-12-09,1.0,0.0037735893836394877,0.4464902862022747
1985-12-10,1.0,0.013006529826520888,0.46021813303703346
1985-12-11,1.0,0.016815042215256527,0.469940394812887
1985-12-12,1.0,0.025805877835198353,0.4714839772448032
1985-12-13,1.0,0.0180887514337117,0.48330951653050336
1985-12-16,1.0,0.02785695450296628,0.4596563103623055
1985-12-17,1.0,0.017593046354937292,0.534606985338016
1985-12-18,1.0,0.018374638789323487,0.5397056184546196
1985-12-19,1.0,0.0015335074313301239,0.5345981412519646
1985-12-20,1.0,0.00984169100105631,0.5499184786741289
1985-12-23,1.0,0.001220256405229369,0.5339614798450056
1985-12-27,1.0,0.0095913044017872,0.5608261158699798
1985-12-30,1.0,0.017592203772979584,0.5437857910106083
1986-01-02,1.0,0.021825661756403533,0.5671259776201232
1986-01-03,1.0,0.04107291942464422,0.5549593094686454
1986-01-06,1.0,0.03416574441598213,0.5667680943580217
1986-01-07,1.0,0.03278982282299097,0.5612334892783212
1986-01-08,1.0,0.04166349243611356,0.5776001583007729
1986-01-09,1.0,0.0847599689091723,0.5793098320967615
1986-01-10,1.0,0.03506599803479424,0.6093678817637319
1986-01-13,1.0,0.033606870665739946,0.6072130826701837
1986-01-14,1.0,0.044451762570833796,0.597841132216821
1986-01-15,1.0,0.01786399773835574,0.616632298314538
1986-01-16,0.0,-0.03561290406140959,0.4884581783585136
1986-01-17,1.0,0.0039626431700045305,0.5938473693595445
1986-01-20,1.0,0.02086345763490945,0.552583696302506
1986-01-21,0.0,-0.009866182921053832,0.5444486413079638
1986-01-22,1.0,0.0007079646313400942,0.5744740838222118
1986-01-23,1.0,0.021743056197259095,0.630938345809406
1986-01-24,0.0,-0.009936206659129719,0.5695643811582933
1986-01-27,0.0,-0.03146072135074702,0.5569166599032966
1986-01-28,0.0,-0.04164858723426179,0.5989589390560924
1986-01-29,0.0,-0.04620327949703217,0.5611292319588039
1986-01-30,0.0,-0.060153364160685154,0.5372318353394495
1986-01-31,0.0,-0.0386844803469444,0.5899103100526415
1986-02-03,0.0,-0.020802262958958612,0.5908287469834754
1986-02-04,0.0,-0.008303725055594536,0.5953991263368571
1986-02-05,0.0,-0.00014824697973928814,0.5721130810672795
1986-02-06,0.0,-0.00923862926331467,0.5931794935676039
1986-02-07,0.0,-0.01750100759346439,0.5657923961762448
1986-02-10,0.0,-0.02124420681062589,0.5455278261066376
1986-02-11,1.0,0.004308750444424676,0.5246323725535753
1986-02-12,1.0,0.012230315272474982,0.5139657927174438
1986-02-13,1.0,0.009238629263314703,0.5368873977879786
1986-02-14,1.0,0.019870676948782872,0.5375746887401521
1986-02-17,1.0,0.026083280701046714,0.5490935662388499
1986-02-18,1.0,0.04394239897415909,0.5318798703574531
1986-02-19,1.0,0.0126611601845274,0.5495924773011848
1986-02-20,0.0,-0.0005934718275079536,0.5601073789490641
1986-02-21,1.0,0.0004436885379301053,0.5443816237582512
1986-02-24,0.0,-0.01830579608843933,0.5566441238487976
1986-02-25,0.0,-0.0442389588814335,0.5804637905573463
1986-02-26,0.0,-0.012368291534022803,0.6383751748707742
1986-02-27,1.0,0.022307940041206106,0.6198238077597379
1986-02-28,1.0,0.015551956638941612,0.6040831528431381
1986-03-03,1.0,0.013760666938524289,0.6291682103893333
1986-03-04,1.0,0.0169109242882837,0.6662108724674676
1986-03-05,1.0,0.006857836755000423,0.6478450379741045
1986-03-06,1.0,0.014695553327667182,0.6167211500689285
1986-03-07,1.0,0.013160939114583681,0.6220646728452546
1986-03-10,1.0,0.027966757842066776,0.5988615472090223
1986-03-11,1.0,0.02377462313615488,0.5957110651480242
1986-03-12,1.0,0.008398543429095774,0.6206690095681838
1986-03-13,1.0,0.002998931201539028,0.6345418592353942
1986-03-14,1.0,0.013982250906750064,0.6353082213332665
1986-03-17,1.0,0.0008570204781090648,0.6162635580988834
1986-03-18,1.0,0.001707213389469027,0.6261333363643622
1986-03-19,0.0,-0.007090688850462882,0.6345193977470432
1986-03-20,0.0,-0.019146917609521013,0.6417991763819797
1986-03-21,0.0,-0.05774198548159034,0.6360681662549564
1986-03-24,0.0,-0.042882463440014965,0.638300871811914
1986-03-25,0.0,-0.049536711423216584,0.6460637867932961
1986-03-26,0.0,-0.028876490776195005,0.6331289771554245
1986-03-27,0.0,-0.018631801352547477,0.6321813129779845
1986-04-01,1.0,0.018736607600491846,0.6470203528191751
1986-04-02,1.0,0.006980053586447169,0.6209423744392217
1986-04-03,1.0,0.008773942820240013,0.6427560337955494
1986-04-04,1.0,0.022027647975821924,0.6160807703263187
1986-04-07,1.0,0.011630605893564018,0.618997007107271
1986-04-08,1.0,0.006900122803933135,0.5793794976010641
1986-04-09,1.0,0.0033980973822665007,0.5976013774535012
1986-04-10,1.0,0.0064935293105483115,0.59711689987907
1986-04-11,1.0,0.002336790898318663,0.592307388446964
1986-04-14,0.0,-0.0005856515540747276,0.642791808746993
1986-04-15,1.0,0.006852837199375764,0.6351314069321256
1986-04-16,1.0,0.021016535361658564,0.6364933736653593
1986-04-17,1.0,0.014168059971340977,0.6342452660896507
1986-04-18,1.0,0.004947623596781066,0.6526539356936151
1986-04-21,1.0,0.005112858994303423,0.6624946408955737
1986-04-22,0.0,-0.004806651159520588,0.6674394146852997
1986-04-23,0.0,-0.0013006721972412764,0.6697748235358499
1986-04-24,1.0,0.001014713430546605,0.6668247945015705
1986-04-25,0.0,-0.008308480124789928,0.6740125341896973
1986-04-28,1.0,0.0002913752934369307,0.6502314887277564
1986-04-29,1.0,0.005678110909661391,0.6420531553001497
1986-04-30,0.0,-0.00959030890095344,0.6467446120672905
1986-05-01,1.0,0.00043456218544375415,0.626541341852623
1986-05-02,1.0,0.010917933620567059,0.6208310230482587
1986-05-05,1.0,0.005664914561192364,0.6078941414044695
1986-05-06,0.0,-0.002034588697787463,0.6092665543741301
1986-05-07,0.0,0.0,0.6176918570284883
1986-05-08,0.0,-0.00945805522679633,0.6180200036766201
1986-05-09,0.0,-0.006827948369042059,0.60674103788226
1986-05-12,0.0,-0.012828164254112115,0.604329229741218
1986-05-13,0.0,-0.014654424032062184,0.6013066053124397
1986-05-14,0.0,-0.010420583030908566,0.5767871895394269
1986-05-15,0.0,-0.0045424651336294945,0.5869757424467764
1986-05-16,0.0,-0.005554757741339855,0.5944857040532647
1986-05-19,1.0,0.0020518840556839647,0.5673426490552392
1986-05-20,1.0,0.011886558618697753,0.5469505142804464
1986-05-21,1.0,0.011150350267557558,0.5540222424487431
1986-05-22,1.0,0.008045095684831659,0.5902297346242816
1986-05-23,1.0,0.0021963549352029955,0.5929870558951033
1986-05-27,1.0,0.002047682447248233,0.5699491364964628
1986-05-28,0.0,-0.007320676910848282,0.5667833630107082
1986-05-29,0.0,-0.0027759532765041705,0.5688318728355725
1986-05-30,0.0,-0.004526546387019955,0.5812695766400671
1986-06-02,0.0,-0.00014627367831241976,0.5783548711083603
1986-06-03,1.0,0.01594467755572266,0.5810701937979201
1986-06-04,1.0,0.020796212275429136,0.577893453522848
1986-06-05,1.0,0.019128245872069117,0.5775550168687738
1986-06-06,1.0,0.013229821515321531,0.58529835838019
1986-06-09,0.0,-0.007341098891306006,0.5855085629257754
1986-06-10,0.0,-0.03199922372334237,0.6487410156591427
1986-06-11,0.0,-0.024034366414916065,0.6284857701594743
1986-06-12,0.0,-0.02661781755838003,0.6232844436549925
1986-06-13,0.0,-0.01910096710479793,0.6107458094544174
1986-06-16,1.0,0.005144422310543768,0.5930922578966067
1986-06-17,1.0,0.015469921772131733,0.5933210820394886
1986-06-18,1.0,0.011725181962555177,0.5901504342270069
1986-06-19,1.0,0.014487704926625065,0.5970326938600451
1986-06-20,1.0,0.01533884430548419,0.5765702583877388
1986-06-23,1.0,0.01296354910699626,0.5278474080620558
1986-06-24,1.0,0.009023493041352568,0.5215078602529185
1986-06-25,0.0,-0.0024801238185039125,0.5269034590005254
1986-06-26,0.0,-0.0008720930785279913,0.5286472510258325
1986-06-27,0.0,-0.0031944269940462574,0.5240509520436426
1986-06-30,0.0,-0.0018831033304242432,0.5358865330444168
1986-07-01,1.0,0.00793712226569261,0.5377397263013911
1986-07-02,1.0,0.016802249281253578,0.5525350320373813
1986-07-03,1.0,0.008542729140541676,0.5430126635427022
1986-07-04,1.0,0.012429701868644328,0.5491844817265816
1986-07-07,1.0,0.002606430667567278,0.5473801898986257
1986-07-08,0.0,-0.005332577311926153,0.5417044689660316
1986-07-09,0.0,-0.0014374014261562592,0.5318986652804608
1986-07-10,1.0,0.0005765350404723775,0.5372641040433406
1986-07-11,0.0,-0.0005747126594969868,0.5238564769214767
1986-07-14,1.0,0.023439689675330697,0.5341435868180339
1986-07-15,1.0,0.02144471027890322,0.5377227430818768
1986-07-16,0.0,-0.001007411756783862,0.5354471330070403
1986-07-17,1.0,0.004743773720160573,0.5255080361269775
1986-07-18,1.0,0.00430231554205976,0.5225757763670156
1986-07-21,0.0,-0.0009893294567097492,0.6134844719734615
1986-07-22,0.0,-0.0063852646886719796,0.5983791219300157
1986-07-23,1.0,0.012591381119574118,0.6046389121520686
1986-07-24,1.0,0.02506680846704259,0.5888983289962396
1986-07-25,1.0,0.03266056063292477,0.5945522081806456
1986-07-28,1.0,0.017381990752944297,0.6061369835722509
1986-07-29,1.0,0.020430439391719526,0.6067361720404563
1986-07-30,1.0,0.030112211414797044,0.5724448984779118
1986-07-31,1.0,0.011956210827132507,0.6120887458439543
1986-08-01,1.0,0.02137653334955777,0.646695518530717
1986-08-04,1.0,0.06509423107129411,0.6440270266765619
1986-08-05,1.0,0.07907667958359833,0.6208550673731826
1986-08-06,1.0,0.061143900031400925,0.6180052565911619
1986-08-07,1.0,0.06241146785966843,0.6326352866008689
1986-08-08,1.0,0.015070252920998173,0.6585273111219966
1986-08-11,0.0,-0.015748356968139168,0.5945684667079235
1986-08-12,0.0,-0.018862347848002295,0.5789674498281283
1986-08-13,1.0,0.0025923540117301805,0.5706895076750229
1986-08-14,0.0,-0.010441232941048652,0.5363441659454814
1986-08-18,1.0,0.015109631391766134,0.607008954189827
1986-08-19,1.0,0.022755002993663627,0.633547814227679
1986-08-20,1.0,0.010320817982978205,0.6424049050449935
1986-08-21,1.0,0.014139053024175043,0.6149840875581698
1986-08-26,1.0,0.03138373405857262,0.6317100308301885
1986-08-27,1.0,0.063452691111336,0.5781082935142123
1986-08-28,1.0,0.04252728909675205,0.5747030497989544
1986-08-29,1.0,0.08779090151916456,0.5892339753521997
1986-09-01,1.0,0.04857742084345137,0.5912471851329248
1986-09-02,1.0,0.03988067431285711,0.5768620278749786
1986-09-03,1.0,0.03278982282299097,0.5725551462042586
1986-09-04,0.0,-0.0037243990909824397,0.6046165851049232
1986-09-05,0.0,-0.001191185370153118,0.5682857129142793
1986-09-08,1.0,0.0054562123841642865,0.6285293322411099
1986-09-09,1.0,0.019359346290700186,0.6085937866259163
1986-09-10,0.0,-0.012745152684046508,0.6190264411325923
1986-09-11,1.0,0.038670427828424184,0.667949874250672
1986-09-12,1.0,0.02472168278034733,0.6482331182938839
1986-09-15,1.0,0.051837281828811456,0.6562762318591024
1986-09-16,1.0,0.04166046854673971,0.6198571321588797
1986-09-17,1.0,0.043335773277999104,0.6559781625884603
1986-09-18,1.0,0.02726636899723533,0.5737127386196421
1986-09-19,1.0,0.006952519314881663,0.6256034890399323
1986-09-22,0.0,-0.019710783063932886,0.6132784588591641
1986-09-23,0.0,-0.02750115054459447,0.6201986431369289
1986-09-24,0.0,-0.01517834159906576,0.59920222317124
1986-09-25,1.0,0.0044150182091169145,0.6055922423140743
1986-09-26,1.0,0.006904515346544486,0.6215641752606712
1986-09-29,1.0,0.022920322728765513,0.6503965149219355
1986-09-30,1.0,0.029797362804944758,0.6403219486103812
1986-10-01,1.0,0.030358025895435934,0.6170961379170173
1986-10-02,1.0,0.01026478074633275,0.5966971651529838
1986-10-03,0.0,-0.012114367940995286,0.6105371909277882
1986-10-06,0.0,-0.009890822438431654,0.5898833749895749
1986-10-07,0.0,-0.016651633592442032,0.5704572781715225
1986-10-08,0.0,-0.03744188078384101,0.5687476165691759
1986-10-09,0.0,-0.02380373638670145,0.5863666720910884
1986-10-10,0.0,-0.027060474704720738,0.6092066985596839
1986-10-13,0.0,-0.017724344594541593,0.5933853810803403
1986-10-14,0.0,-0.008666174391847775,0.5936008205501847
1986-10-15,1.0,0.007083854888405042,0.5972818132272005
1986-10-16,0.0,-0.004947589312664051,0.5805332190410836
1986-10-17,0.0,-0.02109147181083527,0.5804081650356755
1986-10-20,0.0,-0.03654195130047777,0.5713476678318603
1986-10-21,0.0,-0.03446141440223167,0.5756431075711915
1986-10-22,0.0,-0.04622874153270243,0.5560379707015912
1986-10-23,0.0,-0.04073342971289945,0.57181433780211
1986-10-24,0.0,-0.02341450158591375,0.5631079130327948
1986-10-27,0.0,-0.008701568477654823,0.5786585525388195
1986-10-28,0.0,-0.006595846558351189,0.5864593789198312
1986-10-29,0.0,-0.0013562667759289201,0.6063334739018909
1986-10-30,1.0,0.005030376842851206,0.6016664824408986
1986-10-31,1.0,0.017795823069175314,0.5794225510554806
1986-11-03,1.0,0.011139107771093176,0.5636367157000202
1986-11-04,0.0,-0.00491401480242904,0.5873613401177429
1986-11-05,1.0,0.004309024826809585,0.5947060719230499
1986-11-06,0.0,-0.002573373149799084,0.5915162379500033
1986-11-07,1.0,0.00012248147483001035,0.5834151394103924
1986-11-10,0.0,-0.04544821969491432,0.5961996533449568
1986-11-11,0.0,-0.03764559961636688,0.620677364021936
1986-11-12,0.0,-0.03398627948763633,0.5927908026971175
1986-11-13,0.0,-0.04556225065792229,0.6131979904839303
1986-11-14,0.0,-0.05035906111566469,0.6130202818004381
1986-11-17,0.0,-0.031050359920722588,0.659556348238892
1986-11-18,0.0,-0.01871626108395882,0.6200130309660583
1986-11-19,0.0,-0.02522656294567546,0.6353096047623255
1986-11-20,0.0,-0.015139061215684266,0.6528640584942978
1986-11-21,1.0,0.018756530732495575,0.6698463844586988
1986-11-24,1.0,0.023377688009062512,0.6115468016954163
1986-11-25,1.0,0.015514209036478955,0.5984339285413172
1986-11-26,1.0,0.014621467704824387,0.6238821967910271
1986-11-28,1.0,0.012953549000391187,0.6196251115676885
1986-12-01,0.0,-0.015156629699025361,0.5857415627538154
1986-12-02,0.0,-0.006956101731663688,0.6015733354389369
1986-12-03,1.0,0.004480007492971886,0.6063302211471121
1986-12-04,0.0,-0.0021860742969378698,0.6124348824603643
1986-12-05,1.0,0.007692345623155645,0.5923772000811033
1986-12-08,1.0,0.011991469115201506,0.6564161123568741
1986-12-09,1.0,0.01615626884867551,0.6487038894542051
1986-12-10,1.0,0.0012763243596046834,0.638219694725017
1986-12-11,1.0,0.006032232884416218,0.6566299154381875
1986-12-12,1.0,0.00839379212846884,0.6526780472769662
1986-12-15,0.0,-0.00038049337766438986,0.6554611630290365
1986-12-16,0.0,-0.009970682115964719,0.6429210160757757
1986-12-17,0.0,-0.004858723277851631,0.6563853372826012
1986-12-18,0.0,-0.005131505808142132,0.643955670953291
1986-12-19,1.0,0.02179718015067691,0.6470677232853652
1986-12-22,1.0,0.012104548248372668,0.6594989734562636
1986-12-23,1.0,0.03161219105338642,0.6514737593957607
1986-12-29,1.0,0.02606093092845466,0.6334680020807791
1986-12-30,1.0,0.0328935411241781,0.6227910797598802
1987-01-02,0.0,-0.0037243990909824397,0.6585304268317432
1987-01-05,1.0,0.030000398149542876,0.6713985725870504
1987-01-06,1.0,0.018009614677565195,0.6298468687368348
1987-01-07,1.0,0.03605540761792772,0.6277634804415382
1987-01-08,1.0,0.03545603667703163,0.6060661892022738
1987-01-09,1.0,0.033511757639570726,0.6481613165601929
1987-01-12,1.0,0.026761061784076706,0.6277282138799036
1987-01-13,1.0,0.016368962030235263,0.6373556886700692
1987-01-14,0.0,-0.0192149898226802,0.5996427051641379
1987-01-15,0.0,-0.01403192250037842,0.5926566005721142
1987-01-16,0.0,-0.038499299150609755,0.5825123507551262
1987-01-19,0.0,-0.03924439608617686,0.5922521332226777
1987-01-20,0.0,-0.010275097955912605,0.6099291118770784
1987-01-21,1.0,0.0159574614549596,0.6506031054491208
1987-01-22,0.0,-0.001828934241449751,0.6234594287287061
1987-01-23,1.0,0.0012492194004318981,0.6619217312651098
1987-01-26,1.0,0.0018455864974145774,0.6321441892915092
1987-01-27,0.0,-0.01839414215597439,0.6024222838130492
1987-01-28,0.0,-0.02831244935272101,0.5671638808545496
1987-01-29,0.0,-0.02671442564146447,0.5946268005022268
1987-01-30,1.0,0.005229746697277343,0.5760310857252582
1987-02-02,0.0,-0.002091922254295188,0.5650257867137782
1987-02-03,0.0,-0.002850593737945061,0.6023988004122581
1987-02-04,1.0,0.0019870846081313847,0.6082413823452486
1987-02-05,1.0,0.008487320044381658,0.5983916208414851
1987-02-06,0.0,-0.013126008819502707,0.5538691288437746
1987-02-09,0.0,-0.02154101842802658,0.5848649618862538
1987-02-10,0.0,-0.01399847880637968,0.5888171478210891
1987-02-11,0.0,-0.03278982282299084,0.5790591010905678
1987-02-12,0.0,-0.022498278180490976,0.5731425742586053
1987-02-13,1.0,0.00602184732787517,0.6029067452777932
1987-02-16,1.0,0.01486691134033357,0.6153346579700912
1987-02-17,1.0,0.005147208652350205,0.58081772054289
1987-02-18,1.0,0.039713688268022206,0.5827896247879729
1987-02-19,1.0,0.026962571309176377,0.5719900519311327
1987-02-20,1.0,0.015144281493121048,0.544916750944292
1987-02-23,1.0,0.008766029341988316,0.5582636742972991
1987-02-24,1.0,0.021063844071179224,0.5756475800274655
1987-02-25,1.0,0.00761019997888217,0.539231981813681
1987-02-26,1.0,0.020088867628426394,0.5579954920428314
1987-02-27,1.0,0.004891307420620489,0.581842242351839
1987-03-02,0.0,-0.0005164209683312366,0.6054154343662236
1987-03-03,0.0,-0.001619751501454653,0.5845202502703943
1987-03-04,0.0,-0.0003669051591334533,0.6132337427913914
1987-03-05,0.0,-0.0020637336611324087,0.6052072684174098
1987-03-06,1.0,0.005404162854615024,0.6254310451242449
1987-03-09,1.0,0.0007376626265795386,0.6199100636287117
1987-03-10,1.0,0.00184042357139586,0.6269630571975694
1987-03-11,0.0,-0.007021535280099872,0.6207982196079567
1987-03-12,0.0,-0.0133589772951979,0.6241298810127468
1987-03-13,0.0,-0.009950574725896279,0.6118102368759034
1987-03-16,1.0,0.007371251341644416,0.598849717197087
1987-03-17,1.0,0.009588830469704537,0.5953361217765688
1987-03-18,1.0,0.022822643150463656,0.5963807038509773
1987-03-19,1.0,0.016028881793828362,0.6058868506801056
1987-03-20,1.0,0.02896149789148755,0.5922994846500255
1987-03-23,1.0,0.03766170534301056,0.5916538224311968
1987-03-24,1.0,0.02042996525722921,0.6145764392003054
1987-03-25,1.0,0.0077720598477031095,0.6244210153610702
1987-03-26,1.0,0.014797262474745448,0.6216107986925467
1987-03-27,1.0,0.0018646463770860796,0.6429882417049347
1987-03-30,0.0,-0.009751797998559205,0.6698103380516262
1987-03-31,0.0,-0.00433943600769976,0.6778642846292893
1987-04-01,1.0,0.0047675894834727055,0.6704701626093917
1987-04-02,1.0,0.005478160657283735,0.6524776844348382
1987-04-03,1.0,0.030344560358882045,0.6636923708682999
1987-04-06,1.0,0.03371171280085573,0.6831489182073807
1987-04-07,1.0,0.05553756027859507,0.6692483002791899
1987-04-08,1.0,0.05460528288505398,0.6498187146246254
1987-04-09,1.0,0.03901513748357989,0.6477126500514695
1987-04-10,1.0,0.040636620527695275,0.6599669009235057
1987-04-13,1.0,0.021784387666517135,0.6890903636963265
1987-04-14,1.0,0.018143626840267563,0.6750795110903458
1987-04-15,1.0,0.03994793554222367,0.6588765851529099
1987-04-16,1.0,0.08061364688402128,0.6588402935901271
1987-04-21,1.0,0.007756271571359065,0.6418603887871663
1987-04-22,1.0,0.007825640831390368,0.6671219725317884
1987-04-23,1.0,0.006085772586567901,0.6555958196866156
1987-04-24,0.0,-0.011861502582164188,0.6596892141826983
1987-04-27,0.0,-0.032666893954747575,0.6273863514543581
1987-04-28,1.0,0.0071487794136673305,0.711971934907132
1987-04-29,1.0,0.016018017154446902,0.6675419059119297
1987-04-30,0.0,-0.0005517241519264462,0.6512081820969874
1987-05-01,0.0,-0.008244069775082066,0.6761277885144816
1987-05-05,1.0,0.003152347846636186,0.7009288391947222
1987-05-06,1.0,0.00927195079866026,0.633755305167114
1987-05-07,1.0,0.010465592088449023,0.6076142633709597
1987-05-08,1.0,0.036627780625736045,0.6162554430570312
1987-05-11,1.0,0.04373166460639827,0.6154178968239549
1987-05-12,1.0,0.022323313764124202,0.6124106517250539
1987-05-13,1.0,0.03152812567317702,0.6077935053556265
1987-05-14,1.0,0.01730946834926208,0.603168128239605
1987-05-15,0.0,-0.0072618858213715195,0.5763325947174934
1987-05-18,0.0,-0.05260090234717788,0.562917886381398
1987-05-19,0.0,-0.04693453179432052,0.5894494052830996
1987-05-20,0.0,-0.04772812969544598,0.5686314132531719
1987-05-21,0.0,-0.039348625831734,0.587903625469226
1987-05-22,0.0,-0.05191400935824604,0.6056071381606101
1987-05-25,1.0,0.013274531208696108,0.6714154875582409
1987-05-26,1.0,0.007756271571359065,0.6411568314925715
1987-05-27,0.0,-0.0007727549095697696,0.6421842017714163
1987-05-28,1.0,0.005527930052513011,0.6302174264503705
1987-06-01,1.0,0.030354212133196647,0.6332006076215223
1987-06-02,0.0,-0.005178219029501124,0.5322984367357688
1987-06-03,1.0,0.0058328454591018535,0.565464553431125
1987-06-04,1.0,0.00934329413068193,0.5709533201336747
1987-06-05,1.0,0.004290671635627615,0.5617197478117861
1987-06-08,0.0,-0.015006350231706668,0.5318221010019026
1987-06-09,1.0,0.00022089684207337722,0.5885085295185558
1987-06-10,0.0,-0.009703461295045112,0.5714206201062315
1987-06-11,0.0,-0.010558831050335248,0.5722154230734591
1987-06-12,0.0,-0.01426305344856455,0.5793827211511419
1987-06-15,0.0,-0.026472962454196374,0.6081338889655472
1987-06-16,0.0,-0.028110927671161513,0.5808866596042431
1987-06-17,0.0,-0.02127739844728485,0.6052989199242946
1987-06-18,0.0,-0.026214114467635285,0.6098821480552553
1987-06-19,0.0,-0.0109731254441976,0.610797257131092
1987-06-22,1.0,0.026472962454196333,0.5817153418979615
1987-06-23,1.0,0.01600034134644112,0.5831072323029484
1987-06-24,1.0,0.009014145543444095,0.5977613631593283
1987-06-25,1.0,0.01296888771761473,0.6159509934588506
1987-06-26,0.0,0.0,0.602337914181253
1987-06-29,0.0,-0.012642110532585854,0.5517709604850051
1987-06-30,0.0,-0.006279455484843136,0.5721849542239823
1987-07-01,1.0,0.0014571543238513188,0.5773262264556686
1987-07-02,0.0,-0.004829570795792162,0.569926979277133
1987-07-03,1.0,0.0014625642478878192,0.5920772195696642
1987-07-06,1.0,0.005389638018497203,0.6098666550577907
1987-07-07,1.0,0.005608539659609617,0.6043060117495382
1987-07-08,1.0,0.014014243374811766,0.6326391111776676
1987-07-09,1.0,0.021496623281003862,0.6625424943799201
1987-07-10,1.0,0.013067701452199484,0.6578139268488262
1987-07-13,1.0,0.009806185110484786,0.6623190215011743
1987-07-14,1.0,0.012008149628396561,0.6681554454692054
1987-07-15,1.0,0.004847960134045486,0.6728073096756384
1987-07-16,1.0,0.0004406742387056007,0.6790386377602281
1987-07-17,1.0,0.005974129948659487,0.6792155270523887
1987-07-20,1.0,0.0049776110737522064,0.6780713196863706
1987-07-21,1.0,0.008254958549518063,0.6724602584256337
1987-07-22,1.0,0.006245568978661685,0.6880963485487606
1987-07-23,1.0,0.007024504792669358,0.6645600512230253
1987-07-24,1.0,0.020092399005676293,0.6393618625309399
1987-07-27,1.0,0.0423435110377762,0.6381942158476294
1987-07-28,1.0,0.037118994288400126,0.6389206414590078
1987-07-29,1.0,0.02598388867019227,0.6507317194479856
1987-07-30,1.0,0.024951340318224872,0.6399760217838293
1987-07-31,1.0,0.0034534892946502535,0.6308732439487612
1987-08-03,0.0,-0.02495176832590693,0.6213010396973482
1987-08-04,0.0,-0.026108908684979608,0.6204668003843203
1987-08-05,0.0,-0.01371646022653669,0.6212759436624549
1987-08-06,0.0,-0.013316347976180582,0.6031105123542678
1987-08-07,0.0,-0.008873556763989526,0.6325150084882755
1987-08-10,0.0,-0.017060781265856334,0.6645412712989573
1987-08-11,0.0,-0.008054903679327942,0.6608035627247515
1987-08-12,0.0,-0.015330553035389383,0.6413386652976697
1987-08-13,0.0,-0.01393447323482506,0.6324540905997448
1987-08-14,0.0,-0.009830772783127672,0.6098104458568416
1987-08-17,1.0,0.013584783848938124,0.6193285806524634
1987-08-18,1.0,0.001092299398608865,0.5667130427201471
1987-08-19,1.0,0.002298222625794401,0.5804327661238479
1987-08-20,1.0,0.0057933156511252104,0.5736955750931034
1987-08-21,0.0,-0.004620978626584488,0.5663281416452582
1987-08-24,0.0,-0.012592556216681249,0.5183136238425227
1987-08-25,1.0,0.011073829372521417,0.5613267188068508
1987-08-26,1.0,0.01367950980873441,0.5568343832035437
1987-08-27,0.0,-0.0039314236505694385,0.5516138274173998
1987-08-28,1.0,0.010749253441649807,0.5717972023817522
1987-09-02,1.0,0.014114792022204939,0.577754557768415
1987-09-03,0.0,-0.0070426641379996826,0.5575046751629278
1987-09-04,0.0,-0.017732311237547583,0.5765080223265435
1987-09-08,1.0,0.004040409537005127,0.5879760576322061
1987-09-09,1.0,0.0002181738854514341,0.5543405316642339
1987-09-10,1.0,0.0006516780940959621,0.5506028081490253
1987-09-11,1.0,0.004014980164236519,0.5883997440539414
1987-09-14,1.0,0.007762571095308826,0.5977967468442982
1987-09-15,1.0,0.005976005180944933,0.5741195703076438
1987-09-16,1.0,0.008688151957637823,0.5823370477446835
1987-09-17,1.0,0.007571696530893733,0.5731167081335489
1987-09-18,1.0,0.00021656740745173102,0.5756763025869401
1987-09-21,1.0,0.003804559184496908,0.5567966923639855
1987-09-22,0.0,-0.004669100181162722,0.5748000060255287
1987-09-23,0.0,-0.006291375562425945,0.5709957778311507
1987-09-24,0.0,-0.019806937650296882,0.5732843949793587
1987-09-25,0.0,-0.016264070779039,0.576958930756125
1987-09-28,0.0,-0.009483910404650077,0.560950681400935
1987-09-29,0.0,-0.0030521061408128585,0.564690786466336
1987-09-30,0.0,-0.0031605933345240735,0.5605047809157199
1987-10-01,1.0,0.007119026835263886,0.5682511294306296
1987-10-02,1.0,0.016805284192693448,0.5531800426479979
1987-10-05,1.0,0.011434919044326206,0.5560110417970224
1987-10-06,1.0,0.0026166608911716888,0.5588119582850904
1987-10-07,1.0,0.005985760920463914,0.5703772570105378
1987-10-08,1.0,0.01827571817610747,0.5583165201248351
1987-10-09,1.0,0.006901785188310652,0.5840824573173082
1987-10-12,1.0,0.0408436510264118,0.5908473123949807
1987-10-13,1.0,0.011045050020519503,0.5911344269581088
1987-10-14,1.0,0.013365148287215876,0.59116880252107
1987-10-15,1.0,0.010764825508532607,0.6187589367012623
1987-10-16,1.0,0.011221063503074223,0.6411052971691829
1987-10-19,0.0,-0.012552466071119973,0.6244669945834017
1987-10-20,1.0,0.020676426669200387,0.6775335901818659
1987-10-21,1.0,0.022234902251887574,0.6553476796318496
1987-10-22,1.0,0.0016947361327727067,0.6701258322173008
1987-10-23,0.0,-0.0036197207626314145,0.6691262858310144
1987-10-26,0.0,-0.011646505386323579,0.7013502095408275
1987-10-27,0.0,-0.02078412146226132,0.6537980451749477
1987-10-28,0.0,-0.024056689178082326,0.6263029512125025
1987-10-29,0.0,-0.03204575286724767,0.65397037615917
1987-10-30,0.0,-0.018949748779662233,0.6565225130728818
1987-11-02,0.0,-0.01286191364240781,0.6593718691953635
1987-11-03,0.0,-0.013008313513000734,0.6726428483768672
1987-11-04,0.0,-0.009267307704083488,0.6616864387264416
1987-11-05,1.0,0.010652274638881905,0.675347324360247
1987-11-06,1.0,0.010703383441065487,0.6450111339659426
1987-11-09,0.0,-0.003025067129689147,0.6450657149548985
1987-11-10,1.0,0.013761933616494332,0.6533972454964169
1987-11-11,1.0,0.0039976283587959,0.6416435048297392
1987-11-12,1.0,0.005821491214298478,0.6122822907396479
1987-11-13,1.0,0.0016117770641251269,0.6190487200589243
1987-11-16,1.0,0.01567396554070243,0.6436136321436327
1987-11-17,1.0,0.02213798369833249,0.6134224651209328
1987-11-18,1.0,0.02722993169684174,0.6342055449424189
1987-11-19,1.0,0.026518312501449686,0.630235369400573
1987-11-20,1.0,0.02690555264809038,0.6397652350800355
1987-11-23,1.0,0.048039177195220585,0.6272120704554692
1987-11-24,1.0,0.026590681747178678,0.6351140728567919
1987-11-25,1.0,0.029772717969750024,0.6316811253666927
1987-11-26,1.0,0.02776952632918172,0.6285102520675628
1987-11-27,1.0,0.03663262936497825,0.6093926739540988
1987-11-30,0.0,-0.023315388809733738,0.6537605192573115
1987-12-01,0.0,-0.007200936372636472,0.6675336140021169
1987-12-02,0.0,-0.013742396560048716,0.6335552127584543
1987-12-03,0.0,-0.00633236719205181,0.6199944463479142
1987-12-04,0.0,-0.005556973127863913,0.6118599908890331
1987-12-07,1.0,0.03792890157809958,0.7157662375759805
1987-12-08,1.0,0.016789911202960094,0.6646701381288693
1987-12-09,1.0,0.004327672905782028,0.673151361734689
1987-12-10,0.0,-0.021751245932362193,0.6545223603206461
1987-12-11,0.0,-0.02565558876777505,0.6481856626752549
1987-12-14,0.0,-0.0403218694785728,0.5981954760432663
1987-12-15,0.0,-0.019477806959570874,0.6346937960029286
1987-12-16,0.0,-0.00991948617155992,0.6364912102200752
1987-12-17,1.0,0.017026989430914203,0.6591257709306632
1987-12-18,1.0,0.0064242268398876316,0.6438895751167223
1987-12-21,1.0,0.0010411245084105101,0.6748391882959869
1987-12-22,0.0,-0.015649771667127665,0.6448515046281532
1987-12-23,0.0,-0.00020770588920868545,0.6327881958389677
1987-12-30,0.0,-0.0045398344583501525,0.5880934916896037
1987-12-31,0.0,-0.00041322314637593687,0.6133413330988423
1988-01-04,1.0,0.007051045388925598,0.6206080958446931
1988-01-05,1.0,0.010252208220383328,0.6352163966261232
1988-01-06,1.0,0.0010380982973155263,0.6144733662876466
1988-01-07,0.0,-0.004352789544377513,0.6316463464943293
1988-01-08,0.0,-0.007467365128494062,0.6341146874854419
1988-01-11,0.0,-0.017721718873179314,0.6210174110307268
1988-01-12,0.0,-0.0068929776837671096,0.6122518015857983
1988-01-13,0.0,-0.008858376930269722,0.6213929857946828
1988-01-14,0.0,-0.008762835125210472,0.6328403463087604
1988-01-15,0.0,-0.008572974618016309,0.6388603245710242
1988-01-18,1.0,0.0017863715148173005,0.6503143288907287
1988-01-19,0.0,-0.015525474228486637,0.6083471087915189
1988-01-20,0.0,-0.02684084112866098,0.6189084142605995
1988-01-21,0.0,-0.022999265050888437,0.6153802429069053
1988-01-22,0.0,-0.038968749938577366,0.6157139621396265
1988-01-25,0.0,-0.05071327199899788,0.6032740034284668
1988-01-26,0.0,-0.029927151074179068,0.6120021046360714
1988-01-27,0.0,-0.04306465076408914,0.6213755212186916
1988-01-28,0.0,-0.050802480218555296,0.6226514652982547
1988-01-29,0.0,-0.036238265511704205,0.6563211063141756
1988-02-01,0.0,-0.023693553609715274,0.6474165507038345
1988-02-02,0.0,-0.03868565123560779,0.6202750057751586
1988-02-03,0.0,-0.009701147712373117,0.6252264272746832
1988-02-04,0.0,-0.005996510586074438,0.6175821776723751
1988-02-05,1.0,0.00429233687373129,0.6037315451006806
1988-02-08,1.0,0.007661146078666368,0.5976892442165604
1988-02-09,1.0,0.014486446182452392,0.6131970731359949
1988-02-10,1.0,0.0101500815021803,0.575422197842966
1988-02-11,1.0,0.014980288020585705,0.5845947804174725
1988-02-12,0.0,-0.00157924454705953,0.576746638149558
1988-02-15,0.0,0.0,0.5853150751739755
1988-02-16,0.0,-0.0058598319581152376,0.5871348322427944
1988-02-17,0.0,-0.02235300421294398,0.6003597646587933
1988-02-18,0.0,-0.03446067945094097,0.6015235043970071
1988-02-19,0.0,-0.0285128378251888,0.6339510547461263
1988-02-22,0.0,-0.044405849942557425,0.6314207007292727
1988-02-23,0.0,-0.030058474977609995,0.6436964960003402
1988-02-24,0.0,-0.01584489287729562,0.6351819190753505
1988-02-25,0.0,-0.006967050940408511,0.6124227569613047
1988-02-26,1.0,0.0031313449767433428,0.591704415250914
1988-02-29,1.0,0.022621462276040328,0.6057838613007133
1988-03-01,1.0,0.01628869837880535,0.5897959373629784
1988-03-02,1.0,0.017564583756822124,0.5815752881632089
1988-03-03,1.0,0.030524458210646015,0.5740526232608693
1988-03-04,1.0,0.022894772905309793,0.5715422420402366
1988-03-07,1.0,0.014462473795547878,0.551584154342129
1988-03-08,1.0,0.013317594814025563,0.5730961428146433
1988-03-09,1.0,0.021978906718775167,0.5726131056856623
1988-03-10,1.0,0.006982796702739089,0.5669245519596843
1988-03-11,1.0,0.0023738212695752713,0.5926627909459345
1988-03-14,1.0,0.015704192623773698,0.601969549388174
1988-03-15,1.0,0.01280772478990836,0.5920764652398399
1988-03-16,1.0,0.007368571913242924,0.5829121837188905
1988-03-17,1.0,0.01878981290690223,0.6034781214566307
1988-03-18,1.0,0.020008491778310773,0.6051103010421339
1988-03-21,1.0,0.010297383798751376,0.5943660559954606
1988-03-22,1.0,0.01550762136270406,0.6033754228283444
1988-03-23,1.0,0.009410531667385487,0.6052731043948953
1988-03-24,1.0,0.00658691590044441,0.5885045472816449
1988-03-25,1.0,0.003976148379639417,0.5813456534403848
1988-03-28,0.0,-0.008962715599291998,0.5847178888628062
1988-03-29,0.0,-0.017071692735068922,0.5738344913009361
1988-03-30,0.0,-0.009633025827831761,0.5688380040600348
1988-03-31,0.0,-0.017996621509724003,0.5763811048582956
1988-04-05,0.0,-0.006191970247921107,0.5751788044445815
1988-04-06,0.0,-0.0011120997587453396,0.5722968259544898
1988-04-07,1.0,0.0070191363888624,0.5652357963401341
1988-04-08,1.0,0.015237128182128249,0.5588418824707309
1988-04-11,1.0,0.020291829905698406,0.5696938001390078
1988-04-12,1.0,0.013440766403604556,0.5490513595051228
1988-04-13,1.0,0.01775618748429815,0.5304694531807008
1988-04-14,1.0,0.008622649046528598,0.5160302338550183
1988-04-15,0.0,-0.017018865847248845,0.5236125912497694
1988-04-18,0.0,-0.017177255641553098,0.5338732474459918
1988-04-19,0.0,-0.02190595395565692,0.5446819184288542
1988-04-20,0.0,-0.01564425428115469,0.5067799242853911
1988-04-21,0.0,-0.004744312975721043,0.489860995475963
1988-04-22,1.0,0.000891265656146396,0.49216108812155385
1988-04-25,0.0,-0.00959721683920096,0.4477349736119903
1988-04-26,0.0,-0.008424649659251578,0.4480566716179902
1988-04-27,0.0,-0.012176880616749599,0.43804419367764796
1988-04-28,0.0,-0.02078519346607764,0.4372706092460803
1988-04-29,0.0,-0.01933948289372941,0.41600624185127266
1988-05-03,1.0,0.0016805785144170923,0.42700975754553216
1988-05-04,1.0,0.01311163513937511,0.4094103433261037
1988-05-05,1.0,0.013730192811902037,0.4181091553231096
1988-05-06,1.0,0.015017653077193131,0.43200080634276367
1988-05-09,1.0,0.02876044478643562,0.42129231920915744
1988-05-10,1.0,0.017862570683116866,0.39680364304317667
1988-05-11,1.0,0.01085161794765557,0.3945485479999211
1988-05-12,1.0,0.015183480160371278,0.4022953051164453
1988-05-13,1.0,0.011941760664283476,0.40312319809656716
1988-05-16,1.0,0.008786437636014688,0.3880150828018086
1988-05-17,1.0,0.005592426440010209,0.41845196414337527
1988-05-18,0.0,-0.00022028857892813792,0.42957008194450774
1988-05-19,0.0,-0.010206970028089245,0.433114224148684
1988-05-20,0.0,-0.006395434743727161,0.4347646933351087
1988-05-23,0.0,-0.0038345705709620704,0.4234106998507674
1988-05-24,0.0,-0.0010940920128590145,0.42233489458517687
1988-05-25,0.0,-0.000440722792501653,0.4243948216036532
1988-05-26,1.0,0.024948186455972143,0.43018744216988425
1988-05-27,1.0,0.027387015255090397,0.42648338027554905
1988-05-31,1.0,0.01935053312372344,0.4246940717811365
1988-06-01,1.0,0.002405424295625211,0.42709370179358325
1988-06-02,1.0,0.0038497545209006177,0.43276363980243515
1988-06-03,0.0,-0.015396596025344413,0.45086261963052016
1988-06-06,0.0,-0.03404630734506728,0.46381400009769924
1988-06-07,0.0,-0.03930684950718266,0.4686097654578439
1988-06-08,0.0,-0.012859439721509956,0.4955655363819445
1988-06-09,0.0,-0.003409031728398921,0.47532750433040616
1988-06-10,0.0,-0.016192456009522776,0.5033087823776109
1988-06-13,1.0,0.01151474192920386,0.5266577738006594
1988-06-14,1.0,0.011468143279298723,0.5143769954919297
1988-06-15,0.0,-0.007773498333380363,0.4807589374442487
1988-06-16,0.0,-0.013530205297765434,0.48121088304154125
1988-06-17,0.0,-0.015669039101748175,0.5058545843545693
1988-06-20,0.0,-0.02429088792045022,0.46465956964165256
1988-06-21,0.0,-0.01742087608152406,0.46965123122717667
1988-06-22,0.0,-0.03390155167568134,0.4928590748871066
1988-06-23,0.0,-0.025443787907837846,0.4955678325572949
1988-06-24,0.0,-0.014544058210213642,0.5022563983234852
1988-06-27,0.0,-0.01305575676916767,0.5157646719759706
1988-06-28,0.0,-0.016011243083633133,0.5156822291630513
1988-06-29,1.0,0.01681096254072242,0.48056947323964677
1988-06-30,1.0,0.006507243693693111,0.46772431551257043
1988-07-01,0.0,-0.00011446231340829394,0.46866428462240073
1988-07-05,0.0,-0.00860738658906609,0.47490708087163636
1988-07-06,0.0,-0.004129393342011178,0.48521565952622037
1988-07-07,0.0,-0.0003402710859122749,0.44538326428944014
1988-07-08,0.0,-0.0006829823828379306,0.47707475036802277
1988-07-11,0.0,-0.0026362557533995577,0.4873229012608599
1988-07-12,1.0,0.005631875123862895,0.5015783263220625
1988-07-13,1.0,0.0204785313435407,0.49356700127863645
1988-07-14,1.0,0.00903450526796498,0.5020499159883317
1988-07-15,1.0,0.007035090855674052,0.5188332080793802
1988-07-18,1.0,0.0065206431349419695,0.5196268515914755
1988-07-19,0.0,-0.011643453921849492,0.5021084603140721
1988-07-20,0.0,-0.025433314770441914,0.4983265765125716
1988-07-21,0.0,-0.027352132489625862,0.5403316664607302
1988-07-22,0.0,-0.012286843992650578,0.536470482889269
1988-07-25,0.0,-0.008933743989908404,0.5204738748073443
1988-07-26,1.0,0.0035881744615313465,0.5044725729462032
1988-07-27,1.0,0.0028836746437651984,0.5227225082401987
1988-07-28,1.0,0.0008084541642624487,0.5285693083580904
1988-07-29,0.0,-0.009084176768912476,0.5241063635562119
1988-08-01,0.0,-0.006000479578218961,0.5169655520378535
1988-08-02,0.0,-0.01619044159693946,0.4869709565687056
1988-08-03,0.0,-0.016022634659562815,0.49369912749412365
1988-08-04,0.0,-0.011962281892962338,0.4961107290496925
1988-08-05,1.0,0.0009236809339326912,0.511794353164892
1988-08-08,0.0,-0.004059153152461516,0.5064778790913795
1988-08-09,1.0,0.015959334593368596,0.4657219974065148
1988-08-10,1.0,0.00420463128203187,0.4654719296107822
1988-08-11,1.0,0.0059409575401668325,0.47397652042461763
1988-08-12,0.0,-0.0015014150767570051,0.47940885558954693
1988-08-15,1.0,0.0017416550120990038,0.49276632669193177
1988-08-16,0.0,-0.00011557353378937025,0.4650436251421875
1988-08-17,1.0,0.009280809074472783,0.4827831191910337
1988-08-18,1.0,0.008557933576405996,0.4823310445336714
1988-08-19,1.0,0.0012705748171907237,0.5126491935503382
1988-08-22,0.0,-0.00756917733144496,0.5030956607791924
1988-08-23,0.0,-0.011274600746655603,0.5149325658527211
1988-08-24,0.0,-0.006022719154915214,0.5049698537775401
1988-08-25,0.0,-0.012631258964041766,0.5132887015656382
1988-08-26,0.0,-0.010910043221021409,0.5177285960821556
1988-08-30,0.0,-0.0011695907766025733,0.5067283783538195
1988-08-31,1.0,0.0011682244319265267,0.5046907432620384
1988-09-01,0.0,-0.002326123402894055,0.5140409885489493
1988-09-02,0.0,-0.022048880012330106,0.5168390108935196
1988-09-06,0.0,-0.018848478836220817,0.5125403020775232
1988-09-07,0.0,-0.013549544553790172,0.4910032315087101
1988-09-08,0.0,-0.022194276604410743,0.483013872886768
1988-09-09,0.0,-0.033748984736641036,0.4963372161118075
1988-09-12,0.0,-0.025109962425017823,0.45509390157777785
1988-09-13,0.0,-0.025168406580553467,0.45658372600314007
1988-09-14,0.0,-0.050731549217830685,0.463949360941754
1988-09-15,0.0,-0.051689193381922315,0.47985307273434147
1988-09-16,0.0,-0.0363007361893967,0.4756732987212243
1988-09-19,0.0,-0.0340701857401619,0.43483784052625485
1988-09-20,0.0,-0.03196902156114762,0.4435061934666057
1988-09-21,0.0,-0.01319031748756301,0.46782399271326464
1988-09-22,1.0,0.0018838310123735441,0.46559023948783346
1988-09-23,0.0,-0.006641212304997971,0.4583998802189474
1988-09-26,1.0,0.001769240951840781,0.4592132755174842
1988-09-27,1.0,0.0035193600930639567,0.4646575734662619
1988-09-28,1.0,0.0001264462289096845,0.453479919068353
1988-09-29,1.0,0.013088376306596643,0.43983027486516557
1988-09-30,1.0,0.015469370355722116,0.4724259766669244
1988-10-03,1.0,0.026784534844666738,0.46662320313264355
1988-10-04,1.0,0.021719749251884763,0.47179065959288635
1988-10-05,1.0,0.027313539298845762,0.4913276345765439
1988-10-06,1.0,0.007279938376312558,0.46208484036897113
1988-10-07,1.0,0.009118978779202584,0.4833593071770397
1988-10-10,1.0,0.015248846861885492,0.47251234056092084
1988-10-11,1.0,0.010260258569567304,0.4945147836854786
1988-10-12,1.0,0.011863405815309463,0.4916808449095952
1988-10-13,1.0,0.013432855543179714,0.5288288576734389
1988-10-14,1.0,0.006480428621630581,0.533631131570908
1988-10-17,0.0,-0.01832671940556511,0.5371908362516292
1988-10-18,0.0,-0.009278542942802113,0.5451080633861793
1988-10-19,0.0,-0.009405798286876262,0.5237023304207334
1988-10-20,0.0,-0.011467735775441202,0.5069072710324657
1988-10-21,1.0,0.0030422901469242193,0.5150411180855088
1988-10-24,1.0,0.01687287858733709,0.5501666301855355
1988-10-25,1.0,0.007940912780444273,0.5194692899626591
1988-10-26,1.0,0.017880425277848583,0.5178543780685972
1988-10-27,1.0,0.03827642601984729,0.5190829086819232
1988-10-28,1.0,0.022823813565256913,0.4988794685859173
1988-10-31,1.0,0.019688511125794707,0.48342073185941115
1988-11-01,1.0,0.01796852685224371,0.49183089697150173
1988-11-02,1.0,0.014481732352946227,0.4915162416283371
1988-11-03,0.0,-0.010207803769738809,0.4705875020739539
1988-11-04,0.0,-0.0016640916713103683,0.4926965218264713
1988-11-07,0.0,-0.003095609091882444,0.479920817406647
1988-11-08,1.0,0.013415052490349955,0.47433203094074783
1988-11-09,1.0,0.007221957630914414,0.47314294177844624
1988-11-10,1.0,0.0068957591049859015,0.5117273457627562
1988-11-11,0.0,-0.006085574535567888,0.48821111146404683
1988-11-14,0.0,-0.008021593446820234,0.4913938066878069
1988-11-15,0.0,-0.013295542481244727,0.46376605095042106
1988-11-16,0.0,-0.010912218351096417,0.47750006543005086
1988-11-17,0.0,-0.0048696574643756875,0.4750423347517907
1988-11-18,1.0,0.015086109005041995,0.4876962833630125
1988-11-21,1.0,0.01975784338443901,0.47339018391019433
1988-11-22,1.0,0.011170644975308768,0.46529678215061065
1988-11-23,1.0,0.00795870447863805,0.4580422502059591
1988-11-24,1.0,0.011365103980405272,0.44946448536302425
1988-11-25,1.0,0.00035362763379058893,0.421478548230684
1988-11-28,1.0,0.01113401481368131,0.42103410595776625
1988-11-29,1.0,0.010930355046280992,0.43190656398681443
1988-11-30,0.0,0.0,0.4290387078491243
1988-12-01,0.0,-0.00365588000795176,0.4397920956947259
1988-12-02,0.0,-0.010663608156685551,0.4197002462297299
1988-12-05,0.0,-0.021202207650602937,0.43827235304734896
1988-12-06,0.0,-0.017094433359300068,0.43129028155580434
1988-12-07,0.0,-0.0061713939045424295,0.4295314657466224
1988-12-08,0.0,-0.011287472065206604,0.423102827541781
1988-12-09,0.0,-0.019242926899900505,0.42239213688063915
1988-12-12,0.0,-0.015113637810048184,0.4213554698926382
1988-12-13,0.0,-0.018239046520958258,0.42127523503857595
1988-12-14,0.0,-0.012940511275734708,0.38728545061487973
1988-12-15,0.0,-0.0028718459369385814,0.3871390435956303
1988-12-16,1.0,0.002667961805687997,0.3910404417182769
1988-12-19,0.0,-0.008374343497165463,0.37626009691305656
1988-12-20,0.0,-0.0031534289321498454,0.389023066238522
1988-12-21,0.0,-0.012743664179221988,0.38746964717474197
1988-12-22,0.0,-0.024258315059789988,0.3807864420766809
1988-12-28,0.0,-0.015869473664223737,0.3790738387631229
1988-12-29,0.0,-0.019195864430457437,0.3875381305281572
1989-01-03,0.0,-0.01740026746134819,0.3769897516046172
1989-01-04,0.0,-0.013650829943720053,0.44596986795824833
1989-01-05,0.0,-0.0076411513023011855,0.475457282106306
1989-01-06,0.0,-0.001970686682860115,0.4815360076729182
1989-01-09,0.0,-0.0023633321529264975,0.4639846735660687
1989-01-10,0.0,-0.005577950626053783,0.4615106647150579
1989-01-11,0.0,-0.0032246090201190486,0.4618009660027061
1989-01-12,0.0,-0.0013618077003993835,0.45650191079320196
1989-01-13,0.0,-0.00012329696088618218,0.4529553373312709
1989-01-16,1.0,0.01471069237941245,0.45926655648650894
1989-01-17,1.0,0.014928412453037509,0.4653961452643643
1989-01-18,1.0,0.004214708110902481,0.4695986814924085
1989-01-19,1.0,0.006544445164493252,0.4722935010933826
1989-01-20,0.0,-0.01428152184140405,0.4784906753438704
1989-01-23,0.0,-0.033567316468294923,0.46127165655970004
1989-01-24,0.0,-0.03565128902759631,0.4688803735138487
1989-01-25,0.0,-0.02860922848920971,0.49070511910983544
1989-01-26,0.0,-0.03800545188247874,0.48311919129705755
1989-01-27,0.0,-0.02469261259037152,0.4909441115725653
1989-01-30,0.0,-0.015603334852012337,0.4545971591980236
1989-01-31,0.0,-0.007643349312568012,0.46469704160084047
1989-02-01,0.0,-0.005744574424004543,0.4610477304287687
1989-02-02,1.0,0.006879884443556608,0.5006078336835585
1989-02-03,0.0,-0.001026167355312006,0.4833890360079543
1989-02-06,0.0,-0.008803785500222762,0.46860908010419916
1989-02-07,0.0,-0.017804624633506592,0.4691940742032909
1989-02-08,0.0,-0.02475662692960539,0.4811288100408646
1989-02-09,0.0,-0.024549783786319918,0.47148222452450306
1989-02-10,0.0,-0.023897241097144955,0.4927299566810038
1989-02-13,0.0,-0.0026041681383877436,0.4867575136718603
1989-02-14,1.0,0.006875554101316402,0.500247616053036
1989-02-15,1.0,0.024628594153039793,0.5082678382276854
1989-02-16,1.0,0.010742353998464526,0.5132445861068878
1989-02-17,1.0,0.02646068777134337,0.5235539386968086
1989-02-21,1.0,0.009085072222470836,0.4917935232404314
1989-02-22,0.0,-0.007005737008484534,0.4975428771940054
1989-02-23,0.0,-0.01704586727298872,0.49344045657144375
1989-02-24,0.0,-0.005162634078806943,0.5217781352473521
1989-02-27,0.0,-0.008613539145600625,0.49923812448616195
1989-02-28,1.0,0.009643276271804202,0.5230520290546636
1989-03-01,1.0,0.027099841143824046,0.534292235056745
1989-03-02,1.0,0.019603413424105907,0.5470005073372969
1989-03-03,1.0,0.01820796551909499,0.5419089427006671
1989-03-06,1.0,0.01346605792548512,0.5604838244373492
1989-03-07,1.0,0.010817795599535957,0.5519076066850797
1989-03-08,0.0,-0.004317467024101044,0.5387296755241735
1989-03-09,0.0,-0.005378422492758504,0.5444909259609501
1989-03-10,1.0,0.0020309730261235492,0.541859988193635
1989-03-13,1.0,0.00761424998524544,0.5468520922973071
1989-03-14,0.0,-0.005712487765391361,0.5494877936501767
1989-03-15,1.0,0.0011446742108375612,0.5625878566787329
1989-03-16,1.0,0.014025475354504458,0.5448216652893755
1989-03-17,0.0,-0.009044071581995522,0.5310758593535678
1989-03-20,0.0,-0.03224635485210612,0.5281966363125152
1989-03-21,0.0,-0.023312279882823878,0.5393114455028036
1989-03-22,0.0,-0.026142754678546085,0.5186305556431134
1989-03-23,0.0,-0.04215232951738117,0.5025260205151393
1989-03-28,0.0,-0.01054807824654165,0.5135804223531427
1989-03-29,1.0,0.00013055682504344805,0.5293157094964963
1989-03-30,1.0,0.0016925985422343245,0.5039284189413934
1989-03-31,0.0,-0.0024822012875337215,0.5066199069720058
1989-04-03,1.0,0.0076306119492890795,0.5173365190063071
1989-04-04,0.0,-0.004276556767260194,0.45104682452734957
1989-04-05,1.0,0.011035490116331995,0.45844800442076833
1989-04-06,1.0,0.015233963600400347,0.4502047693589197
1989-04-07,1.0,0.010280525185242449,0.46517221179981116
1989-04-10,1.0,0.009522018074463108,0.4523606477377593
1989-04-11,0.0,-0.0027309985112317393,0.4738873658736069
1989-04-12,0.0,-0.008688377290226002,0.46625755569500343
1989-04-13,0.0,-0.016145006807814537,0.46943729187503247
1989-04-14,0.0,-0.005712817406687166,0.4874635762913949
1989-04-17,0.0,-0.004162878393669395,0.47978907524933434
1989-04-18,1.0,0.005065932767020449,0.49945665662549055
1989-04-19,0.0,-0.00013025073284442484,0.509219994917048
1989-04-20,1.0,0.0006508298309784591,0.5251430076158866
1989-04-21,0.0,-0.016939542338292223,0.5114101639093005
1989-04-24,0.0,-0.016031880819671555,0.5035927690881447
1989-04-25,0.0,-0.01909802976835052,0.48702072167759364
1989-04-26,0.0,-0.014696498605442303,0.46525548214153134
1989-04-27,0.0,-0.02250242983878208,0.4539684496421401
1989-04-28,1.0,0.0018523424190306824,0.4746564469335339
1989-05-02,0.0,-0.003583044109343051,0.4624461002667578
1989-05-03,0.0,-0.003704688015920125,0.4778140902797062
1989-05-04,1.0,0.00026434047206536597,0.4826098865435202
1989-05-05,1.0,0.00424967439034173,0.4866835351770371
1989-05-08,0.0,-0.011834457647002796,0.44806556944521053
1989-05-09,0.0,-0.004263262519016599,0.4735024996581621
1989-05-10,0.0,-0.014150549828278073,0.4750473761386533
1989-05-11,0.0,-0.022316687502260558,0.4759320996636685
1989-05-12,0.0,-0.03177434778043159,0.47082892116258707
1989-05-15,0.0,-0.03831154925398525,0.48384243060961685
1989-05-16,0.0,-0.027065251508561317,0.46892839681364024
1989-05-17,0.0,-0.028362959332204934,0.47763925864116935
1989-05-18,0.0,-0.017448643334946293,0.47359996188797565
1989-05-19,1.0,0.000820456766932197,0.46390831565768853
1989-05-22,1.0,0.0040224757753531265,0.45148217978907423
1989-05-23,0.0,-0.00743497848751809,0.44312099080988826
1989-05-24,0.0,-0.0002766634406913689,0.47165156228449734
1989-05-25,0.0,-0.005792320704504433,0.45952113315657955
1989-05-26,0.0,-0.001641587235951969,0.44013440665227577
1989-05-30,1.0,0.010191521899571496,0.4531667128581281
1989-05-31,1.0,0.03369884087879433,0.47087537395892565
1989-06-01,1.0,0.03560642479914613,0.470313801406164
1989-06-02,1.0,0.01850001374392021,0.48660300879825463
1989-06-05,0.0,-0.014618933635828448,0.48577500824532815
1989-06-06,0.0,-0.017136958904164994,0.48035908296413893
1989-06-07,0.0,-0.03563548555657704,0.428616269254289
1989-06-08,0.0,-0.03532976135845476,0.4508151311565976
1989-06-09,0.0,-0.007906257105512803,0.4909584244108659
1989-06-12,1.0,0.012425950300818257,0.5397577002704723
1989-06-13,1.0,0.021784950867367925,0.5221701401217561
1989-06-14,1.0,0.013205143741748849,0.5567112865543992
1989-06-15,1.0,0.022565059992089725,0.5643621561429745
1989-06-16,1.0,0.012647207401043307,0.5360388751944204
1989-06-19,1.0,0.02787354041383851,0.5121625005571594
1989-06-20,1.0,0.02598248065748068,0.4986429904263722
1989-06-21,1.0,0.021227052679735084,0.5089272204228074
1989-06-22,1.0,0.017559596008482406,0.49175301021430234
1989-06-23,1.0,0.008075414005545331,0.5009000484635971
1989-06-26,0.0,-0.0005339028423674659,0.47270071098859506
1989-06-27,0.0,0.0,0.4835196492882413
1989-06-28,1.0,0.026013218304387138,0.48408377060458174
1989-06-29,1.0,0.024154495403992584,0.482879914899763
1989-06-30,1.0,0.02789157076148987,0.49995447596630804
1989-07-03,1.0,0.023095714794649395,0.49927680862958973
1989-07-04,1.0,0.006622540760493457,0.49591882718787167
1989-07-05,0.0,-0.010087201533401032,0.46690393313806694
1989-07-06,0.0,-0.02561716437030033,0.4783746154835234
1989-07-07,0.0,-0.03380715671360519,0.46664943120831376
1989-07-10,0.0,-0.033564203900664065,0.4283302502626303
1989-07-11,0.0,-0.01878927952037246,0.4529054769343659
1989-07-12,0.0,-0.02412003131919573,0.46219931354584826
1989-07-13,0.0,-0.012587204216941312,0.48636990950649883
1989-07-14,1.0,0.004305711711211792,0.49466131266397695
1989-07-17,1.0,0.0036361227860909136,0.48063747125512557
1989-07-18,0.0,-0.0012113871862970932,0.45031294389005616
1989-07-19,1.0,0.004306870721984781,0.47189034629892745
1989-07-20,1.0,0.008319962110224899,0.4479645050446214
1989-07-21,0.0,-0.007276679460325757,0.42211395950849606
1989-07-24,0.0,-0.009861613186330734,0.42963181920262306
1989-07-25,0.0,-0.006079046076382226,0.43132175544810963
1989-07-26,0.0,-0.006872879287762064,0.4241114706509343
1989-07-27,0.0,-0.013182865114878336,0.4216236294311021
1989-07-28,1.0,0.0021615787935554505,0.4567936978829205
1989-07-31,0.0,-0.005991303324829011,0.44468312288166945
1989-08-01,0.0,-0.008436572015366118,0.43660206117864625
1989-08-02,0.0,-0.014026239346346475,0.4423541354355793
1989-08-03,0.0,-0.009250508081450089,0.4593558838936514
1989-08-04,0.0,-0.02348551416644489,0.4397036336940429
1989-08-07,0.0,-0.007677580899034306,0.4406106203329072
1989-08-08,1.0,0.0005464481010294895,0.433050508888977
1989-08-09,1.0,0.008194528236969355,0.43290324449120837
1989-08-10,0.0,-0.002600069887637099,0.43220377083047945
1989-08-11,1.0,0.011948229761580458,0.4511798767117628
1989-08-14,1.0,0.007131132798004774,0.42561749710524793
1989-08-15,1.0,0.0008191126737846412,0.4190808545684704
1989-08-16,0.0,-0.003815758241121782,0.4207042668824146
1989-08-17,0.0,-0.007426797993088934,0.4356496275646267
1989-08-18,0.0,-0.015962909480689524,0.41459458569770524
1989-08-21,0.0,-0.016811750508728268,0.4251923560851874
1989-08-22,0.0,0.0,0.43485098236137976
1989-08-23,0.0,-0.017631310723977504,0.4477994825153681
1989-08-24,0.0,-0.0077605710998543305,0.4380192095081651
1989-08-25,0.0,-0.0044487769745065985,0.43557427781370256
1989-08-29,0.0,-0.0034802011878488377,0.4406231362564914
1989-08-30,0.0,-0.01706620005811944,0.44212959578153077
1989-08-31,0.0,-0.0016689850883882967,0.4939147400110656
1989-09-01,1.0,0.0005563282480066141,0.46542635176102565
1989-09-04,0.0,-0.00139431143615264,0.45456020916896933
1989-09-05,1.0,0.00013944084244854984,0.44241948433677725
1989-09-06,0.0,-0.004730772702180651,0.4752609581068645
1989-09-07,1.0,0.006382705170774948,0.45979568327851356
1989-09-08,0.0,-0.010764065627503525,0.45689612640390814
1989-09-11,1.0,0.003760188261649957,0.46125460159589504
1989-09-12,1.0,0.00570039777864899,0.46034073893103883
1989-09-13,1.0,0.011785231724622126,0.47624633335302696
1989-09-14,1.0,0.0035896766421621477,0.464328034354243
1989-09-15,1.0,0.02539510647244004,0.47526364132158966
1989-09-18,1.0,0.02104472136470821,0.45728338235843885
1989-09-19,1.0,0.020174979219249416,0.4746736561247315
1989-09-20,1.0,0.017082752276229976,0.48566883940114675
1989-09-21,1.0,0.010146803085724552,0.5140943986332217
1989-09-22,1.0,0.00437517788430437,0.48955701648767663
1989-09-25,0.0,-0.002316550739580349,0.5011294352144848
1989-09-26,0.0,-0.00681665897909768,0.4945262441872791
1989-09-27,0.0,-0.008163310639160981,0.5015865216321684
1989-09-28,0.0,-0.0008188890862958903,0.5129706904088206
1989-09-29,0.0,-0.009595687061855438,0.4987604670071217
1989-10-02,0.0,-0.00987120710768162,0.5082611379487791
1989-10-03,0.0,-0.009898348620136499,0.4936941222617429
1989-10-04,0.0,-0.013616880504175543,0.48607178608265744
1989-10-05,0.0,-0.008363660188233236,0.44766054749119466
1989-10-06,1.0,0.0005508124622874325,0.44968436252891375
1989-10-09,1.0,0.015041990162127207,0.4324224750325335
1989-10-10,1.0,0.013039783970111844,0.43219483434520545
1989-10-11,1.0,0.020424258732200506,0.4336886109945621
1989-10-12,1.0,0.014896073183545942,0.4225471475192404
1989-10-13,1.0,0.006722944989821905,0.41685821059093264
1989-10-16,0.0,-0.007903025191318478,0.39850878925368727
1989-10-17,0.0,-0.00013637913420370138,0.410724571692634
1989-10-18,1.0,0.00040697280626819047,0.3948620793635127
1989-10-19,0.0,0.0,0.4044317890663087
1989-10-20,1.0,0.01882886645052796,0.3756928656539278
1989-10-23,1.0,0.030978908258177635,0.3868248230776471
1989-10-24,1.0,0.023454370735370544,0.3750216340177061
1989-10-25,1.0,0.01186477448186392,0.37731655426637417
1989-10-26,1.0,0.015211978064014788,0.37744347296819947
1989-10-27,1.0,0.02098071913425232,0.39403225996385566
1989-10-30,1.0,0.0072679540278715775,0.4431878694683447
1989-10-31,1.0,0.023177229210884064,0.434260169410493
1989-11-01,1.0,0.026844587179182037,0.4363746001273745
1989-11-02,1.0,0.033759034283864835,0.4167530960328216
1989-11-03,1.0,0.012665834922261737,0.4386628326355231
1989-11-06,1.0,0.027914827803858407,0.4518650430225338
1989-11-07,1.0,0.010746526676937176,0.45428979681730847
1989-11-08,1.0,0.02117300886527043,0.43920180926967034
1989-11-09,1.0,0.011046997378373247,0.44153629376878806
1989-11-10,1.0,0.017109827566460185,0.46743562791198906
1989-11-13,1.0,0.011204599012863062,0.457621928331199
1989-11-14,1.0,0.02731195486106704,0.4814389267546413
1989-11-15,1.0,0.04618317254831594,0.4513655091188208
1989-11-16,1.0,0.05020046445667724,0.4581813348308994
1989-11-17,1.0,0.05894253563345002,0.43917635484722106
1989-11-20,1.0,0.046629358398669045,0.4640425722495889
1989-11-21,1.0,0.026585800734075675,0.4737027939056377
1989-11-22,1.0,0.006928855289945511,0.5094038137610477
1989-11-23,0.0,-0.00829576552128813,0.49601343998523284
1989-11-24,0.0,-0.004700786092507709,0.4969260139622089
1989-11-27,0.0,-0.012525244307750887,0.5031526835977156
1989-11-28,0.0,-0.014751343087072728,0.513450388598438
1989-11-29,0.0,-0.024277798577032418,0.5318983979584393
1989-11-30,0.0,-0.0052815942956323005,0.5521202806574818
1989-12-01,0.0,-0.010933053508947556,0.5413422984941656
1989-12-04,1.0,0.01674593191198122,0.5582869946823871
1989-12-05,1.0,0.02868673975863661,0.5367630490792351
1989-12-06,1.0,0.024883308737827767,0.5313463481526246
1989-12-07,1.0,0.006138754698324842,0.5014616666603577
1989-12-08,1.0,0.00827154697778018,0.5295551091767424
1989-12-11,0.0,-0.019441681614585496,0.4992319324996919
1989-12-12,0.0,-0.007488862152698054,0.4991997946039721
1989-12-13,0.0,-0.0014538408182279998,0.49363095736969703
1989-12-14,1.0,0.010955678660975281,0.504307267029485
1989-12-15,0.0,0.0,0.504170035174721
1989-12-18,1.0,0.012801150119319918,0.546105958043415
1989-12-19,0.0,-0.015640592541072175,0.5438944435717176
1989-12-20,0.0,-0.03403534436411043,0.5447770783199284
1989-12-21,0.0,-0.028862918516807154,0.525408536884387
1989-12-22,0.0,-0.0338806659103739,0.543431870823745
1989-12-26,0.0,-0.04395631789911549,0.5252686949021512
1989-12-27,0.0,-0.02367711852683002,0.5470786940066161
1989-12-28,1.0,0.01592865932784477,0.5332380087659739
1989-12-29,1.0,0.008314250289419423,0.5301411038075453
1990-01-02,1.0,0.011091147404652132,0.5494104859003449
1990-01-03,1.0,0.03507386003423107,0.5515852511270176
1990-01-04,1.0,0.03858999726986895,0.5220291149347926
1990-01-05,1.0,0.027398974188114347,0.49268235635527036
1990-01-08,1.0,0.026824334491427335,0.5242064471284036
1990-01-09,1.0,0.022789518505721827,0.5205922771867987
1990-01-10,1.0,0.003172668921206725,0.49132598401448435
1990-01-11,1.0,0.0031496089028962013,0.5003917450864872
1990-01-12,0.0,-0.01842699733251494,0.5454207809146482
1990-01-15,0.0,-0.02337009962333971,0.5511610004144392
1990-01-16,0.0,-0.01096235094966292,0.5441894718383131
1990-01-17,1.0,0.02490653921435566,0.5617960129007455
1990-01-18,1.0,0.005427912729429152,0.5667300380195488
1990-01-19,1.0,0.022622388562617647,0.6016792294564463
1990-01-22,1.0,0.03092092353754355,0.5982446585127967
1990-01-23,1.0,0.0239604879769602,0.5804765425610875
1990-01-24,0.0,-0.013639838169870787,0.5722485170041591
1990-01-25,1.0,0.00036081544681544744,0.6122573486047788
1990-01-26,0.0,-0.00011962437959120922,0.5737688430021746
1990-01-29,1.0,0.01009809590700173,0.5637259726436264
1990-01-30,1.0,0.0069113716484665196,0.5672256430400768
1990-01-31,1.0,0.020744663793615458,0.6171175456024864
1990-02-01,1.0,0.005277057100843819,0.5892092416444448
1990-02-02,0.0,-0.005879193849662266,0.5896609619657243
1990-02-05,0.0,-0.009859318446459448,0.6006555194075318
1990-02-06,0.0,-0.007150548879934251,0.6067830698511618
1990-02-07,0.0,-0.02182945869298069,0.5865284041308566
1990-02-08,0.0,-0.0032348916965405563,0.5983370980582134
1990-02-09,1.0,0.0024038473113944595,0.5962454277874251
1990-02-12,0.0,-0.00562639899292116,0.6102460873995376
1990-02-13,1.0,0.004534613975569122,0.6143623654917606
1990-02-14,1.0,0.012940511275734732,0.6227390016535885
1990-02-15,1.0,0.0023972203736995173,0.588991467603045
1990-02-16,0.0,-0.001561843292200812,0.5838921486229441
1990-02-19,0.0,-0.012563586370519002,0.5927225427921174
1990-02-20,0.0,-0.029972032031169632,0.6001560658173297
1990-02-21,0.0,-0.029723101452206347,0.5881007386615936
1990-02-22,0.0,-0.02755195820823414,0.583843429969924
1990-02-23,0.0,-0.026314102038196268,0.5729222275707768
1990-02-26,0.0,-0.019890158479219575,0.5607571413135629
1990-02-27,0.0,-0.0054127331067502235,0.5657087585625353
1990-02-28,0.0,-0.017817843316793786,0.5652753575713065
1990-03-01,0.0,-0.013878785351582249,0.5624836657071174
1990-03-02,0.0,-0.014297502207324625,0.5620797498634503
1990-03-05,0.0,-0.004848042312933251,0.5508716402788756
1990-03-06,0.0,-0.020185086016890896,0.5356097761799715
1990-03-07,0.0,-0.004379112409359596,0.5596692681090979
1990-03-08,0.0,-0.0029992524357695303,0.5530565315124253
1990-03-09,1.0,0.0033752141549038654,0.5613140334153419
1990-03-12,1.0,0.0021161394590026683,0.5476399916106557
1990-03-13,1.0,0.0060233586552027076,0.5834179273187463
1990-03-14,0.0,-0.017072814308591835,0.5498222319703324
1990-03-15,0.0,-0.018951925415866867,0.5578052658108654
1990-03-16,0.0,-0.018007160366621613,0.5571307037980907
1990-03-19,0.0,-0.08252236075532025,0.5699902697871517
1990-03-20,0.0,-0.08250622590309702,0.5730157776300464
1990-03-21,0.0,-0.052367985517315925,0.5818657502148689
1990-03-22,0.0,-0.05371297563264867,0.5688802674180674
1990-03-23,0.0,-0.06564035622806667,0.5653020411470483
1990-03-26,0.0,-0.005009148766756433,0.5095465872991574
1990-03-27,1.0,0.018843087801479915,0.4775430174763202
1990-03-28,1.0,0.006030169026591231,0.4594578955505558
1990-03-29,1.0,0.018402973019909247,0.49485778999625774
1990-03-30,1.0,0.024659518089019856,0.5270220622896343
1990-04-02,1.0,0.022279810316843722,0.43775455144280356
1990-04-03,1.0,0.0005331911616587351,0.4244911666949082
1990-04-04,1.0,0.0006677796575364688,0.46709234317468207
1990-04-05,0.0,-0.007693365973533668,0.46060530465869587
1990-04-06,0.0,-0.009844432303879167,0.46655073648342127
1990-04-09,0.0,-0.0051899777152882645,0.4686135428552247
1990-04-10,1.0,0.00146481150101432,0.5079542550690275
1990-04-11,1.0,0.003997340432620394,0.510662232453264
1990-04-12,0.0,-0.0006660006906181456,0.5344834588316723
1990-04-17,1.0,0.007458745287676133,0.539526038388288
1990-04-18,0.0,-0.008844871384891878,0.5360217358121169
1990-04-19,0.0,-0.011106021693400378,0.5371633284867731
1990-04-20,0.0,-0.011771136450211052,0.5353233027644915
1990-04-23,0.0,-0.020189111032024486,0.5424306528347244
1990-04-24,0.0,-0.01956380231395161,0.5281147694678181
1990-04-25,0.0,-0.004992925830286095,0.5355361518738793
1990-04-26,0.0,-0.0045853081012752275,0.5232125802082574
1990-04-27,0.0,-0.0008076457566491152,0.5239055282972973
1990-04-30,1.0,0.007854861621181796,0.5278519585400655
1990-05-01,1.0,0.0021627475313106383,0.5238829308322988
1990-05-02,1.0,0.005800245572735209,0.49774940623822284
1990-05-03,0.0,-0.003656311203110432,0.5026289170891429
1990-05-04,0.0,-0.006213717142507222,0.5099028022010041
1990-05-08,0.0,-0.00785486162118183,0.4862464095284482
1990-05-09,0.0,-0.0012159698856902712,0.4957994671781463
1990-05-10,0.0,-0.006883082711567413,0.4967660195852015
1990-05-11,1.0,0.003656311203110479,0.5105536066942531
1990-05-14,1.0,0.011049836186584935,0.5085037273690902
1990-05-15,1.0,0.019789297606294862,0.5135210048899724
1990-05-16,0.0,-0.014570966585163884,0.51484319494659
1990-05-17,0.0,-0.007339981301990874,0.5323242586251171
1990-05-18,0.0,-0.009234177511702012,0.5186774511023072
1990-05-21,0.0,-0.014579091919885882,0.539302306606442
1990-05-22,0.0,-0.02346702428786653,0.5497561864264084
1990-05-23,0.0,-0.003985985622457091,0.5390123198550809
1990-05-24,0.0,-0.008356785396061777,0.5232433733706446
1990-05-25,0.0,-0.026122693331587184,0.5337186499700727
1990-05-29,0.0,-0.026455111302839163,0.5569146634197071
1990-05-30,0.0,-0.019011455638873718,0.5655359994230886
1990-05-31,0.0,-0.028639241693619567,0.5054381095478487
1990-06-01,0.0,-0.027758250594016987,0.5156543314112478
1990-06-04,0.0,-0.00660346621554297,0.4917636520415499
1990-06-05,0.0,-0.006584040034425305,0.4936338602016575
1990-06-06,0.0,-0.025353470686456547,0.4976069876732263
1990-06-07,0.0,-0.019896169086042474,0.49514688823267894
1990-06-08,0.0,-0.018846931360923535,0.4923850589601206
1990-06-11,0.0,-0.01548436364250489,0.47038173141709366
1990-06-12,0.0,-0.020159683302942082,0.48621702924668847
1990-06-13,0.0,-0.010324152498940784,0.5162298806978154
1990-06-14,1.0,0.011213458498996706,0.47807236852067175
1990-06-15,1.0,0.004314691002643639,0.4760221050629583
1990-06-18,1.0,0.011812561748524776,0.48072365839893244
1990-06-19,1.0,0.0020057313314399967,0.48934889628491374
1990-06-20,1.0,0.010752021007215484,0.4722460858603113
1990-06-21,1.0,0.0072644718016015245,0.43516028407690743
1990-06-22,1.0,0.01084795108375799,0.4758140620748523
1990-06-25,1.0,0.01125504283973175,0.46604326828207965
1990-06-26,1.0,0.035569926827311305,0.5063441988815323
1990-06-27,1.0,0.03323589931181012,0.4854277739167371
1990-06-28,1.0,0.02078726535438622,0.4977195644524195
1990-06-29,1.0,0.025094188434749937,0.49519461789845176
1990-07-02,1.0,0.007942632154303762,0.513727168404116
1990-07-03,0.0,-0.02234729869199666,0.4972450321628417
1990-07-04,0.0,-0.02288046242330313,0.5051973419421911
1990-07-05,0.0,-0.02320289707966387,0.5160442851454181
1990-07-06,1.0,0.006760977806468016,0.499323188828238
1990-07-09,1.0,0.00829306757076073,0.5285961515430905
1990-07-10,1.0,0.01874967477571891,0.5812896915175996
1990-07-11,1.0,0.014291962478032235,0.5638441527562404
1990-07-12,1.0,0.030405144279117155,0.5650788360635725
1990-07-13,0.0,-0.007176403970442917,0.47735040389762123
1990-07-16,1.0,0.007815217675798397,0.4995575026840227
1990-07-17,1.0,0.021936717330605527,0.4743225895212396
1990-07-18,1.0,0.0364719792953891,0.4691293887263637
1990-07-19,1.0,0.017646309752997965,0.4311274180328951
1990-07-20,1.0,0.015802458690210082,0.4885604095765457
1990-07-23,1.0,0.0032724326994311706,0.46907609583898374
1990-07-24,1.0,0.009716675638572349,0.4610214468473907
1990-07-25,0.0,-0.005649732542119133,0.45044209577224653
1990-07-26,1.0,0.03189275573442215,0.4766707600580856
1990-07-27,1.0,0.03285578805933516,0.46684180099632155
1990-07-30,1.0,0.03989589198355002,0.4773567303441522
1990-07-31,1.0,0.028987536873252187,0.46910741631187214
1990-08-01,1.0,0.03733555161625981,0.49765264493726963
1990-08-02,1.0,0.007588679620831535,0.48750978221805485
1990-08-03,1.0,0.026942476940568755,0.49285338172310367
1990-08-06,1.0,0.05608233183755352,0.48174499805682597
1990-08-07,1.0,0.07112150236520104,0.5007996320768571
1990-08-08,1.0,0.03486275299145455,0.4900297215369055
1990-08-09,1.0,0.048343170196408054,0.5253634895841064
1990-08-10,1.0,0.05314082256183819,0.5116526843801713
1990-08-13,1.0,0.008497064854397988,0.5639715067526953
1990-08-14,1.0,0.005573745194318271,0.5920580897445756
1990-08-15,1.0,0.025647196501020025,0.6316112437771524
1990-08-16,1.0,0.02405023893711362,0.5615385925493597
1990-08-17,0.0,-0.0007309051366928171,0.5619755008664228
1990-08-20,0.0,-0.04900477947232685,0.6303232253957978
1990-08-21,0.0,-0.07395926774064435,0.6343710649947516
1990-08-22,0.0,-0.047598214273577286,0.5956328101726547
1990-08-23,0.0,-0.06163295008615662,0.5744783519961384
1990-08-24,0.0,-0.05911010999496491,0.6081344740547188
1990-08-28,0.0,-0.0178007688624778,0.6635435497335893
1990-08-29,0.0,-0.002605525184288888,0.6448737068224568
1990-08-30,0.0,-0.00578965914448424,0.6000958970046189
1990-08-31,0.0,-0.008156968901968828,0.6212146225937125
1990-09-03,0.0,-0.005834700507476817,0.6142599173195512
1990-09-04,0.0,-0.007632620288815141,0.5352923016479809
1990-09-05,0.0,-0.003266482292933707,0.5026903873945325
1990-09-06,0.0,-0.013771816987229108,0.5105378848548382
1990-09-07,1.0,0.004151536839734619,0.5199134031690864
1990-09-10,1.0,0.012663303992400675,0.5081481704085459
1990-09-11,1.0,0.01962129658732731,0.49751480579356805
1990-09-12,1.0,0.011580377933900833,0.48452535357414667
1990-09-13,1.0,0.01235145391029539,0.5218396574698074
1990-09-14,1.0,0.01618116722804906,0.5039242405727068
1990-09-17,1.0,0.036188781598767,0.5111284094505998
1990-09-18,1.0,0.04235449839257768,0.5071328802386439
1990-09-19,1.0,0.044159239898240936,0.5173550000544482
1990-09-20,1.0,0.05395160057404229,0.525499691885177
1990-09-24,1.0,0.009634962973926157,0.5513212125037271
1990-09-25,0.0,-0.040177207599985665,0.5990710463533417
1990-09-26,0.0,-0.033584774919309175,0.5615339365380307
1990-09-27,0.0,-0.02050840916459602,0.5403873886523833
1990-09-28,0.0,-0.031843486541953334,0.5313574208524486
1990-10-01,0.0,-0.013975580027761642,0.5919986008526084
1990-10-02,1.0,0.023317613750309753,0.6278354686637914
1990-10-03,1.0,0.006144412572341211,0.5967206254642978
1990-10-04,0.0,-0.019777359137848068,0.5931821466826188
1990-10-05,0.0,-0.0187541377197607,0.6222802461577329
1990-10-08,0.0,-0.026184256780176052,0.5943562656531395
1990-10-09,0.0,-0.08472409328429543,0.5387127711157047
1990-10-10,0.0,-0.06811817210907413,0.5684502815978867
1990-10-11,0.0,-0.053330093244999925,0.5835213278011285
1990-10-12,0.0,-0.04275560775564984,0.580262079489338
1990-10-15,0.0,-0.03528834473556024,0.5643926539427058
1990-10-16,1.0,0.0187403637684073,0.6322933354368849
1990-10-17,1.0,0.013838234665185705,0.5885576409413008
1990-10-18,1.0,0.019384104037371865,0.5860812189478058
1990-10-19,1.0,0.004559482218291717,0.588116480227493
1990-10-22,1.0,0.014050487832321238,0.5871573185665979
1990-10-23,1.0,0.0056345735335937746,0.49810992812533444
1990-10-24,1.0,0.022383028769132677,0.5209282695587891
1990-10-25,1.0,0.014163980255589952,0.5230197006343505
1990-10-26,1.0,0.010117232197641221,0.558873430937565
1990-10-29,1.0,0.011206093787877047,0.5402843182997785
1990-10-30,1.0,0.014608493523745481,0.5527899946785476
1990-10-31,1.0,0.01438873745209967,0.542341304155038
1990-11-01,1.0,0.011370442047753405,0.5771020915097889
1990-11-02,1.0,0.021489296525102754,0.5906588980756365
1990-11-05,1.0,0.010031763115361976,0.5837103725708231
1990-11-06,1.0,0.011144002578669205,0.5864316322410373
1990-11-07,0.0,-0.002861232281032235,0.617076139711124
1990-11-08,0.0,-0.017699577099400975,0.6384827968095567
1990-11-09,0.0,-0.02467316761479049,0.609568412957969
1990-11-12,0.0,-0.007646708321042427,0.6163529416161989
1990-11-13,0.0,-0.009168368086879443,0.599734290172506
1990-11-14,0.0,-0.017341475036487215,0.625102743160752
1990-11-15,1.0,0.005277057100843819,0.6282934123389073
1990-11-16,1.0,0.019213645409891702,0.6139399800642781
1990-11-19,1.0,0.02380130663905801,0.5855692674001444
1990-11-20,1.0,0.009950330853168092,0.5870625509189217
1990-11-21,1.0,0.02020270731751947,0.5789177344373438
1990-11-22,1.0,0.01773651085870773,0.5422449672501012
1990-11-23,1.0,0.0032533049710432257,0.541250789048024
1990-11-26,0.0,-0.01628594395424569,0.555772607276816
1990-11-27,0.0,-0.016286149302253826,0.5688374985732774
1990-11-28,0.0,-0.023654190897889716,0.5403498844609903
1990-11-29,0.0,-0.04440475794086919,0.544295436483078
1990-11-30,0.0,-0.037190814288626375,0.559841720024813
1990-12-03,0.0,-0.017490839433807644,0.5668706945134547
1990-12-04,0.0,-0.014672798918768756,0.5404808343019704
1990-12-05,0.0,-0.013656658894349492,0.5371155466925798
1990-12-06,1.0,0.005390848634876373,0.543820979772439
1990-12-07,1.0,0.006451635281488595,0.5374787144634281
1990-12-10,1.0,0.005997219280977739,0.5250088554648693
1990-12-11,1.0,0.01414299758187296,0.5252783519476598
1990-12-12,1.0,0.021339833529009915,0.5234516778100011
1990-12-13,1.0,0.03551762863212462,0.49924237456152754
1990-12-14,1.0,0.0278768299282181,0.5061443998181866
1990-12-17,1.0,0.01712596197940769,0.5185336323468902
1990-12-18,1.0,0.034890287234178016,0.5246728848708434
1990-12-19,1.0,0.019341951647680666,0.518614579896896
1990-12-20,1.0,0.005046268067624219,0.5200236470984964
1990-12-21,1.0,0.018971982860061683,0.5053682416410389
1990-12-27,1.0,0.01786455276586425,0.5076199871543
1991-01-02,0.0,-0.009512862585025253,0.48806882054237544
1991-01-03,1.0,0.01094173238407076,0.5272902524266172
1991-01-04,1.0,0.00822626746968313,0.5455372291274633
1991-01-07,1.0,0.01899512601722584,0.5326384277322821
1991-01-08,1.0,0.022330285885606187,0.5321148646920961
1991-01-09,1.0,0.040253504363080395,0.5334943954482626
1991-01-10,0.0,-0.030019796973880044,0.4779231438928394
1991-01-11,0.0,-0.03212866577411335,0.4803687104489548
1991-01-14,0.0,-0.05253525155433732,0.5299092712485353
1991-01-15,0.0,-0.04490812310356873,0.5110855930684277
1991-01-16,0.0,-0.0632490303076994,0.5026965747225175
1991-01-17,0.0,-0.015957785438610806,0.5662501634490162
1991-01-18,0.0,-0.010631329368727509,0.512584169456638
1991-01-21,0.0,-0.009831353267082933,0.5402205369681248
1991-01-22,0.0,-0.01108483242449293,0.5371040538726857
1991-01-23,0.0,-0.030053241136194963,0.5693037801027658
1991-01-24,0.0,-0.018945086242449304,0.485584165439415
1991-01-25,0.0,-0.026397471851024926,0.4753458698026344
1991-01-28,0.0,-0.019821319059654695,0.48295089679492353
1991-01-29,0.0,-0.02744320729660329,0.4942320201642217
1991-01-30,0.0,-0.01744909284880847,0.5160685020847964
1991-01-31,0.0,-0.005754228783252152,0.4750206216641976
1991-02-01,1.0,0.014976454189557259,0.48367707692026646
1991-02-04,0.0,-0.0008174387376160459,0.48528461920451893
1991-02-05,0.0,-0.006019170019801453,0.5107760498123144
1991-02-06,1.0,0.016495219369110845,0.4847657750404893
1991-02-07,1.0,0.011611359196611814,0.4667522748674641
1991-02-08,0.0,-0.012236726448436921,0.4662432793738824
1991-02-11,0.0,-0.008486226674301038,0.5082726001971635
1991-02-12,0.0,-0.003849331120952426,0.5109502779060668
1991-02-13,0.0,-0.005742427592849081,0.47565369336362434
1991-02-14,0.0,-0.016155882613934015,0.48994743335833163
1991-02-15,0.0,-0.018501149005192098,0.5281769055399689
1991-02-18,0.0,-0.016911963931309514,0.5208238612167374
1991-02-19,0.0,-0.010384309305716493,0.5052498817803902
1991-02-20,0.0,-0.012833957980086286,0.519230386764129
1991-02-21,1.0,0.0012414650880649455,0.5384802184903628
1991-02-22,1.0,0.02232420117659524,0.5160685758594851
1991-02-25,1.0,0.021574616372007832,0.5027524523661621
1991-02-26,1.0,0.014508026489578635,0.4958720163389042
1991-02-27,1.0,0.017075600790254677,0.5121774601756393
1991-02-28,1.0,0.0104224750378496,0.5126598313688409
1991-03-01,1.0,0.004351380268155022,0.5011016431072035
1991-03-04,1.0,0.0010939424036383331,0.5031828309425482
1991-03-05,0.0,-0.0006861063733986034,0.5057871649364107
1991-03-06,0.0,-0.0005462988390440146,0.5022299520935403
1991-03-07,0.0,-0.005197659082143503,0.5144341692457794
1991-03-08,0.0,-0.006807378228025014,0.5176447996461014
1991-03-11,0.0,-0.009750815429007412,0.5167831706342491
1991-03-12,1.0,0.0006861063733985867,0.507976781722528
1991-03-13,0.0,-0.004106781952653359,0.5117687057775762
1991-03-14,0.0,-0.006190266689272209,0.5178454065857131
1991-03-15,0.0,-0.018614808442231935,0.5225270749195653
1991-03-18,0.0,-0.01585789247199145,0.5162057594805255
1991-03-19,0.0,-0.029088405350929887,0.5049888144659109
1991-03-20,0.0,-0.02457945026918874,0.5204261920115487
1991-03-21,0.0,-0.013475233421228144,0.5142580576785865
1991-03-25,0.0,-0.00013918853108980608,0.5058266490609569
1991-03-26,1.0,0.0050349756717353545,0.4739042711300013
1991-03-27,1.0,0.012490513941891969,0.46991577049957256
1991-03-28,1.0,0.0149308571533569,0.47280813284601175
1991-04-02,1.0,0.018018505502678212,0.4751804958820748
1991-04-03,1.0,0.012312530172505168,0.47887398981345336
1991-04-04,1.0,0.009303684410817931,0.474937954665906
1991-04-05,1.0,0.009577420699475368,0.46742551313135516
1991-04-08,0.0,-0.0024961876780512995,0.47127640967994344
1991-04-09,0.0,-0.00772204609391039,0.4865489858036509
1991-04-10,0.0,-0.008283907650868021,0.4989231265650385
1991-04-11,0.0,-0.007213236990782703,0.49215556228457025
1991-04-12,0.0,-0.016154090314787692,0.4892238927839013
1991-04-15,0.0,-0.010328075058175472,0.464141379187229
1991-04-16,0.0,-0.015906572299534752,0.5174641194963716
1991-04-17,0.0,-0.0135391837179468,0.5155145219289453
1991-04-18,0.0,-0.01656410695617369,0.5040240978202135
1991-04-19,0.0,-0.00817596885972589,0.49820745483114753
1991-04-22,0.0,-0.014982612422267588,0.47906595260388346
1991-04-23,1.0,0.006309169193264756,0.47363880289998816
1991-04-24,1.0,0.001965464622615934,0.47323979562823054
1991-04-25,1.0,0.0025445306349947947,0.46190180203328396
1991-04-26,1.0,0.0063492276786587445,0.44428488523226556
1991-04-29,1.0,0.014280907249976103,0.41236700323984965
1991-04-30,0.0,-0.0023787879404456383,0.3881757940820134
1991-05-01,1.0,0.000981285562725877,0.4099227557399276
1991-05-02,1.0,0.007174540165214219,0.4070165910463759
1991-05-03,1.0,0.003790276173780827,0.40243940081655916
1991-05-07,1.0,0.005041321417831229,0.3886078987072691
1991-05-08,1.0,0.008231647457698705,0.41679497141538946
1991-05-09,0.0,-0.0023847945650459597,0.41523955721168887
1991-05-10,0.0,-0.004495652415803588,0.4069853151236871
1991-05-13,0.0,-0.0051977359416606386,0.4117280109354255
1991-05-14,0.0,-0.004620239230403617,0.4155141284910743
1991-05-15,0.0,-0.008652021596867494,0.4264636465956964
1991-05-16,0.0,-0.0030946711995797193,0.43689086413764044
1991-05-17,1.0,0.001969335282692536,0.4288023445016964
1991-05-20,1.0,0.0018293117041082245,0.42968778249056977
1991-05-21,1.0,0.014488968987029088,0.43565395720674516
1991-05-22,1.0,0.011981196540244803,0.44761557912127775
1991-05-23,1.0,0.015378466081732111,0.42573536281214935
1991-05-24,1.0,0.02003405903311588,0.41504732023222457
1991-05-28,1.0,0.018801472989299985,0.4113481559433999
1991-05-29,1.0,0.002486532570004878,0.4386019237576972
1991-05-30,1.0,0.010469857314438578,0.43744473493113895
1991-05-31,1.0,0.01814732232038741,0.41453033830970926
1991-06-03,1.0,0.025028509943299505,0.41659310990276904
1991-06-04,1.0,0.024127115948085084,0.4151629248369406
1991-06-05,1.0,0.026145280104322422,0.4314015962509688
1991-06-06,1.0,0.013205555730956995,0.4255370852957182
1991-06-07,1.0,0.00204151142697663,0.3993032864503231
1991-06-10,0.0,-0.014614603825840485,0.46289041992240476
1991-06-11,0.0,-0.0026972369690012646,0.45047311723260414
1991-06-12,0.0,-0.012442681492121358,0.42604189680789456
1991-06-13,0.0,-0.00569647546105418,0.4362794195145694
1991-06-14,0.0,-0.0040871991502698405,0.4386202224284083
1991-06-17,0.0,-0.016215828733567028,0.44288465658097953
1991-06-18,0.0,-0.01881189608526315,0.4196516923681453
1991-06-19,0.0,-0.0035446526548346055,0.4420124796084342
1991-06-20,0.0,-0.007646132281355707,0.41618266778968827
1991-06-21,1.0,0.005717412797545647,0.40356392911143446
1991-06-24,1.0,0.021924692953887062,0.4187283756015131
1991-06-25,1.0,0.010267733440143697,0.4176493519097408
1991-06-26,1.0,0.008567401285298584,0.4006227612731349
1991-06-27,1.0,0.012124663211312761,0.4061313701413583
1991-06-28,1.0,0.004199125709585606,0.38905255254963145
1991-07-01,1.0,0.003652848545278282,0.3737079618330965
1991-07-02,1.0,0.005704212125908284,0.3807384756675398
1991-07-03,1.0,0.0044585630840557776,0.3793854750052225
1991-07-04,0.0,-0.002576097960469497,0.3758430901914685
1991-07-05,0.0,-0.005557452460134706,0.3838932343061198
1991-07-08,0.0,-0.006639140977687443,0.38490235730466893
1991-07-09,0.0,-0.0013551973885982448,0.3814012828977949
1991-07-10,0.0,-0.005406879892915207,0.3836557614908754
1991-07-11,1.0,0.0018988205895075288,0.38787396859435314
1991-07-12,1.0,0.0058277592599966345,0.38536099038748234
1991-07-15,1.0,0.005287789420688326,0.38360171220718386
1991-07-16,0.0,-0.0035321324590735868,0.3809334918626045
1991-07-17,0.0,-0.007892271201263637,0.4033156236763169
1991-07-18,0.0,-0.011173300598125302,0.3948533377115909
1991-07-19,0.0,-0.016074450456882314,0.37862031951126174
1991-07-22,0.0,-0.012655812929317986,0.3757284952037996
1991-07-23,0.0,-0.016604155052035035,0.36949087728689184
1991-07-24,0.0,-0.00864380767722019,0.3661764627064744
1991-07-25,0.0,-0.004119187480331188,0.36638568345369904
1991-07-26,0.0,-0.017454384106769024,0.3724124676196319
1991-07-29,0.0,-0.02383704880724057,0.3797048548385165
1991-07-30,0.0,-0.012111235949351071,0.3866934440500588
1991-07-31,0.0,-0.01681412501829167,0.3818232165813829
1991-08-01,0.0,-0.016089112662711638,0.3804245489369938
1991-08-02,1.0,0.001117318551992598,0.4114272463962712
1991-08-05,1.0,0.004757249772260649,0.42125099244623193
1991-08-06,0.0,-0.0005603810737847625,0.415047902855699
1991-08-07,0.0,-0.002666106960574142,0.43078789343138535
1991-08-08,1.0,0.0020951191405691313,0.43121070991888355
1991-08-09,0.0,-0.0012570711900510918,0.4086991268801122
1991-08-12,1.0,0.00834033191621895,0.41188572483121694
1991-08-13,0.0,-0.008443618980169407,0.4249150697121665
1991-08-14,1.0,0.0012637788665102925,0.4276621943305811
1991-08-15,0.0,-0.006017791584367006,0.4229693906513745
1991-08-16,0.0,-0.011385322225125352,0.44374191132001634
1991-08-19,0.0,-0.020700039817145344,0.42852224132051375
1991-08-20,1.0,0.001976564246497363,0.4509162797129557
1991-08-21,0.0,-0.01427485196383491,0.4373627135746327
1991-08-22,0.0,-0.02501551704855678,0.45889978960383127
1991-08-23,0.0,-0.016390304920575825,0.4680741393713883
1991-08-27,0.0,-0.018398864586794943,0.47806950863218334
1991-08-28,0.0,-0.01649639229057678,0.45270357573100684
1991-08-29,0.0,-0.011021366840951055,0.4459178168576289
1991-08-30,1.0,0.001869293807670949,0.4218777562724437
1991-09-02,1.0,0.007444558362117725,0.4251604055322166
1991-09-03,1.0,0.012445622341046665,0.4591727284410864
1991-09-04,0.0,-0.009943161392203994,0.46802492260567424
1991-09-05,0.0,-0.007657337133593332,0.4701217081469319
1991-09-06,0.0,-0.010978010005911283,0.45713284423442974
1991-09-09,0.0,-0.014800183940398495,0.45808293509098524
1991-09-10,0.0,-0.015906332355902376,0.46463359239688823
1991-09-11,1.0,0.008795385082554107,0.4901048798851585
1991-09-12,1.0,0.01110561641250945,0.47289483802951365
1991-09-13,1.0,0.01255699547715642,0.4814007573767979
1991-09-16,1.0,0.011084832424493134,0.4938250684532887
1991-09-17,1.0,0.016474837203505042,0.4946739916273217
1991-09-18,1.0,0.012695413360967911,0.4663828114070753
1991-09-19,1.0,0.009421911241618727,0.47370325633332494
1991-09-20,0.0,-0.00043038520139283804,0.4738521153367531
1991-09-23,1.0,0.01604806151537961,0.48203069308957835
1991-09-24,1.0,0.0058086158926589256,0.49079916624620984
1991-09-25,1.0,0.009171140119107083,0.501544324040164
1991-09-26,1.0,0.013828356378314994,0.5018188266145048
1991-09-27,1.0,0.022278324727262683,0.5032783095100003
1991-09-30,1.0,0.013434291049127503,0.48676041356230626
1991-10-01,1.0,0.01025938307916097,0.506692497185372
1991-10-02,1.0,0.004624123702362333,0.5010268245078026
1991-10-03,1.0,0.007538776455247075,0.4935964841905306
1991-10-04,1.0,0.004061345824769955,0.4777180924412171
1991-10-07,0.0,-0.0033416906619032133,0.501385528389793
1991-10-08,0.0,-0.00013983080495417745,0.5056584071905984
1991-10-09,0.0,-0.0030803720800801453,0.5015620199865775
1991-10-10,0.0,-0.003343552850193185,0.49670182340015423
1991-10-11,1.0,0.005157884160905016,0.49997154211502626
1991-10-14,1.0,0.01467560604434688,0.5045636333128437
1991-10-15,1.0,0.013335383060885523,0.4872404941718452
1991-10-16,1.0,0.01572206297500022,0.4751962440297859
1991-10-17,1.0,0.007507334021972831,0.4663898152877515
1991-10-18,1.0,0.006651909228305698,0.4602710761377042
1991-10-21,0.0,-0.014675606044346822,0.47524029490432385
1991-10-22,0.0,-0.013754992829962847,0.4628407958885625
1991-10-23,0.0,-0.007899701534861326,0.44254754907334076
1991-10-24,0.0,-0.009882466120020084,0.44728143514985846
1991-10-25,0.0,-0.011809793389210779,0.45249768322241024
1991-10-28,0.0,-0.006015266091795288,0.46273516838920126
1991-10-29,0.0,-0.002381120251014999,0.4502935381027155
1991-10-30,0.0,-0.013588497942269448,0.4460124928019158
1991-10-31,0.0,-0.008287146240678632,0.4448508528860999
1991-11-01,0.0,-0.013649687755335928,0.44479418834785994
1991-11-04,0.0,-0.004077334295429027,0.43255981052812614
1991-11-05,0.0,-0.00506116643416062,0.4271872275805046
1991-11-06,1.0,0.0057661365021304005,0.43082165608537415
1991-11-07,1.0,0.003800947773097986,0.4257690783359357
1991-11-08,1.0,0.007340518562071328,0.43023756358439724
1991-11-11,1.0,0.01634913800152963,0.4261453494245962
1991-11-12,1.0,0.02298951822469878,0.4310728110687643
1991-11-13,1.0,0.016825815846438143,0.40820035466994425
1991-11-14,1.0,0.02346841026923791,0.4121757434360186
1991-11-15,1.0,0.03442181012931247,0.40885384859087276
1991-11-18,1.0,0.022882412381972653,0.4069930125659665
1991-11-19,1.0,0.008913326066426233,0.41769856007584083
1991-11-20,1.0,0.012333992182037951,0.42997459507435476
1991-11-21,1.0,0.004792232078133671,0.4225259998048479
1991-11-22,0.0,-0.004494389587839215,0.4514215576585428
1991-11-25,0.0,-0.0020340369071302697,0.4727932218845015
1991-11-26,0.0,-0.009188846112252465,0.48272623751981425
1991-11-27,0.0,-0.00505223987197986,0.4662107298091729
1991-11-28,0.0,-0.003557748689756743,0.4697726145757632
1991-11-29,1.0,0.003950689696778199,0.47539254662669783
1991-12-02,1.0,0.006359537027863827,0.470131002529616
1991-12-03,1.0,0.01409148428569048,0.48676238663727667
1991-12-04,1.0,0.0034164706958972777,0.45990606686326907
1991-12-05,0.0,-0.014498010241793698,0.4582932837797096
1991-12-06,0.0,-0.023941704925220356,0.4536828960126876
1991-12-09,0.0,-0.03026177384332145,0.4759684250633943
1991-12-10,0.0,-0.02936319577938735,0.4649283455921695
1991-12-11,0.0,-0.023744903554726072,0.46699947090453703
1991-12-12,0.0,-0.0016703790075398748,0.4752560930310944
1991-12-13,0.0,-0.002091030245418408,0.4700928416929857
1991-12-16,0.0,0.0,0.48079325131531425
1991-12-17,0.0,-0.011538048360228023,0.474535161522918
1991-12-18,0.0,-0.013360721917048832,0.4660399336410652
1991-12-19,0.0,-0.022542515564392164,0.44423252552727666
1991-12-20,0.0,-0.01490256737761135,0.47507497084680106
1991-12-23,0.0,-0.028913938613409004,0.4838492328047659
1991-12-27,0.0,-0.010241910295769492,0.5102726349556423
1991-12-30,0.0,-0.007246923367797057,0.5079847206953895
1992-01-02,1.0,0.0018506660560010735,0.5046058957028038
1992-01-03,1.0,0.013785560838683344,0.5009300224081267
1992-01-06,1.0,0.012796989651461437,0.5177896811571809
1992-01-07,1.0,0.01659024226019679,0.4929875786781875
1992-01-08,1.0,0.017389283869811506,0.49773426030106455
1992-01-09,1.0,0.01229784387097658,0.4929732083798915
1992-01-10,1.0,0.0023721493018507163,0.4818587354475795
1992-01-13,1.0,0.010959783723201244,0.49879140212553263
1992-01-15,1.0,0.0033693700274188645,0.4915586329396618
1992-01-16,0.0,-0.004354245238930805,0.4920091080643869
1992-01-17,0.0,-0.00747377095151006,0.5024427107512802
1992-01-20,0.0,-0.007414176790098795,0.5285776516958812
1992-01-21,0.0,-0.0042010984628284564,0.5480019669148875
1992-01-22,0.0,-0.0053400913859538365,0.5653984723415645
1992-01-23,1.0,0.002249719734015546,0.567797261047675
1992-01-24,1.0,0.002403337553221301,0.5597350578265076
1992-01-27,1.0,0.0008421053129220893,0.5803587854217536
1992-01-28,0.0,-0.0008423417597599282,0.5846699107391368
1992-01-29,0.0,-0.00437761060589238,0.5750040075509806
1992-01-30,0.0,-0.00014045930214818611,0.5682953173617306
1992-01-31,1.0,0.005913011737703143,0.551607435799365
1992-02-03,0.0,-0.004922307948558478,0.5792964014671882
1992-02-04,0.0,0.0,0.5831911292952136
1992-02-05,1.0,0.01097829463724448,0.5535942126606173
1992-02-06,1.0,0.0009828010619080778,0.5701703593187818
1992-02-07,0.0,-0.005913011737703173,0.5712151897211801
1992-02-10,0.0,-0.0008462623918305864,0.561441354411613
1992-02-11,0.0,-0.009029406719394152,0.573698876514966
1992-02-12,0.0,-0.011261380272539073,0.5806989238050225
1992-02-13,0.0,-0.008172512726194401,0.5821043670189566
1992-02-14,0.0,-0.007085193306836169,0.5549882836126382
1992-02-17,0.0,-0.012923562671763316,0.5468720683742857
1992-02-18,0.0,-0.006540617657991529,0.5391031998873483
1992-02-19,0.0,-0.012965915062785204,0.551548432197298
1992-02-20,1.0,0.0009898890718514502,0.5585903701801029
1992-02-21,0.0,-0.0032761228646882817,0.5260437061680531
1992-02-24,1.0,0.004421315053705131,0.518784455087442
1992-02-25,0.0,-0.0009990723731181667,0.5255279865785996
1992-02-26,1.0,0.0035788457066227098,0.5167595044736593
1992-02-27,0.0,-0.012373051257491238,0.5509217914903822
1992-03-02,0.0,-0.004719350911509121,0.5413594958262313
1992-03-03,0.0,-0.008575156162078754,0.5336344913993946
1992-03-04,0.0,-0.003289711899099493,0.5326129187676638
1992-03-05,0.0,-0.006595005982405247,0.5167567566710477
1992-03-06,0.0,-0.006172416065502992,0.5371016514415786
1992-03-09,0.0,-0.016768244868884702,0.5255358614646944
1992-03-10,0.0,-0.027207614095677738,0.52378047373641
1992-03-11,0.0,-0.032617917828727375,0.5215356478515184
1992-03-12,0.0,-0.02564243061333767,0.5029605214987085
1992-03-13,0.0,-0.024930221810727158,0.49148891872187156
1992-03-16,0.0,-0.0135018194338718,0.4138584888862859
1992-03-17,1.0,0.006615239118719183,0.39926195151448546
1992-03-19,1.0,0.007667392325519292,0.4133749299901519
1992-03-20,1.0,0.005005162811667673,0.4268730015922311
1992-03-23,1.0,0.01348994063992046,0.4432171582936379
1992-03-24,1.0,0.009704531389178017,0.43996963208262246
1992-03-25,1.0,0.008026310874228835,0.4326245914414686
1992-03-26,1.0,0.0005873715293688682,0.43933821303634907
1992-03-27,1.0,0.0002936426390208065,0.43556706169483145
1992-03-30,0.0,-0.011867401748667827,0.44015168116239184
1992-03-31,0.0,-0.008670786927335429,0.45218356895982925
1992-04-01,0.0,-0.019076147060813873,0.46237582588007176
1992-04-02,0.0,-0.00633239727397135,0.4693585424103062
1992-04-03,1.0,0.0038095284166676487,0.4698378483912562
1992-04-06,1.0,0.004558496240182092,0.4869266164242227
1992-04-07,1.0,0.0007377351865395941,0.4831900273576481
1992-04-08,1.0,0.004287093564390052,0.5107203292931485
1992-04-09,0.0,-0.0004432951679537512,0.49277569941578003
1992-04-10,0.0,-0.011176586931415105,0.5119497585402587
1992-04-13,0.0,-0.006771702602831039,0.5113703105696323
1992-04-14,0.0,-0.0072533809237280865,0.5006337201698333
1992-04-15,0.0,-0.00963469989098534,0.48870798176603675
1992-04-21,0.0,-0.004592260496189462,0.4877152625099801
1992-04-22,0.0,-0.00712380572785113,0.502262984474786
1992-04-23,0.0,-0.006371807880714791,0.5005246302977396
1992-04-24,1.0,0.002818783855862274,0.47888313108344815
1992-04-27,1.0,0.003122911304484091,0.47040593435534206
1992-04-28,0.0,-0.0001484891234446135,0.4786982174009028
1992-04-29,1.0,0.0010420544299856956,0.4865146572277893
1992-04-30,1.0,0.0016338659408923451,0.4903132219691795
1992-05-01,0.0,-0.004008021397538934,0.4933845361713038
1992-05-05,0.0,-0.004464293128685493,0.4857155322767529
1992-05-06,0.0,-0.0044649575591008345,0.49292607168748986
1992-05-07,1.0,0.0025261919965321746,0.48325361109881326
1992-05-08,1.0,0.0062139569679430726,0.49148328079401554
1992-05-11,1.0,0.00814758969796001,0.49776325676310734
1992-05-12,1.0,0.01259742483696281,0.48425567682384785
1992-05-13,1.0,0.00520718278429795,0.48395557381713905
1992-05-14,1.0,0.0010383446753580747,0.4940634281320227
1992-05-15,0.0,-0.0038421799889282672,0.5225060412089285
1992-05-18,0.0,-0.0031030686148218827,0.5211595931359355
1992-05-19,0.0,-0.0053160196072287854,0.5232231065454286
1992-05-20,0.0,-0.00014840097971885623,0.5042585447884368
1992-05-21,1.0,0.0007410152247192038,0.511162527765795
1992-05-22,0.0,-0.002520199984853081,0.5294005391046354
1992-05-26,1.0,0.0033980973822665007,0.5302794064619507
1992-05-27,1.0,0.0064935293105483115,0.5277234611827285
1992-05-28,1.0,0.004442477319560994,0.5053561044918378
1992-05-29,1.0,0.0038444524653149566,0.5126902213761697
1992-06-01,1.0,0.00547703241705718,0.5206836253356725
1992-06-02,0.0,-0.0035461030067504774,0.5375794216553322
1992-06-03,0.0,-0.006641600681219359,0.5408734844247987
1992-06-04,0.0,-0.000443360681170676,0.5276314402327918
1992-06-05,1.0,0.002358491659292883,0.5264031860312984
1992-06-08,1.0,0.011740669056837039,0.5187578588485654
1992-06-09,1.0,0.013379601193372354,0.5193081986743934
1992-06-10,1.0,0.012800881041754171,0.515295261937104
1992-06-11,1.0,0.008830079448271995,0.5140950309190871
1992-06-12,1.0,0.011564207039892582,0.5335664518639364
1992-06-15,0.0,-0.0005837711782831423,0.5088509123147211
1992-06-16,1.0,0.004226487381676902,0.48656532803378105
1992-06-17,1.0,0.000876808473534608,0.46544836317100513
1992-06-18,1.0,0.006280601964205602,0.46378201149962234
1992-06-19,0.0,-0.0016022143111451364,0.45393946935475843
1992-06-22,1.0,0.0026242907610950976,0.4685020421993006
1992-06-23,0.0,-0.0007274314716639596,0.4482122509788947
1992-06-24,1.0,0.013925377331600949,0.45052399854449093
1992-06-25,1.0,0.006675398464203816,0.43156449674397884
1992-06-29,1.0,0.010440930115565789,0.44147245443991406
1992-06-30,1.0,0.006386088466525613,0.4277760408219649
1992-07-01,1.0,0.011432003527761792,0.4272725407991178
1992-07-02,1.0,0.0002880599184544895,0.47273925091888297
1992-07-03,1.0,0.008640606754026652,0.46847543118476337
1992-07-06,1.0,0.005753755804414904,0.4530132022382533
1992-07-07,1.0,0.010649114882885592,0.4470321310335794
1992-07-08,1.0,0.009736617584322479,0.44312817846617736
1992-07-09,1.0,0.016567074147101634,0.453364024516263
1992-07-10,1.0,0.022683138683240383,0.4638114579259761
1992-07-13,1.0,0.030232561033552534,0.4615374677255257
1992-07-14,1.0,0.024881125191600788,0.45568196159393315
1992-07-15,1.0,0.022124484484661425,0.47958223994914106
1992-07-16,1.0,0.01824612022780455,0.5024500519352154
1992-07-17,1.0,0.0025199509345134163,0.5431371322065359
1992-07-20,0.0,-0.0025080130186977186,0.554884485189597
1992-07-21,1.0,0.00418002559307813,0.5457039989321665
1992-07-22,0.0,-0.007133396218269578,0.530289183184775
1992-07-23,0.0,-0.007678920804155532,0.5271469659277043
1992-07-24,1.0,0.0006988608852474938,0.5473484109284791
1992-07-27,0.0,-0.012211535002992352,0.5424288706633826
1992-07-28,0.0,-0.019374465355459048,0.5300001938911368
1992-07-29,0.0,-0.015418651872990961,0.541507231472967
1992-07-30,0.0,-0.023110123271025147,0.5282983434573313
1992-07-31,0.0,-0.02246650481096429,0.5176194667463728
1992-08-03,0.0,-0.010505491281240046,0.5319251696023887
1992-08-04,0.0,-0.012984415853450618,0.5271545854295918
1992-08-05,0.0,-0.011325474076183544,0.5105649673698458
1992-08-06,0.0,-0.03295239101831599,0.5135107014025584
1992-08-07,0.0,-0.041429495387653094,0.5180956030716981
1992-08-10,0.0,-0.03766348470467505,0.5019401412765105
1992-08-11,0.0,-0.031067911075971153,0.5006204240845198
1992-08-12,0.0,-0.019802627296179754,0.4917709676688945
1992-08-13,1.0,0.003551350284725124,0.4723168427018554
1992-08-14,1.0,0.008306188366340499,0.46076291206459213
1992-08-17,1.0,0.019372487261530576,0.4694855230904545
1992-08-18,1.0,0.01616493685335536,0.4758494860402276
1992-08-19,1.0,0.001469507979359978,0.4722973094878301
1992-08-20,1.0,0.005891033237237342,0.45096577316185515
1992-08-21,1.0,0.008823586658515025,0.44603615844638517
1992-08-24,0.0,-0.00583092031079321,0.4443220003817429
1992-08-25,1.0,0.0029112102074585343,0.4652603995912362
1992-08-26,1.0,0.004395611473038129,0.48690523822650433
1992-08-27,0.0,0.0,0.47937048505563074
1992-08-28,1.0,0.004382768155095134,0.4771741167488276
1992-08-31,1.0,0.007283353391108094,0.5061452255311957
1992-09-01,0.0,-0.001454545710994324,0.5042258499122628
1992-09-02,1.0,0.007283353391108094,0.5086034048068147
1992-09-03,1.0,0.010226531783831374,0.5068277737369472
1992-09-04,0.0,-0.0029197101033347503,0.5155714544517406
1992-09-07,0.0,0.0,0.5289629766334858
1992-09-08,1.0,0.011577553342442893,0.5407383887793589
1992-09-09,1.0,0.018692133012152546,0.5276011688608624
1992-09-10,1.0,0.017291497110061043,0.5147320553627842
1992-09-11,1.0,0.023122417420854212,0.5206661167532348
1992-09-14,1.0,0.01726661602093155,0.5262589357742734
1992-09-15,1.0,0.01002155846101897,0.5484872616050047
1992-09-16,0.0,0.0,0.5612866977553647
1992-09-17,0.0,0.0,0.5523982794452901
1992-09-18,1.0,0.0028530689824064807,0.5295994181449232
1992-09-21,0.0,-0.00285714480077978,0.5281622454451553
1992-09-22,0.0,-0.002853068982406399,0.5337359855542553
1992-09-23,0.0,-0.002853068982406399,0.5424228412964969
1992-09-24,0.0,0.0,0.5315422107464206
1992-09-25,0.0,-0.002853068982406399,0.5236027216748257
1992-09-28,1.0,0.009964495259431728,0.5258285169388898
1992-09-29,1.0,0.004276556767260172,0.5188417766733927
1992-09-30,1.0,0.007117467768863955,0.5174370329342911
1992-10-01,1.0,0.007117467768863955,0.5088669726797899
1992-10-02,1.0,0.007117467768863955,0.5100311487501875
1992-10-05,0.0,-0.015703391928449942,0.5116810169558207
1992-10-06,0.0,-0.020115620797006305,0.5169980662488189
1992-10-07,0.0,-0.020057979044598787,0.5104492202845675
1992-10-08,0.0,-0.02732017508638347,0.5082605479567992
1992-10-09,0.0,-0.024408964878925028,0.506762038839425
1992-10-12,0.0,-0.010123007631448452,0.49529063805027423
1992-10-13,1.0,0.0028985527540112575,0.4620813452066201
1992-10-14,0.0,0.0,0.47958393687709655
1992-10-15,1.0,0.004363643287773272,0.48759394953672325
1992-10-16,1.0,0.0014524330803148008,0.4939042247879301
1992-10-19,0.0,-0.0029112102074584415,0.48401688283430644
1992-10-20,0.0,-0.01604702559751756,0.47238977779065394
1992-10-21,0.0,-0.01604702559751756,0.4790945004295798
1992-10-22,0.0,-0.010211613170196452,0.47177891567548447
1992-10-23,0.0,-0.010211613170196452,0.4597539628596387
1992-10-26,0.0,-0.0058479698824231,0.4553969307140076
1992-10-27,1.0,0.001469507979359978,0.4649550923530903
1992-10-28,0.0,-0.002945510229756803,0.46410723864412784
1992-10-29,0.0,-0.0029368596733097135,0.4625439350631138
1992-10-30,0.0,-0.011799546931155055,0.47004634685459606
1992-11-02,0.0,-0.013284328198734282,0.4670919811246362
1992-11-03,0.0,-0.025280156673078487,0.4584430505867477
1992-11-04,0.0,-0.0163572420247718,0.4613887589513589
1992-11-05,0.0,-0.01630873804192399,0.4616321332689552
1992-11-06,0.0,-0.001484781267579225,0.47537918099444415
1992-11-09,1.0,0.001484781267579224,0.4660197176431595
1992-11-10,1.0,0.01197619104671562,0.4436033296549947
1992-11-11,1.0,0.010440064996683422,0.442442531781814
1992-11-12,1.0,0.004474280394921107,0.4604511768750666
1992-11-13,1.0,0.00444774639823627,0.4569365059728757
1992-11-16,0.0,-0.0029717703891574817,0.479846736703722
1992-11-17,0.0,0.0,0.465990362330411
1992-11-18,0.0,-0.0029717703891574817,0.4710295310390046
1992-11-19,1.0,0.0014869891215783665,0.48265795744585116
1992-11-20,0.0,-0.0074239390712822805,0.49374264574698606
1992-11-23,0.0,0.0,0.5001065816428382
1992-11-24,1.0,0.0014869891215783665,0.4935914318693285
1992-11-25,1.0,0.004454350349380375,0.4991434778139462
1992-11-26,1.0,0.001484781267579224,0.49962208140597375
1992-11-27,1.0,0.004460973940625266,0.5113627493040228
1992-11-30,1.0,0.0014869891215783665,0.5036516953410931
1992-12-01,1.0,0.001484781267579224,0.5112638071160472
1992-12-02,0.0,-0.005943553900847994,0.5241016491890962
1992-12-03,0.0,-0.004460973940625228,0.522334304464983
1992-12-04,0.0,-0.001484781267579225,0.5149119483199792
1992-12-07,1.0,0.001484781267579224,0.5129814310176272
1992-12-08,0.0,-0.001484781267579225,0.5215704061979434
1992-12-09,1.0,0.010378150968713688,0.510099813756673
1992-12-10,1.0,0.013323661198470664,0.5076764768451596
1992-12-11,1.0,0.007401958295667739,0.5300301066794691
1992-12-14,0.0,-0.005952398527295273,0.5413633108796104
1992-12-15,0.0,-0.005961269516499334,0.5354444970906272
1992-12-16,0.0,-0.013363227812167141,0.5737803380510443
1992-12-17,0.0,-0.01630873804192399,0.5871119735954629
1992-12-18,0.0,-0.010378150968713756,0.5771584416502287
1992-12-21,0.0,-0.0014936522567832536,0.535596172758099
1992-12-22,0.0,0.0,0.5179804994381434
1992-12-23,0.0,-0.012030220276542124,0.5333012820290101
1992-12-24,0.0,-0.012030220276542124,0.5423610728198093
1992-12-28,0.0,-0.013503581034673546,0.5505768449570971
1992-12-29,0.0,-0.012030220276542124,0.5312484414218328
1992-12-30,0.0,-0.012030220276542124,0.5291852200498256
1993-01-04,0.0,-0.0015140048312150718,0.49630790008372205
1993-01-05,1.0,0.0015117160853219392,0.5014850804346396
1993-01-06,0.0,-0.004542021434501009,0.5156212291081191
1993-01-07,0.0,-0.0030303053491790963,0.5138679920592903
1993-01-08,0.0,-0.0030303053491790963,0.5163983875544967
1993-01-11,0.0,0.0,0.5001805301282286
1993-01-12,0.0,0.0,0.5016802388883945
1993-01-13,1.0,0.0030303053491790633,0.5098763853830983
1993-01-14,1.0,0.006051455683355282,0.5125641105220866
1993-01-15,1.0,0.0030303053491790633,0.5203999636942774
1993-01-18,1.0,0.0015140048312150113,0.5203170120061608
1993-01-19,1.0,0.004521484718845837,0.5294483663582418
1993-01-20,1.0,0.00030252609518283054,0.524373308520758
1993-01-21,0.0,-0.004686681796486551,0.4601640396548531
1993-01-22,1.0,0.006033200804167913,0.5064298957393315
1993-01-25,0.0,-0.0022718676943170187,0.46480772666950043
1993-01-26,0.0,-0.0030120504699916095,0.33335872090949314
1993-01-27,0.0,-0.0018165309263980052,0.5358803605914364
1993-01-28,0.0,-0.0013647738868687342,0.5347268220939042
1993-01-29,0.0,-0.009063506153346964,0.4901227675480162
1993-02-01,0.0,-0.0007584376548620417,0.5325901930584348
1993-02-02,0.0,-0.006051455683355267,0.49750348750145307
1993-02-03,1.0,0.004535155165391363,0.4966490364593348
1993-02-04,1.0,0.013564639034138492,0.5217936713386376
1993-02-05,1.0,0.004542021434500986,0.5270036579474585
1993-02-08,1.0,0.001516300517964008,0.45922565903541157
1993-02-09,1.0,0.004542021434500986,0.5133984072374355
1993-02-10,1.0,0.0015071592905713386,0.41760147457559904
1993-02-11,0.0,-0.00751318335078325,0.43663444605278995
1993-02-12,1.0,0.004521484718845837,0.5115219849127716
1993-02-15,1.0,0.00302572091653689,0.5219165264708419
1993-02-16,1.0,0.0015094342488543404,0.4707039293997126
1993-02-17,0.0,-0.0015071592905713629,0.5091524670218961
1993-02-18,0.0,-0.001509434248854292,0.46100339605362123
1993-02-19,0.0,-0.009063506153346964,0.4996331267567727
1993-02-22,0.0,-0.003025720916536956,0.5027888115770549
1993-02-23,0.0,-0.0030211503341762112,0.4161946843689862
1993-02-24,0.0,-0.001509434248854292,0.5329680652511258
1993-02-25,0.0,-0.007581537452397691,0.5056613579766951
1993-02-26,1.0,0.002576344533332944,0.5159242979444885
1993-03-01,0.0,-0.003034903695154047,0.5323656045966618
1993-03-02,0.0,-0.007593050907597207,0.5052142954447585
1993-03-03,0.0,-0.009104766992919204,0.5324172295490288
1993-03-04,1.0,0.0015209128407067448,0.519411605157913
1993-03-05,0.0,-0.004094947710522823,0.5226290044253941
1993-03-08,1.0,0.003034903695154111,0.44104288190010654
1993-03-09,1.0,0.007593050907597196,0.4885914152231854
1993-03-10,1.0,0.009104766992919067,0.48200580973403667
1993-03-11,1.0,0.00907721815111668,0.39994096648720495
1993-03-12,1.0,0.012084739215071827,0.4585828362968473
1993-03-15,1.0,0.012048338516174574,0.47636248995778185
1993-03-16,1.0,0.00903620606393752,0.5347049121060377
1993-03-17,1.0,0.004521484718845837,0.3968033758982309
1993-03-18,1.0,0.006006024060211949,0.4638264060349086
1993-03-19,1.0,0.002998502996256633,0.447527333221357
1993-03-22,0.0,-0.0014981276210219922,0.46000556409911986
1993-03-23,1.0,0.010440064996683422,0.4836382861947925
1993-03-24,1.0,0.019360247284541394,0.5084811616023825
1993-03-25,1.0,0.011904902506318458,0.3816666161451272
1993-03-26,1.0,0.023669744085904703,0.4548819316390567
1993-03-29,1.0,0.020772260233888642,0.45238147524506406
1993-03-30,1.0,0.008862687257845324,0.27369937951385304
1993-03-31,0.0,-0.0014760150281205415,0.26810194833985856
1993-04-01,1.0,0.0014781968693109652,0.5384213010808322
1993-04-02,0.0,-0.010286644710275426,0.4043661683444855
1993-04-05,1.0,0.00293255342127772,0.49051636265973775
1993-04-06,1.0,0.001469507979359978,0.5112477042457911
1993-04-07,1.0,0.004421525257877477,0.5122435442630253
1993-04-08,1.0,0.010286644710275525,0.43251151643759933
1993-04-13,1.0,0.010286644710275525,0.4946863024618032
1993-04-14,0.0,-0.0029325534212776413,0.29190608167559357
1993-04-15,1.0,0.0014673516939497444,0.5088179889617739
1993-04-16,1.0,0.01749315744751712,0.40612713897579894
1993-04-19,1.0,0.025975486403260736,0.450905537570418
1993-04-20,1.0,0.030239885189718176,0.40493798542205095
1993-04-21,1.0,0.03605293134372977,0.5147993173046757
1993-04-22,1.0,0.044451762570833796,0.35074594079574906
1993-04-23,1.0,0.02849195579430624,0.12836353865859548
1993-04-26,1.0,0.022536165022413127,0.09072790454620823
1993-04-27,1.0,0.0112836176020273,0.5469983025789367
1993-04-28,1.0,0.009866182921053759,0.36629912938302134
1993-04-29,1.0,0.0014015419252884772,0.3728541069652186
1993-04-30,1.0,0.00839165763624838,0.3632146563972362
1993-05-03,0.0,-0.0027894020875785254,0.5843593416938715
1993-05-04,1.0,0.0014015419252884772,0.23801140862766287
1993-05-05,1.0,0.004198746546349761,0.2930159113482561
1993-05-06,1.0,0.03846628082779614,0.4738082371725099
1993-05-07,1.0,0.030180617149991238,0.36257908843442005
1993-05-10,1.0,0.035129847290999744,0.36535676895712144
1993-05-11,1.0,0.03711766295650259,0.5354986341415671
1993-05-12,1.0,0.06880663440661054,0.44950361914940046
1993-05-13,1.0,0.007518832414027319,0.06928188234928517
1993-05-14,1.0,0.01342302033214077,0.24630058188562232
1993-05-17,1.0,0.020553239185803453,0.29944795646752964
1993-05-18,1.0,0.02136262814136187,0.17736576989936328
1993-05-19,0.0,-0.018421573567362647,0.04094635134634736
1993-05-20,1.0,0.012495177856040896,0.571397966839428
1993-05-21,1.0,0.021108963210235265,0.3842522293016502
1993-05-24,0.0,-0.00995693589479634,0.3577307536002102
1993-05-25,0.0,-0.005298025637555161,0.161781080704257
1993-05-26,0.0,-0.013369183082134401,0.4499380253953587
1993-05-27,0.0,-0.006626929487608961,0.20538211214878807
1993-05-28,0.0,-0.011818916303142527,0.2508054790509807
1993-05-31,1.0,0.0019993342214822607,0.5661016651508066
1993-06-01,0.0,-0.001328903850053752,0.43230130979720266
1993-06-02,1.0,0.004029555486001642,0.34059727605576606
1993-06-03,0.0,-0.013387080782459409,0.09509112196818767
1993-06-04,0.0,-0.03235398650564429,0.2778987184252491
1993-06-07,0.0,-0.028361117621697983,0.38740363453367227
1993-06-08,0.0,-0.01608613775162438,0.36356878326581754
1993-06-09,0.0,-0.006994916871791272,0.38704400111315773
1993-06-10,1.0,0.0005389383046104014,0.3413426769431275
1993-06-11,1.0,0.014897350265491254,0.22514834820322313
1993-06-14,1.0,0.014551150876806699,0.40432078842470326
1993-06-15,0.0,-0.002841872133894504,0.10450937820354537
1993-06-16,1.0,0.010607685904670039,0.25209212482332966
1993-06-17,1.0,0.010718216220024107,0.2880942835821227
1993-06-18,1.0,0.012689678060644924,0.20586255705864348
1993-06-21,1.0,0.013277201681676863,0.27816259505451035
1993-06-22,1.0,0.020920704002229114,0.35430185516679863
1993-06-23,1.0,0.009967522220192905,0.0629198889131996
1993-06-24,1.0,0.03122384045153293,0.3583827929282551
1993-06-25,1.0,0.029556224925277996,0.1942452347044894
1993-06-28,1.0,0.03327963348229818,0.36478963179824236
1993-06-29,1.0,0.04069989018460309,0.26101582114050303
1993-06-30,1.0,0.04965879348930127,0.3772671346574222
1993-07-01,1.0,0.01994951070900111,0.019142002280630347
1993-07-02,1.0,0.010001365582312299,0.044679120722930545
1993-07-05,1.0,0.015599344577684726,0.36018100983294365
1993-07-06,1.0,0.004322956509750002,0.11315339145668854
1993-07-07,0.0,-0.016109944400822647,0.12868320208939082
1993-07-08,0.0,-0.0016473424494559536,0.3306292562136013
1993-07-09,1.0,0.004963420943747747,0.2514492234777144
1993-07-12,1.0,0.002281080700163757,0.20525124363246638
1993-07-13,0.0,-0.0053428444104954695,0.27093283122109457
1993-07-14,1.0,0.000511378175296574,0.22326085065207
1993-07-15,0.0,-0.009173207400394479,0.18875384925155977
1993-07-16,0.0,-0.00854215686959277,0.32533300092504724
1993-07-19,0.0,-0.004313085463357997,0.23097731141010366
1993-07-20,1.0,0.005089069507471228,0.611977022334497
1993-07-21,1.0,0.005862129696795632,0.5860097183055268
1993-07-22,1.0,0.010060575145761794,0.6223225639829412
1993-07-23,1.0,0.04212204537462622,0.609816012609671
1993-07-26,1.0,0.0268421985233861,0.6275980949701213
1993-07-27,1.0,0.02308180745922509,0.589089064972092
1993-07-28,1.0,0.02236555092807151,0.6029476743877815
1993-07-29,0.0,-0.04615805088630698,0.5764791597207561
1993-07-30,0.0,-0.07996087126447239,0.6798428470643233
1993-08-02,0.0,-0.05142357905974315,0.6324660091921442
1993-08-03,0.0,-0.056633341630457926,0.6107640029733322
1993-08-04,0.0,-0.06520143133751863,0.6127440693998241
1993-08-05,0.0,-0.023767483329600086,0.7719525805155812
1993-08-06,0.0,-0.016356444551486268,0.7280335559043314
1993-08-09,0.0,-0.024666554297970003,0.703315578959739
1993-08-10,0.0,-0.02336803091855064,0.6710236633231401
1993-08-11,0.0,-0.007454773608021546,0.6926367323337592
1993-08-12,1.0,0.013631360271207553,0.6537649514252997
1993-08-13,1.0,0.01022063765302999,0.5939585951221168
1993-08-16,0.0,0.0,0.6830052444910579
1993-08-17,0.0,-0.0005374899350038387,0.6057152606309238
1993-08-18,0.0,-0.006568828499724765,0.6417024788551877
1993-08-19,0.0,-0.010781775603288362,0.5732888226819888
1993-08-20,0.0,-0.012656692450911002,0.6114767085036084
1993-08-23,0.0,-0.004282661792000736,0.5910776199512883
1993-08-24,1.0,0.0002687810794302349,0.5746093010169412
1993-08-25,0.0,-0.003368140604122877,0.589705570977623
1993-08-26,0.0,-0.012956198965212959,0.6176787860455516
1993-08-27,0.0,-0.00994084580330032,0.6027119356845155
1993-08-30,0.0,-0.02210409338119411,0.6218508269669097
1993-08-31,0.0,-0.05851887217614643,0.6082479367195613
1993-09-01,0.0,-0.05264373348542203,0.6098216322421981
1993-09-02,0.0,-0.027837566504524416,0.607556364662355
1993-09-03,0.0,-0.04292264375376752,0.5867770620115446
1993-09-06,0.0,-0.04759795041642635,0.5620885001158329
1993-09-07,0.0,-0.016519803967157597,0.6416936649591033
1993-09-08,0.0,-0.00785437811514416,0.5813436065168953
1993-09-09,0.0,-0.0038181478895654903,0.6041796035535987
1993-09-10,1.0,0.002995508979798592,0.6233994576383921
1993-09-13,1.0,0.019368306958366426,0.6411786110591776
1993-09-14,1.0,0.053853744805245234,0.5981618864393339
1993-09-15,1.0,0.016353012836606763,0.5770428587599493
1993-09-16,1.0,0.015185893629683854,0.632546644107167
1993-09-17,1.0,0.020441960847650178,0.5720711443373179
1993-09-20,0.0,0.0,0.5801351830504415
1993-09-21,0.0,-0.023046973162487713,0.7318471125414528
1993-09-22,0.0,-0.005657723719858837,0.6972299191163908
1993-09-23,0.0,-0.008126708590357273,0.6612409097428886
1993-09-24,0.0,-0.007845375067612575,0.6207515375814346
1993-09-27,0.0,-0.004098656009826355,0.6369740764178657
1993-09-28,0.0,-0.007613176486930937,0.6719532929041585
1993-09-29,1.0,0.009318152979411373,0.6502947877419916
1993-09-30,1.0,0.007568361283836266,0.6618872761649087
1993-10-01,1.0,0.009657853779196358,0.6478171467085081
1993-10-04,1.0,0.0214368979471373,0.6916678673465925
1993-10-05,1.0,0.038044293689470654,0.6272010265885146
1993-10-06,1.0,0.030993072822835397,0.6631825625194767
1993-10-07,1.0,0.02045400218544619,0.6570638673321851
1993-10-08,1.0,0.01685122747960273,0.681878394466769
1993-10-11,1.0,0.021421260393757524,0.6450012871554694
1993-10-12,1.0,0.005434795985956995,0.7470900036300399
1993-10-13,1.0,0.015143610112917814,0.6458253452537419
1993-10-14,1.0,0.012506960202277125,0.6665082792299928
1993-10-15,1.0,0.00940638112729649,0.640881678804724
1993-10-18,1.0,0.003494470649773778,0.6853070923506636
1993-10-19,0.0,-0.0006777363864975816,0.7065179145204291
1993-10-20,0.0,-0.007678356576578936,0.7233963288036003
1993-10-21,0.0,-0.0013518996245812048,0.6781915362572284
1993-10-22,1.0,0.002710028758865158,0.6681548398344659
1993-10-25,0.0,-0.0014883975415353498,0.6685654508389887
1993-10-26,0.0,-0.015165260926891426,0.6627815125284863
1993-10-27,0.0,-0.004065046248169556,0.6338813413386638
1993-10-28,1.0,0.0071443317965893165,0.6238485768701374
1993-10-29,1.0,0.020624810371045854,0.6073475689923096
1993-11-01,1.0,0.01638500260752217,0.5624109248182385
1993-11-02,1.0,0.03596440051281003,0.6034611335223106
1993-11-03,1.0,0.02388093095690024,0.6382616104782177
1993-11-04,1.0,0.011352375675829817,0.6492313106004213
1993-11-05,0.0,-0.009857546186430421,0.6698966605621273
1993-11-08,1.0,0.000399547185177994,0.5753047466434417
1993-11-09,0.0,-0.005059257229960081,0.5456265382641035
1993-11-10,0.0,-0.0011938716016444387,0.5853505188904297
1993-11-11,0.0,-0.0007971303730182775,0.5624562193087754
1993-11-12,1.0,0.011711605782571256,0.588429861990689
1993-11-15,1.0,0.009805299176677277,0.5833903691274891
1993-11-16,1.0,0.00863850145674078,0.5820875149891533
1993-11-17,0.0,-0.0011952986349098153,0.629026034795137
1993-11-18,1.0,0.004376374599799003,0.6249322936124581
1993-11-19,0.0,-0.0017215127074849755,0.5924367475341965
1993-11-22,0.0,-0.023615265921568495,0.5958658039122494
1993-11-23,0.0,-0.01910418131004239,0.5640180679730306
1993-11-24,1.0,0.00013288153630608353,0.5568338897210078
1993-11-25,0.0,-0.009840504940361434,0.5368532821025443
1993-11-26,0.0,-0.0010608673584793068,0.5300265407868904
1993-11-29,1.0,0.016203903251926242,0.5896371453441863
1993-11-30,1.0,0.018707119561724574,0.5131585639662759
1993-12-01,1.0,0.020255854988335213,0.6196842195617268
1993-12-02,1.0,0.022725248011425638,0.5236536898809727
1993-12-03,1.0,0.01801376696342772,0.5969300103910303
1993-12-06,1.0,0.027384613284238985,0.4798361749294821
1993-12-07,1.0,0.02458282786519124,0.5186524181850763
1993-12-08,1.0,0.009073296205674755,0.6616641090146818
1993-12-09,1.0,0.008714368732397606,0.560507245703905
1993-12-10,1.0,0.01011288276370465,0.5573044343947042
1993-12-13,1.0,0.006826844315339467,0.6193578537304777
1993-12-14,1.0,0.0015487870932808364,0.5680321909533632
1993-12-15,0.0,-0.002842746455038793,0.5946942279108559
1993-12-16,1.0,0.000517866402044983,0.5748294845556933
1993-12-17,0.0,-0.0019368590211477131,0.5809763568538479
1993-12-20,0.0,-0.00360082693594226,0.5949916080442106
1993-12-21,0.0,-0.000645036466924295,0.5689909600424978
1993-12-22,1.0,0.010298752200574473,0.5941198817055826
1993-12-23,1.0,0.011837503126673322,0.5573637111845337
1993-12-24,1.0,0.009902981065561246,0.5646088589761745
1993-12-27,1.0,0.01508787092307323,0.5738798543573611
1993-12-28,1.0,0.016383317939374174,0.554468025570906
1993-12-29,1.0,0.002047083621724823,0.6417689683369837
1993-12-30,0.0,-0.005129531637207473,0.6117395477426941
1993-12-31,0.0,-0.009256944477422441,0.5461217030188158
1994-01-03,0.0,-0.02414707614325443,0.6161407384874186
1994-01-04,0.0,-0.0136769563416312,0.5884799219783584
1994-01-05,0.0,-0.012345835822299379,0.6305854999255127
1994-01-06,1.0,0.0028244979619905636,0.6457764751469993
1994-01-07,1.0,0.007463681540089641,0.5977333525177733
1994-01-10,1.0,0.01829240751710608,0.6478234669513672
1994-01-11,1.0,0.012279509630061781,0.6313510935147101
1994-01-12,1.0,0.015918179503997796,0.5099104647248197
1994-01-13,0.0,-0.005656996315140684,0.5382342541753696
1994-01-14,0.0,-0.02072613051711697,0.5100841778361629
1994-01-17,0.0,-0.026123301097654057,0.5191640745009183
1994-01-18,0.0,-0.029413885206293455,0.5405868832613144
1994-01-19,0.0,-0.020847492896662132,0.5241188291554839
1994-01-20,0.0,-0.028244555360540668,0.4748949806931103
1994-01-21,0.0,-0.01237998163631039,0.46740914922261445
1994-01-24,1.0,0.000785854657339038,0.522256430373014
1994-01-25,1.0,0.006784994714228212,0.5439726890857791
1994-01-26,1.0,0.0010397713440016636,0.5644485738168831
1994-01-27,1.0,0.02695439907269574,0.48217961395162434
1994-01-28,1.0,0.02409124105721195,0.505427519841641
1994-01-31,0.0,-0.0060407274956975525,0.5184662995692634
1994-02-01,0.0,-0.009800797170427474,0.5257458433119059
1994-02-02,0.0,-0.0018203099552441208,0.5303671554996658
1994-02-03,0.0,-0.011817551982913396,0.5274352332079671
1994-02-04,0.0,-0.012234956735829397,0.4932497612928826
1994-02-07,1.0,0.012175315682932487,0.4578131491380256
1994-02-08,1.0,0.009020258559185137,0.5489170745696765
1994-02-09,0.0,-0.0010416667608566545,0.5408704144780437
1994-02-10,1.0,0.0019575862695178506,0.5418238233472893
1994-02-11,0.0,-0.0039364963574332725,0.5354309391767474
1994-02-14,0.0,-0.009938619796173498,0.5543819633669376
1994-02-15,0.0,-0.013890932309901193,0.5268986012595314
1994-02-16,0.0,-0.01324522675002068,0.5635130274165874
1994-02-17,0.0,-0.015901511221677083,0.538977696105
1994-02-18,0.0,-0.0026329662393607457,0.48383153018190306
1994-02-21,1.0,0.003411181476210166,0.5310147109448918
1994-02-22,0.0,-0.0003959612009761826,0.5463912402662175
1994-02-23,0.0,-0.001717645926691654,0.5505435123171161
1994-02-24,1.0,0.0010591818810951174,0.5622108885411972
1994-02-25,0.0,-0.005551897935550852,0.5620827478215552
1994-02-28,0.0,-0.014113536387517252,0.5689622647138363
1994-03-01,0.0,-0.004631169375568102,0.5236965020233902
1994-03-02,1.0,0.0036958859387974845,0.521837773145122
1994-03-03,1.0,0.02341047211241044,0.5441629807217069
1994-03-04,1.0,0.02176564224408175,0.5556406094275699
1994-03-07,1.0,0.028805343261670995,0.5536537801873169
1994-03-08,1.0,0.026437870135591752,0.5534079391186543
1994-03-09,1.0,0.015167654796427345,0.5576584767771121
1994-03-10,0.0,-0.010656371147482697,0.5510219946408744
1994-03-11,1.0,0.00465839351732231,0.5353994760507027
1994-03-14,1.0,0.0028354188348066888,0.5541628292305198
1994-03-15,1.0,0.006180807727200454,0.5525801358671399
1994-03-16,1.0,0.004402441397669963,0.5491637436364263
1994-03-17,1.0,0.02324484824012908,0.5616789171077571
1994-03-18,1.0,0.010530468441269172,0.5886590187598313
1994-03-21,0.0,-0.0005149330700804512,0.5828329671626711
1994-03-22,0.0,-0.00850849531638893,0.5808888368665037
1994-03-23,0.0,-0.0015515906914189443,0.5431092671967132
1994-03-24,0.0,-0.0017886806864198298,0.5397008415940321
1994-03-25,0.0,-0.0010224949766100204,0.5439870589142061
1994-03-28,0.0,-0.0028368813351997263,0.5273530912562684
1994-03-29,0.0,-0.003631651202862544,0.5316214642723713
1994-03-30,0.0,-0.002591346358096911,0.5467456519596631
1994-03-31,0.0,-0.017544309650909508,0.5644043637880456
1994-04-01,0.0,-0.015983841193814352,0.5403228477897198
1994-04-04,0.0,-0.023518199178064796,0.49677416847140043
1994-04-05,0.0,-0.014791813644606943,0.5006102837543543
1994-04-06,0.0,-0.017801517205043454,0.5277997559013158
1994-04-07,0.0,-0.013363227812167028,0.5350486966284708
1994-04-08,0.0,-0.017300562567194405,0.5247932412531081
1994-04-11,0.0,-0.0023825292540923045,0.476148138791125
1994-04-12,0.0,-0.01876926979436764,0.513771664722093
1994-04-13,0.0,-0.014901819131407031,0.5329721225222677
1994-04-14,0.0,-0.01407912750082669,0.5230557459269403
1994-04-15,0.0,-0.017874292066543222,0.525102623592351
1994-04-18,0.0,-0.008784829555732915,0.508561472661205
1994-04-19,1.0,0.009095835851612598,0.4384350672154221
1994-04-20,1.0,0.008010723746078979,0.48847375683324346
1994-04-21,1.0,0.0056022555486697516,0.4970137027608404
1994-04-22,1.0,0.014828940490842298,0.4637346930412617
1994-04-25,1.0,0.007193317283463325,0.4981788151730903
1994-04-26,1.0,0.0015965942721012497,0.4899977860318289
1994-04-27,1.0,0.0029212608744170502,0.4962289296336751
1994-04-28,0.0,-0.004800009216031782,0.49923397778640777
1994-04-29,1.0,0.01826474793907078,0.48831790743276066
1994-05-02,1.0,0.012661736026516294,0.48596678258392273
1994-05-03,1.0,0.008472383218562448,0.496394237524362
1994-05-04,1.0,0.013433627541861181,0.5024724910780441
1994-05-05,1.0,0.01643727358011338,0.4935055904443401
1994-05-06,0.0,-0.007843177461025893,0.5142866900660634
1994-05-09,1.0,0.004967979887032338,0.49087251854212305
1994-05-10,1.0,0.01361634025084545,0.4719702613055531
1994-05-11,0.0,0.0,0.5108183763135797
1994-05-12,1.0,0.003150435790297798,0.47162733473741353
1994-05-13,1.0,0.008494007292004337,0.5245144829926169
1994-05-16,1.0,0.01604174115683607,0.5239882362800343
1994-05-17,1.0,0.00983444779192306,0.5168334358272844
1994-05-18,1.0,0.011446534968058008,0.5184552581602361
1994-05-19,1.0,0.009781623475713394,0.49439164351577264
1994-05-20,1.0,0.004543987046125511,0.5204211222235147
1994-05-23,0.0,-0.010579378764995866,0.523102528068463
1994-05-24,0.0,-0.002578650216915075,0.49357895270774804
1994-05-25,0.0,-0.007268983200631052,0.4930750140236483
1994-05-26,0.0,-0.0016886410455457586,0.4746736512244866
1994-05-27,0.0,-0.013300495980272619,0.5012962912404946
1994-05-30,0.0,-0.012004319518825891,0.5241416730304159
1994-05-31,0.0,-0.015219805984468253,0.521859872083665
1994-06-01,0.0,-0.004439229120745292,0.46919931619057875
1994-06-02,0.0,-0.0033858607681699878,0.5023798256156466
1994-06-03,1.0,0.008366061867300965,0.4595971945408051
1994-06-06,1.0,0.0073241237683483295,0.47708874991981787
1994-06-07,1.0,0.007964008409460351,0.49102727423689635
1994-06-08,1.0,0.013259000949567652,0.48496379214907953
1994-06-09,1.0,0.0070193970783213235,0.4878149065363722
1994-06-10,1.0,0.010746526676937176,0.4735255592346499
1994-06-13,1.0,0.014746095685192591,0.4663001334088638
1994-06-14,1.0,0.025802086021345438,0.4769468835628014
1994-06-15,1.0,0.0074617611101889265,0.4905668308478952
1994-06-16,1.0,0.009668138473055074,0.4685037292743511
1994-06-17,1.0,0.00859144862755897,0.4742524535654321
1994-06-20,0.0,-0.011104052117235957,0.44792496097843476
1994-06-21,0.0,-0.02009667635379262,0.5254689217462549
1994-06-22,0.0,-0.012900075691747621,0.4819837686599934
1994-06-23,0.0,-0.008891238265650197,0.5066842377020826
1994-06-24,0.0,-0.011299555253933505,0.5226622480082623
1994-06-27,1.0,0.005438314581558649,0.4483494843958354
1994-06-28,0.0,-0.00103492894101573,0.5444562672878499
1994-06-29,0.0,-0.002600105469004142,0.5055743622311694
1994-06-30,0.0,-0.002851589748265193,0.514956436445575
1994-07-01,0.0,-0.009601734595111064,0.5248404401651543
1994-07-04,0.0,-0.0025859854080079172,0.48258643883731933
1994-07-05,0.0,-0.0012951692006069459,0.4738554858043956
1994-07-06,0.0,-0.0010419380989524732,0.4444747804626411
1994-07-07,0.0,-0.0025994295895142355,0.4710442684515057
1994-07-08,1.0,0.007274648864924715,0.46633427645210584
1994-07-11,0.0,-0.0002589667242232788,0.4481813442345272
1994-07-12,1.0,0.0031055925581530666,0.4586142149240859
1994-07-13,1.0,0.0049395654834839915,0.44064921470287566
1994-07-14,1.0,0.006744513244682945,0.4473753832944184
1994-07-15,0.0,-0.002592018040123664,0.46234732843343684
1994-07-18,0.0,-0.0022039290699656187,0.4736192095873349
1994-07-19,0.0,-0.0012928250023051934,0.46558276689926015
1994-07-20,1.0,0.00620477688688287,0.46064336868196065
1994-07-21,1.0,0.003355274795721476,0.4788053645269243
1994-07-22,0.0,-0.004421908622828695,0.5061327356598607
1994-07-25,0.0,-0.0032499216124982255,0.5158443788254315
1994-07-26,0.0,-0.018540810526562868,0.5311862047482513
1994-07-27,0.0,-0.025582183398916342,0.5334730462899594
1994-07-28,0.0,-0.025839882150503615,0.552931967093859
1994-07-29,0.0,-0.013384270131779756,0.5651049599053615
1994-08-01,0.0,-0.01640995143487787,0.5771341181816108
1994-08-02,0.0,-0.0029035258619301303,0.5232806456376761
1994-08-03,0.0,-0.0007935458689138233,0.5558175782051412
1994-08-04,0.0,-0.001190555071508094,0.5611054410943629
1994-08-05,0.0,-0.004501530175295475,0.5656307259192849
1994-08-08,0.0,-0.0017221968885374468,0.5713019290825949
1994-08-09,0.0,-0.00503512392775909,0.5601607546566089
1994-08-10,0.0,-0.00026465528803401583,0.5616274069538291
1994-08-11,1.0,0.009616092013469761,0.5530617778972103
1994-08-12,1.0,0.014752638475038224,0.5322195406848328
1994-08-15,1.0,0.01369523643805567,0.5642855868479123
1994-08-16,1.0,0.01502994674162992,0.5543297460414279
1994-08-17,1.0,0.016537980284449888,0.5663405079574207
1994-08-18,1.0,0.006012304086588115,0.549919734794781
1994-08-19,1.0,0.0033938160756604406,0.5714961600272828
1994-08-22,1.0,0.013252110270528358,0.5813079321065924
1994-08-23,1.0,0.012483907253612892,0.5892360345454146
1994-08-24,1.0,0.006487631422371484,0.5662261879952949
1994-08-25,1.0,0.009338589267799841,0.6178955843888255
1994-08-26,1.0,0.00959675371998874,0.6110350063843139
1994-08-29,0.0,-0.0001290738949838052,0.562116881031043
1994-08-30,1.0,0.003611975031154329,0.6143415326586166
1994-08-31,1.0,0.010037402505510067,0.6065299725659599
1994-09-01,1.0,0.01206225326975605,0.6041891339621562
1994-09-02,1.0,0.012059158325390566,0.6056985104281367
1994-09-05,1.0,0.009890261082750741,0.6189601459667662
1994-09-06,1.0,0.0066735360612873145,0.6138975774016963
1994-09-07,1.0,0.0005120327812841234,0.5973309481383485
1994-09-08,0.0,-0.008968669982760375,0.5961128918975822
1994-09-09,0.0,-0.00485748110927522,0.5824696314742118
1994-09-12,0.0,-0.0025595099716514557,0.5964212605683029
1994-09-13,1.0,0.007391393406116068,0.5752505898126214
1994-09-14,1.0,0.0094256206674555,0.5650072552092334
1994-09-15,1.0,0.018615863360763343,0.5704674884176394
1994-09-16,1.0,0.01601661288589185,0.56441883880877
1994-09-19,1.0,0.015385897002479464,0.5694891505133056
1994-09-20,1.0,0.011111225425070629,0.5598844190683614
1994-09-21,1.0,0.0037960313836045458,0.5745251572249749
1994-09-22,1.0,0.0005051780860151107,0.5816340977348219
1994-09-23,0.0,-0.00569081523175496,0.591529779421167
1994-09-26,0.0,-0.0006311139370098648,0.5777124500302452
1994-09-27,0.0,-0.013144779760834658,0.5861440375147186
1994-09-28,0.0,-0.007352042242823696,0.565551659555927
1994-09-29,0.0,-0.00951481964133862,0.5875878439062854
1994-09-30,0.0,-0.002539683904760532,0.567902709183041
1994-10-03,0.0,-0.010790330018350308,0.5600844373431588
1994-10-04,0.0,-0.01216014984046474,0.5493413211408086
1994-10-05,0.0,-0.012288941134351352,0.5413313668779545
1994-10-06,0.0,-0.014250192999890608,0.5541488828577892
1994-10-07,0.0,-0.014084739881738972,0.5241456681343595
1994-10-10,0.0,-0.005760015925327254,0.5452633554137007
1994-10-11,1.0,0.005138097366745083,0.4940141684092271
1994-10-12,1.0,0.007826071119453118,0.531448442543761
1994-10-13,1.0,0.012974682622878835,0.5022780499937733
1994-10-14,1.0,0.00834675792871757,0.5294868725710373
1994-10-17,1.0,0.0012828738128891231,0.5214770730747347
1994-10-18,0.0,-0.0012820514576555005,0.5195800995079609
1994-10-19,0.0,-0.005124931140255239,0.5273024827769093
1994-10-20,0.0,-0.007044537617683966,0.521512528781075
1994-10-21,0.0,-0.007702220362092351,0.5159900929413955
1994-10-24,0.0,-0.014202950177993395,0.5111099125444033
1994-10-25,0.0,-0.013301674783206497,0.5024652821247265
1994-10-26,0.0,-0.012278021768409008,0.5132597867070232
1994-10-27,0.0,-0.01293679103071945,0.5145077881205211
1994-10-28,0.0,-0.010623237616521492,0.499249264347298
1994-10-31,0.0,-0.00390879976505272,0.4560425532720929
1994-11-01,0.0,-0.0013008978028202136,0.4805486265584595
1994-11-02,0.0,-0.0013012363579717858,0.4939625008809329
1994-11-03,1.0,0.0036392033925391736,0.4954705215767327
1994-11-04,1.0,0.004159090996632129,0.4932116229463938
1994-11-07,1.0,0.005468051640217255,0.47472513702316116
1994-11-08,1.0,0.007780122231743396,0.48041016165556527
1994-11-09,1.0,0.006489315439749868,0.5238854106704837
1994-11-10,1.0,0.002850112047210785,0.5434792209465832
1994-11-11,0.0,-0.0020773832451347345,0.5365233929291956
1994-11-14,0.0,-0.0033814572472636905,0.5462325170510135
1994-11-15,0.0,-0.007649956269958544,0.5632376333985999
1994-11-16,0.0,-0.003109616395364724,0.5645895597198552
1994-11-17,0.0,-0.0044081492359252196,0.5666561152242036
1994-11-18,1.0,0.0012988701657209686,0.5434326991108048
1994-11-21,0.0,-0.0018255318669962335,0.5582684016789102
1994-11-22,0.0,-0.00299811213299786,0.5739647776700362
1994-11-23,0.0,-0.010173558465793283,0.5802028509478512
1994-11-24,0.0,-0.011894787652149207,0.588762926073096
1994-11-25,0.0,-0.022844632684022197,0.5895639405555757
1994-11-28,0.0,-0.01737800446665513,0.5446786973255688
1994-11-29,0.0,-0.017116941940697752,0.5535010746022321
1994-11-30,0.0,-0.012134150464110583,0.5149975582714715
1994-12-01,0.0,-0.007523298204952411,0.4954463027620997
1994-12-02,1.0,0.003976148379639417,0.44718282013670174
1994-12-05,1.0,0.003314553912900679,0.4735506264451847
1994-12-06,1.0,0.005958309583630625,0.4916191093246628
1994-12-07,1.0,0.006612905992645231,0.49115053887801413
1994-12-08,1.0,0.006865619785981737,0.5009211361515312
1994-12-09,1.0,0.0031695747612790395,0.48990214037725044
1994-12-12,1.0,0.006201774842354277,0.5028038092429744
1994-12-13,1.0,0.00946006266665525,0.5157289148399907
1994-12-14,1.0,0.006831345536617183,0.5196209660392029
1994-12-15,1.0,0.003677440445887183,0.5383362676077211
1994-12-16,1.0,0.004210532536343679,0.5267734315150252
1994-12-19,1.0,0.0036764747293086273,0.5480428976461978
1994-12-20,0.0,-0.0022255687657225373,0.5443224806630556
1994-12-21,1.0,0.004832504669936503,0.5540271838167182
1994-12-22,1.0,0.0039251653169302065,0.5591302868586392
1994-12-23,1.0,0.006282743179495209,0.551945771321156
1994-12-26,1.0,0.003924138456134365,0.5625868533820335
1994-12-27,0.0,-0.004334412775280996,0.5669900766414455
1994-12-28,0.0,-0.02493368399102356,0.563075315691734
1994-12-29,0.0,-0.021514721500541727,0.5452949655041024
1994-12-30,0.0,-0.031008181938891603,0.5502928280344478
1995-01-02,0.0,-0.02511698460777395,0.5572811338770605
1995-01-03,0.0,-0.013383887584963481,0.4934929768826843
1995-01-04,1.0,0.004531528479511228,0.41662677165243994
1995-01-05,1.0,0.017196190938914335,0.4588617926788978
1995-01-06,1.0,0.01985540610022428,0.40811506794148134
1995-01-09,1.0,0.011314596579976873,0.45877730833000635
1995-01-10,1.0,0.015356404497781969,0.47750990514128977
1995-01-11,1.0,0.01687803778735173,0.454230910687982
1995-01-12,1.0,0.006535970979785449,0.42944311288418197
1995-01-13,1.0,0.013758980076418147,0.44311408290536314
1995-01-16,1.0,0.00987824957166267,0.44204912007520397
1995-01-17,1.0,0.0030169892366926914,0.45148921774298356
1995-01-18,0.0,-0.003405373297431542,0.44740032916687544
1995-01-19,0.0,-0.005880448176895171,0.5011665479159702
1995-01-20,0.0,-0.015607897665990942,0.48645479275258857
1995-01-23,0.0,-0.011865663276500925,0.41428572038544625
1995-01-24,0.0,-0.017573287010900107,0.47800656198163716
1995-01-25,0.0,-0.012940891012884577,0.48440893787673
1995-01-26,0.0,-0.013857034661426241,0.49649124693205593
1995-01-27,0.0,-0.005168655069073664,0.41978216155714676
1995-01-30,0.0,-0.002922036877878563,0.4690484148184658
1995-01-31,0.0,-0.000800106723574557,0.45612236729852035
1995-02-01,0.0,-0.0005317734770355123,0.462170187477449
1995-02-02,1.0,0.000664231176862766,0.48320078167015457
1995-02-03,0.0,0.0,0.4610347531480197
1995-02-06,0.0,-0.0007984032360243618,0.455248154565107
1995-02-07,1.0,0.003994147235124465,0.4487276922569388
1995-02-08,1.0,0.0013289038500537342,0.45391557108330854
1995-02-09,1.0,0.0017249390596915657,0.45154299897148753
1995-02-10,1.0,0.007149507483034688,0.46196415984298445
1995-02-13,1.0,0.0108567199036486,0.4423284831620135
1995-02-14,1.0,0.006357637308357517,0.4537836157313694
1995-02-15,1.0,0.008068293222829072,0.45312054663376927
1995-02-16,1.0,0.005288918847304751,0.4698081302844035
1995-02-17,0.0,-0.006352588859374245,0.45439912353100875
1995-02-20,0.0,-0.008463419997808364,0.4871455692072166
1995-02-21,0.0,-0.004233930643437671,0.48529728160735336
1995-02-22,0.0,-0.012327016720910945,0.4865008595507633
1995-02-23,0.0,-0.005952004873854751,0.4943069671137977
1995-02-24,1.0,0.0005309264791560056,0.4303791751661323
1995-02-27,1.0,0.007145723140918332,0.45555822376541066
1995-02-28,1.0,0.019173272831825773,0.47186762367030116
1995-03-01,1.0,0.013248736451713471,0.4284015872606104
1995-03-02,1.0,0.013440708333485589,0.45229451405787796
1995-03-03,1.0,0.01449109800015914,0.4670696155282038
1995-03-06,1.0,0.017125720862403444,0.48144578578996106
1995-03-07,1.0,0.003635423375491381,0.45755691246311
1995-03-08,1.0,0.016706209478655896,0.44409080767447745
1995-03-09,1.0,0.005482326745284067,0.48301883729703726
1995-03-10,1.0,0.003655356550539527,0.47726108320583555
1995-03-13,0.0,-0.0068934395366668216,0.493230838165524
1995-03-14,0.0,-0.005979479664317888,0.5415720887559574
1995-03-15,0.0,-0.008318217965632282,0.5238410739683367
1995-03-16,0.0,-0.0009116364504522819,0.5007714127711153
1995-03-17,0.0,-0.0036553565505395517,0.4940520338523996
1995-03-20,0.0,-0.002613697253748993,0.523430797489379
1995-03-21,0.0,-0.003133980104943788,0.5287211753289751
1995-03-22,0.0,-0.001828870529357206,0.5250555112421149
1995-03-23,1.0,0.006881803436955875,0.5170831691168843
1995-03-24,1.0,0.02352441425960857,0.5058408945676242
1995-03-27,1.0,0.02557948533760812,0.5152904043185036
1995-03-28,1.0,0.02582121251313974,0.5052359921716877
1995-03-29,1.0,0.030898441551234238,0.47719925608304714
1995-03-30,1.0,0.020112123504784914,0.4533469418496477
1995-03-31,1.0,0.0038250716024381755,0.4624889570993109
1995-04-03,0.0,-0.005371543801910988,0.5595228365651836
1995-04-04,0.0,-0.005111179028937551,0.527457937860672
1995-04-05,0.0,-0.010706194539469435,0.55853109200753
1995-04-06,0.0,-0.01212136053234485,0.566522605901231
1995-04-07,0.0,-0.008691261253611096,0.574871880347406
1995-04-10,1.0,0.010460613309382177,0.5397542876585734
1995-04-11,1.0,0.012476291687143386,0.5583678612868219
1995-04-12,1.0,0.011466554479790506,0.569356429282652
1995-04-13,1.0,0.007672671911660186,0.559415078954679
1995-04-14,1.0,0.0023079892281343173,0.5366597327143674
1995-04-17,0.0,-0.009050989189249722,0.5247887785481801
1995-04-18,0.0,-0.012732537684701879,0.5469160703459789
1995-04-19,0.0,-0.02047678405555009,0.5242571862319788
1995-04-20,0.0,-0.013466057925485107,0.5198050114118448
1995-04-21,0.0,-0.008488796955334867,0.5106235458597558
1995-04-24,0.0,-0.006036881733823309,0.5357777038872567
1995-04-25,0.0,-0.003080084570564535,0.5298484699917614
1995-04-26,1.0,0.008241097375300124,0.469986029281785
1995-04-27,1.0,0.008869522764046959,0.49301385616957366
1995-04-28,1.0,0.007463681540089641,0.45053946337644235
1995-05-01,1.0,0.004114173969802821,0.4976750206311317
1995-05-02,0.0,-0.013457760044846688,0.49616578192244004
1995-05-03,0.0,-0.01576871241495205,0.5016408756398145
1995-05-04,0.0,-0.017818418487425353,0.49740405750103606
1995-05-05,0.0,-0.016285741870785447,0.48791105257658873
1995-05-08,0.0,-0.011874171523800233,0.5077506418368916
1995-05-09,1.0,0.002602135217951914,0.4112206893767132
1995-05-10,0.0,-0.000521240564316364,0.4958183976634224
1995-05-11,0.0,-0.000521240564316364,0.5004914092183803
1995-05-12,0.0,-0.0005213764455957356,0.4978844295793816
1995-05-15,0.0,-0.007297400118496081,0.5062549274009833
1995-05-16,0.0,-0.003905746405042027,0.49330034609914486
1995-05-17,1.0,0.0015629073251730618,0.4847466861447757
1995-05-18,1.0,0.004421908622828659,0.4865935507690007
1995-05-19,1.0,0.00649774865751995,0.4890956890478868
1995-05-22,1.0,0.012219052327414742,0.48822242828464807
1995-05-23,1.0,0.0057232206168746835,0.4989971287836286
1995-05-24,1.0,0.00026024723634198533,0.5092711727138735
1995-05-25,0.0,-0.0006490556468527718,0.4951598264660476
1995-05-26,0.0,-0.006237026455547661,0.5192007867547975
1995-05-29,0.0,-0.006220859875102394,0.5260208765256077
1995-05-30,0.0,-0.002597404057685506,0.5199905564874703
1995-05-31,1.0,0.005449604767564685,0.5375136323699863
1995-06-01,1.0,0.0011679970181250662,0.5414862250182686
1995-06-02,1.0,0.012692826798418879,0.5450524915909489
1995-06-05,1.0,0.007253917818215985,0.5592887848931782
1995-06-06,1.0,0.005963974633440649,0.5572215200194915
1995-06-07,1.0,0.004389936036497915,0.5612633871512267
1995-06-08,1.0,0.015188861958591622,0.5598211171693853
1995-06-09,1.0,0.0038535693159899723,0.5624744518780866
1995-06-12,1.0,0.01103848969889025,0.5704093853879502
1995-06-13,1.0,0.010799796406226525,0.5591963971193202
1995-06-14,1.0,0.007444521610504992,0.5670588655719485
1995-06-15,0.0,-0.003326938449364958,0.558848405579572
1995-06-16,1.0,0.0007689350628772567,0.5759602508800701
1995-06-19,0.0,-0.004605944683233958,0.5755849272966623
1995-06-20,0.0,-0.003843694674562827,0.5763380914977206
1995-06-21,0.0,-0.009507973464659215,0.5773989001667392
1995-06-22,0.0,-0.00514007813775025,0.57133814345986
1995-06-23,0.0,-0.01471184103188987,0.574192146629637
1995-06-26,0.0,-0.012646961700767309,0.5710472448376473
1995-06-27,0.0,-0.011230996511828163,0.5701804693065551
1995-06-28,0.0,-0.007776088949908235,0.5471196182376584
1995-06-29,0.0,-0.007500358450890194,0.5564731495116088
1995-06-30,1.0,0.00337443538889364,0.5270067712664551
1995-07-03,1.0,0.003241493924171023,0.5616487931697657
1995-07-04,1.0,0.0003893828331371172,0.5622043174218108
1995-07-05,1.0,0.012669852741051686,0.5405467996874359
1995-07-06,1.0,0.01045913079013729,0.5540066487397798
1995-07-07,1.0,0.007743972618128592,0.542407774445162
1995-07-10,1.0,0.008122264726144019,0.559806120493904
1995-07-11,1.0,0.012124487491580203,0.5551782968480025
1995-07-12,0.0,-0.00283031193698931,0.49909900835848425
1995-07-13,0.0,-0.007089942686631049,0.5230182272131194
1995-07-14,0.0,-0.005931674387470931,0.5222926633300566
1995-07-17,0.0,-0.0051493419652037815,0.5194856515080248
1995-07-18,0.0,-0.007722046093910278,0.5225256102438778
1995-07-19,0.0,-0.0030967766683934876,0.4987300165260267
1995-07-20,0.0,-0.00831389564096718,0.5273701009915348
1995-07-21,0.0,-0.008050945966919656,0.5326683623816577
1995-07-24,0.0,-0.012467693966742889,0.542823660290675
1995-07-25,0.0,-0.009085072222470982,0.5438640209430633
1995-07-26,0.0,-0.009478743954543659,0.5421268086460777
1995-07-27,1.0,0.0026055251842887657,0.519351707506584
1995-07-28,1.0,0.0015633145445482462,0.5395800030624415
1995-07-31,1.0,0.004953731939546207,0.5491627283777584
1995-08-01,1.0,0.004033575177948328,0.545817573050159
1995-08-02,1.0,0.004296042537776895,0.5516365141106946
1995-08-03,1.0,0.000520291374900487,0.5336357554941391
1995-08-04,0.0,-0.0002603827641323264,0.5430676429532008
1995-08-07,1.0,0.00052002081255072,0.5378270127699529
1995-08-08,1.0,0.0016866692289228926,0.5416185980445604
1995-08-09,0.0,-0.0054709007109011165,0.5414087023908177
1995-08-10,1.0,0.0006499837732899861,0.5488916244730222
1995-08-11,1.0,0.003379699044385075,0.5482342746071838
1995-08-14,1.0,0.0005197505314510076,0.5501462049141904
1995-08-15,0.0,-0.005720244406871165,0.5390277827247352
1995-08-16,1.0,0.002348337674107429,0.5341162123772931
1995-08-17,0.0,-0.004036726622283161,0.5505043439557711
1995-08-18,0.0,-0.0049434210205678225,0.5613266019508752
1995-08-21,0.0,-0.00416558790319089,0.5576910407940437
1995-08-22,0.0,-0.002088228375654275,0.5621601475598855
1995-08-23,0.0,-0.00548805767877518,0.5581316089139782
1995-08-24,0.0,-0.001175011558912279,0.5530252120011129
1995-08-25,0.0,-0.006148230499417544,0.5652303016590137
1995-08-28,0.0,-0.007989041247107162,0.5618062664462365
1995-08-29,0.0,-0.006028061760421344,0.5464067423937559
1995-08-30,0.0,-0.002886762272390943,0.5244550671017773
1995-08-31,1.0,0.000652954642852817,0.5289813964911106
1995-09-01,1.0,0.004843258371122208,0.5038222225500852
1995-09-04,1.0,0.007206058041243864,0.5153366732359639
1995-09-05,1.0,0.013058425309030695,0.5278977242807764
1995-09-06,1.0,0.010197499794396906,0.5231023704336998
1995-09-07,1.0,0.0078023802841848,0.5309809820587406
1995-09-08,1.0,0.005988821440721698,0.5348916908484284
1995-09-11,1.0,0.007154502062624238,0.533877781312604
1995-09-12,1.0,0.0007781092339161731,0.5251662311352209
1995-09-13,1.0,0.00155965719164681,0.5293467739644038
1995-09-14,0.0,-0.0012961764614466856,0.5508457106677956
1995-09-15,0.0,-0.003120127336243634,0.5524942351467539
1995-09-18,0.0,-0.006632445146564763,0.5487897940983263
1995-09-19,0.0,-0.00441731262645521,0.5545298100663646
1995-09-20,0.0,-0.0036429912785009805,0.543893499663304
1995-09-21,0.0,-0.004159090996632254,0.548546405998637
1995-09-22,0.0,0.0,0.5215573915813945
1995-09-25,0.0,-0.0018283928301149365,0.5507896810163655
1995-09-26,0.0,-0.003913899321136329,0.5481628983689482
1995-09-27,0.0,-0.0013042913026798829,0.545239321926415
1995-09-28,0.0,-0.0013032713952078796,0.5492330308837354
1995-09-29,0.0,-0.0015637219761827587,0.5466666830261763
1995-10-02,1.0,0.0062549070231097525,0.5266220937081754
1995-10-03,1.0,0.007812539736793625,0.5344684635772564
1995-10-04,1.0,0.0053368170923713855,0.5493147841003752
1995-10-05,1.0,0.0036448881800072823,0.5520317280628044
1995-10-06,1.0,0.0028649583341546223,0.5518864279236786
1995-10-09,0.0,-0.0023410077019734785,0.5580428408161595
1995-10-10,0.0,-0.0036382576515250533,0.5482262303691854
1995-10-11,0.0,-0.0028601163542838056,0.5372743912261078
1995-10-12,0.0,-0.006648873982379788,0.5363364353102578
1995-10-13,0.0,-0.006261434492844315,0.5306489589489933
1995-10-16,0.0,-0.0026075634070808302,0.526459443326692
1995-10-17,0.0,-0.003651542920202623,0.5286069158853459
1995-10-18,0.0,-0.002737763264044959,0.5162116946270563
1995-10-19,1.0,0.002612672942751768,0.4781563858355466
1995-10-20,1.0,0.00235263472779177,0.5060973061387434
1995-10-23,0.0,-0.0013063359140554128,0.5058414465710772
1995-10-24,1.0,0.0007835967489893986,0.5104491702045609
1995-10-25,0.0,-0.0013063359140554128,0.5101025808465063
1995-10-26,0.0,-0.0009136592686747133,0.5083658988673067
1995-10-27,0.0,-0.0010449321744934277,0.5044030366163642
1995-10-30,1.0,0.0005227391650660921,0.5098885522049793
1995-10-31,1.0,0.006506203822738278,0.5085657494012836
1995-11-01,1.0,0.006774387554272787,0.5060462695278842
1995-11-02,1.0,0.009358009544227898,0.507219153099276
1995-11-03,1.0,0.017873808304650456,0.5109378971167989
1995-11-06,1.0,0.012206358541238934,0.5120578683596683
1995-11-07,1.0,0.0012961764614466762,0.4927176622111628
1995-11-08,1.0,0.0029817873910919905,0.5033701585459376
1995-11-09,0.0,-0.0012944985626458082,0.5060435351117659
1995-11-10,0.0,-0.005664278790096364,0.5588714254068067
1995-11-13,0.0,-0.0012914892664282,0.5460356616713933
1995-11-14,0.0,-0.0007775042506487336,0.5387862976182484
1995-11-15,0.0,-0.011326033980484757,0.5532843915021726
1995-11-16,0.0,-0.007541317758227523,0.5584682673904876
1995-11-17,0.0,-0.008557033932979729,0.5686249327271115
1995-11-20,0.0,-0.004144010074355307,0.5691394159439768
1995-11-21,1.0,0.008005207372101992,0.5481636226735866
1995-11-22,1.0,0.01867758575903753,0.5135969326227757
1995-11-23,1.0,0.012193691101947993,0.5430238254856024
1995-11-24,1.0,0.006748014186503724,0.5534831007291587
1995-11-27,1.0,0.0023331183623020784,0.541526609799202
1995-11-28,0.0,-0.004252857753551494,0.5259392902265899
1995-11-29,0.0,-0.000514138828806429,0.5347237173881421
1995-11-30,1.0,0.00334663718195638,0.5413033870418839
1995-12-01,1.0,0.008756172349461543,0.5449805310338334
1995-12-04,1.0,0.006195166948925699,0.5469348743822735
1995-12-05,1.0,0.004510026328969035,0.5477474802694616
1995-12-06,0.0,-0.005931674387470931,0.5367232847006713
1995-12-07,0.0,-0.007481009996093886,0.5222192372779206
1995-12-08,0.0,-0.009014871096215427,0.5416513995176117
1995-12-11,0.0,-0.0012874985684790984,0.5341345145561749
1995-12-12,0.0,-0.0030903964848181787,0.5420853033240565
1995-12-13,1.0,0.004130103960679207,0.5449533992930836
1995-12-14,1.0,0.004778827305733743,0.554199084626391
1995-12-15,1.0,0.0025839807659250678,0.5560077042745305
1995-12-18,0.0,-0.0002576987515872018,0.5421598588286807
1995-12-19,1.0,0.0009023526232644443,0.5352846468439311
1995-12-20,0.0,-0.0029667870841874225,0.5194019920399657
1995-12-21,0.0,-0.0023219824674153102,0.5238174694111943
1995-12-22,0.0,-0.001032791209799259,0.5309677401740933
1995-12-25,1.0,0.008341402231089501,0.5402408671619539
1995-12-26,1.0,0.018510773002491994,0.5292512711317112
1995-12-27,1.0,0.017797025647211386,0.5262181019107586
1995-12-28,1.0,0.023359285363656796,0.5280134813792691
1995-12-29,1.0,0.025127270587519786,0.5197724336775807
1996-01-02,1.0,0.012824758342026331,0.501447529094465
1996-01-03,1.0,0.011319451763659784,0.5733657316659051
1996-01-04,1.0,0.012610507591929733,0.586219889453731
1996-01-05,0.0,0.0,0.5617598138399973
1996-01-08,0.0,-0.0023961169166418182,0.5761648512868204
1996-01-09,1.0,0.005786907582305036,0.5701009967948784
1996-01-10,0.0,0.0,0.5574581017905089
1996-01-11,0.0,-0.0037664827954768934,0.5885113884423101
1996-01-12,1.0,0.008792921869910467,0.5711394636893141
1996-01-15,1.0,0.01901007722497336,0.576527982943673
1996-01-16,1.0,0.012218079931309139,0.5731929740503462
1996-01-17,1.0,0.009583743774724719,0.5794680269933637
1996-01-18,1.0,0.02324963304827974,0.5742969047117157
1996-01-19,1.0,0.015881227079984597,0.5363819668479387
1996-01-22,1.0,0.006667514514227119,0.56595716299564
1996-01-23,1.0,0.0029695641718162774,0.5835366777817954
1996-01-24,1.0,0.006543637152656568,0.5776617166059397
1996-01-25,1.0,0.01160743681722824,0.5554298348445659
1996-01-26,1.0,0.022636965149218508,0.5759056530180313
1996-01-29,1.0,0.018653390591133835,0.5929429797369661
1996-01-30,1.0,0.01884770026098493,0.5683928257723347
1996-01-31,1.0,0.007112231083790407,0.5567029385129997
1996-02-01,0.0,-0.0056036204615373016,0.5659219940361978
1996-02-02,0.0,-0.023622186903788436,0.5517732952244191
1996-02-05,0.0,-0.030786757222577194,0.5879015507038458
1996-02-06,0.0,-0.021569463663350864,0.5722243885062512
1996-02-07,0.0,-0.011799546931155055,0.5217493370273554
1996-02-08,0.0,-0.013033505537207297,0.578243486196668
1996-02-09,0.0,-0.002467309418458614,0.5655295254156398
1996-02-12,1.0,0.011025196844947072,0.563306385970432
1996-02-13,0.0,-0.010460867497739215,0.5744370571427343
1996-02-14,0.0,-0.00470939028769822,0.5637568044296003
1996-02-15,0.0,-0.010325401183251107,0.5688409306023756
1996-02-16,0.0,-0.015685619742986052,0.5448729788451471
1996-02-19,0.0,-0.014519086099202817,0.5616753077143756
1996-02-20,1.0,0.0002503442246146721,0.506749251195956
1996-02-21,0.0,-0.004232547087963035,0.5086876509871506
1996-02-22,1.0,0.0022483147117634533,0.5457876761287168
1996-02-23,1.0,0.0010032606810911305,0.5547872112277233
1996-02-26,0.0,-0.015240549416284943,0.5600163679594332
1996-02-27,0.0,-0.01576822326794219,0.5437561529237858
1996-02-28,0.0,-0.018762748995403485,0.5413900951605808
1996-02-29,0.0,-0.013313434524236088,0.5473459145197724
1996-03-01,0.0,-0.004522620774155026,0.536765847651714
1996-03-04,1.0,0.004053203775708314,0.49801852858635887
1996-03-05,1.0,0.008482674147308345,0.543588155319688
1996-03-06,1.0,0.009110527395870786,0.5527133889536006
1996-03-07,1.0,0.00012643024228228394,0.5334532614597616
1996-03-08,0.0,-0.0022690038727553245,0.5363689449257225
1996-03-11,1.0,0.0001263982811517054,0.5491326727261738
1996-03-12,0.0,-0.0034097399961142373,0.5498217141549322
1996-03-13,0.0,-0.0022698622608337063,0.5589820100688199
1996-03-14,1.0,0.006301218076729055,0.566845539757566
1996-03-15,1.0,0.005411881561924629,0.5713849631655962
1996-03-18,1.0,0.008181806608581496,0.5489114465726219
1996-03-19,1.0,0.012570875787242709,0.5714233868965604
1996-03-20,1.0,0.010548885966535259,0.561136910808567
1996-03-21,0.0,-0.0035237891987420842,0.531164373012046
1996-03-22,0.0,-0.007306658860948933,0.5630123551814165
1996-03-25,0.0,-0.009952838064534886,0.5987203911499774
1996-03-26,0.0,-0.01586535418512699,0.5884191126087668
1996-03-27,0.0,-0.015104126033676295,0.6078249895934554
1996-03-28,0.0,-0.003915876916953357,0.5873567503396744
1996-03-29,0.0,-0.004816232376967067,0.5872260746664243
1996-04-01,1.0,0.0076938009592546425,0.6040480032828499
1996-04-02,1.0,0.0013951425942318153,0.6046657850223549
1996-04-03,1.0,0.0025332502464336074,0.6041460332344142
1996-04-04,1.0,0.0010120177966839088,0.5986852915310857
1996-04-05,1.0,0.002537750378584859,0.6138753377333226
1996-04-08,0.0,-0.01162656847660672,0.5696242329785263
1996-04-09,0.0,-0.007761346932005717,0.5716843573835533
1996-04-10,0.0,-0.010427357958491765,0.5982400128761199
1996-04-11,0.0,-0.012724436856742155,0.5911115622705378
1996-04-12,0.0,-0.009729090596625396,0.5848369442029372
1996-04-15,0.0,-0.004331216962004104,0.602625652685903
1996-04-16,0.0,-0.00038326413755636666,0.5571746456818142
1996-04-17,0.0,-0.0010231488295035873,0.5827694352431297
1996-04-18,1.0,0.007399880666567471,0.5679089936302265
1996-04-19,0.0,-0.0008449298314811994,0.5727849719888907
1996-04-22,0.0,-0.0028125817569410994,0.5779556845446596
1996-04-23,1.0,0.0008940545968807142,0.576944932329269
1996-04-24,1.0,0.005868860938179576,0.5723592743791625
1996-04-25,1.0,0.0017780040244070303,0.5391973762804769
1996-04-26,1.0,0.005237286033885367,0.5615807246612533
1996-04-29,1.0,0.006889539882080858,0.5866187249884729
1996-04-30,1.0,0.005550760292605446,0.5796391581967331
1996-05-01,0.0,0.0,0.5663988294153933
1996-05-02,0.0,-0.0030499451778279022,0.5854089767358975
1996-05-03,0.0,-0.004597122130069396,0.5755624129255202
1996-05-06,0.0,-0.004587748584464007,0.5670098509873837
1996-05-07,0.0,-0.005040230606979245,0.5835613195147394
1996-05-08,0.0,-0.0008908686558015713,0.5661906685933177
1996-05-09,0.0,-0.00038189803786673013,0.5850826011849177
1996-05-10,1.0,0.004851899201511297,0.5655698951435874
1996-05-13,0.0,-0.0015339386875836782,0.5787681887424673
1996-05-14,0.0,-0.001021320144950514,0.5702700967952576
1996-05-15,0.0,-0.0024220803478336686,0.5665684857123753
1996-05-16,0.0,-0.0024220803478336686,0.5658066896767087
1996-05-17,0.0,-0.003956357658898851,0.5539662098957777
1996-05-20,1.0,0.0003837053190262255,0.5556936368171327
1996-05-21,1.0,0.00012772207693461532,0.5518297561929132
1996-05-22,0.0,-0.001277139381767286,0.5560880898155959
1996-05-23,0.0,-0.0017884521885097396,0.5653165612776359
1996-05-24,0.0,0.0,0.5658748726577174
1996-05-27,0.0,-0.0011515579290594096,0.5603801223656729
1996-05-28,0.0,-0.008336053402061375,0.5441887161722464
1996-05-29,0.0,-0.012344248301483007,0.5523568805752911
1996-05-30,0.0,-0.012609534032347675,0.550039570375181
1996-05-31,0.0,-0.014685308353253795,0.5409755107769277
1996-06-03,0.0,-0.01197773351273337,0.5498583037379683
1996-06-04,0.0,-0.00970567308309773,0.47677666209963
1996-06-05,0.0,-0.004798660398200555,0.46895132458498473
1996-06-06,0.0,-0.004022061860593395,0.4624449075064681
1996-06-07,0.0,-0.0010386913424115405,0.4749494119932207
1996-06-10,0.0,-0.0024648128195145246,0.4977050536660752
1996-06-11,1.0,0.002856773790692035,0.4629556462113449
1996-06-12,0.0,-0.00026004420898079677,0.48364799015485344
1996-06-13,0.0,-0.00026004420898079677,0.474338479041047
1996-06-14,1.0,0.0003896356955587663,0.45377492360663
1996-06-17,1.0,0.00025974026120062813,0.46194945453970593
1996-06-18,0.0,-0.0042882269598380875,0.4635411540210082
1996-06-19,0.0,-0.0032562711937751585,0.4753805620432443
1996-06-20,0.0,-0.005868944136526938,0.4709747461793651
1996-06-21,0.0,-0.012018433362727454,0.46375754999865737
1996-06-24,0.0,-0.007952587378683927,0.4756104939332673
1996-06-25,0.0,-0.005484474442159341,0.47777860835384134
1996-06-26,0.0,-0.003005163299069207,0.47393507550329966
1996-06-27,0.0,-0.0032754696824707583,0.46055174625098033
1996-06-28,1.0,0.003411181476210166,0.44052060901684575
1996-07-01,1.0,0.0003925930823178593,0.45886616405430386
1996-07-02,1.0,0.002615406224739269,0.4751775423453532
1996-07-03,1.0,0.0009155713150205805,0.4813724652556543
1996-07-04,1.0,0.006540245680609975,0.48588592196005304
1996-07-05,1.0,0.0052253548026650306,0.4684400847067949
1996-07-08,1.0,0.0022217874917529463,0.46929969870172167
1996-07-09,1.0,0.005600066728651718,0.46480034256706976
1996-07-10,1.0,0.003393373133531834,0.4834709564711724
1996-07-11,1.0,0.0009122304665967095,0.4754118789447165
1996-07-12,1.0,0.0031221568226515607,0.4878488823673563
1996-07-15,1.0,0.004818658799680554,0.490807490605544
1996-07-16,0.0,-0.0010395011331047785,0.4631323878985232
1996-07-17,1.0,0.004420184003864279,0.4910458615266926
1996-07-18,1.0,0.002991483013876699,0.5061018106144062
1996-07-19,1.0,0.0007790184761666047,0.49761382144323807
1996-07-22,0.0,-0.0006498148256470366,0.5051968878172886
1996-07-23,0.0,0.0,0.4978083337610945
1996-07-24,1.0,0.004142400745451242,0.4948797072786587
1996-07-25,1.0,0.0012978587156000124,0.5146446347023956
1996-07-26,1.0,0.005952398527295352,0.5139212467301985
1996-07-29,1.0,0.01176104025071778,0.5074999290319516
1996-07-30,1.0,0.01021802850057185,0.5081223850820193
1996-07-31,1.0,0.002837979200966807,0.4628872207799565
1996-08-01,1.0,0.007880668651867003,0.4971066361416584
1996-08-02,1.0,0.0005159293291277318,0.4827493862918023
1996-08-05,0.0,-0.003862002740429144,0.45037876698978824
1996-08-06,0.0,-0.0019321188466998114,0.4856972198022346
1996-08-07,0.0,-0.0038719717966449237,0.49802199544172837
1996-08-08,0.0,-0.00503129488102061,0.48072000142015114
1996-08-09,0.0,-0.0034876997182853274,0.46628202552040093
1996-08-12,0.0,-0.0011615152625459961,0.4833863258816452
1996-08-13,0.0,-0.0002578981316680068,0.48171034995843154
1996-08-14,1.0,0.0005171299404190833,0.4771995263156058
1996-08-15,1.0,0.002325282019170994,0.4785059927495918
1996-08-16,1.0,0.005291359058066807,0.4814433451245316
1996-08-19,1.0,0.005794131963535546,0.4654511076260398
1996-08-20,1.0,0.0032189559758996253,0.46819281956331743
1996-08-21,1.0,0.003354841856225744,0.47145162953510766
1996-08-22,1.0,0.001933613235394781,0.4610776339757427
1996-08-23,0.0,-0.005032593368953136,0.45488747016694814
1996-08-26,0.0,-0.006310794336175712,0.43657198509698214
1996-08-27,0.0,-0.006318932625306347,0.44756648041835206
1996-08-28,0.0,-0.006720976572719635,0.4310893769605915
1996-08-29,0.0,-0.006459970785526231,0.4321403595534452
1996-08-30,0.0,-0.003239393827251564,0.4455065655829233
1996-09-02,0.0,-0.008824350020498563,0.4484001383693892
1996-09-03,0.0,-0.008444350275553146,0.4437046136001403
1996-09-04,0.0,-0.0070276187198371415,0.44138386247395106
1996-09-05,0.0,-0.007938098811613725,0.4462447458591508
1996-09-06,0.0,-0.006902417194072581,0.44587349615780736
1996-09-09,0.0,-0.0006519330043797336,0.4306810153698041
1996-09-10,0.0,-0.0007830853963210267,0.4482165475125866
1996-09-11,1.0,0.0013051424457709985,0.4542776687037369
1996-09-12,1.0,0.00013064210613655531,0.45919857037805994
1996-09-13,0.0,-0.0035347290845311754,0.4589424346526121
1996-09-16,0.0,-0.004706506269261303,0.457061497454228
1996-09-17,0.0,-0.0002611647964700411,0.45655523380283564
1996-09-18,0.0,-0.001958352998750931,0.4586533196208744
1996-09-19,0.0,-0.003664445927545539,0.46517669186043514
1996-09-20,0.0,-0.0018377532082207886,0.46681726350222646
1996-09-23,0.0,-0.008290066557919097,0.4730615213610108
1996-09-24,0.0,-0.010766910735553652,0.4549922322201183
1996-09-25,0.0,-0.007345258627967001,0.45576543131970365
1996-09-26,0.0,-0.003151676935802026,0.47494938189144
1996-09-27,0.0,-0.0003416691887055597,0.47004610309908745
1996-09-30,1.0,0.005928480574498467,0.43575298056374295
1996-10-01,1.0,0.006972336342739653,0.44314827542909146
1996-10-02,1.0,0.004072790232062071,0.44060371611607013
1996-10-03,1.0,0.004985578419130101,0.4537801765279726
1996-10-04,1.0,0.0023105613388230708,0.4585877893943186
1996-10-07,1.0,0.0028856263465201933,0.44603778678226524
1996-10-08,0.0,-0.0003933652446972086,0.44903571952737864
1996-10-09,0.0,-0.0005245901759649102,0.4500747610896332
1996-10-10,0.0,-0.0038025352315265667,0.4494864254262346
1996-10-11,0.0,-0.002494585420207833,0.46405883062932723
1996-10-14,1.0,0.00039285013272875126,0.4633857172411752
1996-10-15,1.0,0.007187224666105477,0.4791057871395509
1996-10-16,1.0,0.007058852839624827,0.46690331489986237
1996-10-17,1.0,0.006677602554364131,0.48293531447589977
1996-10-18,1.0,0.006551386115822217,0.47543560580972916
1996-10-21,1.0,0.003528723520452984,0.45327917239155774
1996-10-22,0.0,-0.008762234835505318,0.44031120315310385
1996-10-23,0.0,-0.008765673972167012,0.48264863212584835
1996-10-24,0.0,-0.013400095412134314,0.4766564540334865
1996-10-25,0.0,-0.012087914890667264,0.4775233800889932
1996-10-28,0.0,-0.011943182844174352,0.4820849436140424
1996-10-29,0.0,-0.0050039609286426584,0.49120096151901954
1996-10-30,0.0,-0.006591981682152837,0.5016751686733373
1996-10-31,1.0,0.002905443142665642,0.4901066470903578
1996-11-01,1.0,0.0021127698338475687,0.49579396706758194
1996-11-04,1.0,0.007366515816762646,0.4997232668443522
1996-11-05,1.0,0.010244376432351205,0.5005949878594812
1996-11-06,1.0,0.013401856087015563,0.5021193505859158
1996-11-07,1.0,0.00591678801937423,0.46129983978060735
1996-11-08,1.0,0.0018450189735692967,0.48991820600237784
1996-11-11,0.0,-0.006310828202222478,0.46130831631410063
1996-11-12,0.0,-0.011829790953891549,0.47979534335395996
1996-11-13,0.0,-0.012476358566072746,0.45877521743832844
1996-11-14,0.0,-0.009616092013469694,0.47873620035768377
1996-11-15,0.0,-0.00899357999534119,0.4890214256824187
1996-11-18,0.0,-0.012208219565015081,0.5036949894467275
1996-11-19,0.0,-0.00783172516996891,0.5152022575184565
1996-11-20,0.0,-0.013303375658819864,0.5052352918474902
1996-11-21,0.0,-0.013324647508001199,0.48981274583481743
1996-11-22,0.0,-0.012567010309238666,0.4882458516818649
1996-11-25,0.0,-0.01696553415829667,0.4454471662040153
1996-11-26,0.0,-0.01693361252943974,0.4556088941052653
1996-11-27,0.0,-0.006772580913869325,0.464083146716417
1996-11-28,0.0,-0.004975469149302743,0.46755981472137115
1996-11-29,0.0,-0.007291417666926838,0.46717269188407334
1996-12-02,0.0,0.0,0.43878072899983467
1996-12-03,0.0,-0.0006779201669703153,0.4327532533429162
1996-12-04,0.0,-0.005218131965211486,0.42921196175855686
1996-12-05,0.0,-0.003511144728015875,0.41927754983955834
1996-12-06,0.0,-0.0006778282642767986,0.41585835139416527
1996-12-09,0.0,-0.00027162841400192047,0.4678199371654588
1996-12-10,0.0,-0.0002712968003616655,0.46551357148328815
1996-12-11,1.0,0.001083717255887631,0.4700181507094806
1996-12-12,0.0,-0.001624695727001922,0.48422520662397645
1996-12-13,0.0,-0.00040691760480097647,0.49140420864735473
1996-12-16,1.0,0.0020354169453359115,0.48867190847032993
1996-12-17,1.0,0.0008136696950133735,0.4789679151589814
1996-12-18,0.0,-0.0006771856424561484,0.4998536440437566
1996-12-19,0.0,-0.0004065867102158864,0.5057629777780435
1996-12-20,1.0,0.0028449521322313448,0.511393977091787
1996-12-23,1.0,0.0032480743131641054,0.5056022099701307
1996-12-24,0.0,-0.0031226690230849795,0.5155912871762272
1996-12-25,1.0,0.0016244757870477237,0.524905471611589
1996-12-26,0.0,-0.00898698859098632,0.5199580594236689
1996-12-27,0.0,-0.023543381434648233,0.5124801190125718
1996-12-30,0.0,-0.033244819801281474,0.5203738793389514
1996-12-31,0.0,-0.024362914431145303,0.5006081357858969
1997-01-01,0.0,-0.03818783677137425,0.5310295707350806
1997-01-02,0.0,-0.022127856244919947,0.4924268423977466
1997-01-03,0.0,-0.005416303776554364,0.4774907036227877
1997-01-06,1.0,0.0018142493288385616,0.4802708277182632
1997-01-07,0.0,-0.013607560742306513,0.5010123196455625
1997-01-08,0.0,-0.009318152979411486,0.5009515470709415
1997-01-09,0.0,-0.008425832744399273,0.46798064707395387
1997-01-10,0.0,-0.009795768226799544,0.4854940237034401
1997-01-13,0.0,-0.014465528554069589,0.48885790274979096
1997-01-14,0.0,-0.003112182452550112,0.48387768051353186
1997-01-15,0.0,-0.00426439878645754,0.48369909995396476
1997-01-16,0.0,-0.007218204151908688,0.4839212463497695
1997-01-17,0.0,-0.009040886556495386,0.507950569964988
1997-01-20,1.0,0.00789069896589715,0.5204080042902139
1997-01-21,1.0,0.000991290883412462,0.48991977008193044
1997-01-22,1.0,0.0007119971820897821,0.5015706492052862
1997-01-23,0.0,-0.01834913866819643,0.4648946658340487
1997-01-24,0.0,-0.022966417782324264,0.5221558977188308
1997-01-27,0.0,-0.027317106194360948,0.4658722092689651
1997-01-28,0.0,-0.02580788395587259,0.4909462691803377
1997-01-29,0.0,-0.019549278608750702,0.5068948715284848
1997-01-30,0.0,-0.00915637528598648,0.49584963231141443
1997-01-31,0.0,-0.006994054446602326,0.5209193461232791
1997-02-03,0.0,-0.01628653128777098,0.526686997428672
1997-02-04,0.0,-0.012863793816116909,0.5374756377678351
1997-02-05,0.0,-0.004655908308831337,0.5354326972060103
1997-02-06,0.0,-0.004243184360397378,0.518256314719772
1997-02-07,1.0,0.0094594316651679,0.4904811380191975
1997-02-10,1.0,0.009339043508035943,0.533056433112234
1997-02-11,1.0,0.016922358598626567,0.5184564019187916
1997-02-12,1.0,0.006975758559028003,0.4172671424736401
1997-02-13,1.0,0.028191241699053505,0.4726299016334109
1997-02-14,1.0,0.02021719156951673,0.44848056315395896
1997-02-17,1.0,0.026373895008198832,0.5237466084681254
1997-02-18,1.0,0.024576176179515793,0.4867890550659079
1997-02-19,1.0,0.025734086281388405,0.5017065603858919
1997-02-20,1.0,0.02366640953824033,0.4009083106935093
1997-02-21,1.0,0.0313005851518549,0.4879600693171908
1997-02-24,1.0,0.02334954034423183,0.5103948053576511
1997-02-25,1.0,0.013180224451702095,0.500485532318177
1997-02-26,0.0,-0.003676474729308637,0.4958817966403852
1997-02-27,0.0,-0.019682907329391285,0.418598761070132
1997-02-28,0.0,-0.041429782249038954,0.4607219918153743
1997-03-03,0.0,-0.0288818617104752,0.5310334807430154
1997-03-04,0.0,-0.015158184972242143,0.5076617987189174
1997-03-05,0.0,-0.0018433184942891127,0.4917204145831271
1997-03-06,1.0,0.00453322776602808,0.5681168919929905
1997-03-07,1.0,0.010129197097184121,0.5562434079888132
1997-03-10,0.0,-0.010725880447167265,0.5484025601797182
1997-03-11,0.0,-0.010520426858344045,0.530250842750587
1997-03-12,0.0,-0.0008519097490949178,0.5200536614827225
1997-03-13,0.0,-0.006380737706727764,0.5127891761043877
1997-03-14,1.0,0.0017018866680497263,0.5190767579892688
1997-03-17,1.0,0.006449323679907117,0.5128495689001921
1997-03-18,0.0,-0.006739826187059,0.49300226009365083
1997-03-19,0.0,-0.00469852078155415,0.4817034474366702
1997-03-20,0.0,-0.009576289862163948,0.5253648860038396
1997-03-21,0.0,-0.008824423901248747,0.5091144052580575
1997-03-24,1.0,0.0035650661644961446,0.4939528005044982
1997-03-25,1.0,0.01272445504929385,0.49553575418933243
1997-03-26,0.0,-0.0037174764001325316,0.46403137305332215
1997-03-27,1.0,0.0020086089966898806,0.5109070133516802
1997-03-28,0.0,-0.0028632804100151227,0.530058116871774
1997-03-31,0.0,-0.009152073033280026,0.4777238140342841
1997-04-01,0.0,-0.009707428121732834,0.49077545804540035
1997-04-02,0.0,-0.002869030801734932,0.5094993917020002
1997-04-03,0.0,-0.0005734767182260031,0.49936327670056374
1997-04-04,0.0,-0.005174655790017585,0.5081931787542121
1997-04-07,0.0,-0.005185090113127261,0.508064042973776
1997-04-08,0.0,-0.018824766725400736,0.511009341223077
1997-04-09,0.0,-0.018852066436817142,0.5151748304208126
1997-04-10,0.0,-0.017650921218111553,0.5062135855535901
1997-04-11,0.0,-0.015979421938459634,0.4907473125087158
1997-04-14,0.0,-0.009722198032673641,0.5125733218871007
1997-04-15,0.0,-0.002195069294345658,0.47065656482281915
1997-04-16,0.0,-0.0005857373135689972,0.4819596950355077
1997-04-17,0.0,-0.005268561872266052,0.4843910959497815
1997-04-18,1.0,0.0014632721370068714,0.5153940832984324
1997-04-21,0.0,-0.009523183831563718,0.5109535920706211
1997-04-22,0.0,-0.003963307940192829,0.51037552185752
1997-04-23,0.0,-0.005434396865538563,0.5121835516236435
1997-04-24,0.0,-0.0008807986476663819,0.5032532086566962
1997-04-25,0.0,-0.004983886012529533,0.48227400774794477
1997-04-28,1.0,0.00937735809306257,0.5012971934801493
1997-04-29,1.0,0.0014697239565070305,0.5059964607311059
1997-04-30,1.0,0.005727308408347426,0.5003238380655863
1997-05-01,1.0,0.009646377051805335,0.4902321352646904
1997-05-02,1.0,0.022665506083100053,0.5246577737683845
1997-05-05,1.0,0.013903192814653288,0.47683015145564767
1997-05-06,1.0,0.026235289744889256,0.48193706154578797
1997-05-07,1.0,0.017477074935767268,0.5149126842891213
1997-05-08,1.0,0.01099389056571383,0.4841133063075897
1997-05-09,0.0,-0.011559151966186601,0.4780032246511426
1997-05-12,0.0,-0.017994971137928525,0.5485828325223028
1997-05-13,0.0,-0.018335892319221326,0.5003265272852202
1997-05-14,0.0,-0.013093666397535014,0.5174709678034469
1997-05-15,0.0,-0.014199021514662279,0.5206217479916814
1997-05-16,0.0,-0.0042234097584692544,0.5336243546713698
1997-05-19,1.0,0.004529191758841775,0.5204104524017248
1997-05-20,1.0,0.002764643448791087,0.5296891427237044
1997-05-21,1.0,0.0055248759319700275,0.551788575312812
1997-05-22,1.0,0.00900645251303487,0.5573076053412174
1997-05-23,1.0,0.005965823441641082,0.5322372055139682
1997-05-26,1.0,0.004218494873264815,0.5371687208637929
1997-05-27,0.0,-0.00247326815535431,0.4965177876489041
1997-05-28,0.0,-0.010494193378130822,0.4825571455007222
1997-05-29,0.0,-0.006965635478182139,0.4762155038109222
1997-05-30,0.0,-0.0029057117640465635,0.47924419998645423
1997-06-02,0.0,-0.001161946390715972,0.4849666888705127
1997-06-03,1.0,0.0023279510004085573,0.48484216578715345
1997-06-04,1.0,0.007590169266675653,0.47794019699547086
1997-06-05,0.0,-0.005256253888827064,0.44070585887214425
1997-06-06,0.0,-0.007594603466885798,0.45866884566839455
1997-06-09,0.0,-0.004077477616656262,0.47908381236522185
1997-06-10,0.0,-0.006707520044430002,0.4769798498650904
1997-06-11,0.0,-0.013468217050866704,0.4774430760381672
1997-06-12,0.0,-0.002932123490530904,0.47467892612201795
1997-06-13,0.0,-0.009871166709206384,0.48327735823917345
1997-06-16,0.0,-0.008499465000579508,0.466902992237856
1997-06-17,0.0,-0.012365828116179388,0.48737250520782877
1997-06-18,0.0,-0.005616331641544034,0.4605750990161555
1997-06-19,0.0,-0.006776690636429996,0.45994739806955875
1997-06-20,0.0,-0.009371582162695997,0.4544063759414115
1997-06-23,0.0,-0.017218771859608194,0.4413291962676509
1997-06-24,0.0,-0.010123653530800487,0.459407691414858
1997-06-25,0.0,-0.018549522142446033,0.4511632848814558
1997-06-26,0.0,-0.039191149658282784,0.45465379003468037
1997-06-27,0.0,-0.030500809084681335,0.4120352998779164
1997-06-30,0.0,-0.048939898391468145,0.44935550125477614
1997-07-01,0.0,-0.04373785806093242,0.46042236440417716
1997-07-02,0.0,-0.03973420749347243,0.4289312216974099
1997-07-03,0.0,-0.016585670437142434,0.3235161944195164
1997-07-04,0.0,-0.009754664326849408,0.40657332470365465
1997-07-07,1.0,0.006113350805292348,0.30718181372214687
1997-07-08,0.0,-0.00564353277133338,0.37999820266439466
1997-07-09,0.0,-0.0006286343127026149,0.40089095682014897
1997-07-10,1.0,0.011963166058275224,0.4098324388933317
1997-07-11,1.0,0.023374891714711597,0.41589657775004446
1997-07-14,1.0,0.017658451406941326,0.42194303130035826
1997-07-15,1.0,0.022385514267801415,0.4342193768126811
1997-07-16,1.0,0.01544372009784319,0.4029964816053451
1997-07-17,0.0,-0.0011435107020789379,0.34456255828840954
1997-07-18,0.0,-0.009008382165299188,0.3248948145103547
1997-07-21,1.0,0.009109312852501616,0.4439934832743618
1997-07-22,1.0,0.0021498779779335394,0.4071855291934896
1997-07-23,1.0,0.009398420616554678,0.46350611099473144
1997-07-24,1.0,0.003611505167809059,0.3654891408639194
1997-07-25,0.0,-0.0038417258159987575,0.45383956094596106
1997-07-28,0.0,-0.014343314948945888,0.42649860386833194
1997-07-29,0.0,-0.016393809775676497,0.47416586225862856
1997-07-30,0.0,-0.023271295276714135,0.4726370292720701
1997-07-31,0.0,-0.008043353495285148,0.4668045601022327
1997-08-01,1.0,0.007363125765038733,0.4967197559003067
1997-08-04,1.0,0.013795436442515624,0.5162330398289241
1997-08-05,1.0,0.019762878812349824,0.4506281871073596
1997-08-06,1.0,0.025721901496241397,0.4952800943046209
1997-08-07,1.0,0.007735187082984905,0.42599976470331513
1997-08-08,0.0,-0.0033680374765364196,0.371051123502793
1997-08-11,0.0,-0.021542608750786212,0.4385051168479457
1997-08-12,0.0,-0.01168704675525489,0.44802305289516403
1997-08-13,0.0,-0.01665933947104297,0.44258376671679284
1997-08-14,0.0,-0.001758364249263816,0.4249459049697918
1997-08-15,0.0,-0.003995088288502409,0.4182681356149254
1997-08-18,1.0,0.010059668521104476,0.45273545541758414
1997-08-19,1.0,0.008164568191548925,0.47912013028857353
1997-08-20,1.0,0.012366829430700528,0.501931092720856
1997-08-21,1.0,0.00021610607805263183,0.45713921199291496
1997-08-22,0.0,-0.001849283929704332,0.41253032999091543
1997-08-25,0.0,-0.0004620716293225653,0.5000722251303256
1997-08-26,0.0,-0.010487449607688654,0.46609383436154067
1997-08-27,0.0,-0.01065729447398798,0.48759080832970103
1997-08-28,0.0,-0.008058311078670997,0.47546436729313657
1997-08-29,0.0,-0.004948208642753874,0.4880717540660835
1997-09-01,0.0,-0.008043353495285148,0.5126046047516176
1997-09-02,0.0,-0.00310559255815313,0.48675841172428597
1997-09-03,0.0,-0.0017095349567126511,0.5011370046124932
1997-09-04,1.0,0.008983951379257954,0.4894676905665143
1997-09-05,1.0,0.0037134500354967666,0.4865342863695718
1997-09-08,1.0,0.004648288505801939,0.4862412606931274
1997-09-09,0.0,-0.0023355401819282976,0.49210532388347245
1997-09-10,0.0,-0.0037400698108520877,0.48921751760926674
1997-09-11,0.0,-0.011164637601681453,0.414656657159327
1997-09-12,0.0,-0.008997888817223102,0.47897708607927547
1997-09-15,0.0,-0.007759194732207262,0.4739637046256206
1997-09-16,1.0,0.003734250488446763,0.4459770088044401
1997-09-17,1.0,0.009324076875123244,0.4769018550460364
1997-09-18,1.0,0.020068595720875895,0.4804601208732159
1997-09-19,1.0,0.01822162830780685,0.4553658429158179
1997-09-22,1.0,0.02249016542511837,0.47928568665036037
1997-09-23,1.0,0.038091137580224504,0.45261833664871476
1997-09-24,1.0,0.0319661920624925,0.4057848039623594
1997-09-25,1.0,0.01305818737165281,0.34480039171765103
1997-09-26,1.0,0.02448731785172797,0.4024104778463946
1997-09-29,1.0,0.01301471154752464,0.3641208870352772
1997-09-30,0.0,-0.00901042287701644,0.3175405017654161
1997-10-01,0.0,-0.0014992506556412608,0.3649422311912097
1997-10-02,0.0,-0.011225846043591265,0.43241514727588976
1997-10-03,0.0,-0.015651184796750667,0.36500501048923883
1997-10-06,0.0,-0.0124056053919483,0.4357624209531985
1997-10-07,0.0,-0.01061581094765601,0.45949734904706424
1997-10-08,0.0,-0.023991433117824854,0.4152727792718739
1997-10-09,0.0,-0.005813969865419734,0.36092291511981356
1997-10-10,0.0,-0.013437368166693968,0.4340192823698375
1997-10-13,0.0,-0.014721934346962782,0.4505580096692423
1997-10-14,0.0,-0.016138058681828313,0.4624887070476378
1997-10-15,0.0,-0.008953440484606844,0.4584977850783957
1997-10-16,0.0,-0.006774467786870288,0.43033763913815637
1997-10-17,0.0,-0.05125284049486924,0.4274548189129398
1997-10-20,0.0,-0.039451853721766635,0.45548818265725843
1997-10-21,0.0,-0.0198739034650227,0.44637703630772607
1997-10-22,0.0,-0.027032920692845575,0.4349942729247143
1997-10-23,0.0,-0.0231296449497891,0.4161106140270998
1997-10-24,1.0,0.007897534802409059,0.21723979730910767
1997-10-27,1.0,0.0077480057192772294,0.3177912203060148
1997-10-28,0.0,-0.007615458032774933,0.2705778026120443
1997-10-29,0.0,-0.0009563277745109755,0.35078763802499763
1997-10-30,0.0,-0.012088583666639318,0.31854511974284827
1997-10-31,0.0,-0.0038603876154378693,0.28659413790469795
1997-11-03,0.0,-0.011386539509837892,0.32930338442465773
1997-11-04,0.0,-0.01492205786909444,0.339715164508038
1997-11-05,0.0,-0.020297088542885616,0.3903678844974062
1997-11-06,0.0,-0.014344673401516154,0.3987070953315949
1997-11-07,0.0,-0.02249116969640963,0.3420186312599084
1997-11-10,0.0,-0.020038138897827643,0.3957492216597618
1997-11-11,0.0,-0.009909917832087252,0.3588221929167671
1997-11-12,0.0,-0.010798534251412705,0.3978925182404833
1997-11-13,0.0,-0.01620197457628037,0.4202479721286381
1997-11-14,1.0,0.005260574354158431,0.3033170617070264
1997-11-17,0.0,-0.0032965251544080456,0.40935551883753485
1997-11-18,0.0,-0.023456642022896063,0.3814064147663205
1997-11-19,0.0,-0.024647375909995824,0.4183681969908006
1997-11-20,0.0,-0.022694115947953102,0.4507163085717999
1997-11-21,0.0,-0.02641568993976566,0.40537553991708986
1997-11-24,0.0,-0.0315303664226128,0.4081247427406487
1997-11-25,0.0,-0.018897137325845758,0.4054606663579266
1997-11-26,0.0,-0.014948469284289717,0.390134291937987
1997-11-27,0.0,-0.035386722088015805,0.4322377773074508
1997-11-28,0.0,-0.02990397965353116,0.4434655792934929
1997-12-01,0.0,-0.020310508844580223,0.4274195541979036
1997-12-02,0.0,-0.03748486751396509,0.4163443722816594
1997-12-03,0.0,-0.017785153240824872,0.4005337086357703
1997-12-04,0.0,-0.00701880403788363,0.4082317038056763
1997-12-05,0.0,-0.018911437360003672,0.41579427337280034
1997-12-08,0.0,-0.01330318936415078,0.4642951128437269
1997-12-09,1.0,0.007750611284778651,0.41457871733808377
1997-12-10,1.0,0.003998962123054083,0.34955636216600927
1997-12-11,1.0,0.010684049436179505,0.42486381259483164
1997-12-12,1.0,0.021682961739320265,0.46824644925852316
1997-12-15,1.0,0.027460884404034193,0.43309341292055253
1997-12-16,1.0,0.03143609462495641,0.42508864033542876
1997-12-17,1.0,0.028397392270701385,0.3684830678059993
1997-12-18,1.0,0.03172147668971974,0.42190344761530274
1997-12-19,1.0,0.01918852775543723,0.4187534581351861
1997-12-22,0.0,-0.003090661800872769,0.45373809192062686
1997-12-23,0.0,-0.01266272908790607,0.4271679963146557
1997-12-24,0.0,-0.025278886624891545,0.46523158021018995
1997-12-25,0.0,-0.02564243061333767,0.5369904090274596
1997-12-26,0.0,-0.021960052134753848,0.5154321566907651
1997-12-29,0.0,-0.031088776871189765,0.4864380281315085
1997-12-30,0.0,-0.0332663728396172,0.5225748726882988
1997-12-31,0.0,-0.020269783620369384,0.49972644461231713
1998-01-01,0.0,-0.02702867238791926,0.5110168108479262
1998-01-02,0.0,-0.03387164513362318,0.5334135849719202
1998-01-05,0.0,-0.013214478006281984,0.44734063854091227
1998-01-06,1.0,0.00815607358137204,0.4776707376717817
1998-01-07,0.0,-0.006375087998080143,0.4490569571175908
1998-01-08,1.0,0.020775395106287578,0.4430712611039142
1998-01-09,1.0,0.040441516621071996,0.4767881929986781
1998-01-12,1.0,0.03288839554799767,0.5007637325218361
1998-01-13,1.0,0.02889167193174484,0.3319260359559929
1998-01-14,1.0,0.03970572062575574,0.4220988786153863
1998-01-15,1.0,0.013155806844402344,0.3368646601510657
1998-01-16,1.0,0.032150349504770234,0.33724181637628786
1998-01-19,1.0,0.034365292916384585,0.40724756172811566
1998-01-20,1.0,0.031078332994018847,0.3507081048363882
1998-01-21,1.0,0.041896370219574174,0.41416343625265195
1998-01-22,1.0,0.03922071315328133,0.42896189207575675
1998-01-23,1.0,0.009367594411535854,0.23213336377266872
1998-01-26,1.0,0.018318580523684628,0.33228917945784164
1998-01-27,0.0,-0.017785703732333326,0.41948482637097656
1998-01-28,0.0,-0.020778937119463218,0.28556585589478056
1998-01-29,0.0,-0.012412185373740212,0.42897799906837164
1998-01-30,0.0,-0.014319258983808418,0.4166417647062468
1998-02-02,0.0,-0.011284553866304664,0.45868090594628436
1998-02-03,1.0,0.017120257026692644,0.42493664115156643
1998-02-04,1.0,0.004669788339359957,0.4232359335304211
1998-02-05,0.0,-0.00016743407322487657,0.3698446259121538
1998-02-06,1.0,0.005685634045404082,0.4327371598132003
1998-02-09,0.0,-0.004180957674973511,0.4289153930221026
1998-02-10,0.0,-0.010035207146022235,0.4173845634512479
1998-02-11,0.0,-0.008857749900565792,0.4218464445671784
1998-02-12,1.0,0.0008368901651732227,0.4206972694801974
1998-02-13,0.0,-0.008708814043627638,0.4232798014021942
1998-02-16,0.0,-0.015538228509722312,0.445516767047615
1998-02-17,0.0,-0.020206137843367618,0.41028114597964904
1998-02-18,0.0,-0.02035003242489642,0.42792217785586223
1998-02-19,0.0,-0.014493007302566864,0.42488917685566746
1998-02-20,1.0,0.006371584265149438,0.43004501163404063
1998-02-23,1.0,0.01938535209713537,0.3864591018156684
1998-02-24,1.0,0.02154999828414952,0.41904220938072856
1998-02-25,1.0,0.014119482674260357,0.4097546412118528
1998-02-26,0.0,-0.003911902258815102,0.3734932914412241
1998-02-27,0.0,-0.01583591044546103,0.2915180812079843
1998-03-02,0.0,-0.017005208164924276,0.3882917690761031
1998-03-03,0.0,-0.0062305497506361975,0.3760412539352916
1998-03-04,0.0,-0.005250244933480682,0.38019652240326146
1998-03-05,1.0,0.003911902258815067,0.3880864925206776
1998-03-06,1.0,0.003051884362664491,0.3944434790008855
1998-03-09,0.0,-0.0003396739163092874,0.4312989341203155
1998-03-10,0.0,-0.013605652055778598,0.3982186211486932
1998-03-11,0.0,-0.010412315629475357,0.4129385175506039
1998-03-12,0.0,-0.011266763087786114,0.4173090518070829
1998-03-13,0.0,-0.012263822586578982,0.40578784850125327
1998-03-16,1.0,0.011484672761138978,0.4245720285147169
1998-03-17,1.0,0.024525542169800744,0.39413839775862436
1998-03-18,1.0,0.02691656361025684,0.33525845370886187
1998-03-19,1.0,0.033758479924954454,0.38796828224487967
1998-03-20,1.0,0.0353572183282366,0.41662612221763046
1998-03-23,1.0,0.012184077956985569,0.26323784268064565
1998-03-24,1.0,0.005664793555697221,0.3433074005712298
1998-03-25,0.0,0.0,0.3794737098031986
1998-03-26,1.0,0.0033140046900372914,0.3615366664987465
1998-03-27,1.0,0.019656652549551592,0.3649283048920038
1998-03-30,1.0,0.025064789912887415,0.4240742080164085
1998-03-31,1.0,0.028013954130871096,0.4001389131770099
1998-04-01,1.0,0.03318307081400942,0.40381449997579416
1998-04-02,1.0,0.020305266160745523,0.35754660077599565
1998-04-03,0.0,-0.0016233769798907488,0.30614752326002154
1998-04-06,1.0,0.006772034909944465,0.3176977330771048
1998-04-07,0.0,-0.004046950080197162,0.3950748190937593
1998-04-08,0.0,-0.00713477973922632,0.40452478490811294
1998-04-09,0.0,-0.0009730782473954826,0.4017356976049451
1998-04-10,0.0,0.0,0.4689128322379325
1998-04-13,0.0,-0.010337678882174614,0.43622918669975325
1998-04-14,1.0,0.00807758834636673,0.4505691892206691
1998-04-15,1.0,0.019659028224540433,0.43228764861984276
1998-04-16,1.0,0.018965531492137745,0.40979256758297167
1998-04-17,1.0,0.01579658894874399,0.45149214305013263
1998-04-20,1.0,0.005505195251017606,0.43193078295513765
1998-04-21,0.0,-0.009051298257768306,0.321218096121935
1998-04-22,0.0,-0.009942352585967984,0.3633079073336173
1998-04-23,0.0,-0.023845176828397086,0.3931806494877042
1998-04-24,0.0,-0.03382986451840476,0.42586214609457046
1998-04-27,0.0,-0.01726427244413634,0.41411847858507295
1998-04-28,0.0,-0.01505017774474531,0.40753697456520127
1998-04-29,0.0,-0.031099069229928344,0.36712812290687324
1998-04-30,0.0,-0.02626730684992857,0.38312319282525026
1998-05-01,0.0,-0.007972139880383167,0.3905745755334837
1998-05-04,0.0,-0.013229893643762966,0.38366039038760136
1998-05-05,0.0,-0.01779376788290252,0.4218073859931454
1998-05-06,0.0,-0.007676940240129464,0.4087068247908714
1998-05-07,1.0,0.0011710582685020327,0.3999722413152507
1998-05-08,1.0,0.004658135190345808,0.38610105023073193
1998-05-11,0.0,-0.00266711276623659,0.38919712585971783
1998-05-12,1.0,0.0015089281092544166,0.4266824440840234
1998-05-13,1.0,0.0035120029408451194,0.3755959096662837
1998-05-14,1.0,0.0079933814448484,0.37504843100643126
1998-05-15,0.0,-0.004658135190345951,0.34490441245647296
1998-05-18,1.0,0.0006674453776896089,0.42115905800816206
1998-05-19,0.0,-0.00976438734428034,0.42794265024300715
1998-05-20,0.0,-0.01904498449684449,0.39883959725633655
1998-05-21,0.0,-0.02791974152519052,0.4095024662088308
1998-05-22,0.0,-0.023280403623721278,0.4478490992091262
1998-05-25,0.0,-0.038427033204725285,0.4522354446059294
1998-05-26,0.0,-0.014999428987249699,0.42322122808907575
1998-05-27,0.0,-0.0023850096484355327,0.4092850783706018
1998-05-28,1.0,0.001874414794350352,0.46167521823119473
1998-05-29,0.0,-0.0044474927911510006,0.43580254905706667
1998-06-01,1.0,0.029042013758970864,0.4261147205331209
1998-06-02,1.0,0.008549983685399427,0.3685909022100969
1998-06-03,1.0,0.00034106412336090393,0.3847920228117715
1998-06-04,0.0,-0.022902421590928465,0.4288081072923166
1998-06-05,0.0,-0.019562642379793993,0.4287827218908847
1998-06-08,0.0,-0.041601048535464535,0.3040081801259526
1998-06-09,0.0,-0.01717370046158591,0.3861469669008061
1998-06-10,1.0,0.0006817794707586904,0.3830828405719097
1998-06-11,1.0,0.02136907091993902,0.4113146510879964
1998-06-12,1.0,0.043615292425867834,0.4216252229182124
1998-06-15,1.0,0.03755177693209145,0.47519170206792494
1998-06-16,1.0,0.021929951996235212,0.4111059265431878
1998-06-17,0.0,-0.0020467344685521495,0.3808485944636936
1998-06-18,1.0,0.002214085891286856,0.4204885422150963
1998-06-19,0.0,-0.01653767018706092,0.33260172351158784
1998-06-22,0.0,-0.007125920889967773,0.46023587154887335
1998-06-23,1.0,0.006418940958691263,0.47216575555199247
1998-06-24,1.0,0.012218037617585263,0.4920808188478728
1998-06-25,0.0,-0.00017014036621206753,0.46816248087226425
1998-06-26,1.0,0.0030581063588208724,0.5098001137066454
1998-06-29,0.0,-0.0013630944349435966,0.502398820262917
1998-06-30,0.0,-0.00675792401278494,0.4301922545911459
1998-07-01,0.0,-0.010853082619791806,0.4673450511034313
1998-07-02,0.0,-0.005973223664964214,0.4862857879232928
1998-07-03,0.0,-0.0133198690607097,0.48700011713636154
1998-07-06,0.0,-0.005471034333938325,0.4872933959281876
1998-07-07,0.0,-0.006121427038860211,0.47203436639830554
1998-07-08,1.0,0.001703577924783829,0.48427781661620944
1998-07-09,1.0,0.003929278139889557,0.47823968675296435
1998-07-10,1.0,0.012471332734870735,0.49476495493269446
1998-07-13,1.0,0.014973905778138627,0.4474051501763489
1998-07-14,1.0,0.00612142703886024,0.4637713959094447
1998-07-15,1.0,0.0013607758520961992,0.4813359232415251
1998-07-16,0.0,-0.0003410641233608774,0.46542209278832275
1998-07-17,0.0,-0.010410538600082677,0.45463819046413434
1998-07-20,0.0,-0.01944126715972617,0.4574446630959116
1998-07-21,0.0,-0.01090857928241883,0.49696210956263
1998-07-22,0.0,-0.014036519398391482,0.4829999641082414
1998-07-23,0.0,-0.012529126397174113,0.45316237295464445
1998-07-24,0.0,-0.017304463636971926,0.41955184086801645
1998-07-27,0.0,-0.02581688822952618,0.4605011662909885
1998-07-28,0.0,-0.011722251105243687,0.4226647622906967
1998-07-29,0.0,-0.0072664679593920315,0.42745813830601675
1998-07-30,0.0,-0.0074543120592993,0.4301641128347766
1998-07-31,1.0,0.0006979584998049745,0.40777638550401213
1998-08-03,1.0,0.015778728480767067,0.4060302052212599
1998-08-04,0.0,-0.015376853737980232,0.3375319053726416
1998-08-05,0.0,-0.018223738956451498,0.42244955833661196
1998-08-06,0.0,-0.006984487971033455,0.44280190183807927
1998-08-07,0.0,-0.009111680351255778,0.4289077172560558
1998-08-10,0.0,-0.008384328591708982,0.40065341349245226
1998-08-11,1.0,0.0035155599575671177,0.4329329741479967
1998-08-12,1.0,0.0021197676193984525,0.4232280113086951
1998-08-13,0.0,-0.0007011393801694205,0.4102271099830688
1998-08-14,1.0,0.002636900534684876,0.45951001316097634
1998-08-17,0.0,-0.0014042480805001585,0.4236079687607769
1998-08-18,0.0,-0.006690165798339579,0.44371273531890526
1998-08-19,0.0,-0.0038896795858569338,0.416652805063184
1998-08-20,0.0,-0.030623721161860754,0.4190673863688432
1998-08-21,0.0,-0.03738251603283622,0.4462900167811134
1998-08-24,0.0,-0.03249125506784647,0.4675957325578307
1998-08-25,0.0,-0.01494955764710612,0.4554423748048332
1998-08-26,0.0,-0.007468029018477924,0.420070743402969
1998-08-27,1.0,0.029922089840321367,0.39018203597968554
1998-08-28,1.0,0.04455476754289571,0.35150215301913695
1998-08-31,1.0,0.045752660373654025,0.3998499097791578
1998-09-01,1.0,0.02549261787897508,0.3941600058039028
1998-09-02,1.0,0.014528958619352068,0.40600834232752386
1998-09-03,1.0,0.019117718157532902,0.2759838135227437
1998-09-04,1.0,0.0237696344104886,0.3625561255612376
1998-09-07,1.0,0.006565331115160597,0.3799781967797868
1998-09-08,1.0,0.013541873607911857,0.40379648455303846
1998-09-09,1.0,0.012585378491173277,0.39237387345469626
1998-09-10,1.0,0.0034370200530173417,0.29959741569660714
1998-09-11,0.0,-0.007860600966809975,0.3334718031199887
1998-09-14,0.0,-0.004833429054271983,0.41226872809378523
1998-09-15,0.0,-0.007268983200630829,0.4005331231479241
1998-09-16,1.0,0.00657897109804234,0.4269934104363845
1998-09-17,1.0,0.009221376818906158,0.37153566265852717
1998-09-18,1.0,0.009221376818906158,0.4300900859919451
1998-09-21,1.0,0.023598906358916188,0.39417325568139006
1998-09-22,1.0,0.023348700162103567,0.43937612226321376
1998-09-23,1.0,0.02454529224200815,0.4055786653531232
1998-09-24,1.0,0.019192508304053887,0.3556209411061352
1998-09-25,1.0,0.021524288174706235,0.3699290655153043
1998-09-28,1.0,0.002700423581949123,0.38285955714495523
1998-09-29,1.0,0.005415481165418731,0.39710345791872154
1998-09-30,1.0,0.015372065435126585,0.3868397702591378
1998-10-01,0.0,-0.0010010010845848878,0.40299071100196093
1998-10-02,0.0,-0.012724095995393656,0.42800780021597024
1998-10-05,0.0,-0.0013493002553112863,0.4543221697290651
1998-10-06,1.0,0.0010121458353948057,0.44509183617903697
1998-10-07,0.0,-0.01840748091921071,0.41316318028637516
1998-10-08,0.0,-0.0028416233078698617,0.4411214370391451
1998-10-09,1.0,0.010725760609324687,0.4367626054406791
1998-10-12,0.0,-0.0003376097263668862,0.46623569532048925
1998-10-13,0.0,-0.0010121458353947402,0.4875057598320847
1998-10-14,0.0,-0.0027059039003134635,0.5003840161510155
1998-10-15,0.0,-0.020804132987818892,0.45403670871719654
1998-10-16,0.0,-0.023955261563310657,0.4592292515431824
1998-10-19,0.0,-0.013427583406374996,0.4793954060736935
1998-10-20,0.0,-0.008815110480812582,0.4797750954261851
1998-10-21,0.0,-0.007308607360624825,0.4801455098542384
1998-10-22,1.0,0.003752989734283232,0.46275637410132947
1998-10-23,0.0,-0.0010249403015462346,0.48070196003670485
1998-10-26,0.0,-0.007557576336079304,0.4612333967234653
1998-10-27,0.0,-0.014406011443514851,0.46029908327609365
1998-10-28,0.0,-0.008050056318073021,0.4593651266383566
1998-10-29,0.0,0.0,0.4457991798124685
1998-10-30,1.0,0.00221937777825123,0.4469768809737578
1998-11-02,1.0,0.009438079497306948,0.4327427463329604
1998-11-03,1.0,0.01304291700857136,0.4391823902912057
1998-11-04,1.0,0.008902643973095073,0.4196003253443913
1998-11-05,1.0,0.011175192493340681,0.40161639905247687
1998-11-06,1.0,0.008997599110206863,0.45032614369392776
1998-11-09,1.0,0.0064692088060954835,0.46871116357802456
1998-11-10,1.0,0.0028943580263645565,0.43538174581455463
1998-11-11,1.0,0.012803318101271935,0.45525417392548684
1998-11-12,0.0,-0.004049271603373035,0.4176653475435724
1998-11-13,1.0,0.00067578985508198,0.47763071102667015
1998-11-16,1.0,0.006259007153857901,0.4886694896939097
1998-11-17,1.0,0.007115056273749026,0.4834401372307351
1998-11-18,0.0,-0.0017853237693091206,0.43731588086923534
1998-11-19,1.0,0.002701335426239458,0.4856867625902015
1998-11-20,1.0,0.0005065428559131345,0.48089021615925004
1998-11-23,0.0,-0.011192248425283765,0.4882663311910154
1998-11-24,0.0,-0.00830583637532963,0.4834594833060909
1998-11-25,0.0,-0.011529459691335385,0.49732416010367647
1998-11-26,0.0,-0.01477733896813656,0.506406343269878
1998-11-27,0.0,-0.012741189944663668,0.4951275183120086
1998-11-30,1.0,0.005747435433851727,0.49041829952669275
1998-12-01,0.0,-0.00017022725379440317,0.48419151022560014
1998-12-02,1.0,0.0015336119560319644,0.5081778874992615
1998-12-03,1.0,0.0073310361576714445,0.5094885808303496
1998-12-04,0.0,-0.0054860415322641925,0.5033690245435082
1998-12-07,0.0,-0.012077111857264762,0.425230675791988
1998-12-08,0.0,-0.0028983056687830328,0.4877805525928358
1998-12-09,1.0,0.007125920889967664,0.4816064857221059
1998-12-10,0.0,-0.008872264307605113,0.475486635809427
1998-12-11,0.0,-0.006207986828285439,0.44954306980700676
1998-12-14,0.0,-0.008271630825296347,0.4903321072117956
1998-12-15,0.0,-0.015832373386622956,0.4943609045203828
1998-12-16,0.0,-0.030206518304124668,0.4697779700337374
1998-12-17,0.0,-0.019031716298215963,0.4991278963426312
1998-12-18,0.0,-0.008337724174093515,0.4968651672616224
1998-12-21,0.0,-0.009562795641436446,0.514575525861911
1998-12-22,0.0,-0.004171742535522511,0.5102288476593211
1998-12-23,1.0,0.004520174594796826,0.5139038991373275
1998-12-24,1.0,0.005226492733542589,0.4962711951859669
1998-12-28,1.0,0.003656311203110479,0.4932574246807294
1998-12-29,1.0,0.0026171174320209468,0.49543461763744717
1998-12-30,1.0,0.004345188030710793,0.48585762770956015
1998-12-31,1.0,0.010697134439914787,0.4942185766097131
1999-01-01,1.0,0.012433245987091304,0.5249864828606513
1999-01-04,1.0,0.017912983276185544,0.49388225254464346
1999-01-05,1.0,0.0055603966026038796,0.5042800778272388
1999-01-06,0.0,-0.005390848634876423,0.49356581370465524
1999-01-07,0.0,-0.016612252591336765,0.45647298785876156
1999-01-08,0.0,-0.014868876975437404,0.5107986268980221
1999-01-11,0.0,-0.020523269279316234,0.4599276661864179
1999-01-12,0.0,-0.005908950109095349,0.48429161151738065
1999-01-13,1.0,0.002090228944270605,0.5048399338783989
1999-01-14,1.0,0.0038314223115558676,0.5292855129395837
1999-01-15,0.0,-0.002092415759059115,0.5245494774672422
1999-01-18,1.0,0.0031315265674471317,0.5518125299161494
1999-01-19,0.0,-0.0024432821927689564,0.5238410982878359
1999-01-20,0.0,-0.015254087310512969,0.5106364340626345
1999-01-21,0.0,-0.011890330678656946,0.513971691698218
1999-01-22,0.0,-0.0010478519994756073,0.5299671834281163
1999-01-25,1.0,0.0034680111054558927,0.5037120651374043
1999-01-26,1.0,0.008005611847787267,0.526442722520452
1999-01-27,1.0,0.015949860516525506,0.479840786603818
1999-01-28,1.0,0.018128437894368066,0.45942935683123853
1999-01-29,1.0,0.008352232301864243,0.46624407131710366
1999-02-01,1.0,0.001038062376952491,0.4692713513722475
1999-02-02,0.0,-0.0036467870579739077,0.49076144399542526
1999-02-03,0.0,-0.00104384143089822,0.4702480178364335
1999-02-04,0.0,-0.006064299967511365,0.4436163699559877
1999-02-05,1.0,0.0034596125148234607,0.49343880049608224
1999-02-08,1.0,0.0012097124088227282,0.5030134898356096
1999-02-09,0.0,-0.00821037016733354,0.5075057264482676
1999-02-10,0.0,-0.007688313251274147,0.503280296660832
1999-02-11,0.0,-0.0052274034351516875,0.5028411166636708
1999-02-12,0.0,-0.004499834522630428,0.46693309731582133
1999-02-15,0.0,-0.008498880399404066,0.509993655072479
1999-02-16,1.0,0.008384328591708987,0.49792789710937463
1999-02-17,1.0,0.009601190975676677,0.5038196845267184
1999-02-18,1.0,0.005748643999468092,0.5037659724347546
1999-02-19,0.0,-0.004171742535522511,0.47939800546984107
1999-02-22,0.0,-0.002266981527155376,0.5141121421085674
1999-02-23,0.0,-0.002438176059819782,0.48623341414838994
1999-02-24,0.0,-0.004352753455520954,0.47151771416387295
1999-02-25,1.0,0.001041666760856482,0.4908707317902037
1999-02-26,1.0,0.004865344089252612,0.48718791970453085
1999-03-01,1.0,0.01799356504801269,0.49288506211484495
1999-03-02,1.0,0.01762921564031996,0.47532042287652754
1999-03-03,1.0,0.02140596148008029,0.5040231785867509
1999-03-04,1.0,0.02162803150790455,0.47866933054731964
1999-03-05,1.0,0.013429953918781223,0.5020420818690483
1999-03-08,0.0,-0.01624927714718414,0.4594193363137574
1999-03-09,0.0,-0.029204230879487415,0.493226639942614
1999-03-10,0.0,-0.03052083615438518,0.4921717957774819
1999-03-11,0.0,-0.0398390058020469,0.475218137951319
1999-03-12,0.0,-0.02809758199103415,0.4701954610730952
1999-03-15,0.0,-0.00787336759022818,0.4831153749582595
1999-03-16,1.0,0.003873244278820257,0.49322657388618873
1999-03-17,0.0,-0.0005284015974992102,0.5143616995231465
1999-03-18,1.0,0.0012362032479380151,0.5244870865813597
1999-03-19,0.0,-0.015957785438610806,0.5162071450394415
1999-03-22,0.0,-0.01522153282740921,0.513437775917231
1999-03-23,0.0,-0.01880154709982288,0.4770678855807349
1999-03-24,0.0,-0.013301606070100955,0.5112958601548087
1999-03-25,0.0,-0.010110950882125021,0.4981993741938952
1999-03-26,1.0,0.00035739814533403114,0.4640187280284048
1999-03-29,0.0,-0.006800312534004081,0.4911503202713735
1999-03-30,1.0,0.002503577845592272,0.5041182067413449
1999-03-31,1.0,0.0017838035411396537,0.467521398711536
1999-04-01,1.0,0.0007128854338623485,0.4943636289397418
1999-04-02,1.0,0.006056306363258869,0.5099535024117261
1999-04-05,1.0,0.015678211753487287,0.47666821822596533
1999-04-06,1.0,0.01207186682072605,0.44379601457749435
1999-04-07,1.0,0.0032028497130546104,0.4659470178328353
1999-04-08,1.0,0.011865896772997717,0.455481287483368
1999-04-09,1.0,0.009544080930017863,0.45440549694092264
1999-04-12,1.0,0.00704600413723986,0.46076443772006265
1999-04-13,1.0,0.003874608581028007,0.4831726599946375
1999-04-14,1.0,0.00849111770669971,0.48216716906443946
1999-04-15,0.0,-0.0015857637011689406,0.4689723484862653
1999-04-16,0.0,-0.0024656581706083746,0.5069667883713626
1999-04-19,0.0,-0.012718772407774784,0.4975069615561887
1999-04-20,0.0,-0.008650420258542813,0.5279542443307405
1999-04-21,0.0,-0.0031757260282025634,0.5006854676845877
1999-04-22,1.0,0.008778146254500659,0.5266618179357851
1999-04-23,1.0,0.010524566537709522,0.5247884338929009
1999-04-26,1.0,0.017970885321236425,0.5166849493852864
1999-04-27,1.0,0.012334958157951366,0.5056298117665456
1999-04-28,1.0,0.01508271314033219,0.5097207375728909
1999-04-29,1.0,0.01216137295726097,0.4742363114456579
1999-04-30,0.0,-0.01334992600151671,0.5139099720531288
1999-05-03,0.0,-0.026899516065537903,0.5273036829782934
1999-05-04,0.0,-0.025722038940410672,0.5203893158214774
1999-05-05,0.0,-0.03507267022762149,0.4929542897893693
1999-05-06,0.0,-0.04160656515205942,0.5015081836198098
1999-05-07,0.0,-0.024343425110719536,0.45662377992352243
1999-05-10,0.0,-0.015364061824743192,0.5205766167282234
1999-05-11,0.0,-0.015574382171229572,0.5022986051863481
1999-05-12,0.0,-0.015991618273477053,0.5057492724603164
1999-05-13,0.0,-0.01195233352384117,0.5151945697768409
1999-05-14,0.0,-0.010931061657743688,0.4863881674453322
1999-05-17,0.0,-0.006762339577514836,0.4660704107034035
1999-05-18,0.0,-0.01248868389568039,0.46721615423356455
1999-05-19,0.0,-0.01364831219126863,0.4728655009925243
1999-05-20,0.0,-0.014496996709361987,0.4604946257679352
1999-05-21,0.0,-0.009201389910330643,0.4690978428932499
1999-05-24,0.0,-0.00847150554405659,0.4795935017024811
1999-05-25,0.0,-0.01077676724935411,0.4612096538632141
1999-05-26,0.0,-0.014402194138390945,0.4733302662296293
1999-05-27,0.0,-0.016587837244157848,0.4432928890326985
1999-05-28,0.0,-0.021112414254582768,0.45183147500568244
1999-05-31,0.0,-0.0179142689596057,0.4864389093429006
1999-06-01,0.0,-0.02076329782084854,0.451299091886019
1999-06-02,0.0,-0.023059621100697803,0.4748734807603443
1999-06-03,0.0,-0.028982009400330116,0.4400456918783139
1999-06-04,0.0,-0.01579631284873833,0.4768800735421639
1999-06-07,0.0,-0.01862463565429333,0.4515198160400503
1999-06-08,0.0,-0.01150981438282626,0.45779037498069786
1999-06-09,0.0,-0.0032828068489254244,0.44279086522518724
1999-06-10,0.0,0.0,0.4505681068575586
1999-06-11,0.0,-0.004229148940876789,0.43306970938769995
1999-06-14,0.0,-0.00692976786620442,0.4486093605604989
1999-06-15,0.0,-0.0023179457934849644,0.49268450495284394
1999-06-16,1.0,0.008282817265630994,0.48527189131512904
1999-06-17,1.0,0.008859842238833607,0.480608000592736
1999-06-18,1.0,0.0026933452218400834,0.41816896262440495
1999-06-21,1.0,0.007313350532971425,0.48544413381184437
1999-06-22,1.0,0.008472995038651298,0.49168196116955915
1999-06-23,1.0,0.0070725708175635865,0.4485886657699069
1999-06-24,1.0,0.010111695428298815,0.49300055330153897
1999-06-25,1.0,0.012410660486338676,0.4887192123675683
1999-06-28,1.0,0.005736153395524815,0.48568047494212413
1999-06-29,0.0,-0.015069836967604902,0.49053972659214046
1999-06-30,0.0,-0.02059150981075335,0.4882741664908804
1999-07-01,0.0,-0.02654512469835636,0.518440441727808
1999-07-02,0.0,-0.025171854543178454,0.533552177854814
1999-07-05,0.0,-0.025488925750398315,0.531603822485766
1999-07-06,0.0,-0.003900921662176117,0.4903558308605412
1999-07-07,0.0,-0.012128474181184198,0.5031774288718786
1999-07-08,0.0,-0.009400774284705891,0.533682530625201
1999-07-09,0.0,-0.0121379720448352,0.5076343667344136
1999-07-12,0.0,-0.00943217839721551,0.5326525754015857
1999-07-13,0.0,-0.009819403329182056,0.48484577193550354
1999-07-14,1.0,0.00490822620769722,0.5131060066357924
1999-07-15,1.0,0.005298805450688544,0.4987239353127487
1999-07-16,1.0,0.0031465119372102285,0.48548429183395564
1999-07-19,1.0,0.0029571238897438627,0.5133167377628901
1999-07-20,1.0,0.0035461030067504905,0.5126701819743968
1999-07-21,0.0,-0.0045146803545266945,0.44465970308917246
1999-07-22,1.0,0.005076153031860568,0.475901658294848
1999-07-23,1.0,0.0050920595729786414,0.5148533369372504
1999-07-26,1.0,0.004517340491443914,0.5059033283241795
1999-07-27,1.0,0.007835495523948638,0.49784760900568187
1999-07-28,1.0,0.007838566492299762,0.5108982008345282
1999-07-29,0.0,-0.003902443976931701,0.4574405333526718
1999-07-30,1.0,0.0007810974816189247,0.5048179462878447
1999-08-02,1.0,0.00819676720417849,0.48847100945608013
1999-08-03,1.0,0.005060345558976299,0.46748030605930824
1999-08-04,1.0,0.010871782484689138,0.46636547742660756
1999-08-05,1.0,0.01936168904914595,0.49881063483243226
1999-08-06,1.0,0.017415300828903593,0.4869439297143679
1999-08-09,1.0,0.010825545504922545,0.48165427327601534
1999-08-10,1.0,0.01522040749338337,0.5037330602066873
1999-08-11,1.0,0.002699577420427388,0.4605418339762464
1999-08-12,0.0,-0.008666399932398025,0.46370490114233837
1999-08-13,0.0,-0.01254721605208864,0.4977735087436091
1999-08-16,0.0,-0.022555885290412234,0.47998665721476697
1999-08-17,0.0,-0.03205714037618489,0.4497622751305535
1999-08-18,0.0,-0.027725321376266272,0.4799190936796786
1999-08-19,0.0,-0.022494836047903023,0.495243240106754
1999-08-20,0.0,-0.014281764806029098,0.50502041843793
1999-08-23,0.0,-0.0011806376814154024,0.5035946340430791
1999-08-24,1.0,0.009549519449117132,0.5055760723169774
1999-08-25,1.0,0.005134292479341683,0.49617079279008336
1999-08-26,1.0,0.010625837876226063,0.4732743304864326
1999-08-27,1.0,0.0019685045726721534,0.4548157446617211
1999-08-30,1.0,0.0029489847381573005,0.4651061441519184
1999-08-31,1.0,0.0006646726731909598,0.4151749075587444
1999-09-01,1.0,0.009019668991807952,0.4468812501559465
1999-09-02,1.0,0.007021678937352089,0.41672060999480853
1999-09-03,1.0,0.00900554245930448,0.45313906035914375
1999-09-06,1.0,0.006847331849866108,0.45833473480707254
1999-09-07,1.0,0.005457039463058117,0.4327474597145523
1999-09-08,1.0,0.0015603670027625998,0.43783488477566385
1999-09-09,0.0,-0.0035046764844493625,0.4225844487814268
1999-09-10,0.0,-0.005080120343198876,0.4428497369170311
1999-09-13,0.0,-0.005670168676851268,0.4482772920008689
1999-09-14,1.0,0.013705455338339053,0.4370915117479832
1999-09-15,1.0,0.03070669196216703,0.45120330654108426
1999-09-16,1.0,0.037892018793925085,0.4581304745842229
1999-09-17,1.0,0.051538122397097534,0.461464267613518
1999-09-20,1.0,0.10337030120011909,0.4626914129053279
1999-09-21,1.0,0.16958744684524757,0.29551070232948795
1999-09-22,1.0,0.13156859062750012,0.32877294792704276
1999-09-23,1.0,0.11517138622208554,0.35564554057718356
1999-09-24,1.0,0.13955969745587288,0.33277608497482414
1999-09-27,1.0,0.11537141939393393,0.11078390175393364
1999-09-28,1.0,0.05202118475087845,0.018936250287771964
1999-09-29,1.0,0.07268667616650389,0.174125988851091
1999-09-30,1.0,0.0774258331500734,0.19753681336962192
1999-10-01,1.0,0.035448359067065664,0.17049833006290488
1999-10-04,1.0,0.002046117027697625,0.19070227218628996
1999-10-05,0.0,-0.021739986636405875,0.24192469632261962
1999-10-06,0.0,-0.007733990599736339,0.32380036108366406
1999-10-07,0.0,-0.029233576322818356,0.3071063162593455
1999-10-08,0.0,-0.01574092000569205,0.3845338858829856
1999-10-11,0.0,-0.020652044552669054,0.4432549817176675
1999-10-12,0.0,-0.031900631666775515,0.4118291991198076
1999-10-13,0.0,-0.05243811420348377,0.3678242144743241
1999-10-14,0.0,-0.027651531330510123,0.4192989649964041
1999-10-15,0.0,-0.04129807165374115,0.42831539976026434
1999-10-18,0.0,-0.0443058517221034,0.41863061431485016
1999-10-19,0.0,-0.06616058150943915,0.4170796422335576
1999-10-20,0.0,-0.03904399828226504,0.42566925986984294
1999-10-21,0.0,-0.0197042553517789,0.3754684337364579
1999-10-22,0.0,-0.010638398205055754,0.41918263809494566
1999-10-25,0.0,-0.02635086592740352,0.40020486021499135
1999-10-26,1.0,0.009478743954543739,0.34416079019776263
1999-10-27,0.0,-0.004946705183036124,0.26334996932323773
1999-10-28,0.0,-0.020270964373619107,0.2785154025940125
1999-10-29,0.0,-0.029508669808356234,0.34582026313215775
1999-11-01,0.0,-0.0017241383581398043,0.323170054661968
1999-11-02,1.0,0.004449776296609524,0.3427535738707779
1999-11-03,1.0,0.019809333102402026,0.3665522664441894
1999-11-04,1.0,0.0034071583216143558,0.3910935503611709
1999-11-05,1.0,0.0027500876734229576,0.37457040934505353
1999-11-08,1.0,0.006021523570685893,0.3833315864735013
1999-11-09,1.0,0.0045320643908893996,0.39227551257521964
1999-11-10,0.0,-0.013162525503755093,0.37547997393256044
1999-11-11,1.0,0.0008499788017045162,0.36866509877544
1999-11-12,1.0,0.012621692374430865,0.3748785702891871
1999-11-15,1.0,0.010238997301094286,0.40051137117690455
1999-11-16,1.0,0.012736013241190464,0.4206501175974866
1999-11-17,1.0,0.013162525503755074,0.4410310929678206
1999-11-18,1.0,0.013502314837639437,0.4415330646496366
1999-11-19,1.0,0.007160741264575769,0.436416458273563
1999-11-22,0.0,-0.011955735920148884,0.44074075367123833
1999-11-23,0.0,-0.024466052154406268,0.4507471279129396
1999-11-24,0.0,-0.029776763964975538,0.4375241987899334
1999-11-25,0.0,-0.04544288070937499,0.4397546390712427
1999-11-26,0.0,-0.06006103537301479,0.4331120670773528
1999-11-29,0.0,-0.05256014823538369,0.40314725238144433
1999-11-30,0.0,-0.017174504889910177,0.46414082660672273
1999-12-01,0.0,-0.026425546759858795,0.4503400947747847
1999-12-02,0.0,-0.02529981444397037,0.4112741596721122
1999-12-03,0.0,-0.0030425079398435223,0.41153785532251513
1999-12-06,1.0,0.014990305322620473,0.39620597336540697
1999-12-07,0.0,-0.02050628688001784,0.4408067000337025
1999-12-08,1.0,0.0029040961053541734,0.4220401280926388
1999-12-09,1.0,0.014540384428510899,0.4143356909638433
1999-12-10,1.0,0.016532240366435146,0.4295643199460932
1999-12-13,1.0,0.01374884348440116,0.4497446210745115
1999-12-14,1.0,0.02654227680533972,0.4764920236821121
1999-12-15,1.0,0.015022570255100594,0.4654276693362263
1999-12-16,1.0,0.017578234301180377,0.4542353347413023
1999-12-17,1.0,0.014110137292659109,0.4894306369864426
1999-12-20,1.0,0.012589779858861562,0.48913085751578905
1999-12-21,1.0,0.0071747010715569074,0.5452010761442572
1999-12-22,1.0,0.011775027824895689,0.5451310515020217
1999-12-23,1.0,0.003826091624020594,0.5656415153867193
1999-12-24,1.0,0.0012855481853142109,0.5716271560385766
1999-12-27,1.0,0.00433464051044003,0.5854231646675517
1999-12-28,0.0,-0.025534790642027492,0.5772353227655856
1999-12-29,0.0,-0.03664184126929183,0.576762336125796
1999-12-30,0.0,-0.02442359826590588,0.555450135744317
1999-12-31,0.0,-0.021940327216060197,0.5804205910316761
2000-01-03,0.0,-0.026365291014083896,0.586733615477904
2000-01-04,1.0,0.00353669687834425,0.4994018702776009
2000-01-05,1.0,0.008357832949596262,0.55321929351354
2000-01-06,1.0,0.01114365471815914,0.5539809571654624
2000-01-07,1.0,0.008658062743114531,0.551754581259118
2000-01-10,1.0,0.014180631997716693,0.5516751434670396
2000-01-11,1.0,0.018884981598826883,0.5144429174843306
2000-01-12,1.0,0.025456810187742675,0.5022418306885343
2000-01-13,1.0,0.01484095331750893,0.4988941074457456
2000-01-14,1.0,0.017094433359300255,0.49345329457244735
2000-01-17,1.0,0.00732859675082674,0.48917717678149697
2000-01-18,0.0,-0.005558464893296608,0.4669063422730543
2000-01-19,0.0,-0.012612435486736002,0.45505103137949693
2000-01-20,0.0,-0.005735654900274091,0.4636765956979903
2000-01-21,0.0,-0.020442749114184734,0.45851984355840864
2000-01-24,0.0,-0.014358502679084938,0.4451509927255433
2000-01-25,0.0,-0.015517794884959779,0.4370459839667508
2000-01-26,0.0,-0.0043802084925610735,0.4501533304126291
2000-01-27,1.0,0.0020895010214197402,0.4700626611536864
2000-01-28,1.0,0.0912096715462189,0.4240029354817251
2000-01-31,1.0,0.06569525926539495,0.4649660916410202
2000-02-01,1.0,0.06546023824895485,0.4774526714164246
2000-02-02,1.0,0.07442148126372933,0.4518486438131426
2000-02-03,1.0,0.09152370675633313,0.45703430514858545
2000-02-04,1.0,0.0020925560955637103,0.27163000315066327
2000-02-07,1.0,0.01767929497505045,0.21567558014520447
2000-02-08,0.0,0.0,0.31446088010229856
2000-02-09,0.0,-0.013951806120124673,0.3190362713753511
2000-02-10,0.0,-0.04712488485037074,0.366912049640284
2000-02-11,0.0,-0.019320350942486606,0.40506931002563196
2000-02-14,0.0,-0.008636898796602049,0.41270211474360624
2000-02-15,1.0,0.008743766009889787,0.3797372719630198
2000-02-16,0.0,-0.008298802814695066,0.42564894692866995
2000-02-17,0.0,-0.006677821142605487,0.3953919405654063
2000-02-18,0.0,-0.04150528802138758,0.4387217362791547
2000-02-21,0.0,-0.046052507444984604,0.4279962575035597
2000-02-22,0.0,-0.040904126670931636,0.3850826156923265
2000-02-23,0.0,-0.03476399243633998,0.3715359265581154
2000-02-24,0.0,-0.034074846884502526,0.3898796272028585
2000-02-25,0.0,-0.013072081567352775,0.37178635900042867
2000-02-28,0.0,-0.014222339216033669,0.419599551444779
2000-02-29,1.0,0.0035869882169858583,0.39233364944379523
2000-03-01,0.0,-0.00560671504034409,0.3540755782938859
2000-03-02,1.0,0.009315230374376662,0.3573493882132605
2000-03-03,1.0,0.0006922810937609341,0.2930876738988053
2000-03-06,1.0,0.01061687561419847,0.32664705507113656
2000-03-07,0.0,-0.015014110564382526,0.3296756603379359
2000-03-08,1.0,0.002495755047757599,0.30014280006519095
2000-03-09,0.0,-0.01627178016773659,0.33369420794251187
2000-03-10,0.0,-0.015342002456680064,0.3210728936577157
2000-03-13,0.0,-0.013227797708007515,0.3476210757610015
2000-03-14,1.0,0.0025928693373861622,0.3542233513523755
2000-03-15,0.0,-0.00336379558767114,0.36075773631943553
2000-03-16,0.0,-0.0008031147314363417,0.3526730425597962
2000-03-17,1.0,0.001404494612898402,0.3585157939478409
2000-03-20,0.0,-0.023203551686080074,0.3851830204162457
2000-03-21,0.0,-0.035959799483727226,0.3643354840180064
2000-03-22,0.0,-0.040694634746088774,0.4062413503467373
2000-03-23,0.0,-0.03382084983461167,0.3731444671225944
2000-03-24,0.0,-0.02099070119761475,0.4049622870178006
2000-03-27,0.0,-0.007520178681400106,0.3868104562282244
2000-03-28,1.0,0.017913044373795,0.4129108529437669
2000-03-29,1.0,0.01828335568623025,0.37878991530098893
2000-03-30,1.0,0.01345915337400471,0.42112240873492685
2000-03-31,1.0,0.0032911240982138297,0.4048202793380698
2000-04-03,1.0,0.013566791448771046,0.40303683618191727
2000-04-04,0.0,-0.009359891732076502,0.350265199859801
2000-04-05,1.0,0.0019519126062401701,0.38135281593212816
2000-04-06,1.0,0.003913899321136315,0.3963370867131821
2000-04-07,1.0,0.009242867081177513,0.42261149463888453
2000-04-10,0.0,-0.0022010019890464656,0.415408128372376
2000-04-11,0.0,-0.0017758839687686443,0.4250536211739477
2000-04-12,0.0,-0.004797876818148385,0.410476894968917
2000-04-13,0.0,-0.005698021114637779,0.4153544255625348
2000-04-14,0.0,-0.00924286708117753,0.3945143902533251
2000-04-17,0.0,-0.005631006717686306,0.3911444875626046
2000-04-18,0.0,-0.01036278703554666,0.4138098158305364
2000-04-19,0.0,-0.01732049480474624,0.41678912041619853
2000-04-20,0.0,-0.010591607855890866,0.4175528122413943
2000-04-21,0.0,-0.023305182659414662,0.43979954668174265
2000-04-24,0.0,-0.02332203689037247,0.4253210940509249
2000-04-25,0.0,-0.0124696655064408,0.4092764177559963
2000-04-26,1.0,0.008554001592563823,0.4233278620972232
2000-04-27,1.0,0.010413020481543613,0.43299398531715005
2000-04-28,1.0,0.01954813378170234,0.5254598758835078
2000-05-01,1.0,0.012289276246983899,0.5281405559560912
2000-05-02,1.0,0.008330363276652665,0.5281513115429542
2000-05-03,0.0,-0.0017985616359148672,0.5256970601752179
2000-05-04,0.0,-0.014391325909391971,0.5152105214556637
2000-05-05,0.0,-0.010088357944340879,0.49634101937414615
2000-05-08,0.0,-0.004636177669266699,0.5102183117397485
2000-05-09,0.0,-0.005787681194783956,0.5174475432592368
2000-05-10,0.0,-0.015968403178731,0.5274440380133526
2000-05-11,0.0,-0.009466664544501915,0.5329288439454344
2000-05-12,0.0,-0.006904097191856821,0.5361883887123283
2000-05-15,1.0,0.0007258211169670434,0.5191742708500292
2000-05-16,0.0,-0.00509184588035287,0.5235236807852292
2000-05-17,1.0,0.0007313951688266372,0.5192027908979401
2000-05-18,0.0,-0.011220572058606399,0.5292250522688466
2000-05-19,0.0,-0.007319337342269808,0.5209474146429475
2000-05-22,0.0,-0.012778560155483601,0.5114644621287998
2000-05-23,0.0,-0.003835971458704702,0.5099606008732915
2000-05-24,0.0,-0.0053147747206342905,0.5214646787774729
2000-05-25,1.0,0.009206472686905071,0.46311804099811005
2000-05-26,1.0,0.03216757292514069,0.4899874715986754
2000-05-29,1.0,0.04771349753005923,0.496998831382279
2000-05-30,1.0,0.0562225604157972,0.4819936020276118
2000-05-31,1.0,0.05226672710012346,0.4873837899585153
2000-06-01,1.0,0.04181856522734938,0.46599030408415976
2000-06-02,1.0,0.009557594878524775,0.39588873353645454
2000-06-05,1.0,0.004718226315197208,0.3998294107391589
2000-06-06,0.0,-0.011309385437512129,0.3884151523910474
2000-06-07,1.0,0.017460898277341208,0.3894576883638745
2000-06-08,1.0,0.018806056589085622,0.40485653298142704
2000-06-09,1.0,0.01884543645705063,0.43760362531385133
2000-06-12,0.0,-0.0019195538570159426,0.4407036823271895
2000-06-13,1.0,0.0013988461801910574,0.40319102458532174
2000-06-14,0.0,-0.01938112231155422,0.43980316894345783
2000-06-15,0.0,-0.014596262615270483,0.41902546021915843
2000-06-16,0.0,-0.02131457351397204,0.43023593948255834
2000-06-19,0.0,-0.007891316707243315,0.43180366859920244
2000-06-20,0.0,-0.00034952814057338024,0.4385458084038374
2000-06-21,1.0,0.022461206882118636,0.4530739627537818
2000-06-22,1.0,0.012524080903314421,0.4358906838655695
2000-06-23,1.0,0.022247586695673026,0.4356204407867682
2000-06-26,1.0,0.015200781900215761,0.43451666898128233
2000-06-27,1.0,0.006967455463854412,0.41787920977288334
2000-06-28,0.0,-0.029123223106584408,0.3848043125896189
2000-06-29,0.0,-0.019550282301209827,0.4001704979807221
2000-06-30,0.0,-0.020483295482910766,0.4019268367525528
2000-07-03,0.0,-0.015376853737980232,0.4052809187004145
2000-07-04,0.0,-0.019278550102539784,0.408789560270053
2000-07-05,0.0,-0.012923964962284791,0.4345711225669785
2000-07-06,0.0,-0.01205902182030682,0.4309385846385394
2000-07-07,0.0,-0.008319368276764936,0.44077746676574014
2000-07-10,0.0,-0.0012333716654689911,0.43790652168439936
2000-07-11,1.0,0.000353857045447251,0.43735306437361526
2000-07-12,0.0,-0.005180895911991297,0.4104446933609351
2000-07-13,0.0,0.0,0.43197476581945826
2000-07-14,0.0,-0.003382892926129636,0.43645768271431834
2000-07-17,0.0,-0.01545735670866246,0.4317678007600278
2000-07-18,0.0,-0.012818405886857138,0.4316884661232066
2000-07-19,1.0,0.002147075435665208,0.4126248525691171
2000-07-20,0.0,-0.006264002584930628,0.4316634961963145
2000-07-21,0.0,-0.007051735770427124,0.43684518449332926
2000-07-24,0.0,-0.007187811718833679,0.44855727323915595
2000-07-25,0.0,-0.006110730733198996,0.4356567698566238
2000-07-26,0.0,-0.007895250055864294,0.4237698878341961
2000-07-27,0.0,-0.01647245138291404,0.4218307256939303
2000-07-28,0.0,-0.01768546493721852,0.43625477613991226
2000-07-31,0.0,-0.012704345099765849,0.44299229431976594
2000-08-01,0.0,-0.014893119444595676,0.43823649772842105
2000-08-02,0.0,-0.019280335323100493,0.44290269199994886
2000-08-03,0.0,-0.00438998327124449,0.4236009721058413
2000-08-04,1.0,0.006014781643731731,0.4552395650919853
2000-08-07,1.0,0.0038282792174837046,0.4657795220908336
2000-08-08,1.0,0.005110432731981481,0.46166999647248125
2000-08-09,1.0,0.018018505502678212,0.46364149844535857
2000-08-10,1.0,0.017805702974435907,0.4605903727637911
2000-08-11,1.0,0.005436765838350894,0.4522285828563915
2000-08-14,1.0,0.0016362152545950318,0.4532697591833797
2000-08-15,0.0,-0.0032822786579187304,0.4582974183129563
2000-08-16,0.0,-0.021698362461078802,0.4438014647764341
2000-08-17,0.0,-0.017072699459849548,0.4491014110545102
2000-08-18,0.0,-0.008713070188779008,0.45437645075396343
2000-08-21,0.0,-0.004004373752731934,0.4525099771019765
2000-08-22,0.0,-0.0010964913379288583,0.4600452441040568
2000-08-23,1.0,0.010816862273544746,0.4602838331953507
2000-08-24,1.0,0.017792771498163797,0.46888695091761706
2000-08-25,1.0,0.009074472433406562,0.4739561397703938
2000-08-28,1.0,0.010342104337281142,0.4728448444782693
2000-08-29,1.0,0.007650310536462791,0.4551230832926674
2000-08-30,1.0,0.0009113278676841122,0.4588448415957121
2000-08-31,0.0,-0.014683486871581759,0.4387143535053747
2000-09-01,0.0,-0.01345964299058351,0.4581401453052012
2000-09-04,0.0,-0.013008431683492304,0.4540439972305522
2000-09-05,0.0,-0.00929730514428463,0.450631800891006
2000-09-06,0.0,-0.006213470282717951,0.43926598100805664
2000-09-07,0.0,-0.004575829344058638,0.44728110455501097
2000-09-08,0.0,-0.002199817569055408,0.42870026852587373
2000-09-11,0.0,-0.0059425727868028175,0.42641794550190043
2000-09-12,0.0,-0.0031184103047508004,0.4143142391518544
2000-09-13,0.0,-0.012543975586637375,0.41994791916721697
2000-09-14,0.0,-0.00699561026730315,0.42195493452027705
2000-09-15,0.0,-0.0011017261488984061,0.41900656323064783
2000-09-18,1.0,0.00915589622651422,0.42246605537856724
2000-09-19,1.0,0.008051278624775587,0.4226025262368923
2000-09-20,1.0,0.033693622133342406,0.4213518270080831
2000-09-21,1.0,0.016853302359802477,0.42937044273944164
2000-09-22,1.0,0.00768671427513077,0.40889676443716166
2000-09-25,0.0,-0.0031036081507758912,0.43176376620255985
2000-09-26,0.0,-0.007683901691914663,0.41872702195111466
2000-09-27,0.0,-0.028509385378785286,0.37410007115629473
2000-09-28,0.0,-0.0205549538195534,0.3912834943400491
2000-09-29,0.0,-0.016915277372103684,0.40264357184218896
2000-10-02,0.0,-0.010477074056093964,0.4257180192393916
2000-10-03,1.0,0.00183486290011044,0.43042110537511413
2000-10-04,1.0,0.0014762874059695184,0.4454302671183932
2000-10-05,1.0,0.02526681465745123,0.4395240093581007
2000-10-06,1.0,0.011064099588834569,0.4469991670431112
2000-10-09,1.0,0.005160350559309611,0.4448919215071878
2000-10-10,0.0,-0.005514719858510855,0.4129396426752465
2000-10-11,0.0,-0.0018457000440827806,0.4060523891103033
2000-10-12,0.0,-0.02101109540256705,0.36961424214892835
2000-10-13,0.0,-0.004042636891216154,0.38110910778530765
2000-10-16,0.0,-0.006454609776679692,0.4172798927911173
2000-10-17,0.0,-0.0022144316116824727,0.42465120303610027
2000-10-18,0.0,-0.014514583061124112,0.41728441979487685
2000-10-19,0.0,-0.021084837454981086,0.4430997101181114
2000-10-20,0.0,-0.02611601513071359,0.4282617388291802
2000-10-23,0.0,-0.02150620522096362,0.4231991567921132
2000-10-24,0.0,-0.020530769659847917,0.42710449528018124
2000-10-25,0.0,-0.007337066119009587,0.37913125273727427
2000-10-26,0.0,-0.0015097191016230698,0.3794294770777234
2000-10-27,1.0,0.0022654342329981674,0.3828833516618751
2000-10-30,1.0,0.0020772361354610205,0.4118881161137709
2000-10-31,0.0,-0.0026435060711500567,0.41866321916183913
2000-11-01,1.0,0.000943663370961977,0.4050020171900943
2000-11-02,1.0,0.004522336706810694,0.4146867858419466
2000-11-03,0.0,-0.0015097191016230698,0.41083412593224317
2000-11-06,0.0,-0.002644504752355788,0.4182227596073257
2000-11-07,1.0,0.000756000792007696,0.4122105133102912
2000-11-08,0.0,-0.00018866144759288833,0.42426995397778033
2000-11-09,1.0,0.002065922417572653,0.4064534395103095
2000-11-10,1.0,0.0037700327405413886,0.4238401034309972
2000-11-13,1.0,0.007537250681548995,0.43109160704334254
2000-11-14,1.0,0.004524041646351101,0.43646531130821636
2000-11-15,1.0,0.005832017282547898,0.4362007269645634
2000-11-16,0.0,-0.0024420036555516333,0.42081745387879566
2000-11-17,1.0,0.0022552161409508673,0.42681725109097607
2000-11-20,1.0,0.013610725635366621,0.4345756551596636
2000-11-21,1.0,0.014007139087804389,0.4238756703429511
2000-11-22,0.0,0.0,0.4242177304338482
2000-11-23,1.0,0.017154998367088375,0.4250771806647809
2000-11-24,1.0,0.011386030613255204,0.42901053924242494
2000-11-27,1.0,0.004434597067865775,0.43096431656069906
2000-11-28,1.0,0.0035175450505921697,0.4294967100267311
2000-11-29,1.0,0.030299750014960724,0.44091485580093237
2000-11-30,1.0,0.012493272912294424,0.4282867835138231
2000-12-01,1.0,0.012541661993043495,0.4256594976810552
2000-12-04,0.0,-0.001291393962332516,0.44158865493484833
2000-12-05,1.0,0.0014773779233788974,0.4448230369899391
2000-12-06,0.0,-0.020964357348302022,0.4179056216551546
2000-12-07,0.0,-0.015826609332052606,0.43624966285657446
2000-12-08,0.0,-0.00680462395718387,0.4399400990528704
2000-12-11,0.0,-0.002587801813833317,0.4458352376261239
2000-12-12,0.0,-0.0025868454928055233,0.4508937774368036
2000-12-13,1.0,0.014024957696812383,0.46197653767862995
2000-12-14,1.0,0.01692149995237964,0.4596092911045408
2000-12-15,1.0,0.011011305972301445,0.4506750293462337
2000-12-18,1.0,0.013420552564273946,0.4436384201329631
2000-12-19,1.0,0.015421638476580417,0.44645547613623043
2000-12-20,1.0,0.008757581970548238,0.3944901865705527
2000-12-21,0.0,-0.006954640036987506,0.40022237226876534
2000-12-22,0.0,-0.006224846171354791,0.40170262382304717
2000-12-25,0.0,-0.004759298751049805,0.40397732083011717
2000-12-26,0.0,-0.01912877895940027,0.38908969709086105
2000-12-27,0.0,-0.026133250173855194,0.39458923394852563
2000-12-28,0.0,-0.017414297055756183,0.38859893278525054
2000-12-29,0.0,-0.015174236384135792,0.4104252807896606
2001-01-01,0.0,-0.015346515480460801,0.4173988541800563
2001-01-02,0.0,-0.005586606708639823,0.40437982310050713
2001-01-03,0.0,-0.012005396490163073,0.4259179922973348
2001-01-04,0.0,-0.01241084000696662,0.4244784200559105
2001-01-05,0.0,-0.014461703818690544,0.42176532792224153
2001-01-08,0.0,-0.017669632646359196,0.42325289016423534
2001-01-09,0.0,-0.015810606026642204,0.42441925923314316
2001-01-10,0.0,-0.005298025637555161,0.42924178386888656
2001-01-11,1.0,0.0011346445997937281,0.44168412505112126
2001-01-12,1.0,0.0017011628712723657,0.4512672126419882
2001-01-15,1.0,0.012438908969716504,0.4546247382028203
2001-01-16,1.0,0.011318739967554194,0.44849119193109654
2001-01-17,1.0,0.004354005931839502,0.440968954280097
2001-01-18,1.0,0.001510859588630216,0.42952473810943065
2001-01-19,0.0,-0.006441856304699512,0.42301700759813476
2001-01-22,0.0,-0.014717246769378951,0.40020668914567054
2001-01-23,0.0,-0.002441545019795993,0.4110082733852954
2001-01-24,1.0,0.004335130717292101,0.43238052029811913
2001-01-25,1.0,0.014240450503101585,0.4482935478807566
2001-01-26,1.0,0.016962336580497388,0.44543791144931105
2001-01-29,1.0,0.009835524720135927,0.4637429866190494
2001-01-30,0.0,-0.00811861345869778,0.44221598222945546
2001-01-31,0.0,-0.009448294020949117,0.4439553769746784
2001-02-01,0.0,-0.030603068227757706,0.4292799059334543
2001-02-02,0.0,-0.026127953543198856,0.4363851660699512
2001-02-05,0.0,-0.01631914773802117,0.4468740293428304
2001-02-06,0.0,-0.010672866700854078,0.454297609372925
2001-02-07,0.0,-0.013379404474947534,0.47725902197126063
2001-02-08,0.0,-0.018587175963014048,0.4522784124859112
2001-02-09,0.0,-0.006543518344214412,0.46923476709622114
2001-02-12,0.0,-0.006525934868603095,0.4793818484019184
2001-02-13,0.0,-0.016615529083110057,0.47481364272906706
2001-02-14,0.0,-0.004628745004926991,0.4710749771905042
2001-02-15,1.0,0.012429758009696578,0.4067160790113976
2001-02-16,1.0,0.009990476946719668,0.42735618068451775
2001-02-19,1.0,0.027352132489626094,0.45350868146508505
2001-02-20,1.0,0.044206092504495705,0.4484570011936354
2001-02-21,1.0,0.03233450195425631,0.45972013054729954
2001-02-22,1.0,0.025158559636154716,0.4445257373598702
2001-02-23,1.0,0.004958057448836941,0.46648863329747425
2001-02-26,0.0,-0.014342574603137693,0.44392993357714683
2001-02-27,0.0,-0.028357287629926044,0.43264978145231503
2001-02-28,0.0,-0.01774971070547152,0.4332730790879368
2001-03-01,1.0,0.005443467218963094,0.4408767399221918
2001-03-02,1.0,0.03329899873586161,0.4500127857108755
2001-03-05,1.0,0.03547795533347357,0.48634305095268826
2001-03-06,1.0,0.026865028446087656,0.48481293026947236
2001-03-07,1.0,0.0038030089569860946,0.49288773601369257
2001-03-08,0.0,-0.024444608901800387,0.4733147270765707
2001-03-09,0.0,-0.04786143274052152,0.4592662871641472
2001-03-12,0.0,-0.044259989629408115,0.4438510339860884
2001-03-13,0.0,-0.02380165251034925,0.4419627550739242
2001-03-14,0.0,-0.0018996966199416145,0.41810838155442814
2001-03-15,1.0,0.005356814034060477,0.49292399830007444
2001-03-16,1.0,0.012467793612030766,0.5151176154594644
2001-03-19,1.0,0.007260253519088654,0.5225877646219605
2001-03-20,0.0,0.0,0.5216704820177595
2001-03-21,0.0,-0.01108997981627166,0.49345394631516715
2001-03-22,0.0,-0.011900332378274927,0.48328002445761636
2001-03-23,0.0,-0.016723119182169188,0.4703497926948626
2001-03-26,0.0,-0.027404262185681854,0.47001049470683703
2001-03-27,0.0,-0.01735485131510638,0.46864112800126007
2001-03-28,0.0,-0.006171668577033197,0.4740621160600516
2001-03-29,0.0,-0.001545894027669882,0.48091381427628965
2001-03-30,1.0,0.008108152528422745,0.483740684040526
2001-04-02,1.0,0.011284166427759599,0.4719534924405182
2001-04-03,1.0,0.002331456272719523,0.48659926296364747
2001-04-04,1.0,0.0011600929375304458,0.4746013644322576
2001-04-05,1.0,0.006169288894081901,0.4840981933869119
2001-04-06,0.0,-0.0030810731094447863,0.47590065681233684
2001-04-09,1.0,0.01878169428735016,0.455981918126956
2001-04-10,1.0,0.01291833254846031,0.4654085677355555
2001-04-11,1.0,0.009615458699441973,0.4776815331500858
2001-04-12,1.0,0.020733029865966382,0.4836612861522032
2001-04-13,1.0,0.02061535119435979,0.5049367425542103
2001-04-16,1.0,0.0015177388608778417,0.47472523950517626
2001-04-17,1.0,0.011996716287631286,0.4716267608332885
2001-04-18,1.0,0.003820443997385728,0.4798841723411333
2001-04-19,0.0,-0.005474293991954101,0.4882871546994052
2001-04-20,0.0,-0.003785732327517805,0.49007021549969515
2001-04-23,1.0,0.0011367943626658821,0.5019906538119321
2001-04-24,1.0,0.0015131457398159685,0.4948285722461521
2001-04-25,1.0,0.012316593405586966,0.4917398577887061
2001-04-26,1.0,0.007542936008441491,0.5071350908104114
2001-04-27,1.0,0.009437593642287667,0.49392472858301173
2001-04-30,1.0,0.00829723787069264,0.5079794215603606
2001-05-01,1.0,0.001510859588630216,0.5058796999290044
2001-05-02,1.0,0.016992286356906715,0.4871924417679874
2001-05-03,1.0,0.011580256417731546,0.48154379080932835
2001-05-04,1.0,0.0071134706547805685,0.47751381046656094
2001-05-07,1.0,0.007856381599203112,0.4851543674720317
2001-05-08,1.0,0.0127509696840669,0.48336552622304213
2001-05-09,1.0,0.008113634774169631,0.47331264992418953
2001-05-10,1.0,0.0165749650942126,0.4773698230005045
2001-05-11,1.0,0.0702232278862164,0.4805465857583277
2001-05-14,1.0,0.061424398359879194,0.4752377879532689
2001-05-15,1.0,0.061424398359879194,0.4599051693970868
2001-05-16,1.0,0.04137280698254249,0.46605950833671594
2001-05-17,1.0,0.019892156818599578,0.47177567494675404
2001-05-18,0.0,-0.03503543047214716,0.4650000506034891
2001-05-21,0.0,-0.02735516929510111,0.4044615688710837
2001-05-22,0.0,-0.04077088899829249,0.45791531195466645
2001-05-23,0.0,-0.06440930775323406,0.46195407828278995
2001-05-24,0.0,-0.04917519799896254,0.40150562929385764
2001-05-25,0.0,-0.038925420901836774,0.48206526085209966
2001-05-28,0.0,-0.04380531046555881,0.5021443286506432
2001-05-29,0.0,-0.028509890960789774,0.4765174828214195
2001-05-30,1.0,0.0007514559812564312,0.4527589414093755
2001-05-31,1.0,0.001878993412660677,0.47660071505897383
2001-06-01,1.0,0.02477937434493124,0.47007834315553926
2001-06-04,1.0,0.008990508206876784,0.46404896431902587
2001-06-05,1.0,0.020814726568294976,0.4523902633451645
2001-06-06,1.0,0.022652286806048635,0.40743292773769346
2001-06-07,1.0,0.03432071167268434,0.4129603563628338
2001-06-08,0.0,-0.008068996649856275,0.40125214386528957
2001-06-11,1.0,0.01627555808135581,0.4043940102322132
2001-06-12,1.0,0.006599473997997308,0.43018952423187845
2001-06-13,1.0,0.001467620883496654,0.4406653201157184
2001-06-14,0.0,-0.009843316807925932,0.4346053060445714
2001-06-15,1.0,0.003859234781577913,0.44336386197921696
2001-06-18,1.0,0.005123524474134797,0.4656588481262246
2001-06-19,1.0,0.009094278757269458,0.483783990745596
2001-06-20,0.0,-0.001467620883496627,0.4811387184165709
2001-06-21,0.0,-0.01364831219126863,0.5001974796236631
2001-06-22,0.0,-0.0064403571585243385,0.4986895740951652
2001-06-25,0.0,-0.016191706086746943,0.49149279937786294
2001-06-26,0.0,-0.03089048701933833,0.4768644364872586
2001-06-27,0.0,-0.01628760788882431,0.46908548397073746
2001-06-28,0.0,-0.014590606762593885,0.479286358672595
2001-06-29,0.0,-0.01712944508027313,0.4968463715894042
2001-07-02,0.0,-0.010816964851066648,0.4985057796579241
2001-07-03,0.0,-0.005242475964849871,0.5080557402639008
2001-07-04,1.0,0.001864280927719283,0.5092434586881485
2001-07-05,1.0,0.005636993506049829,0.46878848901511755
2001-07-06,1.0,0.0041229443711056826,0.4874031995831769
2001-07-09,1.0,0.0018733613571690346,0.49257372852573655
2001-07-10,1.0,0.007480865259829803,0.48318601865110156
2001-07-11,1.0,0.00853120901252143,0.48531730875868867
2001-07-12,1.0,0.01006719911772394,0.46927748538905006
2001-07-13,1.0,0.010048465644159555,0.49093968358844786
2001-07-16,1.0,0.006343304851906887,0.48640771645651754
2001-07-17,1.0,0.005203505515406088,0.4982341551637793
2001-07-18,0.0,-0.011142176553241848,0.5110873989805851
2001-07-19,0.0,-0.011567293154886553,0.49334507942423184
2001-07-20,0.0,-0.009300662281586547,0.5150341116967756
2001-07-23,0.0,-0.013480825761594695,0.5201796482733272
2001-07-24,0.0,-0.011558667091632894,0.5213399814169093
2001-07-25,0.0,-0.0007472445705445171,0.5178377529920768
2001-07-26,1.0,0.005986921530755561,0.5172170667177488
2001-07-27,1.0,0.003730651594154827,0.5233054737589353
2001-07-30,1.0,0.009380931833765586,0.5135199929346385
2001-07-31,1.0,0.003743219792779105,0.531284430112371
2001-08-01,1.0,0.00298563386552431,0.5188085793748782
2001-08-02,1.0,0.022501871576510596,0.5179997491154286
2001-08-03,1.0,0.022096277373413357,0.5122620902305418
2001-08-06,1.0,0.030165980557652034,0.5057753212879574
2001-08-07,1.0,0.03343441474935609,0.509923502886806
2001-08-08,1.0,0.027565141095601868,0.5023558625488126
2001-08-09,1.0,0.004367613858433263,0.5219938277788221
2001-08-10,1.0,0.016974044224428386,0.5571341341040259
2001-08-13,1.0,0.00036231884454335185,0.5673257580267578
2001-08-14,0.0,-0.006161672267279122,0.5530364175400515
2001-08-15,0.0,-0.004723845993558224,0.5033392587544535
2001-08-16,1.0,0.000726084620753758,0.5042331947046222
2001-08-17,0.0,-0.023185244317069063,0.4927600045205387
2001-08-20,0.0,-0.012026384016873429,0.5247920417767813
2001-08-21,0.0,-0.010232137508397281,0.5256345071736449
2001-08-22,0.0,-0.002918112594171078,0.514457707576156
2001-08-23,0.0,-0.0010893247264549934,0.5172880741306092
2001-08-24,1.0,0.005664702219488942,0.521874082011393
2001-08-27,1.0,0.0027459971488556223,0.5270452601007015
2001-08-28,0.0,-0.002206288815537817,0.5185318973727087
2001-08-29,0.0,-0.006229408198776144,0.5119958762208805
2001-08-30,0.0,-0.007658680761062806,0.501319545734665
2001-08-31,0.0,-0.004565801010003551,0.49946616287192797
2001-09-03,0.0,-0.006419095860717016,0.5147788605301609
2001-09-04,1.0,0.05235108187091733,0.5001390795342344
2001-09-05,1.0,0.022534117223719896,0.5207316050558158
2001-09-06,1.0,0.029222858676903392,0.5063118648518495
2001-09-07,1.0,0.04439605026914543,0.4937073897285308
2001-09-10,1.0,0.06310004452369479,0.4896213540973752
2001-09-11,1.0,0.005226492733542589,0.3127935376192407
2001-09-12,1.0,0.0430835861363117,0.34129023302471845
2001-09-13,1.0,0.02597092798831254,0.44498393375190687
2001-09-14,1.0,0.02045131938068671,0.39748267932590237
2001-09-17,0.0,-0.0006912044512276255,0.4139631171582679
2001-09-18,1.0,0.006926434617869162,0.483316057050004
2001-09-19,1.0,0.009421911241618947,0.4408675945707243
2001-09-20,1.0,0.011367673222604145,0.4434881489272878
2001-09-21,1.0,0.006157023042026183,0.4363272557019664
2001-09-24,1.0,0.00843451079988964,0.44869553659719014
2001-09-25,0.0,-0.0010359116948474743,0.4358215659659307
2001-09-26,0.0,-0.013042917008571278,0.44863478381677846
2001-09-27,0.0,-0.00721900694380462,0.4289943250208249
2001-09-28,0.0,-0.007702220362092351,0.43300666657442904
2001-10-01,1.0,0.0006854009863933685,0.43296530974209535
2001-10-02,0.0,-0.0050220903890676755,0.4265190282557574
2001-10-03,0.0,-0.0160198445986089,0.4418352196359472
2001-10-04,0.0,-0.030119594267112096,0.42709575473850825
2001-10-05,0.0,-0.022765775974836148,0.4320895479698895
2001-10-08,0.0,-0.03645646595003343,0.42642067368421843
2001-10-09,0.0,-0.023361034256657885,0.40398337839428555
2001-10-10,0.0,-0.008461182155133605,0.4045931086215213
2001-10-11,0.0,-0.006420567802922806,0.40867702215658497
2001-10-12,0.0,-0.01701866992905951,0.426926608968223
2001-10-15,0.0,-0.021185711580791175,0.43400337062739625
2001-10-16,0.0,-0.019379755993777836,0.4485356369693161
2001-10-17,0.0,-0.025095419852545615,0.4357831925310382
2001-10-18,0.0,-0.007903759485230736,0.41020954579856495
2001-10-19,0.0,-0.008258574766353222,0.43926451785302534
2001-10-22,1.0,0.01340995546726368,0.43094659537410124
2001-10-23,1.0,0.0163540350772408,0.46116002186382515
2001-10-24,1.0,0.01513269734887146,0.4703947507309378
2001-10-25,1.0,0.008619195037120537,0.46487072819621217
2001-10-26,1.0,0.009330769293658607,0.4679282256884437
2001-10-29,0.0,-0.0011465015049708044,0.45412164424398715
2001-10-30,0.0,-0.0008916630104816811,0.46063231950069206
2001-10-31,1.0,0.003925772350955574,0.4735720056741734
2001-11-01,0.0,-0.010424249678850684,0.4753564411148403
2001-11-02,0.0,-0.008970279022991997,0.4818467247334217
2001-11-05,0.0,-0.002512564135883048,0.47946069049505746
2001-11-06,0.0,-0.009680964816098989,0.4855653230255053
2001-11-07,0.0,-0.008764925086707422,0.48582754019266905
2001-11-08,0.0,-0.005071555880255661,0.4895676687891815
2001-11-09,0.0,-0.009415242465240801,0.4959286274579728
2001-11-12,0.0,-0.019231361927887644,0.4851691025174115
2001-11-13,0.0,-0.014772604090577101,0.4899852244412658
2001-11-14,0.0,-0.0186785736901186,0.49521992760512423
2001-11-15,0.0,-0.009120822076249513,0.48867044111391295
2001-11-16,0.0,-0.007120066592376719,0.49567773321909253
2001-11-19,1.0,0.0007324666139599602,0.4917857257616399
2001-11-20,0.0,-0.00010970325281161506,0.500655357997858
2001-11-21,1.0,0.004383568663257816,0.5026148725153998
2001-11-22,1.0,0.004388377859884384,0.49253808699227186
2001-11-23,1.0,0.005481468137437276,0.4958275421432623
2001-11-26,1.0,0.014898531388749827,0.49100615655646923
2001-11-27,1.0,0.008194528236969355,0.49230252103213074
2001-11-28,1.0,0.0003644314909136104,0.48514574751322
2001-11-29,1.0,0.0018228222327561871,0.4856562606105359
2001-11-30,1.0,0.0005464978731515969,0.48922376675545126
2001-12-03,0.0,-0.014898531388749824,0.4999123910714885
2001-12-04,0.0,-0.010574392060443926,0.5947990724490827
2001-12-05,1.0,0.00036429872898349226,0.5957246407101835
2001-12-06,0.0,-0.0003642987289835395,0.6071996113692613
2001-12-07,1.0,0.014105116310795992,0.6115910997781789
2001-12-10,1.0,0.018139441679575576,0.6126481127471745
2001-12-11,1.0,0.027656529985038703,0.6215734081646194
2001-12-12,1.0,0.00581080262231476,0.6155309457879801
2001-12-13,1.0,0.006537157836064483,0.6224139025657645
2001-12-14,0.0,-0.0010779735143754167,0.6026728947718994
2001-12-17,0.0,-0.0003595828877290729,0.6021086693720767
2001-12-18,0.0,-0.006080133180017374,0.595520206272888
2001-12-19,1.0,0.011628665952208427,0.5936943889786653
2001-12-20,1.0,0.002891742481396033,0.6166018575285215
2001-12-21,0.0,-0.005768900080615018,0.6114221884921645
2001-12-24,1.0,0.0032316006579642693,0.618206760559718
2001-12-25,1.0,0.0007172315172087765,0.6129924102528352
2001-12-26,0.0,-0.0022575395250763047,0.5982743922363346
2001-12-27,1.0,0.005040514722318767,0.587760050615809
2001-12-28,1.0,0.008640917850850242,0.5999872768477938
2001-12-31,0.0,-0.0007172315172088106,0.5795978072616307
2002-01-01,1.0,0.0003584229429052142,0.5645836069962872
2002-01-02,1.0,0.018482843549113025,0.5527026344074278
2002-01-03,1.0,0.027976328804188908,0.5348608069592237
2002-01-04,1.0,0.030364203868225838,0.5054767870302153
2002-01-07,1.0,0.02199840350667997,0.5063409071872529
2002-01-08,1.0,0.01986937816264819,0.5136250197792951
2002-01-09,1.0,0.01120656098686398,0.5079986887733395
2002-01-10,0.0,-0.008064559836730408,0.5260475115746359
2002-01-11,0.0,-0.014008283699726145,0.5393404272612529
2002-01-14,0.0,-0.008458200205156146,0.5256680002921568
2002-01-15,0.0,-0.009353284458977169,0.5187078817342471
2002-01-16,0.0,-0.02789728936099531,0.5050543038211238
2002-01-17,0.0,-0.018010184339046664,0.5238122975655297
2002-01-18,0.0,-0.014565088744329902,0.5411187053625738
2002-01-21,0.0,-0.013899012060307072,0.5353151802224226
2002-01-22,0.0,-0.0005320564105294781,0.528948758053993
2002-01-23,1.0,0.009444960170756639,0.5400941849869141
2002-01-24,1.0,0.012715431411763112,0.54978109128723
2002-01-25,1.0,0.024042169152742283,0.5543434324968629
2002-01-28,1.0,0.03957952191206436,0.5550844671028247
2002-01-29,1.0,0.054207263563277,0.5276177748595604
2002-01-30,1.0,0.05217974068263279,0.5179168184617061
2002-01-31,1.0,0.06375295341387763,0.512587363669156
2002-02-01,1.0,0.059339439786308734,0.4829570504585696
2002-02-04,1.0,0.033412757980013884,0.5121665314251606
2002-02-05,1.0,0.009033182869231804,0.5509795686197116
2002-02-06,1.0,0.007547205635382904,0.5019130716732841
2002-02-07,0.0,-0.0038260048335288918,0.5331281705834383
2002-02-08,0.0,-0.01961499058006167,0.522949689336949
2002-02-11,0.0,-0.0066945856722141605,0.5366210506780636
2002-02-12,0.0,-0.02410161324324604,0.5546503625072956
2002-02-13,0.0,-0.026410879946523812,0.5394513080581894
2002-02-14,0.0,-0.02446347217837434,0.5567105375861962
2002-02-15,0.0,-0.017271001596869787,0.5560521257567349
2002-02-18,0.0,-0.017618616001164385,0.5449986259712353
2002-02-19,1.0,0.01574036051856262,0.5388930633454027
2002-02-20,1.0,0.01819004680166659,0.5563146770017874
2002-02-21,1.0,0.012896835806908816,0.5553435934552521
2002-02-22,1.0,0.018277713091288155,0.544263337961601
2002-02-25,1.0,0.0145913684824394,0.550659675776257
2002-02-26,0.0,-0.012844523387145593,0.5127802089336423
2002-02-27,0.0,-0.01118087202507423,0.5046124385759293
2002-02-28,0.0,-0.023887844612936762,0.5211773039709375
2002-03-01,0.0,-0.02857823334925376,0.5114366157173206
2002-03-04,0.0,-0.02093515315185425,0.5097799673160386
2002-03-05,0.0,-0.00034025178960435517,0.5170768181107108
2002-03-06,0.0,-0.0005112038962821234,0.543132325669731
2002-03-07,1.0,0.005854011208111569,0.5337606453766081
2002-03-08,1.0,0.0010348396922122535,0.5501437625805717
2002-03-11,1.0,0.006412146714833985,0.5508671800878545
2002-03-12,0.0,-0.0022144630461630966,0.5350778392248301
2002-03-13,0.0,-0.003072723482834248,0.5367343894342677
2002-03-14,1.0,0.006502418530313618,0.5250405068830989
2002-03-15,1.0,0.026200886323336146,0.5357238170616323
2002-03-18,1.0,0.019228106698361294,0.5417095606718935
2002-03-19,1.0,0.01203506347728101,0.5540524154147255
2002-03-20,1.0,0.033390792663020315,0.5539729602406244
2002-03-21,1.0,0.03189259892747206,0.5504392782681777
2002-03-22,1.0,0.016322814102286712,0.5330660104708206
2002-03-25,1.0,0.01695519341028146,0.5427588036231159
2002-03-26,1.0,0.030204752198796467,0.5338532827967201
2002-03-27,1.0,0.000562048516275518,0.5236369274175672
2002-03-28,0.0,-0.005466757588820475,0.5256777839869535
2002-03-29,0.0,-0.008627894902174225,0.5454479642895479
2002-04-01,0.0,-0.009439500413044657,0.5345094556146036
2002-04-02,0.0,-0.0241573626955725,0.524915089517822
2002-04-03,0.0,-0.004306068263465755,0.5256802147338969
2002-04-04,1.0,0.005301536605379895,0.542435992887492
2002-04-05,1.0,0.006974455372045629,0.5359193523504218
2002-04-08,0.0,-0.0021654043607434842,0.5395142747044271
2002-04-09,1.0,0.0015061503976848548,0.5471182686453044
2002-04-10,1.0,0.0026520817798854524,0.5184057256146348
2002-04-11,1.0,0.0034639209893287267,0.5204538254488319
2002-04-12,1.0,0.0006617039116544694,0.516916568904884
2002-04-15,1.0,0.010120368418672619,0.5082141836358234
2002-04-16,1.0,0.015432148952897793,0.504413766697754
2002-04-17,1.0,0.006599594981368564,0.5027355909009553
2002-04-18,1.0,0.013087050842915034,0.5083554372489769
2002-04-19,1.0,0.029332394599239173,0.5096230500653435
2002-04-22,1.0,0.026711685870399803,0.50922540684964
2002-04-23,1.0,0.0156840333120633,0.5103715452365444
2002-04-24,1.0,0.015339726376068128,0.5158575408251717
2002-04-25,1.0,0.0006498781707200179,0.5285131235235312
2002-04-26,1.0,0.001925237238334314,0.5443813595157985
2002-04-29,1.0,0.003849860385441494,0.5387803122903336
2002-04-30,1.0,0.009679056044506968,0.5413426925544149
2002-05-01,0.0,-0.0019452105339348542,0.5369616409794301
2002-05-02,1.0,0.005506978608021983,0.5490739779853916
2002-05-03,0.0,-0.002889247595766454,0.5308670121950381
2002-05-06,0.0,-0.004653783573686301,0.5307466179822075
2002-05-07,0.0,-0.012276038513655219,0.5127854663730815
2002-05-08,1.0,0.0029163986970303065,0.5133112802235312
2002-05-09,1.0,0.0009686794428753181,0.5254360987230673
2002-05-10,0.0,0.0,0.5213412574582288
2002-05-13,1.0,0.016273492504117713,0.5212118694972344
2002-05-14,1.0,0.02725401131812285,0.52048830882348
2002-05-15,1.0,0.02839106160813435,0.5103925836390432
2002-05-16,1.0,0.03861850358478326,0.5090437865651999
2002-05-17,1.0,0.03008459947223756,0.504557462102345
2002-05-20,1.0,0.013517967557379313,0.5216516190491673
2002-05-21,1.0,0.025298038691931077,0.515706946039313
2002-05-22,1.0,0.022084878937060987,0.5279769977027717
2002-05-23,1.0,0.009272203657577955,0.5198798900716257
2002-05-24,1.0,0.018544805915399722,0.5307729970365019
2002-05-27,1.0,0.022844024708662144,0.5415404604541453
2002-05-28,1.0,0.011041363513075168,0.5238435507194241
2002-05-29,0.0,-0.011137006062782107,0.5251944946340432
2002-05-30,1.0,0.0018441683419326569,0.5278372160541109
2002-05-31,0.0,-0.007993893452699923,0.5078952093881017
2002-06-03,0.0,-0.026598135171149936,0.51313655630331
2002-06-04,0.0,-0.020959312469571136,0.5152401253602179
2002-06-05,0.0,-0.006867515675046966,0.5271050169738899
2002-06-06,0.0,-0.023300215313609363,0.5169534740690124
2002-06-07,0.0,-0.014301502888367927,0.5177241476519295
2002-06-10,0.0,-0.006919354544829902,0.5195978844210288
2002-06-11,0.0,-0.0031196406520450134,0.5348562796846792
2002-06-12,1.0,0.0049992292838758265,0.5290581337809053
2002-06-13,1.0,0.0180662132171651,0.5473951808673383
2002-06-14,1.0,0.01645999894689755,0.5363782702011987
2002-06-17,1.0,0.017519609686860317,0.5377534758213938
2002-06-18,1.0,0.004053638229282743,0.540479186381614
2002-06-19,0.0,-0.0049992292838757155,0.5285512173437709
2002-06-20,0.0,-0.01775194545845034,0.5087836350638796
2002-06-21,0.0,-0.03192259796498337,0.5131838402296917
2002-06-24,0.0,-0.02289936949726728,0.5016690789078846
2002-06-25,0.0,-0.026487438446584837,0.5039446154806672
2002-06-26,0.0,-0.02569938389742183,0.5083476078573349
2002-06-27,0.0,-0.0238485070466954,0.5381418931432281
2002-06-28,0.0,-0.009265241999281292,0.5115540573053625
2002-07-01,0.0,-0.007324873514746459,0.5435083418264856
2002-07-02,1.0,0.012385042398815556,0.5419355492335854
2002-07-03,1.0,0.016574084577666598,0.5471627285985919
2002-07-04,1.0,0.01833451119341041,0.5637316387948649
2002-07-05,1.0,0.014340589928076705,0.5596539193296095
2002-07-08,1.0,0.0167991272344285,0.5522750162728375
2002-07-09,1.0,0.004408761667989901,0.5368300318298217
2002-07-10,1.0,0.004100952119648891,0.5441567110538038
2002-07-11,1.0,0.004570896129185978,0.5366995199785927
2002-07-12,1.0,0.024688753977658396,0.5543877151353289
2002-07-15,1.0,0.01559364203010339,0.545402321578601
2002-07-16,0.0,-0.015835643661338175,0.5546988023834502
2002-07-17,0.0,-0.02035369993362485,0.580317861766223
2002-07-18,0.0,-0.025160562917529758,0.5813295527568786
2002-07-19,0.0,-0.06438418824120805,0.519161092289347
2002-07-22,0.0,-0.0658700586405739,0.5454887849947012
2002-07-23,0.0,-0.027509825414796796,0.5417172379947082
2002-07-24,0.0,-0.025050106202474248,0.5866411057406665
2002-07-25,0.0,-0.01756999810138372,0.6188235932864936
2002-07-26,1.0,0.011782168698260388,0.5620817319555755
2002-07-29,1.0,0.018340124339921465,0.6075038108465759
2002-07-30,1.0,0.005236470810282761,0.5913327655368577
2002-07-31,1.0,0.034005867323946684,0.5924926662419601
2002-08-01,1.0,0.019503299815199375,0.577653709641155
2002-08-02,1.0,0.023155882663020193,0.569123600253782
2002-08-05,1.0,0.01960217006210474,0.5660834469326297
2002-08-06,1.0,0.02990576564197092,0.5744883800004429
2002-08-07,0.0,-0.007671445645530302,0.524090825380803
2002-08-08,1.0,0.012794033463239757,0.5568299174811829
2002-08-09,0.0,-0.001909308455920267,0.5527409417951611
2002-08-12,0.0,-0.024155763879336038,0.5578455739107547
2002-08-13,0.0,-0.019837476628264034,0.5667235315938818
2002-08-14,0.0,-0.011618655794279752,0.5708313496856807
2002-08-15,0.0,-0.02445030919753419,0.5717813563654911
2002-08-16,0.0,-0.022223136784710124,0.5831689250513737
2002-08-19,1.0,0.008763444594349589,0.561927843335805
2002-08-20,1.0,0.010607621161650111,0.6139448184496422
2002-08-21,1.0,0.006471467335307263,0.6084389440255757
2002-08-22,1.0,0.020629256944569227,0.6261354566293422
2002-08-23,1.0,0.018393548571612347,0.6278102638278965
2002-08-26,1.0,0.009007620820316656,0.6012383740420486
2002-08-27,1.0,0.004466429501935448,0.5837977073555264
2002-08-28,1.0,0.014727335177055594,0.5857980386068413
2002-08-29,1.0,0.01833463719267124,0.5707938693736081
2002-08-30,1.0,0.023697791429823176,0.5716047685046021
2002-09-02,1.0,0.028415487203742568,0.5841636268221845
2002-09-03,1.0,0.011394331220607443,0.5729715325298221
2002-09-04,1.0,0.009489237739599643,0.5555684997137933
2002-09-05,0.0,-0.0006266645982926943,0.5642945646356041
2002-09-06,0.0,-0.010673465007317529,0.551894371882352
2002-09-09,0.0,-0.011899310592970686,0.539941019887233
2002-09-10,1.0,0.0018864963934709647,0.5536985150880561
2002-09-11,1.0,0.008464000372488437,0.5658720082986056
2002-09-12,1.0,0.013387497578245883,0.5676877595825609
2002-09-13,1.0,0.016588799815125385,0.5643066815796216
2002-09-16,1.0,0.018105692035508037,0.5813993915685264
2002-09-17,1.0,0.02420599177907043,0.5554493567292276
2002-09-18,1.0,0.005913493734266143,0.5442199719086396
2002-09-19,0.0,-0.010258094304589389,0.5519955308932186
2002-09-20,0.0,-0.006852541999182186,0.5372603667049161
2002-09-23,1.0,0.0009276438513082009,0.5304092736153161
2002-09-24,0.0,-0.017943250157074247,0.539698286038367
2002-09-25,1.0,0.0024794681848777735,0.5627918973389506
2002-09-26,1.0,0.004986764268996848,0.5681015713533792
2002-09-27,1.0,0.00716290823382757,0.5757871206875762
2002-09-30,0.0,-0.0034055760468887186,0.5643774634887883
2002-10-01,0.0,-0.006576910647514786,0.575527508813373
2002-10-02,0.0,-0.00932987641616202,0.5753705487760439
2002-10-03,0.0,-0.015035522087483245,0.558959167478748
2002-10-04,0.0,-0.017214822618048343,0.5571023328355743
2002-10-07,0.0,-0.014053947742969553,0.5695673258175966
2002-10-08,0.0,-0.01487840044848604,0.5587939269569109
2002-10-09,0.0,-0.0173341875719737,0.5810606725380174
2002-10-10,0.0,-0.017189664069371512,0.5688364449334589
2002-10-11,0.0,-0.012388976756875869,0.5905948285078907
2002-10-14,0.0,-0.021619026698189985,0.588477217967427
2002-10-15,0.0,-0.0015959147977104358,0.5395463708878101
2002-10-16,0.0,-0.008300127459243361,0.5791069275215402
2002-10-17,1.0,0.000641951554704943,0.5512255480530958
2002-10-18,1.0,0.0031913223191682868,0.570131756165506
2002-10-21,1.0,0.014358893798407782,0.5832547674338965
2002-10-22,1.0,0.012065553578206458,0.570531147885295
2002-10-23,1.0,0.0130575103615125,0.5915781261820963
2002-10-24,1.0,0.01938414681470398,0.5963180795713203
2002-10-25,1.0,0.01862427569541134,0.598178548379736
2002-10-28,1.0,0.009145443748862654,0.5855722255794551
2002-10-29,1.0,0.002836434300037392,0.582968269864958
2002-10-30,1.0,0.006622540760493237,0.5957198574990024
2002-10-31,1.0,0.010331964170494048,0.5855535739776748
2002-11-01,1.0,0.005613612121920017,0.5749501220194945
2002-11-04,1.0,0.009995397913738893,0.5763206036359818
2002-11-05,1.0,0.020866530997613954,0.5953040655459408
2002-11-06,1.0,0.003138242023265235,0.588103510458343
2002-11-07,0.0,-0.00875963680254146,0.583230137747071
2002-11-08,0.0,-0.0031147821476058437,0.5800038188348096
2002-11-11,0.0,-0.007800351563587405,0.573778950514175
2002-11-12,0.0,-0.017097090379213118,0.567329791267924
2002-11-13,0.0,-0.004081638319648395,0.5578801050403508
2002-11-14,0.0,-0.0018870897249737306,0.606562892696286
2002-11-15,1.0,0.001558603806791033,0.6097364191334171
2002-11-18,0.0,-0.003451525233847591,0.6182600869095759
2002-11-19,0.0,-0.001882944224929838,0.6233171389736439
2002-11-20,0.0,-0.003466754181169415,0.6202786283975605
2002-11-21,1.0,0.0006294256698757036,0.6277290466203966
2002-11-22,0.0,-0.009073904561256388,0.606847296742027
2002-11-25,0.0,-0.0009433962963832617,0.6136574342060561
2002-11-26,1.0,0.007510597032711449,0.6221159894959896
2002-11-27,1.0,0.01690445638340289,0.6264853596977293
2002-11-28,1.0,0.021168105572077742,0.6211479134876217
2002-11-29,1.0,0.02514098895810201,0.6312164255623014
2002-12-02,1.0,0.025317807984289786,0.6131653115687292
2002-12-03,1.0,0.009309609518001744,0.6013130059908138
2002-12-04,1.0,0.008346261741888721,0.5867512196952225
2002-12-05,1.0,0.020125698345936287,0.5695975393717895
2002-12-06,1.0,0.02092888037164296,0.5544227233420765
2002-12-09,1.0,0.03214643362458222,0.5595579699414659
2002-12-10,1.0,0.039369202276725954,0.5618564181311111
2002-12-11,1.0,0.05509550732154042,0.5720675357831752
2002-12-12,1.0,0.04226397323697147,0.5891683036269513
2002-12-13,1.0,0.022556231568096007,0.5939295988450747
2002-12-16,1.0,0.026382887399984144,0.6071916137773723
2002-12-17,1.0,0.028686293073520424,0.5699208034419853
2002-12-18,1.0,0.0017464711177647867,0.5806572486443375
2002-12-19,1.0,0.01179530361247245,0.55886166169335
2002-12-20,1.0,0.024638927560429142,0.5589754149106042
2002-12-23,0.0,-0.005803004823659736,0.5774213598485934
2002-12-24,1.0,0.004319039250681762,0.5684411388320856
2002-12-25,1.0,0.012140631848830317,0.5809300859821155
2002-12-26,0.0,-0.010349380862003408,0.5717600775385967
2002-12-27,1.0,0.005710222510884272,0.5524133302572578
2002-12-30,1.0,0.021874523080341404,0.5561227098438187
2002-12-31,0.0,-0.0023011659802223733,0.5519917344497975
2003-01-01,1.0,0.01590502117892462,0.568272807841343
2003-01-02,1.0,0.01917631744505101,0.5464133937042852
2003-01-03,1.0,0.009915095392196444,0.5218131945738401
2003-01-06,1.0,0.009351159102050283,0.5144890054125989
2003-01-07,1.0,0.01173789600375357,0.5248941421635857
2003-01-08,0.0,-0.00817744981102985,0.52142659804158
2003-01-09,1.0,0.01323590147993734,0.5136834576216615
2003-01-10,1.0,0.005061166434160506,0.5309866284148221
2003-01-13,1.0,0.003378857219955916,0.5313593836020442
2003-01-14,1.0,0.018051540798353555,0.5270777499716623
2003-01-15,1.0,0.03115604232956648,0.5227679802032643
2003-01-16,1.0,0.015545073613395063,0.5117321681235869
2003-01-17,1.0,0.03228757286842695,0.5345337520968879
2003-01-20,1.0,0.038328375033147344,0.5274118335826028
2003-01-21,1.0,0.031639502974928936,0.49780600755023746
2003-01-22,1.0,0.011266950735099418,0.5173346999590389
2003-01-23,1.0,0.01990793863304237,0.5043004064824278
2003-01-24,0.0,-0.0002715915280138463,0.5201214467137217
2003-01-27,1.0,0.0037802124130335625,0.5175915191600908
2003-01-28,1.0,0.03198140651013218,0.512031733449127
2003-01-29,1.0,0.015724873293028255,0.5161092099539103
2003-01-30,0.0,-0.000810372815822793,0.5153156147853666
2003-01-31,1.0,0.00433663777618331,0.5243071078779266
2003-02-03,0.0,-0.024278333774807544,0.5303944226662791
2003-02-04,0.0,-0.04663118496776031,0.5291115281585637
2003-02-05,0.0,-0.052461994607341106,0.4630908337721982
2003-02-06,0.0,-0.03716364916916273,0.5318044334557978
2003-02-07,0.0,-0.05047515294573878,0.5277166599093693
2003-02-10,0.0,-0.04692114010393166,0.5205547859335178
2003-02-11,0.0,-0.05749148147677606,0.5746137763361815
2003-02-12,0.0,-0.00939910080978535,0.5182804013025871
2003-02-13,0.0,-0.012133331695523105,0.5402328766661414
2003-02-14,0.0,-0.0005690710069635672,0.5384575909504443
2003-02-17,1.0,0.03469706789915686,0.543850563204362
2003-02-18,1.0,0.023872286935472976,0.5568931229676295
2003-02-19,1.0,0.01392463533312699,0.5340548093038616
2003-02-20,0.0,-0.01949323584398578,0.5480688754979267
2003-02-21,0.0,-0.00399259050265817,0.5371646919628026
2003-02-24,0.0,-0.024619240020149816,0.5180325804634314
2003-02-25,1.0,0.006797930158231758,0.5014981831345068
2003-02-26,0.0,-0.0022602072060152207,0.5566276515470429
2003-02-27,1.0,0.030784816648056452,0.5297611148094415
2003-02-28,1.0,0.002283431847021793,0.5755496437511584
2003-03-03,1.0,0.015352113884615954,0.5851526141511438
2003-03-04,0.0,-0.010214303587870477,0.5627739892387463
2003-03-05,0.0,-0.022308947505382284,0.5850464146471225
2003-03-06,0.0,-0.06344438308287265,0.5813832631760368
2003-03-07,0.0,-0.04192143451095547,0.5676263490499203
2003-03-10,0.0,-0.051820565844304306,0.6135389193488243
2003-03-11,0.0,-0.03718656498473572,0.6118444102758445
2003-03-12,0.0,-0.027266420910540563,0.6387392885283752
2003-03-13,0.0,-0.00630065090663295,0.5525013407418673
2003-03-14,0.0,-0.03110154063240353,0.6092600024185028
2003-03-17,0.0,-0.0207152408974135,0.6131931307287334
2003-03-18,0.0,-0.027912976654306743,0.634641958135256
2003-03-19,0.0,-0.018599606231892264,0.6198518186468036
2003-03-20,0.0,-0.009070356969964265,0.5937938043334086
2003-03-21,1.0,0.01763231575272282,0.5619655152092042
2003-03-24,1.0,0.023385865630106868,0.5799891503717945
2003-03-25,1.0,0.01929223361039953,0.5868930096322875
2003-03-26,0.0,-0.0009088155730040956,0.6047643550582819
2003-03-27,0.0,-0.012223223230775793,0.5995525754953956
2003-03-28,0.0,-0.01916699990906298,0.5919544076712264
2003-03-31,0.0,-0.04361024118524097,0.583743954852387
2003-04-01,0.0,-0.03710323722752461,0.5866783890794036
2003-04-02,0.0,-0.009439777770691951,0.5823005060317207
2003-04-03,1.0,0.0039889589560516,0.587346071830949
2003-04-04,1.0,0.007649976108015395,0.6174672480476994
2003-04-07,1.0,0.0055564273223655414,0.5993061612632922
2003-04-08,1.0,0.006793294613605894,0.6074756429227067
2003-04-09,0.0,-0.001224552426096178,0.5921559738458998
2003-04-10,1.0,0.001835704967081568,0.6087677035425748
2003-04-11,0.0,-0.006422040420338297,0.5964408980852389
2003-04-14,1.0,0.026429241828984495,0.6088797176058703
2003-04-15,1.0,0.024321004216273538,0.6029888723794239
2003-04-16,1.0,0.014596579667789485,0.6168976508784929
2003-04-17,1.0,0.02206861024866933,0.6329352509971131
2003-04-18,1.0,0.022148963688269806,0.6415923300416988
2003-04-21,1.0,0.0008990111483534343,0.6085650356369263
2003-04-22,1.0,0.003896887425421157,0.6226896747900489
2003-04-23,1.0,0.021798414631222483,0.623944244193717
2003-04-24,1.0,0.021592084039642,0.625062699264576
2003-04-25,1.0,0.022842879907843765,0.6273534125534473
2003-04-28,1.0,0.02484967386468035,0.6130291062721203
2003-04-29,1.0,0.029478921626711636,0.6143763395941169
2003-04-30,1.0,0.010285133275352685,0.5999640741348452
2003-05-01,1.0,0.019989078062960644,0.6126507512520086
2003-05-02,1.0,0.022045852965745995,0.5935633423406833
2003-05-05,1.0,0.025956756479397224,0.5950985832998934
2003-05-06,1.0,0.01613635358314155,0.5644084003706205
2003-05-07,1.0,0.02995184301287758,0.5527895596138043
2003-05-08,1.0,0.009420566387120813,0.5278811912366563
2003-05-09,1.0,0.01763162410774427,0.5415195812836133
2003-05-12,1.0,0.04181793968332162,0.5288494967904288
2003-05-13,1.0,0.05044256818070225,0.5346565159703607
2003-05-14,1.0,0.052774676383593795,0.4984083690751555
2003-05-15,1.0,0.04200895850264973,0.5135007703608943
2003-05-16,1.0,0.038705591613877474,0.503299813209756
2003-05-19,1.0,0.011132344128021198,0.5166290086489848
2003-05-20,0.0,-0.004630899041330939,0.5209466768585874
2003-05-21,0.0,-0.017649114101383444,0.5199004692901295
2003-05-22,1.0,0.005975842854698782,0.5153946315911864
2003-05-23,0.0,-0.01172953982580764,0.5171958927134658
2003-05-26,0.0,-0.012225091129259267,0.5382673514516175
2003-05-27,0.0,-0.0027341097004681724,0.5171738999910365
2003-05-28,0.0,-0.01040872928614574,0.5284439485025805
2003-05-29,0.0,-0.0013550137574596468,0.49384648886583304
2003-05-30,0.0,-0.0019225493425197033,0.5105228776514554
2003-06-02,0.0,-0.010993652017902245,0.5095517734672838
2003-06-03,0.0,-0.03652482943938954,0.5114012019927132
2003-06-04,0.0,-0.01567850003642487,0.5111654632969853
2003-06-05,0.0,-0.04237687503706651,0.4662662020365094
2003-06-06,0.0,-0.01971190976165521,0.47936006167215917
2003-06-09,0.0,-0.007489632791326253,0.49341897180885763
2003-06-10,1.0,0.031309335871225696,0.4956945913384911
2003-06-11,1.0,0.004768592486463779,0.50224190262511
2003-06-12,1.0,0.02210498511202703,0.5241634513678485
2003-06-13,1.0,0.002044732726468081,0.49842795803628653
2003-06-16,0.0,-0.01727207158751383,0.47627646954113556
2003-06-17,0.0,-0.046618312156258127,0.4510937068662341
2003-06-18,0.0,-0.028238839858983473,0.4607143878169917
2003-06-19,0.0,-0.048769408884617,0.45704321630191885
2003-06-20,0.0,-0.03453084916111369,0.4753555967340051
2003-06-23,0.0,-0.018873880245016763,0.49428574442941037
2003-06-24,1.0,0.011325474076183532,0.49743910716276757
2003-06-25,1.0,0.011732857443715028,0.5195516437677903
2003-06-26,1.0,0.020135873760656356,0.5156304733029639
2003-06-27,1.0,0.016089989408896225,0.5232324251835384
2003-06-30,1.0,0.005326435971634992,0.5187535454140225
2003-07-01,0.0,-0.018124776943365555,0.4903960899380618
2003-07-02,0.0,-0.019970493447502576,0.5100020441615133
2003-07-03,0.0,-0.016365567670225522,0.4988714596785905
2003-07-04,0.0,-0.016234822489024917,0.5178057811865746
2003-07-07,0.0,-0.002731652909886723,0.5097233175852902
2003-07-08,0.0,-0.006699704640698134,0.5335441066556499
2003-07-09,0.0,-0.002906556326131964,0.551158495928081
2003-07-10,0.0,-0.0020283982613927207,0.552144700678785
2003-07-11,1.0,0.005921022425180312,0.578006332501552
2003-07-14,1.0,0.012731736244470085,0.5575372662782249
2003-07-15,1.0,0.024824481584063585,0.5299898535132982
2003-07-16,1.0,0.04579867483628012,0.5692715036814365
2003-07-17,1.0,0.047857376621878465,0.5623489492650183
2003-07-18,1.0,0.04366891012984405,0.5599411746196992
2003-07-21,1.0,0.0373875320716202,0.5612391836264039
2003-07-22,1.0,0.03115604232956648,0.5839696912874208
2003-07-23,0.0,-0.009217942365485399,0.5733531784312194
2003-07-24,0.0,-0.0203917680390246,0.5631156446082664
2003-07-25,0.0,-0.046841684640262865,0.5698489354487143
2003-07-28,0.0,-0.043947738142980745,0.5543353247847652
2003-07-29,0.0,-0.02745655034699447,0.5678932425983044
2003-07-30,0.0,-0.012992697953381394,0.6016221967830055
2003-07-31,0.0,-0.00424208780942575,0.6161977122196715
2003-08-01,1.0,0.0301630492329114,0.6294830518797615
2003-08-04,1.0,0.034869271388998826,0.6495018551440215
2003-08-05,1.0,0.01801596933373907,0.6367375423122217
2003-08-06,1.0,0.030655350294358293,0.6265222829733346
2003-08-07,1.0,0.03645367460039669,0.6101464919412296
2003-08-08,1.0,0.019431562128756453,0.5787948550205885
2003-08-11,0.0,-0.009719598872208468,0.5630687515501585
2003-08-12,1.0,0.00999314353594849,0.5854163781896549
2003-08-13,1.0,0.009740114042420417,0.5390283175221153
2003-08-14,0.0,-0.014311514393255809,0.5345434929362611
2003-08-15,0.0,-0.0022017347548526876,0.5612517482180284
2003-08-18,1.0,0.008060076986713615,0.5702363447983315
2003-08-19,1.0,0.006607043993392034,0.5506724024524731
2003-08-20,1.0,0.01705509666845956,0.5366783938597172
2003-08-21,1.0,0.02437141434912884,0.5462932158694374
2003-08-22,1.0,0.034126534401171256,0.5344615622167185
2003-08-25,1.0,0.03882137870537894,0.5422847340285912
2003-08-26,1.0,0.020370068809128405,0.5275272247019143
2003-08-27,1.0,0.0034833904461880213,0.5422221741505566
2003-08-28,1.0,0.00995970547860181,0.5642593639529164
2003-08-29,1.0,0.004781520598856583,0.5682851340307411
2003-09-01,0.0,-0.0007991476184494769,0.5649118998420353
2003-09-02,1.0,0.028361296618579706,0.5487697922986131
2003-09-03,1.0,0.017500115176607184,0.5615388358890174
2003-09-04,1.0,0.01804959419273474,0.5507122249380186
2003-09-05,0.0,-0.005580668217306114,0.5372278062564223
2003-09-08,0.0,-0.003202992195157354,0.5536154931124116
2003-09-09,0.0,-0.02487229683663023,0.553804378105897
2003-09-10,0.0,-0.009772925115926848,0.5586357315441209
2003-09-11,0.0,-0.010046350193904536,0.535945634024052
2003-09-12,1.0,0.01743539082082175,0.537648824276018
2003-09-15,1.0,0.034293579265188445,0.5479092072559298
2003-09-16,1.0,0.030345336299688944,0.5536645040299673
2003-09-17,1.0,0.031611827634347514,0.5384901208923346
2003-09-18,1.0,0.023632450743461337,0.5376655551309243
2003-09-19,0.0,-0.0026222645155959475,0.5016559102928784
2003-09-22,0.0,-0.012608212774430803,0.5310535374219694
2003-09-23,1.0,0.0015582395050136235,0.531389248075879
2003-09-24,0.0,-0.010599892421963731,0.5260987633316796
2003-09-25,0.0,-0.0065087446648697785,0.4956352723618523
2003-09-26,0.0,-0.030119547587901356,0.5150478413011056
2003-09-29,0.0,-0.024630482407999504,0.5334362258192253
2003-09-30,0.0,-0.023366775927871116,0.5180317257912423
2003-10-01,0.0,-0.02500130220541727,0.534849022801961
2003-10-02,0.0,-0.034005135915657035,0.5202956520349004
2003-10-03,1.0,0.009426409686627639,0.4364313504078498
2003-10-06,1.0,0.004814774581534761,0.5357532991307509
2003-10-07,0.0,-0.0031927657825599537,0.5250921982822359
2003-10-08,0.0,-0.0061481081123991276,0.5327611336064753
2003-10-09,1.0,0.004314419527827071,0.5161146812816372
2003-10-10,0.0,-0.003759907746220999,0.5255822350873308
2003-10-13,0.0,-0.0037428195009962975,0.5165908645425757
2003-10-14,1.0,0.014550521261699818,0.5337194801404215
2003-10-15,1.0,0.034004330502439804,0.5268106707048424
2003-10-16,1.0,0.03334083124740281,0.5208147563461656
2003-10-17,1.0,0.0444693104839488,0.5177582422093694
2003-10-20,1.0,0.03836014785824742,0.5260795378479802
2003-10-21,1.0,0.005500275783861377,0.5015129366279507
2003-10-22,1.0,0.0016831751238646276,0.4815334000530748
2003-10-23,0.0,-0.0018233920133998596,0.49199026280092917
2003-10-24,0.0,-0.011128479236545998,0.47421953708392584
2003-10-27,0.0,-0.029560091068254586,0.4981285413973143
2003-10-28,0.0,-0.008656927096355316,0.5095927000561478
2003-10-29,0.0,-0.013414279417228999,0.5111230772866588
2003-10-30,0.0,-0.009430325289511451,0.5081370353178423
2003-10-31,0.0,-0.0031278534558753296,0.5454147411906831
2003-11-03,1.0,0.024391453124159263,0.554059489035757
2003-11-04,1.0,0.021890124877181012,0.5614098431625237
2003-11-05,1.0,0.03276021618941089,0.5560183272278778
2003-11-06,1.0,0.03795963103861744,0.5616702962493809
2003-11-07,1.0,0.037155183384662546,0.5367959692725632
2003-11-10,1.0,0.01312760165175763,0.5199221033512142
2003-11-11,1.0,0.027458188759095985,0.5277986421413006
2003-11-12,1.0,0.0025345343690837564,0.5373978380383668
2003-11-13,0.0,-0.0005069066133127968,0.546140836349508
2003-11-14,0.0,-0.0037802464372038045,0.5646788154724235
2003-11-17,1.0,0.0010989995099982973,0.5298671112294
2003-11-18,0.0,-0.018987912244691343,0.5570363295199371
2003-11-19,1.0,0.004041940579269469,0.5577649937132105
2003-11-20,1.0,0.002026086548482835,0.5682752574039316
2003-11-21,1.0,0.0052883527931649995,0.5629638003117657
2003-11-24,1.0,0.02713935731487387,0.5522345433173981
2003-11-25,1.0,0.030209975150955356,0.5855313413476957
2003-11-26,1.0,0.020215312809732586,0.5264997398242022
2003-11-27,1.0,0.01879754596750242,0.5605372699286375
2003-11-28,1.0,0.020386038495760105,0.5444383586156334
2003-12-01,1.0,0.01112496022665457,0.5392890369389209
2003-12-02,1.0,0.012323014845256247,0.5242838835549823
2003-12-03,1.0,0.0017279688328217739,0.5430114141716255
2003-12-04,1.0,0.0054475806379151205,0.5341275177690764
2003-12-05,1.0,0.006133483408772465,0.5232838458277915
2003-12-08,1.0,0.007348471524791846,0.5344455473615439
2003-12-09,0.0,-0.002452484368420037,0.5380375417633828
2003-12-10,1.0,0.01735984915978591,0.5218441255850591
2003-12-11,1.0,0.014221154222378655,0.5247187732402814
2003-12-12,1.0,0.0012221952144709216,0.5202850810449418
2003-12-15,1.0,0.000731885858481135,0.5044061066314705
2003-12-16,1.0,0.008557509435222928,0.5154256883480636
2003-12-17,0.0,-0.0012127093409596637,0.5073552175314715
2003-12-18,1.0,0.005341763339348585,0.49945493587433837
2003-12-19,1.0,0.00705942561725102,0.5036425911692219
2003-12-22,1.0,0.0109868560889449,0.5087743607793651
2003-12-23,1.0,0.013301284377276098,0.5081005143705848
2003-12-24,1.0,0.008217568901597826,0.509023794992021
2003-12-25,1.0,0.00699809805797048,0.5103522944226394
2003-12-26,1.0,0.008694656874988202,0.49328990799053923
2003-12-29,1.0,0.021641683073107945,0.49251819771213096
2003-12-30,1.0,0.01454831287885208,0.501511883506017
2003-12-31,1.0,0.012201108297455963,0.4885500439488816
2004-01-01,1.0,0.019125777991938743,0.49985816042411413
2004-01-02,1.0,0.025006349121699377,0.4815509747498735
2004-01-05,1.0,0.001886570539503727,0.4945821604378456
2004-01-06,1.0,0.004252812080237969,0.4778243275984258
2004-01-07,0.0,-0.0014277218368102707,0.4933329046654506
2004-01-08,0.0,-0.03602868184661117,0.4739656135936926
2004-01-09,0.0,-0.0471322213372488,0.4761930619810717
2004-01-12,0.0,-0.04136696570182229,0.49199489425602916
2004-01-13,0.0,-0.027002835390306075,0.4983421277657684
2004-01-14,0.0,-0.0226379324168383,0.48087760622159226
2004-01-15,1.0,0.0011488213624332108,0.4876572819336234
2004-01-16,1.0,0.0032644875155238367,0.5345307999544555
2004-01-19,0.0,-0.007888614802697869,0.5475713002270216
2004-01-20,0.0,-0.006073876787716937,0.5106016485159338
2004-01-21,0.0,-0.0004872700790771188,0.5066591365382805
2004-01-22,0.0,-0.02473231045905927,0.4872063543689655
2004-01-23,0.0,-0.013892368074928295,0.48332728492524857
2004-01-26,0.0,-0.0142076168530816,0.48282576580606534
2004-01-27,0.0,-0.02642129000369271,0.4779370447190979
2004-01-28,0.0,-0.023672662586058355,0.4835591650748658
2004-01-29,0.0,-0.006027897192275607,0.46393173885952005
2004-01-30,1.0,0.002233805843240554,0.5394014018094735
2004-02-02,1.0,0.020867730272772105,0.5208217883531834
2004-02-03,1.0,0.016625693127185925,0.5784023953709067
2004-02-04,1.0,0.02562031992724207,0.5909913815880543
2004-02-05,1.0,0.036848877216135396,0.5730819975376666
2004-02-06,1.0,0.01671827506577536,0.5234235987031738
2004-02-09,1.0,0.01197472764528783,0.5396979053314004
2004-02-10,1.0,0.022388086799821433,0.5407619082334333
2004-02-11,0.0,-0.00048655882239541755,0.5153401417302524
2004-02-12,0.0,-0.004550827366515817,0.5293437486176648
2004-02-13,0.0,-0.03120223410126636,0.5110788554449381
2004-02-16,0.0,-0.03208963479593054,0.5521127373333411
2004-02-17,0.0,-0.02855942211073001,0.5439534262299923
2004-02-18,0.0,-0.03693108668422029,0.5557335812414702
2004-02-19,0.0,-0.03709603885199961,0.5881921599194159
2004-02-20,0.0,-0.003527784936241683,0.5633412131376265
2004-02-23,1.0,0.0022550748719675348,0.6433146416575158
2004-02-24,0.0,-0.027106691648539852,0.6281369295364623
2004-02-25,0.0,-0.0068406651350371266,0.6107190400022686
2004-02-26,0.0,-0.0050755089289767795,0.6432478057569162
2004-02-27,1.0,0.012791747032974742,0.6239823484629069
2004-03-01,1.0,0.004744078810221221,0.6249720478911647
2004-03-02,1.0,0.024379191817318235,0.6170747314081245
2004-03-03,1.0,0.017139676037803562,0.6345983034980787
2004-03-04,1.0,0.024801200834714862,0.6462002725670656
2004-03-05,0.0,-0.015066198354644178,0.6034799588803612
2004-03-08,0.0,-0.004919291255759069,0.6235636737544017
2004-03-09,0.0,-0.0012422361845911684,0.5973454365323029
2004-03-10,1.0,0.017833289943595735,0.5964330352960457
2004-03-11,1.0,0.020706402540459024,0.5991073984522011
2004-03-12,1.0,0.04235402718978297,0.6349746106972622
2004-03-15,1.0,0.043521861167010574,0.6462357291949422
2004-03-16,1.0,0.04258551008515759,0.6367586379037126
2004-03-17,1.0,0.019930177242384564,0.6246782624883384
2004-03-18,1.0,0.011841607679714173,0.6189343934223094
2004-03-19,1.0,0.023961850894141247,0.6166619774911947
2004-03-22,1.0,0.0014369539055007444,0.6004095574407236
2004-03-23,1.0,0.0026171796999349796,0.5949507568694411
2004-03-24,1.0,0.025892182766083054,0.6203917546625085
2004-03-25,1.0,0.022918535634514063,0.6313783600431196
2004-03-26,0.0,-0.004033220176683135,0.5868100946419174
2004-03-29,0.0,-0.00527895647034821,0.6126080069577255
2004-03-30,0.0,-0.0033321463652815414,0.6140178973265513
2004-03-31,0.0,-0.008004751394608522,0.5822902416787002
2004-04-01,0.0,-0.013830825118311551,0.5788059447532473
2004-04-02,0.0,-0.0014273821859663645,0.5761819982761692
2004-04-05,1.0,0.007191688673343753,0.5975022703555508
2004-04-06,0.0,-0.03099146467951938,0.6114367585979171
2004-04-07,0.0,-0.05465177270938409,0.5988140180874518
2004-04-08,0.0,-0.05053552644745822,0.5907004521128735
2004-04-09,0.0,-0.04753514914973029,0.6024121873193533
2004-04-12,0.0,-0.0429491408375072,0.5752012407054229
2004-04-13,0.0,-0.029446918669194123,0.5650648650054362
2004-04-14,0.0,-0.026563666626803716,0.6068426581545876
2004-04-15,0.0,-0.01615584805121405,0.6356990041903097
2004-04-16,0.0,-0.013826263492383523,0.6376658339077182
2004-04-19,0.0,-0.011788448529768692,0.6315632496120579
2004-04-20,1.0,0.00982870815546422,0.6265558535247863
2004-04-21,0.0,-0.01134471365431409,0.6165384568761434
2004-04-22,0.0,-0.013063710375303307,0.6100160707652065
2004-04-23,0.0,-0.021233849715566754,0.6076519562237077
2004-04-26,0.0,-0.02348544445043242,0.6087380538684697
2004-04-27,0.0,-0.015416024278170737,0.5854063452333744
2004-04-28,1.0,0.01951531955837903,0.5303962094667838
2004-04-29,0.0,-0.0002578648802324965,0.5641860817800564
2004-04-30,0.0,-0.020902132629596643,0.6075322759889417
2004-05-03,0.0,-0.02193585800915362,0.627088594834882
2004-05-04,0.0,-0.03842133835415459,0.6079981211345546
2004-05-05,0.0,-0.039207490100210365,0.5865031252674159
2004-05-06,0.0,-0.03383485610757711,0.6048093495209087
2004-05-07,0.0,-0.005559982551875194,0.5493515684243728
2004-05-10,1.0,0.0010555483233654899,0.5824921203005391
2004-05-11,0.0,-0.0018543051670891432,0.6164934184065874
2004-05-12,1.0,0.011359873929698113,0.6217992233363523
2004-05-13,1.0,0.012723829710171594,0.6085182404480491
2004-05-14,1.0,0.020237221523437366,0.5900386837703274
2004-05-17,1.0,0.016738981132025193,0.5771519078377466
2004-05-18,1.0,0.030036209376588786,0.599399276309811
2004-05-19,1.0,0.016338537725568824,0.5788596908156881
2004-05-20,1.0,0.03900287747650867,0.5924266631217094
2004-05-21,1.0,0.02314620498011047,0.5754199309754814
2004-05-24,1.0,0.02560631518843576,0.603094959993109
2004-05-25,1.0,0.015320100478182727,0.5798612028183452
2004-05-26,1.0,0.0071767577035027575,0.6054926323330491
2004-05-27,0.0,-0.01634565827009506,0.5813048932422346
2004-05-28,0.0,-0.008681274998744517,0.6022322219649289
2004-05-31,0.0,-0.004561011327562562,0.611114176595302
2004-06-01,0.0,-0.00839699590356419,0.5981517921659925
2004-06-02,0.0,-0.017779391292003045,0.5973730495133729
2004-06-03,0.0,-0.005940100110831565,0.627134991227498
2004-06-04,0.0,-0.013944706273444121,0.618469168999383
2004-06-07,0.0,-0.02624619973453747,0.6271593904094478
2004-06-08,0.0,-0.0058944301879080025,0.6247565785713893
2004-06-09,0.0,0.0,0.6130559653361735
2004-06-10,1.0,0.007303917982375123,0.6307550985552864
2004-06-11,1.0,0.026432126440527167,0.6416509216163128
2004-06-14,1.0,0.026500135744028028,0.6432213695760496
2004-06-15,1.0,0.015051304547488948,0.6252606243121707
2004-06-16,1.0,0.028448868856177832,0.6071027373430589
2004-06-17,1.0,0.033554340612877834,0.6220675919514822
2004-06-18,1.0,0.016826112690881093,0.5900990327232635
2004-06-21,1.0,0.01769200450213592,0.602965520308968
2004-06-22,0.0,-0.006095256966163527,0.6130467535637149
2004-06-23,0.0,-0.0037974729179737214,0.5994651204816422
2004-06-24,0.0,-0.01553721269365643,0.5925391325556921
2004-06-25,0.0,-0.00900568938261293,0.6238839168247962
2004-06-28,0.0,-0.006582181861311311,0.5969867580033001
2004-06-29,1.0,0.0005093594914659772,0.5943413314737667
2004-06-30,1.0,0.020585639696595118,0.6204438055002963
2004-07-01,1.0,0.0298566772183877,0.6399509548416383
2004-07-02,1.0,0.02408259385706148,0.6128878171490896
2004-07-05,1.0,0.024064669084651373,0.5851735396745875
2004-07-06,1.0,0.022407785484091024,0.5056763364919947
2004-07-07,1.0,0.007426695850823544,0.47694177988950043
2004-07-08,0.0,-0.009605985195352473,0.5235331195518665
2004-07-09,0.0,-0.002456098496135565,0.5427341171755333
2004-07-12,0.0,-0.0056538990337352615,0.5323001747155358
2004-07-13,0.0,-0.0037415858067663212,0.4991186223983784
2004-07-14,0.0,-0.021691201984047837,0.5305419633935653
2004-07-15,0.0,-0.022526293510714352,0.5401099346098236
2004-07-16,0.0,-0.04142158405001394,0.5216201782726486
2004-07-19,0.0,-0.042039918188290885,0.5265331481924762
2004-07-20,0.0,-0.03276899751607712,0.5063169005358654
2004-07-21,0.0,-0.02268769246963785,0.514738681056942
2004-07-22,0.0,-0.019167466441221817,0.5255833024649967
2004-07-23,1.0,0.0023041484848502955,0.5202139770820694
2004-07-26,1.0,0.008193619005892477,0.5425662676500238
2004-07-27,1.0,0.017407325502680523,0.516318608131068
2004-07-28,1.0,0.009749916876366949,0.5266151852178249
2004-07-29,1.0,0.013582986894310296,0.518466586406407
2004-07-30,1.0,0.022003922666443097,0.4899234085832629
2004-08-02,1.0,0.020444932218148724,0.4923865346767945
2004-08-03,1.0,0.011606034148845834,0.48026680428230495
2004-08-04,1.0,0.009655773152178691,0.48746045343486905
2004-08-05,1.0,0.002288330518012216,0.49142663724820934
2004-08-06,0.0,-0.0020032559597737026,0.45830317325371356
2004-08-09,1.0,0.004984433995668557,0.4848599551688645
2004-08-10,1.0,0.015926677327995825,0.5040621609987432
2004-08-11,1.0,0.022750981288422477,0.4891381004483085
2004-08-12,1.0,0.032236674472941415,0.5146042136303445
2004-08-13,1.0,0.03400598704594741,0.5023914919998157
2004-08-16,1.0,0.018961415169694126,0.4932631595381491
2004-08-17,0.0,-0.004701815145469323,0.4927782327389482
2004-08-18,1.0,0.004931584399997848,0.4897459762997537
2004-08-19,0.0,-0.0002459419589376165,0.4718856795584708
2004-08-20,0.0,-0.023285365794919098,0.5009595078945339
2004-08-23,0.0,-0.004645485126934808,0.5232662284172315
2004-08-24,1.0,0.016482537968008654,0.5297019201104866
2004-08-25,1.0,0.005641417954139746,0.5267259699951652
2004-08-26,0.0,-0.0004920654546327568,0.5281145265933656
2004-08-27,0.0,-0.005470609192384685,0.5289297674586583
2004-08-30,0.0,-0.013570403169262144,0.5266202136714533
2004-08-31,0.0,-0.029967571881143417,0.502789491379564
2004-09-01,0.0,-0.022759176535958294,0.5085967080490993
2004-09-02,0.0,-0.018378761444923977,0.5087865776687166
2004-09-03,1.0,0.004229914244150132,0.4812204549616885
2004-09-06,1.0,0.0034717951797277836,0.5189546605005595
2004-09-07,1.0,0.01909989957424209,0.5098401623663108
2004-09-08,1.0,0.013668204834706134,0.523841940121073
2004-09-09,1.0,0.013865083279679651,0.5423818346645237
2004-09-10,1.0,0.007174696783990142,0.5163084989685659
2004-09-13,1.0,0.0027194083507826915,0.5039049981983013
2004-09-14,1.0,0.00940264945910603,0.4984893233023869
2004-09-15,1.0,0.00541539784991654,0.5085862656011181
2004-09-16,1.0,0.013773003578041013,0.5005845817739419
2004-09-17,1.0,0.005359702066745204,0.49337340256826856
2004-09-20,1.0,0.008799584850859713,0.5127898341077315
2004-09-21,1.0,0.007303745188464087,0.4869974877051878
2004-09-22,1.0,0.013653753500075253,0.4857045607082022
2004-09-23,1.0,0.01960515725492286,0.4824962503434289
2004-09-24,1.0,0.028141588735420737,0.4915124872934148
2004-09-27,1.0,0.013176638352349165,0.4906146727108467
2004-09-28,1.0,0.015644121699567852,0.48482249482503115
2004-09-29,1.0,0.011867789712581213,0.4915103397175179
2004-09-30,0.0,-0.001435578665018091,0.5330722109593421
2004-10-01,1.0,0.007859939544299775,0.5493452723500426
2004-10-04,1.0,0.01913705095001987,0.5219929329816797
2004-10-05,0.0,-0.008393334645871933,0.5252439449790296
2004-10-06,0.0,-0.00390826867465365,0.5204878303505285
2004-10-07,1.0,0.00023940627358782934,0.5310642060283502
2004-10-08,0.0,-0.009458470191158076,0.5357649108939712
2004-10-11,0.0,-0.013837749135075371,0.5326890971572841
2004-10-12,1.0,0.011016756136167986,0.5051295907266148
2004-10-13,1.0,0.018753970717557376,0.5099980926226046
2004-10-14,1.0,0.014260491219157017,0.517324929449858
2004-10-15,1.0,0.012882281991413091,0.5213534294784091
2004-10-18,1.0,0.02888800382047423,0.5201849291954028
2004-10-19,1.0,0.016535158826743262,0.4940466489817919
2004-10-20,1.0,0.00028289210212476034,0.5083287367027156
2004-10-21,1.0,0.0014149277210258793,0.50159867553712
2004-10-22,1.0,0.01013165635709693,0.509991937843694
2004-10-25,0.0,-0.0021028045131634455,0.5316999999219878
2004-10-26,0.0,-0.012494269087630789,0.5281987114542651
2004-10-27,1.0,0.006109759341979662,0.5298112078769821
2004-10-28,1.0,0.012179562668379622,0.5201124060839747
2004-10-29,1.0,0.011599712478277695,0.517063685846899
2004-11-01,1.0,0.010238600202928869,0.5196057887879523
2004-11-02,1.0,0.03175240486683794,0.4919614467738758
2004-11-03,1.0,0.017878349427153606,0.4927874269825094
2004-11-04,1.0,0.01233198187871343,0.49298706686914745
2004-11-05,1.0,0.00986925614506412,0.5095831690646812
2004-11-08,1.0,0.011051108209272778,0.5230360158856571
2004-11-09,1.0,0.009833145775131613,0.5161999550519131
2004-11-10,1.0,0.022976442962179808,0.5128984831738909
2004-11-11,1.0,0.018386765895262468,0.5228869592041323
2004-11-12,1.0,0.020794059213093626,0.5327865460774892
2004-11-15,1.0,0.027528299509233516,0.5266574219438286
2004-11-16,1.0,0.017146500170672964,0.5215620766632786
2004-11-17,1.0,0.010959626585132892,0.532474762260055
2004-11-18,1.0,0.01953920696989677,0.5184921601949096
2004-11-19,1.0,0.010901109063092787,0.524994038468427
2004-11-22,1.0,0.011097811294366912,0.5298045595040534
2004-11-23,1.0,0.008686023430389943,0.5234931415178764
2004-11-24,1.0,0.011500734967449616,0.5335293096550269
2004-11-25,0.0,-0.005416578164269802,0.5196146969721215
2004-11-26,1.0,0.00870193297497567,0.4982466525414005
2004-11-29,0.0,-0.0037519355423616834,0.5057484402486978
2004-11-30,0.0,-0.00011088318467867323,0.5008373702220967
2004-12-01,0.0,-0.03161038302998883,0.5008049015929321
2004-12-02,0.0,-0.02696006724479343,0.4812512220753616
2004-12-03,0.0,-0.048768229775204223,0.4854282942545821
2004-12-06,0.0,-0.030077455237277836,0.5022501263569242
2004-12-07,0.0,-0.034521194368232984,0.4969222073277329
2004-12-08,0.0,0.0,0.45494776511335383
2004-12-09,0.0,-0.00022870211649151574,0.5008512813723356
2004-12-10,1.0,0.016672762599823296,0.5265777085690564
2004-12-13,1.0,0.009389527388795631,0.5271017643572886
2004-12-14,1.0,0.013680103904080176,0.5298494004490071
2004-12-15,0.0,-0.0020447581814783686,0.5008776937273809
2004-12-16,1.0,0.011461964836866866,0.4940062397177351
2004-12-17,1.0,0.0026013700130433073,0.49982091583747473
2004-12-20,1.0,0.0030653437575620364,0.5169957221747343
2004-12-21,1.0,0.004856845826739942,0.5177718408815953
2004-12-22,0.0,-0.007418855005405655,0.5211779506577172
2004-12-23,0.0,-0.009656642073664928,0.5181453533112556
2004-12-24,0.0,-0.009533609831693478,0.5333623397898674
2004-12-27,0.0,-0.03387439110041872,0.5240956662924888
2004-12-28,0.0,-0.03719010018766121,0.5255559070258119
2004-12-29,0.0,-0.02294422782665499,0.49332023584429424
2004-12-30,0.0,-0.03861357769549686,0.544093117730351
2004-12-31,0.0,-0.04525553568044943,0.5537565614906449
2005-01-03,0.0,-0.023364778454199014,0.5107374226234009
2005-01-04,0.0,-0.013895654581313756,0.5368282080227277
2005-01-05,0.0,-0.0009381963863972502,0.5553017552511725
2005-01-06,1.0,0.008977145097704153,0.5482731744585382
2005-01-07,1.0,0.009736481571199643,0.5622477820600855
2005-01-10,1.0,0.0059399528384074226,0.5949817246647013
2005-01-11,1.0,0.0033147893498594143,0.5927198469181506
2005-01-12,0.0,-0.007064670852191655,0.5573822132736671
2005-01-13,0.0,-0.006725292294287111,0.566388257500988
2005-01-14,1.0,0.009642595879585408,0.5605615296465666
2005-01-17,1.0,0.012290026143753014,0.5843838837148272
2005-01-18,0.0,-0.002011239956289733,0.5855971766604403
2005-01-19,1.0,0.008588793311483349,0.5855688952716414
2005-01-20,1.0,0.00907436549101108,0.5931422093871429
2005-01-21,0.0,-0.0005853087670757577,0.5632444889304585
2005-01-24,0.0,-0.011177244430070671,0.5910332931512061
2005-01-25,0.0,-0.00253756079865115,0.5682373913052842
2005-01-26,0.0,-0.011404996613990357,0.5823063339886246
2005-01-27,0.0,-0.021342996537899377,0.5918054416160845
2005-01-28,0.0,-0.029228645976288985,0.5866870319150802
2005-01-31,0.0,-0.022010457934288536,0.5828242014676676
2005-02-01,0.0,-0.02022063785703287,0.6010728472299368
2005-02-02,0.0,-0.020615831114923315,0.6148104097657016
2005-02-03,1.0,0.0014371259958480525,0.5826348126308736
2005-02-04,1.0,0.014839908524189233,0.5898882701554783
2005-02-07,1.0,0.02943667229512982,0.5852098210174569
2005-02-08,1.0,0.03113138278426153,0.5930674191492986
2005-02-09,1.0,0.028264954769108088,0.6022432837430199
2005-02-10,1.0,0.022179211338547625,0.5746598237439149
2005-02-11,1.0,0.015348464120724955,0.5742280767663005
2005-02-14,1.0,0.0039850029294449816,0.5659913651142853
2005-02-15,1.0,0.023445827914787415,0.5666865353161524
2005-02-16,1.0,0.021751366415676328,0.5632299809215747
2005-02-17,1.0,0.015286270800056009,0.5649280996302287
2005-02-18,1.0,0.018176838751048554,0.5765109912300385
2005-02-21,1.0,0.01900184620505302,0.5864449706998315
2005-02-22,0.0,-0.0074846339386266175,0.5753509438107314
2005-02-23,0.0,-0.0036887649896589895,0.5821342199113181
2005-02-24,0.0,-0.009497407501836974,0.577924061596194
2005-02-25,0.0,-0.0021850391075221697,0.5607457561079013
2005-02-28,0.0,-0.002528155793826667,0.5580746109689813
2005-03-01,1.0,0.018210432793780262,0.5446033632161411
2005-03-02,1.0,0.017515186474432554,0.5278671914417232
2005-03-03,1.0,0.028633032721408855,0.5409082201988349
2005-03-04,1.0,0.02422637676209504,0.5248646257849797
2005-03-07,1.0,0.014665833038536951,0.5333259912649261
2005-03-08,1.0,0.0003404255352024402,0.5147310951103916
2005-03-09,1.0,0.0057708788161640765,0.5192828752008113
2005-03-10,0.0,-0.007560228079565612,0.509104857695798
2005-03-11,0.0,-0.012665554361018976,0.4970805716963691
2005-03-14,0.0,-0.022404826327218682,0.5029436545276689
2005-03-15,0.0,-0.0313227805541771,0.5173150680755696
2005-03-16,0.0,-0.040995953762513464,0.5148810867683833
2005-03-17,0.0,-0.03183691933770727,0.5097687473880257
2005-03-18,0.0,-0.03348958582770854,0.5282995823394818
2005-03-21,0.0,-0.011663299930270642,0.5116014676198359
2005-03-22,0.0,-0.00236753078789778,0.5363639319887962
2005-03-23,1.0,0.0023482457661652884,0.5528845201147556
2005-03-24,1.0,0.007733809346685208,0.5647868985359464
2005-03-25,1.0,0.0032192524835828688,0.5792165658822395
2005-03-28,0.0,-0.0045858155501810926,0.5473863387893871
2005-03-29,0.0,-0.001761701083973043,0.5465242997262374
2005-03-30,1.0,0.0008205850058955129,0.5461598432912876
2005-03-31,0.0,-0.005736041480885289,0.5393696400879793
2005-04-01,1.0,0.0019921492496942296,0.5359217691421478
2005-04-04,1.0,0.008800291467460995,0.5454964672452653
2005-04-05,1.0,0.006678016733689086,0.5444753977854329
2005-04-06,1.0,0.005142601328880462,0.5356331214947747
2005-04-07,0.0,-0.004471121697210004,0.5442809482238509
2005-04-08,0.0,-0.0051643307266550816,0.5392186868818372
2005-04-11,0.0,-0.001519845969769791,0.536402947382206
2005-04-12,1.0,0.013454157944822446,0.5381183594274048
2005-04-13,1.0,0.013202276299494492,0.5434940028082538
2005-04-14,1.0,0.020010707754707563,0.5345644857690346
2005-04-15,1.0,0.0225722207015634,0.5493398795085185
2005-04-18,1.0,0.017052788382719262,0.5485270942668915
2005-04-19,1.0,0.007117467768863955,0.5704903470055231
2005-04-20,0.0,-0.00493623127658038,0.5601665683609605
2005-04-21,0.0,-0.0027084290316092942,0.5457020678439233
2005-04-22,0.0,-0.000483319725400742,0.537167457412493
2005-04-25,0.0,-0.01133615378633624,0.535251449320652
2005-04-26,0.0,-0.02127247844649777,0.5457166239100469
2005-04-27,0.0,-0.006169852337338787,0.5405038313570516
2005-04-28,0.0,-0.0023207251074812934,0.5428212886409862
2005-04-29,0.0,-0.01903402843241178,0.5303867727985452
2005-05-02,0.0,-0.008645923702543754,0.5397323416335071
2005-05-03,0.0,-0.003042717385520888,0.557305120770552
2005-05-04,0.0,-0.005599641323362921,0.5721970361997589
2005-05-05,0.0,-0.01876227645552289,0.5732565648017532
2005-05-06,0.0,-0.01370208066172068,0.596992731696827
2005-05-09,0.0,-0.015014764548216146,0.6125403053493406
2005-05-10,0.0,-0.018572722897974084,0.6066680690359488
2005-05-11,0.0,-0.01330762145896953,0.604117491793201
2005-05-12,0.0,-0.004270469123452208,0.5891027533769693
2005-05-13,0.0,-0.006562877800880806,0.5835403264962848
2005-05-16,0.0,-0.005254998358411706,0.587176979451092
2005-05-17,0.0,-0.0009556803976685132,0.5887516307946918
2005-05-18,0.0,-0.005230013109999239,0.5881440580599753
2005-05-19,0.0,-0.006679414146134019,0.5868137053461142
2005-05-20,1.0,0.0066818050769918026,0.5796998597400005
2005-05-23,1.0,0.002392059506826852,0.6013433356775275
2005-05-24,0.0,-0.002632840199663231,0.5917251475811828
2005-05-25,0.0,-0.009940796874066559,0.6052929471470889
2005-05-26,1.0,0.009528418922208768,0.6086760777061958
2005-05-27,1.0,0.004745530319946746,0.5930788575817588
2005-05-30,1.0,0.017525611382784023,0.6125903831228587
2005-05-31,1.0,0.017815198010096896,0.6043345248570191
2005-06-01,1.0,0.01848481467410316,0.5964036815209804
2005-06-02,1.0,0.004494389587839267,0.5527294151042975
2005-06-03,1.0,0.010830005793302499,0.5751856903531579
2005-06-06,1.0,0.0069018230339853515,0.5598835173630649
2005-06-07,1.0,0.0049319029042740395,0.5672121246172225
2005-06-08,1.0,0.013497065406719869,0.5488989257169983
2005-06-09,1.0,0.027813511044782233,0.5604701535657655
2005-06-10,1.0,0.0245184017862906,0.5393977409538092
2005-06-13,1.0,0.020766782284517844,0.5334688668175157
2005-06-14,1.0,0.027155172527472314,0.5467762682799662
2005-06-15,1.0,0.021337525979024972,0.520819488157835
2005-06-16,1.0,0.012885747598205717,0.5047126828885883
2005-06-17,1.0,0.005241579913122708,0.5199765356712664
2005-06-20,1.0,0.00432950431330819,0.5097116344628841
2005-06-21,0.0,-0.006978235718886849,0.4968158572698801
2005-06-22,0.0,-0.0020562036031481204,0.4997936340835879
2005-06-23,0.0,-0.013230119982944023,0.5130162129373497
2005-06-24,0.0,-0.02894074120652248,0.5117881523214244
2005-06-27,0.0,-0.02743055469788968,0.5245110768330997
2005-06-28,0.0,-0.027819986537649586,0.5176115018761334
2005-06-29,0.0,-0.0313378566624402,0.5210868898366202
2005-06-30,0.0,-0.026289754161975442,0.5269247126616419
2005-07-01,0.0,-0.010111785159025334,0.5256160891883895
2005-07-04,0.0,-0.004684946493603385,0.5590205633772574
2005-07-05,1.0,0.007877296626363621,0.5557006622128584
2005-07-06,1.0,0.0008020192442738004,0.5834512776515167
2005-07-07,0.0,-0.010903165608439855,0.552076831275091
2005-07-08,0.0,-0.0036701633573371843,0.5552101108345158
2005-07-11,0.0,-0.01145298545316651,0.5461003623431008
2005-07-12,0.0,-0.016174132178278643,0.5355781156148601
2005-07-13,0.0,-0.002242550364430103,0.5444097052790032
2005-07-14,1.0,0.014198061505292448,0.5413169485997339
2005-07-15,1.0,0.008150774555732114,0.5481761680080544
2005-07-18,1.0,0.011335580111088778,0.5600011119116827
2005-07-19,1.0,0.00806073591677262,0.5625256646122087
2005-07-20,1.0,0.005538221897313814,0.5450850594248194
2005-07-21,1.0,0.005623257554362039,0.5322673303373281
2005-07-22,1.0,0.011230815283993329,0.5378053158315913
2005-07-25,1.0,0.014801272485695677,0.5350335261071335
2005-07-26,1.0,0.02056627758147702,0.5336725455787942
2005-07-27,1.0,0.026210476417266468,0.5381763004347838
2005-07-28,1.0,0.022182055525974704,0.5183900941148584
2005-07-29,1.0,0.01729947421046493,0.532539326883336
2005-08-01,1.0,0.006457587015898627,0.5328493027972572
2005-08-02,1.0,0.005766363573468229,0.5234191495869848
2005-08-03,1.0,0.0018298266770761572,0.5108274537220527
2005-08-04,1.0,0.01878946052565939,0.5045276377437795
2005-08-05,1.0,0.020147823579557116,0.505852491355776
2005-08-08,1.0,0.016868419119440793,0.5044837114584908
2005-08-09,1.0,0.025769063099105902,0.505682961668149
2005-08-10,1.0,0.00569672270927432,0.5026268137087989
2005-08-11,0.0,-0.01400203544666648,0.5144786115674239
2005-08-12,0.0,-0.022437201868868183,0.5143178081942198
2005-08-15,0.0,-0.009539023046758835,0.5149603462245909
2005-08-16,0.0,-0.015700328150839493,0.5008228591162692
2005-08-17,0.0,-0.005536772065131883,0.5100497626232197
2005-08-18,0.0,-0.002276868014596094,0.5308508807178881
2005-08-19,1.0,0.0032036640672857427,0.5330901640430218
2005-08-22,0.0,-0.002971091203975983,0.5252802870886019
2005-08-23,0.0,-0.01745565681134115,0.5419902672651006
2005-08-24,0.0,-0.005659506210181043,0.5249769032476276
2005-08-25,1.0,0.010318136782149052,0.5360595458361741
2005-08-26,1.0,0.015191313568625152,0.5236374669615405
2005-08-29,1.0,0.019156153920488455,0.5157492628661894
2005-08-30,1.0,0.028325329048245175,0.502130508673045
2005-08-31,1.0,0.021594201974917803,0.5223571150705238
2005-09-01,1.0,0.009319104101711818,0.49238429795437444
2005-09-02,1.0,0.010743165098813115,0.49659047010925933
2005-09-05,1.0,0.009831382952763935,0.5024019997786466
2005-09-06,1.0,0.005614837884328981,0.4802481252806363
2005-09-07,1.0,0.012514129790875324,0.48291427547840815
2005-09-08,1.0,0.01849136450274318,0.4889442604542344
2005-09-09,1.0,0.023214640620142318,0.5165871803116573
2005-09-12,1.0,0.03280775377091101,0.5119683818693155
2005-09-13,1.0,0.0381218237827269,0.5008111152770094
2005-09-14,1.0,0.04780620890761744,0.5130935939426212
2005-09-15,1.0,0.022348510948393758,0.5541786249227566
2005-09-16,1.0,0.007584001681038696,0.5729129018121102
2005-09-19,1.0,0.00407988541020235,0.5647997096258136
2005-09-20,0.0,-0.0029146671468006646,0.5386566675704837
2005-09-21,0.0,-0.0071174677688639896,0.5681763866861946
2005-09-22,1.0,0.013003807201911915,0.5307590578856333
2005-09-23,1.0,0.012975357634902885,0.5563157048234137
2005-09-26,0.0,-0.0015011797800912497,0.5521506377759258
2005-09-27,1.0,0.008075414005545331,0.5374219958496969
2005-09-28,0.0,-0.009103141844726001,0.5594204350565032
2005-09-29,1.0,0.002749578720430992,0.5485601886280687
2005-09-30,1.0,0.011756741888589554,0.5261813683776915
2005-10-03,1.0,0.019741607358422217,0.5437000687544916
2005-10-04,1.0,0.019644911027419668,0.5323469510624574
2005-10-05,1.0,0.013146130647955534,0.5443454327000107
2005-10-06,0.0,-0.003915141766293154,0.5283050032559086
2005-10-07,0.0,-0.010904771656012209,0.52232999041158
2005-10-10,0.0,-0.0026126178950101582,0.5112283980653547
2005-10-11,0.0,-0.006964257334032453,0.5204938503455899
2005-10-12,0.0,-0.013576562162187314,0.4888306888214905
2005-10-13,0.0,-0.022299380268311988,0.523433578457006
2005-10-14,0.0,-0.006000509147921039,0.5224958138311913
2005-10-17,0.0,-0.01863242617271638,0.5247371426347803
2005-10-18,1.0,0.0008467401013949446,0.5234575675838917
2005-10-19,1.0,0.013682736181504514,0.48871243050176155
2005-10-20,1.0,0.026636863926639484,0.525376006633565
2005-10-21,1.0,0.014037109193907072,0.5275635861202188
2005-10-24,0.0,-0.00015046806343748572,0.53020245642034
2005-10-25,0.0,-0.02887241069327638,0.517937660211951
2005-10-26,0.0,-0.0165930050100407,0.5083443084420896
2005-10-27,0.0,-0.026853713108883574,0.4973288319846175
2005-10-28,0.0,-0.03566624450970946,0.5037955565603006
2005-10-31,0.0,-0.012067881484322005,0.4875868239300259
2005-11-01,1.0,0.003587155322150413,0.5015787307540669
2005-11-02,1.0,0.00838444124927688,0.5292880907692337
2005-11-03,1.0,0.012393067717274992,0.5202837862323426
2005-11-04,1.0,0.025498356359434617,0.5076117821274232
2005-11-07,1.0,0.01704280275414104,0.5267709057575283
2005-11-08,1.0,0.016614680819992428,0.5047161784604657
2005-11-09,1.0,0.02578333865752318,0.5016210414348685
2005-11-10,1.0,0.04020061697055891,0.5080915009544771
2005-11-11,1.0,0.035834111639411644,0.5021106859081078
2005-11-14,1.0,0.05059144387001224,0.49773331722187303
2005-11-15,1.0,0.05413012735151734,0.5069789475714279
2005-11-16,1.0,0.027167754446557998,0.5224227807987658
2005-11-17,1.0,0.015293971343217739,0.5454524921608015
2005-11-18,1.0,0.020940187473550288,0.5334340252948895
2005-11-21,1.0,0.014013919953322867,0.5460439237004128
2005-11-22,1.0,0.010499100847660921,0.5375461989678174
2005-11-23,1.0,0.0011769720711751865,0.5382545871751451
2005-11-24,1.0,0.020875240442840726,0.5550123087610037
2005-11-25,1.0,0.01460814803323442,0.5547861298684441
2005-11-28,1.0,0.021228849993279685,0.5597012548210412
2005-11-29,1.0,0.02294404445623425,0.5559115175584237
2005-11-30,1.0,0.0438837421068253,0.5528446982622772
2005-12-01,1.0,0.03362169509538941,0.5469614295033809
2005-12-02,1.0,0.04471602793625055,0.5620107410944528
2005-12-05,1.0,0.03586272116090487,0.5807747291821297
2005-12-06,1.0,0.014173618500268478,0.5696421024242727
2005-12-07,0.0,-0.017030851101405908,0.5509036261358724
2005-12-08,0.0,-0.0354491229041207,0.571010382245319
2005-12-09,0.0,-0.044994186528177285,0.5643439994928159
2005-12-12,0.0,-0.0469169197877516,0.546065721343492
2005-12-13,0.0,-0.05233896383811962,0.555571893636371
2005-12-14,0.0,-0.022300116576887276,0.5582688960092214
2005-12-15,1.0,0.002680407835255926,0.5857399963251335
2005-12-16,0.0,-0.0008747167668378107,0.5835555277941574
2005-12-19,1.0,0.002636457971103017,0.6060223954731898
2005-12-20,1.0,0.03129786028796437,0.5565325902729388
2005-12-21,1.0,0.04204467354988932,0.5976521189879983
2005-12-22,1.0,0.0246186164889167,0.5686912903225615
2005-12-23,1.0,0.02785039779233686,0.5744466662321537
2005-12-26,1.0,0.02299491736029707,0.580226303855083
2005-12-27,1.0,0.050392120584697046,0.5469080636999006
2005-12-28,1.0,0.033875741560695866,0.5271761032442523
2005-12-29,1.0,0.015167805427885626,0.5298430460459029
2005-12-30,1.0,0.04343366817033976,0.5337951810612899
2006-01-02,1.0,0.06019662343083155,0.5454488565463377
2006-01-03,1.0,0.015511387022718134,0.49307964924712394
2006-01-04,1.0,0.024217839468219985,0.49965744665726153
2006-01-05,1.0,0.04033407062670111,0.48912737395345823
2006-01-06,1.0,0.0316989239487157,0.4901250471756324
2006-01-09,1.0,0.02385029579169015,0.49461706911115266
2006-01-10,1.0,0.02241960302606178,0.5273837115216551
2006-01-11,0.0,-0.008345227027746331,0.5265830316387152
2006-01-12,1.0,0.020649166936808197,0.5123863363211381
2006-01-13,0.0,-0.005126694264785725,0.5282686980075815
2006-01-16,0.0,-0.0049928777045723,0.5531393158943898
2006-01-17,1.0,0.006825965070399891,0.5269123984751113
2006-01-18,1.0,0.03697262077936268,0.5294846353629579
2006-01-19,1.0,0.005096349713501163,0.5154723812971873
2006-01-20,1.0,0.008994755389281099,0.5264935263244563
2006-01-23,1.0,0.015872645364860126,0.5454010092458802
2006-01-24,1.0,0.018271018245525322,0.5329461444297022
2006-01-25,1.0,0.010505503814341935,0.499419800354158
2006-01-26,1.0,0.020391755709120194,0.5145388286303085
2006-01-27,1.0,0.01666114400462169,0.5104056569415949
2006-01-30,1.0,0.002723480708234232,0.5289567403422452
2006-01-31,0.0,-0.03660855389925842,0.5142118753123374
2006-02-01,0.0,-0.031944186504458065,0.5065385934535703
2006-02-02,0.0,-0.013725360637351112,0.5266500323698198
2006-02-03,0.0,-0.03196986260368723,0.5063576496667985
2006-02-06,0.0,-0.05324382909177912,0.523629875028094
2006-02-07,0.0,-0.0016423361355751716,0.46251217477336615
2006-02-08,0.0,-0.021074630073387227,0.5468861496966354
2006-02-09,0.0,-0.029214247858109943,0.5124586734226512
2006-02-10,1.0,0.0019943801370844584,0.49508915010322446
2006-02-13,1.0,0.028263405303565553,0.5503957182304472
2006-02-14,1.0,0.012342474496592561,0.5398413832244547
2006-02-15,1.0,0.0278518665138261,0.5489134514727498
2006-02-16,1.0,0.0012579879324254673,0.5682662378521692
2006-02-17,1.0,0.012509725303378055,0.548873124646642
2006-02-20,0.0,-0.003406053086058226,0.5427527973421474
2006-02-21,1.0,0.012904561190684357,0.5450071689978553
2006-02-22,1.0,0.013862405056544702,0.51697378969001
2006-02-23,1.0,0.03756620824876988,0.5368531878146742
2006-02-24,1.0,0.011294530666112986,0.539214526526793
2006-02-27,1.0,0.0025241156464470716,0.548656808072009
2006-02-28,0.0,-0.015885458569827652,0.5465516572907786
2006-03-01,0.0,-0.035069115599130264,0.5498076222849203
2006-03-02,0.0,-0.042662621658007,0.5285471860442394
2006-03-03,0.0,-0.04402174924183234,0.5491375618468932
2006-03-06,0.0,-0.017162736825417208,0.5194112959809667
2006-03-07,0.0,-0.0029898097016664987,0.5655997341444742
2006-03-08,1.0,0.017145882871359815,0.5426156940168277
2006-03-09,1.0,0.01697802822896178,0.5717807470059812
2006-03-10,1.0,0.02383347985564633,0.5723448227131414
2006-03-13,1.0,0.016352108544143724,0.5940062309831762
2006-03-14,1.0,0.0019036401524480287,0.5674302571594305
2006-03-15,0.0,-0.0038958146668694286,0.566072815566081
2006-03-16,0.0,-0.01013399914155386,0.560306623184645
2006-03-17,1.0,0.010823723772049975,0.5561679032412975
2006-03-20,1.0,0.02210034700066592,0.5609274123761746
2006-03-21,1.0,0.020615590734526255,0.5728640638577469
2006-03-22,1.0,0.04056052243091104,0.5812589923431487
2006-03-23,1.0,0.06827720379306051,0.590694157846482
2006-03-24,1.0,0.04113258845331811,0.5733778567824882
2006-03-27,1.0,0.03558354898122867,0.5757087637130773
2006-03-28,1.0,0.04016883590728903,0.5686243714579066
2006-03-29,1.0,0.025644637414920825,0.556244330200204
2006-03-30,1.0,0.011233700635138632,0.5846150817402402
2006-03-31,1.0,0.00886999418888538,0.5973014347824737
2006-04-03,1.0,0.020041088406053724,0.6035864969808847
2006-04-04,1.0,0.011371943822009846,0.5886181559766807
2006-04-05,1.0,0.016649076941500075,0.5882901765952507
2006-04-06,1.0,0.001963466735833651,0.6083844760164552
2006-04-07,1.0,0.02372913055418899,0.5870291400281867
2006-04-10,1.0,0.02261846148002889,0.6031538934445334
2006-04-11,1.0,0.04555823724414245,0.5783469581968403
2006-04-12,1.0,0.06755462389393124,0.5795347191771246
2006-04-13,1.0,0.02651999552370418,0.5713337928760697
2006-04-14,1.0,0.05010102186393115,0.5626676414728826
2006-04-17,1.0,0.01171651021977426,0.5796788069717944
2006-04-18,1.0,0.014752099521097913,0.5785971078489828
2006-04-19,0.0,-0.0024553705946432436,0.5821836376461275
2006-04-20,1.0,0.03391624544527832,0.507480583801836
2006-04-21,1.0,0.03174771246302883,0.5724418638965391
2006-04-24,1.0,0.05394002231822362,0.5559368977654896
2006-04-25,1.0,0.05928916525142752,0.5944891024263689
2006-04-26,1.0,0.04346478897450423,0.5985527443946379
2006-04-27,1.0,0.07018633648843207,0.5362173528714322
2006-04-28,1.0,0.0439161300364943,0.5710054842477351
2006-05-01,1.0,0.035391307971882044,0.551174948151223
2006-05-02,1.0,0.04688016173578724,0.5456816342986496
2006-05-03,1.0,0.059512794864519866,0.5245470057250152
2006-05-04,1.0,0.04965151780833419,0.5230869323264296
2006-05-05,1.0,0.044337306080072164,0.5482374926847987
2006-05-08,0.0,-0.001917263326041473,0.5077540956340028
2006-05-09,0.0,-0.015094083737060896,0.531334190478936
2006-05-10,0.0,-0.02982299874311325,0.5182488502836519
2006-05-11,0.0,-0.04583359833954885,0.5100664554972058
2006-05-12,0.0,-0.08340593954330272,0.5004439980595619
2006-05-15,0.0,-0.032024934831946614,0.44062601950706853
2006-05-16,0.0,-0.035231000150454765,0.5606097472399576
2006-05-17,0.0,-0.06991851339205442,0.510241511864685
2006-05-18,0.0,-0.04711342324303627,0.568106765371191
2006-05-19,0.0,-0.005948313123286208,0.5181530158261596
2006-05-22,0.0,-0.012701310476552392,0.5401145343214081
2006-05-23,0.0,-0.02061616142617565,0.5570891125512216
2006-05-24,1.0,0.0069990176060779905,0.5205070777458065
2006-05-25,0.0,-0.0332713234751481,0.6051232903480704
2006-05-26,0.0,-0.023996816774540755,0.5529441555679783
2006-05-29,0.0,-0.016530588416884182,0.5593846706636457
2006-05-30,0.0,-0.034672944659385634,0.542515049972056
2006-05-31,0.0,-0.02949138355949207,0.5020984926163728
2006-06-01,0.0,-0.026312013964594844,0.50957223291705
2006-06-02,0.0,-0.049381846543392005,0.544004089527929
2006-06-05,0.0,-0.053017087074695726,0.5677136450168787
2006-06-06,0.0,-0.11516021962539612,0.5633640966364226
2006-06-07,0.0,-0.11257870721269753,0.5536748421707796
2006-06-08,0.0,-0.060843765272184894,0.515412006710107
2006-06-09,0.0,-0.04426096821103425,0.5475075493391581
2006-06-12,0.0,-0.06671990842551319,0.5923925783615572
2006-06-13,1.0,0.024256396207110568,0.46884856343946696
2006-06-14,1.0,0.04847109330108563,0.5643933503492029
2006-06-15,1.0,0.00621924782535311,0.5945280404520077
2006-06-16,1.0,0.0032640468766248465,0.6066275639832078
2006-06-19,1.0,0.03477099521294086,0.6170561364441347
2006-06-20,1.0,0.005541619515470225,0.5801125230229013
2006-06-21,0.0,-0.012674657986395558,0.5701581270326689
2006-06-22,1.0,0.03219798598596327,0.5947887146300095
2006-06-23,1.0,0.05473048142115157,0.6139618499984704
2006-06-26,1.0,0.06329362012807126,0.6041807054032811
2006-06-27,1.0,0.0687176702803169,0.5944388627319633
2006-06-28,1.0,0.07949230065687234,0.6489696191104618
2006-06-29,1.0,0.05417166270834494,0.6230204400492219
2006-06-30,1.0,0.02152520662793203,0.6083811111329852
2006-07-03,1.0,0.001057997597968455,0.6167831556611056
2006-07-04,1.0,0.033624738784645614,0.6157221403218824
2006-07-05,1.0,0.036544451636817396,0.616454500646669
2006-07-06,1.0,0.04179777534069344,0.6329699774794924
2006-07-07,1.0,0.053979393563086966,0.6528845291306419
2006-07-10,1.0,0.029800655350788387,0.6617308434784059
2006-07-11,0.0,-0.01318183072908723,0.6643007549310503
2006-07-12,0.0,-0.013567596941245477,0.6722576531492628
2006-07-13,0.0,-0.04953659827634171,0.638747160959901
2006-07-14,0.0,-0.06919185666321243,0.6380778182196979
2006-07-17,0.0,-0.04416269017668321,0.5581083560828816
2006-07-18,0.0,-0.022234141176882622,0.6230939845407116
2006-07-19,0.0,-0.028404276430937087,0.6353205928794593
2006-07-20,1.0,0.009821861136180426,0.6628503544423233
2006-07-21,1.0,0.02391504966948796,0.6646954258858502
2006-07-24,1.0,0.03433271971439319,0.6513920729271234
2006-07-25,1.0,0.04378370192036361,0.6653424954858858
2006-07-26,1.0,0.04154202335251492,0.677826308101002
2006-07-27,1.0,0.01652542550893158,0.6515396385024274
2006-07-28,1.0,0.018341977627124372,0.6426841900791548
2006-07-31,1.0,0.01853187103146301,0.6273924439051336
2006-08-01,0.0,-0.0066543339565930445,0.6171522771356841
2006-08-02,0.0,-0.0018750773967960547,0.6204780431538155
2006-08-03,0.0,-0.013534710230806447,0.6151625036253553
2006-08-04,0.0,-0.02181392935123367,0.6120631817550637
2006-08-07,0.0,-0.03442532278639153,0.5920658029573868
2006-08-08,0.0,-0.028013036227674006,0.5854830288220875
2006-08-09,0.0,-0.03280777087364078,0.5591171676329887
2006-08-10,0.0,-0.03559663971759001,0.5155791024965385
2006-08-11,0.0,-0.02829961590125455,0.5158547753962938
2006-08-14,1.0,0.002231432229705318,0.5633377211200173
2006-08-15,1.0,0.0003200512109253792,0.5682105317139655
2006-08-16,0.0,-0.01072417760811336,0.5484298441142358
2006-08-17,1.0,0.011980068811804615,0.5193028763310151
2006-08-18,1.0,0.012332166989288807,0.5502509578120228
2006-08-21,0.0,-0.02143490922939485,0.534938925932145
2006-08-22,0.0,-0.016210686047981867,0.5264272941306093
2006-08-23,0.0,-0.004929054292568565,0.540390281300254
2006-08-24,1.0,0.009449898143750437,0.5107337866301949
2006-08-25,1.0,0.00467957071203778,0.5248100239238356
2006-08-28,1.0,0.018884294105182824,0.5257502407194278
2006-08-29,1.0,0.037267428573592054,0.5274687439362202
2006-08-30,1.0,0.023018143433013418,0.5286016742026084
2006-08-31,0.0,-0.016880072853577836,0.5100395035342898
2006-09-01,0.0,-0.023701817316273095,0.503255180660815
2006-09-04,0.0,-0.06046701252953004,0.510085188981096
2006-09-05,0.0,-0.08301725624842993,0.47964878922577925
2006-09-06,0.0,-0.07113113737318735,0.4809960311948221
2006-09-07,0.0,-0.06974009333364446,0.46489610312254764
2006-09-08,0.0,-0.05289730994373329,0.5032808941842645
2006-09-11,0.0,-0.004316284506287132,0.45990953511714666
2006-09-12,0.0,-0.023771681768429666,0.5589529035805967
2006-09-13,0.0,-0.022948932985544766,0.5658885599193113
2006-09-14,1.0,0.015438661038165302,0.5214384803103389
2006-09-15,1.0,0.017572077474382934,0.5679192827112793
2006-09-18,1.0,0.006112073356918697,0.543195964923401
2006-09-19,1.0,0.031487180638853744,0.5234932547487329
2006-09-20,1.0,0.044587434486201914,0.5576575980121056
2006-09-21,1.0,0.028850588091882175,0.5521683114919036
2006-09-22,1.0,0.014647959520859186,0.5617033676264025
2006-09-25,1.0,0.009936923870811585,0.5649704709348181
2006-09-26,0.0,-0.030006537595195358,0.5579330377653551
2006-09-27,0.0,-0.06172371672918909,0.5419819262351354
2006-09-28,0.0,-0.045942070175272166,0.5579212260436295
2006-09-29,0.0,-0.04128870322239487,0.5675076886808834
2006-10-02,0.0,-0.0333989128111155,0.5713710031791843
2006-10-03,0.0,-0.0026143805740708207,0.5482479774422288
2006-10-04,1.0,0.010526412986987603,0.5726322262249803
2006-10-05,1.0,0.008668570232327609,0.6253879485737459
2006-10-06,1.0,0.0279966761126715,0.6100795234153139
2006-10-09,1.0,0.03222510534842894,0.6196188399630622
2006-10-10,1.0,0.029406297348383646,0.586702311968299
2006-10-11,1.0,0.029575745794099582,0.5971705659221618
2006-10-12,1.0,0.03410867677998434,0.6091081008392677
2006-10-13,1.0,0.0018614101321786614,0.5694017558891554
2006-10-16,0.0,-0.023856133677364336,0.5754445519860989
2006-10-17,0.0,-0.006204601095608968,0.5492800736384744
2006-10-18,1.0,0.0014391536875468388,0.5693146099637867
2006-10-19,0.0,-0.0037608167681269355,0.560019485942586
2006-10-20,1.0,0.014184634991956602,0.5733164074427135
2006-10-23,1.0,0.03735521375671028,0.595461703583656
2006-10-24,1.0,0.03378218228696654,0.5983865315724703
2006-10-25,1.0,0.04394038251418051,0.5971345039771127
2006-10-26,1.0,0.04510319638508839,0.6073283188359834
2006-10-27,1.0,0.04473797734617968,0.5970816483165821
2006-10-30,1.0,0.031127747411843,0.5786771360997411
2006-10-31,1.0,0.02956200327099532,0.5862104593561321
2006-11-01,0.0,-0.0029187632201665378,0.5685881565388822
2006-11-02,1.0,0.013846387292198158,0.5556803626325244
2006-11-03,1.0,0.001831283604262324,0.539262553326816
2006-11-06,1.0,0.0040035284477793285,0.5455618387977066
2006-11-07,0.0,-0.006293771979592778,0.5313141078368763
2006-11-08,1.0,0.011784784059776442,0.5373795909030267
2006-11-09,0.0,-0.0242250153901969,0.5125900663848962
2006-11-10,0.0,-0.010957918085548066,0.5152656821713097
2006-11-13,0.0,-0.004485030744218051,0.49997098372827947
2006-11-14,1.0,0.010605844460055589,0.5146431832330699
2006-11-15,1.0,0.011488876968887918,0.5083078857024749
2006-11-16,1.0,0.020809074188043966,0.5171507953283221
2006-11-17,1.0,0.026194052568851357,0.5259761751825185
2006-11-20,1.0,0.02801924491495809,0.5198250576101565
2006-11-21,1.0,0.019724505347778573,0.4999437617465233
2006-11-22,1.0,0.010024157500380076,0.4890601775078235
2006-11-23,1.0,0.026188715762705136,0.4925647809781392
2006-11-24,1.0,0.01152840311159577,0.47242553900630946
2006-11-27,1.0,0.008703816215340046,0.48314561559930014
2006-11-28,1.0,0.004909802171006884,0.4712618033187394
2006-11-29,0.0,-0.008993433920524848,0.4745251776249116
2006-11-30,0.0,-0.02209413969528816,0.4717415175155444
2006-12-01,0.0,-0.03218849601473049,0.46867753700812903
2006-12-04,0.0,-0.024675203271162453,0.4446841910695322
2006-12-05,0.0,-0.020578797209022375,0.4314895103803848
2006-12-06,0.0,-0.003492898684970678,0.4152253249630184
2006-12-07,0.0,-0.01268583088295399,0.435458476053207
2006-12-08,0.0,-0.015800409322662946,0.42826358407881154
2006-12-11,0.0,-0.02278112476233561,0.4585551927847703
2006-12-12,0.0,-0.011332922570829735,0.43601921572925706
2006-12-13,0.0,-0.013304817657398839,0.41480677123083937
2006-12-14,0.0,-0.01181353394148996,0.43534328225249674
2006-12-15,1.0,0.009155973245061478,0.39196369374634277
2006-12-18,1.0,0.007275699031376154,0.43322968392613204
2006-12-19,1.0,0.002805275754652039,0.43102708412073754
2006-12-20,1.0,0.010836565279648082,0.4209217647097815
2006-12-21,1.0,0.026170314343861533,0.4267049041532212
2006-12-22,1.0,0.024951402159572582,0.4236959476920094
2006-12-25,1.0,0.025527210141897117,0.42800441906461284
2006-12-26,1.0,0.024977586837264577,0.4091918363048557
2006-12-27,1.0,0.0004782019697407506,0.4118076871687716
2006-12-28,0.0,-0.02052741343722478,0.3986571789900502
2006-12-29,0.0,-0.04711103441133136,0.4106802407995036
2007-01-01,0.0,-0.04299667736281624,0.41875812289258896
2007-01-02,0.0,-0.04274291194173753,0.40488072393685887
2007-01-03,0.0,-0.026155833971259288,0.3818682970540497
2007-01-04,0.0,-0.016861618684272217,0.4403454774889869
2007-01-05,1.0,0.032077916424549865,0.40806394328631607
2007-01-08,1.0,0.027009000063273007,0.4781830970220582
2007-01-09,1.0,0.017925389130424685,0.4684722814240958
2007-01-10,1.0,0.03298505133330509,0.45202600265487636
2007-01-11,1.0,0.025983871268578766,0.4580278676933537
2007-01-12,1.0,0.012989252799217598,0.40941128694791695
2007-01-15,1.0,0.010634176873909494,0.42729637596352477
2007-01-16,1.0,0.03445090992707102,0.42622000545524397
2007-01-17,1.0,0.026551614433218285,0.41077599052163105
2007-01-18,1.0,0.028891945240633765,0.4210598190303843
2007-01-19,1.0,0.016544781947186157,0.4514006785568031
2007-01-22,1.0,0.016130644954030757,0.4503221554012244
2007-01-23,1.0,0.0009273570989173507,0.425994780887955
2007-01-24,1.0,0.0067588582951069445,0.4288288977143913
2007-01-25,1.0,0.01703409559899324,0.42285793441286057
2007-01-26,1.0,0.002859684292217934,0.4377190306627994
2007-01-29,1.0,0.0073521207231802424,0.43170704163048157
2007-01-30,1.0,0.00922657629524008,0.4451349005552082
2007-01-31,0.0,-0.0026827134473694928,0.4473722877118579
2007-02-01,1.0,0.004933034706759402,0.4640717158203965
2007-02-02,1.0,0.028905944993583812,0.44788343514502393
2007-02-05,1.0,0.01932021455778186,0.4718883004658742
2007-02-06,1.0,0.016622142793218327,0.45497571405496
2007-02-07,1.0,0.026777713482043837,0.46392251757618264
2007-02-08,1.0,0.01398308755484559,0.4625447202838659
2007-02-09,1.0,0.003293662682594195,0.4558812863572675
2007-02-12,1.0,0.014491374966201068,0.44776136611613027
2007-02-13,0.0,-0.010594121029932244,0.46530288136031056
2007-02-14,1.0,0.014421828915305676,0.460477201490799
2007-02-15,1.0,0.011431240867722,0.4637319590786795
2007-02-16,1.0,0.019976988697989,0.4566669458223808
2007-02-19,1.0,0.023282566462027244,0.45505501936180603
2007-02-20,1.0,0.009238290752935138,0.4312506479327339
2007-02-21,0.0,-0.01409309781438349,0.45436518092586226
2007-02-22,0.0,-0.019376118514923327,0.47032371834741515
2007-02-23,0.0,-0.06054679171949698,0.4630125786004246
2007-02-26,0.0,-0.07553754091976826,0.4888661420996503
2007-02-27,0.0,-0.025729556151013695,0.40739559330678804
2007-02-28,0.0,-0.03087437552781675,0.4890727517056404
2007-03-01,0.0,-0.019221864374055764,0.4733987983263426
2007-03-02,1.0,0.012098668527271683,0.4484157127620485
2007-03-05,1.0,0.02159978310456738,0.5102878449288565
2007-03-06,0.0,-0.0041850793472044175,0.48016003116337697
2007-03-07,0.0,-0.0066476243875154845,0.49844191406955396
2007-03-08,0.0,-0.008009901112128322,0.48898212732461094
2007-03-09,1.0,0.004801837910208322,0.4460483678131701
2007-03-12,1.0,0.005671817151723704,0.44673468929141835
2007-03-13,1.0,0.023031879438777575,0.4449610218354293
2007-03-14,1.0,0.029798216626071773,0.4571332834825082
2007-03-15,1.0,0.026554284185101175,0.4672656026026829
2007-03-16,1.0,0.006103162063149257,0.45583342730753523
2007-03-19,1.0,0.015019625442384391,0.4604084290995692
2007-03-20,1.0,0.008479430496378258,0.4573655018397596
2007-03-21,1.0,0.0020304575503819213,0.4499769970241853
2007-03-22,0.0,-0.003772165921423524,0.4601783916753098
2007-03-23,1.0,0.009673173163732406,0.45336024379670964
2007-03-26,0.0,-0.00015059107023414407,0.4577849060254177
2007-03-27,0.0,-0.0006925833635269151,0.4734002563710923
2007-03-28,1.0,0.013135497469838438,0.44493730871015885
2007-03-29,1.0,0.019387560360678333,0.42690494298365916
2007-03-30,1.0,0.016746856478678258,0.43608957545401944
2007-04-02,1.0,0.010114339829299629,0.4325095145963946
2007-04-03,1.0,0.02079293900058325,0.44213381665874785
2007-04-04,1.0,0.00436504225799124,0.44929070936525667
2007-04-05,1.0,0.002443450180943444,0.45067120383720277
2007-04-06,1.0,0.015464983488333507,0.4542799460824504
2007-04-09,1.0,0.02858492135816964,0.4456120983635116
2007-04-10,1.0,0.012679271330840904,0.4523361784136763
2007-04-11,1.0,0.018649752513191124,0.4645280466798613
2007-04-12,1.0,0.01008065635226862,0.4580935703380006
2007-04-13,1.0,0.009336024311075867,0.4610555558345991
2007-04-16,0.0,-0.001522456523455238,0.4598719306595605
2007-04-17,0.0,-0.004232965012670044,0.45723328446845696
2007-04-18,0.0,-0.005522065910308561,0.4500260101163722
2007-04-19,0.0,-0.01207939855078681,0.4286084700780619
2007-04-20,0.0,-0.015144082655087359,0.4610799677559919
2007-04-23,0.0,-0.015648169548485913,0.4491353546077109
2007-04-24,0.0,-0.015032336710266742,0.45156718984609945
2007-04-25,0.0,-0.01927380539849662,0.47239138920091667
2007-04-26,1.0,0.011200470786008731,0.4495400497144479
2007-04-27,1.0,0.010653924473756186,0.4785925918067658
2007-04-30,1.0,0.015067575875162411,0.480713617017032
2007-05-01,1.0,0.017953539401039144,0.5015208239002144
2007-05-02,1.0,0.010933107352838782,0.5164174688519111
2007-05-03,0.0,-0.024778715806196623,0.4903045540209277
2007-05-04,0.0,-0.02647797545412732,0.4934886489823359
2007-05-07,0.0,-0.02797385204240618,0.49394876520830505
2007-05-08,0.0,-0.020034550928705788,0.4719908001281217
2007-05-09,0.0,-0.027409178405109196,0.4702391303457293
2007-05-10,0.0,-0.01209113196313853,0.4651593980007834
2007-05-11,0.0,-0.013657723929270043,0.5213572556754373
2007-05-14,0.0,-0.009752515406869135,0.5145481276370574
2007-05-15,0.0,-0.01922991728376121,0.5034349594453582
2007-05-16,0.0,-0.0004531722131935062,0.49650756817036257
2007-05-17,0.0,-0.004572133241025311,0.5095554374519154
2007-05-18,0.0,-0.00872705216312156,0.5367112709593151
2007-05-21,0.0,-0.01167741507243833,0.536855628701824
2007-05-22,0.0,-0.003647143317878944,0.5343637720721571
2007-05-23,0.0,-0.012772925116734888,0.5255068213356503
2007-05-24,1.0,0.008896382288617694,0.5087982316747743
2007-05-25,1.0,0.02372545855151149,0.5469539154581494
2007-05-28,1.0,0.023518080988234394,0.5757447321874859
2007-05-29,1.0,0.01989665455072011,0.5585061427033179
2007-05-30,1.0,0.026130470262688592,0.5625746934715474
2007-05-31,0.0,-0.0020459977584011274,0.5564717987627051
2007-06-01,0.0,-0.03468468231236109,0.5366428313666317
2007-06-04,0.0,-0.026420618925776053,0.5380198279371577
2007-06-05,0.0,-0.03461971783459028,0.5409681940180953
2007-06-06,0.0,-0.02873543649212237,0.5258224645359588
2007-06-07,0.0,-0.010983254334497537,0.5626284831450069
2007-06-08,1.0,0.00996787888231506,0.5659703898258199
2007-06-11,1.0,0.004122143241547355,0.603689615453051
2007-06-12,1.0,0.02170177627674221,0.5918550612658308
2007-06-13,1.0,0.004286923812496841,0.6063302185982467
2007-06-14,0.0,-0.0003375061396790859,0.6006963259371548
2007-06-15,0.0,-0.0016034821898616174,0.5908047070282437
2007-06-18,0.0,-0.008184541040847216,0.5950012244736084
2007-06-19,0.0,-0.031560956398208,0.5772429132794309
2007-06-20,0.0,-0.017025949589926655,0.5815783808394863
2007-06-21,0.0,-0.004274693596034299,0.5917055021039932
2007-06-22,0.0,-0.007132205546947673,0.6051291652093412
2007-06-25,1.0,0.009554821401421373,0.6112370708661443
2007-06-26,1.0,0.019009922586128977,0.5710909893709237
2007-06-27,1.0,0.016491088068102202,0.6077827628041982
2007-06-28,1.0,0.0008471639768860744,0.5931186282342148
2007-06-29,1.0,0.009574581970944337,0.5888239742241194
2007-07-02,1.0,0.0047812484359822565,0.5650545572531501
2007-07-03,1.0,0.015344015435200021,0.5662543281773716
2007-07-04,1.0,0.009811083755942298,0.5799536360125275
2007-07-05,1.0,0.02628731476598474,0.5684490280406156
2007-07-06,1.0,0.01663177133857075,0.5858929825339804
2007-07-09,1.0,0.006790941362436377,0.5912988033802553
2007-07-10,1.0,0.0024092768768989516,0.5940518243451449
2007-07-11,1.0,0.018521130784502012,0.5843461168339209
2007-07-12,1.0,0.015919401877217156,0.5826171609863561
2007-07-13,1.0,0.024440230042930774,0.5780640053142644
2007-07-16,1.0,0.02480632210669667,0.5844231349022173
2007-07-17,1.0,0.023925652741103053,0.5838934411494276
2007-07-18,1.0,0.002819202104632995,0.5855652242536884
2007-07-19,0.0,-0.021785403506510165,0.5815576905814377
2007-07-20,0.0,-0.03302397373432224,0.565543054531411
2007-07-23,0.0,-0.02465593485925187,0.5634343032942488
2007-07-24,0.0,-0.024828451478316915,0.5586332624846198
2007-07-25,0.0,-0.011924422111100268,0.5598101293431401
2007-07-26,1.0,0.003989617245682319,0.5678962199742965
2007-07-27,1.0,0.017688963697858655,0.5998659911175906
2007-07-30,1.0,0.010486180708956065,0.5965821023631589
2007-07-31,1.0,0.012119546863265034,0.5875480769952443
2007-08-01,1.0,0.011776241033552577,0.5762963496707776
2007-08-02,0.0,-0.005197164562227674,0.567356185989459
2007-08-03,0.0,-0.00029722098598961597,0.5570961247693501
2007-08-06,0.0,-0.003742056233583027,0.5631758308973377
2007-08-07,0.0,-0.004770432421791515,0.5576957574360997
2007-08-08,0.0,-0.010727158884133075,0.5493971959653559
2007-08-09,0.0,-0.015356702698451649,0.5307080719064486
2007-08-10,0.0,-0.022547174903781688,0.5407629096923584
2007-08-13,0.0,-0.018679732959395786,0.5627567285531969
2007-08-14,0.0,-0.017942433843138525,0.5607940501756171
2007-08-15,0.0,-0.010237969580911851,0.5495119877868171
2007-08-16,1.0,0.012755527679080055,0.49597086502695487
2007-08-17,1.0,0.01568659616769969,0.5447659054511897
2007-08-20,1.0,0.01583775961584871,0.5753572585674903
2007-08-21,1.0,0.0078800225908469,0.5710431312038698
2007-08-22,1.0,0.010237969580911863,0.5624329962669546
2007-08-23,1.0,0.007422639836412945,0.5472115614772307
2007-08-24,1.0,0.007751976804317924,0.545325029409806
2007-08-27,1.0,0.007342659023047318,0.5462613305855685
2007-08-28,1.0,0.028495771771761453,0.540876011505053
2007-08-29,1.0,0.02104716791612253,0.555798077857859
2007-08-30,1.0,0.04426353293535207,0.5462833580613268
2007-08-31,1.0,0.040168380307615964,0.5365607262577574
2007-09-03,1.0,0.04446727839438829,0.5455436681633092
2007-09-04,1.0,0.044263582510667046,0.5239737546132687
2007-09-05,1.0,0.04277959608787755,0.5258122667005003
2007-09-06,1.0,0.018366133076382938,0.5658697342737072
2007-09-07,1.0,0.00937107525104011,0.5670312685577568
2007-09-10,1.0,0.020831154377321696,0.5700293638556859
2007-09-11,1.0,0.01532063392873292,0.5824797295041645
2007-09-12,1.0,0.013677812677758411,0.5614346140194223
2007-09-13,1.0,0.0346326129183873,0.5725625603271051
2007-09-14,1.0,0.03321825817454875,0.5614774413214669
2007-09-17,1.0,0.01753583077874488,0.5694081778234087
2007-09-18,1.0,0.01127004781844589,0.5671582390494524
2007-09-19,1.0,0.010205577476309855,0.5672953345303601
2007-09-20,1.0,0.0015943424671938905,0.568537102288118
2007-09-21,1.0,0.01640603538710994,0.5523485213241314
2007-09-24,1.0,0.02246677255345069,0.5632007190552333
2007-09-25,0.0,-0.00013667737327365705,0.55812898006276
2007-09-26,0.0,-0.0012356698215363158,0.5480040142776996
2007-09-27,1.0,0.004849136455314483,0.5622089105507234
2007-09-28,0.0,-0.0012110611720381858,0.5608422902469078
2007-10-01,0.0,-0.01877799181487915,0.5650786446094844
2007-10-02,1.0,0.008574397547610227,0.5250521582617145
2007-10-03,1.0,0.017971892833101046,0.5607869109883776
2007-10-04,1.0,0.013298712696600818,0.5520697105665437
2007-10-05,1.0,0.008580291278586453,0.5472071752507373
2007-10-08,1.0,0.03497375269794809,0.5584191023044013
2007-10-09,1.0,0.03016779763502662,0.5400904743902958
2007-10-10,1.0,0.018343741271361135,0.5368692903022724
2007-10-11,1.0,0.026807578614731153,0.5402530808285675
2007-10-12,1.0,0.02126475161226071,0.5510523419477806
2007-10-15,0.0,-0.0068710629734451195,0.5544817673509785
2007-10-16,0.0,-0.0009208709458224053,0.5316339756885226
2007-10-17,1.0,0.012023031770049084,0.5210865991624496
2007-10-18,1.0,0.0014308945530843327,0.5352542432754914
2007-10-19,1.0,0.02580122483620811,0.5146043762340224
2007-10-22,1.0,0.04865124984777329,0.5012053423324295
2007-10-23,1.0,0.02892736885404065,0.5428114730843439
2007-10-24,1.0,0.041837775318281555,0.5258119142731704
2007-10-25,1.0,0.02312835972553257,0.5352821979526841
2007-10-26,1.0,0.02738520586764283,0.5418796590861568
2007-10-29,1.0,0.018395062893233345,0.5357439988737059
2007-10-30,1.0,0.05340077672711525,0.5277220109360758
2007-10-31,1.0,0.04239797492316717,0.535680532478843
2007-11-01,1.0,0.05713230457549805,0.5160710003301683
2007-11-02,1.0,0.03050877255125971,0.5370255877610862
2007-11-05,0.0,-0.016250357598799784,0.5389198868866405
2007-11-06,0.0,-0.028274778468166447,0.5359987543163235
2007-11-07,0.0,-0.02329933032907562,0.5214899349061827
2007-11-08,0.0,-0.05567268191432365,0.4874635997627053
2007-11-09,0.0,-0.0564940418237383,0.5153058870596267
2007-11-12,0.0,-0.014918543628513092,0.4375603218057392
2007-11-13,1.0,0.0014951410709503161,0.5172534907362737
2007-11-14,0.0,-0.014427114221842358,0.528301634269579
2007-11-15,1.0,0.020189263127964686,0.4824664964021543
2007-11-16,1.0,0.04658938300451009,0.5451714243202891
2007-11-19,1.0,0.05336342393484907,0.5025384643451508
2007-11-20,1.0,0.011622928362738871,0.5030828617879738
2007-11-21,1.0,0.005619427303423254,0.5295906097841133
2007-11-22,0.0,-0.01434676585713583,0.5244585593636081
2007-11-23,0.0,-0.04983769005484986,0.49310860847531873
2007-11-26,0.0,-0.037437196633713365,0.4719948664498881
2007-11-27,0.0,-0.013492204251297534,0.4889821200052238
2007-11-28,0.0,-0.012100298890752847,0.48951803601636834
2007-11-29,1.0,0.011720671438999623,0.5173658594457748
2007-11-30,1.0,0.014000418730531271,0.5287635862895013
2007-12-03,1.0,0.017756560441065272,0.5490530211054427
2007-12-04,0.0,-0.005904888676439006,0.5260140568181855
2007-12-05,1.0,0.02279056512894983,0.5172530564171364
2007-12-06,0.0,-0.005999868002497071,0.5052252546615434
2007-12-07,0.0,-0.0003901113125124669,0.5168015304031737
2007-12-10,0.0,-0.01895329790005299,0.5453959427709493
2007-12-11,1.0,0.00737567880559041,0.5398942751576471
2007-12-12,0.0,-0.013975853691891684,0.5399962299753034
2007-12-13,0.0,-0.0015558346927614457,0.5363164739891616
2007-12-14,1.0,0.021455053743618804,0.5508243766956383
2007-12-17,1.0,0.022989518224698562,0.5724510977223097
2007-12-18,1.0,0.005118405091891315,0.5511875398371053
2007-12-19,1.0,0.02743165446067076,0.5702282054043895
2007-12-20,1.0,0.03600971076150555,0.5501895996000057
2007-12-21,1.0,0.034841499739902276,0.5452807989035137
2007-12-24,1.0,0.026883470091628264,0.5433976099004613
2007-12-25,1.0,0.03254995714661902,0.5509680390461625
2007-12-26,1.0,0.03930234437843626,0.5577017215472961
2007-12-27,1.0,0.046562409174123714,0.5489599742748716
2007-12-28,1.0,0.022470211919685148,0.5732914194302677
2007-12-31,1.0,0.02865308779274828,0.550999236731911
2008-01-01,1.0,0.05195518396249329,0.5680433780568641
2008-01-02,1.0,0.02447785413236507,0.5741249120247193
2008-01-03,1.0,0.032273891905998185,0.5728555195109695
2008-01-04,1.0,0.04080338103850981,0.5814835593614744
2008-01-07,1.0,0.05218259307374485,0.5722786073780668
2008-01-08,1.0,0.01125553988539743,0.5698400154121124
2008-01-09,0.0,-0.0020161411976805034,0.5671617382811835
2008-01-10,0.0,-0.017549262958554922,0.580069661661985
2008-01-11,0.0,-0.013752838252243535,0.5897327990776784
2008-01-14,0.0,-0.04424364843103934,0.565405245145542
2008-01-15,1.0,0.004762876609558784,0.557605750276163
2008-01-16,1.0,0.01503974935239522,0.5759732258776525
2008-01-17,1.0,0.039198365810280904,0.623176399659143
2008-01-18,1.0,0.03425815780799151,0.6014964387896616
2008-01-21,1.0,0.07134693857259196,0.5926963291300369
2008-01-22,1.0,0.03460507176958313,0.5745822730399868
2008-01-23,1.0,0.04295826798570823,0.5592614172927857
2008-01-24,1.0,0.014291861892279977,0.5670745513866478
2008-01-25,0.0,-0.009310675527687991,0.5477299118246957
2008-01-28,0.0,-0.02771179484304893,0.5514557588814288
2008-01-29,0.0,-0.03928913153256318,0.5558923487131322
2008-01-30,0.0,-0.03147800878340657,0.5290848516155029
2008-01-31,0.0,-0.01685855336806244,0.5476268450538644
2008-02-01,1.0,0.019153210373050015,0.5176916356788945
2008-02-04,1.0,0.02180614897787245,0.5529954846366328
2008-02-05,1.0,0.020306510885235402,0.5435511338392565
2008-02-06,1.0,0.006640130639277557,0.5626786344521205
2008-02-07,0.0,-0.0025402634198859646,0.550270951884283
2008-02-08,0.0,-0.022449710000939104,0.5122588435232612
2008-02-11,0.0,-0.02001488587991225,0.5066820550948841
2008-02-12,1.0,0.02334651532137053,0.4759174807082303
2008-02-13,1.0,0.04053075423172197,0.5155915910837086
2008-02-14,1.0,0.04088365304654771,0.528730283651227
2008-02-15,1.0,0.046227855105716815,0.5203519777166509
2008-02-18,1.0,0.037298339025375445,0.5541074040534139
2008-02-19,1.0,0.021696525268774053,0.49951919337039313
2008-02-20,1.0,0.014448656670117204,0.501543906261162
2008-02-21,1.0,0.025710395534901877,0.493310614776386
2008-02-22,1.0,0.030189281087479494,0.4811120175850141
2008-02-25,1.0,0.04586671973395459,0.4696229324691666
2008-02-26,1.0,0.016588950414307812,0.4899668997228786
2008-02-27,1.0,0.03282215310919736,0.5186998776971052
2008-02-28,1.0,0.008462760728445167,0.5261823355000055
2008-02-29,0.0,-0.0009962154908646546,0.5274742805683478
2008-03-03,0.0,-0.011101343731096133,0.5225438433069339
2008-03-04,1.0,0.009590691431722611,0.5024501179321864
2008-03-05,0.0,-0.006964995486070477,0.5365942348968848
2008-03-06,1.0,0.016050440316236755,0.5157014359240459
2008-03-07,1.0,0.030111325361339123,0.5253926699921234
2008-03-10,1.0,0.030232011742263646,0.5337236620740021
2008-03-11,1.0,0.00914331824673838,0.5227294360258629
2008-03-12,0.0,-0.040199898919528805,0.5529505827195099
2008-03-13,0.0,-0.08890751270744067,0.5359097672820056
2008-03-14,0.0,-0.08687089222633083,0.5371614870494947
2008-03-17,0.0,-0.09119976013914606,0.49845323264318875
2008-03-18,0.0,-0.04525451772132178,0.4885000393376538
2008-03-19,1.0,0.010503844525878495,0.4780565682501026
2008-03-20,1.0,0.03984590854719956,0.5392346311371394
2008-03-21,1.0,0.012482937483395518,0.6178590652936211
2008-03-24,1.0,0.0017247217977101792,0.6134273105350936
2008-03-25,0.0,-0.06159576793167717,0.6072415408878122
2008-03-26,0.0,-0.053625399034540645,0.5586222748745012
2008-03-27,0.0,-0.04789845881630784,0.5187211679322729
2008-03-28,0.0,-0.01871219577211416,0.5250702632827403
2008-03-31,1.0,0.003397067854642249,0.544991726604463
2008-04-01,1.0,0.03582937765930226,0.560862591897707
2008-04-02,1.0,0.03225998462531825,0.6281498350597454
2008-04-03,1.0,0.02848616917982202,0.6114666080508678
2008-04-04,1.0,0.012517223499327301,0.6147074986258009
2008-04-07,1.0,0.0048252960332759295,0.5888494080133407
2008-04-08,1.0,0.01411997563895846,0.5592126976301371
2008-04-09,1.0,0.011274532685500221,0.5671416887141303
2008-04-10,1.0,0.010504489483613063,0.5658534893376698
2008-04-11,0.0,-0.008912395685855352,0.5863053566639662
2008-04-14,0.0,-0.008375067283683896,0.6134165058887161
2008-04-15,0.0,-0.013027556915506177,0.5990081052773975
2008-04-16,0.0,-0.04364510008213546,0.6188991221271618
2008-04-17,0.0,-0.05773879727281819,0.6194827556851809
2008-04-18,0.0,-0.03415011982477691,0.5876012362435273
2008-04-21,0.0,-0.02594620687765581,0.6399042432467894
2008-04-22,0.0,-0.05083942920069815,0.6469021439360062
2008-04-23,0.0,-0.029971937058508247,0.6394368915708245
2008-04-24,0.0,-0.03845588095604626,0.6592692863749688
2008-04-25,0.0,-0.034259554800358166,0.6637159334432262
2008-04-28,0.0,-0.021568509485807904,0.6861100356612115
2008-04-29,1.0,0.0067548485130676334,0.648169175774265
2008-04-30,0.0,-0.010078536894697175,0.6757046751818826
2008-05-01,1.0,0.033614187768369726,0.6071688204980937
2008-05-02,1.0,0.03262220017320003,0.6626827652264563
2008-05-05,1.0,0.009653551585665556,0.6676461644316954
2008-05-06,0.0,-0.01084130273062952,0.630356760856118
2008-05-07,0.0,-0.005482628074946317,0.6256818910937019
2008-05-08,0.0,-0.00022682166244115037,0.6131209078123997
2008-05-09,1.0,0.01963974162660036,0.603107173182685
2008-05-12,1.0,0.025193179744502574,0.6317897980292454
2008-05-13,1.0,0.058576815190699454,0.6146071503969228
2008-05-14,1.0,0.07635000057940047,0.6464674344437696
2008-05-15,1.0,0.04458736866246737,0.6424226608318867
2008-05-16,1.0,0.02484395903347855,0.6481401106856652
2008-05-19,1.0,0.02606046188788441,0.6507884091440872
2008-05-20,0.0,-0.014022248705704062,0.6337887285935222
2008-05-21,0.0,-0.034584007321747,0.6283208137826403
2008-05-22,0.0,-0.048849828584236796,0.6286258080653695
2008-05-23,0.0,-0.04262071426301037,0.6545182394275375
2008-05-26,0.0,-0.04140067876995034,0.655182916638192
2008-05-27,0.0,-0.028989159234583055,0.6402614369986362
2008-05-28,0.0,-0.022394649945959168,0.6749099257360311
2008-05-29,0.0,-0.0007976753884298795,0.6644751941180883
2008-05-30,1.0,0.01761051800863537,0.7059390198573113
2008-06-02,1.0,0.0016588956458542378,0.6952016924581869
2008-06-03,0.0,-0.015507735460552369,0.6717935770186952
2008-06-04,0.0,-0.0006245564432967552,0.6882923586884183
2008-06-05,0.0,-0.010312913678239931,0.662107479929117
2008-06-06,0.0,-0.0346184078620236,0.6624763222388422
2008-06-09,0.0,-0.011829124583877974,0.6397758774013019
2008-06-10,1.0,0.01800305802795394,0.6085693108065696
2008-06-11,1.0,0.015777641766801527,0.6402105694177325
2008-06-12,1.0,0.03427121381906005,0.5985016064401453
2008-06-13,1.0,0.034673823339580453,0.640187155707942
2008-06-16,1.0,0.0015853247573468245,0.6179165761463157
2008-06-17,1.0,0.007729888687822239,0.5946303672981094
2008-06-18,0.0,-0.00895144487768309,0.5940678880592694
2008-06-19,1.0,0.020741255831056522,0.5701992893523106
2008-06-20,1.0,0.027869133317188346,0.5858345053754279
2008-06-23,1.0,0.04599528377625961,0.564955547445568
2008-06-24,1.0,0.05471425725894104,0.5961368914055422
2008-06-25,1.0,0.06419789249460243,0.5989594837898148
2008-06-26,1.0,0.018523548400701802,0.6018596703872026
2008-06-27,1.0,0.005856925477049916,0.5882298235246666
2008-06-30,1.0,0.00048615801092584166,0.558208131497412
2008-07-01,0.0,-0.021514765518834238,0.5506497613774898
2008-07-02,0.0,-0.01769787669048086,0.5454495074430152
2008-07-03,1.0,0.014037667219463328,0.5645645629224109
2008-07-04,1.0,0.03262562417682872,0.5874545671512905
2008-07-07,1.0,0.0492606634858604,0.5722330951022325
2008-07-08,1.0,0.0610268766230961,0.5993608540993559
2008-07-09,1.0,0.03323543140647149,0.6051007184349161
2008-07-10,1.0,0.010256823196967225,0.5773655622291717
2008-07-11,0.0,-0.009587401490791724,0.5772599893344478
2008-07-14,0.0,-0.007275010802950972,0.5692866790442518
2008-07-15,0.0,-0.032332979195343864,0.5558365812937509
2008-07-16,0.0,-0.04158404323054966,0.5583441821857075
2008-07-17,0.0,-0.031167000687634543,0.5650602245505504
2008-07-18,0.0,-0.026688057664692125,0.5978323072123404
2008-07-21,0.0,-0.03683611100951602,0.6045012277366967
2008-07-22,0.0,-0.0294880101573378,0.577256918996265
2008-07-23,0.0,-0.01614748131360011,0.5952436469878651
2008-07-24,0.0,-0.01517845569028814,0.6125761319559473
2008-07-25,0.0,-0.020535271804344057,0.606361667296249
2008-07-28,0.0,-0.03926154654124396,0.6184486153590606
2008-07-29,0.0,-0.049639365644510484,0.5933639343539504
2008-07-30,0.0,-0.029455066313395624,0.564632064480722
2008-07-31,0.0,-0.04591432698668289,0.5923036484321753
2008-08-01,0.0,-0.06151694583042341,0.6007589098436094
2008-08-04,0.0,-0.08261175511253402,0.6091992914633582
2008-08-05,0.0,-0.07364358566324455,0.6118880287830215
2008-08-06,0.0,-0.06213178110700616,0.6250046871396713
2008-08-07,0.0,-0.07912775306405775,0.6262886823057751
2008-08-08,0.0,-0.08385375847199196,0.607478826016122
2008-08-11,0.0,-0.029289250663414812,0.5306240404271476
2008-08-12,1.0,0.0023116848697941525,0.5592110467484229
2008-08-13,0.0,-0.016007949409466333,0.5965647946237451
2008-08-14,1.0,0.036958995585396635,0.5794410850160372
2008-08-15,1.0,0.04389964546381541,0.5626052021577339
2008-08-18,1.0,0.026980342115493817,0.5745262011821404
2008-08-19,1.0,0.013056130797807371,0.5379309150325511
2008-08-20,1.0,0.01612889032997419,0.5757814651065651
2008-08-21,0.0,-0.0035307178894109616,0.5428924137158759
2008-08-22,1.0,0.009793331808374339,0.5216805691439796
2008-08-25,0.0,-0.005184044787587843,0.5544234941497655
2008-08-26,0.0,-0.02398520132999781,0.5578114780287229
2008-08-27,0.0,-0.03144835994409611,0.571211326078149
2008-08-28,0.0,-0.04612899985941699,0.591446700716493
2008-08-29,0.0,-0.03383309880390105,0.5822798147499961
2008-09-01,0.0,-0.019012918408321398,0.5668469765786383
2008-09-02,0.0,-0.035514916597825054,0.5730018988040794
2008-09-03,0.0,-0.06290085955129719,0.5945091115817179
2008-09-04,0.0,-0.06480892411080513,0.6046410123828113
2008-09-05,0.0,-0.048447970079828775,0.6011128593548354
2008-09-08,0.0,-0.019699180073177953,0.5959341767892009
2008-09-09,1.0,0.003211306549049481,0.5738250538001197
2008-09-10,1.0,0.13806459338806348,0.545745909152286
2008-09-11,1.0,0.13086866816560758,0.5800862016252284
2008-09-12,1.0,0.13203615382271505,0.6057418314566716
2008-09-15,1.0,0.1312724393723638,0.5902310768675655
2008-09-16,1.0,0.13466092438952507,0.5455268181919909
2008-09-17,1.0,0.021506944119657274,0.3834904554633645
2008-09-18,1.0,0.031308595136713226,0.31535494753062054
2008-09-19,1.0,0.005935074204421171,0.386084901188133
2008-09-22,1.0,0.013839135899380853,0.40758117063561106
2008-09-23,0.0,-0.024049709953967005,0.38679146622127714
2008-09-24,0.0,-0.013493757380056006,0.46370310153144056
2008-09-25,0.0,-0.04842572437768459,0.44287556030310643
2008-09-26,0.0,-0.05047009508942625,0.4493242926246809
2008-09-29,0.0,-0.05625334864580136,0.49551518857917204
2008-09-30,1.0,0.018373145603070462,0.4702037135590521
2008-10-01,1.0,0.04141345944177053,0.5223126565894609
2008-10-02,1.0,0.0879026981209133,0.49986445651098266
2008-10-03,1.0,0.01702951528791209,0.5410418666258497
2008-10-06,0.0,-0.031547984937297886,0.5609055916584622
2008-10-07,0.0,-0.058492132224988176,0.5378384282362401
2008-10-08,0.0,-0.06924316487460959,0.5194605960897747
2008-10-09,0.0,-0.12666440615970398,0.4754143362100793
2008-10-10,0.0,-0.08148026848386439,0.389951631689296
2008-10-13,0.0,-0.044364463971375286,0.49092278117537663
2008-10-14,0.0,-0.0809345039547125,0.5661320708572886
2008-10-15,0.0,-0.14792184134903022,0.5454035367742777
2008-10-16,0.0,-0.10908218377242304,0.4873397656304311
2008-10-17,0.0,-0.06404928954046933,0.4762591254263031
2008-10-20,0.0,-0.08658937589985088,0.4993902671549479
2008-10-21,0.0,-0.032532830858514154,0.48635055412471995
2008-10-22,1.0,0.032990739311955654,0.4799342768371246
2008-10-23,1.0,0.022856885105825488,0.5144694351384272
2008-10-24,0.0,-0.013979532807093617,0.45658546841731223
2008-10-27,0.0,-0.010108389320760995,0.4926658667876253
2008-10-28,1.0,0.021587383126660795,0.5093827498603319
2008-10-29,0.0,-0.019528474535750785,0.45308590668130955
2008-10-30,0.0,-0.007178918375780591,0.4355286164161453
2008-10-31,1.0,0.016562108661430115,0.4996369345844835
2008-11-03,1.0,0.03096222560396689,0.5083007501852701
2008-11-04,0.0,-0.042215037725002826,0.4942615955359562
2008-11-05,0.0,-0.0386238763704198,0.48115869531088534
2008-11-06,1.0,0.004968193429375302,0.480326870212838
2008-11-07,1.0,0.0073711238227246265,0.515508011537126
2008-11-10,0.0,-0.011158243146418083,0.507352671396244
2008-11-11,1.0,0.008776462090112609,0.5618513452922381
2008-11-12,1.0,0.030758895832127923,0.5327671875908425
2008-11-13,1.0,0.011555516146703183,0.556031159428086
2008-11-14,1.0,0.07562759773349043,0.5618611087059211
2008-11-17,1.0,0.1074790959866594,0.5813561983522615
2008-11-18,1.0,0.10643695295774945,0.5854172001578706
2008-11-19,1.0,0.10135003393609061,0.5444840325635286
2008-11-20,1.0,0.0907412478769823,0.5993254655421018
2008-11-21,1.0,0.02181185671950724,0.5806159038995958
2008-11-24,0.0,-0.06628856574136631,0.546929129865756
2008-11-25,0.0,-0.048281798189780074,0.5247017380667905
2008-11-26,0.0,-0.04910082873263999,0.5213650110129254
2008-11-27,0.0,-0.06171919855911411,0.5513670009480747
2008-11-28,0.0,-0.07828702223824145,0.600621494058461
2008-12-01,1.0,0.0048649270536055824,0.5850691928527687
2008-12-02,0.0,-0.006926212515323038,0.6327056535071238
2008-12-03,1.0,0.046267442174321556,0.6148829883996565
2008-12-04,1.0,0.06846252661995268,0.6220564586862828
2008-12-05,1.0,0.08352965799643411,0.6178164504831267
2008-12-08,1.0,0.08166407425358041,0.5830134083724805
2008-12-09,1.0,0.09934464458033199,0.59948378398116
2008-12-10,1.0,0.06830178645599093,0.576845333321133
2008-12-11,1.0,0.03770470397307223,0.5379780263644649
2008-12-12,1.0,0.019186078364464024,0.5259824129687348
2008-12-15,1.0,0.011384647124729417,0.5434393667305404
2008-12-16,0.0,-0.021080684077793493,0.5281330871027897
2008-12-17,0.0,-0.023195864858295955,0.5403938827858227
2008-12-18,0.0,-0.006965143753365319,0.540016976056831
2008-12-19,1.0,0.03633611653327638,0.5403164022655806
2008-12-22,1.0,0.03732316214901238,0.5724080123972971
2008-12-23,1.0,0.03909710856876733,0.5658107813589103
2008-12-24,1.0,0.039368107950511703,0.5955720031036467
2008-12-25,1.0,0.037607823871418075,0.5683225897066159
2008-12-26,1.0,0.006992634671776291,0.5312910483348343
2008-12-29,0.0,-0.02391193364395642,0.5435499320833673
2008-12-30,0.0,-0.011280045939210497,0.5202321629316274
2008-12-31,0.0,-0.04534109948060459,0.5208965761543767
2009-01-01,0.0,-0.02539215791445716,0.5097760809889181
2009-01-02,0.0,-0.02451556634942871,0.4832131199823572
2009-01-05,0.0,-0.046010436082376725,0.4460879466522492
2009-01-06,0.0,-0.04971662630865854,0.4658510875834021
2009-01-07,0.0,-0.037776830494680176,0.46720951918376896
2009-01-08,0.0,-0.04728674623333486,0.4560749126204898
2009-01-09,0.0,-0.013020480291172525,0.44880876624555877
2009-01-12,1.0,0.01816859996458319,0.4003342265800998
2009-01-13,1.0,0.041989196286849724,0.4604950329504361
2009-01-14,1.0,0.05109307722827124,0.4058629283485997
2009-01-15,1.0,0.046820110667237985,0.4359434470073569
2009-01-16,1.0,0.06497206884294646,0.4273208582380228
2009-01-19,1.0,0.0776010865148257,0.3875711448598852
2009-01-20,1.0,0.04779812954193001,0.3608260691841324
2009-01-21,1.0,0.038240966795411564,0.35657983577133107
2009-01-22,1.0,0.05852206292949046,0.3635928509708607
2009-01-23,1.0,0.030753134831207764,0.3753839199056033
2009-01-26,1.0,0.0023661584202424157,0.3603769860030573
2009-01-27,1.0,0.0012558557305547184,0.3778074410329468
2009-01-28,1.0,0.020298471984374,0.3501107524967314
2009-01-29,1.0,0.00647215949466447,0.35350054750148036
2009-01-30,0.0,-0.0177784876716301,0.42206500965951466
2009-02-02,0.0,-0.012155435104346926,0.4127266822931884
2009-02-03,1.0,0.016249772305817953,0.41203327399944945
2009-02-04,1.0,0.036041499749105595,0.4138337413545255
2009-02-05,1.0,0.03460292575996953,0.4101871033998359
2009-02-06,1.0,0.03259515839729986,0.4340073568604135
2009-02-09,1.0,0.05141904803631874,0.4114018149621168
2009-02-10,1.0,0.05852042132768325,0.4160018478105155
2009-02-11,1.0,0.04773528365136439,0.4162425305554818
2009-02-12,1.0,0.029043365410249707,0.44563352522459204
2009-02-13,1.0,0.05294320152353076,0.43652552248562027
2009-02-16,1.0,0.05173121282228914,0.42205099627842024
2009-02-17,0.0,-0.007843096306525233,0.43796930585556576
2009-02-18,0.0,-0.03205465467134298,0.465101910917487
2009-02-19,0.0,-0.029624468995106228,0.4660029573903826
2009-02-20,0.0,-0.052253198576911575,0.43525898293653087
2009-02-23,0.0,-0.06848883921821616,0.4043828409926289
2009-02-24,0.0,-0.04938867912211666,0.4150739383064098
2009-02-25,0.0,-0.05089442830940794,0.44850047895465955
2009-02-26,0.0,-0.014692056035445758,0.44718587288961303
2009-02-27,0.0,-0.0031886087493287764,0.44348506440240815
2009-03-02,0.0,-0.004469535109954896,0.4544608930360662
2009-03-03,0.0,-0.01998490260552913,0.46911185841504366
2009-03-04,1.0,0.0031940111960044844,0.4724687635197092
2009-03-05,0.0,-0.006207558273200363,0.4583995847504844
2009-03-06,0.0,-0.010272413908128589,0.46622563907625497
2009-03-09,1.0,0.001279049775483551,0.43635052042268574
2009-03-10,1.0,0.019024036004697143,0.4271902053044189
2009-03-11,1.0,0.03522023318545292,0.4450758980506344
2009-03-12,1.0,0.03522267336517722,0.4769092918286117
2009-03-13,1.0,0.02385936395523892,0.4716571466060223
2009-03-16,1.0,0.017556084011767933,0.4652885315175951
2009-03-17,1.0,0.011372707802313663,0.445497303938466
2009-03-18,0.0,-0.008507423300550087,0.3949555004071599
2009-03-19,0.0,-0.027193523374775982,0.45178650652057106
2009-03-20,0.0,-0.03098336191866634,0.45891851586158317
2009-03-23,0.0,-0.02550614192548854,0.4387442460557449
2009-03-24,0.0,-0.007284506092974612,0.4445951334421959
2009-03-25,0.0,-0.007112879318452455,0.48528852163534614
2009-03-26,0.0,-0.0326988302816403,0.5192340519384502
2009-03-27,0.0,-0.03303719494685861,0.4949491717330385
2009-03-30,0.0,-0.0526136330828712,0.4800491180068461
2009-03-31,0.0,-0.04211932338451631,0.4929635043960722
2009-04-01,0.0,-0.05189504402109962,0.5055069614355772
2009-04-02,0.0,-0.027701670414789537,0.4703346478155203
2009-04-03,0.0,-0.012959388040960983,0.493392036122243
2009-04-06,1.0,0.02830993201593727,0.43721231868245164
2009-04-07,1.0,0.010700117890833222,0.49855888692138234
2009-04-08,1.0,0.011910614682847395,0.5064074911741536
2009-04-09,0.0,-0.004159431654194425,0.5052549073750326
2009-04-10,0.0,-0.014682202674261551,0.491981552246356
2009-04-13,0.0,-0.01051546226125764,0.4687533694269732
2009-04-14,0.0,-0.007799331738558168,0.4866493486784218
2009-04-15,0.0,-0.0014600182288062576,0.4693033022720235
2009-04-16,1.0,0.03213759721825554,0.46625758888030844
2009-04-17,1.0,0.04984196547596953,0.5026990227094783
2009-04-20,1.0,0.02456851659506574,0.5133023125774345
2009-04-21,1.0,0.010781229581724354,0.5151551384462796
2009-04-22,1.0,0.009229543911897614,0.5258758931587648
2009-04-23,0.0,-0.017964220888432435,0.5005145277012031
2009-04-24,0.0,-0.029617389152642986,0.4980573333948025
2009-04-27,0.0,-0.004865651532312695,0.49631253828485017
2009-04-28,1.0,0.004211049880311891,0.4878528146607458
2009-04-29,1.0,0.014614292668034136,0.5224378731315238
2009-04-30,1.0,0.02501659171577109,0.5241509083193447
2009-05-01,1.0,0.03338819450603679,0.5542030344088317
2009-05-04,1.0,0.012371882409716739,0.5457653290729961
2009-05-05,1.0,0.028785288733206016,0.5153269700163039
2009-05-06,1.0,0.016413795289748092,0.5284155445262001
2009-05-07,1.0,0.01720051115164145,0.5020438651125926
2009-05-08,1.0,0.01639247937366212,0.513390183677875
2009-05-11,1.0,0.005372423627466824,0.521879892754558
2009-05-12,1.0,0.0018394292137297675,0.5150057906464288
2009-05-13,1.0,0.013244516510389352,0.5170742162755332
2009-05-14,1.0,0.029039960138709513,0.5189578937140398
2009-05-15,1.0,0.02705085143651773,0.5275425519095127
2009-05-18,1.0,0.0432128178604526,0.4942265709323548
2009-05-19,1.0,0.028717244685753845,0.5080759621572477
2009-05-20,1.0,0.011914043125765541,0.5020281282885731
2009-05-21,1.0,0.005906197751627448,0.47870049045241914
2009-05-22,1.0,0.022515797543631127,0.47438887518181605
2009-05-25,1.0,0.01703185317842308,0.45171869402247933
2009-05-26,1.0,0.03087351240487393,0.4298938843112189
2009-05-27,1.0,0.0137693827721761,0.44995978915344254
2009-05-28,1.0,0.021447437556689705,0.4476391388544868
2009-05-29,0.0,-0.02471176203583609,0.48565431913637597
2009-06-01,0.0,-0.024338414454589417,0.45320830485420616
2009-06-02,0.0,-0.0279575997460918,0.4436373363918959
2009-06-03,0.0,-0.00894893224675763,0.4228714455878741
2009-06-04,0.0,-0.02719638199912128,0.4569027939258829
2009-06-05,0.0,-0.016838169326539726,0.4597050366516734
2009-06-08,0.0,-0.025020984878176056,0.4897552096202237
2009-06-09,0.0,-0.021148344785444664,0.4945829775551872
2009-06-10,0.0,-0.016500141952126905,0.4732258185652214
2009-06-11,0.0,-0.022141751712018605,0.48964728038574207
2009-06-12,0.0,-0.005604947013899026,0.46224875935995574
2009-06-15,0.0,-0.00605080182137658,0.48141021704475717
2009-06-16,0.0,-0.00964197018554471,0.4905015315506008
2009-06-17,0.0,-0.007988193921151502,0.4753374357059384
2009-06-18,1.0,0.006612176992777097,0.47518966671063834
2009-06-19,1.0,0.0059242827981871304,0.46684428239586234
2009-06-22,1.0,0.01639248809690638,0.4522835746752304
2009-06-23,1.0,0.0008313405033899637,0.4794897712956818
2009-06-24,1.0,0.01004174659608554,0.47390125030984276
2009-06-25,0.0,-0.010112175197593984,0.4698328861828471
2009-06-26,0.0,-0.007853233725827516,0.4516900722475047
2009-06-29,0.0,-0.01395696068401854,0.4363690972819156
2009-06-30,0.0,-0.002074241269171933,0.42533417849022287
2009-07-01,0.0,-0.033835579186185516,0.4596285698497746
2009-07-02,0.0,-0.01894582087394007,0.4425921262979107
2009-07-03,0.0,-0.020810375450887063,0.47814126683267155
2009-07-06,0.0,-0.005039978152587018,0.46406724458869175
2009-07-07,1.0,0.0011024763597895478,0.45613129189618623
2009-07-08,1.0,0.032133451115655194,0.4392184751150178
2009-07-09,1.0,0.027022388230142178,0.4565009636368977
2009-07-10,1.0,0.026426114236522743,0.49589960400512684
2009-07-13,1.0,0.030392922554020055,0.4922717013339794
2009-07-14,1.0,0.02433158130190323,0.49381236059306677
2009-07-15,1.0,0.0129061349243491,0.48110273582384594
2009-07-16,1.0,0.012520770623864462,0.4793313450798847
2009-07-17,1.0,0.014665270641843805,0.48089687106830137
2009-07-20,1.0,0.005403316099045451,0.4914680732577977
2009-07-21,0.0,-0.011665031530503033,0.4878412403090688
2009-07-22,0.0,-0.022749997850879417,0.4930960276300439
2009-07-23,0.0,-0.015662235162588283,0.4796027867602933
2009-07-24,1.0,0.0027816429618767705,0.4977661309623431
2009-07-27,1.0,0.0030984406984906265,0.5030459394480866
2009-07-28,1.0,0.030930029963741577,0.5096633559230203
2009-07-29,1.0,0.03533600622460971,0.5385847509624149
2009-07-30,1.0,0.030408371432304473,0.5571970359762406
2009-07-31,1.0,0.0009953116408770168,0.5274959596184472
2009-08-03,0.0,-0.011034739682180283,0.5320716167833459
2009-08-04,0.0,-0.021798516097908914,0.49992325698397805
2009-08-05,0.0,-0.017115908139855595,0.5011190436379136
2009-08-06,0.0,-0.008654000417103338,0.49810724219506364
2009-08-07,0.0,-0.00672448029060921,0.5215419840375758
2009-08-10,0.0,-0.012494513502000142,0.5214535817885092
2009-08-11,0.0,-0.0079588683500813,0.5393780741424511
2009-08-12,0.0,-0.005346332508046123,0.5268886627337076
2009-08-13,0.0,-0.015087857432024053,0.5264336081059751
2009-08-14,1.0,0.005571923582972069,0.5080318343386779
2009-08-17,1.0,0.007462323419463666,0.5089391341721982
2009-08-18,1.0,0.0065309388692809415,0.5396244952226532
2009-08-19,1.0,0.0037084170492723044,0.5250783948403934
2009-08-20,1.0,0.007941591929277816,0.5342929650808264
2009-08-21,1.0,0.0012049140992037605,0.516319981303553
2009-08-24,1.0,0.01024945574424518,0.49454162280252334
2009-08-25,1.0,0.012203612606944724,0.5128337756785759
2009-08-26,1.0,0.034254018062849036,0.5125016626404154
2009-08-27,1.0,0.045059168587700135,0.4820242402704181
2009-08-28,1.0,0.04042819971577115,0.4798026678796562
2009-08-31,1.0,0.04521705270453106,0.4569069404687982
2009-09-01,1.0,0.040020711587910665,0.46704295186009953
2009-09-02,1.0,0.014004694084064876,0.4847836820952288
2009-09-03,1.0,0.004777599673186563,0.5072196713294129
2009-09-04,1.0,0.010802265472935883,0.5074240562079372
2009-09-07,1.0,0.0049612971043767485,0.49276060282216677
2009-09-08,1.0,0.01213225395652941,0.4684300634045681
2009-09-09,1.0,0.024881856879506715,0.47363311991931417
2009-09-10,1.0,0.016914143159625014,0.48270232052730155
2009-09-11,1.0,0.0023847388090180418,0.4983592157006666
2009-09-14,1.0,0.0034931918349512038,0.4837321673060885
2009-09-15,1.0,0.006775663301978297,0.48047094278482627
2009-09-16,0.0,-0.008787142485937831,0.48817749602875055
2009-09-17,0.0,-0.019425823788829868,0.4833937510067981
2009-09-18,0.0,-0.016612010148467173,0.48783377067794537
2009-09-21,0.0,-0.012683463675750323,0.49448642001305565
2009-09-22,0.0,-0.02192633186531551,0.48099705106874296
2009-09-23,0.0,-0.0006944100274079196,0.4771117152187886
2009-09-24,1.0,0.005117153593268531,0.4600519801759086
2009-09-25,1.0,0.011836831954150239,0.47509565700666384
2009-09-28,1.0,0.02614235065569828,0.46861210928038566
2009-09-29,1.0,0.04886693518073585,0.48203173566090596
2009-09-30,1.0,0.03558053569009527,0.4773608797755117
2009-10-01,1.0,0.05443586933667837,0.4515767322302868
2009-10-02,1.0,0.04527953592956196,0.44592853963377993
2009-10-05,1.0,0.038377250974914685,0.4539023630026809
2009-10-06,1.0,0.02107939804861677,0.4938824137364547
2009-10-07,1.0,0.0172794577457175,0.48564678408515966
2009-10-08,0.0,-0.004654926944287441,0.477383436355263
2009-10-09,1.0,0.004137248215370933,0.46867772474799313
2009-10-12,1.0,0.006694033387651692,0.47677400835719114
2009-10-13,0.0,-0.008586983643893742,0.48727737211971894
2009-10-14,0.0,-0.00320543312076307,0.47888152426744096
2009-10-15,1.0,0.009382621075292858,0.48068181368869267
2009-10-16,1.0,0.0017069705424963377,0.49196569301219334
2009-10-19,0.0,-0.024445978846101984,0.49322905517761995
2009-10-20,0.0,-0.014461533500267867,0.48628871867937157
2009-10-21,0.0,-0.02961262805273368,0.48301499475966253
2009-10-22,0.0,-0.012434311408515034,0.4812691111460652
2009-10-23,0.0,-0.009520254692746023,0.4691552624842766
2009-10-26,1.0,0.020019734392186864,0.48261570155944183
2009-10-27,1.0,0.04175804972167357,0.4995424122191536
2009-10-28,1.0,0.06048157216938071,0.4906151103777754
2009-10-29,1.0,0.040523955841799214,0.49926784017582376
2009-10-30,1.0,0.04644609600289186,0.48488511456465094
2009-11-02,1.0,0.040961673297047196,0.4767620562500861
2009-11-03,1.0,0.01954221627932202,0.48843940609858566
2009-11-04,1.0,0.02281054730699516,0.4814828429788807
2009-11-05,1.0,0.012305884293064822,0.4838677908725787
2009-11-06,1.0,0.021321613571171367,0.4769519537731718
2009-11-09,1.0,0.03156748965231051,0.47530536379685406
2009-11-10,1.0,0.03159890865572167,0.48913573432865703
2009-11-11,1.0,0.02483666486850165,0.5031791029144321
2009-11-12,1.0,0.036296458969601,0.48755675014543187
2009-11-13,1.0,0.02811624857630804,0.5054946169212363
2009-11-16,1.0,0.02333858586857584,0.5140298524500003
2009-11-17,1.0,0.02432283318201595,0.5102270895770855
2009-11-18,1.0,0.039623546419328276,0.5198665866312991
2009-11-19,1.0,0.037535804121448614,0.49826523013984975
2009-11-20,1.0,0.02322039876440107,0.5113243345216886
2009-11-23,1.0,0.011510550414833932,0.5381533614542359
2009-11-24,1.0,0.022993405214361225,0.5358664170703176
2009-11-25,1.0,0.019855273248869727,0.5490460049654813
2009-11-26,1.0,0.0160438837362331,0.5183511801153361
2009-11-27,0.0,-0.01387777025564438,0.4803810456379398
2009-11-30,0.0,-0.018394666750789213,0.5231188422939326
2009-12-01,0.0,-0.05868350182809006,0.5158569885743923
2009-12-02,0.0,-0.07434211602670868,0.5371343868055614
2009-12-03,0.0,-0.06553272171656316,0.5109848752320871
2009-12-04,0.0,-0.04041308898249619,0.450458318694377
2009-12-07,0.0,-0.02748772502021163,0.5093953759005456
2009-12-08,0.0,-0.0028399025121395283,0.5070952917267594
2009-12-09,1.0,0.008206531827923474,0.5551183342125211
2009-12-10,0.0,-0.028792517663241975,0.5697330958062609
2009-12-11,0.0,-0.0019743343037176295,0.5081760148692278
2009-12-14,0.0,-0.03000089870922131,0.53786745385167
2009-12-15,0.0,-0.03730289461611033,0.5061795503500681
2009-12-16,0.0,-0.045256998445540084,0.515012906301767
2009-12-17,1.0,0.005897580946284217,0.47106230805353017
2009-12-18,0.0,-0.006986258780507212,0.5157832198590302
2009-12-21,1.0,0.0126325122431635,0.5063858986595048
2009-12-22,1.0,0.011766298172038874,0.5242351180143118
2009-12-23,1.0,0.004907253765204841,0.5502848734619811
2009-12-24,0.0,-0.007673659014092714,0.5319390942705152
2009-12-25,0.0,-0.007381648484484597,0.5581724364811845
2009-12-28,1.0,0.012474920586570671,0.5403335842587844
2009-12-29,1.0,0.01911717354341417,0.5310097194137391
2009-12-30,1.0,0.04078905409301485,0.5455513075141456
2009-12-31,1.0,0.031098959042342156,0.5537089483710155
2010-01-01,1.0,0.036621151828147604,0.5756306470812743
2010-01-04,1.0,0.026969805154028893,0.5651125434031947
2010-01-05,1.0,0.009347942542545949,0.5539514888443513
2010-01-06,0.0,-0.00017570060661910292,0.5618214571376109
2010-01-07,1.0,0.009892582159716275,0.5530065331760584
2010-01-08,0.0,-0.006451692145025519,0.5559154767784295
2010-01-11,0.0,-0.015970936068191527,0.570052743573567
2010-01-12,1.0,0.008558749911433282,0.5356634877766948
2010-01-13,0.0,-0.02414255304161568,0.5850018458592959
2010-01-14,0.0,-0.04373014348877648,0.5834846615639134
2010-01-15,0.0,-0.03393112801595294,0.567857578104939
2010-01-18,0.0,-0.03154383392270928,0.5978473171992599
2010-01-19,0.0,-0.03636764417087495,0.5812624702271247
2010-01-20,0.0,-0.02105628170037076,0.5587045703155166
2010-01-21,0.0,-0.00628139888839721,0.5726104053783131
2010-01-22,0.0,-0.011361406449851322,0.6090680164376336
2010-01-25,1.0,0.006443145843739683,0.6554320259337569
2010-01-26,1.0,0.015280586654053283,0.6456459129260083
2010-01-27,1.0,0.019930586464763728,0.6294524163836711
2010-01-28,0.0,-0.021760203952335383,0.62411934160029
2010-01-29,0.0,-0.013553056579927917,0.6209576955621845
2010-02-01,0.0,-0.03934374197836659,0.6232344452827034
2010-02-02,0.0,-0.03317005272755299,0.6134107940237088
2010-02-03,0.0,-0.03456047702960687,0.5917295210551954
2010-02-04,1.0,0.02936619709200184,0.5254426638392019
2010-02-05,1.0,0.02507910370188512,0.5940548186487216
2010-02-08,1.0,0.03535570080041093,0.6126611370149476
2010-02-09,1.0,0.03764653632085719,0.6328952703285463
2010-02-10,1.0,0.031862662065778216,0.6157368057153548
2010-02-11,1.0,0.012068564428685008,0.6045171166089063
2010-02-12,1.0,0.023340328625252618,0.5920776182034315
2010-02-15,1.0,0.01187185270711979,0.6124854983111293
2010-02-16,0.0,-0.01444117140717566,0.6172646266990908
2010-02-17,0.0,-0.008219373486145444,0.5924857085887377
2010-02-18,0.0,-0.0021218490613660705,0.6119501594561055
2010-02-19,0.0,-0.0014306154085194447,0.6140061896721379
2010-02-22,1.0,0.004244959894837432,0.600731641734866
2010-02-23,1.0,0.027971976958613348,0.6186680140031883
2010-02-24,1.0,0.03767790880090614,0.6166531107862079
2010-02-25,1.0,0.02309633388561961,0.6039104073832364
2010-02-26,1.0,0.015140704372879395,0.5948021613617368
2010-03-01,1.0,0.00406682269643888,0.5696812152055339
2010-03-02,0.0,-0.011389190491157563,0.548278277218231
2010-03-03,0.0,-0.028013983280894175,0.5346574889283734
2010-03-04,0.0,-0.020253179229910986,0.5394527821350483
2010-03-05,0.0,-0.02928827082190009,0.5502918501288651
2010-03-08,0.0,-0.013530672377979265,0.5415239040984754
2010-03-09,1.0,0.005201051932455752,0.5583575239078684
2010-03-10,1.0,0.0107145805093466,0.559356932125862
2010-03-11,1.0,0.01596028245987234,0.5629243608499278
2010-03-12,1.0,0.004617691214905405,0.5541569000284308
2010-03-15,0.0,-0.005609097801915097,0.5582594003208547
2010-03-16,0.0,-0.020199087892790752,0.544768132899688
2010-03-17,0.0,-0.030541567319473904,0.5244709372087627
2010-03-18,0.0,-0.03323343919083729,0.5302179810723989
2010-03-19,1.0,0.0004515692106537352,0.5007081894872714
2010-03-22,1.0,0.00675418599512987,0.533987383356292
2010-03-23,0.0,-0.0014035090023203091,0.5540759400937141
2010-03-24,1.0,0.02418409605010045,0.5388234434928105
2010-03-25,1.0,0.03274545036053383,0.5761660354867888
2010-03-26,1.0,0.011044874995502099,0.5506688359776591
2010-03-29,1.0,0.019789905405197823,0.5410576604963371
2010-03-30,1.0,0.027438157221865985,0.5415201647727993
2010-03-31,1.0,0.03191289996861411,0.5351400782493785
2010-04-01,1.0,0.02085833189436534,0.5386411442761012
2010-04-02,1.0,0.03699256049706363,0.5396050662071437
2010-04-05,1.0,0.02124112901000122,0.5285416926438539
2010-04-06,1.0,0.014311279508418274,0.5028676754347905
2010-04-07,1.0,0.005206763184089348,0.5246898151358463
2010-04-08,1.0,0.007533155374987363,0.5237975192769831
2010-04-09,0.0,-0.021397702539157192,0.5404495128959165
2010-04-12,0.0,-0.01784554000886308,0.5187009327721099
2010-04-13,0.0,-0.00864105926590314,0.5275960393271403
2010-04-14,0.0,-0.007471473877233855,0.5288820154754972
2010-04-15,0.0,-0.015430057301720047,0.5154654211214994
2010-04-16,1.0,0.01760394044457473,0.5099978271919285
2010-04-19,1.0,0.015507572974295756,0.54401095028975
2010-04-20,1.0,0.023478510675973667,0.5324588085076609
2010-04-21,1.0,0.01638991044850534,0.5325883307118635
2010-04-22,1.0,0.021964623351042534,0.5189066629753137
2010-04-23,1.0,0.01848734611779824,0.5069924517937904
2010-04-26,1.0,0.024559393022123226,0.49334155438994887
2010-04-27,1.0,0.0029327164017411158,0.5055930947128577
2010-04-28,1.0,0.008184652136384828,0.5031022230560099
2010-04-29,1.0,0.03513003219026731,0.5104157558938338
2010-04-30,1.0,0.024460928077444898,0.5481327551830654
2010-05-03,1.0,0.017541367403547177,0.5385919111623906
2010-05-04,1.0,0.051255727941895396,0.52243914571601
2010-05-05,1.0,0.05274168679580416,0.5355057856677787
2010-05-06,1.0,0.019769043046313804,0.5831021535153638
2010-05-07,1.0,0.02029902839845535,0.5525947658797431
2010-05-10,1.0,0.015955482677627822,0.548857220579169
2010-05-11,0.0,-0.006289610364967314,0.5780637127618807
2010-05-12,0.0,-0.03714849106303576,0.5527324696486969
2010-05-13,0.0,-0.04170290213180592,0.5602812924302436
2010-05-14,0.0,-0.04654241249253761,0.5460768309262567
2010-05-17,0.0,-0.02551814036889947,0.5409615957677593
2010-05-18,0.0,-0.01720631895182475,0.5614735263226405
2010-05-19,1.0,0.015007244715948642,0.5419889219914737
2010-05-20,1.0,0.025304064074559707,0.5848882151337818
2010-05-21,1.0,0.031179872049106414,0.5881488204883127
2010-05-24,1.0,0.020392342337802252,0.5947485427915125
2010-05-25,1.0,0.017614348988496006,0.5876432162344934
2010-05-26,1.0,0.009567879169805074,0.5636716744759019
2010-05-27,0.0,-0.004960122598605454,0.5502013678443354
2010-05-28,1.0,0.004535229687150661,0.5402770681096754
2010-05-31,1.0,0.019581728495148974,0.5382844195257279
2010-06-01,1.0,0.008853928361641195,0.5432353661737139
2010-06-02,1.0,0.008180920288717674,0.5233143786625266
2010-06-03,1.0,0.008171058998066893,0.5029870484991984
2010-06-04,1.0,0.005558748884014273,0.52446261940178
2010-06-07,0.0,-0.015438047824165814,0.5173393112590975
2010-06-08,0.0,-0.0019427698667347608,0.5081404290098964
2010-06-09,0.0,-0.003654826403376575,0.5071564088807985
2010-06-10,1.0,0.023237020669465223,0.4991957091571564
2010-06-11,1.0,0.024241170902705098,0.5189339178379176
2010-06-14,1.0,0.010142859720426542,0.5171897816100844
2010-06-15,1.0,0.004769227373061422,0.528839390930038
2010-06-16,1.0,0.006771165408815551,0.514902002454614
2010-06-17,0.0,-0.0013662302213556705,0.5147467459824312
2010-06-18,0.0,-0.0009552619736129339,0.5344050554494152
2010-06-21,1.0,0.004246462612332766,0.5015069982153539
2010-06-22,1.0,0.0004837344392309637,0.54825588185631
2010-06-23,1.0,0.003952255507579585,0.5268270908494966
2010-06-24,0.0,-0.03644360060766093,0.5359198517610425
2010-06-25,0.0,-0.03567174581471624,0.5449663442421426
2010-06-28,0.0,-0.02424737494625378,0.5109077655659378
2010-06-29,0.0,-0.03947448331014426,0.5345662621114581
2010-06-30,0.0,-0.032313649902866906,0.531654975412956
2010-07-01,0.0,-0.000709205094284495,0.50649475581657
2010-07-02,0.0,0.0,0.5715845944030856
2010-07-05,0.0,-0.010323766321098292,0.5555980472966355
2010-07-06,1.0,0.01639967232267205,0.5530362585658412
2010-07-07,1.0,0.004603811453699462,0.5709018933998409
2010-07-08,1.0,0.00843606307934014,0.5424055099251892
2010-07-09,0.0,-0.015470657055166039,0.5508590731596418
2010-07-12,0.0,-0.011681786764101924,0.5468103806953775
2010-07-13,0.0,-0.016886110764254954,0.5444135781453865
2010-07-14,0.0,-0.019429445261349654,0.5469861495629221
2010-07-15,0.0,-0.011068688239125693,0.550431736023712
2010-07-16,0.0,-0.0031903309739734344,0.549916357759377
2010-07-19,1.0,0.0005070779741021363,0.583475378195174
2010-07-20,0.0,-0.025876148983766438,0.5955299111048352
2010-07-21,0.0,-0.018266320150866374,0.5963211496333387
2010-07-22,0.0,-0.02259744090553218,0.6022044846392838
2010-07-23,0.0,-0.006919274926580353,0.5862769339020382
2010-07-26,0.0,-0.0005916159739835381,0.5920823375146216
2010-07-27,1.0,0.02091440303784206,0.5715826276847379
2010-07-28,1.0,0.026585695865021186,0.603765214175581
2010-07-29,1.0,0.02259744090553215,0.6215889349000921
2010-07-30,1.0,0.020449924851581605,0.6021876925328361
2010-08-02,1.0,0.015519143779384535,0.5930176928796925
2010-08-03,1.0,0.015144198401956549,0.5864761330224065
2010-08-04,1.0,0.0026326251597855992,0.5829526709490003
2010-08-05,1.0,0.015692783015048093,0.5860672468329448
2010-08-06,1.0,0.008344052707234267,0.5919644674088065
2010-08-09,1.0,0.01961736102435403,0.5913141651604235
2010-08-10,1.0,0.016961420991416825,0.5869194833506838
2010-08-11,1.0,0.025829946245692053,0.5854644369336364
2010-08-12,1.0,0.01496348442777747,0.5906940556904325
2010-08-13,1.0,0.010068435237217805,0.5933938093619446
2010-08-16,1.0,0.0008158936527339901,0.5855112650402513
2010-08-17,1.0,0.004724097565948753,0.5787892664832265
2010-08-18,1.0,0.008584786475248992,0.5652958169537188
2010-08-19,1.0,0.004413409329962868,0.568184687588701
2010-08-20,1.0,0.00835399643324984,0.5649792214953281
2010-08-23,1.0,0.008785661760388568,0.572468923413398
2010-08-24,1.0,0.013558982594426273,0.5639774303037786
2010-08-25,1.0,0.0034214214147912235,0.5757139458084478
2010-08-26,1.0,0.010729242383732603,0.5649447074523336
2010-08-27,1.0,0.006962218999586094,0.5559950176505486
2010-08-30,1.0,0.010518709621090656,0.5543695660425353
2010-08-31,1.0,0.006472255913539953,0.5473480777004065
2010-09-01,1.0,0.008522608353189331,0.5449075937466046
2010-09-02,0.0,-0.005852658412251378,0.536773680462509
2010-09-03,0.0,-0.0004011231501837966,0.5207903577907167
2010-09-06,0.0,-0.0035662089765795654,0.5272014132380615
2010-09-07,1.0,0.009985421954994918,0.5218365204209738
2010-09-08,1.0,0.010384556261624708,0.5224763114911886
2010-09-09,1.0,0.02509163357269848,0.5142778584811959
2010-09-10,1.0,0.022257965942185435,0.5198142867357616
2010-09-13,1.0,0.025952842338114714,0.5088763452590752
2010-09-14,1.0,0.014871326390582574,0.5305216215923477
2010-09-15,1.0,0.01820789537567383,0.520240846909443
2010-09-16,1.0,0.013397404111739435,0.5167728255957392
2010-09-17,1.0,0.016847008702836154,0.5071149244237945
2010-09-20,1.0,0.012438454764522787,0.5008652743354437
2010-09-21,1.0,0.01687121135619036,0.5195491936578198
2010-09-22,1.0,0.01422444405026752,0.5172635782906075
2010-09-23,1.0,0.012227159405988347,0.5276157015731002
2010-09-24,1.0,0.017705668933804545,0.5262741813319819
2010-09-27,1.0,0.016018122988490386,0.516972737337762
2010-09-28,1.0,0.023852887683727654,0.5240079995857627
2010-09-29,1.0,0.029488014190760147,0.5227326634530698
2010-09-30,1.0,0.01907775791145929,0.5064760802482688
2010-10-01,1.0,0.020737171395112677,0.5224690960474884
2010-10-04,1.0,0.029073339801356922,0.5064927741869238
2010-10-05,1.0,0.0072092471287024335,0.5245397622284922
2010-10-06,1.0,0.016978211742765332,0.5209047043111724
2010-10-07,1.0,0.03507192622291929,0.4890638010060736
2010-10-08,1.0,0.015955316853463016,0.5096590097551135
2010-10-11,1.0,0.010578611047319546,0.4986360038904953
2010-10-12,0.0,-0.013644709156503915,0.49735819864062847
2010-10-13,0.0,-0.019055903285268135,0.5178258574750748
2010-10-14,0.0,-0.040990950133603876,0.5016752086446634
2010-10-15,0.0,-0.029629325043915963,0.48986895755803406
2010-10-18,0.0,-0.021121045078926325,0.4945920655523049
2010-10-19,1.0,0.006286269531907257,0.4484602869232803
2010-10-20,0.0,-0.01564637398859752,0.5111412449150688
2010-10-21,1.0,0.013761908450517349,0.4982680236916883
2010-10-22,1.0,0.023030576853004265,0.5154173442153764
2010-10-25,1.0,0.010394718089095112,0.5181526087930823
2010-10-26,1.0,0.012602561251974136,0.4927385573787949
2010-10-27,1.0,0.01735336564547912,0.49070788799626575
2010-10-28,1.0,0.035413249029383365,0.5044977877693351
2010-10-29,1.0,0.024882778842893385,0.5009859306578356
2010-11-01,1.0,0.040318119027421793,0.498288761432233
2010-11-02,1.0,0.025779964976748126,0.5024078707207672
2010-11-03,1.0,0.040224136850425696,0.47241523654233436
2010-11-04,1.0,0.011531106117293213,0.4998740739576501
2010-11-05,0.0,-0.01802829019062034,0.48284580753161077
2010-11-08,0.0,-0.03534472558622335,0.49526585356849184
2010-11-09,0.0,-0.03894219641104564,0.4686242469588363
2010-11-10,0.0,-0.04957400288131453,0.4795530600517377
2010-11-11,0.0,-0.04025571420524542,0.4924740816765264
2010-11-12,0.0,-0.011625303613426683,0.47531004861422527
2010-11-15,1.0,0.00212914437468296,0.5263382448712555
2010-11-16,1.0,0.027388887167386546,0.5270741741305085
2010-11-17,1.0,0.028773656004080547,0.5600901696997123
2010-11-18,1.0,0.016731977720283897,0.5688004373005924
2010-11-19,1.0,0.00902832708116771,0.5346429996763911
2010-11-22,1.0,0.002490478872964197,0.5224254243505968
2010-11-23,1.0,0.006601735209840233,0.5004885514125127
2010-11-24,1.0,0.009338082261122423,0.5215161705862061
2010-11-25,1.0,0.007818761326047814,0.5308955228925906
2010-11-26,1.0,0.03517113314913142,0.5213348561784217
2010-11-29,1.0,0.0407488336027846,0.5260201717134946
2010-11-30,1.0,0.011499120636535116,0.5349162348409255
2010-12-01,0.0,-0.004209438086807908,0.5258513798129819
2010-12-02,1.0,0.00028841300942583317,0.5188219744291936
2010-12-03,0.0,-0.02005017043183488,0.5180305151703788
2010-12-06,0.0,-0.020987806956154816,0.5263656709852571
2010-12-07,0.0,-0.0041453799132915945,0.5162261366288219
2010-12-08,0.0,-0.0009048496938254848,0.5353299243320206
2010-12-09,0.0,-0.012200138267687444,0.5617457667756259
2010-12-10,0.0,-0.007640950463941587,0.5785694703389224
2010-12-13,0.0,-0.006425800057778129,0.5918049302985766
2010-12-14,0.0,-0.007656812575239798,0.5794959743289433
2010-12-15,1.0,0.0032752896963231443,0.5661987761146575
2010-12-16,1.0,0.007140861792437361,0.567395111259912
2010-12-17,1.0,0.0043671993151772,0.5877217230364731
2010-12-20,0.0,-0.0010834237246124553,0.6027025974163864
2010-12-21,1.0,0.014544408277691033,0.5893808213551005
2010-12-22,1.0,0.018877254275462364,0.5798159565676831
2010-12-23,1.0,0.017653558525940798,0.5714603008323068
2010-12-24,1.0,0.0280578669611688,0.5751304861070771
2010-12-27,1.0,0.02219097330847894,0.5885448460912426
2010-12-28,0.0,-0.018072564862714004,0.5818116024908426
2010-12-29,0.0,-0.023964703328795307,0.5655974630848217
2010-12-30,0.0,-0.02383157723116975,0.5547267445970918
2010-12-31,0.0,-0.03670919462028352,0.5503306120575894
2011-01-03,0.0,-0.028040024023408803,0.5463167064239738
2011-01-04,1.0,0.0005864784311464311,0.5502688222655321
2011-01-05,1.0,0.006890420838441096,0.5894482943823042
2011-01-06,1.0,0.0015881229251963423,0.5902851943502703
2011-01-07,0.0,-0.005748215396351197,0.5970938841850579
2011-01-10,0.0,-0.009516821087049465,0.6046084025711231
2011-01-11,0.0,-0.009659029630266564,0.57107668019724
2011-01-12,0.0,-0.012996143436320419,0.5695648699182013
2011-01-13,0.0,-0.020220831169088,0.5485190311868852
2011-01-14,0.0,-0.014080989937988116,0.5570364690921612
2011-01-17,0.0,-0.020987051342384676,0.5744312108007372
2011-01-18,0.0,-0.0266107675365184,0.5715085313697109
2011-01-19,0.0,-0.017733859939220224,0.5796836065921852
2011-01-20,0.0,-0.024322587169877823,0.5657665278822237
2011-01-21,0.0,-0.0044263217787892314,0.5876323877833364
2011-01-24,0.0,-0.0011622894659043305,0.5937162479105286
2011-01-25,1.0,0.004328913823433883,0.6044707436891228
2011-01-26,0.0,-0.007854820201714283,0.6029922099088778
2011-01-27,1.0,0.030298988246602022,0.5587841617368885
2011-01-28,1.0,0.009011082719812538,0.5780804973188394
2011-01-31,1.0,0.013785099631462239,0.5697161304710214
2011-02-01,1.0,0.01919285598549424,0.584903019250331
2011-02-02,1.0,0.020993964750640092,0.5878986664673022
2011-02-03,1.0,0.006953286664954619,0.5719940907268262
2011-02-04,1.0,0.006060848591206768,0.5776959124932256
2011-02-07,1.0,0.00777697744183553,0.5840360739998837
2011-02-08,1.0,0.007137069483343817,0.5757328467616132
2011-02-09,1.0,0.007874171462428668,0.5718649772985477
2011-02-10,1.0,0.014775187816103662,0.5763549387030313
2011-02-11,1.0,0.023652334309806577,0.5776981662834326
2011-02-14,1.0,0.03222472957645537,0.5860104109784589
2011-02-15,1.0,0.018269992085375223,0.590675672102766
2011-02-16,1.0,0.026755552191748373,0.5840249676243668
2011-02-17,1.0,0.013477157536830646,0.595840981119749
2011-02-18,1.0,0.01504958532441197,0.5811423020957088
2011-02-21,1.0,0.0035700002074124113,0.5784725878478187
2011-02-22,1.0,0.024114909153778785,0.5679556189475503
2011-02-23,1.0,0.016021704531265585,0.5675513527001294
2011-02-24,1.0,0.009308728814178345,0.5643330313891765
2011-02-25,1.0,0.0142884711386105,0.5748417924935917
2011-02-28,1.0,0.014468184842408449,0.5715415850972617
2011-03-01,0.0,-0.0030256152043638095,0.5747511146286883
2011-03-02,0.0,-0.0024638204453107807,0.5634213737334329
2011-03-03,0.0,-0.0029705092922933073,0.5456921928567782
2011-03-04,0.0,-0.009444134301508792,0.5620294894070381
2011-03-07,0.0,-0.0039531965632211815,0.5486552227810022
2011-03-08,0.0,-0.023543827299972803,0.556960394060393
2011-03-09,0.0,-0.022680619543527715,0.5555427710467641
2011-03-10,0.0,-0.005739630463892059,0.5327170933378821
2011-03-11,1.0,0.0010224409020871455,0.5596481132130704
2011-03-14,1.0,0.0008969616029105513,0.553676100072171
2011-03-15,1.0,0.022633654304282155,0.5301734931917134
2011-03-16,1.0,0.027164009601761328,0.5724717791047161
2011-03-17,1.0,0.019003030936527835,0.5534948443560177
2011-03-18,1.0,0.007610686027937733,0.5567869125362487
2011-03-21,0.0,-0.005112227082908407,0.554114102831827
2011-03-22,0.0,-0.006429760569974796,0.5322866364214114
2011-03-23,0.0,-0.010054552229484202,0.5375649297579206
2011-03-24,1.0,0.0011526573518120119,0.5226217651776982
2011-03-25,0.0,-0.000657678418970823,0.5364231863160731
2011-03-28,1.0,0.00949435197926061,0.5368877957846806
2011-03-29,1.0,0.02590751775124438,0.5282476424300874
2011-03-30,1.0,0.025449561331674204,0.5367144542920557
2011-03-31,1.0,0.01783209960423102,0.5352112592995923
2011-04-01,1.0,0.03177559989841832,0.5233453960115708
2011-04-04,1.0,0.020158771766084528,0.5305196045598151
2011-04-05,0.0,-0.0018082876735003581,0.5584341607733938
2011-04-06,0.0,-0.0016455265968814475,0.5559648195556076
2011-04-07,1.0,0.010988259592876588,0.5508707366197484
2011-04-08,1.0,0.007948367598652337,0.5616859452398654
2011-04-11,1.0,0.021735209775519983,0.5404670170168712
2011-04-12,1.0,0.029309555076943977,0.5561740509081483
2011-04-13,1.0,0.03057825618623192,0.5655342702517732
2011-04-14,1.0,0.02152121525603813,0.5529717325905831
2011-04-15,1.0,0.013462480552208153,0.5621316125739858
2011-04-18,1.0,0.007946673492808287,0.5486852473880786
2011-04-19,1.0,0.006647552305175248,0.5400464349307456
2011-04-20,1.0,0.01637054282529623,0.5398519615563466
2011-04-21,1.0,0.01968871632561642,0.5376856155973414
2011-04-22,1.0,0.03703342867795136,0.5409492767809296
2011-04-25,1.0,0.024976892810387206,0.5330781361346552
2011-04-26,1.0,0.01950579055811073,0.5318544295122026
2011-04-27,0.0,-0.0072478608292943,0.5518893084904348
2011-04-28,0.0,-0.04112853370880754,0.5519820870339616
2011-04-29,0.0,-0.04452734374650601,0.5637522772746313
2011-05-02,0.0,-0.020660406025691552,0.5382507119948601
2011-05-03,0.0,-0.012902136548953995,0.5483778403957035
2011-05-04,0.0,-0.010021558461018877,0.5506507022079592
2011-05-05,1.0,0.021207425236999766,0.5405826131451963
2011-05-06,0.0,-0.0003878794412340074,0.604817762437454
2011-05-09,0.0,-0.01628380497548009,0.5927555561076985
2011-05-10,0.0,-0.01963380729482919,0.5826326025286119
2011-05-11,0.0,-0.002701487460160634,0.5604475952372525
2011-05-12,0.0,-0.008368807699847302,0.5472259673781152
2011-05-13,1.0,0.011492086094970346,0.5551548803651594
2011-05-16,1.0,0.018448265134604826,0.5757879393836384
2011-05-17,1.0,0.026436532261351058,0.572350815250791
2011-05-18,1.0,0.018640923293872638,0.5758914797062721
2011-05-19,1.0,0.017129049504557677,0.5649585764751964
2011-05-20,1.0,0.015810346715055053,0.5631305643795524
2011-05-23,1.0,0.013175576463387803,0.5579947210348228
2011-05-24,1.0,0.005988726211995009,0.5560112104000406
2011-05-25,1.0,0.009448313749371282,0.5540852664286814
2011-05-26,1.0,0.009447382827279294,0.5419599358017778
2011-05-27,1.0,0.003605831704279222,0.5543170409549318
2011-05-30,1.0,0.004867294961771869,0.5591741386968955
2011-05-31,1.0,0.005422179228564887,0.5604744503735005
2011-06-01,0.0,-0.0013972609464288762,0.5546065086350906
2011-06-02,1.0,0.006842865602054959,0.5407952416191834
2011-06-03,0.0,-0.006702263506372262,0.5539590943051558
2011-06-06,0.0,-0.01865609936405031,0.5508904155580556
2011-06-07,0.0,-0.01327950725426523,0.53517685940169
2011-06-08,0.0,-0.004412543455417314,0.5387780326827728
2011-06-09,0.0,-0.009304208439052816,0.5379890122753748
2011-06-10,1.0,0.005079624090176285,0.5368285707291682
2011-06-13,1.0,0.016095610500193383,0.5429390855236617
2011-06-14,1.0,0.014670890610641923,0.5568521838911392
2011-06-15,1.0,0.011734548564184908,0.5451638156797896
2011-06-16,0.0,-0.0055060443245647395,0.5473625350172825
2011-06-17,0.0,-0.02419499372286475,0.540083821095543
2011-06-20,0.0,-0.028072596230476053,0.5326489572507843
2011-06-21,0.0,-0.029466974342482712,0.5398324401715189
2011-06-22,0.0,-0.02394561124959306,0.5400093465124366
2011-06-23,0.0,-0.013932549357554521,0.5122107423452251
2011-06-24,0.0,-0.009945140037106032,0.5315679268162717
2011-06-27,0.0,-0.0006543978438077014,0.5778059782023031
2011-06-28,1.0,0.009446383696268407,0.5867839905959946
2011-06-29,1.0,0.010916851809873142,0.5843228608756611
2011-06-30,1.0,0.02112366811307199,0.5675744871831188
2011-07-01,1.0,0.0371885211251458,0.5608698048763607
2011-07-04,1.0,0.036981273900491995,0.5732793641394354
2011-07-05,1.0,0.033765187239314993,0.5699452543640361
2011-07-06,1.0,0.034381520192683965,0.5842370549661013
2011-07-07,1.0,0.03521237725947739,0.5753216383158727
2011-07-08,1.0,0.031490634711096206,0.5577993532754478
2011-07-11,1.0,0.03253915583878771,0.5540306394542712
2011-07-12,1.0,0.013149120904256078,0.5476197993396457
2011-07-13,1.0,0.011386037650665735,0.5715703050880797
2011-07-14,1.0,0.0021397113261191415,0.564814576621841
2011-07-15,1.0,0.004832832538835686,0.5655561274948002
2011-07-18,1.0,0.005778208061785806,0.57368571765422
2011-07-19,1.0,0.019235259100683473,0.5649552594854739
2011-07-20,1.0,0.008182613363792066,0.5758754281747769
2011-07-21,1.0,0.01574884810399633,0.5750733522272896
2011-07-22,1.0,0.016481490397114572,0.5737558740253765
2011-07-25,1.0,0.0030001723631242184,0.5781796134661579
2011-07-26,1.0,0.02553423611517263,0.5667537260715406
2011-07-27,1.0,0.0293725701479816,0.5538150222618795
2011-07-28,1.0,0.018747024109775717,0.5533095781817585
2011-07-29,1.0,0.021825588077732733,0.563126689339153
2011-08-01,1.0,0.06024232297473755,0.5588899529452281
2011-08-02,1.0,0.0465867786519274,0.5589074184668537
2011-08-03,1.0,0.07604681651883329,0.5351020162488757
2011-08-04,1.0,0.06897060218427321,0.5191638519979235
2011-08-05,1.0,0.0487386456613967,0.5357513859713926
2011-08-08,1.0,0.026581163191776454,0.5127084066281865
2011-08-09,1.0,0.025695523356554003,0.5084688194402882
2011-08-10,0.0,-0.0010043802981429238,0.5332768449088967
2011-08-11,1.0,0.033281591197204925,0.47214082291885123
2011-08-12,1.0,0.05847734191757183,0.49975677579381317
2011-08-15,1.0,0.07195776895925704,0.5318386658845783
2011-08-16,1.0,0.023603425566876102,0.5414604623186069
2011-08-17,0.0,-0.017986329404208176,0.5488390443168548
2011-08-18,0.0,-0.02760080152589342,0.5345824087313517
2011-08-19,0.0,-0.013125010086334495,0.5124923083431755
2011-08-22,0.0,-0.059251789813530735,0.5335295869375302
2011-08-23,1.0,0.003864865692229345,0.4897305571389128
2011-08-24,1.0,0.037047059023594724,0.5151136092930059
2011-08-25,1.0,0.028888490576274874,0.5669099879582443
2011-08-26,1.0,0.02960739919054188,0.5784441021687369
2011-08-29,1.0,0.06063679146995665,0.5691237614558816
2011-08-30,1.0,0.02154318352334037,0.5743686770951265
2011-08-31,0.0,-0.004529005680143599,0.5322002687382658
2011-09-01,1.0,0.023824757350800495,0.5487234770813266
2011-09-02,0.0,-0.014540536182670215,0.5586782722882309
2011-09-05,0.0,-0.045724188163446755,0.5226599066178683
2011-09-06,0.0,-0.022540722465104437,0.5072295873739368
2011-09-07,1.0,0.0011877596183437762,0.47881119498473773
2011-09-08,0.0,-0.04461826502433448,0.5318808402025031
2011-09-09,0.0,-0.02389700310591454,0.5320899698145366
2011-09-12,0.0,-0.02037922714525814,0.532609402251871
2011-09-13,0.0,-0.016479946711957738,0.5539380242969486
2011-09-14,0.0,-0.02070046542510211,0.5222659927698617
2011-09-15,0.0,-0.027456594815010133,0.526366746092277
2011-09-16,0.0,-0.08947694916300429,0.5372808417639552
2011-09-19,0.0,-0.08953327605427056,0.5014524727845447
2011-09-20,0.0,-0.08894722813865034,0.5473359778353223
2011-09-21,0.0,-0.10244415881642406,0.5332582911506597
2011-09-22,0.0,-0.07499645246205781,0.5067256426012946
2011-09-23,0.0,-0.020014262436781297,0.4932641179010897
2011-09-26,1.0,0.019466801594399192,0.5226332087637847
2011-09-27,0.0,-0.015992619599494606,0.6000613156027924
2011-09-28,1.0,0.01984772139355282,0.5850126685164182
2011-09-29,1.0,0.022678208623239677,0.6063006129480374
2011-09-30,1.0,0.008510637483591838,0.5862171114128091
2011-10-03,1.0,0.010933068808474358,0.5756239703048037
2011-10-04,1.0,0.023400888274645298,0.5649408839788662
2011-10-05,1.0,0.021091620791170877,0.5925891662128142
2011-10-06,1.0,0.010067654027660078,0.5992872866785357
2011-10-07,1.0,0.025843816700511717,0.5913229534243262
2011-10-10,0.0,-0.0034056315404217244,0.6232955960167754
2011-10-11,0.0,-0.00274075918874127,0.5964745925169876
2011-10-12,0.0,-0.021274447289333934,0.6124044488216228
2011-10-13,0.0,-0.02878937875582533,0.6211443798459728
2011-10-14,0.0,-0.0230818134996267,0.6318152839849117
2011-10-17,0.0,-0.010450321165496377,0.6458315166728928
2011-10-18,1.0,0.028354330697290032,0.6298093116487966
2011-10-19,1.0,0.04996924284092791,0.6556505899718326
2011-10-20,1.0,0.07374873756195909,0.6535784885486786
2011-10-21,1.0,0.0598915572406057,0.6886669699353988
2011-10-24,1.0,0.03644345542421692,0.6929126342513537
2011-10-25,1.0,0.008390236728935066,0.6780011323120162
2011-10-26,1.0,0.007957494450203885,0.6696519205723884
2011-10-27,1.0,0.010813319487513873,0.6418426574537441
2011-10-28,1.0,0.006231440242013742,0.6415834726974383
2011-10-31,1.0,0.04573511745899541,0.6274191157861472
2011-11-01,1.0,0.03788029187239192,0.6626365408203545
2011-11-02,1.0,0.017871105936341378,0.6717876691625545
2011-11-03,0.0,-0.0030776068945348274,0.6601173750617666
2011-11-04,1.0,0.019208510820141106,0.6600989048353111
2011-11-07,0.0,-0.0082058225312526,0.6377468764430704
2011-11-08,0.0,-0.00307250908916727,0.6315926558098697
2011-11-09,0.0,-0.003718875718907205,0.6320693201050787
2011-11-10,0.0,-0.021045665243924375,0.6455314557702119
2011-11-11,0.0,-0.03685974814895321,0.6448738830851489
2011-11-14,0.0,-0.05965762659079573,0.6552760698805957
2011-11-15,0.0,-0.046551569280237286,0.6441450664396847
2011-11-16,0.0,-0.04116159895879561,0.6250792795192806
2011-11-17,0.0,-0.016077159026086574,0.6134848958304967
2011-11-18,0.0,-0.023725390022702898,0.6484144707552685
2011-11-21,1.0,0.020669414504191658,0.6172123243382186
2011-11-22,1.0,0.009310454485603845,0.6482547336540228
2011-11-23,1.0,0.031474251136459255,0.6295852967555543
2011-11-24,1.0,0.029369918074198084,0.6273873388933415
2011-11-25,1.0,0.03686413897238556,0.6217637229984662
2011-11-28,1.0,0.0062002614687618985,0.60778581277658
2011-11-29,1.0,0.007247586836260882,0.6133880065054074
2011-11-30,0.0,-0.002626012781422673,0.5855013834146587
2011-12-01,0.0,-0.021105845414978452,0.5726703304203326
2011-12-02,0.0,-0.020328312889898375,0.5560370645697961
2011-12-05,0.0,-0.03329933546186695,0.5485087153536583
2011-12-06,0.0,-0.05753766299246034,0.5552385191298644
2011-12-07,0.0,-0.10126714558506339,0.56706588428318
2011-12-08,0.0,-0.08413877834311607,0.5512661876188198
2011-12-09,0.0,-0.06808144174107443,0.5704984642819597
2011-12-12,0.0,-0.04435167086547537,0.5505505470298685
2011-12-13,0.0,-0.009650664436636341,0.5759110434847976
2011-12-14,1.0,0.025825445703828654,0.5681226291756548
2011-12-15,1.0,0.02205960229531028,0.6115294133953451
2011-12-16,1.0,0.004617360713406451,0.608341027390826
2011-12-19,1.0,0.007922021176089613,0.5855460635757749
2011-12-20,0.0,-0.014134951397760791,0.5709658457703815
2011-12-21,0.0,-0.03772532665951573,0.530765617283538
2011-12-22,0.0,-0.03781483194758233,0.5428530957970712
2011-12-23,0.0,-0.026909716665529,0.5649012966472077
2011-12-26,0.0,-0.02564097589437485,0.5518653719919623
2011-12-27,1.0,0.006431614552768215,0.5559320343137235
2011-12-28,1.0,0.03547543959930343,0.5392371539908828
2011-12-29,1.0,0.04845220856347672,0.5491466428962873
2011-12-30,1.0,0.0341051079429066,0.5642554956928
2012-01-02,1.0,0.02851186262067506,0.5829483994469088
2012-01-03,1.0,0.01783195418172983,0.5632897271586097
2012-01-04,1.0,0.018669266126326755,0.540789434115139
2012-01-05,1.0,0.016823037962225913,0.5416757485848582
2012-01-06,1.0,0.012926383951458483,0.5511429896615356
2012-01-09,1.0,0.019801775611422576,0.5651242396425996
2012-01-10,1.0,0.011996246651793161,0.5871290858884685
2012-01-11,1.0,0.010890740971511508,0.5911887455908104
2012-01-12,1.0,0.004896340556456079,0.5866206080229999
2012-01-13,1.0,0.0167293239542978,0.5711409117715367
2012-01-16,1.0,0.020103176874810478,0.579665497353119
2012-01-17,1.0,0.008216507480206355,0.5801480046450571
2012-01-18,1.0,0.030039166871795347,0.5845025595658342
2012-01-19,1.0,0.03687899427005017,0.5827682048648961
2012-01-20,1.0,0.042534863865001,0.5756454154411705
2012-01-23,1.0,0.03104805851177823,0.5721471332706735
2012-01-24,1.0,0.042271402292677396,0.5701438501265862
2012-01-25,1.0,0.019010581290649965,0.5709825670493195
2012-01-26,1.0,0.022316184436063265,0.567539644363858
2012-01-27,0.0,-0.007399061839626506,0.5603841874629786
2012-01-30,0.0,-0.005634111622347203,0.5528442411498263
2012-01-31,1.0,0.0045247387048837715,0.5473812699299642
2012-02-01,0.0,-0.005867818711721385,0.5590893568414276
2012-02-02,0.0,-0.017243783305119848,0.5600056346644052
2012-02-03,0.0,-0.002465019735825731,0.5418729263009039
2012-02-06,1.0,0.0011154296431609512,0.5541370726662476
2012-02-07,0.0,-0.014600652949761454,0.5337692985136054
2012-02-08,0.0,-0.002917938713582087,0.5291500206248789
2012-02-09,0.0,-0.000769348723547607,0.5304130998747718
2012-02-10,1.0,0.0008010727837263062,0.5211575745653304
2012-02-13,1.0,0.0073354064000940335,0.5143191596876588
2012-02-14,1.0,0.022390432140131214,0.5290782192894811
2012-02-15,1.0,0.027436038602082095,0.5134133056569459
2012-02-16,1.0,0.02999013500325317,0.4977756054396215
2012-02-17,1.0,0.028075291492295193,0.4905633651854702
2012-02-20,1.0,0.01868935781892182,0.4978135020145114
2012-02-21,1.0,0.014167580961946603,0.5025941698707632
2012-02-22,0.0,-0.045713919705494724,0.5121617249163581
2012-02-23,0.0,-0.03567152333212025,0.5090378081175744
2012-02-24,0.0,-0.03435008667160599,0.4961411598726791
2012-02-27,0.0,-0.03522346299405626,0.4979623393098745
2012-02-28,0.0,-0.06357983691509389,0.5123986965670514
2012-02-29,0.0,-0.007019896768941746,0.45682561148360706
2012-03-01,0.0,-0.010830842700329482,0.514359888333091
2012-03-02,1.0,0.0006129150137151136,0.5182733175044679
2012-03-05,0.0,-0.00304006901155059,0.5001277799675621
2012-03-06,0.0,-0.0001314052599832792,0.482212730828061
2012-03-07,0.0,-0.02408626106947191,0.4592090355789771
2012-03-08,0.0,-0.02462157609059669,0.4649147215126592
2012-03-09,0.0,-0.03180799625521785,0.4437353510216983
2012-03-12,0.0,-0.0218676267720121,0.4442566133648258
2012-03-13,0.0,-0.014033861715470271,0.42993342176102056
2012-03-14,1.0,0.0033684267930254534,0.44217241977959065
2012-03-15,0.0,-0.007584024632966548,0.4713212561885468
2012-03-16,1.0,0.0011439237828887445,0.4707240609725507
2012-03-19,1.0,0.015233154614473877,0.46113439899952746
2012-03-20,1.0,0.01801017602172992,0.4340642566693855
2012-03-21,1.0,0.007996156191979508,0.4125722668107725
2012-03-22,1.0,0.009475591462032746,0.4159860815642524
2012-03-23,1.0,0.003873587907823725,0.42894149570922757
2012-03-26,0.0,-0.0073580615548090355,0.45180911944248
2012-03-27,0.0,-0.020824943265823688,0.44652796928129357
2012-03-28,0.0,-0.02613067125031767,0.4553050833854777
2012-03-29,0.0,-0.018428607052610915,0.4639269949445898
2012-03-30,0.0,-0.01931807422816889,0.4758704163994299
2012-04-02,0.0,-0.022593701020552963,0.5002037595986117
2012-04-03,1.0,0.008348354324591717,0.509085464678953
2012-04-04,1.0,0.023392023633498262,0.4901839708862948
2012-04-05,1.0,0.02693842966190002,0.5170361435127512
2012-04-06,1.0,0.013185483236224763,0.513456598553097
2012-04-09,1.0,0.007095847615074721,0.5196335975155363
2012-04-10,0.0,-0.006260784916406724,0.5112463721913344
2012-04-11,0.0,-0.010317458080739863,0.5050155404208383
2012-04-12,0.0,-0.01979152798256474,0.5008875001017888
2012-04-13,0.0,-0.009221289910577858,0.49138035378833045
2012-04-16,0.0,-0.007937562567393273,0.5085572599873313
2012-04-17,0.0,-0.0044352167581722295,0.513280175960968
2012-04-18,1.0,0.0009312999610944251,0.5170967203048887
2012-04-19,1.0,0.008786976751904122,0.5283850201655748
2012-04-20,1.0,0.011991625025751164,0.5303929343731578
2012-04-23,1.0,0.01569849134073937,0.5162054433325504
2012-04-24,1.0,0.012200956268212326,0.5227207000228151
2012-04-25,1.0,0.005987042962961442,0.5195295459920137
2012-04-26,0.0,-0.013026196741591537,0.5316282458127239
2012-04-27,0.0,-0.012423873179445669,0.5182685180468549
2012-04-30,0.0,-0.015863257601863977,0.5123703027482968
2012-05-01,0.0,-0.03486383879308601,0.5192938334521412
2012-05-02,0.0,-0.039430714034702004,0.5144605015482294
2012-05-03,0.0,-0.025982885826202246,0.5116921877971192
2012-05-04,0.0,-0.03900395692160424,0.522925137199448
2012-05-07,0.0,-0.05123066073896743,0.5276750333591429
2012-05-08,0.0,-0.03890409588846891,0.4814590219252222
2012-05-09,0.0,-0.031960382748071184,0.4870016870291753
2012-05-10,0.0,-0.01246745457229617,0.5007888137254103
2012-05-11,1.0,0.008567725362959982,0.48949500334191487
2012-05-14,1.0,0.023081928542047978,0.4693441271900192
2012-05-15,1.0,0.015607295931887817,0.45496758720751956
2012-05-16,1.0,0.014111720078276517,0.454635637585908
2012-05-17,0.0,-0.009586736344361451,0.4693789511586107
2012-05-18,0.0,-0.012609057712774348,0.46579164420655733
2012-05-21,0.0,-0.007643365366757589,0.45800228810420324
2012-05-22,0.0,-0.008547744647148359,0.4219544775219976
2012-05-23,1.0,0.0012352673556085712,0.4378283657064816
2012-05-24,1.0,0.0007564878809838159,0.4661524005552645
2012-05-25,1.0,0.03195012046689071,0.4814465933243467
2012-05-28,1.0,0.023696413776370814,0.47795849502845844
2012-05-29,1.0,0.03903149757495679,0.4542091526201222
2012-05-30,1.0,0.03514381300646567,0.4656451286579365
2012-05-31,1.0,0.01839516221886343,0.4794554285444217
2012-06-01,0.0,-0.01905233928642499,0.42474205739496274
2012-06-04,0.0,-0.013733181796001002,0.42108155336735575
2012-06-05,0.0,-0.00449355389890783,0.40715944741105936
2012-06-06,0.0,-0.0013904555208838754,0.3910922128095688
2012-06-07,1.0,0.021369385235821686,0.3699648121952239
2012-06-08,1.0,0.02089781225114115,0.42280232487365327
2012-06-11,1.0,0.01941242537555482,0.4321866712607371
2012-06-12,1.0,0.0054022037511078655,0.4285979886416215
2012-06-13,0.0,-0.0059357662037918535,0.4345051527496099
2012-06-14,0.0,-0.036022590684731626,0.4103795903896924
2012-06-15,0.0,-0.034164376578581866,0.4101549862530593
2012-06-18,0.0,-0.02713898640812272,0.38273035499954544
2012-06-19,0.0,-0.028572029296252056,0.39013089192801675
2012-06-20,0.0,-0.020920528646399594,0.3778450151930973
2012-06-21,0.0,-0.008753113845368036,0.3821689238502072
2012-06-22,1.0,0.015742394916597284,0.41538785136634704
2012-06-25,1.0,0.007933206889271129,0.4080626767635668
2012-06-26,1.0,0.027848885257099523,0.39430674528564974
2012-06-27,1.0,0.025977766761218345,0.39198874227336494
2012-06-28,1.0,0.032974092527048936,0.3708539056320178
2012-06-29,0.0,-0.008581854847939873,0.3786184302051409
2012-07-02,0.0,-0.005915653496332275,0.3829042703459955
2012-07-03,0.0,-0.03144737459181188,0.37341657465475275
2012-07-04,0.0,-0.024581207148719426,0.37728253596550176
2012-07-05,0.0,-0.020607472871315417,0.3456065728578757
2012-07-06,1.0,0.0037372854622120468,0.3679810849317893
2012-07-09,1.0,0.001070171896184736,0.3903951890702304
2012-07-10,1.0,0.010232800957556623,0.3862942857979397
2012-07-11,0.0,-0.0018286183792114532,0.41087612186427747
2012-07-12,1.0,0.006012614121793397,0.3967168244154939
2012-07-13,0.0,-0.003263837966585459,0.39738454216430996
2012-07-16,0.0,-0.007851401372166465,0.39994111635695867
2012-07-17,0.0,-0.001548501581406968,0.3902066657281149
2012-07-18,1.0,0.019465870766843887,0.4029656759876893
2012-07-19,1.0,0.021482122229628902,0.4153784574456306
2012-07-20,1.0,0.023945772190860838,0.4221140870414798
2012-07-23,1.0,0.028148858130021038,0.4132171562894412
2012-07-24,1.0,0.02087549400755713,0.41086159853954285
2012-07-25,0.0,-0.003102442304554118,0.3928842801870413
2012-07-26,0.0,-0.016939613645799902,0.395526351303821
2012-07-27,0.0,-0.012038404982345536,0.38179272643354933
2012-07-30,0.0,-0.007096770048717175,0.34698277378110404
2012-07-31,0.0,-0.0013017203139830155,0.3406763316400642
2012-08-01,1.0,0.007877709572290571,0.35397786986169566
2012-08-02,1.0,0.01785516635093788,0.36867520020640127
2012-08-03,1.0,0.010373331056900142,0.38198509522421775
2012-08-06,0.0,-0.00046580235296059437,0.36729921897490664
2012-08-07,0.0,-0.008190002960963646,0.36267141886696147
2012-08-08,0.0,-0.005617031280589922,0.3595708723091798
2012-08-09,0.0,-0.0013303016796273662,0.34780853581236326
2012-08-10,0.0,-0.0025646981999410843,0.3377445595861539
2012-08-13,1.0,0.006655856163309125,0.344183849492281
2012-08-14,1.0,0.023944174947550995,0.3484103278116243
2012-08-15,1.0,0.03165025138787254,0.3567382228451005
2012-08-16,1.0,0.033785969077338364,0.35076130412248185
2012-08-17,1.0,0.033168013310769004,0.34786978368434496
2012-08-20,1.0,0.02654969314769632,0.33679074607201515
2012-08-21,1.0,0.017611736112954447,0.34669265239636715
2012-08-22,1.0,0.001117436656450158,0.3815753856491475
2012-08-23,0.0,-0.009019362447228532,0.3985217859658609
2012-08-24,1.0,0.012764257806969489,0.4145446986640974
2012-08-27,1.0,0.01692228905713148,0.4063902515727953
2012-08-28,1.0,0.01715950687714646,0.4141508195068378
2012-08-29,1.0,0.021795160393184774,0.41343231514970624
2012-08-30,1.0,0.026629462489558497,0.4208622251961271
2012-08-31,1.0,0.025464811676267938,0.45355754259186415
2012-09-03,1.0,0.01974469993707177,0.4458938619119202
2012-09-04,1.0,0.021267156070755622,0.4446350495156542
2012-09-05,1.0,0.02208162621759446,0.43016527386597575
2012-09-06,1.0,0.03851288693759918,0.42760207661904653
2012-09-07,1.0,0.019823526746383716,0.4923482627645156
2012-09-10,1.0,0.020185907755698004,0.4835739293307679
2012-09-11,1.0,0.02271657526808174,0.4902190240946014
2012-09-12,1.0,0.022621780386110308,0.4688598808955816
2012-09-13,1.0,0.0008824428398997617,0.4994935091696522
2012-09-14,1.0,0.0015239173261027458,0.5179684177724441
2012-09-17,1.0,0.0017016935953600991,0.48965042090485417
2012-09-18,0.0,-0.006425793132183762,0.5001063128609847
2012-09-19,0.0,-0.010019526649762892,0.4844661318451602
2012-09-20,1.0,0.0048789526679577176,0.4858637292723654
2012-09-21,0.0,-0.0005641430816435596,0.49256675791816257
2012-09-24,1.0,0.006130395638191865,0.4835694511324381
2012-09-25,1.0,0.007948335507676717,0.48249243270234105
2012-09-26,1.0,0.014303153986772874,0.4676121163797773
2012-09-27,1.0,0.007371832748068262,0.48741743345628974
2012-09-28,1.0,0.0047851021582714865,0.4688809665463941
2012-10-01,0.0,-0.0001971692140743295,0.4591140004306976
2012-10-02,0.0,-0.005877383406499286,0.4551080335585893
2012-10-03,0.0,-0.008840991392158682,0.45510332961164374
2012-10-04,0.0,-0.012957809017644427,0.48356916840649894
2012-10-05,0.0,-0.014777869440321124,0.45634581698311505
2012-10-08,0.0,-0.021296178495362438,0.45969208073395124
2012-10-09,0.0,-0.009510593056739186,0.4448499429259319
2012-10-10,0.0,-0.00694664715167666,0.4469530894461841
2012-10-11,0.0,-0.014849288854679368,0.45290039984820957
2012-10-12,0.0,-0.01883130127444202,0.4288704770439022
2012-10-15,0.0,-0.00522209464163592,0.418467029463805
2012-10-16,0.0,-0.02312526176012123,0.4463962418929269
2012-10-17,0.0,-0.027926846031503902,0.44238919376882285
2012-10-18,0.0,-0.01691127347456492,0.4365197101375634
2012-10-19,0.0,-0.006087899841401614,0.4211476418491635
2012-10-22,0.0,-0.011140799086802104,0.4412324483148661
2012-10-23,1.0,0.0011412686877783351,0.43124305493537696
2012-10-24,1.0,0.010927473896875642,0.4506785595420561
2012-10-25,1.0,0.0012549799537018129,0.460397993639523
2012-10-26,0.0,-0.019591114576290026,0.4430768485559744
2012-10-29,0.0,-0.014347617488414968,0.4492982330964848
2012-10-30,1.0,0.0037365760429698834,0.444920583736512
2012-10-31,0.0,-0.0016868314842010818,0.4446955904656892
2012-11-01,1.0,0.009983540564557188,0.4393097348944062
2012-11-02,1.0,0.031141055898091956,0.41732305235756495
2012-11-05,1.0,0.02531484062083679,0.45702186462374844
2012-11-06,1.0,0.005231049417552503,0.46413264753046174
2012-11-07,1.0,0.0049940581714243626,0.46664286429647805
2012-11-08,0.0,-0.009079763590166127,0.47803246729590715
2012-11-09,0.0,-0.010119305028683759,0.4699275913867529
2012-11-12,1.0,0.0020231805508061688,0.4846862250546299
2012-11-13,1.0,0.0013324452337786948,0.506322352764642
2012-11-14,1.0,0.0013603278461313006,0.5058868396122235
2012-11-15,1.0,0.007981814910091282,0.4927508054715555
2012-11-16,1.0,0.022644654044710333,0.5014020109497074
2012-11-19,1.0,0.009740476683890885,0.5116621232551494
2012-11-20,1.0,0.008560486928063998,0.5076030588266822
2012-11-21,0.0,-0.0051907495226175635,0.5059042585482288
2012-11-22,0.0,-0.0022284937954228333,0.5255160306488699
2012-11-23,0.0,-0.022032150197412486,0.525560620683437
2012-11-26,0.0,-0.018848060594088337,0.5363834408999771
2012-11-27,0.0,-0.025933947547242386,0.5264690053091728
2012-11-28,0.0,-0.015115851568334494,0.5132055709554971
2012-11-29,0.0,-0.015063339468809231,0.5378032341182944
2012-11-30,0.0,-0.006288685042045517,0.5353686330520026
2012-12-03,0.0,-0.001778970707867127,0.5457262911401927
2012-12-04,1.0,0.007482758625585686,0.5200543213949377
2012-12-05,1.0,0.010394737711009424,0.5249767599758334
2012-12-06,0.0,-0.0017369037441385398,0.5429743445688493
2012-12-07,0.0,-0.004676272803983147,0.5414080028354148
2012-12-10,0.0,-0.00867760714781225,0.5516695923533331
2012-12-11,0.0,-0.023186701496308935,0.5394540775055108
2012-12-12,0.0,-0.02628225503638276,0.5350232623695481
2012-12-13,0.0,-0.02945214597719978,0.534497280873636
2012-12-14,0.0,-0.023171895756292384,0.5477116786280073
2012-12-17,0.0,-0.024241046570017296,0.5494119111675705
2012-12-18,0.0,-0.007327360111107422,0.5221221301643194
2012-12-19,0.0,-0.0045085739131469635,0.5449440037930557
2012-12-20,1.0,0.010000204112008313,0.49159520079139085
2012-12-21,0.0,-0.0008451299890306468,0.5140896526930608
2012-12-24,1.0,0.010723722032734369,0.5286792079171787
2012-12-25,1.0,0.0037664827954768648,0.5257609346603234
2012-12-26,1.0,0.01622553636699703,0.5291295351747098
2012-12-27,0.0,-0.0001862863226157636,0.5194139642642192
2012-12-28,0.0,-0.00012079118239045626,0.5220722597338953
2012-12-31,0.0,-0.017097006165204747,0.5244013779313001
2013-01-01,0.0,-0.00355552186767197,0.5244413661768287
2013-01-02,0.0,-0.017431263717288766,0.5215034398100419
2013-01-03,1.0,0.0068874920410530215,0.5148317473951495
2013-01-04,1.0,0.004309247428402436,0.5162250412128416
2013-01-07,1.0,0.012610279327627252,0.5397138565791332
2013-01-08,1.0,0.01210066581804641,0.5467828571615087
2013-01-09,1.0,0.013302769800671452,0.5528543029470505
2013-01-10,1.0,0.007195987043534296,0.5484264541781659
2013-01-11,1.0,0.012847118825857914,0.5350608336860877
2013-01-14,1.0,0.013222742460916696,0.5482622019805637
2013-01-15,1.0,0.007858528350970685,0.5567406313309959
2013-01-16,1.0,0.0035058565827373054,0.5552241716923685
2013-01-17,0.0,-0.011682445487148096,0.5586028922002365
2013-01-18,0.0,-0.015315884192343308,0.5525610759688004
2013-01-21,0.0,-0.020655036290983645,0.5573777150051619
2013-01-22,0.0,-0.01722074434526419,0.5601093257738624
2013-01-23,0.0,-0.005233590107545289,0.5520950898289616
2013-01-24,0.0,-0.0025813437313572875,0.5500742779256909
2013-01-25,1.0,0.005261350320726173,0.548143805618241
2013-01-28,1.0,0.010933666532291336,0.5579149859344228
2013-01-29,1.0,0.005484392258868351,0.5722024900187407
2013-01-30,1.0,0.00038751025151447703,0.5652650682162912
2013-01-31,1.0,0.004797178869633336,0.5499999385574774
2013-02-01,0.0,-0.00014994077367542287,0.5540995423372984
2013-02-04,0.0,-0.015504653316261803,0.5597266960172983
2013-02-05,0.0,-0.013116520287642893,0.5557178272684897
2013-02-06,0.0,-0.02117389548061492,0.5667824886215324
2013-02-07,0.0,-0.022321275147108504,0.5471788178213922
2013-02-08,0.0,-0.03484928370815505,0.5569973610057392
2013-02-11,0.0,-0.02326685680642531,0.5444043602249585
2013-02-12,0.0,-0.028317106094155123,0.5645553396304439
2013-02-13,0.0,-0.048651669605122315,0.5596662134996304
2013-02-14,0.0,-0.0363461211205366,0.5417457924956101
2013-02-15,0.0,-0.017985758214066127,0.48263029448856143
2013-02-18,0.0,-0.010332379539514195,0.5102378592771479
2013-02-19,1.0,0.005467719981170189,0.5042484133891525
2013-02-20,1.0,0.020779064792671057,0.40525456351606925
2013-02-21,1.0,0.0020152225782148234,0.45360424358309975
2013-02-22,0.0,-0.0032746107807804003,0.45622417014566363
2013-02-25,0.0,-0.012458840080777885,0.46662794090169535
2013-02-26,0.0,-0.024049946510698483,0.4597567983631833
2013-02-27,0.0,-0.00848714741491398,0.43654313706028003
2013-02-28,0.0,-0.0003862531905993922,0.4529523911564236
2013-03-01,1.0,0.0016291449326455416,0.4706272214625712
2013-03-04,1.0,0.004931364024182168,0.4889428982571885
2013-03-05,1.0,0.010920791552657102,0.5064164771593995
2013-03-06,1.0,0.0023962680150911,0.49609755527739
2013-03-07,1.0,0.007087058758919066,0.491126864759577
2013-03-08,1.0,0.008294615087249152,0.4943158322519571
2013-03-11,1.0,0.01511082411066455,0.5088810109895227
2013-03-12,1.0,0.01244732266236452,0.502218932812571
2013-03-13,1.0,0.011976865877105336,0.5074236591194082
2013-03-14,1.0,0.015400856023166406,0.5042999759044321
2013-03-15,1.0,0.01039212234503272,0.5129710121657239
2013-03-18,0.0,-0.000342603352766135,0.5155419773731039
2013-03-19,0.0,-0.007912167496973243,0.524879125616764
2013-03-20,0.0,-0.000983786286413508,0.5220578932285833
2013-03-21,0.0,-0.011246498961687576,0.524837674893766
2013-03-22,0.0,-0.006129728327921537,0.519579005289617
2013-03-25,0.0,-0.003470015339823066,0.5165185212579072
2013-03-26,0.0,-0.015202091287352178,0.5257017353379131
2013-03-27,0.0,-0.0299086531846245,0.5250762828434442
2013-03-28,0.0,-0.02680230627626694,0.522096138027668
2013-03-29,0.0,-0.011069643523744501,0.5256698485971262
2013-04-01,0.0,-0.016312177046652006,0.5245000516024204
2013-04-02,1.0,0.0059723577201612164,0.5033893029773736
2013-04-03,1.0,0.0003786310927027359,0.5009983276098614
2013-04-04,1.0,0.004403031464755692,0.5084205023039526
2013-04-05,0.0,-0.06408536723137583,0.5142152902816655
2013-04-08,0.0,-0.15480648737602154,0.5063457242406568
2013-04-09,0.0,-0.1475294887554217,0.49775811943466725
2013-04-10,0.0,-0.12420543999957401,0.4807414116149035
2013-04-11,0.0,-0.11588675921880467,0.5035592770206416
2013-04-12,0.0,-0.06433894563938597,0.34840061846242265
2013-04-15,1.0,0.056603920419368944,0.23871431862505824
2013-04-16,1.0,0.032445697091762454,0.351672780311986
2013-04-17,1.0,0.039493106127226923,0.380845568830686
2013-04-18,1.0,0.05409106546549286,0.37416235201794024
2013-04-19,1.0,0.050138801423992796,0.3579253219146765
2013-04-22,1.0,0.034099459345973825,0.30881509100789034
2013-04-23,1.0,0.04412862350281711,0.3253270217007748
2013-04-24,1.0,0.017740374516158116,0.34884592633907996
2013-04-25,0.0,-0.0005451522472626087,0.36226650767793744
2013-04-26,1.0,0.005905555822026478,0.3423779191010215
2013-04-29,0.0,-0.004434145375362633,0.3655494599091606
2013-04-30,0.0,-0.01639918232052835,0.3619930140736807
2013-05-01,1.0,0.011249756219238101,0.3703253238315864
2013-05-02,0.0,-0.006036944083029382,0.41073809861929184
2013-05-03,0.0,-0.01545106878984497,0.39494223624233943
2013-05-06,0.0,-0.026774197757806453,0.414131265546849
2013-05-07,0.0,-0.018992068799045827,0.4039763393144625
2013-05-08,0.0,-0.056546051644689156,0.41766262433670426
2013-05-09,0.0,-0.05081518588389844,0.409270927319386
2013-05-10,0.0,-0.06316764333120799,0.44930371659970614
2013-05-13,0.0,-0.02604612642395224,0.46988973311211363
2013-05-14,0.0,-0.03500287737151912,0.4631523936743708
2013-05-15,0.0,-0.01637856279068578,0.4603854162245598
2013-05-16,1.0,0.003672900315676122,0.4708882831876345
2013-05-17,1.0,0.019737003660686148,0.4689770681845077
2013-05-20,1.0,0.0007028667209440616,0.4771235030924357
2013-05-21,1.0,0.0035248078269717524,0.46668242409499844
2013-05-22,1.0,0.016428811702268897,0.4478118931916822
2013-05-23,1.0,0.016433842801467192,0.4531328088306066
2013-05-24,1.0,0.000915457233873933,0.4410858553465884
2013-05-27,1.0,0.011845422841367439,0.4679002584103406
2013-05-28,1.0,0.013090604317827572,0.44954489784654467
2013-05-29,1.0,0.007366384106009289,0.4606119440910828
2013-05-30,0.0,-0.0001697276582364581,0.46722766592206216
2013-05-31,0.0,-0.0035150182168794068,0.45511786829196144
2013-06-03,0.0,-0.017799533510897195,0.4923061441391363
2013-06-04,0.0,-0.015163369228658487,0.47413622929081456
2013-06-05,0.0,-0.010385796896015024,0.4913630597455059
2013-06-06,0.0,-0.01992258554858844,0.5064483600025621
2013-06-07,1.0,0.00554477426344756,0.4785870661650751
2013-06-10,0.0,-0.0008297707783488692,0.5263166933320431
2013-06-11,0.0,-0.007807703117783699,0.5089108004562102
2013-06-12,0.0,-0.027474576441097638,0.5245303690143432
2013-06-13,0.0,-0.07563870258200424,0.526654430609001
2013-06-14,0.0,-0.07024478729724845,0.5109958731283845
2013-06-17,0.0,-0.07723508886170945,0.5075823132821418
2013-06-18,0.0,-0.06807148547981957,0.4909149659807483
2013-06-19,0.0,-0.09675061403503397,0.4969584525223811
2013-06-20,0.0,-0.06793455128383914,0.47359019418906967
2013-06-21,0.0,-0.04886846097104775,0.5447636171313343
2013-06-24,0.0,-0.023536253093862224,0.5444349276018192
2013-06-25,0.0,-0.027100510621115705,0.5511310786676095
2013-06-26,1.0,0.02111811586394059,0.5221403672717859
2013-06-27,1.0,0.04020047130185269,0.5094037438402532
2013-06-28,0.0,-0.009252355681492023,0.549973387439478
2013-07-01,0.0,-0.012435793009879818,0.5343293477636536
2013-07-02,1.0,0.0063729458598417756,0.5262886698012781
2013-07-03,1.0,0.005532110216029369,0.501958007251447
2013-07-04,1.0,0.028628586604586538,0.4678940054269322
2013-07-05,1.0,0.049832941475350556,0.4743731408353116
2013-07-08,1.0,0.03767835166586421,0.5235967151607471
2013-07-09,1.0,0.03206678123104136,0.5156762539112536
2013-07-10,1.0,0.012879285559674344,0.5158528054115412
2013-07-11,0.0,-0.0015250310296039348,0.5045928314031728
2013-07-12,1.0,0.008056438339126145,0.4898515386019993
2013-07-15,1.0,0.03916621872532314,0.5059577974978365
2013-07-16,1.0,0.04018103138155811,0.5241727071940238
2013-07-17,1.0,0.03551844286040339,0.5193425850997204
2013-07-18,1.0,0.037939878475839635,0.5601156468261791
2013-07-19,1.0,0.02829731669208336,0.5511673676949657
2013-07-22,0.0,-0.005901139539280951,0.5483343915433267
2013-07-23,0.0,-0.014149590365807405,0.5369214601969567
2013-07-24,1.0,0.002266289921826131,0.5131754373595911
2013-07-25,0.0,-0.017995879011390697,0.5374765320115471
2013-07-26,0.0,-0.016294948554591605,0.5259175034990226
2013-07-29,0.0,-0.018966092302492722,0.5503283001320742
2013-07-30,0.0,-0.033059531713720496,0.559892954497757
2013-07-31,0.0,-0.028782269261818753,0.5201870815536964
2013-08-01,1.0,0.0025080916212646335,0.5288049182318239
2013-08-02,1.0,0.0020181641562371953,0.5225544139266329
2013-08-05,1.0,0.02667713294088269,0.5199752305164196
2013-08-06,1.0,0.029562509679167397,0.5132095511124095
2013-08-07,1.0,0.03697349263717967,0.5209857272124551
2013-08-08,1.0,0.039494480597600454,0.5012137584341939
2013-08-09,1.0,0.04643251941524413,0.49014177509734447
2013-08-12,1.0,0.020471967932788524,0.47082785544208827
2013-08-13,1.0,0.03676830149197913,0.4441735784032276
2013-08-14,1.0,0.022650631132100887,0.4587574636608655
2013-08-15,1.0,0.007190603019202373,0.45640144504709107
2013-08-16,1.0,0.015050993768452156,0.45040875003538683
2013-08-19,1.0,0.02795163710174697,0.44899348244913007
2013-08-20,1.0,0.03152874333722345,0.4343989143939035
2013-08-21,1.0,0.03645883587536711,0.44595825582391363
2013-08-22,1.0,0.022688406761052795,0.4601323428919447
2013-08-23,0.0,-0.0018618645501689369,0.4560442128355859
2013-08-26,0.0,-0.009570820047431068,0.4416735116824325
2013-08-27,0.0,-0.0018885880464471628,0.4291775939681832
2013-08-28,0.0,-0.01842608928638374,0.4232302766023215
2013-08-29,0.0,-0.02900842983859163,0.43133999959127883
2013-08-30,0.0,-0.002332216123230788,0.44136736216899813
2013-09-02,0.0,-0.0030881662925082254,0.44487753823003584
2013-09-03,0.0,-0.034992962566806896,0.4485456207584316
2013-09-04,0.0,-0.018977030266312755,0.4432029669070902
2013-09-05,0.0,-0.03408816683038216,0.442882030059762
2013-09-06,0.0,-0.04820875408460432,0.4501024314811758
2013-09-09,0.0,-0.054865407602601286,0.4394926721257056
2013-09-10,0.0,-0.0397960151696945,0.44683697609660167
2013-09-11,0.0,-0.0010624696455394861,0.4568208940566952
2013-09-12,1.0,0.03324686239317437,0.4070070593152062
2013-09-13,0.0,-0.0002563677232000467,0.45740126890563154
2013-09-16,1.0,0.007405979853780415,0.45191526796552917
2013-09-17,1.0,0.009650832880247014,0.4600521453199737
2013-09-18,0.0,-0.021894519206708467,0.42575039100766976
2013-09-19,0.0,-0.03141751984141135,0.3907210825171402
2013-09-20,1.0,0.007961885301288102,0.3945947314580664
2013-09-23,1.0,0.0046762892191348805,0.4166555815142194
2013-09-24,0.0,-0.027347548786158398,0.4138650292344454
2013-09-25,0.0,-0.013800503482182954,0.4486160632811694
2013-09-26,0.0,-0.0055436628572745296,0.4448874988029262
2013-09-27,0.0,-0.019528845902179123,0.4283931520558153
2013-09-30,0.0,-0.004305914645272311,0.4308616959191759
2013-10-01,1.0,0.024297600723038357,0.4405853176604228
2013-10-02,0.0,-0.007925319611083979,0.5025868557036087
2013-10-03,0.0,-0.022401747735589485,0.49142070710081603
2013-10-04,0.0,-0.029905673502145215,0.49481112418342954
2013-10-07,0.0,-0.03917869564164575,0.4835828558495987
2013-10-08,0.0,-0.028398725913360727,0.4393302646720325
2013-10-09,0.0,-0.018020176371114933,0.4661642334084776
2013-10-10,1.0,0.025109258746399056,0.4860702886898108
2013-10-11,1.0,0.034054820125671036,0.4807438401772496
2013-10-14,1.0,0.03369981120494184,0.5082693596657736
2013-10-15,1.0,0.04406382156284248,0.5029365904983065
2013-10-16,1.0,0.038951366940091374,0.489081972209363
2013-10-17,1.0,0.019827278990754833,0.4650879044376478
2013-10-18,1.0,0.02591022506322744,0.45766175071703846
2013-10-21,1.0,0.02746879841591781,0.4646200376343344
2013-10-22,1.0,0.003649639087549331,0.46464909706820134
2013-10-23,1.0,0.008327188996427648,0.45852994389453294
2013-10-24,0.0,-0.017739090113441634,0.4780361455799262
2013-10-25,0.0,-0.025948212489393822,0.46492843238057746
2013-10-28,0.0,-0.028723384472087558,0.46144729847266036
2013-10-29,0.0,-0.025023324122307407,0.4759876121882714
2013-10-30,0.0,-0.020011935439811467,0.46337649816806203
2013-10-31,0.0,-0.011745834936092893,0.48375123624840827
2013-11-01,0.0,-0.021192439317476768,0.49792875909864326
2013-11-04,0.0,-0.024297058010092798,0.5014041843965565
2013-11-05,0.0,-0.033967006946687486,0.49601397950521603
2013-11-06,0.0,-0.027781380871526297,0.4948042262036433
2013-11-07,0.0,-0.015762316434098776,0.4723211518264597
2013-11-08,1.0,0.001240887393599287,0.4807586485247678
2013-11-11,0.0,-0.005785333937828504,0.4979919415593136
2013-11-12,1.0,0.0060149966110538714,0.49157494712401706
2013-11-13,0.0,-0.029748004267935866,0.4994919798052385
2013-11-14,0.0,-0.03487714582016255,0.4803201221398913
2013-11-15,0.0,-0.03676272269212639,0.47217505346928856
2013-11-18,0.0,-0.01907684401016216,0.472626750464466
2013-11-19,0.0,-0.02609700046866337,0.4725434203520336
2013-11-20,0.0,-0.005059997421016641,0.4526698633468297
2013-11-21,1.0,0.0008443195889184391,0.4789177112146655
2013-11-22,1.0,0.007897138497966454,0.4901095712925795
2013-11-25,0.0,-0.025537091175062657,0.4698933191746254
2013-11-26,0.0,-0.015708636581773225,0.47727477631212983
2013-11-27,1.0,0.0046821884672734885,0.4574317873863716
2013-11-28,0.0,-0.015356880586328085,0.461667679573371
2013-11-29,0.0,-0.019690147682991002,0.4613384565846654
2013-12-02,1.0,0.01679605041336138,0.4451219670231075
2013-12-03,1.0,0.031190169117421777,0.4636788069191093
2013-12-04,1.0,0.006786803452805689,0.44043559683154887
2013-12-05,1.0,0.000285633843839573,0.4467758218499929
2013-12-06,1.0,0.007901655878057254,0.4609867513406608
2013-12-09,1.0,0.0007172474125939967,0.4530183708142986
2013-12-10,0.0,-0.02497292093138005,0.44753661196453337
2013-12-11,0.0,-0.027321339172465275,0.4671824075670598
2013-12-12,0.0,-0.030521795962459387,0.460168054434605
2013-12-13,0.0,-0.029075386654930886,0.4596183750779232
2013-12-16,0.0,-0.034821477868542845,0.4623165645031483
2013-12-17,0.0,-0.02202710521861973,0.47456138200968895
2013-12-18,0.0,-0.011771931513012363,0.477403946244686
2013-12-19,1.0,0.018272656715605542,0.41983181813136666
2013-12-20,1.0,0.008317346687954306,0.45199701429757444
2013-12-23,0.0,-0.0019371113049311832,0.4637436154216957
2013-12-24,1.0,0.0011784820525036384,0.46662807592791683
2013-12-25,0.0,-0.002777386885610849,0.4575078241087149
2013-12-26,1.0,0.011334823613670816,0.4371368837585032
2013-12-27,1.0,0.019312048302114113,0.44713142131655725
2013-12-30,1.0,0.03415308710861435,0.4467311672576738
2013-12-31,1.0,0.021701190052908353,0.45222011563593584
2014-01-01,1.0,0.02063662099082635,0.45115543625090615
2014-01-02,1.0,0.002895184194508753,0.44146038376210656
2014-01-03,1.0,0.009205604426028434,0.45595557059427483
2014-01-06,1.0,0.012162523638238398,0.42926867048394607
2014-01-07,1.0,0.010568098066163828,0.4401018131103892
2014-01-08,1.0,0.012902359065354162,0.44571244071735855
2014-01-09,1.0,0.01169083159877817,0.4716269883239938
2014-01-10,1.0,0.004475531946062138,0.4731633240527088
2014-01-13,1.0,0.0011483804314825776,0.47064440852215317
2014-01-14,0.0,-0.0030402983283800973,0.47129834459479686
2014-01-15,0.0,-0.0038564918265247034,0.4732406293360922
2014-01-16,1.0,0.01735510520254959,0.4778208618039917
2014-01-17,1.0,0.012693703237649756,0.48162171561491074
2014-01-20,1.0,0.001942861394021964,0.4733372411330239
2014-01-21,1.0,0.012384629270935704,0.4662641589097444
2014-01-22,1.0,0.02408754332224864,0.46114198854372995
2014-01-23,0.0,-0.016124365517533008,0.4394741656993697
2014-01-24,0.0,-0.02029799826552195,0.4423276886225531
2014-01-27,1.0,0.00046127296247317845,0.44211459078869814
2014-01-28,0.0,-0.0017200195353752332,0.4409405012446849
2014-01-29,0.0,-0.00738174398504664,0.4251341058642072
2014-01-30,1.0,0.011406496692758977,0.41172676101228045
2014-01-31,1.0,0.018090961655080357,0.4309051219824962
2014-02-03,1.0,0.01350486080136537,0.4199568961785339
2014-02-04,1.0,0.028860921214005453,0.42159853455761537
2014-02-05,1.0,0.026096965695063545,0.42113343717204427
2014-02-06,1.0,0.034918368966566096,0.4179322391887347
2014-02-07,1.0,0.03977383912551199,0.39318880532238865
2014-02-10,1.0,0.04353251156936309,0.39394193404822375
2014-02-11,1.0,0.02334968694661062,0.42067588364802394
2014-02-12,1.0,0.015691237041934085,0.4032146588094433
2014-02-13,1.0,0.015263983403737665,0.41162805625250654
2014-02-14,1.0,0.004230095941675307,0.42622170957029226
2014-02-17,1.0,0.00410721287294504,0.4352998578531548
2014-02-18,1.0,0.014024063600393622,0.43470612479331583
2014-02-19,1.0,0.014359655863373545,0.4366602418456747
2014-02-20,1.0,0.006321909936259212,0.4296562465452766
2014-02-21,1.0,0.0016297462410916428,0.4272705558557852
2014-02-24,1.0,0.010120790670788934,0.42238926613711536
2014-02-25,0.0,-0.004710324300183353,0.416918174406087
2014-02-26,1.0,0.004746079155210117,0.4038604092675229
2014-02-27,1.0,0.014555581379649261,0.41019171872382265
2014-02-28,1.0,0.010156026718675097,0.40648835758420493
2014-03-03,0.0,-0.00807349291082878,0.41473051000977773
2014-03-04,1.0,0.010904550700349491,0.41320692975021545
2014-03-05,1.0,0.021928496813055313,0.40726223451347704
2014-03-06,1.0,0.014120510555076153,0.3919897134529078
2014-03-07,1.0,0.030442789194434373,0.3750770219020356
2014-03-10,1.0,0.019316308551070433,0.3950531841574909
2014-03-11,1.0,0.005057723423654749,0.3799089861458412
2014-03-12,0.0,-0.02646416197796484,0.3949916461763753
2014-03-13,0.0,-0.02950267488805361,0.4063178735754823
2014-03-14,0.0,-0.035440405533459805,0.4028214419232009
2014-03-17,0.0,-0.04284200752875259,0.3841194166638828
2014-03-18,0.0,-0.03329616744988905,0.39683915553823124
2014-03-19,0.0,-0.02032769279674647,0.41042969360813225
2014-03-20,0.0,-0.030136162299470266,0.4273797125170761
2014-03-21,0.0,-0.03015074219755649,0.4322438979236455
2014-03-24,0.0,-0.01839414215597439,0.4113359561048128
2014-03-25,0.0,-0.025000916110286035,0.4243199640635078
2014-03-26,0.0,-0.01045265396425375,0.42132676172258315
2014-03-27,0.0,-0.003111580918792267,0.4349021829555842
2014-03-28,1.0,0.00693270377966217,0.4491237503127624
2014-03-31,1.0,0.009443716253466638,0.44403776610630474
2014-04-01,1.0,0.022603675604776975,0.4634221894698452
2014-04-02,1.0,0.0165837966491375,0.47147471063271046
2014-04-03,1.0,0.023768498097128304,0.4694336087989215
2014-04-04,1.0,0.011752272014901482,0.4665941633170836
2014-04-07,1.0,0.022355818694683786,0.46005713630362266
2014-04-08,0.0,-0.004381772126735899,0.4540962113643826
2014-04-09,0.0,-0.00761990053794027,0.45726467033257456
2014-04-10,0.0,-0.017863975851994274,0.45508955673431317
2014-04-11,0.0,-0.01798953860701019,0.4684495778188739
2014-04-14,0.0,-0.027605093416249053,0.46827678142811685
2014-04-15,0.0,-0.014460505610935042,0.4557563610638756
2014-04-16,0.0,-0.014402872697572055,0.4950401075302802
2014-04-17,0.0,-0.0004018267717058222,0.500890695607435
2014-04-18,1.0,0.0068511872621466,0.5132920213545819
2014-04-21,1.0,0.004308134483926793,0.5083112294329069
2014-04-22,1.0,0.009257171750035594,0.49936318451349265
2014-04-23,1.0,0.006221306808342226,0.5071256827079366
2014-04-24,0.0,-0.0070815838131562826,0.4960399117017082
2014-04-25,0.0,-0.002996429578611219,0.5159863383627217
2014-04-28,1.0,0.010571466702236623,0.5094338402125371
2014-04-29,1.0,0.008896937863949827,0.5160690778452383
2014-04-30,0.0,-0.001510989830654664,0.5115908171612852
2014-05-01,1.0,0.004047220442432298,0.5289844626178744
2014-05-02,0.0,-0.008034653853662376,0.5491133483846006
2014-05-05,0.0,-0.01092655293016592,0.5527226585767745
2014-05-06,0.0,-0.010248378125549063,0.546100160539321
2014-05-07,1.0,0.012093425174387619,0.5320149804297964
2014-05-08,1.0,0.0047101494322238395,0.5445128560041185
2014-05-09,1.0,0.002556456441301394,0.555615432994944
2014-05-12,0.0,-0.0020016468097358553,0.5552752372782589
2014-05-13,0.0,-0.0001545666726419293,0.5601080502399614
2014-05-14,0.0,-0.010001892791076385,0.5597775413632438
2014-05-15,0.0,-0.0018922212206900968,0.5434520541266683
2014-05-16,0.0,-0.00015475085143858903,0.5462236304647895
2014-05-19,0.0,-0.00023211011407983252,0.5500994513339607
2014-05-20,0.0,-0.02467908705270694,0.5543871298370799
2014-05-21,0.0,-0.02666260021525748,0.5518895294813515
2014-05-22,0.0,-0.02975293804962229,0.5475673998460394
2014-05-23,0.0,-0.032880105213471914,0.5459668328291241
2014-05-26,0.0,-0.038613008278633315,0.550156460148453
2014-05-27,0.0,-0.014040916751884036,0.48246989136360924
2014-05-28,0.0,-0.0103211467338215,0.502577767314158
2014-05-29,0.0,-0.002056859312143536,0.5129186081506021
2014-05-30,1.0,0.0016779197736386511,0.49856646460903387
2014-06-02,1.0,0.006748983616572747,0.49503293356954936
2014-06-03,1.0,0.010739902819777283,0.4915735016005834
2014-06-04,1.0,0.01228223525003044,0.5013689927277
2014-06-05,1.0,0.01618843608974765,0.5034187811892648
2014-06-06,1.0,0.01900240237619262,0.49016481328582856
2014-06-09,1.0,0.015480958361737324,0.4922273248931323
2014-06-10,1.0,0.010602188895814829,0.47910551817677915
2014-06-11,1.0,0.013495779185011027,0.46917312351090124
2014-06-12,1.0,0.035574800927973445,0.4651030320259666
2014-06-13,1.0,0.028928227182087162,0.46189654298256666
2014-06-16,1.0,0.03555068062448197,0.4528814530503802
2014-06-17,1.0,0.03593191670350082,0.46019312942782425
2014-06-18,1.0,0.030958742286208,0.46512239050069604
2014-06-19,0.0,-0.0022228047584641115,0.4139338154664452
2014-06-20,1.0,0.0008367246523232014,0.4020302158410651
2014-06-23,1.0,0.006868979795358992,0.3954989904886282
2014-06-24,1.0,0.00614916450874217,0.3892230438131922
2014-06-25,1.0,0.006918088266272871,0.3823262854797875
2014-06-26,1.0,0.0025258763917639093,0.40067148406742015
2014-06-27,1.0,0.00311254758781542,0.3926430205293219
2014-06-30,0.0,-0.0050715298694274935,0.39013103502557694
2014-07-01,0.0,-0.005337700834090523,0.3812114456775328
2014-07-02,0.0,-0.0011157518157636898,0.37780779892483535
2014-07-03,1.0,0.011628913791590267,0.3776041143823943
2014-07-04,1.0,0.01437357778288344,0.38204273771366215
2014-07-07,0.0,-0.008912694619551008,0.3869531185329256
2014-07-08,0.0,-0.01875506907685556,0.3576186052630722
2014-07-09,0.0,-0.0205611443879376,0.3543140743882916
2014-07-10,0.0,-0.012758322109327282,0.36137451527961834
2014-07-11,0.0,-0.02129507337483827,0.3666270831858817
2014-07-14,1.0,0.002969569839126723,0.3859837472274638
2014-07-15,1.0,0.010236085962985163,0.41684196340740765
2014-07-16,1.0,0.004279601622101178,0.40550984224330994
2014-07-17,0.0,-0.018895209950458895,0.4089541761035562
2014-07-18,0.0,-0.001833461170600492,0.4044346136362724
2014-07-21,0.0,-0.006078348893801632,0.3958912147853052
2014-07-22,0.0,-0.0069047802040460605,0.38540082780563617
2014-07-23,0.0,-0.006484164261965844,0.39694767740997106
2014-07-24,0.0,-0.008631650514694724,0.4192146112678187
2014-07-25,0.0,-0.01076271151729047,0.4047095005493775
2014-07-28,0.0,-0.011849521878833584,0.40209030884927155
2014-07-29,0.0,-0.008046451322753464,0.4044520862709811
2014-07-30,1.0,0.007488022687295629,0.3941547491038392
2014-07-31,1.0,0.023042138982040532,0.40763942700290257
2014-08-01,1.0,0.011909018623822471,0.4100263075212184
2014-08-04,1.0,0.014935365066015718,0.4082714919508799
2014-08-05,1.0,0.015302865097668846,0.4113320733414641
2014-08-06,1.0,0.005065197412444569,0.41640563330284286
2014-08-07,1.0,0.002807206240685171,0.4047041351307463
2014-08-08,0.0,-0.0037494783185434287,0.4090327390692824
2014-08-11,0.0,-0.007736388686651803,0.41812742252634466
2014-08-12,0.0,-0.00969211181191167,0.418644389699019
2014-08-13,0.0,-0.016357093499312293,0.4264071430562048
2014-08-14,0.0,-0.030240251708671652,0.42432573458064987
2014-08-15,0.0,-0.01833636148313808,0.4236522501539115
2014-08-18,0.0,-0.017205494253996527,0.4286714477410743
2014-08-19,0.0,-0.011620049944700964,0.40712986470912504
2014-08-20,0.0,-0.0067151903154712995,0.41071504350879295
2014-08-21,1.0,0.009809920458397002,0.41989025728333124
2014-08-22,1.0,0.004914895141684291,0.4244515545773787
2014-08-25,1.0,0.008810698440616745,0.42899653204294175
2014-08-26,0.0,-0.011938377131246807,0.43225083930653874
2014-08-27,0.0,-0.010433868413640478,0.44303418838788333
2014-08-28,0.0,-0.022345984499439763,0.4348541578933541
2014-08-29,0.0,-0.014644277500326427,0.4341095064918939
2014-09-01,0.0,-0.024158005508494316,0.4413095495505078
2014-09-02,0.0,-0.008307033333755976,0.4507315955418234
2014-09-03,0.0,-0.015733722495061532,0.4781947271633036
2014-09-04,0.0,-0.016895819052252386,0.4638982961775303
2014-09-05,0.0,-0.03220916145704552,0.4756750631197135
2014-09-08,0.0,-0.019093351935930637,0.48421979087095535
2014-09-09,0.0,-0.016791589197087935,0.4641945257899342
2014-09-10,0.0,-0.021711749182641325,0.4608798837696525
2014-09-11,0.0,-0.012006601762871409,0.4895948912593188
2014-09-12,0.0,-0.009901476090225979,0.4669779594689618
2014-09-15,0.0,-0.014620752836007122,0.4819296639124257
2014-09-16,0.0,-0.00963099760401556,0.4853342617195504
2014-09-17,0.0,-0.004526044738181919,0.4923732348201683
2014-09-18,0.0,-0.003245362678739173,0.4902202934765925
2014-09-19,1.0,0.002299984585441683,0.472258574974005
2014-09-22,1.0,0.00013994476320722612,0.4871582160286319
2014-09-23,0.0,-0.011576707905967003,0.4875317488516097
2014-09-24,0.0,-0.003375044362774466,0.4929951651699657
2014-09-25,0.0,-0.006069310396350378,0.49220952841274557
2014-09-26,0.0,-0.023199430272321943,0.48525081422399857
2014-09-29,0.0,-0.007004761792620564,0.5016719758424005
2014-09-30,1.0,0.00025651528268389975,0.5035072560478274
2014-10-01,1.0,0.006517572374265096,0.49684800767232895
2014-10-02,1.0,0.007991640688318443,0.5054045642432776
2014-10-03,1.0,0.026803037775620646,0.45846468789284367
2014-10-06,1.0,0.0244424861356878,0.4698873415473903
2014-10-07,1.0,0.019532319005171436,0.4770974761759165
2014-10-08,1.0,0.015638780889204472,0.4792503397800919
2014-10-09,1.0,0.01220810100132248,0.49078051337387135
2014-10-10,1.0,0.012107570811793113,0.4785000634361318
2014-10-13,1.0,0.00844974478848848,0.4911346456851604
2014-10-14,1.0,0.013274584704894158,0.49866805485160043
2014-10-15,1.0,0.001788837169116494,0.5032770729791594
2014-10-16,0.0,-0.004620403502233441,0.5045021023644277
2014-10-17,0.0,-0.005832337310395564,0.49529080536227815
2014-10-20,0.0,-0.01701228948716606,0.5085072686271829
2014-10-21,0.0,-0.016818381898242404,0.504339039430827
2014-10-22,0.0,-0.0247866080233094,0.5139879580548589
2014-10-23,0.0,-0.0274377250932459,0.5094529731735468
2014-10-24,0.0,-0.04853063167980817,0.49716625313236057
2014-10-27,0.0,-0.050603045922218655,0.511874439597151
2014-10-28,0.0,-0.049882655781954985,0.5109127999622507
2014-10-29,0.0,-0.060792783974671506,0.5212792315159871
2014-10-30,0.0,-0.049583659964321354,0.5135461139597506
2014-10-31,1.0,0.0042634915381697565,0.46694193625526026
2014-11-03,0.0,-0.012287680994996502,0.48645613795187415
2014-11-04,0.0,-0.00388469893347409,0.5007385543079109
2014-11-05,1.0,0.019402569707319177,0.46581649360639815
2014-11-06,1.0,0.018082325345540568,0.486927197141664
2014-11-07,1.0,0.009129395613840928,0.43359029581736697
2014-11-10,1.0,0.030402731785535236,0.43260590739008703
2014-11-11,1.0,0.027625363917256996,0.450929860331615
2014-11-12,1.0,0.016599802831795744,0.4381389327247302
2014-11-13,1.0,0.026428469361072085,0.44031252509875274
2014-11-14,1.0,0.010671566612751572,0.45232649146558246
2014-11-17,1.0,0.009395254077642842,0.44345595490093986
2014-11-18,1.0,0.003462592892417765,0.4507531527619035
2014-11-19,1.0,0.013478289546807397,0.4408894296307775
2014-11-20,0.0,-0.0017862164225582063,0.4526885459483926
2014-11-21,0.0,-0.028646010786949186,0.47494799342252403
2014-11-24,1.0,0.011662544772024153,0.46355702131172505
2014-11-25,0.0,-0.0024434291866713663,0.4628641332518182
2014-11-26,1.0,0.00937913159615086,0.45643562342103466
2014-11-27,1.0,0.01137537668582141,0.463852462936656
2014-11-28,1.0,0.02108303730970089,0.473073105666817
2014-12-01,0.0,-0.007122478244442083,0.46487171273752687
2014-12-02,1.0,0.027148230730195084,0.4536068109924759
2014-12-03,1.0,0.013640737254152664,0.46260268544206407
2014-12-04,1.0,0.018475117788267055,0.4589303339053567
2014-12-05,1.0,0.025017872059261165,0.4331056140451422
2014-12-08,0.0,-0.008723472896419995,0.47304511610692684
2014-12-09,0.0,-0.02779135248194134,0.46721614885215385
2014-12-10,0.0,-0.03064421980537492,0.46704027751724475
2014-12-11,0.0,-0.023783657180094092,0.46244112029428486
2014-12-12,0.0,-0.022169821884837654,0.4455138583283741
2014-12-15,0.0,-0.013463243303371753,0.4508942261603743
2014-12-16,0.0,-0.017318456652897014,0.46773793050143153
2014-12-17,0.0,-0.013036669862009912,0.4768417883748104
2014-12-18,0.0,-0.021068852222258433,0.4770862791682458
2014-12-19,0.0,-0.00037648240389473204,0.4758995451423357
2014-12-22,1.0,0.005466231115338462,0.4531422115808199
2014-12-23,1.0,0.020238410339784206,0.477593760286031
2014-12-24,1.0,0.008653655427852689,0.47743650396395826
2014-12-25,1.0,0.008610979327489715,0.4924283203963266
2014-12-26,0.0,-0.005193160741354292,0.4816359611221058
2014-12-29,1.0,0.01760111786767113,0.4537826250511126
2014-12-30,1.0,0.015293978095578756,0.4618823738797674
2014-12-31,1.0,0.022353459188039652,0.4541963763248084
2015-01-01,1.0,0.020832171018190043,0.4731914435855794
2015-01-02,1.0,0.028418282278481987,0.48054396177169406
2015-01-05,1.0,0.023902186090741035,0.46949762522231886
2015-01-06,1.0,0.009536790277847679,0.471025957642865
2015-01-07,1.0,0.015670910472012443,0.4628514327080857
2015-01-08,1.0,0.04292942460836872,0.4655757113263992
2015-01-09,1.0,0.0454156803937592,0.4831947643686288
2015-01-12,1.0,0.03436468515205396,0.48986925448473806
2015-01-13,1.0,0.049935695928505795,0.47948748487372506
2015-01-14,1.0,0.05041218939404063,0.4521108462455523
2015-01-15,1.0,0.031040849275139774,0.5047231812144767
2015-01-16,1.0,0.011133454809136245,0.528238124441826
2015-01-19,1.0,0.003581626507165172,0.5287960856987847
2015-01-20,0.0,-0.0010441522626418122,0.538207356173391
2015-01-21,0.0,-0.006524182312560877,0.5132213780565358
2015-01-22,0.0,-0.03465346957209905,0.5281110005322053
2015-01-23,0.0,-0.008667670205385213,0.516654505909493
2015-01-26,0.0,-0.004718226315197054,0.5144932438379163
2015-01-27,0.0,-0.025392417850129967,0.5159003972747253
2015-01-28,0.0,-0.011695948198375434,0.508153349571847
2015-01-29,1.0,0.005797669419473176,0.5207424041031301
2015-01-30,0.0,-0.03953624394291127,0.5286326545178487
2015-02-02,0.0,-0.02826208489248178,0.5063017814023498
2015-02-03,0.0,-0.02091831167072212,0.5085284027174914
2015-02-04,0.0,-0.04103824057169528,0.5133104741448438
2015-02-05,0.0,-0.034015818082068536,0.49924485394286816
2015-02-06,0.0,-0.003036924486584141,0.5073017806354392
2015-02-09,0.0,-0.007279472786186867,0.5167462979231403
2015-02-10,0.0,-0.020082623695507573,0.505022822394023
2015-02-11,0.0,-0.005140976590455542,0.5052165736552303
2015-02-12,0.0,-0.01242323590920589,0.5002848972198901
2015-02-13,0.0,-0.022668053978776494,0.4862618390176853
2015-02-16,0.0,-0.02375846201048525,0.49162577389417217
2015-02-17,0.0,-0.007937274432484997,0.48032623265500674
2015-02-18,0.0,-0.006544542221056499,0.48990144128392515
2015-02-19,1.0,0.0014569418393276725,0.49201890869208514
2015-02-20,1.0,0.009092703238389148,0.5004014081710695
2015-02-23,1.0,0.004309939863507715,0.5187986930075095
2015-02-24,1.0,0.0034283940947633686,0.5076549625558724
2015-02-25,0.0,-0.004067396197581011,0.5087443927738358
2015-02-26,0.0,-0.008698560648684251,0.5107410461819545
2015-02-27,0.0,-0.03875258539200922,0.5003409954098346
2015-03-02,0.0,-0.033570434406147605,0.5015327776956323
2015-03-03,0.0,-0.03583151866591195,0.5040736790615546
2015-03-04,0.0,-0.03824502659646844,0.5127362201669131
2015-03-05,0.0,-0.039183331298295945,0.5168449156357122
2015-03-06,0.0,-0.007681857326266892,0.49489849306874284
2015-03-09,0.0,-0.01099470823760059,0.5094184408292595
2015-03-10,0.0,-0.010646962347791533,0.5037004020577523
2015-03-11,1.0,0.010526503664031656,0.5011998782222036
2015-03-12,1.0,0.01629355183187022,0.5028191032437054
2015-03-13,1.0,0.020665459249305834,0.49661979728244854
2015-03-16,1.0,0.029764279761550497,0.49138050435116193
2015-03-17,1.0,0.037139365651287566,0.49025659793070264
2015-03-18,1.0,0.02383534721425321,0.4926814845105885
2015-03-19,1.0,0.027452043865151796,0.4931811785394528
2015-03-20,1.0,0.013943947052238866,0.4957703111300092
2015-03-23,0.0,-0.0033359197967773513,0.4939916228787705
2015-03-24,0.0,-0.007828652298492353,0.4889704157992281
2015-03-25,1.0,0.007128445884879938,0.49105477895860566
2015-03-26,0.0,-0.001995510764457219,0.4908801580881489
2015-03-27,1.0,0.0030982984157295816,0.49665694387349446
2015-03-30,1.0,0.0244806084194761,0.49649834837280493
2015-03-31,1.0,0.020865886334680315,0.5052160555543111
2015-04-01,0.0,-0.0008726910604351731,0.5149983487982732
2015-04-02,0.0,-0.006010536502142387,0.5211871587233338
2015-04-03,1.0,0.004132751668489988,0.5257602119935963
2015-04-06,0.0,-0.013362157017718368,0.5171599577103224
2015-04-07,0.0,-0.013204948921276966,0.5165417071655188
2015-04-08,0.0,-0.0008734533153838355,0.5240901422995182
2015-04-09,1.0,0.003176728971472166,0.5296796262901823
2015-04-10,0.0,-0.0028197066285545417,0.5320731258269721
2015-04-13,0.0,-0.001753946828996531,0.5289403952405092
2015-04-14,1.0,0.008343159900330858,0.5226083479187709
2015-04-15,0.0,-0.012174340078700063,0.5299632408370205
2015-04-16,0.0,-0.003520085240469031,0.5141472454249365
2015-04-17,0.0,-0.021091223977160085,0.5246438795888002
2015-04-20,1.0,0.004478982578223026,0.5027823968872925
2015-04-21,1.0,0.007911138749106754,0.5062365611332073
2015-04-22,1.0,0.014767512847393787,0.48655312945124074
2015-04-23,0.0,-0.008343685120279522,0.4880398367613478
2015-04-24,0.0,-0.0008230907094811252,0.4746956483371305
2015-04-27,0.0,-0.011424678266899708,0.4909856505975717
2015-04-28,0.0,-0.01573447403661394,0.5017481188485782
2015-04-29,0.0,-0.01121042119969965,0.47642905187780493
2015-04-30,1.0,0.0003631189423315205,0.43611357956200636
2015-05-01,1.0,0.008032171697264253,0.43262724900777644
2015-05-04,0.0,-0.0037275714460875673,0.450939769577129
2015-05-05,1.0,0.00010896122248528766,0.45331504148361446
2015-05-06,1.0,0.01945214660808645,0.4487114466120668
2015-05-07,1.0,0.03043387788326829,0.43772729839407504
2015-05-08,1.0,0.030028799082826286,0.4363167421874239
2015-05-11,1.0,0.034463262839994555,0.428189998199669
2015-05-12,1.0,0.011996644897715042,0.42966391054607594
2015-05-13,0.0,-0.004323189387809955,0.42596520808204313
2015-05-14,0.0,-0.012153821457508944,0.4327342454726732
2015-05-15,0.0,-0.015067593942678745,0.4334653872755185
2015-05-18,0.0,-0.014959714160224909,0.432924848374051
2015-05-19,0.0,-0.017038036913688895,0.43838190472816135
2015-05-20,0.0,-0.017978668503646735,0.4553980450904772
2015-05-21,0.0,-0.015287241158398437,0.4545526274693407
2015-05-22,0.0,-0.01285815494336878,0.45559332646725154
2015-05-25,0.0,-0.014951380650263142,0.44838530702112567
2015-05-26,1.0,0.004873754448002305,0.44888397210812914
2015-05-27,0.0,-0.002486462709285208,0.462286662160121
2015-05-28,0.0,-0.009727703168012067,0.46385288587560325
2015-05-29,0.0,-0.015668328157724665,0.46056880252767257
2015-06-01,0.0,-0.013122436862706937,0.45146529258283963
2015-06-02,0.0,-0.014267865509701324,0.4436751292513026
2015-06-03,1.0,0.00033751002303250555,0.4455038033459341
2015-06-04,1.0,0.004664187560104923,0.44324166694342454
2015-06-05,1.0,0.007907195898357592,0.4426483675903479
2015-06-08,1.0,0.010258674113786975,0.44733912779302154
2015-06-09,1.0,0.004496486747931836,0.47682491827435924
2015-06-10,0.0,-8.436682701358053e-05,0.47250288813542474
2015-06-11,1.0,0.016197064397612138,0.46949648329837645
2015-06-12,1.0,0.016129381929883717,0.4727133413819154
2015-06-15,1.0,0.00016868384470481248,0.4650237745483194
2015-06-16,0.0,-0.003136924997110052,0.47233027159717283
2015-06-17,0.0,-0.00894092695238737,0.4759765401144241
2015-06-18,0.0,-0.0238407382854802,0.4736657291163434
2015-06-19,0.0,-0.021019367224075457,0.4759966775484364
2015-06-22,0.0,-0.004988174022308153,0.47642158410718044
2015-06-23,0.0,-0.004169509103806939,0.4818434051255605
2015-06-24,0.0,-0.005206344709503744,0.49144899398477937
2015-06-25,0.0,-0.005899974361320664,0.5028838320101795
2015-06-26,0.0,-0.00576960786613929,0.5040428353344844
2015-06-29,0.0,-0.00857161481225968,0.4968637229361429
2015-06-30,0.0,-0.015554150478663651,0.4987467185326936
2015-07-01,0.0,-0.010019219072218623,0.4973863426529454
2015-07-02,0.0,-0.005762465416711758,0.49051841209034336
2015-07-03,0.0,-0.004830699290246704,0.49617870080313153
2015-07-06,0.0,-0.01059638744000814,0.49586765838074665
2015-07-07,1.0,0.0003463653322932921,0.45509286447819275
2015-07-08,0.0,-0.007025790024405735,0.46266630771417905
2015-07-09,0.0,-0.0128479565829757,0.4696850821524644
2015-07-10,0.0,-0.02466852996632779,0.48194527365226014
2015-07-13,0.0,-0.05323000265815022,0.48474141762151013
2015-07-14,0.0,-0.04806102440301568,0.4846632875802518
2015-07-15,0.0,-0.0489664429253603,0.4672253622671494
2015-07-16,0.0,-0.04869624520395667,0.4588575926317666
2015-07-17,0.0,-0.03172367297642401,0.43402505249418166
2015-07-20,0.0,-0.003148602843038404,0.3803830312685567
2015-07-21,0.0,-0.005465241093430468,0.42297521312834035
2015-07-22,1.0,0.0023738883551622045,0.43402024320505883
2015-07-23,0.0,-0.0020201099565260753,0.4298911094373768
2015-07-24,0.0,-0.003546183823886247,0.431933535243842
2015-07-27,0.0,-0.0071093064023246754,0.4232598792527054
2015-07-28,0.0,-0.006873824150754496,0.4355615822789779
2015-07-29,0.0,-0.010911533164443342,0.43497171148546737
2015-07-30,1.0,0.0011023840168344285,0.4382028493145971
2015-07-31,0.0,-0.001251913443384632,0.444715673318564
2015-08-03,1.0,0.016072671461115896,0.4428848337155166
2015-08-04,1.0,0.019354414570707856,0.4518112719919344
2015-08-05,1.0,0.03630343443221114,0.4522021804966653
2015-08-06,1.0,0.02305316049257579,0.448138522211471
2015-08-07,1.0,0.018930181530137872,0.45283404284347434
2015-08-10,1.0,0.012155741249677242,0.4522199686825754
2015-08-11,1.0,0.007951345771727404,0.441164543626878
2015-08-12,1.0,0.008058132685013703,0.449913064027765
2015-08-13,1.0,0.03335259956955824,0.4583424981668306
2015-08-14,1.0,0.04017649759267298,0.4696187058839753
2015-08-17,1.0,0.03283745743950896,0.47189814581053535
2015-08-18,1.0,0.020285929054727106,0.45417590730735813
2015-08-19,0.0,-0.008058132685013653,0.46826383161548796
2015-08-20,0.0,-0.023709237191894533,0.4654943233410068
2015-08-21,0.0,-0.023687498311578778,0.45116980345097707
2015-08-24,0.0,-0.017737468087034178,0.4464448544460372
2015-08-25,0.0,-0.0005262927186080029,0.4538386979737561
2015-08-26,1.0,0.007617059989083768,0.4712101437808555
2015-08-27,0.0,-0.0005333096433232818,0.4860250732908081
2015-08-28,0.0,-0.010495547281219252,0.48459337331749547
2015-08-31,0.0,-0.013910380843780332,0.4777084414216249
2015-09-01,0.0,-0.016186449274716047,0.4681107145646164
2015-09-02,0.0,-0.024129617618749127,0.4608344521351882
2015-09-03,0.0,-0.012165273693803902,0.46163630445024023
2015-09-04,0.0,-0.01254672056903604,0.46602047272727654
2015-09-07,0.0,-0.009665035264627028,0.4670064926334358
2015-09-08,0.0,-0.014822405759520796,0.47035129966100603
2015-09-09,1.0,0.011342514469547371,0.4530341107618026
2015-09-10,1.0,0.017220268494847514,0.46132422477907725
2015-09-11,1.0,0.02817438913372096,0.4547533206036674
2015-09-14,1.0,0.022340466893104458,0.4518896686036221
2015-09-15,1.0,0.017138149390704283,0.4557800897818276
2015-09-16,1.0,0.009782638378649742,0.44304068410025493
2015-09-17,1.0,0.020228360489292222,0.4414388474683811
2015-09-18,1.0,0.0061012895144223495,0.4432169476006706
2015-09-21,0.0,-0.0011481057518318604,0.4319631564422871
2015-09-22,1.0,0.0023991481207393437,0.43124465374722426
2015-09-23,0.0,-0.013722647952872091,0.4419939059270566
2015-09-24,0.0,-0.03565030992736511,0.4520538285163281
2015-09-25,0.0,-0.0073137197066088415,0.45433121889256367
2015-09-28,1.0,0.003264228747551148,0.4433811190182108
2015-09-29,1.0,0.01742005076623938,0.4435743766725265
2015-09-30,1.0,0.02682288805276474,0.45404172897609757
2015-10-01,1.0,0.02247385401992139,0.4756545887969478
2015-10-02,1.0,0.01575192832753991,0.4582658135418481
2015-10-05,1.0,0.024190868562767014,0.4542285699727972
2015-10-06,1.0,0.01874946924353852,0.44547783120424406
2015-10-07,1.0,0.03366714124232465,0.4373984252000529
2015-10-08,1.0,0.03817454740708371,0.43909005378201865
2015-10-09,1.0,0.017984044786230377,0.44010903593177936
2015-10-12,1.0,0.006171007369860327,0.43957299892282087
2015-10-13,1.0,0.006229220586447635,0.4481990050032772
2015-10-14,0.0,-0.014804371288962835,0.46975352514177476
2015-10-15,0.0,-0.014820764446718001,0.4513471894307764
2015-10-16,0.0,-0.01088732147456179,0.4579499633949054
2015-10-19,0.0,-0.006342969022835607,0.4575991502054638
2015-10-20,0.0,-0.00785690877241833,0.460571888926777
2015-10-21,0.0,-0.009559972903688036,0.4669557459166637
2015-10-22,0.0,-0.017223898185182322,0.46002787399149425
2015-10-23,0.0,-0.019277078238666076,0.45105435470747585
2015-10-26,0.0,-0.02564968938549402,0.4530425945720011
2015-10-27,0.0,-0.04274937336399239,0.4560406548400041
2015-10-28,0.0,-0.04263373959593544,0.44872883218914156
2015-10-29,0.0,-0.03714752213088091,0.4640580030636166
2015-10-30,0.0,-0.04749281672121928,0.4699132461049249
2015-11-02,0.0,-0.03727184149262375,0.4733437609253479
2015-11-03,0.0,-0.025089768956051098,0.47334550622808613
2015-11-04,0.0,-0.019496710144609398,0.4830054966531272
2015-11-05,0.0,-0.01721754008580098,0.49136299880842377
2015-11-06,0.0,-0.00472343948428797,0.46161224802246265
2015-11-09,0.0,-0.008506541517093666,0.4746067272004666
2015-11-10,0.0,-0.01817583727625441,0.47435265889454103
2015-11-11,0.0,-0.013787822559799818,0.4623857446385877
2015-11-12,0.0,-0.0024549854971107087,0.45896009501411156
2015-11-13,0.0,-0.005330236655910412,0.4579454002731459
2015-11-16,0.0,-0.012686574326238084,0.46126958897679293
2015-11-17,1.0,0.004865645347730249,0.44923403158263026
2015-11-18,1.0,0.0002333842121506064,0.4534650304430301
2015-11-19,0.0,-0.009386166159209126,0.45556112528474596
2015-11-20,0.0,-0.018495201208999335,0.45841575806064183
2015-11-23,0.0,-0.004321240291132332,0.4661595968981628
2015-11-24,0.0,-0.005753707514354269,0.4633054357507905
2015-11-25,0.0,-0.016583753395704018,0.46830470135261826
2015-11-26,0.0,-0.009249130018056322,0.48119218391482343
2015-11-27,1.0,0.02672843828625482,0.4621151429898877
2015-11-30,1.0,0.0054803897548774995,0.4650816294927834
2015-12-01,1.0,0.004869957753357118,0.47399547140221393
2015-12-02,1.0,0.018132044522517824,0.4653475476318994
2015-12-03,1.0,0.008577306458435926,0.47656246534997926
2015-12-04,0.0,-0.011141661006571291,0.47577111130249455
2015-12-07,0.0,-0.007163314114943183,0.4786748787091189
2015-12-08,0.0,-0.013049059894405971,0.49001266992947906
2015-12-09,0.0,-0.0002516672971632423,0.47943863371813855
2015-12-10,0.0,-0.018606721591008634,0.4885569390459473
2015-12-11,0.0,-0.007997501377853268,0.49976545366069974
2015-12-14,1.0,0.014526110041591206,0.4875570500259955
2015-12-15,1.0,0.011046106033331683,0.4978914380273173
2015-12-16,0.0,-0.0025668922512232916,0.5011584001172888
2015-12-17,1.0,0.022751756983416027,0.4870798516904009
2015-12-18,1.0,0.009698980587263055,0.5125794582289608
2015-12-21,0.0,-0.008849367969572865,0.5136905939029618
2015-12-22,0.0,-0.0033908628739444365,0.5118939120426561
2015-12-23,0.0,-0.008239768082395406,0.5154631087081084
2015-12-24,0.0,-0.013777313502134646,0.5092339211020039
2015-12-25,0.0,-0.0018224595223377508,0.5214135256069216
2015-12-28,1.0,0.008264933393374158,0.5153004663107305
2015-12-29,1.0,0.023680852131207613,0.512040529488569
2015-12-30,1.0,0.04403212517400079,0.5022707979625722
2015-12-31,1.0,0.03962551621777225,0.506746975796759
2016-01-04,1.0,0.01804941669996278,0.5028484353908147
2016-01-05,1.0,0.008611264418485951,0.5081845213882149
2016-01-06,0.0,-0.0010605812247277417,0.525089881476497
2016-01-07,0.0,-0.028482417055651143,0.517864976800523
2016-01-08,0.0,-0.013735577665173783,0.4985740654108806
2016-01-11,0.0,-0.004690801088598649,0.5037500319755573
2016-01-12,1.0,9.199843602605126e-06,0.5038395469867347
2016-01-13,1.0,0.007073609309189375,0.5030164531358025
2016-01-14,1.0,0.021650893212813476,0.5033921624477
2016-01-15,1.0,0.007976114070008818,0.5117156545848688
2016-01-18,1.0,0.017117157734882656,0.5102527171027894
2016-01-19,1.0,0.030112959025300725,0.503288670958364
2016-01-20,1.0,0.021823491019482184,0.5028430452196946
2016-01-21,1.0,0.012137768867998248,0.4902872386115459
2016-01-22,1.0,0.018397009259255748,0.49125751219778546
2016-01-25,1.0,0.01856741352634334,0.4803943134774058
2016-01-26,1.0,0.00762123573788186,0.4605438283808578
2016-01-27,1.0,0.015354186190423239,0.4728460766879531
2016-01-28,1.0,0.03589982289570062,0.4704360183534098
2016-01-29,1.0,0.04841485219493908,0.4709573773006458
2016-02-01,1.0,0.05391236936808641,0.4703952926855481
2016-02-02,1.0,0.051933161210812116,0.4695032053287961
2016-02-03,1.0,0.04661150770756654,0.49482340031858085
2016-02-04,1.0,0.07586432827836054,0.5084535394095425
2016-02-05,1.0,0.05339467514646649,0.5293434387974582
2016-02-08,1.0,0.014892624479827957,0.5432146032136688
2016-02-09,1.0,0.00917598930154477,0.5363254302197841
2016-02-10,1.0,0.009568655468987252,0.5338296777255782
2016-02-11,0.0,-0.012364768273208414,0.5362246190472062
2016-02-12,0.0,-0.008258073764694467,0.5346205570816696
2016-02-15,0.0,-0.00028129162681036547,0.536920346117876
2016-02-16,1.0,0.022301161570806693,0.5369595383628363
2016-02-17,1.0,0.01685138159852728,0.5388877387235146
2016-02-18,1.0,0.002457671317155019,0.5488023998322175
2016-02-19,0.0,-0.0038112694718877346,0.5462138575981915
2016-02-22,1.0,0.02405992183895247,0.5272434414695114
2016-02-23,1.0,0.00409114955920729,0.5244984377998878
2016-02-24,1.0,0.008804349674601674,0.5189681917706516
2016-02-25,1.0,0.023443264756789872,0.5295889535281875
2016-02-26,1.0,0.028852494592897786,0.5214239902060209
2016-02-29,1.0,0.02342360253068573,0.5064271737091434
2016-03-01,1.0,0.023194817397315236,0.5034718551711754
2016-03-02,1.0,0.010205316343767793,0.5041306276916803
2016-03-03,1.0,0.005941150551329123,0.5204342833491071
2016-03-04,0.0,-0.008240216056377963,0.5007121587023945
2016-03-07,0.0,-0.02635202812850115,0.5079988257330174
2016-03-08,0.0,-0.023316578056596843,0.49798202725452356
2016-03-09,1.0,0.007293061795925751,0.4951538360316073
2016-03-10,0.0,-0.010875475470530183,0.4938073511275908
2016-03-11,1.0,0.005288566042627686,0.48499263252602415
2016-03-14,1.0,0.007103965294535417,0.4950042309363638
2016-03-15,1.0,0.012904965963822788,0.5029747648739871
2016-03-16,0.0,-0.034012223968985754,0.5006475257335149
2016-03-17,0.0,-0.03283674427847135,0.505913179763534
2016-03-18,0.0,-0.03103263433872818,0.4941176823945977
2016-03-21,0.0,-0.01801923678308816,0.49769039086393374
2016-03-22,0.0,-0.0052225733360911734,0.4894191083317718
2016-03-23,1.0,0.004041831032996313,0.49110956258163496
2016-03-24,1.0,0.012511494455388612,0.4996474513471357
2016-03-25,1.0,0.004199205698076834,0.5082410653748899
2016-03-28,0.0,-0.004926320566782129,0.4959537927449886
2016-03-29,0.0,-0.008413268086610345,0.5042624822605227
2016-03-30,0.0,-0.0019125152946044526,0.4941561809041164
2016-03-31,1.0,0.006632986907391856,0.49445107011663975
2016-04-01,1.0,0.014204922820919647,0.4917724035595346
2016-04-04,1.0,0.03422387238757731,0.4987019519532738
2016-04-05,1.0,0.018990713553462765,0.511518534687501
2016-04-06,1.0,0.015988004897721463,0.5044335983828091
2016-04-07,0.0,-0.010862182751920382,0.509850797168826
2016-04-08,0.0,-0.007629976834745015,0.5112681339905594
2016-04-11,0.0,-0.020125606471603785,0.5140243945034619
2016-04-12,0.0,-0.004113506469297942,0.5196113565912029
2016-04-13,1.0,0.00044271829753352,0.5040770384658702
2016-04-14,1.0,0.016209251595671468,0.5163020612848427
2016-04-15,1.0,0.0015436490045778707,0.5263177406965883
2016-04-18,1.0,0.004372830678386008,0.5323836254542212
2016-04-19,0.0,-0.00489430110057774,0.5383519712778418
2016-04-20,1.0,0.0024916622624536326,0.5327871076639525
2016-04-21,1.0,0.015003166592048771,0.5237904595532363
2016-04-22,1.0,0.048310688799093005,0.519837815142287
2016-04-25,1.0,0.042785159979113536,0.5287453688535514
2016-04-26,1.0,0.0340007451257779,0.539774093636758
2016-04-27,1.0,0.026849908183315806,0.5400989955391404
2016-04-28,1.0,0.009552522665395023,0.551500402715006
2016-04-29,0.0,-0.0036732837335238257,0.5837805499456484
2016-05-02,0.0,-0.022113105808487417,0.573070945400346
2016-05-03,0.0,-0.016579187877655863,0.5606036398479198
2016-05-04,0.0,-0.00215142174556463,0.5608899257325077
2016-05-05,0.0,-0.011925284485697504,0.5803089660593775
2016-05-06,0.0,-0.012169743396658536,0.5820626412933333
2016-05-09,1.0,0.00729455356851913,0.5776666710250774
2016-05-10,1.0,0.010575037125612651,0.5848541120078864
2016-05-11,0.0,-0.015906869708699325,0.5776829966294728
2016-05-12,0.0,-0.007351659409971594,0.5787607410341475
2016-05-13,0.0,-0.016241840161513355,0.5845565023542484
2016-05-16,0.0,-0.01889347834959022,0.5702897540714388
2016-05-17,0.0,-0.04156037905653044,0.5613616648191303
2016-05-18,0.0,-0.02624251203773724,0.5721784765145889
2016-05-19,0.0,-0.027496475927711407,0.5716905108346768
2016-05-20,0.0,-0.03060044044871704,0.5791785313291125
2016-05-23,0.0,-0.035767582723655905,0.5787799518296765
2016-05-24,0.0,-0.009502426611599134,0.5790965576482439
2016-05-25,0.0,-0.009933584679617413,0.584450141152781
2016-05-26,0.0,-0.0074481343432585105,0.5858838624859296
2016-05-27,1.0,0.024085393984475574,0.5839882486746643
2016-05-30,1.0,0.0326158015250222,0.5726039769666209
2016-05-31,1.0,0.023025994930351196,0.5717033160340731
2016-06-01,1.0,0.040582701835280934,0.5711738901669625
2016-06-02,1.0,0.04719378727057426,0.5753507585201764
2016-06-03,1.0,0.023644543153130283,0.5451151665135208
2016-06-06,1.0,0.03057326178592419,0.5452331523028167
2016-06-07,1.0,0.033418829111096185,0.5469934837279968
2016-06-08,1.0,0.022908490796870122,0.5330257991110279
2016-06-09,1.0,0.006244987991123777,0.5343161867826398
2016-06-10,1.0,0.019131451084770993,0.5458282847810694
2016-06-13,1.0,0.004896065735388663,0.5341208135250869
2016-06-14,0.0,-0.014416922901081635,0.5338121386040541
2016-06-15,0.0,-0.020021001893112487,0.5290410317982949
2016-06-16,0.0,-0.016581509004395346,0.528535486287404
2016-06-17,1.0,0.014636086156936496,0.5396646266079326
2016-06-20,1.0,0.02669680865990474,0.5517205441201856
2016-06-21,1.0,0.03479137742953126,0.5568509095158579
2016-06-22,1.0,0.039573091100498475,0.5639833993077341
2016-06-23,1.0,0.05084295414610099,0.5600324306212501
2016-06-24,1.0,0.019604344141827594,0.5128604408184076
2016-06-27,1.0,0.01938368239462928,0.518801641618455
2016-06-28,1.0,0.032426842663396266,0.5038526925454113
2016-06-29,1.0,0.03418498404353047,0.500887391850922
2016-06-30,1.0,0.028783204264462674,0.4897634196193227
2016-07-01,1.0,0.0165732316051983,0.5288417493175135
2016-07-04,1.0,0.0035252029130958193,0.5217776411701708
2016-07-05,0.0,-0.016967217578265328,0.5083052179910166
2016-07-06,0.0,-0.015238798544905003,0.4981629335879796
2016-07-07,0.0,-0.019301319253947204,0.486125753536849
2016-07-08,0.0,-0.021131767340852977,0.4858795528864449
2016-07-11,0.0,-0.020345747832106867,0.48928012775859403
2016-07-12,0.0,-0.0006757010655377727,0.49737839575496257
2016-07-13,0.0,-0.020237831767173527,0.5003254421360387
2016-07-14,0.0,-0.0025517876350635983,0.4986050680764262
2016-07-15,0.0,-0.011423796581058611,0.4959295871447962
2016-07-18,0.0,-0.009835896804697881,0.4977580515603031
2016-07-19,0.0,-0.009053249310608148,0.4880158867520402
2016-07-20,1.0,0.019350827806945543,0.48912688070589616
2016-07-21,1.0,0.00326362476682075,0.49547221976859707
2016-07-22,1.0,0.021305344027925957,0.4700884342075559
2016-07-25,1.0,0.028409510967682943,0.4677240365970636
2016-07-26,1.0,0.03280204634226455,0.4733761300960767
2016-07-27,1.0,0.012155500987979437,0.4657583815176687
2016-07-28,1.0,0.01954483769733355,0.4715535577537535
2016-07-29,0.0,-0.010450022527813052,0.46363011677155447
2016-08-01,0.0,-0.013541873607911665,0.45279500310523296
2016-08-02,0.0,-0.01686305767812763,0.45184620064551906
2016-08-03,0.0,-0.007765449664888787,0.4571694197905071
2016-08-04,0.0,-0.016963998053443907,0.4508791263042697
2016-08-05,0.0,-0.0007784373264547748,0.4686032882078351
2016-08-08,1.0,0.002954653855908428,0.4811861288108224
2016-08-09,1.0,0.0039453655971574885,0.4818371786599038
2016-08-10,1.0,0.0010388840352596447,0.464823887431883
2016-08-11,1.0,0.009221453015228549,0.46737887131883893
2016-08-12,1.0,0.0031996917320651803,0.46016960890543157
2016-08-15,0.0,-0.00014939309084722777,0.4646312513374633
2016-08-16,0.0,-0.006484575325922329,0.4497740166385852
2016-08-17,0.0,-0.018640357062069644,0.45518729316302764
2016-08-18,0.0,-0.021776592939283277,0.4494958734701284
2016-08-19,0.0,-0.01441935100558763,0.4426597703419039
2016-08-22,0.0,-0.012024343575936645,0.4437138108526947
2016-08-23,0.0,-0.02009131025325094,0.45373395716263537
2016-08-24,0.0,-0.011017092780285469,0.4382558379358026
2016-08-25,0.0,-0.005385941333793847,0.4614395788077987
2016-08-26,1.0,0.004992853460048006,0.43806678514545705
2016-08-29,1.0,0.003155338759351005,0.44518613070812807
2016-08-30,1.0,0.02935804447289637,0.44860363721983704
2016-08-31,1.0,0.026649146892113847,0.4401006336879769
2016-09-01,1.0,0.017118927917319633,0.4388500945891423
2016-09-02,1.0,0.0006025911601442921,0.441808268333839
2016-09-05,1.0,0.0014083819870999194,0.44316682554991566
2016-09-06,0.0,-0.023766018488434567,0.4411058532180267
2016-09-07,0.0,-0.016274545488641753,0.43911125744589047
2016-09-08,0.0,-0.020914056728443438,0.43800310331323855
2016-09-09,0.0,-0.01166414799675691,0.43480891957248685
2016-09-12,0.0,-0.01044040350438902,0.4332249755830349
2016-09-13,1.0,0.013676392881415107,0.4200122100489549
2016-09-14,1.0,0.011090964677605154,0.42103305989016654
2016-09-16,1.0,0.020689715729184894,0.5018999993877796
2016-09-19,1.0,0.018717527580255838,0.6051917207960934
2016-09-20,1.0,0.008481686590680037,0.6074942890023958
2016-09-21,0.0,-0.011213664071205835,0.5831411102886417
2016-09-22,0.0,-0.013020919298334321,0.5872129830897523
2016-09-23,0.0,-0.015830271780341836,0.5794396389753341
2016-09-26,0.0,-0.02047131200933871,0.5804411674759342
2016-09-27,0.0,-0.04472258644269933,0.583498773281001
2016-09-28,0.0,-0.04267479089396376,0.5971238294301963
2016-09-29,0.0,-0.05145279674054841,0.6002101093608625
2016-09-30,0.0,-0.04634273985663106,0.5971872255421562
2016-10-03,0.0,-0.03946190838367004,0.6040146505070407
2016-10-04,0.0,-0.012737509275998487,0.4885466403808462
2016-10-05,0.0,-0.00900495999116435,0.5181064545312596
2016-10-06,1.0,0.0027478562122059654,0.5155938709480095
2016-10-07,0.0,-0.005186526687300046,0.5318463687094774
2016-10-10,0.0,-0.0037383221106069924,0.5477908506689524
2016-10-11,1.0,0.008074022185283974,0.5377576445185923
2016-10-12,1.0,0.011292839179344686,0.5485459184206288
2016-10-13,1.0,0.0063034163794195965,0.5441047554398105
2016-10-14,1.0,0.012489678237219453,0.5483976233671979
2016-10-17,1.0,0.007067167223092353,0.5550106914569699
2016-10-18,1.0,0.008755725429250598,0.5446508508806346
2016-10-19,0.0,-0.00260385991598493,0.5401911721193992
2016-10-20,1.0,0.0020529024185720773,0.542884277470344
2016-10-21,1.0,0.0076266253476052395,0.5453751765933679
2016-10-24,1.0,0.010194731188398483,0.549500624490775
2016-10-25,1.0,0.011090397958501313,0.5565064756534494
2016-10-26,1.0,0.024428576518041083,0.5647020595971703
2016-10-27,1.0,0.026157493210817725,0.5678918787251958
2016-10-28,1.0,0.02194652078756179,0.5628639977659549
2016-10-31,1.0,0.0037681022726640465,0.5384084537545613
2016-11-01,0.0,-0.009027029072131595,0.5538831332686106
2016-11-02,0.0,-0.015305430267712796,0.5412674399178001
2016-11-03,0.0,-0.0333452764799514,0.5319032992602944
2016-11-04,0.0,-0.060446778461447394,0.5279931284553905
2016-11-07,0.0,-0.04903832810873948,0.5577000983550915
2016-11-08,0.0,-0.038239636017426144,0.5632502327044627
2016-11-09,0.0,-0.04215054700170902,0.5449344159240868
2016-11-10,0.0,-0.0346272371349534,0.5745519755833179
2016-11-11,0.0,-0.01581833245799134,0.5554725316500527
2016-11-14,0.0,-0.005406973195870075,0.5556838216746947
2016-11-15,0.0,-0.013328830937444795,0.5663081907775445
2016-11-16,0.0,-0.03027620334926398,0.573381925758448
2016-11-17,0.0,-0.026687808236554728,0.560358547044955
2016-11-18,0.0,-0.02021166149266984,0.5468564352210178
2016-11-21,0.0,-0.01691800912019768,0.5505563575983264
2016-11-22,0.0,-0.019709381932490163,0.5545483415182926
2016-11-23,0.0,-0.012586666594462122,0.5354559503299363
2016-11-24,0.0,-0.010537988496775261,0.5468251634768717
2016-11-25,0.0,-0.006015692786741317,0.5452813462535694
2016-11-28,0.0,-0.019744470938185956,0.5513782972380882
2016-11-29,0.0,-0.01582116855416479,0.557207366188123
2016-11-30,1.0,0.0006135178623882083,0.5393009726073819
2016-12-01,0.0,-0.0007258598555285376,0.5446607912531557
2016-12-02,0.0,-0.014500823327241301,0.55093165807707
2016-12-05,0.0,-0.006775209876126151,0.553077316958052
2016-12-06,0.0,-0.00996828740600629,0.5657909688667244
2016-12-07,0.0,-0.02669219117087359,0.5546936574757128
2016-12-08,0.0,-0.03707028479911622,0.5591772160331823
2016-12-09,0.0,-0.0216685458355487,0.5516026073911992
2016-12-12,0.0,-0.020684546445098963,0.5563531339246504
2016-12-13,0.0,-0.02244537701566782,0.5582513782799665
2016-12-14,0.0,-0.010456933345269962,0.5382563805801283
2016-12-15,1.0,0.00026592208639614374,0.5293093412982409
2016-12-16,0.0,-0.001128489178705893,0.5390248653634204
2016-12-19,0.0,-0.003767145828501544,0.5433510877484257
2016-12-20,1.0,0.005636794914421913,0.5465886025783376
2016-12-21,1.0,0.009117453966017002,0.5467267848834603
2016-12-22,1.0,0.025602266325689044,0.5422000085103645
2016-12-23,1.0,0.015301954792628775,0.5492385350276904
2016-12-26,1.0,0.014793039686748007,0.5522785023654526
2016-12-27,1.0,0.017326627355449407,0.5436829462925319
2016-12-28,1.0,0.01877194892943542,0.550397188091063
2016-12-29,1.0,0.01920009698962097,0.5386461714522368
2016-12-30,1.0,0.018061941272041294,0.5426071200400437
2017-01-02,1.0,0.025647929871762534,0.5529709975234549
2017-01-03,1.0,0.024218801190028647,0.5471880234377262
2017-01-04,1.0,0.023956293460322343,0.5467796088322097
2017-01-05,1.0,0.012958053494750588,0.5549323288120238
2017-01-06,1.0,0.021055186663092373,0.5465723833390993
2017-01-09,1.0,0.017794661248944868,0.5429766539402858
2017-01-10,1.0,0.02483850365110398,0.5470506446862685
2017-01-11,1.0,0.010579281809497092,0.5366032255949867
2017-01-12,1.0,0.007699973877671946,0.5342917598911034
2017-01-13,1.0,0.010297502511702195,0.5315523184405266
2017-01-16,1.0,0.012976997417808793,0.5346143031882362
2017-01-17,0.0,-0.006637967848152352,0.5372005494234228
2017-01-18,0.0,-0.0033862096444693458,0.530003116737829
2017-01-19,0.0,-0.013564601243680368,0.5371682523601464
2017-01-20,0.0,-0.015112672453281862,0.5326198660312248
2017-01-23,0.0,-0.00601295003881555,0.5351082853882029
2017-01-24,1.0,0.0005789669737013106,0.5384202472709103
2017-01-25,1.0,0.012835020730911594,0.5333233912650103
2017-01-26,1.0,0.025751069885263135,0.5313582567228471
2017-01-27,1.0,0.03605100514750755,0.5285611933712203
2017-01-31,1.0,0.01849934069019812,0.5222236045266642
2017-02-01,1.0,0.02603484868278961,0.5176514215137397
2017-02-02,1.0,0.010639268865412466,0.4994064797916557
2017-02-03,1.0,0.01152104323764146,0.44710070217439934
2017-02-06,0.0,-0.007966874103457313,0.46675598363990384
2017-02-07,0.0,-0.0038761155781025128,0.46602205106044586
2017-02-08,0.0,-0.006465713949959702,0.4700814962590998
2017-02-09,1.0,0.008745430781029715,0.4673078181037093
2017-02-10,1.0,0.0005754183085056466,0.46777404181059273
2017-02-13,1.0,0.01031229957914453,0.4718158771903899
2017-02-14,1.0,0.005998759795297915,0.47087243815626934
2017-02-15,1.0,0.0029955898205456144,0.4663844640858646
2017-02-16,1.0,0.008045406061226631,0.4530772765497219
2017-02-17,1.0,0.01803384160123599,0.4513110261747418
2017-02-20,1.0,0.011725158421255127,0.4441590338504325
2017-02-21,1.0,0.010081574743364649,0.43793325922173865
2017-02-22,1.0,0.009894301045295524,0.43964948442321766
2017-02-23,0.0,-0.012169490053679732,0.4498137241569772
2017-02-24,0.0,-0.017904215572147743,0.4612354049661256
2017-02-27,0.0,-0.022029296100962343,0.4568884347276856
2017-02-28,0.0,-0.026581202423649482,0.45053048583061217
2017-03-01,0.0,-0.03367524364188413,0.4523707278326403
2017-03-02,0.0,-0.0273458550359916,0.45567134024238076
2017-03-03,0.0,-0.024819402870304253,0.468310163407729
2017-03-06,0.0,-0.017961374071806036,0.461492354146215
2017-03-07,0.0,-0.014002465826815856,0.451858026989265
2017-03-08,1.0,0.009532787860075557,0.45264673425390994
2017-03-09,1.0,0.02044251866707452,0.44989651212962034
2017-03-10,1.0,0.020109690551180094,0.45187540118802993
2017-03-13,1.0,0.024866900291167605,0.4510152516527915
2017-03-14,1.0,0.03758271114904307,0.44824320202895657
2017-03-15,1.0,0.023261574843967764,0.43968601028579857
2017-03-16,1.0,0.015222966037155219,0.4337683025026301
2017-03-17,1.0,0.011757082991990239,0.4416755264891177
2017-03-20,1.0,0.016639586518724433,0.4403323910503348
2017-03-21,1.0,0.005409642332248447,0.4339753369574551
2017-03-22,1.0,0.004005746118552275,0.4452018585550185
2017-03-23,0.0,-0.001246356579071913,0.4439312162498104
2017-03-24,1.0,0.004534681976397727,0.44244114300507514
2017-03-27,0.0,-0.0013561487459971878,0.45074686628407357
2017-03-28,1.0,0.00359023841844459,0.4580558481255691
2017-03-29,1.0,0.0012679376980279638,0.46213473055307613
2017-03-30,1.0,0.0068557951198530784,0.45849320181097936
2017-03-31,1.0,0.0037725639001330072,0.45909075740765326
2017-04-03,1.0,0.0013003436174912053,0.4582845430169414
2017-04-04,1.0,0.015135936769006228,0.4549559085462093
2017-04-05,1.0,0.024560428481041632,0.45137355593102485
2017-04-06,1.0,0.027942218006098127,0.4475237202672274
2017-04-07,1.0,0.026498602394992573,0.44200887188249416
2017-04-10,1.0,0.023729045672673154,0.4461447440498077
2017-04-11,1.0,0.01099983786755273,0.4956345605412489
2017-04-12,0.0,-0.004989096722201857,0.5115671333742363
2017-04-13,0.0,-0.004486058707973338,0.49704326358755
2017-04-14,0.0,-0.0024346715303981826,0.4916874451962225
2017-04-17,0.0,-0.006757178332455907,0.47619492177271483
2017-04-18,0.0,-0.020061796574742243,0.4828563750922236
2017-04-19,0.0,-0.008318340360975248,0.47923792390657005
2017-04-20,0.0,-0.013912584397787918,0.48180678399952964
2017-04-21,0.0,-0.012633693902803793,0.4727563161324512
2017-04-24,0.0,-0.015601556654867399,0.47896246288379546
2017-04-25,0.0,-0.005556451825619616,0.4812876418768113
2017-04-26,0.0,-0.025620939333423624,0.4825508445597201
2017-04-27,0.0,-0.029315836667462833,0.4864860663010453
2017-04-28,0.0,-0.03125041526958702,0.49035742023880435
2017-05-01,0.0,-0.024704554861433258,0.48258559712085103
2017-05-02,0.0,-0.02866451148017966,0.4848061945550778
2017-05-03,0.0,-0.015315981675050876,0.47692694203045255
2017-05-04,0.0,-0.0022030933801676926,0.4792346913227805
2017-05-05,0.0,-0.0007896354655401797,0.49060450725351357
2017-05-08,1.0,0.003746848074908835,0.4882686317398091
2017-05-09,1.0,0.013101867850771614,0.4784045873849033
2017-05-10,1.0,0.0342955303730965,0.47483324184111597
2017-05-11,1.0,0.017570590887848164,0.4737180046538199
2017-05-12,1.0,0.021805747740872898,0.4771751742191401
2017-05-15,1.0,0.02378004086040628,0.474448096693756
2017-05-16,1.0,0.010535301915382685,0.4724133278832291
2017-05-17,0.0,-0.0021441342341829103,0.45839751463463907
2017-05-18,1.0,0.007277412261066589,0.4615293611594339
2017-05-19,1.0,0.009397931849222276,0.4664643025042987
2017-05-22,1.0,0.002497672121292396,0.4626355343069969
2017-05-23,1.0,0.014730964599994095,0.4688273082463026
2017-05-24,1.0,0.005628458316793821,0.48383322141945767
2017-05-25,1.0,0.018763105851348952,0.4746559221598636
2017-05-26,1.0,0.009388633770579814,0.47370345331848585
2017-05-30,1.0,0.024175797992138877,0.47309708042545323
2017-05-31,1.0,0.013895364188328789,0.4663185619334202
2017-06-01,1.0,0.011475406913742308,0.46848538768075926
2017-06-02,0.0,-0.010115346774450541,0.46503448119027635
2017-06-05,0.0,-0.010929070532190206,0.46907131020361204
2017-06-06,0.0,-0.02168434869751814,0.4783749076311252
2017-06-07,0.0,-0.020102757847445987,0.47691092917210304
2017-06-08,0.0,-0.02076745645788633,0.47851806418780324
2017-06-09,0.0,-0.01016285047154333,0.48822145263322914
2017-06-12,0.0,-0.01722393269460438,0.4928139404084032
2017-06-13,0.0,-0.018818831423151425,0.4953920844234544
2017-06-14,0.0,-0.011889228417178602,0.4848534521792413
2017-06-15,0.0,-0.0032767262085530336,0.48440819481195035
2017-06-16,1.0,0.0026300074932522964,0.48917185785878237
2017-06-19,1.0,0.000603051458563854,0.48226685017071236
2017-06-20,1.0,0.0034152352539844125,0.48930397171984497
2017-06-21,1.0,0.0020848375765793138,0.49005415870685404
2017-06-22,0.0,-0.003608809401991609,0.4853214880640035
2017-06-23,0.0,-0.012067103223889163,0.48216338756632793
2017-06-26,0.0,-0.020423373755664904,0.4739137134324154
2017-06-27,0.0,-0.019072878786443353,0.4861518172936163
2017-06-28,0.0,-0.01749433542661163,0.4875430164867335
2017-06-29,0.0,-0.016239448137921574,0.48762710129340986
2017-06-30,0.0,-0.023507289085654647,0.4962695786684185
2017-07-03,0.0,-0.004234072056256149,0.4916777867071358
2017-07-04,0.0,-0.004589419627348268,0.510247464042573
2017-07-05,0.0,-0.0057224762740662105,0.5122548488168149
2017-07-06,0.0,-0.006348447526256015,0.5159808077517583
2017-07-07,1.0,0.013158515818762002,0.5055345043140663
2017-07-10,1.0,0.01634357114215676,0.5102635137646326
2017-07-11,1.0,0.020126312087994695,0.5168035587257218
2017-07-12,1.0,0.017150708937346663,0.5211874325377422
2017-07-13,1.0,0.022145924465468855,0.5251884767681455
2017-07-14,1.0,0.021229244673253586,0.520897354134054
2017-07-17,1.0,0.01703741938708349,0.5222924934591998
2017-07-18,1.0,0.0058597053201239185,0.5222903213683547
2017-07-19,1.0,0.015592831516904212,0.5208989024715702
2017-07-20,1.0,0.011746039961800575,0.519874255214978
2017-07-21,1.0,0.010928897299589393,0.5227270489560533
2017-07-24,1.0,0.01109405570013812,0.5223415144079814
2017-07-25,1.0,0.015249888481883762,0.5209498967788952
2017-07-26,1.0,0.004512357244812016,0.5211671883792024
2017-07-27,1.0,0.0072028172730224955,0.5204568997998594
2017-07-28,0.0,-0.008151681402484503,0.526175959194664
2017-07-31,0.0,-0.009183455270190573,0.5231359226665887
2017-08-01,0.0,-0.006246560992991841,0.5148286573407518
2017-08-02,1.0,0.008807511815897926,0.518474091084829
2017-08-03,1.0,0.014174082247534628,0.5131846767553746
2017-08-04,1.0,0.023847202380360442,0.5193172270993646
2017-08-07,1.0,0.018907878056836063,0.5233505917426515
2017-08-08,1.0,0.008215220578330011,0.5171401474046965
2017-08-09,1.0,0.004374836085793115,0.5194613777039458
2017-08-10,1.0,0.0012433463155157782,0.5311304971412708
2017-08-11,0.0,-0.004035226188051777,0.516369408299018
2017-08-14,1.0,0.007464171808146352,0.5106810160052674
2017-08-15,1.0,0.01064214433717419,0.5109583245556043
2017-08-16,1.0,0.0057518327321360455,0.5195716405319484
2017-08-17,0.0,-0.0015544245930951975,0.5183130208793963
2017-08-18,1.0,0.005949948033794797,0.5091581279999912
2017-08-21,1.0,0.014457897858624301,0.5082312311549516
2017-08-22,1.0,0.01873753640509104,0.5038617109145932
2017-08-23,1.0,0.013930803291927186,0.5064469724514747
2017-08-24,1.0,0.02685961260880865,0.5061528062925532
2017-08-25,1.0,0.025545276612749156,0.4950003105457798
2017-08-28,1.0,0.017895791895630533,0.5357551868623806
2017-08-29,1.0,0.022957398649594542,0.5181310205634085
2017-08-30,1.0,0.019302696054418714,0.5262952242899974
2017-08-31,1.0,0.021054197950534242,0.5373336596198566
2017-09-01,1.0,0.016048391219582486,0.5368075196974401
2017-09-04,0.0,-0.004698285314548371,0.5503770504069888
2017-09-05,0.0,-0.00580276041892535,0.5528354721024569
2017-09-06,0.0,-0.008659040625533023,0.5420608330002273
2017-09-07,0.0,-0.014623550313508113,0.5483844221377173
2017-09-08,0.0,-0.019792226779719622,0.5413051938155465
2017-09-11,0.0,-0.01610304060512182,0.552787352884274
2017-09-12,0.0,-0.01615441290571764,0.5532841750842074
2017-09-13,0.0,-0.016392559810441076,0.5454115314326677
2017-09-14,0.0,-0.029331242499077852,0.5530248697567732
2017-09-15,0.0,-0.017273434676156482,0.5507746640861937
2017-09-18,1.0,0.003668747188352491,0.5416239790968392
2017-09-19,0.0,-0.013066157138265679,0.5497972083624517
2017-09-20,0.0,-0.014268979007523858,0.5369488032975431
2017-09-21,0.0,-0.0030804709465082226,0.544327244769699
2017-09-22,0.0,-0.013489699362235449,0.5480613100796451
2017-09-25,0.0,-0.03121258172209418,0.534308322190913
2017-09-26,0.0,-0.016566673301950805,0.5327447956402026
2017-09-27,0.0,-0.006312673254928826,0.5344181700050158
2017-09-28,0.0,-0.014978181154649198,0.539381437449176
2017-09-29,0.0,-0.0027465558184251045,0.5351816676548349
2017-10-02,1.0,0.010071351477201505,0.5444024887923794
2017-10-03,1.0,0.012072109573125201,0.5439205067437503
2017-10-04,1.0,0.013406802782606869,0.5396081889460383
2017-10-05,1.0,0.01999363722502332,0.5489623611570685
2017-10-06,1.0,0.021848416749197408,0.558140577235432
2017-10-09,1.0,0.008859364096251435,0.5673677070109893
2017-10-10,0.0,-0.002099207737133727,0.5638320263089828
2017-10-11,0.0,-0.008553374334937464,0.5699893654911938
2017-10-12,0.0,-0.0029426590328670717,0.5732035411288133
2017-10-13,0.0,-0.01885183748977238,0.5775278570448369
2017-10-16,0.0,-0.009935270144028441,0.5745721617363944
2017-10-17,0.0,-0.006872610908153516,0.5853121431798946
2017-10-18,0.0,-0.002658640186655071,0.5885786276009808
2017-10-19,0.0,-0.018274461324549882,0.5928039286266432
2017-10-20,0.0,-0.0048867684881264166,0.5914304053646631
2017-10-23,0.0,-0.004824599913307301,0.5916660070857224
2017-10-24,0.0,-0.004240788544333336,0.5857733324595497
2017-10-25,0.0,-0.002477325130030831,0.5858459166168543
2017-10-26,1.0,0.007467507130863536,0.5818995208246281
2017-10-27,0.0,-0.003405068422682571,0.5878363803988002
2017-10-30,1.0,0.004707583823461424,0.5920468351588378
2017-10-31,1.0,0.0035744484902808407,0.5943105915388384
2017-11-01,1.0,0.005643430927263959,0.5979302438836119
2017-11-02,1.0,0.007030784611955975,0.595181076241786
2017-11-03,1.0,0.004519222212681637,0.5922423596874969
2017-11-06,0.0,-0.0028907399324578547,0.601400310007019
2017-11-07,1.0,0.003749236347194563,0.5953766604566796
2017-11-08,0.0,-0.002649463646529861,0.6021011845849336
2017-11-09,0.0,-0.004994586585248688,0.6048230391377516
2017-11-10,1.0,0.014650394756900364,0.5976570820235774
2017-11-13,0.0,-0.0010959763113634474,0.6093873168768142
2017-11-14,1.0,3.124975586370422e-05,0.6081511989600364
2017-11-15,1.0,0.01104373025407387,0.6084817388888721
2017-11-16,1.0,0.009662211817960977,0.61191385945956
2017-11-17,0.0,-0.005222105818576161,0.6210250937030153
2017-11-20,1.0,0.013768643477922097,0.6070097302673251
2017-11-21,1.0,0.010700109470876067,0.6234130888263764
2017-11-22,0.0,-0.006600684031352024,0.6267154452041344
2017-11-23,0.0,-0.012733760897600319,0.6258961673135746
2017-11-24,0.0,-0.005647862014845424,0.6251583715738395
2017-11-27,0.0,-0.014494214073841829,0.6220543075782474
2017-11-28,0.0,-0.021800292967102394,0.6239360066469676
2017-11-29,0.0,-0.0160217045312656,0.6194308661924492
2017-11-30,0.0,-0.021712994601598423,0.6132742884646059
2017-12-01,0.0,-0.02509248159806751,0.6138807757676372
2017-12-04,0.0,-0.027103859226765843,0.6087660153639443
2017-12-05,0.0,-0.017129845619300647,0.5979863836437815
2017-12-06,0.0,-0.0060351171822898295,0.594722071254306
2017-12-07,1.0,0.0047046108664660575,0.5328740831680312
2017-12-08,1.0,0.005177508629605437,0.5505258657605452
2017-12-11,1.0,0.01613762892002196,0.5381896587465638
2017-12-12,1.0,0.015849304138954256,0.5432942821988423
2017-12-13,1.0,0.007482885064510298,0.545933802008086
2017-12-14,1.0,0.010851839305551426,0.5396845630381587
2017-12-15,1.0,0.01576591425298393,0.5419340515967667
2017-12-18,1.0,0.009967121892528444,0.5372848699973656
2017-12-19,1.0,0.014542398656563428,0.5324384618776251
2017-12-20,1.0,0.017009612313231684,0.5342703599260648
2017-12-21,1.0,0.022059769748253258,0.5340947906640934
2017-12-22,1.0,0.021635216773184168,0.5354943208641113
2017-12-25,1.0,0.021815999220448093,0.5370570073877389
2017-12-26,1.0,0.026425122655114413,0.5334193426281648
2017-12-27,1.0,0.02044050965205599,0.5360842838617519
2017-12-28,1.0,0.02109292860324951,0.5359705128059273
2017-12-29,1.0,0.012670515484168534,0.5338404853199921
2018-01-01,1.0,0.013489039448537146,0.5298154681448678
2018-01-02,0.0,-0.0035594534124211157,0.5622156250409989
2018-01-03,1.0,0.00250979330892646,0.5510453382747653
2018-01-04,1.0,7.864798075376857e-05,0.56407367486363
2018-01-05,1.0,0.013492148654345037,0.5592374269194954
2018-01-08,1.0,0.014288105907920923,0.5550179971123981
2018-01-09,1.0,0.0194145692870234,0.5513313822881394
2018-01-10,1.0,0.007790313359604094,0.5460273833219886
2018-01-11,1.0,0.003253925886707716,0.5502631720916633
2018-01-12,0.0,-0.004429611389227697,0.5759684420353791
2018-01-15,0.0,-0.004130073059129795,0.5738872259963284
2018-01-16,1.0,0.0023138655593280466,0.5608779637862166
2018-01-17,1.0,0.023179739694205812,0.5524915364557518
2018-01-18,1.0,0.016060758701171123,0.5561985400517668
2018-01-19,1.0,0.013569859003084698,0.5572236720559313
2018-01-22,1.0,0.004600357440546346,0.5554476094854225
2018-01-23,0.0,-0.002313865559327961,0.5590437943438121
2018-01-24,0.0,-0.009775813160349759,0.576942794139941
2018-01-25,1.0,0.00019283256260060484,0.5598109550412332
2018-01-26,0.0,-0.012490254192708822,0.5653507456287459
2018-01-29,0.0,-0.00047775099631478836,0.554073796520434
2018-01-30,0.0,-0.010871918140248571,0.5522648447162303
2018-01-31,0.0,-0.02001756821986247,0.5614401884410007
2018-02-01,0.0,-0.022195639923933492,0.5583405314715035
2018-02-02,0.0,-0.01283823255811369,0.5439218609161842
2018-02-05,0.0,-0.012699673515276818,0.5525882513838549
2018-02-06,1.0,0.00409290217480881,0.5340792117029316
2018-02-07,1.0,0.024047512482618962,0.5374469186147296
2018-02-08,1.0,0.025734182599338296,0.5454405152963341
2018-02-09,1.0,0.023564717138181635,0.5389795861251369
2018-02-12,1.0,0.017548682491316074,0.5426958679387605
2018-02-13,0.0,-2.9342292515592025e-05,0.5431031172254464
2018-02-14,0.0,-0.01930478437808247,0.5372384649372821
2018-02-15,0.0,-0.015896092038112847,0.5417696779388959
2018-02-16,0.0,-0.013836317924477261,0.5289405891164104
2018-02-19,0.0,-0.009481574634586333,0.5352780947621131
2018-02-20,0.0,-0.008257485603177064,0.5279820988713246
2018-02-21,0.0,-0.004924831858653339,0.5361645872515669
2018-02-22,0.0,-0.011477223705564863,0.5450374636224089
2018-02-23,0.0,-0.007145258925853524,0.5423933353509154
2018-02-26,0.0,-0.009837442468719116,0.5442067813891093
2018-02-27,1.0,0.012297106356994533,0.5273577632417329
2018-02-28,1.0,0.005743032798281662,0.5387969976590851
2018-03-01,1.0,0.0034428661703635372,0.5300657282859204
2018-03-02,1.0,0.003223537394407075,0.5333959783029789
2018-03-05,1.0,0.002232270464043632,0.5318617566834442
2018-03-06,0.0,-0.006238979909811598,0.5405680681125445
2018-03-07,0.0,-0.0005282819639106764,0.5272238776851228
2018-03-08,0.0,-0.0038150807373657026,0.5301646705203582
2018-03-09,0.0,-0.006938284928487559,0.5386645681043046
2018-03-12,0.0,-0.00477327875265766,0.5364807692125737
2018-03-13,0.0,-0.011564881918387015,0.5391730186490934
2018-03-14,1.0,0.005645692288863156,0.5346145236964874
2018-03-15,1.0,0.009452223575243453,0.5247750811388618
2018-03-16,1.0,0.02459238894307488,0.5222147319405296
2018-03-19,1.0,0.027565223692057807,0.5347448398835684
2018-03-20,1.0,0.025343743018555947,0.5339924205316557
2018-03-21,0.0,-0.005192862092446059,0.5614609848324812
2018-03-22,0.0,-0.0027508260398623322,0.5619557913977565
2018-03-23,0.0,-0.016385403733400954,0.5723278357867037
2018-03-26,0.0,-0.009054537146311244,0.571680125317548
2018-03-27,0.0,-0.009189799068770002,0.5607927923596426
2018-03-28,1.0,0.005793192292075715,0.5715102775320066
2018-03-29,1.0,0.0008675153773673071,0.5800973299176119
2018-03-30,1.0,0.006304470107414928,0.5868878771144155
2018-04-02,0.0,-0.0038095284166676188,0.5838860686128134
2018-04-03,1.0,0.0053149805097837165,0.5776419885323035
2018-04-04,1.0,0.014818395430605943,0.5719842263480265
2018-04-05,1.0,0.006463757942451589,0.5729465216894994
2018-04-06,1.0,0.00939766042381661,0.5744274644612865
2018-04-09,1.0,0.00701024572730659,0.5815324180480549
2018-04-10,1.0,0.005732381228572425,0.5765305204335726
2018-04-11,0.0,-0.002812733164543337,0.5654045315866042
2018-04-12,1.0,0.007984223289741653,0.5652793265176318
2018-04-13,0.0,-0.00781650210224658,0.5767682178069655
2018-04-16,0.0,-0.01569928582818773,0.5731432834819769
2018-04-17,0.0,-0.01239932228677829,0.5726796333512556
2018-04-18,0.0,-0.01946023539640604,0.5572378012800033
2018-04-19,0.0,-0.021485201450786005,0.5492421755157765
2018-04-20,0.0,-0.00866327160547299,0.556235061864288
2018-04-23,0.0,-0.006923902910148366,0.5643768525103713
2018-04-24,0.0,-0.0201183479311456,0.5711144629505007
2018-04-25,0.0,-0.013851058580164022,0.5716375919079563
2018-04-26,0.0,-0.003727799212140143,0.5727524643326884
2018-04-27,0.0,-0.006995712125707674,0.5700844062416462
2018-04-30,0.0,-0.0011409014357915558,0.5641486218312298
2018-05-01,1.0,0.007943824236460237,0.5493162363676033
2018-05-02,1.0,0.00573111261874531,0.5555228294244623
2018-05-03,1.0,0.0069877240126003,0.5560816009180566
2018-05-04,1.0,0.00309839936211455,0.5593338908510921
2018-05-07,0.0,-0.0005328664534416172,0.5525531588365408
2018-05-08,0.0,-0.018583042624917022,0.550218117352702
2018-05-09,0.0,-0.016672815245804534,0.5492783480270144
2018-05-10,0.0,-0.023355707675492537,0.5556251396804673
2018-05-11,0.0,-0.01981824708681868,0.5559414926971831
2018-05-14,0.0,-0.015732644824283295,0.559095186865699
2018-05-15,1.0,0.0007747734175431526,0.5104241578779376
2018-05-16,1.0,0.0020123845800566116,0.5295885870834592
2018-05-17,1.0,0.010635118735641042,0.5405961472366099
2018-05-18,1.0,0.006729204825873018,0.5470321654641382
2018-05-21,1.0,0.003721408545821047,0.5492271455966762
2018-05-22,1.0,0.005791745600360176,0.5394790436332179
2018-05-23,1.0,0.006089824177997847,0.5435656037544295
2018-05-24,0.0,-0.005072251883069745,0.5488466011470996
2018-05-25,0.0,-0.006744673208499116,0.5481385612013809
2018-05-28,0.0,-0.004727483776756696,0.5532590187720859
2018-05-29,0.0,-0.0018497115100474817,0.546806040318215
2018-05-30,0.0,-0.003695723331804047,0.5492967694298728
2018-05-31,0.0,-0.0006165703470860246,0.5512938880033378
2018-06-01,1.0,0.004283322838887575,0.5490759924845693
2018-06-04,1.0,0.006867575893855096,0.554211860437791
2018-06-05,0.0,-0.0005401443088229278,0.555283412667403
2018-06-06,1.0,0.0024653325275528115,0.5596299544291768
2018-06-07,1.0,0.004077712901648693,0.5598015651369049
2018-06-08,0.0,-0.015561345466386779,0.5609549616145645
2018-06-11,0.0,-0.01729730929208172,0.5617310326092615
2018-06-12,0.0,-0.016341504416980467,0.5589579148223767
2018-06-13,0.0,-0.024852289850264164,0.5691052686924981
2018-06-14,0.0,-0.02747789144341346,0.5702094856553457
2018-06-15,0.0,-0.006788998900066893,0.5216675915420663
2018-06-18,0.0,-0.009986322424884684,0.5449424621649125
2018-06-19,0.0,-0.012473517689941907,0.5330970626427147
2018-06-20,0.0,-0.012334174922633312,0.5222145838571748
2018-06-21,0.0,-0.015188554875489499,0.5280631603832799
2018-06-22,0.0,-0.013797697284098746,0.5297504337682285
2018-06-25,0.0,-0.01906795176456266,0.5276360953831155
2018-06-26,0.0,-0.004777839953713197,0.511652425488867
2018-06-27,1.0,0.004494103087355275,0.5042102924768037
2018-06-28,1.0,0.007662872745569097,0.5018720388601193
2018-06-29,1.0,0.001778997928330809,0.5103920641014669
2018-07-02,1.0,0.012884816726720684,0.4879993425092018
2018-07-03,1.0,0.0021528533611010927,0.4944705162462735
2018-07-04,0.0,-0.012721698155416024,0.4883659264862274
2018-07-05,0.0,-0.008304103931375227,0.48448935907441165
2018-07-06,0.0,-0.01070565936148205,0.48527568347445227
2018-07-09,0.0,-0.01344880981261297,0.48518236561298556
2018-07-10,0.0,-0.02247285585205863,0.485600944095027
2018-07-11,0.0,-0.01158142120840595,0.48226311166007174
2018-07-12,0.0,-0.01983951059342238,0.4938909856882725
2018-07-13,0.0,-0.007893990312831388,0.4847627929802111
2018-07-16,0.0,-0.01330540479107157,0.4880706798696179
2018-07-17,0.0,-0.0025284463533586377,0.4680659797090476
2018-07-18,1.0,0.0030906897315287935,0.4785341339645675
2018-07-19,0.0,-0.000245388737888284,0.4744845816937309
2018-07-20,0.0,-0.006296629350999362,0.4830365029717247
2018-07-23,0.0,-0.00253506289421472,0.481420588838888
2018-07-24,0.0,-0.0006535414005999525,0.47870684482259124
2018-07-25,0.0,-0.01274943716248772,0.4870577189579031
2018-07-26,0.0,-0.012264032885528376,0.48244804775283223
2018-07-27,0.0,-0.007694301713903134,0.49225352444098647
2018-07-30,0.0,-0.011529403838701099,0.4922219970546058
2018-07-31,0.0,-0.010597757844058904,0.4895801650981772
2018-08-01,0.0,-0.0016463619128672833,0.48767262207767975
2018-08-02,1.0,0.00396727522580992,0.4750314088657092
2018-08-03,0.0,-0.0034397034693675888,0.48688062803026627
2018-08-06,0.0,-0.011596844231079215,0.4843347900475344
2018-08-07,0.0,-0.01380479303467147,0.486809852727832
2018-08-08,0.0,-0.03274313857191437,0.4863663200919443
2018-08-09,0.0,-0.031932317122452106,0.48870855833288196
2018-08-10,0.0,-0.019954345505184518,0.4911596527105782
2018-08-13,0.0,-0.002668256896510707,0.4701810598550654
2018-08-14,1.0,0.0013389123339118112,0.49110871727461763
2018-08-15,1.0,0.01755171206853916,0.47314802041144605
2018-08-16,1.0,0.0094932057236523,0.48401757367336934
2018-08-17,1.0,0.01554879667191441,0.4983348678104619
2018-08-20,1.0,0.01749024347243272,0.49775315124828606
2018-08-21,1.0,0.0041725838724481655,0.49963142905514457
2018-08-22,1.0,0.009407720386526531,0.48894725402028577
2018-08-23,1.0,0.012041266419686714,0.48726425232682485
2018-08-24,0.0,-0.00283409916220432,0.49338790833488144
2018-08-27,0.0,-0.008290546574009102,0.49809097051171897
2018-08-28,0.0,-0.008446631862122718,0.4947308420403489
2018-08-29,0.0,-0.008320900064693257,0.5091469236005263
2018-08-30,1.0,0.00013335111367937812,0.49719957023054584
2018-08-31,0.0,-0.004195221272394173,0.5090510586754284
2018-09-03,0.0,-0.004672905699392482,0.5150606969755359
2018-09-04,1.0,0.006445964305825667,0.5037370970137787
2018-09-05,1.0,0.007657770066918068,0.5180972706480316
2018-09-06,1.0,0.0011577401209033748,0.507369241259449
2018-09-07,0.0,-0.002401604454633175,0.49666642882002854
2018-09-10,1.0,0.0040899852515252876,0.4999720766848686
2018-09-11,0.0,-0.00016690311313055696,0.4928362033799121
2018-09-12,0.0,-0.001742811346149917,0.4974546391803014
2018-09-13,1.0,0.004891000445631574,0.4970974870750378
2018-09-14,1.0,0.005064232846789751,0.48564789817222953
2018-09-17,0.0,-0.0015005004482537573,0.4946583867968009
2018-09-18,1.0,0.0022508450168131603,0.4922363130382272
2018-09-19,0.0,-0.008173523401641914,0.5025661803476947
2018-09-20,0.0,-0.02050366819656794,0.5018339661065483
2018-09-21,0.0,-0.00774879821745863,0.4806806472776326
2018-09-24,0.0,-0.00804091776952108,0.4869999754904958
2018-09-25,1.0,0.001996506777479152,0.4927876727759989
2018-09-26,1.0,0.002509201717985177,0.48208844465237255
2018-09-27,1.0,0.014271565263811202,0.4751407698014095
2018-09-28,1.0,0.010770086851242486,0.48815339155194887
2018-10-01,0.0,-0.0006730041475524998,0.4869191230925372
2018-10-02,0.0,-0.011450666298171642,0.49693834150780897
2018-10-03,0.0,-0.002090563959118552,0.48524140017335005
2018-10-04,1.0,0.020869318457944853,0.4822006716713365
2018-10-05,1.0,0.012232795775843174,0.486965320157775
2018-10-08,1.0,0.031950647121244444,0.4659329042453414
2018-10-09,1.0,0.0289971438979088,0.4805639571001391
2018-10-10,1.0,0.022922928485011485,0.4820724284985903
2018-10-11,1.0,0.000489676007499322,0.465765851811849
2018-10-12,1.0,0.006138252280413536,0.463298206474223
2018-10-15,0.0,-0.0033678518627944347,0.4545493588963459
2018-10-16,1.0,0.00431860520451088,0.4522232852253419
2018-10-17,1.0,0.009688657103749557,0.4402530638135701
2018-10-18,1.0,0.0050459942666159704,0.4486657301578685
2018-10-19,1.0,0.006084584473894338,0.44460113528313805
2018-10-22,1.0,0.005012950736120909,0.443599753576163
2018-10-23,0.0,-0.005626008561192477,0.4490734913261076
2018-10-24,0.0,-0.015678910112317725,0.45551528937039437
2018-10-25,1.0,0.0011359027590524388,0.4523075375033134
2018-10-26,0.0,-0.00044613706881671165,0.44559448171935107
2018-10-29,1.0,0.002048514730804475,0.4412029618229229
2018-10-30,1.0,0.002926213232450701,0.44240541841525916
2018-10-31,1.0,0.009330817803201953,0.4465916788639982
2018-11-01,0.0,-0.007896813129268921,0.44722670823313687
2018-11-02,0.0,-0.0191099834861015,0.4464831235181256
2018-11-05,0.0,-0.02550480993336181,0.4336887483777306
2018-11-06,0.0,-0.020304471793146376,0.4274691376124701
2018-11-07,0.0,-0.012962094272426642,0.4100721877736832
2018-11-08,0.0,-0.008371683824899086,0.41679092701163806
2018-11-09,1.0,0.009822589114036221,0.4132285657955531
2018-11-12,1.0,0.019411998174933658,0.42476490359594715
2018-11-13,1.0,0.01598726705056601,0.4292806987327467
2018-11-14,1.0,0.012402572477669209,0.42611234196510195
2018-11-15,1.0,0.011110879352726415,0.4257981499239007
2018-11-16,1.0,0.0014026269225804315,0.41485293557386904
2018-11-19,0.0,-0.0015044728189733052,0.4089290778926796
2018-11-20,0.0,-0.0053364110054491595,0.4025839227001882
2018-11-21,0.0,-0.003927081108283464,0.40424045617846704
2018-11-22,0.0,-0.0020855473306841004,0.4053456026188064
2018-11-23,0.0,-0.0005611419959154287,0.4050812798919915
2018-11-26,1.0,0.006890533450284846,0.40799016074942035
2018-11-27,1.0,0.01911560033180687,0.40295089413706986
2018-11-28,1.0,0.013007830540697062,0.4064540213478409
2018-11-29,1.0,0.010723963362975642,0.4056303997997358
2018-11-30,1.0,0.021071443985233206,0.40535774371450495
2018-12-03,1.0,0.011031529186679918,0.4062847160121551
2018-12-04,1.0,0.003671844015491742,0.4139412817509521
2018-12-05,1.0,0.006808447793985671,0.4107283944538935
2018-12-06,1.0,0.003392219709380942,0.4082762939023222
2018-12-07,0.0,-0.007761235389734953,0.43137962494042087
2018-12-10,1.0,0.0010956862871019885,0.42274817715081303
2018-12-11,1.0,0.005132445320381404,0.42382047940367634
2018-12-12,0.0,-0.002122161702861645,0.4204351924057196
2018-12-13,1.0,0.014380223776490498,0.4146446287915858
2018-12-14,1.0,0.013714525415237926,0.41207038566680476
2018-12-17,1.0,0.01865650966346412,0.4136566042022664
2018-12-18,1.0,0.016360063897075776,0.41531552499961405
2018-12-19,1.0,0.019290563301376778,0.40529208921285687
2018-12-20,1.0,0.012472599653149242,0.43133179067720384
2018-12-21,1.0,0.01973090145265521,0.4254049636516467
2018-12-24,1.0,0.010332403521671439,0.45452621435284196
2018-12-25,1.0,0.011242285460700238,0.44543837725736046
2018-12-26,1.0,0.021087941713899626,0.4296272276739927
2018-12-27,1.0,0.007104456516298888,0.45148638680045367
2018-12-28,1.0,0.006382516817566395,0.4550950569387608
2018-12-31,1.0,0.0023369956885465285,0.4452153646067818
2019-01-02,1.0,0.006863406574807808,0.4426108016733483
2019-01-03,0.0,-0.00589103323723753,0.45751659983458404
2019-01-04,1.0,0.0020064024947154826,0.48675227928652204
2019-01-07,1.0,0.001500970950844775,0.4898104407029749
2019-01-08,1.0,0.0030299522073557105,0.4838440249058535
2019-01-09,1.0,0.0003093102406350005,0.48338691227088687
2019-01-10,1.0,0.004344122881585819,0.48046616507320034
2019-01-11,0.0,-0.0045630037341706595,0.476792964830141
2019-01-14,0.0,-0.008363041527063521,0.4778839985791429
2019-01-15,0.0,-0.0031077641359636087,0.47329851038368115
2019-01-16,0.0,-0.00853328986857557,0.4731518401967833
2019-01-17,0.0,-0.008472980069521425,0.4676616483814742
2019-01-18,1.0,0.016625075067611354,0.462276557155838
2019-01-21,1.0,0.017923638637092117,0.4654083059078991
2019-01-22,1.0,0.02029152136425315,0.46395222916516987
2019-01-23,1.0,0.028534492425810385,0.46041404642637657
2019-01-24,1.0,0.030975077523436916,0.4544203194671167
2019-01-25,1.0,0.011308300465078478,0.4731613499831833
2019-01-28,1.0,0.006635395554518114,0.46789085016298443
2019-01-29,1.0,0.0028378771454319815,0.48420140283372093
2019-01-30,0.0,-0.010011066443643342,0.4875392779427371
2019-01-31,0.0,-0.008497364366842397,0.48288130008386726
2019-02-01,0.0,-0.002731392860855919,0.48589898661543
2019-02-04,0.0,-0.0028671819140860433,0.4744251028693437
2019-02-05,0.0,-0.003404589197280522,0.47635679722174035
2019-02-06,0.0,-0.0003146578925280128,0.4748463565785274
2019-02-07,1.0,0.0016244850790804565,0.4751262896801802
2019-02-08,1.0,0.005119989080372249,0.4751603442322413
2019-02-11,1.0,0.013606065275077212,0.46712803777227563
2019-02-12,1.0,0.022854258656178558,0.4726552306298245
2019-02-13,1.0,0.02448015178683936,0.4656429848916659
2019-02-14,1.0,0.008234246915956088,0.4710984141297768
2019-02-15,1.0,0.005372587571911001,0.47579239338038554
2019-02-18,1.0,0.0009497464288119966,0.47874073870514494
2019-02-19,0.0,-0.009064071944216368,0.5055465188100439
2019-02-20,0.0,-0.014177163077016629,0.49719195792995885
2019-02-21,0.0,-0.0075486370772613505,0.4908432548372546
2019-02-22,0.0,-0.026252143713216984,0.5011422071252185
2019-02-25,0.0,-0.03122145091035775,0.5013109605027366
2019-02-26,0.0,-0.03149385105772395,0.5070916527464546
2019-02-27,0.0,-0.02548299685870897,0.4978113543243357
2019-02-28,0.0,-0.021389996236024375,0.49052012193760985
2019-03-01,1.0,0.003727186896597482,0.48946608999675767
2019-03-04,1.0,0.00527173869939975,0.4988191891363537
2019-03-05,1.0,0.010582926781145564,0.5098224955054395
2019-03-06,1.0,0.017493606825230226,0.5066976226039394
2019-03-07,1.0,0.008166599706289312,0.502579427040965
2019-03-08,1.0,0.0028151049641718315,0.5017247291258864
2019-03-11,1.0,0.007855862952357904,0.4997197705578603
2019-03-12,1.0,0.0038346545953717214,0.5035652656959071
2019-03-13,1.0,0.002594035177046749,0.5059344486614505
2019-03-14,1.0,0.010210829185656672,0.5044974575433654
2019-03-15,1.0,0.008565624887972453,0.516139764980943
2019-03-18,1.0,0.013865832390204554,0.5249786415247937
2019-03-19,1.0,0.0068655392109953015,0.525966450908173
2019-03-20,0.0,-0.0022885050799556143,0.5286015607549492
2019-03-21,0.0,-0.014696528895934662,0.5287787179573639
2019-03-22,0.0,-0.016314702744860955,0.5420366403187595
2019-03-25,0.0,-0.026294106145245546,0.5402888657379402
2019-03-26,0.0,-0.017639846916907457,0.5433374821480915
2019-03-27,0.0,-0.015004321035900523,0.546507405000064
2019-03-28,1.0,0.0017038418000547885,0.5424279501919468
2019-03-29,0.0,-0.0004722806208852038,0.5497219963790151
2019-04-01,1.0,0.00773758116043963,0.5539408548329391
2019-04-02,1.0,0.008935508536255035,0.5569251085360348
2019-04-03,1.0,0.013858101524016373,0.5506732135210591
2019-04-04,1.0,7.737841919753754e-05,0.5391086656686691
2019-04-05,0.0,-0.0006042249449850469,0.5409198510405724
2019-04-08,0.0,-0.007504580499216869,0.546892777206811
2019-04-09,0.0,-0.02162791174666762,0.552567427750554
2019-04-10,0.0,-0.02649674689939293,0.5523200432957187
2019-04-11,0.0,-0.013154856336489768,0.5448662127503133
2019-04-12,0.0,-0.011699139293767384,0.5490278843901876
2019-04-15,0.0,-0.009989937135661563,0.5514651553959049
2019-04-16,0.0,-0.0028250823152527827,0.5416484308197836
2019-04-17,1.0,0.0009416935483627484,0.5442670383668402
2019-04-18,1.0,0.0010891668167821668,0.5448518071424523
2019-04-19,1.0,0.008034994093732858,0.5599396051573825
2019-04-22,1.0,0.0037579312994736776,0.5586232736584535
2019-04-23,1.0,0.008529336891737113,0.5523280517490488
2019-04-24,1.0,0.0012542135374619477,0.5558680138863691
2019-04-25,0.0,-0.005024741670416796,0.5562918702630457
2019-04-26,0.0,-0.005380759268311885,0.5593177532372572
2019-04-29,0.0,0.0,0.5597640847178268
2019-04-30,1.0,0.0008567312335231544,0.5626641499013602
2019-05-01,1.0,0.003128668958041442,0.557355949488886
2019-05-02,1.0,0.010647560077009333,0.5565251031922667
2019-05-03,1.0,0.005225201984028398,0.5686596066228998
2019-05-06,1.0,0.015815509124572646,0.5654572566363164
2019-05-07,1.0,0.009607263791757567,0.5699445754424455
2019-05-08,1.0,0.012417699339139112,0.5635418673015997
2019-05-09,1.0,0.0019449961396717282,0.5675921473706562
2019-05-10,0.0,-0.006633652921086442,0.5758453185525534
2019-05-13,0.0,-0.017301335399880085,0.5811634894418779
2019-05-14,0.0,-0.017265944552820194,0.5787669114981457
2019-05-15,0.0,-0.018134909570781323,0.5678995429381013
2019-05-16,0.0,-0.0028019943612635195,0.5585006967286974
2019-05-17,1.0,0.005847718766810717,0.5599745819205895
2019-05-20,1.0,0.005463215024254391,0.5721554800849141
2019-05-21,1.0,0.003602196534113691,0.5658541481096828
2019-05-22,1.0,0.005170399297422064,0.565228172426589
2019-05-23,1.0,0.004277665476783255,0.562356822599907
2019-05-24,1.0,0.015916684450138604,0.5561230505866122
2019-05-27,1.0,0.030582954497718626,0.5572103441945754
2019-05-28,1.0,0.03494845130800599,0.5502966287809447
2019-05-29,1.0,0.03824953715730031,0.5538436353640097
2019-05-30,1.0,0.03560234225520557,0.5598725056619924
2019-05-31,1.0,0.026537183765285396,0.5594066182232266
2019-06-03,1.0,0.0022621032116403937,0.5532051415864092
2019-06-04,1.0,0.0013577734604602887,0.5439573988113833
2019-06-05,1.0,0.0028537117594086615,0.5456889285507264
2019-06-06,1.0,0.005303467145964987,0.5517832288772796
2019-06-07,1.0,0.0007383679421371698,0.5595281260150374
2019-06-10,1.0,0.008848288082806965,0.5681237532043347
2019-06-11,1.0,0.014517953113217547,0.5638528648722616
2019-06-12,1.0,0.019898199017315325,0.5636789267577734
2019-06-13,1.0,0.033263139883374475,0.5657148680976489
2019-06-14,1.0,0.04183989884317825,0.557944134183477
2019-06-17,1.0,0.057726457855828285,0.5556424635481213
2019-06-18,1.0,0.05548952986962704,0.5533614986280029
2019-06-19,1.0,0.03510399441984669,0.567381929616746
2019-06-20,1.0,0.01537446709011784,0.5654450322707529
2019-06-21,1.0,0.007479466431292653,0.5602920034954647
2019-06-24,0.0,-0.02649114251287652,0.563845578294126
2019-06-25,0.0,-0.0030267858253940844,0.5478282735222124
2019-06-26,1.0,0.0067907171896750265,0.5477278204736887
2019-06-27,1.0,0.00415683235132126,0.5568063255255788
2019-06-28,0.0,-0.0068361727455508135,0.5514403352617246
2019-07-01,1.0,0.009649387177521103,0.5570530489377727
2019-07-02,0.0,-0.014986608130555638,0.5463741029661016
2019-07-03,0.0,-7.049948890786007e-05,0.5306712618438266
2019-07-04,0.0,-0.008209883016466695,0.5305540118232334
2019-07-05,1.0,0.011226492784284914,0.5236749010205355
2019-07-08,1.0,0.012958529500350282,0.5247314203896324
2019-07-09,1.0,0.006064299967511446,0.5336978781792111
2019-07-10,1.0,0.005694415893556474,0.5275075553254205
2019-07-11,1.0,0.029486165654463485,0.5251140083701079
2019-07-12,1.0,0.007096922080388716,0.5254883982122959
2019-07-15,1.0,0.00782162321769932,0.5155068884409644
2019-07-16,1.0,0.00779371948431938,0.5157946127973433
2019-07-17,0.0,-0.0004908319700265815,0.5306394125561646
2019-07-18,0.0,-0.021961996142670054,0.5300373950536619
2019-07-19,0.0,-0.005049982950285418,0.5245914703264538
2019-07-22,1.0,0.0014729092615505873,0.5344750736487254
2019-07-23,1.0,0.009762341814681419,0.5285904000001764
2019-07-24,0.0,-0.008522678810541178,0.5422373715174721
2019-07-25,1.0,0.021685236990553917,0.5422075491550122
2019-07-26,1.0,0.015664290009142424,0.5421881703990922
2019-07-29,1.0,0.02505494753538793,0.5408851036031221
2019-07-30,1.0,0.030017398970750935,0.5327810640201284
2019-07-31,1.0,0.05992117176047495,0.530939778580283
2019-08-01,1.0,0.037886404857984446,0.5354722039312297
2019-08-02,1.0,0.03853058679324439,0.5337314778017935
2019-08-05,1.0,0.032348740399590147,0.5470235596767953
2019-08-06,1.0,0.018146878783288377,0.5463157844219035
2019-08-07,1.0,0.010207552008717792,0.5452861021032248
2019-08-08,1.0,0.014617145732892736,0.5473775846745226
2019-08-09,1.0,0.010682925371087114,0.5381118923223578
2019-08-12,0.0,-0.010377263349711709,0.5457206450224629
2019-08-13,1.0,0.003789268286728448,0.5363744480801972
2019-08-14,0.0,-0.009208717232817153,0.5557576700215926
2019-08-15,0.0,-0.016684709079895128,0.5579772265866747
2019-08-16,1.0,0.008868479177607998,0.5483186041297176
2019-08-19,1.0,0.020909912889133103,0.5592037409595795
2019-08-20,1.0,0.023282030074268247,0.5595231610617428
2019-08-21,1.0,0.024132413502079474,0.5646864051734847
2019-08-22,1.0,0.019635047230483614,0.5659638446651435
2019-08-23,0.0,-0.004200749183712858,0.5574243412994441
2019-08-26,1.0,0.001328434246463829,0.5410772205787504
2019-08-27,1.0,0.0029129062251242455,0.5529190267331582
2019-08-28,1.0,0.008539319583309191,0.5510336568368619
2019-08-29,0.0,-0.005711862688103178,0.538760932166474
2019-08-30,0.0,-0.009093140168323435,0.5529507369293787
2019-09-02,0.0,-0.019900727103001822,0.5464518355375515
2019-09-03,0.0,-0.040698114489826825,0.5538732897680524
2019-09-04,0.0,-0.036272217038960455,0.5499452700009853
2019-09-05,0.0,-0.013122330255049561,0.5384473044223239
2019-09-06,0.0,-0.01201820847608583,0.5496182031441647
2019-09-09,0.0,-0.0005338315888150925,0.555609755037044
2019-09-10,1.0,0.010580692025669719,0.5699636457299256
2019-09-11,0.0,-0.0021397534075191806,0.5819860951139028
2019-09-12,0.0,-0.00013343118306541105,0.5585091005771744
2019-09-13,1.0,0.018953583427569583,0.558385422519601
2019-09-16,1.0,0.015760871907848494,0.5587217630148463
2019-09-17,1.0,0.020048152342273508,0.5574800471360795
2019-09-18,1.0,0.006538587480002741,0.5531363999492562
2019-09-19,1.0,0.0037958291505676986,0.5563802247178836
2019-09-20,0.0,-0.013460094788404922,0.5470135215231693
2019-09-23,0.0,-0.03333530665766377,0.5461203277334319
2019-09-24,0.0,-0.03487914592581518,0.5430844865345875
2019-09-25,0.0,-0.0028637094593127205,0.5415427669347217
2019-09-26,1.0,0.0003987240882169318,0.557182138677446
2019-09-27,1.0,0.005244178965583156,0.5573956206079017
2019-09-30,1.0,0.014298483299255564,0.5601288693681918
2019-10-01,1.0,0.01762484892310735,0.5738599868894131
2019-10-02,1.0,0.0039936155314699235,0.5666211909994069
2019-10-03,0.0,-0.00760307784207019,0.5645156956796534
2019-10-04,0.0,-0.01070542262891536,0.5613521886432349
2019-10-07,0.0,-0.0002678990036783879,0.5460019355166443
2019-10-08,0.0,-0.016476161341143904,0.5610180944343844
2019-10-09,0.0,-0.010282523660926836,0.5627539195942947
2019-10-10,0.0,-0.0013398541563619402,0.5573125059561863
2019-10-11,1.0,0.0015203789040624562,0.5517928102473982
2019-10-14,0.0,-0.0057098868731019405,0.5525644656840724
2019-10-15,1.0,0.004648820903910263,0.5502041983060205
2019-10-16,1.0,0.0013413818242013111,0.5591642903142896
2019-10-17,1.0,0.008145324777682655,0.5519730397835089
2019-10-18,1.0,0.008941103429857968,0.5495470289412479
2019-10-21,1.0,0.005441916080314668,0.5456528512986488
2019-10-22,0.0,-0.00013444474341309817,0.5451699894940314
2019-10-23,1.0,0.002343097306296526,0.5603263246585624
2019-10-24,1.0,0.005966604813221916,0.5649566484552103
2019-10-25,1.0,0.006496904780013246,0.5746562925979699
2019-10-28,1.0,0.011392148787583212,0.5765223354070037
2019-10-29,0.0,-0.0026926976889083414,0.577380755822466
2019-10-30,0.0,-0.0034160587826239154,0.5831523035388829
2019-10-31,0.0,-0.029923069781897516,0.5931451613180491
2019-11-01,0.0,-0.03704761464327013,0.5917250309566965
2019-11-04,0.0,-0.03642652831633572,0.5837867688586315
2019-11-05,0.0,-0.01857385777026577,0.5741894450986653
2019-11-06,0.0,-0.01828204483744907,0.5910544820032955
2019-11-07,1.0,0.001973125321219579,0.5837398456585866
2019-11-08,1.0,0.006079407464348371,0.5802595335209765
2019-11-11,1.0,0.010592233518161258,0.5735077579743953
2019-11-12,1.0,0.010859649803356504,0.5708409373546456
2019-11-13,1.0,0.005519793223597902,0.5802678070211167
2019-11-14,0.0,-0.004721569543772725,0.5751550112096651
2019-11-15,0.0,-0.003779824846130857,0.5779129758566535
2019-11-18,0.0,-0.010935793489933187,0.5760704723221243
2019-11-19,0.0,-0.007431936842839829,0.5752157456602587
2019-11-20,0.0,-0.011757603489862972,0.5764852256904853
2019-11-21,0.0,-0.005814985307395288,0.5723051864206551
2019-11-22,1.0,0.0008339086874820034,0.5760391264454637
2019-11-25,1.0,0.004935911851600378,0.5821063623742294
2019-11-26,1.0,0.010929650757923171,0.5855321378900105
2019-11-27,1.0,0.013697955602347331,0.581820998798216
2019-11-28,1.0,0.013590614030460376,0.5786391875176814
2019-11-29,0.0,-0.0023538202627024544,0.5765975479196376
2019-12-02,0.0,-0.0006156582607158374,0.5745907569423142
2019-12-03,0.0,-0.00881035411783924,0.5751575575071028
2019-12-04,1.0,8.817008421888099e-05,0.5724856077162829
2019-12-05,0.0,-0.004142198568488017,0.574671804579499
2019-12-06,1.0,0.010572211296757433,0.5717407948444139
2019-12-09,1.0,0.009932715688950154,0.578569100868909
2019-12-10,1.0,0.007999063179504901,0.583300035411693
2019-12-11,1.0,0.0004827629320986365,0.5818077137378609
2019-12-12,1.0,0.006260979674749639,0.5769412037861454
2019-12-13,1.0,0.0014897299437495212,0.583647339950607
2019-12-16,1.0,0.006343035711785612,0.5849636802389474
2019-12-17,1.0,0.015621956760140934,0.5772895601341367
2019-12-18,1.0,0.016204758698528134,0.5732419105439084
2019-12-19,1.0,0.021441027939093818,0.5697514870941038
2019-12-20,1.0,0.02203733190926297,0.5697260199037807
2019-12-23,1.0,0.019665596127711224,0.5599824074658631
2019-12-24,1.0,0.011852379575535992,0.5500539070227334
2019-12-25,1.0,0.011853038694629775,0.5570049710041785
2019-12-26,1.0,0.011848411240838309,0.5471583114038304
2019-12-27,1.0,0.026770940427729723,0.5432447384604794
2019-12-30,1.0,0.032969316300545524,0.5386576634577555
2019-12-31,1.0,0.036716704617314466,0.5398387428878748
2020-01-01,1.0,0.025414858529328038,0.5401831486860544
2020-01-02,1.0,0.015145490518938955,0.5557256956386273
2020-01-03,1.0,0.0064900423839661285,0.5741458637621083
2020-01-06,0.0,-0.011664818627358844,0.5697667702924658
2020-01-07,0.0,-0.017767108807333322,0.569506178810293
2020-01-08,0.0,-0.00014780398647832568,0.5470376236424678
2020-01-09,1.0,9.341023042084435e-05,0.5664873276615296
2020-01-10,0.0,-0.003101024231951359,0.5740141945186978
2020-01-13,1.0,0.008538563653073537,0.5748148692372317
2020-01-14,1.0,0.007538452632008708,0.5765782774536679
2020-01-15,1.0,0.001855603780071307,0.5675121597955805
2020-01-16,1.0,0.006664315813764159,0.562457439168141
2020-01-17,1.0,0.009135011621559372,0.562997824396805
2020-01-20,1.0,0.013412598071695788,0.5530125983051078
2020-01-21,1.0,0.005888017010787326,0.5438090232215839
2020-01-22,1.0,0.01161368797510373,0.54753138329163
2020-01-23,1.0,0.0072810826270237215,0.5370542050959998
2020-01-24,1.0,0.011094193866460631,0.5386904029913053
2020-01-27,0.0,-0.0033466290311934045,0.534605866645123
2020-01-28,0.0,-0.009161872704127503,0.5352309831734015
2020-01-29,0.0,-0.013446798434886912,0.5395677918205248
2020-01-30,0.0,-0.004881141553498629,0.5335196720005403
2020-01-31,0.0,-0.011870894418065667,0.5351917739834952
2020-02-03,0.0,-0.0027439041605965067,0.530828171085345
2020-02-04,1.0,0.009541482858632133,0.5327854613098348
2020-02-05,1.0,0.006128218023241209,0.5442996306815201
2020-02-06,1.0,0.006011260939454521,0.5443393772966894
2020-02-07,1.0,0.00869255836922993,0.547549676815356
2020-02-10,1.0,0.005303167679144205,0.5430006837401055
2020-02-11,1.0,0.021157577415605436,0.530547714948397
2020-02-12,1.0,0.028916762779658035,0.5338767468341602
2020-02-13,1.0,0.027192590223524018,0.5346992233322733
2020-02-14,1.0,0.03673230943052913,0.5353751655859075
2020-02-17,1.0,0.048168145409253904,0.5368282343571045
2020-02-18,1.0,0.020741215083405602,0.5346810194444731
2020-02-19,1.0,0.01788710024269517,0.5406011483033717
2020-02-20,1.0,0.015434917660932692,0.5404068533977804
2020-02-21,0.0,-0.035483598440737396,0.5464964267400875
2020-02-24,0.0,-0.04255505321702304,0.5348565744946487
2020-02-25,1.0,0.003483701739095025,0.5443271720626065
2020-02-26,0.0,-0.002513185162984364,0.552663954432317
2020-02-27,1.0,0.016439823493328773,0.5548651681520941
2020-02-28,1.0,0.05382922933160228,0.4993718042956961
2020-03-02,1.0,0.05555473492079045,0.5271078478373054
2020-03-03,1.0,0.0055439523409143475,0.5206627576751309
2020-03-04,0.0,-0.001161688859205973,0.519859784966633
2020-03-05,0.0,-0.059032432291662086,0.5284238548613578
2020-03-06,0.0,-0.08985650787327995,0.4941641449372318
2020-03-09,0.0,-0.10408510221468999,0.48408828702490075
2020-03-10,0.0,-0.07644226204922905,0.5255949030347361
2020-03-11,0.0,-0.09524288731750565,0.5293617069113706
2020-03-12,0.0,-0.0690155330925271,0.5411090890379067
2020-03-13,0.0,-0.02047880184821178,0.5574792259446257
2020-03-16,1.0,0.02497928813842764,0.5531740968760628
2020-03-17,1.0,0.0597050092827901,0.5852229065524172
2020-03-18,1.0,0.08435549698124535,0.5889302038860652
2020-03-19,1.0,0.10221463844896028,0.5843430544974326
2020-03-20,1.0,0.0816159622248627,0.5688739010893513
2020-03-23,1.0,0.04410163477061121,0.5565374115635702
2020-03-24,0.0,-0.02846152625282037,0.5537612382841866
2020-03-25,0.0,-0.015205627299450603,0.5304218487763305
2020-03-26,0.0,-0.01135814679695844,0.5239203978537847
2020-03-27,0.0,-0.0060125736714945624,0.5325901138608324
2020-03-30,1.0,0.023271030634462366,0.5445689075872883
2020-03-31,1.0,0.04368211054519391,0.5698837563102679
2020-04-01,1.0,0.032313687814527425,0.580312241381851
2020-04-02,1.0,0.04313369842149847,0.582245762118398
2020-04-03,1.0,0.057811229387772854,0.5838711510565249
2020-04-06,1.0,0.03995692484507078,0.5840250442811264
2020-04-07,1.0,0.04063012376769108,0.5717854579617239
2020-04-08,1.0,0.04295978563662952,0.586244450807567
2020-04-09,0.0,-0.00010049262205294267,0.589804044097792
2020-04-13,0.0,-0.012042322517510785,0.5910487586976083
2020-04-14,0.0,-0.02525253557580394,0.6055520517004154
2020-04-15,0.0,-0.0010498688628369258,0.5892900918571429
2020-04-16,1.0,0.007831802177923394,0.5818116168316745
2020-04-17,1.0,0.026853232069440597,0.590097864091885
2020-04-20,1.0,0.012380931538254609,0.6065246744024017
2020-04-21,1.0,0.012676682831870574,0.600427350790494
2020-04-22,0.0,-0.0019860979716292914,0.5882608981826926
2020-04-23,0.0,-0.026763521695687863,0.585072961696482
2020-04-24,0.0,-0.017039688438057015,0.5718900607335268
2020-04-27,0.0,-0.00672354123544446,0.579456592385195
2020-04-28,0.0,-0.0006446886670175632,0.5749979034979582
2020-04-29,0.0,-0.01454806704773952,0.5778616291644824
2020-04-30,1.0,0.01811601126301425,0.5700066506186124
2020-05-01,1.0,0.0014034305435638762,0.5702857246575067
2020-05-04,0.0,-0.002353357560803153,0.5651179924886706
2020-05-05,0.0,-0.0019365634995020605,0.5560452736470528
2020-05-06,1.0,0.01653416501936885,0.5557039246685589
2020-05-07,1.0,0.008358534849099217,0.5548927698586268
2020-05-08,1.0,0.023478530816496982,0.5514562084148662
2020-05-11,1.0,0.020060151359646627,0.5511839545605621
2020-05-12,1.0,0.02454360093853078,0.553956495742922
2020-05-13,1.0,0.019761433499959527,0.5494312213297992
2020-05-14,0.0,-0.001967251690402372,0.5543782054667056
2020-05-15,0.0,-0.0038557870116489932,0.5535226361716545
2020-05-18,0.0,-0.01272422245437946,0.5380262151414633
2020-05-19,0.0,-0.02067421697026521,0.5513716951288207
2020-05-20,0.0,-0.017255239561043995,0.5457877369423622
2020-05-21,1.0,0.0015775804026842786,0.5433972037342203
2020-05-22,1.0,0.0028213636104049626,0.555086434441747
2020-05-26,1.0,0.009138330815502653,0.5357170193352245
2020-05-27,0.0,-0.0075769062377976405,0.5429023553589444
2020-05-28,0.0,-0.0025061939389156465,0.5426576132118099
2020-05-29,0.0,-0.02798601608141976,0.5390946412524098
2020-06-01,0.0,-0.024857932142660185,0.5390909308320461
2020-06-02,0.0,-0.0063938836752561274,0.5261003309614048
2020-06-03,1.0,0.022675915503166257,0.5182189518359468
2020-06-04,1.0,0.0079630750057544,0.5300977483082467
2020-06-05,1.0,0.028172776610732003,0.5185416858582003
2020-06-08,1.0,0.016543796490393076,0.5267268331626086
2020-06-09,1.0,0.006509758530542009,0.5083296724269563
2020-06-10,0.0,-0.0049111755509125155,0.5001963069868443
2020-06-11,0.0,-0.002782771811425125,0.5001719886239459
2020-06-12,1.0,0.007761555330493753,0.4825637486119437
2020-06-15,1.0,0.01604635436445236,0.4807562734414838
2020-06-16,1.0,0.023984435804945237,0.49916862211722623
2020-06-17,1.0,0.019615219402351558,0.5021945415774344
2020-06-18,1.0,0.02341032952606421,0.5255008133834937
2020-06-19,1.0,0.0155559577893274,0.5319374334109027
2020-06-22,1.0,0.011177104246204219,0.5307807884974729
2020-06-23,1.0,0.007045259520243649,0.5412960552716276
2020-06-24,1.0,0.0050985834447407515,0.539645624769399
2020-06-25,1.0,0.006613369495638337,0.5345562267160227
2020-06-26,1.0,0.0021756040858866925,0.5411593453783314
2020-06-29,1.0,0.006635575154348666,0.5460792215155837
2020-06-30,1.0,0.007832207869829614,0.5594154249289828
2020-07-01,1.0,0.02168773171501336,0.556300261174101
2020-07-02,1.0,0.01570698287280633,0.5588582135249255
2020-07-03,1.0,0.013430159232024962,0.5690065434912107
2020-07-06,1.0,0.01014897463835158,0.5658673836778979
2020-07-07,1.0,0.007992494119927494,0.5705700385491553
2020-07-08,0.0,-0.0002765104400308044,0.5682030031146483
2020-07-09,0.0,-0.003555756843796205,0.5616086989148434
2020-07-10,1.0,0.005877151536438208,0.5599797687732269
2020-07-13,1.0,0.008232772969180775,0.5539342914516752
2020-07-14,1.0,0.017535656744927016,0.5508304696672232
2020-07-15,1.0,0.034251785321967744,0.5525163995140361
2020-07-16,1.0,0.04866558941315254,0.5477262498434071
2020-07-17,1.0,0.049450700069625424,0.5438069094482614
2020-07-20,1.0,0.06626349484882887,0.5458180412827052
2020-07-21,1.0,0.06197534983417752,0.5546481621887688
2020-07-22,1.0,0.051763520532238566,0.5619804943033357
2020-07-23,1.0,0.03638657750471374,0.551956196426547
2020-07-24,1.0,0.038348138364726045,0.5459558126576016
2020-07-27,1.0,0.017762819006038887,0.5465691831537227
2020-07-28,1.0,0.029629188857409703,0.5307553490588299
2020-07-29,1.0,0.03358515300056272,0.5420054331344889
2020-07-30,1.0,0.053205890137507525,0.5317636985116344
2020-07-31,1.0,0.02992891347820282,0.5307120624156609
2020-08-03,1.0,0.02512933530183526,0.5272060990732313
2020-08-04,0.0,-0.05402316331202456,0.5322406358997802
2020-08-05,0.0,-0.0618952427193719,0.5282431815739227
2020-08-06,0.0,-0.05468945608297406,0.5234455725740551
2020-08-07,0.0,-0.045899609010049025,0.5160881601774553
2020-08-10,0.0,-0.020888618122628096,0.5261824101886283
2020-08-11,1.0,0.04616086166458107,0.4699717945960309
2020-08-12,1.0,0.006712307638040406,0.4921554566470892
2020-08-13,0.0,-0.0033332509516268254,0.5127685775859591
2020-08-14,0.0,-0.002041070872111515,0.49928181292430557
2020-08-17,0.0,-0.02892827058982353,0.4898800322826204
2020-08-18,0.0,-0.03766923709311463,0.4456175557879945
2020-08-19,1.0,0.01236937896319722,0.47698657073814865
2020-08-20,0.0,-0.009081589764482397,0.5132605775295682
2020-08-21,1.0,0.012731762260531448,0.49810816998801916
2020-08-24,1.0,0.020022230547190354,0.5147387282675553
2020-08-25,1.0,0.021502894026643217,0.5165660887853214
2020-08-26,0.0,-0.005083842823577369,0.4660422342759866
2020-08-27,1.0,0.0005700220390126543,0.4755776047614011
2020-08-28,0.0,-0.016268031258018713,0.47961016436660264
2020-08-31,0.0,-0.020260798724364423,0.4829473983868901
2020-09-01,0.0,-0.01953357332385303,0.4849843373663944
2020-09-02,1.0,0.0020058123833502153,0.49487365848095255
2020-09-03,1.0,0.007894981538018415,0.4981004920584758
2020-09-04,1.0,0.0034089181299501847,0.507987686043625
2020-09-07,1.0,0.014602858712973147,0.5145917692641384
2020-09-08,1.0,0.011479291112506224,0.49733630370731646
2020-09-09,1.0,0.006401906579632884,0.48572082782175796
2020-09-10,0.0,-0.0008741484037806424,0.4779426209702871
2020-09-11,1.0,0.005604560008086785,0.4878634451141491
2020-09-14,0.0,-0.02285281956835258,0.47986539985904375
2020-09-15,0.0,-0.028027576762760065,0.48040908476853894
2020-09-16,0.0,-0.05046606229104359,0.48302419405098057
2020-09-17,0.0,-0.04009562636109487,0.4873072529774711
2020-09-18,0.0,-0.047406719171285756,0.5013538077325027
2020-09-21,0.0,-0.016983530578997947,0.49663150240027726
2020-09-22,0.0,-0.001105990896148898,0.5186372083477345
2020-09-23,1.0,0.01227402142493134,0.526289567253556
2020-09-24,1.0,0.020196281594063135,0.5341155144056569
2020-09-25,1.0,0.020592953742122385,0.5358964720782468
2020-09-28,1.0,0.0175063790694198,0.5303492881764762
2020-09-29,0.0,-0.010541747735486114,0.530600090867097
2020-09-30,1.0,0.0008482664065001256,0.5194490679449291
2020-10-01,0.0,-0.0064227649062446705,0.5268956906383324
2020-10-02,1.0,0.016039632287083824,0.5187214975244129
2020-10-05,1.0,0.0045893170510234215,0.5217098215670163
2020-10-06,1.0,0.006105511254825181,0.5331690090402837
2020-10-07,1.0,0.007549596346990203,0.5399349071525948
2020-10-08,1.0,0.007891039947160993,0.5523999206226524
2020-10-09,0.0,-0.016095461517071065,0.554194458077136
2020-10-12,0.0,-0.009462391223154171,0.567505830120818
2020-10-13,1.0,0.008957800440658671,0.5596628113149409
2020-10-14,1.0,0.01186848951011147,0.5694885922072551
2020-10-15,0.0,-0.002465833730208975,0.5768149542734871
2020-10-16,1.0,0.0013579778536385828,0.5920481272684917
2020-10-19,0.0,-0.0011036658589744508,0.5908617462470785
2020-10-20,1.0,0.0007865551911768557,0.5782595380423909
2020-10-21,0.0,-0.024784872563447576,0.5809742139112936
2020-10-22,0.0,-0.019305823686708815,0.5755806521861124
2020-10-23,0.0,-0.012317458858860068,0.5800423431259312
2020-10-26,0.0,-0.0032233626695599353,0.5786436614992911
2020-10-27,1.0,0.0007597490573857284,0.5793492572293454
2020-10-28,1.0,0.013844264645472388,0.5758042072266512
2020-10-29,1.0,0.04282801410569021,0.5738013301456774
2020-10-30,1.0,0.03816435247850731,0.5690373867049053
2020-11-02,0.0,-0.017536466564184273,0.5705663090035147
2020-11-03,0.0,-0.01696754558060636,0.5730262197573998
2020-11-04,0.0,-0.02018324373858015,0.5556684892327275
2020-11-05,0.0,-0.038094416554874076,0.5558298848498427
2020-11-06,0.0,-0.03216502467070599,0.5545307957367328
2020-11-09,1.0,0.013746811421868463,0.5446511587943365
2020-11-10,1.0,0.0014490372188944952,0.5794575204315978
2020-11-11,1.0,0.0037889779780617867,0.5600797415253191
2020-11-12,0.0,-0.005628337131473056,0.5790825583306491
2020-11-13,0.0,-0.0098952931977486,0.5773847027315272
2020-11-16,0.0,-0.027383676308988542,0.5445573262227579
2020-11-17,0.0,-0.03936350069619392,0.5557265663463341
2020-11-18,0.0,-0.03511020614160224,0.5503157294830731
2020-11-19,0.0,-0.03131116621334218,0.5572049678140633
2020-11-20,0.0,-0.04544017025605069,0.5620289144530369
2020-11-23,0.0,-0.03340247008799914,0.5378896470930179
2020-11-24,1.0,0.004146783079221173,0.5256843589972205
2020-11-25,1.0,0.012289118509365232,0.535512897770482
2020-11-26,1.0,0.01754315543673896,0.5389115080690404
2020-11-27,1.0,0.02784914689544861,0.5261900990232601
2020-11-30,1.0,0.046902959209203704,0.5191374960007853
2020-12-01,1.0,0.030016636564865428,0.5168022559109229
2020-12-02,1.0,0.005477136486177685,0.5189716937369782
2020-12-03,0.0,-0.0020781093426401444,0.5199352065380539
2020-12-04,1.0,0.0005537155925382319,0.5130739297659285
2020-12-07,0.0,-0.01934095767593249,0.4986081958862835
2020-12-08,0.0,-0.009239926066305307,0.5154610754539983
2020-12-09,1.0,0.01338874307835978,0.512086795722984
2020-12-10,1.0,0.026164533221114544,0.5267443687720189
2020-12-11,1.0,0.0225268693151992,0.5241393595825997
2020-12-14,1.0,0.02647086278365745,0.5268962295942392
2020-12-15,1.0,0.003716975755727907,0.5392657696336621
2020-12-16,1.0,0.004371761256349287,0.5227804912735925
2020-12-17,0.0,-0.0031934563995693146,0.5194691707974407
2020-12-18,0.0,-0.0010239730246698832,0.5212536973449977
2020-12-21,0.0,-0.0012269612912654063,0.5116042890938388
2020-12-22,1.0,0.009839592065623461,0.5221180384499148
2020-12-23,1.0,0.011255759926887635,0.5280831820268462
2020-12-24,1.0,0.009829286074804775,0.5320537777991771
2020-12-25,1.0,0.03340132990145186,0.5320456771044201
2020-12-28,1.0,0.03965893987129012,0.5151249034590987
2020-12-29,1.0,0.020964001750620482,0.508021342749017
2020-12-30,1.0,0.01038357845833437,0.5147274636188572
2020-12-31,0.0,-0.025870230449181554,0.5153599423201484
2021-01-04,0.0,-0.052904050604899076,0.5106541005894911
2021-01-05,0.0,-0.049965958649452656,0.5037503072626623
2021-01-06,0.0,-0.03879869145460228,0.48507642669013823
2021-01-07,0.0,-0.03610623405823271,0.504443348654528
2021-01-08,0.0,-0.011577958755028971,0.5061896855063662
2021-01-11,0.0,-0.0030926711010610592,0.5403287988037754
2021-01-12,0.0,-0.007736720696819863,0.5489585478306931
2021-01-13,1.0,0.014311273714560027,0.53978937666197
2021-01-14,1.0,0.012564291310968347,0.5396972165690974
2021-01-15,1.0,0.014897358134936369,0.5179663369555504
2021-01-18,1.0,0.012571773434292452,0.5228389533090131
2021-01-19,1.0,0.005744650526162895,0.5381230717217119
2021-01-20,0.0,-0.015010709043953423,0.5355860576034536
2021-01-21,0.0,-0.014570636370302604,0.531505465252897
2021-01-22,0.0,-0.004331230311923764,0.5148759147777371
2021-01-25,1.0,0.0002601490389156814,0.5287272210345294
2021-01-26,0.0,-0.006995500451322184,0.5365135600133593
2021-01-27,0.0,-0.00526414319398648,0.5406225351165452
2021-01-28,0.0,-0.02678778753640422,0.5413641850220438
2021-01-29,0.0,-0.018203333007836782,0.5349058612685401
2021-02-01,0.0,-0.016383150101471552,0.5359824670304754
2021-02-02,1.0,0.0004134974324141371,0.5265014093120275
2021-02-03,1.0,0.004899592292785011,0.5356945120906214
2021-02-04,1.0,0.01748996046913622,0.5172935189913936
2021-02-05,1.0,0.005460073509437091,0.5390041742441319
2021-02-08,0.0,-0.007137213001512888,0.5457574549723628
2021-02-09,0.0,-0.0242366035210228,0.5412130085423489
2021-02-10,0.0,-0.03709690358275934,0.5424567462992349
2021-02-11,0.0,-0.027482832275016727,0.526943710606074
2021-02-12,0.0,-0.022177314512121897,0.5301402770898749
2021-02-15,0.0,-0.004499891787343644,0.5413698184315449
2021-02-16,1.0,0.0061925413164285814,0.5325089199852787
2021-02-17,1.0,0.016205518024987563,0.5355411699679954
2021-02-18,0.0,-0.0031980895140677344,0.5318753555574796
2021-02-19,0.0,-0.02804851382027323,0.5376712771585198
2021-02-22,0.0,-0.048069564967705876,0.5341186387555129
2021-02-23,0.0,-0.03820986219760274,0.5290604158969857
2021-02-24,0.0,-0.05367429947069071,0.5199014239800481
2021-02-25,0.0,-0.04211513012989108,0.5244158744141011
2021-02-26,0.0,-0.020191294144965094,0.5111610892785388
2021-03-01,0.0,-0.024114312732308903,0.5261848802776714
2021-03-02,0.0,-0.012683386683298683,0.5364187302062453
2021-03-03,1.0,0.009323870708719909,0.5381781560583034
2021-03-04,1.0,0.014681631244845212,0.5278303660143191
2021-03-05,1.0,0.015510341087246892,0.5278701255021536
2021-03-08,1.0,0.02823193241744063,0.5206704414565835
2021-03-09,1.0,0.008520053698509809,0.5302366660454871
2021-03-10,1.0,0.010632343002470361,0.5314564362385904
2021-03-11,1.0,0.008153869088027236,0.523995562449829
2021-03-12,1.0,0.010652238815434601,0.515026702072234
2021-03-15,1.0,0.004224388401447129,0.5114827298594588
2021-03-16,0.0,-0.001619264976349728,0.5267730478393736
2021-03-17,0.0,-0.006196526101331335,0.5219539206680361
2021-03-18,0.0,-0.005411146740578147,0.5160087296034745
2021-03-19,0.0,-0.008031672534854066,0.5218587122720943
2021-03-22,0.0,-0.01555019554223625,0.5229074946787895
2021-03-23,0.0,-0.025000569576077283,0.5276961999734575
2021-03-24,0.0,-0.01556184834944523,0.5375322489381713
2021-03-25,1.0,0.0008103587438355955,0.5317165916036731
2021-03-26,1.0,0.002262157168882189,0.5314699987852891
2021-03-29,1.0,0.009128766479048955,0.5313071108036237
2021-03-30,1.0,0.03382835935292995,0.5260390928761962
2021-03-31,1.0,0.017290158492759045,0.5203195773466427
2021-04-01,1.0,0.015455672544008684,0.5126239239828871
2021-04-02,1.0,0.005392336191650079,0.5121365111635394
2021-04-05,1.0,0.002716686159735285,0.5065425042220303
2021-04-06,1.0,0.0010894184157078926,0.49184393960152645
2021-04-07,0.0,-0.0006909656519510424,0.5008425463223766
2021-04-08,1.0,0.004689173778748504,0.502450776247824
2021-04-09,1.0,0.017983183732869577,0.5035905388098016
2021-04-12,1.0,0.022149552613900808,0.5055557968364367
2021-04-13,1.0,0.01901575675198229,0.5063227394987808
2021-04-14,1.0,0.03219320235347893,0.5081787993376391
2021-04-15,1.0,0.011221184024672481,0.5077510484174449
2021-04-16,1.0,0.000703640665685676,0.5055295321173902
2021-04-19,1.0,0.005517721335289171,0.4976775430813261
2021-04-20,0.0,-0.0011533215528960821,0.5052815159897223
2021-04-21,0.0,-0.006771719080101242,0.4983040470866938
2021-04-22,0.0,-0.006689364477513036,0.5096552836792472
2021-04-23,0.0,-0.004704086105627593,0.509295432931949
2021-04-26,1.0,0.006436289184113803,0.5011435824614846
2021-04-27,1.0,0.0012095471299258663,0.5020114005131197
2021-04-28,1.0,0.0031397200046678463,0.50322824673701
2021-04-29,1.0,0.024181549566114898,0.48961351572313216
2021-04-30,1.0,0.03464906539857989,0.49437822179595425
2021-05-03,1.0,0.023776453343291787,0.49422106040222935
2021-05-04,1.0,0.03245967906233955,0.4931606108521728
2021-05-05,1.0,0.016114424361682887,0.48194680516453736
2021-05-06,1.0,0.006305599792160262,0.468293375496569
2021-05-07,1.0,0.006521135073183991,0.471339551545365
2021-05-10,1.0,0.016677272537571248,0.48378855222774353
2021-05-11,1.0,0.01733130672060404,0.4706115141200209
2021-05-12,1.0,0.029273930953461463,0.4704367542633037
2021-05-13,1.0,0.02732867939763246,0.4794167862994056
2021-05-14,1.0,0.019929217586873556,0.4841916251609866
2021-05-17,1.0,0.007579028593394121,0.49852388361930633
2021-05-18,1.0,0.015730971559711877,0.4986622533970675
2021-05-19,1.0,0.014419305287861124,0.47350670305239934
2021-05-20,1.0,0.010256500167189061,0.47487551936575617
2021-05-21,1.0,0.012405447857598556,0.47249650989724856
2021-05-24,1.0,0.012753967584140751,0.4783869932210672
2021-05-25,1.0,0.00032116335117813395,0.47887419274912785
2021-05-26,1.0,0.006145066634236387,0.46831841084783005
2021-05-27,0.0,-0.013746960992893733,0.47062484589650855
2021-05-28,0.0,-0.006503316728012235,0.46896260524978634
2021-05-31,0.0,-0.003123244400802175,0.46822999245655345
2021-06-01,0.0,-0.0036230108477954314,0.4683311574369169
2021-06-02,0.0,-0.010361695251082733,0.471595860345879
2021-06-03,1.0,0.01482216190603933,0.467948762645146
2021-06-04,0.0,-0.007493653285073753,0.46770712123898334
2021-06-07,0.0,-0.017483027795247803,0.47173962218000476
2021-06-08,0.0,-0.01827693707427093,0.4695455236136898
2021-06-09,0.0,-0.04185905804161722,0.4712305903681123
2021-06-10,0.0,-0.06825039299656563,0.45100880896229734
2021-06-11,0.0,-0.06265742633228155,0.4598389560276842
2021-06-14,0.0,-0.045578535886300175,0.4616981973600691
2021-06-15,0.0,-0.04387008424747621,0.46403716871120937
2021-06-16,0.0,-0.017989794082267106,0.46323740966645843
2021-06-17,1.0,0.0009019674775763369,0.47826026424988105
2021-06-18,1.0,0.009790853166904858,0.48512714060488643
2021-06-21,0.0,-0.002724070375973375,0.4857232751228361
2021-06-22,0.0,-0.0101881692574321,0.48688151002965224
2021-06-23,0.0,-0.00486336507567124,0.47865846246072075
2021-06-24,1.0,0.0009574498774279411,0.4698714615314409
2021-06-25,1.0,0.003786042372746277,0.4660746706502523
2021-06-28,1.0,0.0076534273167487964,0.47752050590828465
2021-06-29,1.0,0.0204127153659496,0.4835955707497487
2021-06-30,1.0,0.018670163881291266,0.48431598772769857
2021-07-01,1.0,0.014474782580812117,0.47892978765560196
2021-07-02,1.0,0.011620243729955083,0.4759780052586764
2021-07-05,1.0,0.008049406961705145,0.47372314269447957
2021-07-06,1.0,0.0057651758695074435,0.46259379620923263
2021-07-07,1.0,0.013066176856567264,0.48271262004200877
2021-07-08,1.0,0.014951748215484811,0.48200484487681605
2021-07-09,1.0,0.0018918157011807001,0.48917233767791485
2021-07-12,1.0,0.0033496054356563785,0.4886136279626734
2021-07-13,1.0,0.0012717371982999457,0.49486259850416897
2021-07-14,0.0,-0.013165985556641896,0.48962761350616607
2021-07-15,0.0,-0.012613032555810543,0.48935343352204946
2021-07-16,0.0,-0.005293254896289171,0.4935214805081956
2021-07-19,0.0,-0.00818370992741189,0.4904517056609807
2021-07-20,0.0,-0.006208101530476781,0.4915931004706757
2021-07-21,1.0,0.0019444750644350456,0.4994152002688505
2021-07-22,1.0,0.01297373166015942,0.49846401195049156
2021-07-23,1.0,0.006692132712688472,0.4896963621748799
2021-07-26,1.0,0.008796037591482482,0.49180549386104505
2021-07-27,1.0,0.006373861124192833,0.490864377849896
2021-07-28,1.0,0.0026447255658511616,0.48589338698385875
2021-07-29,0.0,-0.014569229151099945,0.48778533357060405
2021-07-30,0.0,-0.028815699968747017,0.4913499048569056
2021-08-02,0.0,-0.04749503065855415,0.49279119207838806
2021-08-03,0.0,-0.046015012941333644,0.49666072436594777
2021-08-04,0.0,-0.03428220582571697,0.4880083161132496
2021-08-05,0.0,-0.028826274703744013,0.4998690634086061
2021-08-06,1.0,0.009372603436441505,0.5054529270145457
2021-08-09,1.0,0.0329912755214595,0.48824485669904716
2021-08-10,1.0,0.03333831699639844,0.5105632419323624
2021-08-11,1.0,0.020696039282318886,0.5113661557712235
2021-08-12,1.0,0.01515515167964539,0.5151098306834135
2021-08-13,1.0,0.0008101401670891857,0.4984008353973722
2021-08-16,1.0,0.009910442452044978,0.48952854314395927
2021-08-17,1.0,0.00846896080309834,0.4959093739390669
2021-08-18,1.0,0.001672719856182274,0.5021393310469993
2021-08-19,1.0,0.007178735089183435,0.5027376166793636
2021-08-20,1.0,0.019938500706413887,0.5100176675992015
2021-08-23,1.0,0.002329694126317491,0.5091088677026238
2021-08-24,1.0,0.006745947617493816,0.5131217664583533
2021-08-25,1.0,0.013003016304714893,0.5088149880214545
2021-08-26,1.0,0.009376826985133164,0.49688964913046263
2021-08-27,1.0,0.0059103176377565455,0.5004479208745235
2021-08-30,1.0,0.007615151398731943,0.5132524706885836
2021-08-31,0.0,-0.011361554310189821,0.5140619326903637
2021-09-01,0.0,-0.013992221751677966,0.5161601224284775
2021-09-02,0.0,-0.008243520598969722,0.5073216453016083
2021-09-03,0.0,-0.02200371610606492,0.5081717301410998
2021-09-06,0.0,-0.016431210542097337,0.5017439866392169
2021-09-07,1.0,0.00551067869926815,0.4735387102141687
2021-09-08,1.0,0.0028643315628341937,0.46480256559821626
2021-09-09,0.0,-0.022948037142658792,0.4547516241359451
2021-09-10,0.0,-0.018759267381618164,0.4573033336829172
2021-09-13,0.0,-0.01671705226615098,0.4589056354441586
2021-09-14,0.0,-0.016704020218449665,0.4477402779074789
2021-09-15,0.0,-0.014760830118780408,0.4454202293515126
2021-09-16,0.0,-0.006345304238632992,0.4426334329167023
2021-09-17,0.0,-0.0024678433973352063,0.4519800416914014
2021-09-20,0.0,-0.007896827217923475,0.4567578389939641
2021-09-21,0.0,-0.023116912719963297,0.45560439888495813
2021-09-22,0.0,-0.024092859247641114,0.4492597919096873
2021-09-23,1.0,0.008149413605882819,0.4384787262450755
2021-09-24,1.0,0.00608098549503865,0.4528884573255727
2021-09-27,1.0,0.011202765061190861,0.4600206555758904
2021-09-28,1.0,0.015016008926201174,0.467852959777625
2021-09-29,1.0,0.021424189023520154,0.4697942319358319
2021-09-30,0.0,-0.00032228987804748814,0.4571242224068212
2021-10-01,0.0,-0.0022858582486605873,0.4713054499668412
2021-10-04,0.0,-0.008992294573353554,0.47042522658884645
2021-10-05,0.0,-0.0001795803507552633,0.46530773470692877
2021-10-06,1.0,0.01680373310230999,0.4648121829819969
2021-10-07,1.0,0.02231312759732211,0.4765902111718975
2021-10-08,1.0,0.005576380377452748,0.4755317333588352
2021-10-11,1.0,0.006212414753718618,0.4865498030384666
2021-10-12,1.0,0.005342904979937242,0.4830686027193296
2021-10-13,0.0,-0.0059133296820899316,0.4844525921550568
2021-10-14,0.0,-0.007393374975094919,0.48650762430422756
2021-10-15,1.0,0.014514971167481041,0.4847708437214485
2021-10-18,1.0,0.024006115960440486,0.4909295029740977
2021-10-19,1.0,0.013294497181684165,0.4911018298668933
2021-10-20,1.0,0.008065619144761336,0.5055568695962054
2021-10-21,1.0,0.008723580573876651,0.5047080247994368
2021-10-22,0.0,-0.005324144342396094,0.48580570353281916
2021-10-25,0.0,-0.007982979983481422,0.48932270850616855
2021-10-26,0.0,-0.002832301279151974,0.48943918479791315
2021-10-27,0.0,-0.014009607961125471,0.49694246775170153
2021-10-28,0.0,-0.003382970498715044,0.5003270223432748
2021-10-29,1.0,0.019255155636287376,0.49019541474054085
2021-11-01,1.0,0.016855749922272192,0.49569160060816597
2021-11-02,1.0,0.024409718722061904,0.4902187807165657
2021-11-03,1.0,0.04307158079117815,0.48205543994164984
2021-11-04,1.0,0.03824814011517752,0.49096963281957257
2021-11-05,1.0,0.025702069548737643,0.49059744066806027
2021-11-08,1.0,0.021139834569295267,0.497837579373385
2021-11-09,1.0,0.010173547130398888,0.5007380983219333
2021-11-10,1.0,0.009595458366447412,0.5030238067310838
2021-11-11,0.0,-0.0015266521983740124,0.5264172137335906
2021-11-12,0.0,-0.010547509246674655,0.5303165321685652
2021-11-15,0.0,-0.03173922427949418,0.5264036897697489
2021-11-16,0.0,-0.03390322882687233,0.5216574640169137
2021-11-17,0.0,-0.043172423907570895,0.5330306414927044
2021-11-18,0.0,-0.0385861168804048,0.533549218706991
2021-11-19,0.0,-0.029465048591925298,0.5302598333819495
2021-11-22,0.0,-0.011222859340062914,0.5264330881515648
2021-11-23,0.0,-0.008155053217022607,0.5267172397427975
2021-11-24,0.0,-0.0037190030589227072,0.5382234166895133
2021-11-25,0.0,-0.01135412252916406,0.5390434678660392
2021-11-26,0.0,-0.004907085939905687,0.5228677018378256
2021-11-29,0.0,-0.0032128528165684474,0.5153040574780531
2021-11-30,1.0,0.005233662690375175,0.4969788512100892
2021-12-01,1.0,0.0007799065068641056,0.5026341690551996
2021-12-02,1.0,0.003795857116082761,0.5027814744438186
2021-12-03,0.0,-0.00010657781452635692,0.507487703240442
2021-12-06,1.0,0.00451235011646022,0.5021761796801777
2021-12-07,0.0,-0.007372099896391455,0.4978737328880989
2021-12-08,0.0,-0.0035532159568416105,0.49949132618279346
2021-12-09,1.0,0.013360799834915203,0.4814936598933363
2021-12-10,1.0,0.008541703937888447,0.4852489306282346
2021-12-13,1.0,0.002311392543779275,0.48681156345166626
2021-12-14,1.0,0.01033374127530024,0.48633495843697894
2021-12-15,1.0,0.014884431228168371,0.4867405384734567
2021-12-16,1.0,0.005317958271246217,0.4881063127162728
2021-12-17,1.0,0.0022045482161671373,0.49611703120792966
2021-12-20,1.0,0.01143884980880833,0.4937103105734285
2021-12-21,1.0,0.00966458779397402,0.4836492607139341
2021-12-22,1.0,0.0005654766675352073,0.5056514400682128
2021-12-23,1.0,0.0034444343567333014,0.5209179017211162
2021-12-24,1.0,0.015058916295094206,0.5220116416489975
2021-12-27,0.0,-0.005631996035381123,0.5208542130598816
2021-12-28,1.0,0.004362105276169732,0.5202648807521169
2021-12-29,1.0,0.003171823257627373,0.5245246039954541
2021-12-30,0.0,-0.013342303218624197,0.5283928089230043
2021-12-31,0.0,-0.018383154587650132,0.528353496608779
2022-01-03,1.0,0.00016988853465371752,0.5293068292832838
2022-01-04,1.0,0.004040147252574093,0.5398094684184159
2022-01-05,1.0,0.008767932958021911,0.5400264893067055
2022-01-06,1.0,0.017548922878066194,0.5453899320551636
2022-01-07,1.0,0.012170064121305878,0.5463030704887268
2022-01-10,1.0,0.009500980895836621,0.5404974414639075
2022-01-11,0.0,-0.00446910534862306,0.5457843618804713
2022-01-12,1.0,0.007771059936771053,0.5446538751303871
2022-01-13,1.0,0.009092151097538956,0.5340177203206098
2022-01-14,1.0,0.009040865670233999,0.5355392031293741
2022-01-17,1.0,0.013149135270858574,0.5359859626976532
2022-01-18,1.0,0.018961994157835248,0.5363904226098378
2022-01-19,0.0,-0.011287699002094548,0.538771925107634
2022-01-20,0.0,-0.0230900942275858,0.540379450841669
2022-01-21,0.0,-0.02386490059450239,0.5354497949399493
2022-01-24,0.0,-0.02520370594633143,0.5359062227429396
2022-01-25,0.0,-0.02583103212141907,0.5303945901051014
2022-01-26,0.0,-0.007231120226249536,0.5341595622302129
2022-01-27,1.0,0.004199160009134935,0.5357202292561964
2022-01-28,1.0,0.009103350164635695,0.5373963769407781
2022-01-31,1.0,0.013060371979867633,0.539184819224385
2022-02-01,1.0,0.013624936575341291,0.5383864067412559
2022-02-02,1.0,0.014715844953000849,0.5308139739555595
2022-02-03,1.0,0.01217743991833827,0.5232160301237663
2022-02-04,1.0,0.027770621314197597,0.5228497614500939
2022-02-07,1.0,0.02746014227893791,0.5352849042222025
2022-02-08,1.0,0.015231783766560775,0.5385026432628264
2022-02-09,1.0,0.01966646061897174,0.534926609821976
2022-02-10,1.0,0.03842072979273379,0.5176878856535436
2022-02-11,1.0,0.020941032652160997,0.5273148846087021
2022-02-14,1.0,0.017126319404375256,0.5441513123608966
2022-02-15,1.0,0.023865674639544816,0.5381798454891111
2022-02-16,1.0,0.020654478341488147,0.5444481858931564
2022-02-17,1.0,0.0029036758187163773,0.5671070672995132
2022-02-18,0.0,-0.0045938143095885,0.5726281355505165
2022-02-21,1.0,0.002785919016584231,0.5748518353769848
2022-02-22,1.0,0.024322654351339658,0.5591701038038128
2022-02-23,1.0,0.010451008353779353,0.5670213433663169
2022-02-24,1.0,0.016611963231164248,0.5451669136353077
2022-02-25,1.0,0.04243101553870847,0.5568914188637547
2022-02-28,1.0,0.0455748369938006,0.5495329649198543
2022-03-01,1.0,0.05259292812889176,0.5687113838083374
2022-03-02,1.0,0.03193630612279081,0.5658522524948317
2022-03-03,1.0,0.03102194916704709,0.562363423252101
2022-03-04,1.0,0.008729135692091241,0.560196573134213
2022-03-07,0.0,-0.023998294523533022,0.5660741576956694
2022-03-08,0.0,-0.06674304527456763,0.5654900665517463
2022-03-09,0.0,-0.03284406022009122,0.5562437371330029
2022-03-10,0.0,-0.027458519247186015,0.5571549827500316
2022-03-11,0.0,-0.03429584591535967,0.5577328337362952
2022-03-14,0.0,-0.0076175158608299395,0.5723268230601768
2022-03-15,1.0,0.001771295071088649,0.5892355610855823
2022-03-16,1.0,0.008443927326119375,0.5727136797730432
2022-03-17,1.0,0.007538690540248048,0.5755262807580148
2022-03-18,1.0,0.018816256960416215,0.57000800341022
2022-03-21,0.0,-0.0067444702119000164,0.5609780175885724
2022-03-22,0.0,-0.0010936646664677435,0.55047447123724
2022-03-23,0.0,-0.005505789296469121,0.5508268353095728
2022-03-24,0.0,-0.010477215660284497,0.5551919279476057
2022-03-25,0.0,-0.016954570338353687,0.5485262220487309
2022-03-28,1.0,0.005089782415151997,0.5424361990723023
2022-03-29,1.0,0.0021861345371196206,0.5366437750548883
2022-03-30,0.0,-0.0040129463421620755,0.5489879004514824
2022-03-31,0.0,-0.0036931140132607904,0.5484193567081623
2022-04-01,1.0,0.011444163839680036,0.5490090434656917
2022-04-04,1.0,0.0109321081331335,0.5391466382556281
2022-04-05,1.0,0.02215182822809902,0.5332587178279649
2022-04-06,1.0,0.026914027231006152,0.5396422191725349
2022-04-07,1.0,0.02236230058813361,0.5462491676530702
2022-04-08,1.0,0.014009754475230413,0.5517213581372074
2022-04-11,1.0,0.012786844346789068,0.5491047129108994
2022-04-12,0.0,-0.008453125350134021,0.5446998974269375
2022-04-13,0.0,-0.01021687795455451,0.5459032469487066
2022-04-14,0.0,-0.011841395178004989,0.546218738404068
2022-04-15,0.0,-0.0222886971804271,0.5537085692270097
2022-04-18,0.0,-0.04194542774210073,0.5501544705642122
2022-04-19,0.0,-0.02320666291789713,0.5487857155731194
2022-04-20,0.0,-0.03724141336127405,0.5499526914852514
2022-04-21,0.0,-0.0289019522204964,0.5429087553545545
2022-04-22,0.0,-0.01842040021483923,0.5394407300334081
2022-04-25,0.0,-0.015653662105532394,0.5393302582668664
2022-04-26,0.0,-0.012677788522414272,0.5405493703844407
2022-04-27,0.0,-0.004916219572128573,0.5396188078239303
2022-04-28,0.0,-0.006153657055969972,0.5383817672741561
2022-04-29,0.0,-0.02258762351253789,0.5381897150349867
2022-05-03,0.0,-0.01615719450421149,0.5454441524137019
2022-05-04,0.0,-0.015590575892850197,0.5372728363510659
2022-05-05,0.0,-0.029748002126457052,0.526098058177352
2022-05-06,0.0,-0.039159578213048524,0.5493786386604801
2022-05-09,0.0,-0.016100429380477996,0.5509843290878458
2022-05-10,0.0,-0.013139319673950765,0.5307056916970175
2022-05-11,0.0,-0.019436042228878233,0.5403123978197317
2022-05-12,1.0,0.011027634699156902,0.5268021800913584
2022-05-13,1.0,0.019177836740408006,0.5304342312736706
2022-05-16,1.0,0.01607237092824517,0.5265363668167046
2022-05-17,1.0,0.028691383400578675,0.5275047998293008
2022-05-18,1.0,0.02002981839271664,0.5357269942076293
2022-05-19,1.0,0.004497666924595088,0.52872618777958
2022-05-20,1.0,0.0038393201715410832,0.5342672695460678
2022-05-23,1.0,0.0012144261496206505,0.5393955644067697
2022-05-24,0.0,-0.016146366923642033,0.5411652285631652
2022-05-25,0.0,-0.0038929489554087745,0.5402171215476028
2022-05-26,1.0,0.009789761366377865,0.5484380739190663
2022-05-27,0.0,-0.0013501925805286443,0.5516919770222323
2022-05-30,0.0,-0.007231690714275806,0.5566073243255049
2022-05-31,1.0,0.008229963665438702,0.5568273564420309
2022-06-01,1.0,0.003941515041720343,0.5597631203030269
2022-06-02,0.0,-0.010889825674767388,0.5583313183076285
2022-06-03,1.0,0.01137726655074855,0.5608635077194664
2022-06-06,0.0,-0.012564145982486284,0.5634429795726574
2022-06-07,0.0,-0.024198695453146755,0.5575142067578727
2022-06-08,0.0,-0.01060541616507204,0.5565943956449081
2022-06-09,1.0,0.004822855842569116,0.5602401248718878
2022-06-10,0.0,-0.01684959375795215,0.5463977756567969
2022-06-13,1.0,0.010466547126216428,0.5434806104109228
2022-06-14,1.0,0.013689474486014824,0.5541222360648426
2022-06-15,1.0,0.0021507798055069,0.5543171446994867
2022-06-16,0.0,-0.01875411691363216,0.5524101843867971
2022-06-17,0.0,-0.007824077087914352,0.5661481385791799
2022-06-20,0.0,-0.008534523211355123,0.5534759608548864
2022-06-21,0.0,-0.007238372798110964,0.5425889225988058
2022-06-22,0.0,-0.011046933835462796,0.5495698188783124
2022-06-23,0.0,-0.008541643975132587,0.5581638241589766
2022-06-24,0.0,-0.008414743357327082,0.5565555181825075
2022-06-27,0.0,-0.008495102437136522,0.5488259292380945
2022-06-28,0.0,-0.030864408227547876,0.5550159951678926
2022-06-29,0.0,-0.04449928413375208,0.5524047546024035
2022-06-30,0.0,-0.03774594748292104,0.5497669102794519
2022-07-01,0.0,-0.03857163560349406,0.5493300605515418
2022-07-04,0.0,-0.041364407941127675,0.5506981159973898
2022-07-05,0.0,-0.022302177547078868,0.5242825181781559
2022-07-06,0.0,-0.0016869769983169265,0.5157310166907507
2022-07-07,0.0,-0.01758507005533274,0.5232881239782391
2022-07-08,0.0,-0.01988072045552611,0.5257138682550926
2022-07-11,0.0,-0.01458098968762397,0.5218093873638365
2022-07-12,0.0,-0.008200273509391783,0.5003473111868368
2022-07-13,0.0,-0.02341991917508829,0.48614409201269937
2022-07-14,1.0,0.005053777773168049,0.48526653374248074
2022-07-15,1.0,0.010959760484517914,0.4968408280750506
2022-07-18,1.0,0.006189477846629378,0.4964808115981248
2022-07-19,1.0,0.003487366946449055,0.49153870710150255
2022-07-20,1.0,0.02239944326805982,0.49510939771113854
2022-07-21,1.0,0.02130435250960058,0.4841322425335023
2022-07-22,1.0,0.022177025125832524,0.4880958450848342
2022-07-25,1.0,0.030199274082381725,0.48885174936820436
2022-07-26,1.0,0.02463156331755261,0.4907448046527436
2022-07-27,1.0,0.01787119588592676,0.4842612104727734
2022-07-28,1.0,0.020078504310393673,0.49675125774990925
2022-07-29,1.0,0.005299930062537359,0.4994484773904952
2022-08-01,1.0,0.00922250476448031,0.49466993427537376
2022-08-02,1.0,0.019078211672847453,0.48739390379322706
2022-08-03,1.0,0.015149334055402024,0.49422538445915587
2022-08-04,0.0,-0.0007149799775048311,0.49004383248100714
2022-08-05,1.0,0.015238973812609937,0.49684324065342905
2022-08-08,0.0,-0.005135462886110691,0.5009078530857966
2022-08-09,0.0,-0.010309947321902331,0.4956136989187031
2022-08-10,0.0,-0.01701524431282616,0.49682676556493516
2022-08-11,0.0,-0.01768942934616792,0.5030145361695004
2022-08-12,0.0,-0.031003376382887367,0.49532471041318715
2022-08-15,0.0,-0.024799671585740507,0.5061757237735468
2022-08-16,0.0,-0.015668150272975585,0.5121423934636168
2022-08-17,0.0,-0.006189748911765096,0.5066245605239545
2022-08-18,1.0,3.355570147225392e-05,0.5080044166657084
2022-08-19,0.0,-0.0055230777961145,0.5154338384530855
2022-08-22,1.0,0.0034401270116896665,0.5070504463175836
2022-08-23,0.0,-0.013998796368484188,0.4997356804974634
2022-08-24,0.0,-0.023452164465765646,0.49834773497024476
2022-08-25,0.0,-0.03521441706008014,0.4989379716225731
2022-08-26,0.0,-0.01454576160398307,0.4941751822794229
2022-08-29,0.0,-0.01860143063700853,0.4914456026358295
2022-08-30,0.0,-0.012581719836574771,0.5065701539040264
2022-08-31,1.0,0.004742205540936902,0.5133795998141999
2022-09-01,1.0,0.006435950668593654,0.5220997441969759
2022-09-02,1.0,0.002216843074540922,0.509966168405686
2022-09-05,1.0,0.008340467932620894,0.5117482560234707
2022-09-06,0.0,-1.821349684790118e-05,0.5032010777439612
2022-09-07,0.0,-0.012443762779831618,0.49775464507731715
2022-09-08,0.0,-0.025755855428619388,0.4913142521443852
2022-09-09,0.0,-0.024797218743202617,0.49778739106527636
2022-09-12,0.0,-0.02865323246209629,0.4975346726133704
2022-09-13,0.0,-0.022116204074410815,0.49748527913594
2022-09-14,0.0,-0.013813292213226722,0.5123660151745402
2022-09-15,1.0,0.0036629967787037863,0.49403069795574717
2022-09-16,0.0,-0.01834017824191911,0.50581957264797
2022-09-19,0.0,-0.03245364122606524,0.5128701842257171
2022-09-20,0.0,-0.02191683875433428,0.5081427418608087
2022-09-21,0.0,-0.008592602790814625,0.5016172613192
2022-09-22,0.0,-0.006435639028871911,0.492527324188524
2022-09-23,1.0,0.010369523553633462,0.49324969406999447
2022-09-26,1.0,0.046676946075797233,0.4957455152642911
2022-09-27,1.0,0.05805341035806221,0.4946083262610932
2022-09-28,1.0,0.03342335290867982,0.48690827390377145
2022-09-29,1.0,0.030855426190571772,0.4923010887280639
2022-09-30,1.0,0.020242568511454288,0.4865408869169243
2022-10-03,0.0,-0.01838618946811665,0.46613146262461685
2022-10-04,0.0,-0.03541001721078924,0.4714719058670628
2022-10-05,0.0,-0.02521918202316715,0.4873699846704341
2022-10-06,0.0,-0.027272291927411235,0.4863200530291935
2022-10-07,0.0,-0.030599923713509825,0.48869617516540304
2022-10-10,0.0,-0.010804727056361218,0.5065293806886045
2022-10-11,0.0,-0.008432815395420422,0.5215642919482737
2022-10-12,0.0,-0.026546613715507414,0.5197542615650603
2022-10-13,0.0,-0.02333890563125265,0.5052787003111144
2022-10-14,1.0,0.008259692602489188,0.5106286951934831
2022-10-17,0.0,-0.0005696831746032346,0.5043871622559126
2022-10-18,1.0,0.0003570769357164536,0.5065350582179629
2022-10-19,1.0,0.021429152882928876,0.5109842728359901
2022-10-20,1.0,0.021410658626731503,0.5103069725980137
2022-10-21,0.0,-0.007844840401320581,0.4914633885610335
2022-10-24,0.0,-0.009875405042415785,0.49626581149220805
2022-10-25,0.0,-0.0031515177599355515,0.49698860004497153
2022-10-26,0.0,-0.01780214241245978,0.4848150022700217
2022-10-27,0.0,-0.02048350746231716,0.4868829348979644
2022-10-28,1.0,0.022288227998976267,0.49749331895535215
2022-10-31,1.0,0.02546044854287467,0.5005543278808968
2022-11-01,1.0,0.03857496534498049,0.49649432157973467
2022-11-02,1.0,0.042586624662559774,0.49817907650744947
2022-11-03,1.0,0.07455895673431844,0.5044187937405195
2022-11-04,1.0,0.05205316405661983,0.4755319796326625
2022-11-07,1.0,0.055444667412014745,0.4746708966110874
2022-11-08,1.0,0.03821632141183604,0.4597022113692307
2022-11-09,1.0,0.03871228662095293,0.46072132132935584
2022-11-10,1.0,0.0024861836253053512,0.4411856603546827
2022-11-11,0.0,-0.011812963144745316,0.4741900135390627
2022-11-14,0.0,-0.01906943482619385,0.4694131901860501
2022-11-15,0.0,-0.022276889713460347,0.48458511579844143
2022-11-16,0.0,-0.01386673746965507,0.47879871099917526
2022-11-17,0.0,-0.0032554779924063807,0.4947475454965163
2022-11-18,1.0,0.002203924926903635,0.49888677265235876
2022-11-21,1.0,0.0019272969080325946,0.4999224420596326
2022-11-22,1.0,0.00572022950379224,0.5022931470164184
2022-11-23,1.0,0.010823179524512406,0.48992208260494124
2022-11-24,1.0,0.027173078915345355,0.4874756729797655
2022-11-25,1.0,0.024209490494187483,0.4781176154849529
2022-11-28,1.0,0.01567296208741576,0.4696195930991546
2022-11-29,1.0,0.011885558122651673,0.4684622281916976
2022-11-30,1.0,0.009758480977962374,0.46277658006745565
2022-12-01,0.0,-0.0077413992470234125,0.47114618672541214
2022-12-02,0.0,-7.678700901137085e-05,0.4663395905976316
2022-12-05,1.0,0.007184040138066849,0.46299108570673686
2022-12-06,1.0,0.022472353824998837,0.4643560214126367
2022-12-07,1.0,0.012040793094623161,0.4630149673282069
2022-12-08,0.0,-0.006900641706240612,0.4683876704219518
2022-12-09,0.0,-0.002519433329469982,0.46445248810476075
2022-12-12,1.0,0.003446878106177873,0.45422527171401733
2022-12-13,1.0,0.003217081132674941,0.4513938284260668
2022-12-14,1.0,0.003739065393466936,0.46072933188841936
2022-12-15,1.0,0.009000638009910559,0.4668939871830366
2022-12-16,1.0,0.0028410091203663135,0.46492947120331435
2022-12-19,1.0,0.005529361195186873,0.45582429107093597
2022-12-20,0.0,-0.0018595174746424456,0.4611455507335327
2022-12-21,0.0,-0.005527930052512942,0.460464607099292
2022-12-22,1.0,0.012276760437374303,0.4489962545580151
2022-12-23,1.0,0.013866899475277628,0.45905750872729606
2022-12-26,1.0,0.022986483212801535,0.4552194736239195
2022-12-27,1.0,0.02225101344382765,0.4489044373814578
2022-12-28,1.0,0.01566818468569159,0.4495440901664279
2022-12-29,1.0,0.027712197342691584,0.4375243292165882
2022-12-30,1.0,0.026318519532527597,0.43860013411153914
2023-01-03,1.0,0.020239683251628175,0.43194644209121613
2023-01-04,1.0,0.0113692435020687,0.44344983997902576
2023-01-05,1.0,0.03444092768201634,0.4411029809114149
2023-01-06,1.0,0.028489450194878682,0.4510356804757112
2023-01-09,1.0,0.02438759027836184,0.45097555120479954
2023-01-10,1.0,0.016698760461796254,0.4565226256296944
2023-01-11,1.0,0.015030714305866768,0.4576664696681422
2023-01-12,1.0,0.01833667675491886,0.4513589668485267
2023-01-13,1.0,0.003069165744906846,0.46651849938659745
2023-01-16,1.0,0.006756431294340083,0.465786681163313
2023-01-17,1.0,0.014979995089250282,0.46872512160376933
2023-01-18,1.0,0.021863564028090535,0.46176731687181516
2023-01-19,0.0,-0.001403821629237385,0.4719422931938938
2023-01-20,1.0,0.001032034694870134,0.4844225204777912
2023-01-23,0.0,-0.0038923680977131117,0.47627528313963197
2023-01-24,0.0,-0.004657188236504981,0.4707597685877499
2023-01-25,1.0,0.0022536233052275955,0.469310359253169
2023-01-26,0.0,-0.008741683047029599,0.4761095468735232
2023-01-27,0.0,-0.03290536329307158,0.4778098040297749
2023-01-30,0.0,-0.02949312918616919,0.48747297223422675
2023-01-31,0.0,-0.029091276693875377,0.4825726138261927
2023-02-01,0.0,-0.0391692317872171,0.48505481685469337
2023-02-02,0.0,-0.026859629692059385,0.48646038689232707
2023-02-03,1.0,0.00012868494725584712,0.5060514837109155
2023-02-06,0.0,-0.007337223874139955,0.5117308561675682
2023-02-07,0.0,-0.009846903761419838,0.5141586241927333
2023-02-08,0.0,-0.02137591293716597,0.5203885287950495
2023-02-09,0.0,-0.013727073785163005,0.5060950944376037
2023-02-10,0.0,-0.012630770017834192,0.4894705813946763
2023-02-13,0.0,-0.0068535318039760875,0.4945545821342819
2023-02-14,0.0,-0.010598631680974685,0.4910404776509338
2023-02-15,0.0,-0.005681833467430834,0.500364860276231
2023-02-16,0.0,-0.007840090020066696,0.4990733959454318
2023-02-17,0.0,-0.01745032779078077,0.49604365327774563
2023-02-20,0.0,-0.013232914007817084,0.49834680962725514
2023-02-21,0.0,-0.004440798119224907,0.500302554467918
2023-02-22,1.0,0.006063107471886379,0.5046704416391965
2023-02-23,1.0,0.007382528813273519,0.5045724261232948
2023-02-24,1.0,0.02508240425752434,0.5118358462634661
2023-02-27,1.0,0.01624862400835271,0.517675081667633
2023-02-28,0.0,-0.007324107958894964,0.5116825768615372
2023-03-01,0.0,-0.012416801994973503,0.5146110078175591
2023-03-02,0.0,-0.0033399945912530684,0.516991806786024
2023-03-03,1.0,0.006086491831606272,0.5088254788793275
2023-03-06,1.0,0.035491259694919994,0.515770126510213
2023-03-07,1.0,0.04869142125074227,0.5177158124249731
2023-03-08,1.0,0.055801104854857564,0.5274529248548333
2023-03-09,1.0,0.04780360144763369,0.5256176357425162
2023-03-10,1.0,0.0630974698253432,0.528463732828863
2023-03-13,1.0,0.033370180505129944,0.5108944812431452
2023-03-14,1.0,0.018711975752599076,0.5071536265819968
2023-03-15,1.0,0.02669349604517115,0.49150070367256976
2023-03-16,1.0,0.03786481609801185,0.500009362007178
2023-03-17,0.0,-0.005273385717433821,0.5014934412846234
2023-03-20,0.0,-0.01117903762078826,0.5171055873577276
2023-03-21,1.0,0.01694500962345486,0.5165239800792543
2023-03-22,0.0,-0.0028421748790457405,0.5154600017668628
2023-03-23,0.0,-0.006625341404361494,0.5135948605094733
2023-03-24,0.0,-0.004960928374937578,0.5414555065006783
2023-03-27,1.0,0.014212715768110966,0.5419986483929546
2023-03-28,1.0,0.023399295813802304,0.5243112961760596
2023-03-29,1.0,0.02840619544248854,0.538856289449557
2023-03-30,1.0,0.013874829444756239,0.5361851397237907
2023-03-31,1.0,0.019553281081555844,0.532491286409287
2023-04-03,1.0,0.0034716142637716105,0.5112945528434202
2023-04-04,0.0,-0.00813335960909293,0.5142915150527377
2023-04-05,0.0,-0.002973832485051172,0.5100844116814308
2023-04-06,1.0,0.01574664455260498,0.514196232566475
2023-04-07,0.0,-0.001979640770877076,0.5008554323840294
2023-04-10,1.0,0.0018566380123227284,0.5149297236032616
2023-04-11,1.0,0.0006736611240433906,0.5174144091638955
2023-04-12,0.0,-0.010027272163119352,0.512545306898076
2023-04-13,0.0,-0.017242232846735338,0.507708572230331
2023-04-14,0.0,-0.010310378292258796,0.5084411722994907
2023-04-17,0.0,-0.002811387965503957,0.5081886115274562
2023-04-18,0.0,-0.0038634883883968967,0.5129066670118299
2023-04-19,0.0,-0.002912233430005789,0.5113237140094485
2023-04-20,0.0,-0.008517512288306588,0.5213004990919924
2023-04-21,1.0,0.003393332393920282,0.5110775069627873
2023-04-24,0.0,-0.003606112131370261,0.5076142946284555
2023-04-25,1.0,0.009479594320349942,0.5061031624275146
2023-04-26,1.0,0.024698744779520037,0.4999193967144856
2023-04-27,1.0,0.03082227933408513,0.49675263461178243
2023-04-28,1.0,0.01314192213311851,0.47340612773634116
2023-05-01,1.0,0.019159952670978194,0.471818783476286
2023-05-02,1.0,0.009017033347892825,0.4855734889259038
2023-05-03,0.0,-0.004395373750163105,0.4854413415313033
2023-05-04,0.0,-0.017283469523187805,0.4790490789847177
2023-05-05,0.0,-0.0026524028722834537,0.48718432958119673
2023-05-08,0.0,-0.00219517298944014,0.493839819532184
2023-05-09,0.0,-0.022646604644704114,0.505074014746717
2023-05-10,0.0,-0.024001052355696235,0.5065924398255532
2023-05-11,0.0,-0.028927824228293594,0.5122544552088872
2023-05-12,0.0,-0.014649707382203298,0.49886973686386415
2023-05-15,0.0,-0.022281774933781417,0.5010623816458881
2023-05-16,0.0,-0.007069913307323465,0.506560710731605
2023-05-17,0.0,-0.01247299165620844,0.5065490007037444
2023-05-18,0.0,-0.00852863939857463,0.5063718485496678
2023-05-19,0.0,-0.017940692374536528,0.49799583215326193
2023-05-22,0.0,-0.013857152625621448,0.5134897140840574
2023-05-23,0.0,-0.008089799214856863,0.500309878458913
2023-05-24,1.0,0.0027659993853512035,0.49736488098999787
2023-05-25,1.0,0.018605187831034268,0.49223366726591145
2023-05-26,1.0,0.0009450194586353235,0.5018614079918919
2023-05-29,1.0,0.00872079942586092,0.5034669721431837
2023-05-30,1.0,0.0022285523893762387,0.49033941531978426
2023-05-31,0.0,-0.011641121483496194,0.48667429573064924
2023-06-01,0.0,-0.006037807801081802,0.49346307435938036
2023-06-02,1.0,0.00655454857026726,0.5082970758392049
2023-06-05,0.0,-0.0020517329533810778,0.5074966775540578
2023-06-06,0.0,-0.010049821309794866,0.524027955577842
2023-06-07,1.0,0.001380838511906126,0.5211122432989568
2023-06-08,0.0,-0.0038190463121469233,0.5491847140230661
2023-06-09,0.0,-0.001699747488910424,0.5720607785679171
2023-06-12,0.0,-0.004198223459741296,0.5762906299789683
2023-06-13,0.0,-0.003887203946144737,0.5688106441844786
2023-06-14,0.0,-0.005188005431461755,0.5645000458844397
2023-06-15,0.0,-0.022713453836748092,0.5735937966954513
2023-06-16,0.0,-0.01918201223408752,0.5766359485735317
2023-06-19,0.0,-0.013455190764437734,0.5718899896366583
2023-06-20,0.0,-0.011779237773196395,0.5610902669725384
2023-06-21,0.0,-0.013159798356593175,0.5579464207991942
2023-06-22,0.0,-0.0029098694344600767,0.5510358247184067
2023-06-23,0.0,-0.00046879639989519026,0.5544145228155553
2023-06-26,0.0,-0.0009676765594114612,0.5583455328947143
2023-06-27,1.0,0.006013472835562835,0.5595107345696528
2023-06-28,1.0,0.004040324953638593,0.5589922642065868
2023-06-29,1.0,0.0012256893417164744,0.5561441250386812
2023-06-30,1.0,0.002830269099824828,0.5582266433648901
2023-07-03,1.0,0.0016382575727895347,0.5622657265779651
2023-07-04,1.0,0.003718141481178404,0.5642933784998231
2023-07-05,1.0,0.022021484804862594,0.5594411109292661
2023-07-06,1.0,0.025811718341425267,0.5583986873584208
2023-07-07,1.0,0.015414662738561782,0.5619567845948303
2023-07-10,1.0,0.0156842910762256,0.5686036856923334
2023-07-11,1.0,0.023697682332453486,0.5694773777784473
2023-07-12,1.0,0.00954439099069772,0.564836908880229
2023-07-13,1.0,0.00451472631299514,0.5679069836237979
2023-07-14,1.0,0.0032229176634296403,0.5715185661958408
2023-07-17,0.0,-0.00019441516908836836,0.5684124865127489
2023-07-18,0.0,-0.006944137711555836,0.5649800427271984
2023-07-19,0.0,-0.0021784845355910082,0.5762283501122216
2023-07-20,0.0,-0.012016329652178609,0.5715243474939585
2023-07-21,0.0,-0.0009642538111956688,0.5708564927588954
2023-07-24,1.0,0.005225808137610781,0.5704436482935554
2023-07-25,0.0,-0.010597487954423272,0.5802846607610745
2023-07-26,0.0,-0.01923850181740398,0.581210038173359
2023-07-27,0.0,-0.006124803902780552,0.571684761934167
2023-07-28,0.0,-0.008421782254886889,0.5672847672089552
2023-07-31,0.0,-0.014628292013087383,0.5626052906424749
2023-08-01,0.0,-0.009874198147652813,0.5653891828218737
2023-08-02,0.0,-0.010619072038798805,0.5604706156799228
2023-08-03,0.0,-0.011222575180980536,0.551878638843529
2023-08-04,0.0,-0.01538001076854584,0.5548624326988723
2023-08-07,0.0,-0.015301641324720531,0.5432201225883692
2023-08-08,0.0,-0.01215798204916271,0.5321535245492955
2023-08-09,0.0,-0.01168423639694486,0.5358610592924142
2023-08-10,0.0,-0.012207208528506958,0.5305630006445399
2023-08-11,0.0,-0.012698950750003385,0.5394892853974604
2023-08-14,0.0,-0.006350430277394374,0.5424099603016131
2023-08-15,0.0,-0.002226463605431651,0.532106003108901
2023-08-16,1.0,0.012535104906052384,0.5183370838662181
2023-08-17,1.0,0.014495216296638618,0.5146142551894971
2023-08-18,1.0,0.01347228941680943,0.5226998845855356
2023-08-21,1.0,0.013223489176905882,0.5217612583856592
2023-08-22,1.0,0.020883439309810303,0.5216873574444296
2023-08-23,1.0,0.013865005090635662,0.516865957395778
2023-08-24,1.0,0.012037746657648589,0.5177633441463263
2023-08-25,1.0,0.013257116426060504,0.5115877350644232
2023-08-28,1.0,0.009553923888907223,0.5172354970770544
2023-08-29,0.0,-0.0060003648740047134,0.5165930775764442
2023-08-30,0.0,-0.013305988506795497,0.5168190330179989
2023-08-31,0.0,-0.01058825190203456,0.5193035118044802
2023-09-01,0.0,-0.011404582752870955,0.5190032498613065
2023-09-04,0.0,-0.008382643545732251,0.5263756971606346
2023-09-05,0.0,-0.006548689054220158,0.5356184907073474
2023-09-06,0.0,-0.004497680297859406,0.5371832689682783
2023-09-07,0.0,-0.004354802640128077,0.5366410481173571
2023-09-08,1.0,0.0028633623961656428,0.5366728071987561
2023-09-11,1.0,0.005758322657843613,0.5394800612494015
2023-09-12,1.0,0.009089907405401236,0.534061847147069
2023-09-13,1.0,0.011387893592181909,0.5309451750832738
2023-09-14,1.0,0.004250592552497279,0.5281490478255711
2023-09-15,1.0,0.0005768856133482473,0.528041089353384
2023-09-18,0.0,-0.009427707254317541,0.5317780765744143
2023-09-19,0.0,-0.01588171938596887,0.524341265198029
2023-09-20,0.0,-0.02895933953302179,0.5176373473357597
2023-09-21,0.0,-0.029115515587578057,0.517162995247452
2023-09-22,0.0,-0.04040686016162253,0.5234260720560029
2023-09-25,0.0,-0.04674532302749514,0.5253458143646736
2023-09-26,0.0,-0.04177100908402473,0.5277141358251111
2023-09-27,0.0,-0.02910333483825603,0.5221610028400441
2023-09-28,0.0,-0.024014205614033165,0.5165419509841642
2023-09-29,0.0,-0.008649877349403982,0.508582030473549
2023-10-02,1.0,0.018029741877657678,0.5063552414463739
2023-10-03,1.0,0.020259770161283736,0.5059390743972559
2023-10-04,1.0,0.02864445769188984,0.5111499983187316
2023-10-05,1.0,0.026361196864022062,0.513430002583289
2023-10-06,1.0,0.05305977105399112,0.5148002446929397
2023-10-09,1.0,0.031020943439749166,0.500428266829582
2023-10-10,1.0,0.03324068884018695,0.5037702882195557
2023-10-11,1.0,0.038543916134922626,0.5016830541862368
2023-10-12,1.0,0.05499845502060521,0.5029635780990294
2023-10-13,1.0,0.02473804981002532,0.4074862471342604
2023-10-16,1.0,0.027277875501830938,0.4278900751776583
2023-10-17,1.0,0.024526923922044436,0.4260475914130566
2023-10-18,1.0,0.016278908067865226,0.4318915056983001
2023-10-19,1.0,0.005290814470434869,0.4363639203170597
2023-10-20,1.0,0.012641886031603879,0.4607762841147126
2023-10-23,1.0,0.011662674465585483,0.46049947878422376
2023-10-24,1.0,0.0066616836773425074,0.44222997361923233
2023-10-25,1.0,0.0016103835334003581,0.4481029835830011
2023-10-26,1.0,0.0005088097237010499,0.4564851564879401
2023-10-27,0.0,-0.006963370541184092,0.4761530851528974
2023-10-30,0.0,-0.009146274777166237,0.46814325264716844
2023-10-31,0.0,-0.007296273943717332,0.45735251385899756
2023-11-01,0.0,-0.01676018306637124,0.45565532996598807
2023-11-02,0.0,-0.013839770367325227,0.45736878499973344
2023-11-03,0.0,-0.02744644105676495,0.45818917273677534
2023-11-06,0.0,-0.016099329287807003,0.457293528557899
2023-11-07,0.0,-0.003037388840065216,0.4489154009054672
2023-11-08,1.0,0.0048917368002681545,0.4506569668925963
2023-11-09,1.0,0.011555657064522674,0.4472207036735632
2023-11-10,1.0,0.021722488346691337,0.4492733495300812
2023-11-13,1.0,0.016222707920806816,0.4450165340761039
2023-11-14,1.0,0.017631139354794385,0.4429451159641106
2023-11-15,1.0,0.015422293146944703,0.43428130848588326
2023-11-16,1.0,0.005612689815818638,0.4437347186860111
2023-11-17,1.0,0.01059140951429529,0.4390283315628094
2023-11-20,1.0,0.018075349902489202,0.43791021364829896
2023-11-21,1.0,0.02104717408215094,0.4433015605136946
2023-11-22,1.0,0.027000216608603828,0.4432388275081803
2023-11-23,1.0,0.021820773592944386,0.45482509482658295
2023-11-24,1.0,0.03430730409575964,0.4572597269282056
2023-11-27,1.0,0.007525311873680873,0.4578846373087061
2023-11-28,0.0,-0.010531603926155937,0.4842466177845847
2023-11-29,0.0,-0.009387377244311499,0.4823894394587688
2023-11-30,0.0,-0.003793842196850252,0.48009073143553793
2023-12-01,0.0,-0.03307766776186329,0.49406412998666144
2023-12-04,0.0,-0.023655921079025196,0.4826836678247018
2023-12-05,0.0,-0.019960472975883183,0.5118948419236208
2023-12-06,1.0,0.0012264686770549894,0.5108701745509273
2023-12-07,1.0,0.003870947496944738,0.5065791827926082
2023-12-08,1.0,0.00756611627598369,0.5121218379654562
2023-12-11,1.0,0.022632263455349348,0.4992694078900359
2023-12-12,1.0,0.030250451867137734,0.49838145624925756
2023-12-13,1.0,0.0021433225257019425,0.5036137437877191
2023-12-14,1.0,0.0046985706586556274,0.5114194295399564
2023-12-15,1.0,0.01638605601801467,0.5003074660661787
2023-12-18,1.0,0.019856468035383115,0.4926975974223566
2023-12-19,1.0,0.01816156388590601,0.4902005771248783
2023-12-20,1.0,0.016300649442774564,0.49935356440296225
2023-12-21,1.0,0.00815593099080879,0.5028140596078061
2023-12-22,1.0,0.0027999845118268627,0.4906608545128509
2023-12-26,0.0,-0.012870021370320844,0.49561610047777027
2023-12-27,0.0,-0.016682831955796694,0.5000113127197773
2023-12-28,0.0,-0.009619388707541594,0.4988402479963602
2023-12-29,0.0,-0.016998116602526134,0.5040293271915335
2024-01-02,0.0,-0.014049427739798274,0.5045788009747306
2024-01-03,0.0,-0.008407793115207233,0.4979328837632635
2024-01-04,0.0,-0.007087279860318268,0.5063098131894365
2024-01-05,1.0,0.0016218741571337198,0.4952712757146722
2024-01-08,1.0,0.012917756277356994,0.5089971407828853
2024-01-09,0.0,-0.0008526284141139721,0.5323959065857576
2024-01-10,0.0,-0.00901235613287472,0.5210187843536614
2024-01-11,0.0,-0.0028927363669208174,0.5186630325828437
2024-01-12,0.0,-0.009465378843236958,0.5242114298134607
2024-01-15,0.0,-0.016242086199688765,0.521923976929772
2024-01-16,1.0,0.0004239408320975941,0.5128137072390703
2024-01-17,1.0,0.004113773441023087,0.5095870307631868
2024-01-18,0.0,-0.00115251265434446,0.5215785255058196
2024-01-19,0.0,-0.005663063742460543,0.5283149759758731
2024-01-22,1.0,0.005846008075160928,0.5295134950402429
2024-01-23,1.0,0.003679739289895337,0.5205928085548995
2024-01-24,1.0,0.012281941239609486,0.5131560022199917
2024-01-25,1.0,0.01670693207258639,0.5263829088112241
2024-01-26,1.0,0.010529552399990497,0.5275673698323059
2024-01-29,0.0,-0.00391822993378227,0.5301030027409359
2024-01-30,0.0,-0.0005550289199572102,0.5325481572037344
2024-01-31,0.0,-0.0021109948903340913,0.5245520528114452
2024-02-01,0.0,-0.010155823249680717,0.5298813950204885
2024-02-02,0.0,-0.007442023011793484,0.5223580360573469
2024-02-05,0.0,-0.0025315905918260485,0.5191345662127038
2024-02-06,0.0,-0.021106880047960297,0.528626103113019
2024-02-07,0.0,-0.02120812259079682,0.5311748564212511
2024-02-08,0.0,-0.01470101193160827,0.5317305458025988
2024-02-09,0.0,-0.005498860831933953,0.5321317807200341
2024-02-12,0.0,-0.0009584344819060582,0.525218024883521
2024-02-13,1.0,0.015554403139951076,0.5151451435953268
2024-02-14,1.0,0.01681970960821463,0.5231568503807328
2024-02-15,1.0,0.010132094694275324,0.5283035244870407
2024-02-16,1.0,0.010947995730748415,0.5276103529638062
2024-02-19,1.0,0.006389514024096709,0.5286915128093165
2024-02-20,1.0,0.002895371823681984,0.5232729065974272
2024-02-21,1.0,0.004034508105569079,0.5225445672100723
2024-02-22,1.0,0.009508058736612772,0.5218086272753473
2024-02-23,1.0,0.022917209200129778,0.5294196660182023
2024-02-26,1.0,0.04024976495538254,0.5339227332805698
2024-02-27,1.0,0.046988275239701005,0.5332189052375806
2024-02-28,1.0,0.05447945151478588,0.5241400768648125
2024-02-29,1.0,0.055138538055688815,0.5269439347480751
2024-03-01,1.0,0.04533131979987553,0.5419657760897665
2024-03-04,1.0,0.031712929250884876,0.5626436925261711
2024-03-05,1.0,0.014196385113864202,0.5544712123180152
2024-03-06,1.0,0.012102126765509652,0.5524631527405864
2024-03-07,1.0,0.0010010198464398491,0.5492786439280131
2024-03-08,0.0,-0.010769288710561332,0.5644725925671505
2024-03-11,0.0,-0.010220581166855,0.5676302743856297
2024-03-12,0.0,-0.0003323003627254958,0.554644856557074
2024-03-13,1.0,0.005379391745107873,0.5570462259446987
2024-03-14,1.0,0.008721371753672522,0.556432505122628
2024-03-15,1.0,0.004358132325387616,0.5607350651555537
2024-03-18,1.0,0.005082358405413682,0.5576418233599267
2024-03-19,1.0,0.009773033126171041,0.5475483446337313
2024-03-20,1.0,0.004056532130401517,0.5436438030834579
2024-03-21,1.0,0.024062363153910953,0.5298071386746392
2024-03-22,1.0,0.039100082773235484,0.5326454030749815
2024-03-25,1.0,0.04922135963839747,0.5299831897389283
2024-03-26,1.0,0.05415914349882042,0.5192585585024991
2024-03-27,1.0,0.042798224694463725,0.5255014242098744
2024-03-28,1.0,0.04192267788983958,0.5234946060856239
2024-04-01,1.0,0.0381182979629119,0.5174976712138778
2024-04-02,1.0,0.03105461591459863,0.5186261856662108
2024-04-03,1.0,0.014755659530868027,0.5144085850128214
2024-04-04,1.0,0.03487841329462779,0.5153747466671212
2024-04-05,1.0,0.00587008986264216,0.520452620971048
2024-04-08,1.0,0.01881459811996334,0.532606245879451
2024-04-09,1.0,0.012626938074108378,0.5265926396460232
2024-04-10,1.0,0.011374513660802076,0.518963717414837
2024-04-11,1.0,0.0029551371396095757,0.5120550214734283
2024-04-12,1.0,0.020479886566453713,0.5120269361410662
2024-04-15,0.0,-0.023973585097252576,0.5145525855164439
2024-04-16,0.0,-0.02597043889017506,0.5220853671089218
2024-04-17,0.0,-0.019194841315699207,0.5198445021046388
2024-04-18,0.0,-0.020082737947393087,0.5244426245143652
2024-04-19,0.0,-0.02288752637433281,0.5105308191884739
2024-04-22,1.0,0.003736333606916641,0.5194620186976754
2024-04-23,0.0,-0.01551821964491546,0.5240948215728152
2024-04-24,1.0,0.0015662926732100575,0.5206558704530858
2024-04-25,0.0,-0.012267577644722848,0.5220678380206512
2024-04-26,0.0,-0.015398249748046773,0.5263683429453165
2024-04-29,0.0,-0.005131489837807863,0.5064878193278576
2024-04-30,1.0,0.012222730934243009,0.5079856835778576
2024-05-01,0.0,-0.00478423285598584,0.5089316615578106
2024-05-02,1.0,0.018456638488064787,0.5155241358986322
2024-05-03,1.0,0.025006933534981374,0.5171320038556946
2024-05-06,1.0,0.005570267986846876,0.5138996859477598
2024-05-07,1.0,0.01889383265057837,0.5075340922468663
2024-05-08,1.0,0.03304385048319005,0.5113961431776322
2024-05-09,1.0,0.012811982118966881,0.5079705419431684
2024-05-10,1.0,0.02273739129970371,0.5060837675472335
2024-05-13,1.0,0.03755810186160357,0.5183818075459138
2024-05-14,1.0,0.026262853522884835,0.5192056029933468
2024-05-15,0.0,-0.003091278213221821,0.5182393103103087
2024-05-16,0.0,-0.020248961293782904,0.5308219875991655
2024-05-17,0.0,-0.03401581045766422,0.534724069399636
2024-05-20,0.0,-0.03149276428327049,0.5216641453390782
2024-05-21,0.0,-0.02495117838948974,0.5267174486151965
2024-05-22,0.0,-0.01742180773877741,0.535030174841844
2024-05-23,1.0,0.006014100360977173,0.5426820009501055
2024-05-24,0.0,-0.0029094237725421517,0.5655672877613641
2024-05-27,0.0,-0.0001510263948083963,0.5698969071428039
2024-05-28,0.0,-0.0146403931034634,0.5659858448111463
2024-05-29,1.0,0.007506960715623475,0.5633336219694147
2024-05-30,1.0,0.013776512062372659,0.5506571460298209
2024-05-31,0.0,-0.014483596907423835,0.5490803680357297
2024-06-03,0.0,-0.017060947394638426,0.5542209271067342
2024-06-04,0.0,-0.004479657389346402,0.5598281803263179
2024-06-05,0.0,-0.01297746813988248,0.550709899181519
2024-06-06,0.0,-0.030634452903343913,0.54890647342449
2024-06-07,1.0,0.01677150996033168,0.5385721861717894
2024-06-10,1.0,0.003555447938344117,0.5573484919312752
2024-06-11,1.0,0.0054977009009053255,0.5562854263507686
2024-06-12,1.0,0.001549553228576156,0.5636889468840359
2024-06-13,1.0,0.024056002827641157,0.5707569525163371
2024-06-14,0.0,-0.004662914707100398,0.5512434597286588
2024-06-17,1.0,0.006702730352384729,0.5599087655280824
2024-06-18,0.0,-0.004259481621062304,0.5627560738094926
2024-06-19,0.0,-0.013075387604919237,0.5709094285491406
2024-06-20,0.0,-0.01373015375524607,0.5740058055341797
2024-06-21,1.0,0.0020225499622145873,0.5763834075024229
2024-06-24,0.0,-0.0012794810096630725,0.5959929804950032
2024-06-25,1.0,0.004326026432040625,0.599761188184174
2024-06-26,1.0,0.02482596259663322,0.5972646181328838
2024-06-27,1.0,0.012339238580362536,0.607780401626507
2024-06-28,1.0,0.02759751944108083,0.5995402898119726
2024-07-01,1.0,0.011573418506619106,0.6041763082633643
2024-07-02,1.0,0.01467498297066006,0.6005242528278454
2024-07-03,1.0,0.006429325723651692,0.5929333042879198
2024-07-04,1.0,0.02437005110990358,0.6080591629441244
2024-07-05,1.0,0.008067767657956295,0.5896732690995862
2024-07-08,1.0,0.026510694177478106,0.594549380653448
2024-07-09,1.0,0.04335287663036921,0.595667140281298
2024-07-10,1.0,0.036300686916729975,0.5984140156303539
2024-07-11,1.0,0.01241140467713305,0.5909316365050508
2024-07-12,0.0,-0.00416528703314156,0.5989204808090101
2024-07-15,0.0,-0.010709540362616597,0.5722374516700929
2024-07-16,0.0,-0.024315936529351632,0.5880068229285392
2024-07-17,0.0,-0.025386171927983668,0.5821191614563822
2024-07-18,0.0,-0.03349387444942622,0.5900386802061411
2024-07-19,0.0,-0.005723277129638249,0.5893810594582273
2024-07-22,0.0,-0.0052260735820557095,0.5937482055984852
2024-07-23,1.0,0.0005684918728060606,0.5954991693491128
2024-07-24,1.0,0.02066309072517179,0.5913336624391103
2024-07-25,1.0,0.03400707506385394,0.5911422566975998
2024-07-26,1.0,0.022858871839142217,0.5813273734350675
2024-07-29,1.0,0.01095624749590328,0.5807553832519962
2024-07-30,0.0,-0.008469454748364849,0.5810212009047696
2024-07-31,0.0,-0.026640414842530092,0.5735665760836777
2024-08-01,0.0,-0.007797902488996185,0.5654819419907673
2024-08-02,0.0,-0.004666739438835012,0.562349220966521
2024-08-05,1.0,0.025389072187952527,0.5552974935351027
2024-08-06,1.0,0.030716888988451145,0.5748476141018468
2024-08-07,1.0,0.026844720795490384,0.5849615057199287
2024-08-08,1.0,0.012073182783696589,0.578810315361427
2024-08-09,1.0,0.03084119572636316,0.5813711456440086
2024-08-12,1.0,0.012746450891505764,0.5695092975978712
2024-08-13,1.0,0.01961128773769352,0.5702803596406929
2024-08-14,1.0,0.025931904635686252,0.5577219692431411
2024-08-15,1.0,0.011301453414529957,0.556335562351825
2024-08-16,1.0,0.0020586380175454102,0.5604293263702529
2024-08-19,1.0,0.0056537323441991135,0.5676017804364739
2024-08-20,1.0,0.004263628512983582,0.5617282567818389
2024-08-21,0.0,-0.0030082705208620717,0.5506024809149856
2024-08-22,1.0,0.014558636000651921,0.5512338052181132
2024-08-23,0.0,-0.0036012074835408523,0.5566052109750723
2024-08-26,0.0,-0.007364706177545957,0.5568949851615642
2024-08-27,0.0,-0.012691337657118095,0.5555490283422233
2024-08-28,0.0,-0.0036122929110788266,0.557990518451834
2024-08-29,0.0,-0.0017826979832912598,0.5503114091136551
2024-08-30,0.0,-0.0023559681062114107,0.5536973076376668
2024-09-02,1.0,0.002601280528931718,0.5548796866024405
2024-09-03,1.0,0.00947147690217826,0.5530881441571912
2024-09-04,1.0,0.00640157820858673,0.5469088404397329
2024-09-05,1.0,0.016582003798728834,0.5439482345799757
2024-09-06,1.0,0.031738498890497104,0.5388620930142112
2024-09-09,1.0,0.030019323370642684,0.5385431020974188
2024-09-10,1.0,0.020786026804847986,0.535744821258334
2024-09-11,1.0,0.018745593425448206,0.5322599025345649
2024-09-12,1.0,0.010874858992290525,0.5479979192442009
2024-09-13,1.0,0.016973666688400377,0.5426702677244607
2024-09-16,1.0,0.01772189533760623,0.5429908193115737
2024-09-17,1.0,0.03357214604897121,0.5399552080820726
2024-09-18,1.0,0.03757603222898708,0.5325025788789662
2024-09-19,1.0,0.03252363710187124,0.5422575080019931
2024-09-20,1.0,0.013724454066749396,0.5558378140108032
2024-09-23,1.0,0.0022038507315000934,0.5601868540123407
2024-09-24,1.0,0.0023481858224021317,0.5573719700525476
2024-09-25,1.0,0.0005982830584032071,0.5528183064442707
2024-09-26,0.0,-0.006099860889933974,0.5566809007333294
2024-09-27,0.0,-0.0017698319890719703,0.5587376172101448
2024-09-30,1.0,0.0031916922639166107,0.5562645842751176
2024-10-01,0.0,-0.015656748819813594,0.5570846400258098
2024-10-02,0.0,-0.019393893505482804,0.5578246487185958
2024-10-03,0.0,-0.00988407970362116,0.5570758659491659
2024-10-04,1.0,0.0013483689793825425,0.5492118802307511
2024-10-07,1.0,0.0025227128275699573,0.546701120550552
2024-10-08,1.0,0.015391979726020848,0.5516785273263417
2024-10-09,1.0,0.025033617859616532,0.5535454859652246
2024-10-10,1.0,0.023705281357584793,0.5464559729959666
2024-10-11,1.0,0.023685503731760434,0.5372338727350356
2024-10-14,1.0,0.026126845363128905,0.5390856721445203
2024-10-15,1.0,0.031857090769198564,0.5259557660848222
2024-10-16,1.0,0.015432947497976001,0.5191914299959084
2024-10-17,1.0,0.015916188288337886,0.5229459086110055
2024-10-18,1.0,0.00973001607950175,0.5314548697999525
2024-10-21,1.0,0.008285339766666518,0.5275071220492619
2024-10-22,1.0,0.009379114373125793,0.5325338407337142
2024-10-23,1.0,0.0261829908366574,0.5305656520766387
2024-10-24,1.0,0.0027795209490964062,0.5371007406246787
2024-10-25,0.0,-0.004132832674008582,0.5368424780759282
2024-10-28,0.0,-0.0021284060693792244,0.5335648326353408
2024-10-29,0.0,-0.011138330910533392,0.5358318928158771
2024-10-30,0.0,-0.04706947779534663,0.5299533725707514
2024-10-31,0.0,-0.013761150530069606,0.5359087395788293
2024-11-01,0.0,-0.019102638410344704,0.5454207656116847
2024-11-04,0.0,-0.043643493523946586,0.5451422505471613
2024-11-05,0.0,-0.05449591212310663,0.5435162941390776
2024-11-06,0.0,-0.03315100296499382,0.5409854759687381
2024-11-07,0.0,-0.05384459227964376,0.5362025266150227
2024-11-08,0.0,-0.04625401587892402,0.54502328089221
2024-11-11,0.0,-0.002970764833539347,0.5598448750348256
2024-11-12,1.0,0.012974630797191454,0.5730916714422979
2024-11-13,1.0,0.029854735495669454,0.5639941157277139
2024-11-14,1.0,0.040217399792709135,0.5716005132144534
2024-11-15,1.0,0.058021166975059636,0.5715113498800849
2024-11-18,1.0,0.004980673939193629,0.5489382544075915
2024-11-19,1.0,0.00025831498997360607,0.5484699095091987
2024-11-20,0.0,-0.005433305142726328,0.5353607480680775
2024-11-21,0.0,-0.0119199995911737,0.5344367815819165
2024-11-22,0.0,-0.024404249811985544,0.5248173968505692
2024-11-25,1.0,0.0052857700206585066,0.5490608653286103
2024-11-26,1.0,0.003957541257902205,0.5608584868093519
2024-11-27,1.0,0.005123840231501627,0.5652823769502298
2024-11-28,0.0,-0.0023057641959584227,0.5692039995579296
2024-11-29,0.0,-0.006687899265839081,0.5783724600130096
2024-12-02,1.0,0.007851817332667438,0.5596650459695098
2024-12-03,1.0,0.018820909597432336,0.5663531946369396
2024-12-04,1.0,0.025368810241162675,0.5721781433414955
2024-12-05,1.0,0.018433250561935687,0.5754804161970417
2024-12-06,1.0,0.005576099063918527,0.5772278108058845
2024-12-09,0.0,-0.002505246927153619,0.5639203999016389
2024-12-10,0.0,-0.017932239141126002,0.565550258612209
2024-12-11,0.0,-0.050113003337613295,0.5617132547552537
2024-12-12,0.0,-0.0330088877734532,0.561682496798807
2024-12-13,0.0,-0.009469084873951702,0.5658264497381525
2024-12-16,0.0,-0.015601527242430621,0.571553687209762
2024-12-17,0.0,-0.01103598086151607,0.5791405414475399
2024-12-18,1.0,0.012291754652360844,0.5900834438685977
2024-12-19,1.0,0.014970746223053418,0.5864486989865446
2024-12-20,0.0,-0.000414586193047863,0.5838383860023327
2024-12-23,0.0,-0.0022731899985638025,0.5809091010896678
2024-12-24,1.0,0.0029083927056330105,0.5825272749990705
2024-12-25,1.0,0.015418603000186139,0.5732960442060127
2024-12-26,1.0,0.002164628253270663,0.571737887802909
2024-12-27,1.0,0.005572030547016201,0.5781232468794257
2024-12-30,1.0,0.016171227694689944,0.5790872991640714
2024-12-31,1.0,0.013980605234466809,0.57854229893796
2025-01-02,1.0,0.004629498836671988,0.5734666889990263
2025-01-03,1.0,0.01927364840709553,0.5796908497058056
2025-01-06,1.0,0.009995421494990392,0.5805197223518873
2025-01-07,1.0,0.010775569704777135,0.579238340600659
2025-01-08,1.0,0.012923509064119066,0.5858257727662715
2025-01-09,1.0,0.016429045775872002,0.5980523338542678
2025-01-10,1.0,0.004586538699871376,0.5911088007071963
2025-01-13,1.0,0.017846725219634246,0.589686044637747
2025-01-14,1.0,0.024764818317045866,0.5938479078311719
2025-01-15,1.0,0.02202649311649182,0.5943263914744693
2025-01-16,1.0,0.014777449870610908,0.5843545361526991
2025-01-17,1.0,0.02481067010040143,0.5896189529750892
2025-01-20,1.0,0.010765633803997737,0.5824003769249657
2025-01-21,1.0,0.006903967862314802,0.5820964194127004
2025-01-22,1.0,0.001037289937541087,0.5856861029031792
2025-01-23,1.0,0.014175711142830304,0.574649549091817
2025-01-24,1.0,0.010104016723127093,0.5706677599934218
2025-01-27,1.0,0.026784654864902217,0.5720394737283184
2025-01-28,1.0,0.02797803288898078,0.5771053903548222
2025-01-29,1.0,0.03827057967220646,0.5777935318537374
2025-01-30,1.0,0.022072754900500573,0.566544779031033
2025-01-31,1.0,0.021917489592572795,0.5651322876175029
2025-02-03,1.0,0.03265764695874184,0.5523057771950115
2025-02-04,1.0,0.019458219654931965,0.5489574565330105
2025-02-05,1.0,0.013081166252579532,0.5430978402542254
2025-02-06,1.0,0.024726688882238897,0.5390938125531324
2025-02-07,1.0,0.00764516403481715,0.5335030374336595
2025-02-10,0.0,-0.0030829403610957372,0.5348736308373199
2025-02-11,1.0,0.013132908083178343,0.5357496617025967
2025-02-12,1.0,0.010010079875754443,0.5371848219239366
2025-02-13,1.0,0.003985481640462107,0.5369486690187089
2025-02-14,1.0,0.01817813041514095,0.5416183901691478
2025-02-17,1.0,0.01850061098409808,0.54878128838944
2025-02-18,0.0,-0.007182875473506175,0.5428306821037019
2025-02-19,0.0,-0.005869180487957621,0.5428735821286834
2025-02-20,0.0,-0.021498623539393476,0.5419031310497981
2025-02-21,0.0,-0.026920697751516193,0.5292224228880558
2025-02-24,0.0,-0.020977283355401246,0.5286381312776801
2025-02-25,1.0,0.0007219851646419246,0.5349777837448727
2025-02-26,1.0,0.0009289157377058105,0.5347768105661395
2025-02-27,1.0,0.011924166874957561,0.5416843746384078
2025-02-28,1.0,0.018159983917598467,0.5389146711295169
2025-03-03,0.0,-0.0010173152062858545,0.544924453625175
2025-03-04,0.0,-0.00027604203901157847,0.5343642241301461
2025-03-05,1.0,0.004849915345175298,0.5364298908947984
2025-03-06,1.0,0.026198048698612603,0.5292115135950082
2025-03-07,1.0,0.025264573118688616,0.5173777801318017
2025-03-10,1.0,0.03802007107231215,0.5218940272103592
2025-03-11,1.0,0.03984285408444066,0.5266006721887673
2025-03-12,1.0,0.03807851232127969,0.5270017074258048
2025-03-13,1.0,0.018589565899782483,0.5220916582838863
2025-03-14,1.0,0.012984265718198192,0.518865876500917
2025-03-17,1.0,0.0036627640394255707,0.5169294409684433
2025-03-18,0.0,-0.0047967109690516705,0.5215624558999167
2025-03-19,0.0,-0.009126581687734836,0.5222239721062627
2025-03-20,1.0,0.00366731041058915,0.5290282770081346
2025-03-21,1.0,0.02015420789975101,0.5265006410342076
2025-03-24,1.0,0.036346949029372896,0.5314513594562034
2025-03-25,1.0,0.03059683866718159,0.5310503541657436
2025-03-26,1.0,0.03780110010755344,0.532134409181877
2025-03-27,1.0,0.019120471191113236,0.5257380738623779
2025-03-28,0.0,-0.015362198597710897,0.5181290234214846
2025-03-31,0.0,-0.04584253369698138,0.514855541898364
2025-04-01,0.0,-0.043043925829110014,0.5153603504513553
2025-04-02,0.0,-0.017174512423918757,0.5150204998126068
2025-04-03,1.0,0.01924688061734006,0.5069004488015532
2025-04-04,1.0,0.06400521803474775,0.5198728984899109
2025-04-07,1.0,0.07336850388320491,0.5392080259654409
2025-04-08,1.0,0.07968710478650361,0.5425253029125755
2025-04-09,1.0,0.08113430953288506,0.5211700795591079
2025-04-10,1.0,0.046704392316975554,0.52690886557736
2025-04-11,1.0,0.055764809821436945,0.5190086428471042
2025-04-14,1.0,0.05139967303348501,0.5131030516512262
2025-04-15,1.0,0.01782398426621251,0.511398858174027
2025-04-16,1.0,0.0016351717957742307,0.5204013722804157
2025-04-17,0.0,-0.002428679460132104,0.5306388789249638
2025-04-21,0.0,-0.023706175508281635,0.5355406820944265
2025-04-22,0.0,-0.018750647360775353,0.5184878630807355
2025-04-23,1.0,9.58000789943276e-05,0.5437862255418884
2025-04-24,0.0,-0.03327655744708714,0.5577831437379476
2025-04-25,0.0,-0.0238296354979447,0.5535515785478896
2025-04-28,0.0,-0.0032083138053979796,0.5683950000320094
2025-04-29,1.0,0.03394371250195349,0.5698995098265108
2025-04-30,1.0,0.02279452152419792,0.5566534527831511
2025-05-01,1.0,0.020520624893096424,0.5717880140069816
2025-05-02,1.0,0.026147091788673055,0.5704824416169432
2025-05-05,0.0,-0.029619592903637387,0.5536801967848585
2025-05-06,0.0,-0.054387383190406334,0.5334762156843539
2025-05-07,0.0,-0.0573464040961367,0.5371372403187566
2025-05-08,0.0,-0.02013470330757181,0.5282153526177987
2025-05-09,0.0,-0.03820177032097866,0.5327848071200686
2025-05-12,0.0,-0.001972224000144054,0.5606025522023224
2025-05-13,1.0,0.01217675247652378,0.5737383829799523
2025-05-14,1.0,0.04245939679956264,0.5750019667846148
2025-05-15,1.0,0.01679379364014299,0.5612652001910413
2025-05-16,1.0,0.04749540321569702,0.5724261221797173
2025-05-19,1.0,0.0343962879152013,0.5638539407353084
2025-05-20,1.0,0.003388601739102276,0.5631342566302826
2025-05-21,0.0,-0.008490059632825448,0.5486893763262303
2025-05-22,1.0,0.00704902964701233,0.5537126148904405
2025-05-23,0.0,-0.020746447707474847,0.5395060266966126
2025-05-26,1.0,0.011483060931232953,0.550626228482101
2025-05-27,1.0,0.01576083149610613,0.5599031762088861
2025-05-28,1.0,0.02569893449190862,0.5658095278534673
2025-05-29,1.0,0.010232910334405827,0.5569201210759487
2025-05-30,1.0,0.00633219505812017,0.5730981469987732
2025-06-02,0.0,-0.016639636627751263,0.5639685686957497
2025-06-03,0.0,-0.009037444639481102,0.5643346628761245
2025-06-04,0.0,-0.00502015728245195,0.5632826461212869
2025-06-05,1.0,0.010121874381459405,0.5658701289282541
2025-06-06,1.0,0.0367484052022913,0.5705182653027496
2025-06-09,1.0,0.017470453167100455,0.5811421678241092
2025-06-10,1.0,0.01917265901460118,0.5747538094939179
2025-06-11,1.0,0.004005374602153365,0.5695810640979286
2025-06-12,0.0,-0.004623758685371668,0.5649184113216741
2025-06-13,0.0,-0.019324258618562892,0.5505941303044748
2025-06-16,0.0,-0.0047576957788295,0.5503229797224243
2025-06-17,0.0,-0.019201250457184297,0.5559231794615771
2025-06-18,0.0,-0.010857400034938064,0.5626518120407744
2025-06-19,0.0,-0.012748554479549586,0.5647374780280668
2025-06-20,0.0,-0.02840285944296252,0.5744042572239227
2025-06-23,0.0,-0.019613160871633093,0.5587357600605721
2025-06-24,1.0,0.004415952929532293,0.5604374562154204
2025-06-25,1.0,0.007425630526630399,0.5617018154785848
2025-06-26,0.0,-0.00048694053524683963,0.5586864793538009
2025-06-27,1.0,0.019244876522730155,0.5582593101194155
2025-06-30,1.0,0.0103111012383199,0.553094133427347
2025-07-01,0.0,-0.011054697036920134,0.5418757982558755
2025-07-02,0.0,-0.013166705705178559,0.5556402903314975
2025-07-03,0.0,-0.0008256353461939042,0.5670802889321279
2025-07-04,1.0,0.005323032613095345,0.5601708033237197
2025-07-07,1.0,0.0019223922628650786,0.5614678173156314
2025-07-08,1.0,0.006792225425100548,0.5643280538511
2025-07-09,1.0,0.009900959465682316,0.5706171693503973
2025-07-10,1.0,0.004656135000912204,0.576486434649053
2025-07-11,0.0,-0.0015198965399088017,0.5802321048715625
2025-07-14,1.0,0.01598676077516694,0.5816547007153421
2025-07-15,1.0,0.03200143973287209,0.571240285719224
2025-07-16,1.0,0.012094876363624135,0.5649400322463666
2025-07-17,1.0,0.008716412744512368,0.5694354396778917
2025-07-18,0.0,-0.004018925894738637,0.5770266244786907
2025-07-21,0.0,-0.024585307363790183,0.5771488831745668
2025-07-22,0.0,-0.03112464049003307,0.5676631100440911
2025-07-23,0.0,-0.03352285980722821,0.5665718516422635
2025-07-24,0.0,-0.02354343407155794,0.5597784258623788
2025-07-25,1.0,0.007887950184665824,0.5568228282071609
2025-07-28,1.0,0.017393667563327327,0.5716598357981704
2025-07-29,1.0,0.01624117195600647,0.5830616391544485
2025-07-30,1.0,0.028226430130982715,0.5658707317827116
2025-07-31,1.0,0.031972572168060945,0.5592047514940752
2025-08-01,1.0,0.01063102333494091,0.5595101766711819
2025-08-04,0.0,-0.009109278250402805,0.5500896312056296
2025-08-05,0.0,-0.009770965722428067,0.5506806442923076
2025-08-06,0.0,-0.004061597218819139,0.539430143348689
2025-08-07,0.0,-0.01832779395886836,0.5419560849504708
2025-08-08,0.0,-0.018800769219590178,0.5548594223117929
2025-08-11,0.0,-0.0029774213151475284,0.5680719223552724
2025-08-12,0.0,-0.00964416200551269,0.5671632784521626
2025-08-13,0.0,-0.002333462205345975,0.5673231822493642
2025-08-14,1.0,0.0012077006610365887,0.568817843098062
2025-08-15,1.0,0.010722512209395752,0.5725998897853305
2025-08-18,1.0,0.010090538357978844,0.561957930275224
2025-08-19,1.0,0.02324006531464862,0.5611407906031906
2025-08-20,1.0,0.014579510691436606,0.5612784363884672
2025-08-21,1.0,0.022758368550171524,0.5571424614099911
2025-08-22,1.0,0.022168568929593117,0.5525265145134898
2025-08-25,1.0,0.03211622812342114,0.5672956141849339
2025-08-26,1.0,0.040127418806530604,0.5598999159301976
2025-08-27,1.0,0.04658806475594638,0.5647239281151122
2025-08-28,1.0,0.037027751509971236,0.5602677794366906
2025-08-29,1.0,0.039589660179652895,0.564546342456893
2025-09-01,1.0,0.0451657098144617,0.5706582140881736
2025-09-02,1.0,0.025644974865862154,0.5865732738612262
2025-09-03,1.0,0.022598026484631373,0.5791395446639479
2025-09-04,1.0,0.024767989687903443,0.5721258489927057
2025-09-05,1.0,0.01566994567458962,0.5740538920872098
2025-09-08,1.0,0.011720040289765058,0.5699161565092479
2025-09-09,1.0,0.01789142382242058,0.569624078658038
2025-09-10,1.0,0.00522971394139079,0.5621534733939341
2025-09-11,1.0,0.0028128563385518912,0.5524435076539721
2025-09-12,1.0,0.011468220625698472,0.5524956033355957
2025-09-15,1.0,0.01803750855660054,0.5516773506698629
2025-09-16,1.0,0.019697184654089008,0.5397796682515189
2025-09-17,1.0,0.020803501417114866,0.5405923795620348
2025-09-18,1.0,0.02831155621673333,0.5391464047797184
2025-09-19,1.0,0.01991889518230919,0.5250108740419618
2025-09-22,1.0,0.022983602561756997,0.5286985207730679
2025-09-23,1.0,0.024891027742305324,0.5293283971104996
2025-09-24,1.0,0.034105725999687427,0.5264326720134904
2025-09-25,1.0,0.02821178241775354,0.5169725646728908
2025-09-26,1.0,0.03319841689527503,0.5190199513980054
2025-09-29,1.0,0.03236442869409833,0.5259274934414176
2025-09-30,1.0,0.03226812428202407,0.5170134299186765
2025-10-01,1.0,0.04427959682232021,0.5103142926861522
2025-10-02,1.0,0.03072151467567915,0.503487075812764
2025-10-03,1.0,0.033452835681668354,0.5085262535712903
2025-10-06,1.0,0.037431421184139384,0.5161770148393714
2025-10-07,1.0,0.038694814618333045,0.5168984170051245
2025-10-08,1.0,0.04030013043370251,0.5092845948955425
2025-10-09,1.0,0.08449056511721519,0.5116398797164063
2025-10-10,1.0,0.05651394154912741,0.5144087559226702
2025-10-13,1.0,0.05805521026982051,0.5160054261906935
2025-10-14,0.0,-0.004156848140566773,0.5167311926546586
2025-10-15,0.0,-0.026164368978203508,0.5091146431660701
2025-10-16,0.0,-0.047327111693291304,0.4748065707018951
2025-10-17,0.0,-0.03345832833929286,0.4809505024135809
2025-10-20,0.0,-0.08970270537865681,0.47936149278170953
2025-10-21,0.0,-0.042701781139482274,0.4870455117693852
2025-10-22,0.0,-0.04193277265290108,0.4826407525255205
2025-10-23,0.0,-0.02503642630707778,0.5006964549192887
2025-10-24,0.0,-0.026834667359220903,0.48777686568306267
2025-10-27,1.0,0.004781392653966048,0.5452460223585157
2025-10-28,0.0,-0.005072376755636202,0.5200875396642155
2025-10-29,1.0,0.012668623844454541,0.5227058322027422
2025-10-30,0.0,-0.011885604533105623,0.5187249102821295
2025-10-31,0.0,-0.0006000265831102053,0.5256950350924546
2025-11-03,1.0,0.028225270726818526,0.5032154607597504
2025-11-04,1.0,0.04804567864327483,0.5123981669788664
2025-11-05,1.0,0.05257891615927696,0.506500765778226
2025-11-06,1.0,0.04761831250571949,0.5127168971069594
2025-11-07,1.0,0.0202594066134436,0.5091134429662062
2025-11-10,0.0,-0.017426676686607082,0.4973825142431729
2025-11-11,0.0,-0.014372665650667717,0.49222238317639133
2025-11-12,0.0,-0.02843161999382971,0.4916393804024608
2025-11-13,0.0,-0.022856461154407183,0.5002633278476574
2025-11-14,0.0,-0.0043896556288564315,0.5177948454135946
2025-11-17,1.0,0.022060199975482496,0.5505854430998448
2025-11-18,1.0,0.01592643039052921,0.5406420613609624
2025-11-19,1.0,0.020763915022164958,0.5484805164432124
2025-11-20,1.0,0.01949780568487556,0.5488382444145581
2025-11-21,1.0,0.0372551076129564,0.5417808456895569
2025-11-24,1.0,0.023079269664305943,0.5265857444081855
2025-11-25,1.0,0.017704629784791627,0.5381410340322167
2025-11-26,1.0,0.00965043031363007,0.5362788890678029
2025-11-27,1.0,0.012189412037506125,0.5408523970624494
2025-11-28,0.0,-0.005024989913446182,0.5279263255900926
2025-12-01,0.0,-0.009825352104975605,0.5342143183552628
2025-12-02,1.0,0.00021278404223756573,0.5309238460380216
2025-12-03,1.0,0.005863199319731985,0.5390273196130206
2025-12-04,1.0,0.01678850218788204,0.5389478146634366
2025-12-05,1.0,0.023982252609769408,0.5462895921860328
2025-12-08,1.0,0.02687037389209744,0.5551347938495532
2025-12-09,1.0,0.022622926565438493,0.5506683257905416
2025-12-10,1.0,0.025615003769986648,0.546284893482469
2025-12-11,1.0,0.012110937162455404,0.5385466477370853
2025-12-12,1.0,0.009669367401080799,0.530216385282829
2025-12-15,1.0,0.03200445993075894,0.5293048798305785
2025-12-16,1.0,0.0414364694952743,0.5311012902831427
2025-12-17,1.0,0.03222677223829263,0.5267722569454503
2025-12-18,1.0,0.045421122519909436,0.5318490731106859
2025-12-19,0.0,-0.002098463404047189,0.5347124801394599
2025-12-22,0.0,-0.023644280314571782,0.5374566176680462
2025-12-23,0.0,-0.03785965910810445,0.5391331058054569
2025-12-24,0.0,-0.03334097976684834,0.5416412774949562
2025-12-26,0.0,-0.019070016220811288,0.5401816743283268
2025-12-29,1.0,0.036977179355144024,0.5649110311361674
2025-12-30,1.0,0.026363370892830848,0.5862198602616351
2025-12-31,1.0,0.036225058325842885,0.5906382518992715
2026-01-02,1.0,0.039932829438338945,0.5872796889389926
2026-01-05,1.0,0.0335382429796388,0.5810646993897481
2026-01-06,1.0,0.01993613949214558,0.5530708825144234
2026-01-07,1.0,0.03744761735970429,0.5565590992314907
2026-01-08,1.0,0.03034739914597263,0.5489973505094986
2026-01-09,1.0,0.01976799020241227,0.5473753461067062
2026-01-12,1.0,0.01578431867406353,0.5575505100060348
2026-01-13,1.0,0.037939520363995415,0.5571868863714791
2026-01-14,1.0,0.04374635650154509,0.5495828939494923
2026-01-15,1.0,0.06760672964585325,0.5277728946741476
2026-01-16,1.0,0.07984599158700612,0.5255622252873474
2026-01-19,1.0,0.06988465049099693,0.5338091536410465
2026-01-20,1.0,0.08397698381790286,0.5267669357190408
2026-01-21,1.0,0.11349098729261056,0.5031655405309793
2026-01-22,1.0,0.08512908644501502,0.4919630935113294
2026-01-23,0.0,-0.020540520848906105,0.48550999049019533
2026-01-26,0.0,-0.0725488866996183,0.48039288215244214
2026-01-27,0.0,-0.04623591711246789,0.46932666266458134
2026-01-28,0.0,-0.08657311557844845,0.45912330632614884
2026-01-29,0.0,-0.11845648020172739,0.41909433028718807
2026-01-30,1.0,0.017585327768343283,0.4448561314500958
2026-02-02,1.0,0.0822450735243338,0.5073360529869159
2026-02-03,1.0,0.015144029550666245,0.5336674281425707
2026-02-04,1.0,0.023495628281282536,0.546649505146238
2026-02-05,1.0,0.02993590289640419,0.5796496223248174
2026-02-06,1.0,0.01510597158581357,0.5110355754583259
2026-02-09,0.0,-0.012612681065553452,0.49062374617636134
2026-02-10,0.0,-0.028840244221726923,0.5152651271295854
2026-02-11,0.0,-0.021305606637489715,0.507106945309683
2026-02-12,1.0,0.01584213501689999,0.5033553177025892
2026-02-13,1.0,0.013576050132431431,0.5135193271028505
2026-02-16,1.0,0.04508563718990966,0.5377567824913497
2026-02-17,1.0,0.0505800702630134,0.5502265673031967
2026-02-18,1.0,0.03720242328934903,0.5518289328651103
2026-02-19,1.0,0.03556346341677939,0.5424893300186383
2026-02-20,1.0,0.03217696141110091,0.5460980498446116
2026-02-23,1.0,0.01816095856341421,0.5295068372825555
2026-02-24,0.0,-0.008547712884392534,0.5319892092108853
2026-02-25,0.0,-0.008511014050826667,0.5492048875643916
2026-02-26,0.0,-0.018811310859227753,0.5548119212786825
2026-02-27,0.0,-0.02110957048124994,0.5328661186856928
2026-03-02,0.0,-0.03477264584656123,0.5231359353531388
2026-03-03,1.0,0.01980270436603314,0.5383810186026501
2026-03-04,1.0,0.012099433494647722,0.5536111070554323
2026-03-05,0.0,-0.0013283964864623135,0.548460512867345
2026-03-06,0.0,-0.02943595002370547,0.5644242227904338
2026-03-09,0.0,-0.02676779764537082,0.5694978193856302
2026-03-10,0.0,-0.035989352718712925,0.5426124898851142
2026-03-11,0.0,-0.07392859567948717,0.5530523486892456
2026-03-12,0.0,-0.08793028174511612,0.5526538332692577
2026-03-13,0.0,-0.1108264072049297,0.5733507057420713
2026-03-16,0.0,-0.1269280189223755,0.5749968506247375
2026-03-17,0.0,-0.11292282595777468,0.567783941801911
2026-03-18,0.0,-0.06617462480720894,0.5994439225963161
2026-03-19,0.0,-0.059967758138617586,0.5988627084712078
2026-03-20,1.0,0.0003757361735231667,0.6341707654566269
2026-03-23,1.0,0.023803735084959032,0.6288298023960855
2026-03-24,1.0,0.04313255070771957,0.6270509729016897
2026-03-25,1.0,0.05462430326823093,0.6091521848233239
2026-03-26,1.0,0.06561931692404639,0.6110654394917884
2026-03-27,1.0,0.03379906182317194,0.5961548258281554
2026-03-30,1.0,0.040782999804034076,0.591486821554312
2026-03-31,1.0,0.010698319427476554,0.5802365866048759
2026-04-01,1.0,0.0010911912342323766,0.5758616739338515
2026-04-02,1.0,0.014864407505687145,0.5583386040057102
2026-04-06,1.0,0.020181923186473796,0.5966513502669368
2026-04-07,1.0,0.029564584431408605,0.5928957132729341
2026-04-08,1.0,0.01646409912672065,0.6027885001000968
2026-04-09,1.0,0.005021746244335225,0.6215340033975324
2026-04-10,1.0,0.01890463908708274,0.6179059541276397
2026-04-13,1.0,0.01666824965690979,0.6187920646610781
2026-04-14,0.0,-0.025679682877238433,0.6153122187262379
2026-04-15,0.0,-0.012197202704079702,0.6358327685977722
2026-04-16,0.0,-0.017422793066562955,0.6360637179993224
2026-04-17,0.0,-0.027001119703567524,0.6229347011843505
2026-04-20,0.0,-0.029624561503008795,0.621217207768378
2026-04-21,0.0,-0.026463147429178515,0.6263653374118514
2026-04-22,0.0,-0.041293715465596875,0.6339826752162687
2026-04-23,0.0,-0.017886442474435375,0.6345173676198043
2026-04-24,0.0,-0.020252031880914855,0.6253287728960786
2026-04-27,0.0,-0.034849746048957006,0.5994478532364703
2026-04-28,0.0,-0.008923089329326707,0.563056528124772
2026-04-29,1.0,0.031031364076895166,0.5990734348185826
2026-04-30,1.0,0.013634249880737527,0.5972983670695595
2026-05-01,1.0,0.021300621581524497,0.5808539239752321
2026-05-04,1.0,0.04630152555131665,0.5912163016321161
2026-05-05,1.0,0.034237198792274506,0.590781764149702
2026-05-06,0.0,-0.0007442324993070496,0.5721790493659553
2026-05-07,0.0,-0.007559269273889928,0.590935094437105
2026-05-08,0.0,-0.03765081937484558,0.582194880271301
2026-05-11,0.0,-0.03635380069205053,0.5735486422778052
2026-05-12,0.0,-0.05061607476551307,0.5722331425823576
2026-05-13,0.0,-0.03132399350572627,0.5887739862481146
2026-05-14,0.0,-0.023266755750148135,0.589283441462614
2026-05-15,0.0,-0.00673276698059904,0.5985697753052398
2026-05-18,1.0,0.00036761892935500723,0.6064722564387061
2026-05-19,1.0,0.0056560557165602635,0.6137136284021166
2026-05-20,0.0,-0.019378336557354218,0.6090675746371426
2026-05-21,0.0,-0.01034263069734574,0.6054628897814369
2026-05-22,1.0,0.006461768747038726,0.6019266442002662
2026-05-25,0.0,-0.018427892930990255,0.5987563131626075
2026-05-26,0.0,-0.003445006707663486,0.5882979246536049
2026-05-27,0.0,-0.004825466178978855,0.5778057044458428
2026-05-28,0.0,-0.004753451963762989,0.5801458296284283
2026-05-29,0.0,-0.04720355528833116,0.5796468584158594
2026-06-01,0.0,-0.0351602715146908,0.5883821000710113
2026-06-02,0.0,-0.0527295445119029,0.5820197903778718
2026-06-03,0.0,-0.08535035983564654,0.5854419812653373
2026-06-04,0.0,-0.060407023898259235,0.582044538912903
2026-06-05,0.0,-0.025727065843422166,0.5878135499252103
2026-06-08,0.0,-0.004666602135505165,0.5874471500110432
2026-06-09,1.0,0.016332214329964526,0.5807940933850105
2026-06-10,1.0,0.044927151488855836,0.5752295873432348
2026-06-11,1.0,0.0017232580593973977,0.5600642622503718
2026-06-12,0.0,-0.01460301010368502,0.5398315725387846
2026-06-15,0.0,-0.030316451886164768,0.5135969786997552
2026-06-16,0.0,-0.051867292996393845,0.5127633050979423
2026-06-17,0.0,-0.06476318087099897,0.48717647820409826
2026-06-18,0.0,-0.047493808579739095,0.5185618135394142
2026-06-19,0.0,-0.01671936406072045,0.5291271152342425
2026-06-22,0.0,-0.040257877170085075,0.5465367847313379
2026-06-23,0.0,-0.025761441177086963,0.556049000194945
2026-06-24,1.0,0.00973724227734503,0.5659728390369848
2026-06-25,1.0,0.02421866969407346,0.560241848575495
2026-06-26,1.0,0.020651439673769086,0.5510881252923613
2026-06-29,1.0,0.03630664370839878,0.5649875638202531
2026-06-30,1.0,0.024161210110324093,0.5570348124309582
2026-07-01,1.0,0.010781320656457406,0.5393434207544658
2026-07-02,1.0,0.00027649903886587193,0.5495149385207505
2026-07-03,0.0,-0.012983190216853705,0.5504146425676963
2026-07-06,0.0,-0.03994881707056977,0.540728980702581
2026-07-07,0.0,-0.01271847816802465,0.5501113902408455
2026-07-08,0.0,-0.003552794644852324,0.5464667678855112
2026-07-09,0.0,-0.03608358914383357,0.5600721427302959
2026-07-10,0.0,-0.02504313010490734,0.5697334959117815
2026-07-13,1.0,0.0016930153443736138,0.5929068708967052
2026-07-14,1.0,0.0058222573088823545,0.5708253478601489
2026-07-15,1.0,0.017358321056038715,0.5727647396274083
2026-07-16,1.0,0.0179230511802155,0.5872788571683978
2026-07-17,1.0,0.008464882834305451,0.5871467841248474
2026-07-20,1.0,0.017163148122000368,0.5800713753570949
2026-07-21,0.0,-0.012085648695993784,0.5732820039304501
2026-07-22,0.0,-0.015494295884118617,0.5626994867287988
2026-07-23,1.0,0.013096263506620324,0.5680237691125909
2026-07-24,0.0,-0.002821921914940221,0.5804504258138284
2026-07-27,0.0,-0.004923238918614557,0.5651479390989108
