date,up,fret,p
1975-06-25,1.0,0.0015232295405214163,0.7201746227515994
1975-06-26,1.0,0.005169541693541587,0.714803053254789
1975-06-27,1.0,0.010582109330537008,0.7202690600227157
1975-06-30,1.0,0.004501132880791663,0.5983151982711801
1975-07-01,1.0,0.011346792387727865,0.5821647006222316
1975-07-02,1.0,0.013544225107757253,0.6742124211131475
1975-07-03,1.0,0.016329361932549802,0.7514234517651089
1975-07-04,1.0,0.015106027431013315,0.7395699516805883
1975-07-07,1.0,0.02431730765070643,0.8398566302396233
1975-07-08,1.0,0.012422519998557329,0.7710666341918493
1975-07-09,0.0,-0.006047795875321352,0.6350260267904158
1975-07-10,1.0,0.012479236670438135,0.8101873478687617
1975-07-11,0.0,-0.0057637047167501294,0.6682513406655223
1975-07-14,0.0,-0.02951682411214358,0.515654663511303
1975-07-15,0.0,-0.009132483563272474,0.6725093105158648
1975-07-16,0.0,-0.01102952357549962,0.7505737683959015
1975-07-17,0.0,-0.01411499347165383,0.7591790322981228
1975-07-18,0.0,-0.011652999082568014,0.7551146140585472
1975-07-21,0.0,-0.015646890781658856,0.7473496515159529
1975-07-22,0.0,-0.023883560233824846,0.6656496409135046
1975-07-23,0.0,-0.0094816431397279,0.7396806027564942
1975-07-24,0.0,-0.018057108834150563,0.7203196501082437
1975-07-25,0.0,-0.026205033918625248,0.5881168657796452
1975-07-28,0.0,-0.03132383204450173,0.5136917539704786
1975-07-29,0.0,-0.042456345972377955,0.40945308527637037
1975-07-30,0.0,-0.03251083832474835,0.5269037063741561
1975-07-31,0.0,-0.042272756424573885,0.5765048526362491
1975-08-01,0.0,-0.07307056787648648,0.5669974451741914
1975-08-04,0.0,-0.10937255714778711,0.5790760475366279
1975-08-05,0.0,-0.0993230383882176,0.6123490499201923
1975-08-06,0.0,-0.07296539470141924,0.7356515498428228
1975-08-07,0.0,-0.07569143001065778,0.6911321985272352
1975-08-08,0.0,-0.07647439352022202,0.7580704503616237
1975-08-11,0.0,-0.08639390244083515,0.8857551194859765
1975-08-12,0.0,-0.08684458522875599,0.8052580290553525
1975-08-13,0.0,-0.09460186633061393,0.8659927328702071
1975-08-14,0.0,-0.08914873086027636,0.8796096899134613
1975-08-15,0.0,-0.08931339086379549,0.8385223782427169
1975-08-18,0.0,-0.09463013897566935,0.8783837067924125
1975-08-19,0.0,-0.12143083356214902,0.8999715423923148
1975-08-20,0.0,-0.1538434129635718,0.8421188444219337
1975-08-21,0.0,-0.17800722036383385,0.8909487111350131
1975-08-22,0.0,-0.17023069848064853,0.8935146950854379
1975-08-26,0.0,-0.22879744082840775,0.9235742488457177
1975-08-27,0.0,-0.19541809571380026,0.9246898323746507
1975-08-28,0.0,-0.18541466164169562,0.9006841074289963
1975-08-29,0.0,-0.1590646946296874,0.9592116547165118
1975-09-01,0.0,-0.10715423811185316,0.9886236487813377
1975-09-02,0.0,-0.055091382246161114,0.9927643015689133
1975-09-03,0.0,-0.046630874234862285,0.983743421917675
1975-09-04,0.0,-0.05775354339417665,0.9618866567713475
1975-09-05,0.0,-0.09831632505602261,0.9575582275443121
1975-09-08,0.0,-0.07853863957020667,0.9638208841005621
1975-09-09,0.0,-0.041242958534049134,0.9765869011914852
1975-09-10,0.0,-0.07333852432279192,0.9694637461818
1975-09-11,0.0,-0.05320218558062747,0.9675537304982884
1975-09-12,0.0,-0.03962620075767472,0.9650097594156941
1975-09-15,0.0,-0.04307298027657414,0.9682573238625028
1975-09-16,0.0,-0.04590513883359129,0.977568129213407
1975-09-17,0.0,-0.0010502363997021411,0.9792752465046908
1975-09-18,1.0,0.026526754333428604,0.9795447928335952
1975-09-19,1.0,0.06707220900688106,0.9789380850858418
1975-09-22,1.0,0.05795116931641488,0.9766931723730129
1975-09-23,1.0,0.1274449465681203,0.976360525369006
1975-09-24,1.0,0.08481184743043867,0.9788001197337997
1975-09-25,1.0,0.06929022504251743,0.9803400400591529
1975-09-26,1.0,0.051476696497188806,0.9805283259857878
1975-09-29,1.0,0.0258742061284284,0.9767104797623926
1975-09-30,1.0,0.010213154456240433,0.9797146215578127
1975-10-01,0.0,-0.005240186663556159,0.9769497655946979
1975-10-02,0.0,-0.006241351744684345,0.9781690275426449
1975-10-03,1.0,0.02839083517552366,0.9820442971136852
1975-10-06,1.0,0.01760608857504927,0.980656308438946
1975-10-07,1.0,0.010471299867295437,0.9836806689368469
1975-10-08,1.0,0.04629157474297981,0.9796803931507386
1975-10-09,1.0,0.04127903291943578,0.977212547959596
1975-10-10,1.0,0.01638523671822387,0.9787061801545553
1975-10-13,1.0,0.01537416724958795,0.9736045298686379
1975-10-14,1.0,0.026340416614408564,0.9704480341695125
1975-10-15,1.0,0.00767624146143723,0.9688821806611799
1975-10-16,1.0,0.0041797344027078446,0.9616462389785335
1975-10-17,0.0,-0.02021679172537599,0.9636776150087141
1975-10-20,0.0,-0.019181058851843888,0.9598033585952201
1975-10-21,0.0,-0.049046607304572526,0.9479422228405666
1975-10-22,0.0,-0.019214564944625357,0.9526247253398364
1975-10-23,0.0,-0.012214425106535812,0.9541428285951423
1975-10-24,0.0,-0.015095951060076529,0.9499524164618712
1975-10-27,0.0,-0.0162261055592573,0.9550595036648089
1975-10-28,0.0,-0.009151771020318215,0.9592979223285226
1975-10-29,0.0,-0.015175869159555112,0.9601571390309127
1975-10-30,0.0,-0.03360174654676812,0.9589317639012819
1975-10-31,0.0,-0.033805033566396185,0.9529322368564618
1975-11-03,0.0,-0.03806257079559282,0.956865173874604
1975-11-04,0.0,-0.03318341879024048,0.9567474832615711
1975-11-05,0.0,-0.04521534145524209,0.9515097182150968
1975-11-06,0.0,-0.049527241775931485,0.950695497653189
1975-11-07,0.0,-0.046717624567459565,0.960339052113379
1975-11-10,0.0,-0.049397144461208665,0.9659051995482719
1975-11-11,0.0,-0.04974382499856897,0.9685083222182362
1975-11-12,0.0,-0.03142359167113337,0.9710391665124677
1975-11-13,0.0,-0.025701115397067285,0.9702285278537821
1975-11-14,0.0,-0.023513730280474907,0.9790756134466843
1975-11-17,0.0,-0.027487006231835094,0.9792774764421692
1975-11-18,0.0,-0.003236830734689181,0.9860419134677723
1975-11-19,0.0,-0.020670728855052986,0.980200628379128
1975-11-20,0.0,-0.024885749217577358,0.976998058100761
1975-11-21,0.0,-0.01604598521020213,0.9852101771929521
1975-11-24,1.0,0.01272101960131086,0.9908362793176808
1975-11-25,0.0,-0.00425230973853028,0.9926958409394174
1975-11-26,1.0,0.008145963231296915,0.9939554432663426
1975-11-27,1.0,0.008952611272113884,0.9955464529572852
1975-11-28,1.0,0.015086493033380161,0.9968028685144175
1975-12-01,1.0,0.01761051800863537,0.9970671369998001
1975-12-02,0.0,-0.005037794029957293,0.9963224445649866
1975-12-03,0.0,-0.0032321809428061113,0.9956430340008365
1975-12-04,0.0,-0.003607507519873611,0.9964083688766789
1975-12-05,0.0,-0.016070470032608808,0.9982506010425258
1975-12-08,0.0,-0.005113232469925884,0.9996966622380354
1975-12-09,0.0,-0.004381168015562977,0.9996770553286234
1975-12-10,0.0,-0.05454557574005267,0.9994350631679882
1975-12-11,0.0,-0.07284683422097891,0.9993602045129294
1975-12-12,0.0,-0.045730681894508886,0.9996337579386732
1975-12-15,0.0,-0.05467061234632713,0.9996965108780614
1975-12-16,0.0,-0.07399713812756252,0.9997029862860567
1975-12-17,0.0,-0.10828560739945578,0.9996511501066556
1975-12-18,0.0,-0.10624083262876605,0.9996807470061937
1975-12-19,0.0,-0.09772142384233042,0.9791596964662042
1975-12-22,0.0,-0.09882759461620337,0.9312700507923908
1975-12-23,0.0,-0.11384017973434091,0.9666687349575666
1975-12-29,0.0,-0.11580087445239223,0.9438290699524564
1975-12-30,0.0,-0.09061533550011718,0.9602280737463673
1975-12-31,0.0,-0.08671973259928675,0.9664863049974415
1976-01-02,0.0,-0.09093784999781125,0.963291130489048
1976-01-05,0.0,-0.060985437263250196,0.9812088835775269
1976-01-06,0.0,-0.0539473243814565,0.9813448586932246
1976-01-07,0.0,-0.06417718418693687,0.9848660473938524
1976-01-08,0.0,-0.05331067558075027,0.9915460464701796
1976-01-09,0.0,-0.044551631077383434,0.9863104477479926
1976-01-12,0.0,-0.049119526855617525,0.9865408853020591
1976-01-13,0.0,-0.019121041446778397,0.9934860547818232
1976-01-14,1.0,0.0038284885966440208,0.9946794663071712
1976-01-15,0.0,-0.005297023357870009,0.990813654233842
1976-01-16,1.0,0.0022909517465557624,0.9917754099185588
1976-01-19,1.0,0.01806699152659134,0.9937057321422198
1976-01-20,1.0,0.0435790250872218,0.9939834584757206
1976-01-21,1.0,0.04920945937845653,0.9935588867858514
1976-01-22,1.0,0.037725648114084846,0.9930168007796294
1976-01-23,1.0,0.02109378305979963,0.9913760543871424
1976-01-26,1.0,0.04664662195271732,0.9928483743672192
1976-01-27,1.0,0.04794114756260934,0.9952602528088538
1976-01-28,1.0,0.040540924578834826,0.9942699034624272
1976-01-29,1.0,0.027609115614066804,0.9924384132135636
1976-01-30,1.0,0.03187061831082989,0.9931981480445523
1976-02-02,1.0,0.014465421628357393,0.9922527076518047
1976-02-03,0.0,-0.0022805026987251066,0.992949936220617
1976-02-04,1.0,0.019084548692410698,0.993441715582272
1976-02-05,1.0,0.02682153119456314,0.9930958115371014
1976-02-06,1.0,0.023459267265566762,0.9900611428647302
1976-02-09,1.0,0.020164274603588606,0.9918424741815359
1976-02-10,1.0,0.025916084579607285,0.9896245734501216
1976-02-11,1.0,0.02304162372097203,0.9846227493349132
1976-02-12,1.0,0.013938820516521093,0.9837312117233523
1976-02-13,1.0,0.01701685985836923,0.9831294314093754
1976-02-16,1.0,0.01924224622239509,0.9784181941439682
1976-02-17,1.0,0.017895013985702535,0.9727603428684181
1976-02-18,1.0,0.016254374118034584,0.9713142727278388
1976-02-19,1.0,0.024506410187822538,0.9744620774704151
1976-02-20,1.0,0.013944073681073532,0.9713625355034199
1976-02-23,1.0,0.015825499833797517,0.9636757372995955
1976-02-24,1.0,0.0048955096829872875,0.9594999153757146
1976-02-25,1.0,0.0014981276210219918,0.9496377564330362
1976-02-26,1.0,0.0037750139205759508,0.9579993102152925
1976-02-27,0.0,-0.0037864490525031476,0.9579211981470207
1976-03-01,0.0,-0.016768685602450553,0.9598802041705122
1976-03-02,0.0,-0.020761991448429242,0.9704177270854346
1976-03-03,0.0,-0.020241286820234503,0.9576061550053891
1976-03-04,0.0,-0.023332479389907353,0.9540502306210238
1976-03-05,0.0,-0.03501118625530062,0.9383443734595476
1976-03-08,0.0,-0.04231400469141608,0.9487150875757844
1976-03-09,0.0,-0.035225694097608826,0.9406549907464969
1976-03-10,0.0,-0.04740948965863326,0.9234032393687097
1976-03-11,0.0,-0.041632898098358496,0.9354738889775353
1976-03-12,0.0,-0.043293487589529576,0.9362778396245629
1976-03-15,0.0,-0.05058549678810634,0.9305882699136725
1976-03-16,0.0,-0.033771436523588355,0.9486539049818721
1976-03-17,0.0,-0.043293487589529576,0.9355095977478295
1976-03-18,0.0,-0.0496285043051602,0.9149908665188503
1976-03-19,0.0,-0.04399255936534971,0.9143248789274508
1976-03-22,0.0,-0.049818730345483835,0.9152647572037311
1976-03-23,0.0,-0.04455421983770512,0.9276907234850055
1976-03-24,0.0,-0.047518517964482324,0.9120387461351999
1976-03-25,0.0,-0.03762439939472731,0.9277760690791134
1976-03-26,0.0,-0.023801507466326068,0.9440732830246609
1976-03-29,0.0,-0.016273121598842366,0.9655524691377765
1976-03-30,0.0,-0.006235406017283798,0.9763578337133286
1976-03-31,0.0,-0.009302392662313448,0.9646284139378893
1976-04-01,0.0,-0.006600684031352024,0.9658238489298546
1976-04-02,0.0,-0.010512068768782934,0.9701466034157724
1976-04-05,0.0,0.0,0.9807072591113987
1976-04-06,0.0,-0.01097189690124886,0.9759339073990367
1976-04-07,1.0,0.004297721012385332,0.9797174984411463
1976-04-08,1.0,0.0019481790693228749,0.9752274662688698
1976-04-09,1.0,0.0011739386987020457,0.9791062641536585
1976-04-12,1.0,0.005488057678775263,0.985660928818178
1976-04-13,0.0,-0.0031274458641948463,0.9838196786408033
1976-04-14,0.0,0.0,0.9873584019947689
1976-04-15,0.0,-0.00039146604532017495,0.9876342695535358
1976-04-20,0.0,-0.0027413371387147167,0.9853617096738263
1976-04-21,0.0,-0.0035426134275065987,0.9918303271703042
1976-04-22,0.0,-0.01304624157375963,0.9922991161044746
1976-04-23,0.0,-0.012638398871722904,0.9921722119622006
1976-04-26,0.0,-0.020554083277436238,0.9897824294333344
1976-04-27,0.0,-0.03317839869731856,0.9837131320706365
1976-04-28,0.0,-0.01773445493976858,0.9864315439068599
1976-04-29,0.0,-0.013380758477684232,0.9845372634316808
1976-04-30,0.0,-0.02284463268402231,0.9808929886835703
1976-05-03,0.0,-0.013333530869465144,0.9799390030957112
1976-05-04,0.0,-0.006675854363471827,0.9845045682973836
1976-05-05,0.0,-0.0003930045246102828,0.9881729426983173
1976-05-06,0.0,-0.0023668650102662793,0.9900802577945574
1976-05-07,0.0,-0.009007305855470627,0.9759701463736942
1976-05-10,0.0,-0.008207980417829509,0.9711691279428866
1976-05-11,0.0,-0.0066706152786042555,0.9779420351719468
1976-05-12,0.0,-0.009821332137112775,0.9781996153586638
1976-05-13,0.0,-0.017378004466655016,0.981397847567838
1976-05-14,0.0,-0.014990418772153501,0.9792881856272839
1976-05-17,0.0,-0.015785647442291856,0.9793605944869919
1976-05-18,0.0,-0.019802627296179754,0.9820865483011936
1976-05-19,0.0,-0.00791769773678535,0.9877328146920287
1976-05-20,1.0,0.0015904575917236347,0.9913673034198426
1976-05-21,0.0,0.0,0.9888986282619814
1976-05-24,0.0,0.0,0.9898695298458524
1976-05-25,1.0,0.0016051367812284368,0.9913529897822234
1976-05-26,0.0,-0.009990093075086299,0.9853927987832998
1976-05-27,0.0,-0.010754933381330586,0.982022984843434
1976-05-28,0.0,-0.012830969936741713,0.9851662728945355
1976-06-01,0.0,-0.023568097049242006,0.9783879702794795
1976-06-02,0.0,-0.024732014469846287,0.9741166303178552
1976-06-03,0.0,-0.03438963433403265,0.9703049449641604
1976-06-04,0.0,-0.02681769678727633,0.9773579866281384
1976-06-07,0.0,-0.03157105362886138,0.9735402206407594
1976-06-08,0.0,-0.032711332967764406,0.9702993384236704
1976-06-09,0.0,-0.02956667628829265,0.974416706627035
1976-06-10,0.0,-0.02843034325727654,0.9759089271548669
1976-06-11,0.0,-0.02419472858705688,0.9850701298433677
1976-06-14,0.0,-0.03190256419512496,0.9835531033026044
1976-06-15,0.0,-0.027829987241220405,0.9823155935523787
1976-06-16,0.0,-0.02265469056480615,0.9872787167554709
1976-06-17,0.0,-0.03560246564094222,0.9800401815643278
1976-06-18,0.0,-0.06567809219918475,0.9789347695442556
1976-06-21,0.0,-0.09717997129053549,0.9786881282551376
1976-06-22,0.0,-0.150098729682141,0.984947782545132
1976-06-23,0.0,-0.09852303397365024,0.3624176320033862
1976-06-24,0.0,-0.10804148241108415,0.3980163734290971
1976-06-25,0.0,-0.117582815413448,0.3430459737739118
1976-06-28,0.0,-0.09208696992275622,0.4508379053416361
1976-06-29,0.0,-0.08034590642263761,0.4633117488996255
1976-06-30,0.0,-0.08246891185600029,0.43738071306841425
1976-07-01,0.0,-0.09064248994962557,0.510426171838775
1976-07-02,0.0,-0.09126159127832464,0.4200137048362546
1976-07-05,0.0,-0.09579750924866731,0.4171029419385149
1976-07-06,0.0,-0.09969936022308805,0.39470159738500027
1976-07-07,0.0,-0.08369901887664681,0.38154866536841864
1976-07-08,0.0,-0.08915531748481777,0.39245122865745546
1976-07-09,0.0,-0.08249469092082322,0.4124948462614046
1976-07-12,0.0,-0.07806135902548456,0.4677051256171526
1976-07-13,0.0,-0.07514673706132961,0.4017827799413511
1976-07-14,0.0,-0.07341577818592758,0.37450135222488445
1976-07-15,0.0,-0.0699347128563154,0.45021605856198904
1976-07-16,0.0,-0.03849123808848838,0.7398115126668507
1976-07-19,0.0,-0.008799000896258114,0.8245979677008349
1976-07-20,1.0,0.040023531982360305,0.9176768604475466
1976-07-21,0.0,-0.04433109406717807,0.8886466193780461
1976-07-22,0.0,-0.020796409524806266,0.8762493684238837
1976-07-23,0.0,-0.018182319083190474,0.8801832533344454
1976-07-26,0.0,-0.0583043069805964,0.8553330751515309
1976-07-27,0.0,-0.08545960108886282,0.8411401286880147
1976-07-28,0.0,-0.09662683568907164,0.8257443773405496
1976-07-29,0.0,-0.06676817646484026,0.8406488346118483
1976-07-30,0.0,-0.07664109232520822,0.8650085996575471
1976-08-02,0.0,-0.07321471617650697,0.8853722203017563
1976-08-03,0.0,-0.05431615707101853,0.9177693632293853
1976-08-04,0.0,-0.06653934567371433,0.8782347400937438
1976-08-05,0.0,-0.04728153363082554,0.8895133760603186
1976-08-06,1.0,0.007507211234593803,0.8888329010089014
1976-08-09,0.0,-0.01745401212048567,0.8714564943182463
1976-08-10,0.0,-0.01600034134644119,0.8610555181571362
1976-08-11,0.0,-0.01374439725647289,0.8537532028524543
1976-08-12,1.0,0.021844468430548266,0.8641187448371067
1976-08-13,1.0,0.008779687652045773,0.8213542349629731
1976-08-16,0.0,-0.013793322132335873,0.7717314886774961
1976-08-17,0.0,-0.00805733991986781,0.6190846040263156
1976-08-18,1.0,0.05314172374933286,0.7364194911016341
1976-08-19,1.0,0.08784854740269328,0.6948937840959365
1976-08-20,1.0,0.05705647184485549,0.6693803768841272
1976-08-23,1.0,0.11757455030172446,0.7216780289122442
1976-08-24,1.0,0.11863085257872291,0.7383467759105785
1976-08-25,1.0,0.12899212019110332,0.7465822549657862
1976-08-26,1.0,0.12642285338722783,0.7058065593279869
1976-08-27,1.0,0.13197067437746962,0.6947224211910344
1976-08-31,1.0,0.11135214532609296,0.6867894646425239
1976-09-01,1.0,0.09470795154161896,0.696232016985763
1976-09-02,1.0,0.08920814548642723,0.7549258134233467
1976-09-03,1.0,0.0770300090316003,0.716414906185183
1976-09-06,1.0,0.006140370170237918,0.8005792198020311
1976-09-07,1.0,0.032862637473330764,0.8254671085599641
1976-09-08,1.0,0.032182631929547484,0.8469171212676833
1976-09-09,1.0,0.030771658666753687,0.8511678336029553
1976-09-10,0.0,-0.0148021858051355,0.8225221374019243
1976-09-13,1.0,0.0008737440485967712,0.8187912457785829
1976-09-14,1.0,0.02739897418811456,0.8461412622749921
1976-09-15,1.0,0.030104088257563846,0.8218343807352936
1976-09-16,1.0,0.007428480740611654,0.7258213864130573
1976-09-17,0.0,-0.032315737171934415,0.6906825305007265
1976-09-20,1.0,0.006908490343811609,0.639483558808572
1976-09-21,0.0,-0.03825370795946935,0.6064227165570836
1976-09-22,0.0,-0.026622439610954736,0.5604538480745442
1976-09-23,0.0,-0.01497354179016248,0.502073463879253
1976-09-24,0.0,-0.031112673582902897,0.4219189191910069
1976-09-27,0.0,-0.02598655281835105,0.420471735093983
1976-09-28,0.0,-0.015604998068890007,0.4865586579375935
1976-09-29,1.0,0.01409978496432919,0.5255168270654934
1976-09-30,1.0,0.05655957556826523,0.4811463929952745
1976-10-01,1.0,0.0598129334601823,0.39517293451225083
1976-10-04,1.0,0.0696631030333208,0.542049729035513
1976-10-05,1.0,0.06797298358620585,0.4203691730115166
1976-10-06,1.0,0.08798703970456702,0.4259606494538852
1976-10-07,1.0,0.0710110356431887,0.40749480113923314
1976-10-08,1.0,0.10798863806409573,0.45635850461835176
1976-10-11,1.0,0.13843202862352483,0.4247714279162275
1976-10-12,1.0,0.12943627100981284,0.3877430652831066
1976-10-13,1.0,0.17260742423943995,0.3714959465216597
1976-10-14,1.0,0.14822482897118144,0.3765504873166548
1976-10-15,1.0,0.15870874130666432,0.3821797783086852
1976-10-18,1.0,0.17808136933499766,0.28793460598456827
1976-10-19,1.0,0.14344740403228942,0.3247869465672391
1976-10-20,1.0,0.13304171661702302,0.29882758033465195
1976-10-21,1.0,0.10350534762138866,0.26061790354572295
1976-10-22,1.0,0.11980119981262058,0.3025727319472747
1976-10-25,1.0,0.14479700181874178,0.2845970390007538
1976-10-26,1.0,0.15358882945195731,0.2956255685674344
1976-10-27,1.0,0.10387447356289213,0.20106907533780569
1976-10-28,1.0,0.06313733627040224,0.1824213949470256
1976-10-29,1.0,0.0560525560669294,0.1890240861674386
1976-11-01,1.0,0.05591148848256255,0.1836010492887518
1976-11-02,1.0,0.06134465064869471,0.20783418887023486
1976-11-03,1.0,0.03628250518142331,0.22352269126795696
1976-11-04,1.0,0.05377006337111794,0.24632549612483767
1976-11-05,1.0,0.031391843310824195,0.22898411313296613
1976-11-08,1.0,0.018832948333092178,0.2729826217362102
1976-11-09,1.0,0.03240675444060099,0.31462513150610555
1976-11-10,0.0,-0.004413394438412639,0.3477588608978148
1976-11-11,1.0,0.02447285651872574,0.3385868707585723
1976-11-12,1.0,0.015004856082321157,0.35790627946413556
1976-11-15,0.0,-0.02516085327463383,0.39833878191797667
1976-11-16,1.0,0.010455659104338709,0.4264821399410219
1976-11-17,1.0,0.02668829700647369,0.37990185549274147
1976-11-18,1.0,0.04372488936129594,0.44685365163088914
1976-11-19,1.0,0.012972329948800192,0.3936644788807549
1976-11-22,0.0,-0.011643324024016586,0.3357122559914513
1976-11-23,1.0,0.0011233852520123374,0.3198263199416488
1976-11-24,1.0,0.021563158157512922,0.31765998161378123
1976-11-25,1.0,0.01216282572807793,0.4196285679210971
1976-11-26,1.0,0.030248052755497735,0.40667011370694306
1976-11-29,1.0,0.038582697804433,0.32451734978674446
1976-11-30,1.0,0.03210851840841752,0.387927864168422
1976-12-01,1.0,0.039073340078075336,0.45874782580777823
1976-12-02,1.0,0.016673368447543357,0.4525036642139568
1976-12-03,1.0,0.011758147982346593,0.45959287613942645
1976-12-06,0.0,-0.008995562908577762,0.44461710973816604
1976-12-07,0.0,-0.02896572638458742,0.4206057079872377
1976-12-08,0.0,-0.044468517058942766,0.4971917984744058
1976-12-09,0.0,-0.044951387862266275,0.4346051955706777
1976-12-10,0.0,-0.040398304171030575,0.4383201429255245
1976-12-13,0.0,-0.0296068093022845,0.49723694530016743
1976-12-14,0.0,-0.02276838783288062,0.3616761311031627
1976-12-15,0.0,-0.014947961435873139,0.3278341945936961
1976-12-16,0.0,-0.012729486750887467,0.2780964027799177
1976-12-17,1.0,0.009056665677796918,0.5404727446682186
1976-12-20,0.0,-0.001134001255524416,0.5363186478894452
1976-12-21,0.0,-0.009778189981635247,0.48612773126079317
1976-12-22,0.0,-0.0007487832622411232,0.45015089956786536
1976-12-23,0.0,-0.001512287622812027,0.47421586225171514
1976-12-29,0.0,-0.014631662268063996,0.4153244216474978
1976-12-30,0.0,-0.025936428480355943,0.44850411507537324
1976-12-31,0.0,-0.01649212792098367,0.47054029318468915
1977-01-04,0.0,-0.023109489089061283,0.4452938402968682
1977-01-05,0.0,-0.007165785895418704,0.5621162297130193
1977-01-06,1.0,0.003012050469991621,0.6057549215227763
1977-01-07,0.0,-0.0026390213242549654,0.6170243863365993
1977-01-10,1.0,0.024506410187822538,0.660283958149792
1977-01-11,1.0,0.037440561370320105,0.6708777652765873
1977-01-12,1.0,0.04201668289467225,0.6769263792516662
1977-01-13,1.0,0.027235408454770883,0.6358637921057998
1977-01-14,1.0,0.026648227262539383,0.6230321186731597
1977-01-17,1.0,0.036419217776600524,0.6094327549376602
1977-01-18,1.0,0.02307508411476451,0.5641378087228418
1977-01-19,1.0,0.023828379818936353,0.5962579617909463
1977-01-20,1.0,0.02449102000829591,0.5314970959307536
1977-01-21,1.0,0.03274101971910388,0.5798956989442554
1977-01-24,1.0,0.03855184598571586,0.6198559616981654
1977-01-25,1.0,0.033876582574942256,0.6142395715396866
1977-01-26,1.0,0.051614846921601544,0.6425660439786566
1977-01-27,1.0,0.0654592989056402,0.633886947951989
1977-01-28,1.0,0.06365751625887153,0.6983590053603548
1977-01-31,1.0,0.07602277741520955,0.6684091375090943
1977-02-01,1.0,0.06425567571071024,0.6162345641504818
1977-02-02,1.0,0.09351929903913342,0.645328955197197
1977-02-03,1.0,0.08431350541568437,0.5924024210899888
1977-02-04,1.0,0.09328334938134042,0.6476917358707173
1977-02-07,1.0,0.0995335157549124,0.482300279969524
1977-02-08,1.0,0.09584995446151659,0.38618164100020846
1977-02-09,1.0,0.06953154587131959,0.35092567111905276
1977-02-10,1.0,0.07922132912764736,0.3956615093865307
1977-02-11,1.0,0.0803845295876493,0.41506829852884675
1977-02-14,1.0,0.06593457807625437,0.27059939682810946
1977-02-15,1.0,0.07476475211664438,0.3203067853539141
1977-02-16,1.0,0.08190885462277635,0.3233510707167561
1977-02-17,1.0,0.0876831942806015,0.2884205464673811
1977-02-18,1.0,0.09391162474968659,0.2542748017102809
1977-02-21,1.0,0.10025660373965041,0.20769898679951335
1977-02-22,1.0,0.08532035110049313,0.2080322992043849
1977-02-23,1.0,0.09357738876052038,0.18173146891149206
1977-02-24,1.0,0.07827122802515446,0.16818763846743667
1977-02-25,1.0,0.09288394931920932,0.21214485981047104
1977-02-28,1.0,0.04954044556013611,0.16828936039494902
1977-03-01,1.0,0.04831857727080773,0.22487538197727608
1977-03-02,1.0,0.029883378162533593,0.1802308722264091
1977-03-03,1.0,0.028612306052525342,0.20428862007686185
1977-03-04,1.0,0.0197486840444675,0.18429973981236378
1977-03-07,1.0,0.013396047615042306,0.17874650595694988
1977-03-08,1.0,0.0026945115662719396,0.19304177996534902
1977-03-09,1.0,0.01833667675491886,0.2534524399962591
1977-03-10,1.0,0.011158188466105263,0.2106180911200794
1977-03-11,1.0,0.02297398339950392,0.21951609919953075
1977-03-14,1.0,0.04330262019698365,0.21883169881655404
1977-03-15,1.0,0.03752534084963128,0.20668418987730955
1977-03-16,1.0,0.02113108979643572,0.17081830754064423
1977-03-17,1.0,0.014004897124960976,0.1560849555187775
1977-03-18,1.0,0.0026622311896779332,0.14750705226797353
1977-03-21,0.0,-0.016584128015535295,0.13301223873056536
1977-03-22,0.0,-0.015410690241986469,0.16163217001736582
1977-03-23,0.0,-0.02049658530683756,0.15645510937868876
1977-03-24,0.0,-0.02653555362596561,0.16883999535268612
1977-03-25,0.0,-0.04257377220734966,0.15152424291558506
1977-03-28,0.0,-0.01680711831638129,0.24616893481383112
1977-03-29,0.0,-0.019048194970694588,0.26630115858026027
1977-03-30,0.0,-0.014830066198250683,0.2488154994334233
1977-03-31,0.0,-0.003700592953132533,0.2546991071511845
1977-04-01,0.0,-0.0003372112660516031,0.2711924252733331
1977-04-04,0.0,-0.014745575485175876,0.2366766611523205
1977-04-05,0.0,-0.011502156579180463,0.3029234109830347
1977-04-06,0.0,-0.0023580944058239125,0.2513219513638846
1977-04-07,0.0,-0.00945952999752467,0.26290283887208415
1977-04-12,0.0,-0.014805115645708097,0.2270780238117339
1977-04-13,0.0,-0.03001225589025134,0.19852312387546067
1977-04-14,0.0,-0.032417207828597965,0.23119695104235277
1977-04-15,0.0,-0.016733991556735966,0.28914833636279924
1977-04-18,0.0,-0.02243522862499262,0.2936949434605695
1977-04-19,0.0,-0.017770794561952664,0.3319907605268976
1977-04-20,0.0,-0.017544309650909508,0.36921853614820976
1977-04-21,0.0,-0.008476063629124052,0.4184990130335621
1977-04-22,0.0,-0.015822582241878942,0.3776938353495577
1977-04-25,0.0,-0.01524161596861709,0.4260286764098479
1977-04-26,0.0,-0.016098994727865763,0.48605419130959066
1977-04-27,0.0,-0.01882005932676993,0.3768140597998889
1977-04-28,0.0,-0.013135342677606418,0.4091409841690708
1977-04-29,0.0,-0.01954459607297017,0.37167680066143244
1977-05-02,0.0,-0.030455732843508544,0.33210045369543173
1977-05-03,0.0,-0.03640511910951411,0.3471885822170812
1977-05-04,0.0,-0.02911663127619616,0.3820308012564086
1977-05-05,0.0,-0.03461750994594614,0.426040243728465
1977-05-06,0.0,-0.04695374013025878,0.3597750417888187
1977-05-09,0.0,-0.034533818372777844,0.4152512375262085
1977-05-10,0.0,-0.047909196403310025,0.4366533419955051
1977-05-11,0.0,-0.053540766928029684,0.44534180244993754
1977-05-12,0.0,-0.0616441631112066,0.4857950129266006
1977-05-13,0.0,-0.07751468745130569,0.4033731820804912
1977-05-16,0.0,-0.06109035842963354,0.4297058193084778
1977-05-17,0.0,-0.05528958886613284,0.4115831070991216
1977-05-18,0.0,-0.0570783305532878,0.4765094199469757
1977-05-19,0.0,-0.04884123799666032,0.4833587607324067
1977-05-20,0.0,-0.0419254194932218,0.4426123539738044
1977-05-23,0.0,-0.049319314383624066,0.5205452498213794
1977-05-24,0.0,-0.03264020234081873,0.6477281964894386
1977-05-25,0.0,-0.02766767272916253,0.6377901488541411
1977-05-26,0.0,-0.008385793376273959,0.7230308162025619
1977-05-27,0.0,-0.009742596198818593,0.6541099072728555
1977-05-30,0.0,-0.010829800169275644,0.7043310118079893
1977-05-31,1.0,0.0003497114915865492,0.7196852472546816
1977-06-01,0.0,-0.009078274638875797,0.6608974735712967
1977-06-02,0.0,-0.010267394145179621,0.7125676318110495
1977-06-03,0.0,-0.0014149277210257986,0.7020221659917879
1977-06-08,0.0,-0.01237420774326583,0.6552560272690124
1977-06-09,1.0,0.006027318371011619,0.7194221509118757
1977-06-10,1.0,0.01453668569089268,0.7107141180423787
1977-06-13,1.0,0.017902375721065365,0.7111581031704288
1977-06-14,1.0,0.03370702752975849,0.7007867622587967
1977-06-15,1.0,0.027690800145185983,0.6563610523411125
1977-06-16,1.0,0.028200670349588158,0.6493412840535555
1977-06-17,1.0,0.041297557098120434,0.6699027403082786
1977-06-20,1.0,0.026112986919104412,0.6568365138938943
1977-06-21,1.0,0.02929079692106544,0.6271835615753946
1977-06-22,1.0,0.03833773525313896,0.6749471483849157
1977-06-23,1.0,0.027100021965203246,0.6922412146305935
1977-06-24,1.0,0.027322189913496053,0.6654733338179868
1977-06-27,1.0,0.027000601818506095,0.6123906067991479
1977-06-28,1.0,0.018361853145536382,0.6148239171971085
1977-06-29,1.0,0.023947005850511356,0.6245518941087311
1977-06-30,1.0,0.009396275849036708,0.5752138955493414
1977-07-01,1.0,0.010814687646795253,0.6047477525215825
1977-07-04,1.0,0.025993736077048142,0.6611406648335577
1977-07-05,1.0,0.03170444954800753,0.6044879527127713
1977-07-06,1.0,0.03804332435579543,0.6635904693876726
1977-07-07,1.0,0.03678416096062979,0.5963285805151386
1977-07-08,1.0,0.023653276641013438,0.5537561169300943
1977-07-11,1.0,0.034185400669923226,0.5644185388037031
1977-07-12,1.0,0.03260781435909472,0.48769593659971316
1977-07-13,1.0,0.02113364640824634,0.45174895009932065
1977-07-14,1.0,0.010373537007327998,0.3958255355299876
1977-07-15,1.0,0.002072539601972375,0.35291143034252415
1977-07-18,1.0,0.004171017517338104,0.4384621329623965
1977-07-19,0.0,-0.015235751777420984,0.32133771824106655
1977-07-20,0.0,-0.008316056241657618,0.3148232098091596
1977-07-21,0.0,-0.003129893008927593,0.37680238681426576
1977-07-22,0.0,-0.0013831260849512417,0.3361821058600029
1977-07-25,0.0,-0.015835098521734883,0.2851753658922343
1977-07-26,0.0,-0.015568555239923598,0.33710965674958965
1977-07-27,0.0,-0.010687914186348941,0.3142755194508462
1977-07-28,0.0,-0.0010396812580954664,0.39807329661897656
1977-07-29,1.0,0.006226239415098098,0.39098547976736797
1977-08-01,1.0,0.013432266706406347,0.35497779928204926
1977-08-02,1.0,0.0013708021337786216,0.27317768475801874
1977-08-03,0.0,-0.003980514486425745,0.26354209237498233
1977-08-04,0.0,-0.002387857180994558,0.2493798387191873
1977-08-05,1.0,0.016365861357275566,0.3243792288667217
1977-08-08,1.0,0.01023550389402671,0.27160499436330066
1977-08-09,1.0,0.007819179732809729,0.23344884065641686
1977-08-10,1.0,0.011249479466144201,0.2838487082870891
1977-08-11,1.0,0.014344508256400339,0.3177245792093167
1977-08-12,1.0,0.023193399817249664,0.35922169583691826
1977-08-15,1.0,0.0229737516954632,0.41193236476863615
1977-08-16,1.0,0.03159603488262796,0.4433004116785223
1977-08-17,1.0,0.028808576631775076,0.3905152398940003
1977-08-18,1.0,0.032553842576813485,0.37339202685658973
1977-08-19,1.0,0.03568772944307188,0.3231134659216833
1977-08-22,1.0,0.0394609021030756,0.3606781927489841
1977-08-23,1.0,0.05362669262879025,0.3936720119149106
1977-08-24,1.0,0.049697567820062225,0.3289260660829899
1977-08-25,1.0,0.045416140922954706,0.3118833499546294
1977-08-26,1.0,0.053704178971861166,0.26484999508330614
1977-08-30,1.0,0.0438417206673317,0.2023845376286499
1977-08-31,1.0,0.05237148005971446,0.22163286197376852
1977-09-01,1.0,0.05081181417052479,0.25615054044976004
1977-09-02,1.0,0.05093462351546586,0.1964405644540926
1977-09-05,1.0,0.050125890206276495,0.16977581336805808
1977-09-06,1.0,0.04998558295062716,0.21362742564179377
1977-09-07,1.0,0.04890303735652635,0.201551452927118
1977-09-08,1.0,0.04312442663375462,0.20341921890747802
1977-09-09,1.0,0.043138739109224035,0.20332490921755209
1977-09-12,1.0,0.05796351409969016,0.1888549276518993
1977-09-13,1.0,0.06146175885681264,0.2174160977254377
1977-09-14,1.0,0.06447513170456834,0.18328148369783348
1977-09-15,1.0,0.06574215753133997,0.17886180719619713
1977-09-16,1.0,0.06209115926788743,0.16042471109292278
1977-09-19,1.0,0.06745579763870015,0.18378002124499684
1977-09-20,1.0,0.0670786545069552,0.18179536208444805
1977-09-21,1.0,0.06585952529268459,0.19520656110732262
1977-09-22,1.0,0.05455314679439781,0.20551476671610056
1977-09-23,1.0,0.06602846429872458,0.23246733679547005
1977-09-26,1.0,0.06484484676410497,0.23236299064494487
1977-09-27,1.0,0.06435431949765572,0.2599970963163014
1977-09-28,1.0,0.05715841383994862,0.24706826946438207
1977-09-29,1.0,0.04567295466273174,0.27151603389856666
1977-09-30,1.0,0.04536860502985087,0.24611049253727718
1977-10-03,1.0,0.03818100615794847,0.23847195878659636
1977-10-04,1.0,0.04822109535058047,0.24851952208054645
1977-10-05,1.0,0.040757497116253205,0.23710379288409397
1977-10-06,1.0,0.06443705495109066,0.2756062612193561
1977-10-07,1.0,0.07475732282588952,0.2746205016682508
1977-10-10,1.0,0.057193765143531555,0.22303303189501072
1977-10-11,1.0,0.04944268283868424,0.23091823623235122
1977-10-12,1.0,0.05997184984379861,0.2080908182008339
1977-10-13,1.0,0.055116303419695346,0.20864106529839052
1977-10-14,1.0,0.06233790764652777,0.20641243747536175
1977-10-17,1.0,0.030733826452618917,0.1853401499406154
1977-10-18,1.0,0.01455359330385314,0.1951383730210712
1977-10-19,0.0,-0.008389050286215506,0.18668490650493594
1977-10-20,0.0,-0.00909810197346438,0.23149983262860852
1977-10-21,0.0,-0.0021735763874925693,0.19386073154553857
1977-10-24,0.0,-0.03458827418754783,0.17084285774902305
1977-10-25,0.0,-0.042012447993154844,0.18216972046611377
1977-10-26,0.0,-0.02234729869199655,0.18019951209548307
1977-10-27,0.0,-0.007835802512496883,0.23566233995678254
1977-10-28,0.0,-0.020050797045561078,0.22498897967966752
1977-10-31,1.0,0.0006190034242837364,0.21787507838138784
1977-11-01,0.0,-0.02051672835950959,0.19598308314990584
1977-11-02,0.0,-0.00901887624683907,0.21279082025257395
1977-11-03,0.0,-0.024342597749212498,0.17818429908979225
1977-11-04,0.0,-0.044054559423597844,0.15654356965108793
1977-11-07,0.0,-0.04235060616220895,0.1649075164212715
1977-11-08,0.0,-0.030496741969520926,0.19664933532067133
1977-11-09,0.0,-0.04393629164961381,0.17220843855088094
1977-11-10,0.0,-0.036611776669451875,0.21307557529352994
1977-11-11,0.0,-0.05759631507394533,0.18985998236671603
1977-11-14,0.0,-0.039511312273842185,0.265505036796621
1977-11-15,0.0,-0.031540475495581755,0.3160612686076991
1977-11-16,0.0,-0.000936475798110487,0.3757054549192078
1977-11-17,1.0,0.0012598426863205112,0.3588755701530761
1977-11-18,0.0,-0.00529843845120845,0.31790975138822297
1977-11-21,1.0,0.015104126033676363,0.4218487745927904
1977-11-22,1.0,0.021226838495811733,0.4459502765850642
1977-11-23,1.0,0.006257842699504494,0.393756105479875
1977-11-24,1.0,0.0031416928134443615,0.3913782397326642
1977-11-25,1.0,0.04213758444840453,0.4217747267145391
1977-11-28,1.0,0.026863642269548252,0.40282893261847785
1977-11-29,1.0,0.035481124264307815,0.5019670830248725
1977-11-30,1.0,0.0555951807562508,0.48431778220266414
1977-12-01,1.0,0.06957494368033552,0.5177369947167507
1977-12-02,1.0,0.042848286659716205,0.5535570509279709
1977-12-05,1.0,0.0631661064529871,0.5644506252277127
1977-12-06,1.0,0.06303206952377134,0.5703509568780482
1977-12-07,1.0,0.07682240256665612,0.5657519445180073
1977-12-08,1.0,0.06758313578619529,0.5627405247323766
1977-12-09,1.0,0.09039574132343892,0.670747753651061
1977-12-12,1.0,0.08246179056981436,0.6046530944613205
1977-12-13,1.0,0.10415420460077769,0.6560721345036749
1977-12-14,1.0,0.07720391538050872,0.5205026885890307
1977-12-15,1.0,0.07924337616275005,0.5698475244380855
1977-12-16,1.0,0.08071555818193173,0.5784891809005797
1977-12-19,1.0,0.07778195007868426,0.5958919031262376
1977-12-20,1.0,0.09388425627739172,0.5988488411729553
1977-12-21,1.0,0.09599049050577167,0.5894338448944366
1977-12-22,1.0,0.10755384255935582,0.6354758702119666
1977-12-28,1.0,0.06461436777570533,0.5426001209233606
1977-12-29,1.0,0.060766355216147636,0.6112702777023693
1977-12-30,1.0,0.06028578082770062,0.6221155931039596
1978-01-03,1.0,0.03798108351865142,0.5976874283874897
1978-01-04,1.0,0.026132140276848122,0.6224994013553259
1978-01-05,1.0,0.05374953907686773,0.7296303306984002
1978-01-06,1.0,0.03100349723681303,0.6888225767561545
1978-01-09,1.0,0.03094073617139447,0.7095040459022108
1978-01-10,1.0,0.012058716320127394,0.6946982071348969
1978-01-11,1.0,0.012985321690346406,0.7231347607865151
1978-01-12,0.0,-0.0040415759401618186,0.6357870205012248
1978-01-13,1.0,0.012390304022651932,0.6457771350244352
1978-01-16,1.0,0.011935350549272633,0.6029638553201423
1978-01-17,1.0,0.025404534492301463,0.6283114834778399
1978-01-18,1.0,0.03794493156412347,0.585232731551478
1978-01-19,1.0,0.03344983056253291,0.6152448299425156
1978-01-20,1.0,0.0363160475122629,0.5940588948710938
1978-01-23,1.0,0.03945119238647643,0.5592095710388277
1978-01-24,1.0,0.027942583537800308,0.5337659984350923
1978-01-25,1.0,0.020354808425615857,0.4958646017851036
1978-01-26,1.0,0.041231466988953164,0.5497602263338388
1978-01-27,1.0,0.024360717466183086,0.550232247924146
1978-01-30,1.0,0.031463269455785106,0.5366222251581174
1978-01-31,1.0,0.036316840197993285,0.5672168927840529
1978-02-01,1.0,0.03399602944985518,0.5927692159793586
1978-02-02,1.0,0.05236506756006125,0.4885016899611457
1978-02-03,1.0,0.04572862488659159,0.5010425446296538
1978-02-06,1.0,0.04889862992147733,0.48147093704717997
1978-02-07,1.0,0.061161678757377956,0.5079092723870585
1978-02-08,1.0,0.08567256068560686,0.5116314652206453
1978-02-09,1.0,0.08561226929547322,0.5729652159565973
1978-02-10,1.0,0.06271125132189649,0.5103472180467626
1978-02-13,1.0,0.0522815065100411,0.49273450290002324
1978-02-14,1.0,0.058300815040866275,0.46475973629978035
1978-02-15,1.0,0.04247795748286876,0.4151819105172945
1978-02-16,1.0,0.02695432709115436,0.43134022244715203
1978-02-17,1.0,0.02068183464641365,0.4252126237419148
1978-02-20,0.0,-0.006882339622941789,0.4074278623820363
1978-02-21,0.0,-0.023136920578917024,0.460919244203004
1978-02-22,0.0,-0.009986213362794729,0.48524914195581004
1978-02-23,0.0,-0.021518071628942537,0.4573988455424258
1978-02-24,1.0,0.016733348882712766,0.5047325063094574
1978-02-27,1.0,0.003313089722959973,0.46098675157333296
1978-02-28,0.0,-0.013812374287611472,0.4628963844183034
1978-03-01,0.0,-0.0049437068553532994,0.4710120180628949
1978-03-02,0.0,-0.0046239712470814666,0.4354010657361428
1978-03-03,0.0,-0.0162113730283554,0.45534577260586423
1978-03-06,0.0,-0.03307909097658443,0.43622661841193516
1978-03-07,0.0,-0.0285928259938432,0.4238216503501556
1978-03-08,0.0,-0.0590797630938201,0.39236726421965074
1978-03-09,0.0,-0.052328013497724445,0.3821742851756643
1978-03-10,0.0,-0.03447673885929919,0.42810515213572115
1978-03-13,0.0,-0.03547438819365988,0.43359448414833895
1978-03-14,0.0,-0.051559216473946776,0.42637791161417765
1978-03-15,0.0,-0.043038024705573615,0.4673001917390219
1978-03-16,0.0,-0.055515578543470674,0.48410422488857696
1978-03-17,0.0,-0.05440085285311589,0.4945173209025882
1978-03-20,0.0,-0.03571306001298478,0.5348209339838454
1978-03-21,0.0,-0.050610771400092465,0.5503247029087022
1978-03-22,0.0,-0.04826061385674628,0.5294959446193378
1978-03-23,0.0,-0.06212463081867088,0.5599277126717246
1978-03-28,0.0,-0.09196973700934921,0.5363406334488077
1978-03-29,0.0,-0.0713977138672818,0.5860512001231751
1978-03-30,0.0,-0.11078394260281849,0.5866801790811973
1978-03-31,0.0,-0.06102048760589211,0.584641352792505
1978-04-03,0.0,-0.08236273600861006,0.6005393149291522
1978-04-04,0.0,-0.05728877918902358,0.6508447783068625
1978-04-05,0.0,-0.02900402342434855,0.6985881421565163
1978-04-06,0.0,-0.046362174895870405,0.7052969874855478
1978-04-07,0.0,-0.03928771707303569,0.7492566093960492
1978-04-10,0.0,-0.03415243701274946,0.7383498538416651
1978-04-11,0.0,-0.031964254270148186,0.6847938810558417
1978-04-12,0.0,-0.02617287430402331,0.7024915708327223
1978-04-13,0.0,-0.02207845130238779,0.7460506201050013
1978-04-14,0.0,-0.018375075304994343,0.7326912514594641
1978-04-17,1.0,0.008569032725101367,0.7780596388072946
1978-04-18,1.0,0.022793009528556566,0.7693774007923364
1978-04-19,1.0,0.01843762341894852,0.7428104064591846
1978-04-20,1.0,0.05903542105934397,0.7056945393821579
1978-04-21,1.0,0.047423910419284725,0.6932706791691151
1978-04-24,1.0,0.06463124680873958,0.7156245250377771
1978-04-25,1.0,0.06773947671245811,0.7130415155061836
1978-04-26,1.0,0.05584184462864432,0.6903504132182184
1978-04-27,1.0,0.1091135635952786,0.6819221112325857
1978-04-28,1.0,0.0648677031233166,0.7607318655015681
1978-05-02,1.0,0.08644381907731996,0.8265472723428874
1978-05-03,1.0,0.071044154257509,0.8120004848041705
1978-05-04,1.0,0.06397936310675063,0.8086875900447258
1978-05-05,1.0,0.05762448319628988,0.8480653484377771
1978-05-08,1.0,0.05011664421801985,0.8362577236541211
1978-05-09,1.0,0.05765690631258282,0.8414676239153321
1978-05-10,1.0,0.04853006656291705,0.8529483471528422
1978-05-11,1.0,0.03336914117461827,0.856538234966271
1978-05-12,1.0,0.03266056063292477,0.8771783187477442
1978-05-15,1.0,0.039714391339989774,0.8436873212814221
1978-05-16,1.0,0.043957006970003314,0.8232362342568694
1978-05-17,1.0,0.025859914539102413,0.8161837877796839
1978-05-18,1.0,0.036969727396962325,0.8202298894713732
1978-05-19,1.0,0.03192345932933784,0.7600182312202597
1978-05-22,1.0,0.039928738543040194,0.7827852900128961
1978-05-23,1.0,0.036059629324111296,0.7586431950216678
1978-05-24,1.0,0.032358183666618294,0.7430405192763362
1978-05-25,1.0,0.03817571906420797,0.7433888301469033
1978-05-26,1.0,0.031809646582579974,0.5884353413475459
1978-05-30,1.0,0.010639849384828565,0.5810349148334755
1978-05-31,1.0,0.006495286705666858,0.555151401877922
1978-06-01,1.0,0.007078711834356643,0.574467429311214
1978-06-02,0.0,-0.009244220262065872,0.5853151105682555
1978-06-05,1.0,0.001092001200515683,0.595184937753733
1978-06-06,1.0,0.018334074910843195,0.5742114839157554
1978-06-07,1.0,0.006809232355990719,0.5576561289486912
1978-06-08,1.0,0.0008211304690197618,0.5783055011130984
1978-06-09,1.0,0.01451086378997792,0.6067317728776324
1978-06-12,1.0,0.030284677019695973,0.5741408753021813
1978-06-13,1.0,0.017126964792800636,0.5192230816531159
1978-06-14,1.0,0.014054285386462875,0.5021615358546726
1978-06-15,1.0,0.02467252709310407,0.5559984458953771
1978-06-16,1.0,0.007555351644449403,0.5141243189982496
1978-06-19,1.0,0.0024347367634131875,0.5340055847675951
1978-06-20,0.0,-0.00888655370122934,0.5696753261479988
1978-06-21,0.0,-0.00349415756660731,0.5814372976543205
1978-06-22,1.0,0.016591228850948554,0.5861687474996371
1978-06-23,1.0,0.03286805274075894,0.5978794681639241
1978-06-26,1.0,0.05231840980279584,0.6085625062626127
1978-06-27,1.0,0.047949855144839376,0.6309111916864951
1978-06-28,1.0,0.04715742678665313,0.6279673151230786
1978-06-29,1.0,0.051550993139137635,0.6335946259224982
1978-06-30,1.0,0.09503699307950064,0.640083507471779
1978-07-03,1.0,0.08871524518170777,0.6139916842028135
1978-07-04,1.0,0.10639035395584148,0.5668530117051025
1978-07-05,1.0,0.09841462460671364,0.5898112707739176
1978-07-06,1.0,0.10113820795648319,0.6116167504257972
1978-07-07,1.0,0.09137350801239148,0.5800575379373721
1978-07-10,1.0,0.09234960705918328,0.5482999239981103
1978-07-11,1.0,0.10942233614725148,0.5852653533897357
1978-07-12,1.0,0.10993938858137776,0.564684518186514
1978-07-13,1.0,0.10079736185341048,0.5460823916938699
1978-07-14,1.0,0.12682210766675137,0.5847018006924363
1978-07-17,1.0,0.14301077383651412,0.5701035967241862
1978-07-18,1.0,0.14268600690904848,0.5733068645405403
1978-07-19,1.0,0.14998786160487732,0.5539166109470088
1978-07-20,1.0,0.1037668898225482,0.5534342509637762
1978-07-21,1.0,0.09921389328479811,0.5830028521047754
1978-07-24,1.0,0.04849738126586195,0.5108775946164957
1978-07-25,1.0,0.07040590958114176,0.5000768697136164
1978-07-26,1.0,0.029913510497725723,0.4984806345151493
1978-07-27,1.0,0.045090121226871956,0.49461850878594754
1978-07-28,0.0,-0.016529301951210582,0.4822535391356312
1978-07-31,0.0,-0.0027503455266990997,0.5256383919008224
1978-08-01,0.0,-0.001463771912982134,0.5165072040127222
1978-08-02,1.0,0.026461065655234955,0.5377610179250802
1978-08-03,1.0,0.028280773114947068,0.49421066976940525
1978-08-04,1.0,0.0481875089231579,0.483126482373941
1978-08-07,1.0,0.02611998554122899,0.4773826366721898
1978-08-08,1.0,0.02410905647727106,0.4700683359269212
1978-08-09,1.0,0.012187986933515462,0.468301077937058
1978-08-10,0.0,-0.0029097983673436675,0.47803566656870256
1978-08-11,0.0,-0.026393086703519527,0.402366576651312
1978-08-14,0.0,-0.0260987529673613,0.38141822907272854
1978-08-15,0.0,-0.016552754383815173,0.3555132300688998
1978-08-16,0.0,-0.030590620593952646,0.33844203161828257
1978-08-17,1.0,0.014959319683522973,0.44619604220673786
1978-08-18,0.0,-0.008298802814695066,0.43777520426453087
1978-08-21,1.0,0.03146650867364348,0.5481535001355179
1978-08-22,1.0,0.029455811290612737,0.473764257671477
1978-08-23,1.0,0.0743398562127321,0.5784632627662843
1978-08-24,1.0,0.05440421400219877,0.532369250149961
1978-08-25,1.0,0.09806121317621473,0.6132055223549098
1978-08-29,1.0,0.08882495429794207,0.5618135960947556
1978-08-30,1.0,0.047673469469356904,0.5952982393170626
1978-08-31,1.0,0.043138427867419143,0.5811156424650189
1978-09-01,1.0,0.04281999718292814,0.6169571888433314
1978-09-04,1.0,0.026133078397913536,0.5842085003676037
1978-09-05,1.0,0.05548597288149265,0.6621533505063327
1978-09-06,1.0,0.05282513938161114,0.6608274339575171
1978-09-07,1.0,0.05633992114088572,0.7170318608583971
1978-09-08,1.0,0.0802294874047431,0.7230679358827287
1978-09-11,1.0,0.07852666257561766,0.7535843981396045
1978-09-12,1.0,0.07989476773688081,0.7574086484491932
1978-09-13,1.0,0.07618361473161758,0.7433316144478372
1978-09-14,1.0,0.0750121544848203,0.7580983615719077
1978-09-15,1.0,0.05658213553397504,0.6856704643614033
1978-09-18,1.0,0.061856355917631604,0.7122724574755558
1978-09-19,1.0,0.07425997222157024,0.6308230038021353
1978-09-20,1.0,0.06961689646819999,0.6352116834166945
1978-09-21,1.0,0.04532840317915798,0.5347390533119698
1978-09-22,1.0,0.06151611361546423,0.5922753110914082
1978-09-25,1.0,0.037519845124495875,0.4720830507605271
1978-09-26,1.0,0.03400845699585015,0.48931125214486143
1978-09-27,1.0,0.07227735372574012,0.5417077120075122
1978-09-28,1.0,0.07000199959423806,0.5551294258772629
1978-09-29,1.0,0.07709751100208789,0.5516966461608352
1978-10-02,1.0,0.11167403028718806,0.5868973933038726
1978-10-03,1.0,0.09144297623541325,0.5370746319537009
1978-10-04,1.0,0.01773882433738163,0.54845494494389
1978-10-05,0.0,-0.005402984778131535,0.5410290506612854
1978-10-06,0.0,-0.036052273150857496,0.47333192448471023
1978-10-09,0.0,-0.05759482653458201,0.4515340702672723
1978-10-10,0.0,-0.04053538076730508,0.4527221403082413
1978-10-11,0.0,-0.033703482091665495,0.48291230960892223
1978-10-12,0.0,-0.05396870152930309,0.4720809235443188
1978-10-13,0.0,-0.08478668196751862,0.5021555361858643
1978-10-16,0.0,-0.07094515323551162,0.4771900072924449
1978-10-17,0.0,-0.07639040266400118,0.45492024394799396
1978-10-18,0.0,-0.11486698578865485,0.4621054480501132
1978-10-19,0.0,-0.13934102499059478,0.5173571687812043
1978-10-20,0.0,-0.14111183310731082,0.48257508353935824
1978-10-23,0.0,-0.13129731734154637,0.5244090360889898
1978-10-24,0.0,-0.1203327848344416,0.5161704308015066
1978-10-25,0.0,-0.14867989163595732,0.4372891871409889
1978-10-26,0.0,-0.14329835499821833,0.45146450283510675
1978-10-27,0.0,-0.1457285344283797,0.447735824577549
1978-10-30,0.0,-0.2017469123206618,0.425000323359566
1978-10-31,0.0,-0.2125343238543882,0.48303723727810943
1978-11-01,0.0,-0.15107848079028813,0.702169005869495
1978-11-02,0.0,-0.13566200646599635,0.6956043487244533
1978-11-03,0.0,-0.1003647542311645,0.7130876402992609
1978-11-06,0.0,-0.052547213047144305,0.7172649260918474
1978-11-07,0.0,-0.09674407075052825,0.7324063639408129
1978-11-08,0.0,-0.10876871388530834,0.7428890757994294
1978-11-09,0.0,-0.0747921267993515,0.7564447773760143
1978-11-10,0.0,-0.020821327813585627,0.7508298669863568
1978-11-13,0.0,-0.005299940134219656,0.6976939701812334
1978-11-14,0.0,-0.04408560815727463,0.7208918051548004
1978-11-15,0.0,-0.006388228113128538,0.8059216920146568
1978-11-16,1.0,0.038475892561800985,0.7934459804987131
1978-11-17,1.0,0.03791806002887052,0.8067153979884836
1978-11-20,1.0,0.06827180024573429,0.821539823456795
1978-11-21,1.0,0.07734946607789307,0.8130718516524751
1978-11-22,1.0,0.08474750984239775,0.8288138807202412
1978-11-23,1.0,0.04867257936125363,0.8645207951463849
1978-11-24,1.0,0.05937598281573008,0.8952987330631517
1978-11-27,1.0,0.10561250003612821,0.9153457602103873
1978-11-28,1.0,0.11769806305999463,0.9162553652685392
1978-11-29,1.0,0.144463241671569,0.8627677859702125
1978-11-30,1.0,0.15930798883440306,0.8532593566588195
1978-12-01,1.0,0.11604050168597348,0.8109536032498779
1978-12-04,1.0,0.11328387340495451,0.7920686749864596
1978-12-05,1.0,0.13816676302236747,0.8305850885865967
1978-12-06,1.0,0.12823074477596902,0.8457049003846714
1978-12-07,1.0,0.1218650163292895,0.8143475241115107
1978-12-08,1.0,0.08853661586148583,0.7618113739190547
1978-12-11,1.0,0.06385894245018717,0.7971561952601491
1978-12-12,1.0,0.0748859896629957,0.8505035660687582
1978-12-13,1.0,0.06673908062891896,0.7804933429838592
1978-12-14,1.0,0.07845774187133976,0.7014348211628304
1978-12-15,1.0,0.10011819947657824,0.706772491886768
1978-12-18,1.0,0.08483663254653075,0.7175856706551731
1978-12-19,1.0,0.06380142569370145,0.7842992071221725
1978-12-20,1.0,0.0815331795772688,0.7832998098053907
1978-12-21,1.0,0.07866684301534782,0.8023335302362037
1978-12-22,1.0,0.09315240781778279,0.7753016652965211
1978-12-27,1.0,0.05878218928499445,0.7315701821025512
1978-12-28,1.0,0.06492084097400737,0.7447023068506873
1978-12-29,1.0,0.03990121675218591,0.7422920735314235
1979-01-02,1.0,0.029113505255354846,0.7237342070676412
1979-01-03,1.0,0.066794665802374,0.7485090268828385
1979-01-04,1.0,0.02740502996790201,0.7256610585380433
1979-01-05,1.0,0.021062647883906434,0.6949905116918185
1979-01-08,1.0,0.08585277988359089,0.6893366609100041
1979-01-09,1.0,0.08756925705988693,0.7056873770129323
1979-01-10,1.0,0.13103621156359477,0.7218445689370684
1979-01-11,1.0,0.12688118480936333,0.7110016517335263
1979-01-12,1.0,0.12571716333180347,0.6498058753911167
1979-01-15,1.0,0.11898642064151692,0.6195532092136032
1979-01-16,1.0,0.08655806782502222,0.6176075309045314
1979-01-17,1.0,0.05729286269153009,0.6920283080592767
1979-01-18,1.0,0.06676096876413283,0.7278967304634195
1979-01-19,1.0,0.06912298663904454,0.7590170567119731
1979-01-22,1.0,0.0542463765535963,0.7746065486561295
1979-01-23,1.0,0.07130902770478184,0.757448694420226
1979-01-24,1.0,0.060200982750577677,0.7804006754590508
1979-01-25,1.0,0.07613712861437624,0.8222071291739494
1979-01-26,1.0,0.06395436244222041,0.8064467581989505
1979-01-29,1.0,0.05540896305213881,0.7897578918376414
1979-01-30,1.0,0.05984336193219284,0.7727708573878227
1979-01-31,1.0,0.0726092030047343,0.6231389855437101
1979-02-01,1.0,0.08140013982184335,0.6297449651685177
1979-02-02,1.0,0.07404593933834265,0.6368314642239998
1979-02-05,0.0,-0.020572154075208206,0.7139144790497002
1979-02-06,0.0,-0.01961859515137915,0.7601557469531489
1979-02-07,0.0,-0.03787027405540985,0.6443326508717898
1979-02-08,0.0,-0.046158898448442905,0.6795416884839566
1979-02-09,0.0,-0.02357874482293602,0.637021798781753
1979-02-12,0.0,-0.017553367580900866,0.5774821509618528
1979-02-13,0.0,-0.006253929076299456,0.5631847477813
1979-02-14,0.0,-0.004790178898148487,0.586159622646912
1979-02-15,0.0,-0.031364669982889816,0.666127423534745
1979-02-16,0.0,-0.012422519998557209,0.6792755584234006
1979-02-19,0.0,-0.023861639926879712,0.6489538029064779
1979-02-20,0.0,-0.02003747268396437,0.596903330970554
1979-02-21,0.0,-0.04423425699639605,0.6079086825918466
1979-02-22,0.0,-0.038373043994517526,0.5834011268813429
1979-02-23,0.0,-0.034451228754245965,0.6105144371718579
1979-02-26,0.0,-0.01356708063113824,0.6134126585951396
1979-02-27,0.0,-0.014423815324981087,0.6000879577096332
1979-02-28,0.0,-0.02784121725210622,0.6060831314736067
1979-03-01,0.0,-0.029779887772397012,0.5400328420515054
1979-03-02,0.0,-0.032373242937774646,0.5240341693672413
1979-03-05,1.0,0.006487414193469196,0.6377231591399044
1979-03-06,1.0,0.0010422095784438116,0.6207900475128342
1979-03-07,0.0,-0.010373537007328057,0.6463084690939208
1979-03-08,1.0,0.006043573672641769,0.6525352550652275
1979-03-09,0.0,-0.005200219727107375,0.6021127656574776
1979-03-12,1.0,0.000832986303891771,0.6089713233279711
1979-03-13,1.0,0.0027148392992685675,0.581390294959868
1979-03-14,0.0,-0.0048132352001353206,0.5807206495079974
1979-03-15,0.0,-0.025948085914982218,0.6226258260318729
1979-03-16,0.0,-0.05086198103171583,0.6343021591231988
1979-03-19,0.0,-0.03807379629453839,0.7044766664520934
1979-03-20,0.0,-0.004968954323187066,0.6834968256404119
1979-03-21,0.0,-0.014696884313705812,0.707957932457507
1979-03-22,0.0,-0.025016939421993078,0.7272024121566287
1979-03-23,0.0,-0.011613568937199217,0.7272536291183009
1979-03-26,0.0,-0.014167160264780073,0.713338910082852
1979-03-27,0.0,-0.008837792597171965,0.7261312831783946
1979-03-28,0.0,-0.0028682666662797444,0.7135190176701158
1979-03-29,1.0,0.015612478171816328,0.716278945049837
1979-03-30,1.0,0.029546671300163106,0.7062787169885261
1979-04-02,1.0,0.027162163686153706,0.571133776303837
1979-04-03,1.0,0.026723070140753508,0.5836335546572154
1979-04-04,1.0,0.03564490428478202,0.6022920461668271
1979-04-05,1.0,0.03390847733907331,0.5522649291613281
1979-04-06,1.0,0.03363039917159532,0.5705699766989029
1979-04-09,1.0,0.04894874958783526,0.5561963719680485
1979-04-10,1.0,0.047846275776246346,0.5923042121084255
1979-04-11,1.0,0.05171275748094915,0.6356796266620741
1979-04-12,1.0,0.0881149923315338,0.7263042049053893
1979-04-17,1.0,0.10082242034933833,0.7386511605489494
1979-04-18,1.0,0.09640111733946889,0.7092388901901077
1979-04-19,1.0,0.06235681542568926,0.6952151175505934
1979-04-20,1.0,0.10281921822915369,0.7546735439306337
1979-04-23,1.0,0.11381109252834636,0.7474554973088362
1979-04-24,1.0,0.09712898216998615,0.737967956777128
1979-04-25,1.0,0.08689074660958385,0.7468144345265351
1979-04-26,1.0,0.11050826716754436,0.7360323588915675
1979-04-27,1.0,0.11645995222318799,0.7482908557526872
1979-04-30,1.0,0.09686550525487393,0.7285399859112015
1979-05-01,1.0,0.10471331880650016,0.7263585672713995
1979-05-02,1.0,0.11058436280403665,0.7219851614609517
1979-05-03,1.0,0.10174343423154789,0.6886479500342243
1979-05-04,1.0,0.10061997523540127,0.6908954625386549
1979-05-08,1.0,0.11753753008105798,0.6962702015354792
1979-05-09,1.0,0.10735489579491092,0.677057063646812
1979-05-10,1.0,0.10436894393553126,0.6470856733561993
1979-05-11,1.0,0.11570444657905188,0.6554773984019088
1979-05-14,1.0,0.10126848938795541,0.6340663657031025
1979-05-15,1.0,0.07935000958689888,0.5366667329576928
1979-05-16,1.0,0.08408311721054144,0.5035171086011608
1979-05-17,1.0,0.08649203135344341,0.5135797696501828
1979-05-18,1.0,0.08088238864412221,0.5379090338662613
1979-05-21,1.0,0.06751595440964579,0.42597850690476946
1979-05-22,1.0,0.058361323981181025,0.41840855300790025
1979-05-23,1.0,0.06645321164911897,0.458215485061221
1979-05-24,1.0,0.07203405598003638,0.44456822741683155
1979-05-25,1.0,0.048173831330199174,0.4275059059894041
1979-05-29,1.0,0.027556899055687045,0.4445448161471135
1979-05-30,1.0,0.04185014294526218,0.45615262576547205
1979-05-31,1.0,0.004722987889369507,0.4532400939182545
1979-06-01,1.0,0.008686265255960232,0.3860708870236248
1979-06-04,1.0,0.03457312287220285,0.3906016839469827
1979-06-05,1.0,0.02373785259555727,0.3706380958553428
1979-06-06,1.0,0.01242251999855711,0.3307213893001779
1979-06-07,1.0,0.0432461504191147,0.35214399627887427
1979-06-08,1.0,0.03595301740875125,0.3669475011567209
1979-06-11,1.0,0.019292075002972812,0.3223175828738695
1979-06-12,1.0,0.04488214777222647,0.32351105351580667
1979-06-13,1.0,0.04834245179992631,0.34635810196855554
1979-06-14,1.0,0.04125200957740821,0.33505928159268894
1979-06-15,1.0,0.026259328900050283,0.33212020611324905
1979-06-18,1.0,0.048104763183038544,0.33721431848728334
1979-06-19,1.0,0.05551199640877698,0.34581272744391467
1979-06-20,1.0,0.07132413692827934,0.35442981445388316
1979-06-21,1.0,0.05797478457659708,0.35923707031135116
1979-06-22,1.0,0.052571362475407786,0.277517651731204
1979-06-25,1.0,0.07153792437747374,0.2898906971341644
1979-06-26,1.0,0.08117630108077846,0.33645940120426254
1979-06-27,1.0,0.073689654923727,0.2919892749924001
1979-06-28,1.0,0.1009288181870616,0.3483127364798886
1979-06-29,1.0,0.09711036030847278,0.3238662384884076
1979-07-02,1.0,0.06475973560589947,0.3183508940275635
1979-07-03,1.0,0.052279124274088526,0.3421427076821981
1979-07-04,1.0,0.023013567959551635,0.3518855945788189
1979-07-05,1.0,0.011211846641378566,0.2794723601536635
1979-07-06,0.0,-0.013004084423206573,0.30399363969376214
1979-07-09,0.0,-0.01805324642227407,0.33877733342848587
1979-07-10,0.0,-0.01876358037333955,0.30307834470743394
1979-07-11,0.0,-0.0044881829181521215,0.28856897857109126
1979-07-12,1.0,0.02160499106978827,0.31661860210857706
1979-07-13,1.0,0.05515606258545837,0.3364777500101052
1979-07-16,1.0,0.023881226372044654,0.2877652728525332
1979-07-17,0.0,-0.014618652311237797,0.27042069735719554
1979-07-18,0.0,-0.0009933775651321758,0.2633452116127679
1979-07-19,0.0,-0.0043551157613441575,0.293456537038869
1979-07-20,1.0,0.006007026239450769,0.2917943432993642
1979-07-23,0.0,-0.02037675074848859,0.30327721329912977
1979-07-24,0.0,-0.015683359015551752,0.2982399052098541
1979-07-25,1.0,0.024905657790927318,0.31233129933403914
1979-07-26,1.0,0.01576627538558514,0.25454328092915857
1979-07-27,1.0,0.02884737942949468,0.27424802520745895
1979-07-30,1.0,0.04967453300885333,0.2963808363182991
1979-07-31,1.0,0.061328787830347356,0.28048308553273255
1979-08-01,1.0,0.09480865956060597,0.2767228614067207
1979-08-02,1.0,0.07785004297268197,0.28778106563465233
1979-08-03,1.0,0.11960414160943522,0.33029939700660005
1979-08-06,1.0,0.1394389176301928,0.3068328959294698
1979-08-07,1.0,0.1432177548467455,0.3184068400314366
1979-08-08,1.0,0.14919526829930424,0.34706508173636774
1979-08-09,1.0,0.10244479144532352,0.37769522978710923
1979-08-10,1.0,0.10179862409146584,0.3909008488159071
1979-08-13,1.0,0.12786684375303045,0.4858306306157043
1979-08-14,1.0,0.14362581997173346,0.563530057297487
1979-08-15,1.0,0.09806212331419614,0.6087052182574193
1979-08-16,1.0,0.14927056917449372,0.6437880870018837
1979-08-17,1.0,0.15730656650932745,0.6539670860971531
1979-08-20,1.0,0.22931692538736353,0.719000761842889
1979-08-21,1.0,0.20534889006526494,0.708103812669792
1979-08-22,1.0,0.20037834054119733,0.6661103190504358
1979-08-23,1.0,0.17406306924464016,0.6953594017172559
1979-08-24,1.0,0.18944465774677863,0.658199152537709
1979-08-28,1.0,0.17333629549674684,0.6533700891253924
1979-08-29,1.0,0.17037976672117217,0.6663013777742902
1979-08-30,1.0,0.21511643651974435,0.5633490550475899
1979-08-31,1.0,0.2316757566535963,0.6049699760848489
1979-09-03,1.0,0.25033325130632433,0.5202935399120977
1979-09-04,1.0,0.2706141639396329,0.49988969380761694
1979-09-05,1.0,0.20039433785364907,0.46982895086126986
1979-09-06,1.0,0.13502059617599038,0.42727285427591777
1979-09-07,1.0,0.15672976037389863,0.5225925376599733
1979-09-10,1.0,0.10089023552692267,0.5151528304286458
1979-09-11,1.0,0.12784515347287784,0.46482425136601824
1979-09-12,1.0,0.2030679707210176,0.42006981037973734
1979-09-13,1.0,0.18721520483018506,0.44750933989154573
1979-09-14,1.0,0.13302519165193166,0.4142788488013039
1979-09-17,1.0,0.13576769620280302,0.4142685311913748
1979-09-18,1.0,0.04806119721006386,0.41293411045022915
1979-09-19,1.0,0.045040725424303596,0.48442526229104005
1979-09-20,1.0,0.001314924581309022,0.48488329170530114
1979-09-21,1.0,0.06301296782873396,0.5357412088400447
1979-09-24,1.0,0.03003850911922733,0.515682505954639
1979-09-25,1.0,0.0217942195897889,0.552040714219861
1979-09-26,1.0,0.05529864019622565,0.5274952434571354
1979-09-27,0.0,-0.009399281697268108,0.5577898913857031
1979-09-28,0.0,-0.057639779446414505,0.5310710252337317
1979-10-01,0.0,-0.10342013165602193,0.5183820127768789
1979-10-02,0.0,-0.1206039119980248,0.45201713547943095
1979-10-03,0.0,-0.051031480012445875,0.6015637197492949
1979-10-04,0.0,-0.014426479710223353,0.5686672518374823
1979-10-05,0.0,-0.03220125147634807,0.49876157570506496
1979-10-08,1.0,0.023905520853554386,0.5124800626453199
1979-10-09,0.0,-0.0038956029008304625,0.5217672663910999
1979-10-10,0.0,-0.0445618280599109,0.6268775138056101
1979-10-11,0.0,-0.03034366807601342,0.6155896563276817
1979-10-12,0.0,-0.014021899590318876,0.6217487326434111
1979-10-15,0.0,-0.02424285025891433,0.5661023250493344
1979-10-16,0.0,-0.01804387044072586,0.6507018926987453
1979-10-17,1.0,0.010309369658861287,0.6732983541801798
1979-10-18,1.0,0.014351192163090288,0.7402499879550628
1979-10-19,0.0,-0.006765839302961224,0.6870823554395247
1979-10-22,0.0,-0.0054997900348535775,0.7873732526551162
1979-10-23,1.0,0.007117467768863955,0.7416644694139537
1979-10-24,1.0,0.0029071625101289734,0.6376834687672819
1979-10-25,1.0,0.0034397129270846505,0.7412570727333117
1979-10-26,1.0,0.04433581382005162,0.7923482813036534
1979-10-29,1.0,0.05526267867504952,0.7791598335827266
1979-10-30,1.0,0.04188075586849716,0.8280878165861313
1979-10-31,1.0,0.07365910553438015,0.7828624603805044
1979-11-01,1.0,0.08407885589835545,0.7429598022487593
1979-11-02,1.0,0.10880147716566081,0.7266174234931513
1979-11-05,1.0,0.11807462335344864,0.6641690128162321
1979-11-06,1.0,0.11514852202398901,0.7378991705347604
1979-11-07,1.0,0.07649210795051281,0.7668110271797985
1979-11-08,1.0,0.10760446595026599,0.7682624465196034
1979-11-09,1.0,0.09985114353677173,0.7721672940172774
1979-11-12,1.0,0.0920105154599462,0.8111027022146208
1979-11-13,1.0,0.14025589150844212,0.786475224404725
1979-11-14,1.0,0.13473259397015666,0.7443561734156406
1979-11-15,1.0,0.17277701579038485,0.7557367940401668
1979-11-16,1.0,0.1572018857755004,0.7915816870343865
1979-11-19,1.0,0.18590624889270863,0.7862589279197838
1979-11-20,1.0,0.20809864033956332,0.7568438551431769
1979-11-21,1.0,0.20954654407158663,0.7534237622632773
1979-11-22,1.0,0.18172788363598727,0.7838691876199455
1979-11-23,1.0,0.18804494284663995,0.6756945091212873
1979-11-26,1.0,0.25880614894992643,0.6663731403923504
1979-11-27,1.0,0.35132733761213714,0.715997179505981
1979-11-28,1.0,0.4329692402962706,0.7154269680381463
1979-11-29,1.0,0.3564320191227679,0.7611408423316682
1979-11-30,1.0,0.42141643978409676,0.70276720084362
1979-12-03,1.0,0.3525849586872073,0.7407040061047621
1979-12-04,1.0,0.34228620648663294,0.7878683848823035
1979-12-05,1.0,0.34629053671168514,0.8025315095673258
1979-12-06,1.0,0.36207818752638427,0.7694133540455135
1979-12-07,1.0,0.42752482617289655,0.7943468304834352
1979-12-10,1.0,0.46150186022421713,0.7989745419942385
1979-12-11,1.0,0.5341211863695128,0.7641227406893518
1979-12-12,1.0,0.5191938734365074,0.7433359560750991
1979-12-13,1.0,0.5988173395956399,0.7087821507116482
1979-12-14,1.0,0.6209906911425617,0.7135455431284592
1979-12-17,1.0,0.45159778956565727,0.6618280335010125
1979-12-18,1.0,0.37545240316858064,0.6643800583966234
1979-12-19,1.0,0.383736369116783,0.6953959334989007
1979-12-20,1.0,0.34836907146313356,0.7024334880458903
1979-12-21,1.0,0.27684358573232526,0.6483178089843947
1979-12-28,1.0,0.27527633698033155,0.7130147460719447
1980-01-02,1.0,0.21109629601569,0.7641013470966526
1980-01-03,1.0,0.02952817483920517,0.8941108972137045
1980-01-04,1.0,0.1402054997122158,0.9208719428218342
1980-01-07,1.0,0.055644508663524474,0.9240576672177159
1980-01-08,1.0,0.11157070067610525,0.937260791071959
1980-01-09,1.0,0.15499730045070728,0.9149357489439006
1980-01-10,1.0,0.1483399225187493,0.8817636593760881
1980-01-11,1.0,0.10503943683021638,0.8950016022922787
1980-01-14,1.0,0.07372911251668401,0.8886625115952224
1980-01-15,1.0,0.015234244571847987,0.8447612353224062
1980-01-16,0.0,-0.08689176691831914,0.8238251749355355
1980-01-17,0.0,-0.09504354868689403,0.7464019172657872
1980-01-18,0.0,-0.22464167893523174,0.8336046016780082
1980-01-21,0.0,-0.2507263659293518,0.810507677511366
1980-01-22,0.0,-0.12283816419713703,0.9025244622795013
1980-01-23,0.0,-0.13703185949547764,0.8215895539221658
1980-01-24,0.0,-0.07528879994376618,0.8012907359488148
1980-01-25,0.0,-0.0585683541510673,0.7451073626893903
1980-01-28,0.0,-0.012092045765028633,0.5892111179144678
1980-01-29,0.0,-0.04862332602984644,0.5786210900015586
1980-01-30,0.0,-0.08294126042754775,0.6537231834912347
1980-01-31,0.0,-0.010777625493829266,0.8309559881120957
1980-02-01,0.0,-0.060162792038679344,0.495480051216841
1980-02-04,0.0,-0.05524995351932519,0.6126154382969818
1980-02-05,0.0,-0.07732767725389257,0.7112678611273212
1980-02-06,0.0,-0.09693349949594611,0.7904746687015966
1980-02-07,0.0,-0.11065796098197056,0.7810248630310044
1980-02-08,0.0,-0.1277676879077726,0.8551953718299921
1980-02-11,0.0,-0.1943571003052988,0.9233530109087756
1980-02-12,0.0,-0.197117301029901,0.9263913135015468
1980-02-13,0.0,-0.17361895326632093,0.945539588606369
1980-02-14,0.0,-0.2033624871278625,0.9584033482934029
1980-02-15,0.0,-0.2432085818507008,0.967894699394126
1980-02-18,0.0,-0.3124250768383786,0.9793262467522394
1980-02-19,0.0,-0.30352169277865765,0.898428111080004
1980-02-20,0.0,-0.1396794375279521,0.8480004540492496
1980-02-21,0.0,-0.17006613513315777,0.886170894660392
1980-02-22,0.0,-0.1823215567939546,0.883280633993476
1980-02-25,0.0,-0.0992514318841317,0.7277300120636853
1980-02-26,0.0,-0.16007189958702064,0.809422929190845
1980-02-27,0.0,-0.22570185242417978,0.8604792064173233
1980-02-28,0.0,-0.2861352817334822,0.8134304148597041
1980-02-29,0.0,-0.262364264467491,0.8685735287285616
1980-03-03,0.0,-0.24810740384262606,0.8625183753803454
1980-03-04,0.0,-0.21427212792679,0.8900275363860829
1980-03-05,0.0,-0.25131442828090605,0.9413544310502693
1980-03-06,0.0,-0.253656282842549,0.9135836030415869
1980-03-07,0.0,-0.1427219840036355,0.9251505377769473
1980-03-10,0.0,-0.05444716048457272,0.9476522460233702
1980-03-11,0.0,-0.0807736484267875,0.9222608163776561
1980-03-12,0.0,-0.0989877550416988,0.9314322276371871
1980-03-13,0.0,-0.04926197356719107,0.9394469317546253
1980-03-14,0.0,-0.04998590746627545,0.9377926725645387
1980-03-17,1.0,0.07174390485884131,0.9397528399983341
1980-03-18,1.0,0.06336961393258919,0.9113754447976354
1980-03-19,0.0,-0.02186927747632998,0.8834167481587374
1980-03-20,0.0,-0.10318423623523075,0.9675681433003975
1980-03-21,0.0,-0.04400164743763489,0.9681999936304206
1980-03-24,0.0,-0.0972825670315292,0.9690367993854706
1980-03-25,0.0,-0.05938053534605901,0.9854652240009255
1980-03-26,1.0,0.08314512777761475,0.9853021020984432
1980-03-27,1.0,0.07730444773290976,0.9868585777754161
1980-03-28,1.0,0.047331374705772145,0.9852255971708506
1980-03-31,1.0,0.0464280911967163,0.9921534913662442
1980-04-01,0.0,-0.03902446155810723,0.9933506813702453
1980-04-02,1.0,0.023693112257288044,0.9927576672798067
1980-04-03,1.0,0.053606622755013746,0.9879507932679261
1980-04-08,0.0,-0.034685557987889984,0.9931562558056581
1980-04-09,0.0,-0.07154253479592258,0.9933516603942537
1980-04-10,0.0,-0.034327760229253844,0.9946622133160831
1980-04-11,0.0,-0.033056902154994856,0.9964824986808628
1980-04-14,0.0,-0.034080572108900635,0.9957795891921334
1980-04-15,1.0,0.053802705992976194,0.9928396220154613
1980-04-16,0.0,-0.0057859370670438875,0.9799618573674919
1980-04-17,1.0,0.006799443388923675,0.9617561820089128
1980-04-18,0.0,-0.003594505254587959,0.9717752177995961
1980-04-21,1.0,0.003452531173028446,0.9839568379126304
1980-04-22,1.0,0.021853414214623963,0.9386870360063685
1980-04-23,0.0,-0.010918222603873316,0.9319179032735229
1980-04-24,0.0,-0.008666493699901828,0.9416816788273427
1980-04-25,0.0,-0.06886336297158571,0.9055094942295551
1980-04-28,1.0,0.004282661792000949,0.89542579882839
1980-04-29,1.0,0.011322518986000066,0.9135680602575965
1980-04-30,1.0,0.033225647628320386,0.8864159850501798
1980-05-01,1.0,0.13620638307382565,0.933136792451472
1980-05-02,1.0,0.0751527223793447,0.9068787255686717
1980-05-06,1.0,0.10896377222230219,0.9061735570866323
1980-05-07,1.0,0.1316300764640296,0.934297198005926
1980-05-08,1.0,0.1462949614412409,0.9461334514400426
1980-05-09,1.0,0.20477619455727245,0.9108502287290499
1980-05-12,1.0,0.16281114203577193,0.8743564303694641
1980-05-13,1.0,0.15191604202584197,0.9007294312154974
1980-05-14,1.0,0.11672427430814139,0.8159460591223224
1980-05-15,1.0,0.16278968587670856,0.8680433708667569
1980-05-16,1.0,0.14148611698593655,0.8762648734456974
1980-05-19,1.0,0.14134748258364896,0.8270719422582827
1980-05-20,1.0,0.17109846490431602,0.8015811191682312
1980-05-21,1.0,0.15401156874683639,0.7469802472993097
1980-05-22,1.0,0.18514524441049504,0.7827763129722134
1980-05-23,1.0,0.15422053418095935,0.7840557473927356
1980-05-27,1.0,0.15813872100521395,0.8453951997623229
1980-05-28,1.0,0.16749229676483257,0.7359432419427804
1980-05-29,1.0,0.1838920447691878,0.7226559651092037
1980-05-30,1.0,0.17435338714477774,0.6933606744967711
1980-06-02,1.0,0.1517307588857788,0.5355827571373895
1980-06-03,1.0,0.17778640162856332,0.6900227237563886
1980-06-04,1.0,0.14624550032014497,0.6624602432296794
1980-06-05,1.0,0.13148805158986113,0.6025434614530742
1980-06-06,1.0,0.11012302622616134,0.6719162919463623
1980-06-09,1.0,0.06778974320867613,0.6984344200939817
1980-06-10,1.0,0.12948763160591148,0.7707039101857505
1980-06-11,1.0,0.11852846990633195,0.6758229165573871
1980-06-12,1.0,0.10680015684308579,0.6605565437619557
1980-06-13,1.0,0.09195748553048601,0.5027194717733642
1980-06-16,1.0,0.08841095734405294,0.4792607784526354
1980-06-17,1.0,0.04582845267510382,0.4369901532444391
1980-06-18,1.0,0.03626390435025179,0.3479051927698881
1980-06-19,1.0,0.046083587131082245,0.2975225754592421
1980-06-20,1.0,0.005128640573954631,0.20503927226080004
1980-06-23,1.0,0.03459982696416143,0.18121322427792394
1980-06-24,1.0,0.016447739209025883,0.14679478258029774
1980-06-25,1.0,0.013958352250706855,0.12817935607980374
1980-06-26,1.0,0.029193394671987075,0.13944908048904983
1980-06-27,1.0,0.022106775781029996,0.12860556172061308
1980-06-30,0.0,-0.015420506028095242,0.18018055446014042
1980-07-01,0.0,-0.020280013954332664,0.1924738626453306
1980-07-02,0.0,-0.05037872685456986,0.21248539008261053
1980-07-03,0.0,-0.07712684237097371,0.2590297828649298
1980-07-04,0.0,-0.06910004687958396,0.27999260954188515
1980-07-07,0.0,-0.056629802753237445,0.3124558568253607
1980-07-08,0.0,-0.08654867413575214,0.28351341785485323
1980-07-09,0.0,-0.06662713893398735,0.2660000839105321
1980-07-10,0.0,-0.041996840258448985,0.17795537460732708
1980-07-11,0.0,-0.057070226530045294,0.17476865131565755
1980-07-14,0.0,-0.052103338984295,0.15537087968467322
1980-07-15,0.0,-0.023684243038355698,0.14598455646375502
1980-07-16,0.0,-0.015322880443896495,0.12086549940936968
1980-07-17,0.0,-0.0019948141464331843,0.1140171118775332
1980-07-18,1.0,0.03007134349631787,0.1379807501528077
1980-07-21,0.0,-0.008538372669855097,0.108413372366533
1980-07-22,1.0,0.01778543243321634,0.09362956503355672
1980-07-23,1.0,0.00552923999521824,0.09181156504806996
1980-07-24,1.0,0.003493114361103958,0.11610715947355825
1980-07-25,0.0,-0.019443658361546184,0.11524663999144187
1980-07-28,0.0,-0.023029272543016812,0.12149698327911594
1980-07-29,0.0,-0.020147487681402797,0.1547305398030671
1980-07-30,1.0,0.009966071572046873,0.17376403818213432
1980-07-31,1.0,0.027299969188281134,0.15632629442200818
1980-08-01,1.0,0.01079362867476944,0.17433611866092869
1980-08-04,1.0,0.014558588832550325,0.16367722523123868
1980-08-05,1.0,0.009863958454592104,0.21451988010590864
1980-08-06,1.0,0.03059062059395255,0.17666255888473203
1980-08-07,1.0,0.03358378872416734,0.14458828329183304
1980-08-08,1.0,0.06453852113757116,0.15185657310524878
1980-08-11,1.0,0.08315467881634539,0.15881292780731596
1980-08-12,1.0,0.1263777671771842,0.11925092056045651
1980-08-13,1.0,0.09120142164114185,0.11924664899419826
1980-08-14,1.0,0.0907981279022706,0.14286706846329802
1980-08-15,1.0,0.06508881005313094,0.12010017087116365
1980-08-18,1.0,0.08714747770436852,0.12575993845920969
1980-08-19,1.0,0.07559496127530009,0.1050472531444355
1980-08-20,1.0,0.05702711993836167,0.1261601434998675
1980-08-21,1.0,0.04359227231358369,0.1525975156032067
1980-08-22,1.0,0.10504757558329608,0.18063927660637183
1980-08-26,1.0,0.12277967531007636,0.1879223158136962
1980-08-27,1.0,0.1141566141524195,0.19914742125421575
1980-08-28,1.0,0.09376354414394408,0.19105098407688542
1980-08-29,1.0,0.10159104387973943,0.1894247924754658
1980-09-01,1.0,0.07725552689250813,0.19763611671768752
1980-09-02,1.0,0.04094698670840607,0.20139134172694337
1980-09-03,1.0,0.0686525439838957,0.19059963063491545
1980-09-04,1.0,0.028181606062394615,0.15787436602460087
1980-09-05,1.0,0.014487481753810722,0.14697560812629018
1980-09-08,1.0,0.00519481687710393,0.12483778252938635
1980-09-09,1.0,0.011344799686990542,0.14369665203078122
1980-09-10,0.0,-0.013934952295750763,0.10311193543441423
1980-09-11,1.0,0.023461486678997966,0.14446782185418192
1980-09-12,0.0,-0.0003647638194739401,0.1324393025660884
1980-09-15,1.0,0.01968494389381669,0.1682833433313722
1980-09-16,1.0,0.0007482230053521344,0.10882030860484132
1980-09-17,1.0,0.007401958295667739,0.12020110198481007
1980-09-18,1.0,0.00297177038915748,0.12504293322157048
1980-09-19,0.0,-0.0052064081905738606,0.14140292069412536
1980-09-22,0.0,-0.07758095155075061,0.10814530181106588
1980-09-23,0.0,-0.0858612906063924,0.1447446823672871
1980-09-24,0.0,-0.07372911251668404,0.1361694541368313
1980-09-25,0.0,-0.09502358526198919,0.14539225251984852
1980-09-26,0.0,-0.09882260232513275,0.11558007133013076
1980-09-29,0.0,-0.0638272050502323,0.1526240706310258
1980-09-30,0.0,-0.0539214167938201,0.15526440953077417
1980-10-01,0.0,-0.05733093173910843,0.1286553581751517
1980-10-02,0.0,-0.03554740792466678,0.15208120709710507
1980-10-03,0.0,-0.04886586726193952,0.12378233403384375
1980-10-06,0.0,-0.05320403606346457,0.10579863109500309
1980-10-07,0.0,-0.04856899862612194,0.10856071319185376
1980-10-08,0.0,-0.03762671098562207,0.10137288414059809
1980-10-09,0.0,-0.08780220344444764,0.09404480159349166
1980-10-10,0.0,-0.1395430681175454,0.11202073719591535
1980-10-13,0.0,-0.10417614109369805,0.10281820207439316
1980-10-14,0.0,-0.11060987154397003,0.12145448084500124
1980-10-15,0.0,-0.0902345868711984,0.09826630501461431
1980-10-16,0.0,-0.08029001817312759,0.12640498676623618
1980-10-17,0.0,-0.09047476030285118,0.12910320232066855
1980-10-20,0.0,-0.07136031616182942,0.15118094881301006
1980-10-21,0.0,-0.052705866512252335,0.14034150521942804
1980-10-22,0.0,-0.0469169197877516,0.14416644899295333
1980-10-23,0.0,-0.006324131749468112,0.18195932239741003
1980-10-24,1.0,0.002760798440611722,0.1414291130741696
1980-10-27,0.0,-0.00985618071501164,0.12058924731170383
1980-10-28,0.0,-0.024841020911403795,0.12755564293505398
1980-10-29,0.0,-0.03315220731690051,0.1180867215210183
1980-10-30,0.0,-0.03242672403019542,0.1165608099842744
1980-10-31,0.0,-0.014815085785140587,0.12586575158298
1980-11-03,0.0,-0.008624122444097299,0.1307542555474115
1980-11-04,0.0,-0.02985296314968116,0.13890724744836208
1980-11-05,0.0,-0.038699376680121314,0.13340642974568892
1980-11-06,0.0,-0.0007914523563116271,0.20572236144615919
1980-11-07,1.0,0.03503346115993916,0.2586258257230599
1980-11-10,0.0,-0.013974744484067159,0.19226184953972578
1980-11-11,0.0,-0.03312404742503265,0.22294222452125767
1980-11-12,0.0,-0.10455373868788624,0.19419795508850496
1980-11-13,0.0,-0.10010461295233784,0.22061668802230744
1980-11-14,0.0,-0.056246464845886794,0.23919468013159795
1980-11-17,0.0,-0.08660279680008469,0.20765110925974847
1980-11-18,0.0,-0.07286604452265877,0.17435996349469737
1980-11-19,0.0,-0.09356497866329419,0.19935451579091618
1980-11-20,0.0,-0.09214311460762382,0.2132149852036246
1980-11-21,0.0,-0.06509007140172081,0.24799900361229138
1980-11-24,0.0,-0.046218197176403145,0.23922530731759353
1980-11-25,0.0,-0.03719437000804893,0.2836773189238369
1980-11-26,0.0,-0.0548478004996687,0.2465489188176659
1980-11-27,0.0,-0.04018580893351371,0.25773557693868643
1980-11-28,0.0,-0.03363729760080615,0.24861578818126281
1980-12-01,0.0,-0.08201315166083513,0.2504489719802963
1980-12-03,0.0,-0.08701137698962981,0.2756495974792075
1980-12-04,0.0,-0.08220393609204155,0.2831195086296133
1980-12-05,0.0,-0.11659609189685467,0.240004902764563
1980-12-08,0.0,-0.09243864843844732,0.21528184448309615
1980-12-09,0.0,-0.08190702721921542,0.22655255122921397
1980-12-10,0.0,-0.013037994338129943,0.25511140220128414
1980-12-11,1.0,0.004916211019006793,0.22447467830738585
1980-12-12,1.0,0.007082809600796646,0.16670048917161817
1980-12-15,0.0,-0.0298006276793042,0.15940350779303744
1980-12-16,1.0,0.02985296314968113,0.16258345891869283
1980-12-17,0.0,-0.020184976663878442,0.1453396057641514
1980-12-18,0.0,-0.03639993504709061,0.14985608963342514
1980-12-19,0.0,-0.08432723548705812,0.14516067676847336
1980-12-22,0.0,-0.12664946486202489,0.3127034764734477
1980-12-23,0.0,-0.1405506350542185,0.3470655764769867
1980-12-29,0.0,-0.1844290391335193,0.39800519570375276
1980-12-30,0.0,-0.15217439459904633,0.42846267810422756
1981-01-05,0.0,-0.19123142493212944,0.41870278236073877
1981-01-06,0.0,-0.20895597838183771,0.4413565657230413
1981-01-07,0.0,-0.14705341795649662,0.5616595284913461
1981-01-08,0.0,-0.14233157424139786,0.4955643341254667
1981-01-09,0.0,-0.14353365039921478,0.4926106006292794
1981-01-12,0.0,-0.09220113888112785,0.5546262773617576
1981-01-13,0.0,-0.07996866924755953,0.4637098362375929
1981-01-14,0.0,-0.10506106963073468,0.420232401900919
1981-01-15,0.0,-0.15334901815840968,0.3734581271086766
1981-01-16,0.0,-0.13181323381309648,0.40651262406711103
1981-01-19,0.0,-0.14500282431118267,0.3454437517544235
1981-01-20,0.0,-0.11539487534776344,0.4075088330049254
1981-01-21,0.0,-0.1350154393970177,0.3657608477032267
1981-01-22,0.0,-0.11396718697815805,0.4877927828937396
1981-01-23,0.0,-0.07801041613065368,0.549498961503786
1981-01-26,0.0,-0.05243919790830209,0.5495906641648588
1981-01-27,0.0,-0.040901514221303,0.5076496897965086
1981-01-28,0.0,-0.044929431555316215,0.5547772943689068
1981-01-29,0.0,-0.003550599723023552,0.49413400816059094
1981-01-30,0.0,-0.035161834213866094,0.42688941326316115
1981-02-02,0.0,-0.058410762156414484,0.4566667427707351
1981-02-03,0.0,-0.0318648009162383,0.4162107286901688
1981-02-04,0.0,-0.08144633255823802,0.37282980271867927
1981-02-05,0.0,-0.07712153545898615,0.4192886083493436
1981-02-06,0.0,-0.06927834108637791,0.4564124469500766
1981-02-09,0.0,-0.0775661021974396,0.4799563854253912
1981-02-10,0.0,-0.06408947215161194,0.48349607712010895
1981-02-11,0.0,-0.05066317464395411,0.5128918383527808
1981-02-12,0.0,-0.025304732584999642,0.5286899573986776
1981-02-13,1.0,0.001016776905086811,0.47419605220319166
1981-02-16,1.0,0.019192508304053887,0.5279727741533347
1981-02-17,0.0,-0.015090829643202958,0.5621787346679006
1981-02-18,1.0,0.0019782400121057205,0.5790437817181608
1981-02-19,1.0,0.013323661198470664,0.5832997514389143
1981-02-20,1.0,0.010211613170196462,0.585527723602184
1981-02-23,1.0,0.04769760533571974,0.5522824849790465
1981-02-24,1.0,0.06401030014248746,0.5187031542165415
1981-02-25,1.0,0.05348868495098622,0.5946451370660547
1981-02-26,1.0,0.09216406820588115,0.5424535154148392
1981-02-27,1.0,0.09688915194308556,0.5375913471845664
1981-03-02,1.0,0.12313923485690846,0.6005765441028272
1981-03-03,1.0,0.08687867179402664,0.48974514289264814
1981-03-04,1.0,0.09959743181594476,0.5196615351191469
1981-03-05,1.0,0.11838475659637518,0.48753105564951416
1981-03-06,1.0,0.11325220639602561,0.46585060597619604
1981-03-09,1.0,0.1181929557277108,0.503666928173218
1981-03-10,1.0,0.053932190145396255,0.5570666918206482
1981-03-11,1.0,0.06552228904770394,0.5479046838049819
1981-03-12,1.0,0.050979437608283336,0.49066837993935025
1981-03-13,1.0,0.003044142381228052,0.49180889438188774
1981-03-16,0.0,-0.05342821698387331,0.6031117041661748
1981-03-17,0.0,-0.020999491250151985,0.6409840941289289
1981-03-18,0.0,-0.060593742846554874,0.6249694594645397
1981-03-19,0.0,-0.05542980493933087,0.6607942780403444
1981-03-20,0.0,-0.07169192845611645,0.677450658001829
1981-03-23,0.0,-0.04869511165284508,0.6744780195324401
1981-03-24,0.0,-0.09326099875938933,0.6951783719070048
1981-03-25,0.0,-0.0655491326434947,0.7509176569018199
1981-03-26,0.0,-0.11062613104561668,0.738033210154954
1981-03-27,0.0,-0.10975272010933373,0.7451963841359833
1981-03-30,0.0,-0.09821086896817319,0.6865919423967137
1981-03-31,0.0,-0.06223784450182048,0.6532865453382958
1981-04-01,0.0,-0.053419238095164696,0.550011964879655
1981-04-02,0.0,-0.08692388409837133,0.5226168947399326
1981-04-03,0.0,-0.08163735001432257,0.518841038438128
1981-04-06,0.0,-0.11083998142245192,0.5058903865765505
1981-04-07,0.0,-0.05701544027551704,0.5051078717243557
1981-04-08,0.0,-0.03095604144592448,0.43802799341665827
1981-04-09,0.0,-0.03850526338310754,0.42670006356805956
1981-04-10,0.0,-0.018921556586431052,0.43885747510656703
1981-04-13,1.0,0.005787966697620758,0.49676071941963373
1981-04-14,1.0,0.004132237284910591,0.43810003617493815
1981-04-15,1.0,0.011482380853565134,0.4722879619960412
1981-04-16,0.0,-0.0020746895408603554,0.4163598673758121
1981-04-21,0.0,-0.00260213521795193,0.4142110484226264
1981-04-22,0.0,-0.05329129705022363,0.35331583466590705
1981-04-23,0.0,-0.03277276394427059,0.47994489615753433
1981-04-24,0.0,-0.05828913077536834,0.43662294529262374
1981-04-27,0.0,-0.03422287123074075,0.4391601884706391
1981-04-28,0.0,-0.0077983238977085995,0.4399165945596875
1981-04-29,1.0,0.004181919319896798,0.4850376647603102
1981-04-30,1.0,0.0010351967798164275,0.4116184292149072
1981-05-01,0.0,-0.028082968742825364,0.4511722153777155
1981-05-05,0.0,-0.0036813083909281504,0.4553527559113398
1981-05-06,0.0,-0.041297557098120385,0.43532185392887945
1981-05-07,0.0,-0.03786109363724168,0.44935357084343885
1981-05-08,0.0,-0.025542175631416527,0.4545994299636964
1981-05-11,0.0,-0.0681963183473286,0.4261723855997783
1981-05-12,0.0,-0.039510011194271624,0.4571287364819392
1981-05-13,0.0,-0.042178102054290116,0.42859040160808415
1981-05-14,0.0,-0.009488737508701458,0.41314766556957866
1981-05-15,0.0,-0.028760152175262687,0.3862720032749633
1981-05-18,0.0,-0.04294325335156897,0.38592441930165977
1981-05-19,0.0,-0.04188261215883089,0.4134383371366804
1981-05-20,0.0,-0.04421492482726416,0.39542777215290065
1981-05-21,0.0,-0.035899917314826855,0.44790576691810735
1981-05-22,0.0,-0.02300181645682805,0.41984106583282044
1981-05-26,0.0,0.0,0.43522130306360496
1981-05-27,0.0,-0.010228891340093154,0.39520673529945427
1981-05-28,0.0,-0.07026119709436152,0.36896775574115864
1981-05-29,0.0,-0.08091249984805572,0.36699144697513986
1981-06-01,0.0,-0.11966011960829054,0.35389762840870864
1981-06-02,0.0,-0.10676797542570605,0.3923766082132657
1981-06-03,0.0,-0.11725630401397073,0.35211568745696425
1981-06-04,0.0,-0.10957358237713027,0.40425770333814365
1981-06-05,0.0,-0.10536051565782628,0.3917140748885711
1981-06-08,0.0,-0.1593560380892666,0.39220216179383255
1981-06-09,0.0,-0.12842578858882245,0.4659534850877605
1981-06-10,0.0,-0.15675122830446386,0.42365708982209116
1981-06-11,0.0,-0.13345446658886795,0.40331560712910963
1981-06-12,0.0,-0.12509252397865794,0.3938917463232732
1981-06-15,0.0,-0.1319411458011878,0.43240402560092434
1981-06-16,0.0,-0.13740826807041426,0.43218280562328515
1981-06-17,0.0,-0.11339365763964107,0.4006385685593266
1981-06-18,0.0,-0.09297087019361186,0.42366038223329083
1981-06-19,0.0,-0.09913636648911611,0.41125024523075604
1981-06-22,0.0,-0.11332868530700312,0.3775196654166749
1981-06-23,0.0,-0.13890486068566588,0.39693613754546264
1981-06-24,0.0,-0.1157558709646144,0.3942612408355449
1981-06-25,0.0,-0.09078515881543052,0.49086639858576464
1981-06-26,0.0,-0.08126894939678067,0.4278410403642897
1981-06-29,0.0,-0.047770276268686546,0.4760096902329815
1981-06-30,0.0,-0.05923181288255405,0.3883450138859053
1981-07-01,0.0,-0.04793152816351924,0.38587664392646226
1981-07-02,0.0,-0.020719814973616985,0.3554915236148935
1981-07-03,0.0,-0.05332943660285127,0.32718556881446437
1981-07-06,0.0,-0.03144913268250335,0.33051756329412535
1981-07-07,0.0,-0.03160533941533122,0.276238370098608
1981-07-08,0.0,-0.01137812527950909,0.2951459186060944
1981-07-09,0.0,-0.022402928227121918,0.28671382623765856
1981-07-10,0.0,-0.05617027146705459,0.30406865411029227
1981-07-13,0.0,-0.02948616565446354,0.3431051129640941
1981-07-14,1.0,0.03721075841841767,0.33201029098957197
1981-07-15,0.0,-0.01220271395755373,0.31726071510777487
1981-07-16,0.0,-0.012631746905900574,0.3794829835108871
1981-07-17,0.0,-0.008469500113573834,0.415805191048423
1981-07-20,1.0,0.018018505502678212,0.4273537035300661
1981-07-21,1.0,0.06091435092175,0.4274067479318277
1981-07-22,1.0,0.04164789881089241,0.4419403840680962
1981-07-23,1.0,0.0519674999231869,0.43058856101824033
1981-07-24,1.0,0.03496438135509442,0.39669950151748956
1981-07-27,1.0,0.002443495412475845,0.3694681991779612
1981-07-28,1.0,0.030658440438497924,0.40923236331296203
1981-07-30,1.0,0.023342583185257025,0.36236034240606363
1981-07-31,1.0,0.046911788411696104,0.3129580373087982
1981-08-03,1.0,0.07128324021944701,0.38944923482660154
1981-08-04,1.0,0.0944384668332452,0.3358123519230249
1981-08-05,1.0,0.10650664758844902,0.32492655423058486
1981-08-06,1.0,0.11119217518684447,0.30388086211453025
1981-08-07,1.0,0.09422256986283156,0.3239759939923013
1981-08-10,1.0,0.10878322293532848,0.3293105128242433
1981-08-11,1.0,0.08539952170759674,0.314425160950288
1981-08-12,1.0,0.07829082856612987,0.3190639252291059
1981-08-13,1.0,0.0914520856116943,0.3777062862784772
1981-08-14,1.0,0.08857391668605784,0.35239267230833193
1981-08-17,1.0,0.10268378939726167,0.37850582710671277
1981-08-18,1.0,0.06676817646484028,0.37092299538998214
1981-08-19,1.0,0.061782699537062474,0.37808067396648437
1981-08-20,1.0,0.04110167568555178,0.4158639717843531
1981-08-21,1.0,0.07618464358159982,0.41467007830313357
1981-08-24,1.0,0.09055957704572713,0.4287513772520522
1981-08-25,1.0,0.10804148241108405,0.4117381829690095
1981-08-26,1.0,0.07501335926853446,0.3444309100163884
1981-08-27,1.0,0.08994170799064288,0.3710622050208951
1981-08-28,0.0,-0.009445170571518646,0.34070769741497775
1981-09-01,1.0,0.02402693958487792,0.3367468544292816
1981-09-02,0.0,-0.0029112102074584415,0.2823037614744255
1981-09-03,1.0,0.0005725737345090485,0.2593046214231769
1981-09-04,0.0,-0.010291686036547636,0.2632714415350135
1981-09-07,1.0,0.010823232967849589,0.2866120768821593
1981-09-08,1.0,0.009070356969964279,0.28040326411253813
1981-09-09,1.0,0.01983629789669804,0.32278985877672683
1981-09-10,0.0,-0.018441427902722792,0.3135031898538879
1981-09-11,1.0,0.016115936461342403,0.3337632769813717
1981-09-14,0.0,-0.0038856557354157418,0.30513866859140926
1981-09-15,0.0,-0.028358864560068826,0.3183282858453816
1981-09-16,0.0,-0.010635420707493614,0.33719935166569615
1981-09-17,0.0,-0.02727491991269716,0.33527530064998035
1981-09-18,0.0,-0.007297253823943279,0.34846835855397285
1981-09-21,0.0,-0.059559924514394624,0.31055610607625406
1981-09-22,0.0,-0.054945432662863905,0.33167368791477064
1981-09-23,0.0,-0.06213178110700616,0.2817930033572498
1981-09-24,0.0,-0.028411001832779895,0.27391992575468865
1981-09-25,0.0,-0.04077575067645861,0.22653743475098007
1981-09-28,1.0,0.010619568827460351,0.33264747305367526
1981-09-29,0.0,-0.010126374141740807,0.25549289741412085
1981-09-30,1.0,0.004769946802083759,0.27995567795055154
1981-10-01,0.0,-0.028448943262763923,0.2435604919389254
1981-10-02,0.0,-0.018562017860059538,0.2807950299054658
1981-10-05,0.0,-0.025826399559898423,0.21979630922454296
1981-10-06,0.0,-0.033862632840906355,0.251741668340071
1981-10-07,0.0,-0.03250927856529451,0.25537125480995687
1981-10-08,0.0,-0.03384320691648275,0.2840577986476928
1981-10-09,0.0,-0.057288132350961994,0.2556629737788241
1981-10-12,0.0,-0.04493220964871631,0.3457975533517494
1981-10-13,0.0,-0.0574570550247872,0.32914289014232073
1981-10-14,0.0,-0.07536411768523427,0.29922442539748645
1981-10-15,0.0,-0.0819662700307235,0.2957146496141633
1981-10-16,0.0,-0.0730251350148899,0.30628086438198787
1981-10-19,0.0,-0.07721296203429905,0.326473040032723
1981-10-20,0.0,-0.09228480431982061,0.30503947083960475
1981-10-21,0.0,-0.06066104439115071,0.33224171873493713
1981-10-22,0.0,-0.07850690395449976,0.2817845657959634
1981-10-23,0.0,-0.07437479298511761,0.28812580471113736
1981-10-26,0.0,-0.07113298686285192,0.24927434457808456
1981-10-27,0.0,-0.06813255578992544,0.23464268640052804
1981-10-28,0.0,-0.050707041989109414,0.21958000755112683
1981-10-29,0.0,-0.035975102458277924,0.2517034510963662
1981-10-30,0.0,-0.03697499311150009,0.2373299053305791
1981-11-02,0.0,-0.036712234112258414,0.2459352120745611
1981-11-03,0.0,-0.062012040345611176,0.261613115883063
1981-11-04,0.0,-0.05848922224642228,0.28646561588217995
1981-11-05,0.0,-0.028404276430937087,0.2892749888514258
1981-11-06,0.0,-0.005267790934858916,0.30280634512478294
1981-11-09,0.0,-0.0307171226320553,0.3118265999197984
1981-11-10,0.0,-0.0077961414361257374,0.3513211835062721
1981-11-11,0.0,-0.004256619379326137,0.36577676291355316
1981-11-12,0.0,-0.0146881465616569,0.37514364905058856
1981-11-13,0.0,-0.006688988150796652,0.36196061566125826
1981-11-16,1.0,0.03225104583369396,0.36593863671601073
1981-11-17,1.0,0.035718082602079246,0.3210190489016281
1981-11-18,1.0,0.03169064709403715,0.2545322170544411
1981-11-19,1.0,0.037324613988084385,0.2764420845597461
1981-11-20,1.0,0.03487658468622062,0.26436053616725413
1981-11-23,1.0,0.03406956948596442,0.250524162957019
1981-11-24,1.0,0.0008762596792766146,0.25617038943721104
1981-11-25,0.0,-0.02247285585205863,0.29155951528694046
1981-11-26,0.0,-0.03605113839200223,0.3099406499522645
1981-11-27,0.0,-0.03461408602273786,0.3115668990727136
1981-11-30,0.0,-0.04818720967422778,0.3268666447799873
1981-12-01,1.0,0.002481390851385476,0.3553620785645724
1981-12-02,0.0,-0.012991212712330856,0.33683851244366764
1981-12-03,0.0,-0.049210420531994696,0.3517296043237695
1981-12-04,0.0,-0.06234999439254637,0.34905178203852744
1981-12-07,0.0,-0.07083705960210689,0.417712687601965
1981-12-08,0.0,-0.06530140487495793,0.3594278495477443
1981-12-09,0.0,-0.07659547724976884,0.3406401426142026
1981-12-10,0.0,-0.07886173657276051,0.3625599514300191
1981-12-11,0.0,-0.07735159939529743,0.3369603634525546
1981-12-14,0.0,-0.11069741958601398,0.31508124679022226
1981-12-15,0.0,-0.08585711847249196,0.34697818490585447
1981-12-16,0.0,-0.11493765747308947,0.31877299641885704
1981-12-17,0.0,-0.10169689790475904,0.28963811903057746
1981-12-18,0.0,-0.09717602042507884,0.2876168595357057
1981-12-21,0.0,-0.09848207461933636,0.22655869151601501
1981-12-22,0.0,-0.05954599953445019,0.25368980961811544
1981-12-23,0.0,-0.04769810334232364,0.24570738269855952
1981-12-29,0.0,-0.02954614409381104,0.26222279112461583
1981-12-30,0.0,-0.02677024106460478,0.24241102323712888
1982-01-04,0.0,-0.04003116806543724,0.23625574438557453
1982-01-05,0.0,-0.06224458256305907,0.19894830282592782
1982-01-06,0.0,-0.060313337767228685,0.2221833838739605
1982-01-07,0.0,-0.03268474217349578,0.22384450116186413
1982-01-08,0.0,-0.04079596945811888,0.2377298445863823
1982-01-11,0.0,-0.02213632055291426,0.2631487291945421
1982-01-12,0.0,-0.027363270740942816,0.2571269084120032
1982-01-13,1.0,0.005641948968461511,0.29585831165138965
1982-01-14,1.0,0.01391211573772441,0.28387638157844475
1982-01-15,0.0,-0.00462504953956227,0.2639259821721809
1982-01-18,1.0,0.004005345808675061,0.28417981625211214
1982-01-19,0.0,-0.010603147715070324,0.25630370716523804
1982-01-20,1.0,0.00670693325671808,0.27881388312969324
1982-01-21,0.0,-0.0181152219784053,0.2614525806485578
1982-01-22,0.0,-0.021434176236469146,0.27731944147914567
1982-01-25,0.0,-0.02105340919783238,0.3003360893176041
1982-01-26,0.0,-0.04204008890706731,0.2797054253464864
1982-01-27,0.0,-0.051052052334444535,0.30636359257598567
1982-01-28,0.0,-0.0454775344354518,0.3295350471814754
1982-01-29,0.0,-0.06512439470903102,0.330085390335363
1982-02-01,0.0,-0.04928435740904268,0.3469218044361158
1982-02-02,0.0,-0.04836166572030256,0.34352735641486176
1982-02-03,0.0,-0.06630374666214034,0.3639984990434683
1982-02-04,0.0,-0.10210848027144899,0.3363657423491296
1982-02-05,0.0,-0.11531373815111821,0.3877350129516518
1982-02-08,0.0,-0.13890648218414126,0.3755987525248995
1982-02-09,0.0,-0.13939873225411312,0.3432258891634837
1982-02-10,0.0,-0.13767071170844924,0.29595908887328193
1982-02-11,0.0,-0.1357895795081146,0.31571376589775785
1982-02-12,0.0,-0.15514455103711253,0.3272924889080738
1982-02-15,0.0,-0.18458928270408897,0.3073375802600914
1982-02-16,0.0,-0.1453069343694266,0.30184346331437045
1982-02-17,0.0,-0.16851358382761977,0.301836567565693
1982-02-18,0.0,-0.1431529256177169,0.3165434363752727
1982-02-19,0.0,-0.1565231601808887,0.2978449172450598
1982-02-22,0.0,-0.12702256908295476,0.3208406095829281
1982-02-23,0.0,-0.09206061770949049,0.32440744654021647
1982-02-24,0.0,-0.08933221855198031,0.3048399785227659
1982-02-25,0.0,-0.11161096372804996,0.2988295649976201
1982-02-26,0.0,-0.11797265650145398,0.3290977714296644
1982-03-01,0.0,-0.12594776441442393,0.29843651558395085
1982-03-02,0.0,-0.10805541623008867,0.273364527428359
1982-03-03,0.0,-0.10026945316367517,0.3185554444916437
1982-03-04,0.0,-0.05792264773270451,0.37211917659368643
1982-03-05,0.0,-0.04372852162377773,0.36784745252585177
1982-03-08,1.0,0.020958851020843522,0.41112697977670093
1982-03-09,1.0,0.048175302584334084,0.3690869869729443
1982-03-10,1.0,0.061154423153330646,0.3521032725978762
1982-03-11,1.0,0.05782803803840273,0.34146115977144426
1982-03-12,1.0,0.08945746768466054,0.3845705360252598
1982-03-15,1.0,0.1616772292136087,0.39506488242960996
1982-03-16,1.0,0.11280576630624753,0.3498077806502256
1982-03-17,1.0,0.13797167817738512,0.450209658897604
1982-03-18,1.0,0.10941478598586693,0.4285178698952271
1982-03-19,1.0,0.08277968593533942,0.4529495378724835
1982-03-22,1.0,0.07778618320258145,0.4295581706378005
1982-03-23,1.0,0.046727076407969394,0.4787094262803713
1982-03-24,1.0,0.059959477566472685,0.497736031553565
1982-03-25,1.0,0.0854846591358299,0.5325568660869823
1982-03-26,1.0,0.08759305417520166,0.5336721208458628
1982-03-29,1.0,0.10708587095996422,0.564597518070851
1982-03-30,1.0,0.07284050993902215,0.5353848026802088
1982-03-31,1.0,0.12124924363286968,0.5986636986316128
1982-04-01,1.0,0.04411930470680552,0.5435692155500927
1982-04-02,1.0,0.03197750508825891,0.5889932947066511
1982-04-05,0.0,-0.008928630744301318,0.4945572492939366
1982-04-06,0.0,-0.03160865863644265,0.5002505959498916
1982-04-07,0.0,-0.07323916236840251,0.4966486823964598
1982-04-08,0.0,-0.05632201365736486,0.5772139205501913
1982-04-13,0.0,-0.0642556757107103,0.5772801387515188
1982-04-14,0.0,-0.10256204164602817,0.5713713248995541
1982-04-15,0.0,-0.08619834339157419,0.6459901725566695
1982-04-16,0.0,-0.0691897994119676,0.6168376575725028
1982-04-19,0.0,-0.05468988629662033,0.5941537515199332
1982-04-20,0.0,-0.0029197101033347503,0.5681159990704363
1982-04-21,0.0,-0.012332401492661045,0.5146490707942519
1982-04-22,0.0,-0.01902032467903011,0.5142700084623361
1982-04-23,0.0,-0.06828340001341773,0.49454495974814366
1982-04-26,0.0,-0.08502709792903655,0.5153150888511426
1982-04-27,0.0,-0.06307075259206377,0.47905385026670655
1982-04-28,0.0,-0.0891935227756289,0.4089348559622957
1982-04-29,0.0,-0.06976121574296076,0.4264393668214542
1982-04-30,0.0,-0.12516314295400605,0.3977247075235221
1982-05-04,0.0,-0.07045700059184094,0.524336530556445
1982-05-05,0.0,-0.054814479647037465,0.45242939663087856
1982-05-06,0.0,-0.048229783095647266,0.46503451062518353
1982-05-07,0.0,-0.028789867178667203,0.4520355475349558
1982-05-10,0.0,-0.0007601672733976061,0.4964038903116038
1982-05-11,0.0,-0.01899031622664712,0.41012410945977196
1982-05-12,0.0,-0.014432457121585817,0.4262772741434808
1982-05-13,0.0,-0.017524257984448295,0.4437656145299196
1982-05-14,0.0,-0.03823095556307229,0.45511538780460437
1982-05-17,0.0,-0.07195145352669659,0.4120987466182411
1982-05-18,0.0,-0.06414412160573815,0.4676162643875133
1982-05-19,0.0,-0.10146946016485965,0.4402189933927779
1982-05-20,0.0,-0.10373976976009308,0.4647765978573014
1982-05-21,0.0,-0.13163405886255222,0.46213840734000305
1982-05-24,0.0,-0.07903004935915017,0.5009240015167653
1982-05-25,0.0,-0.07568098244438083,0.48085041923119143
1982-05-26,0.0,-0.06247151931771806,0.47006205384918853
1982-05-27,0.0,-0.059565044584903255,0.5162404029686177
1982-05-28,0.0,-0.056119030146042116,0.4641339339048132
1982-06-01,0.0,-0.031065819574890487,0.5107505548057548
1982-06-02,0.0,-0.0031446566794717194,0.4358391541619936
1982-06-03,0.0,-0.032035724000314104,0.41602143799740365
1982-06-04,0.0,-0.019002947125615358,0.37438274135515287
1982-06-07,0.0,-0.031228142547585713,0.37911905347381714
1982-06-08,0.0,-0.055504671312740124,0.3970738912303108
1982-06-09,0.0,-0.060864297775686874,0.4215163665463297
1982-06-10,0.0,-0.0413959924313559,0.39990999332949195
1982-06-11,1.0,0.009942720532050621,0.403765189217966
1982-06-14,1.0,0.06706844367019406,0.4195862201504106
1982-06-15,1.0,0.1124779834266903,0.4367345959663897
1982-06-16,1.0,0.10685781685564275,0.409046201403228
1982-06-17,1.0,0.12530590831937097,0.44885626980132404
1982-06-18,1.0,0.11679289200467223,0.43405677886140714
1982-06-21,1.0,0.15787463151506936,0.5045327144279503
1982-06-22,1.0,0.13445612939733068,0.40354837558843815
1982-06-23,1.0,0.18697081992048453,0.44029545803483516
1982-06-24,1.0,0.12908963284858027,0.4201941755323666
1982-06-25,1.0,0.17314152383874232,0.43755896475259803
1982-06-28,1.0,0.13586606353221703,0.40571398389655117
1982-06-29,1.0,0.12815694375020997,0.4194331270652927
1982-06-30,1.0,0.08884696161411286,0.42767649951204306
1982-07-01,1.0,0.09889323361756336,0.5059527844844682
1982-07-02,1.0,0.09203471012185405,0.4389246503434791
1982-07-05,1.0,0.10841690279317781,0.512979155407068
1982-07-06,1.0,0.11599508595783711,0.5390207576355321
1982-07-07,1.0,0.12112797391052747,0.5336948372691844
1982-07-08,1.0,0.10008345855698263,0.47836825174887454
1982-07-09,1.0,0.04828267874874601,0.49415951405578473
1982-07-12,0.0,-0.020619287202735703,0.4987164993826867
1982-07-13,0.0,-0.04126535520142593,0.5340416623495551
1982-07-14,0.0,-0.056116725377245005,0.5412092007387364
1982-07-15,0.0,-0.04526320064583446,0.5086145521781409
1982-07-16,0.0,-0.026278884463840423,0.5254762089950117
1982-07-19,0.0,-0.016685189400787868,0.4795515000081207
1982-07-20,0.0,-0.029177853963244075,0.5385776784054738
1982-07-21,0.0,-0.024164102890145867,0.550024882181902
1982-07-22,1.0,0.010286851790750368,0.5899916790877232
1982-07-23,1.0,0.06204056557708434,0.49040191303596375
1982-07-26,1.0,0.11327798950713931,0.4605893073627758
1982-07-27,1.0,0.1491560208531677,0.4055552163694864
1982-07-28,1.0,0.14463664735971005,0.38935721796788686
1982-07-29,1.0,0.19681456409652148,0.3256907294866442
1982-07-30,1.0,0.19804257305588172,0.3330308156006551
1982-08-02,1.0,0.1580261424789178,0.31436904190828435
1982-08-03,1.0,0.14871616247871422,0.3094341630198481
1982-08-04,1.0,0.16838616012239077,0.24445328831102547
1982-08-05,1.0,0.2724146003209925,0.25636119133939794
1982-08-06,1.0,0.31838780502166536,0.23989991201459296
1982-08-09,1.0,0.358756110142557,0.3484760846175416
1982-08-10,1.0,0.3030839170632875,0.33675846834867207
1982-08-11,1.0,0.3345427687699674,0.36318732555784544
1982-08-12,1.0,0.3025081409117521,0.3485395324662965
1982-08-13,1.0,0.26145351759215263,0.33929240851582093
1982-08-16,1.0,0.28456823167222167,0.30666718020944195
1982-08-17,1.0,0.271827968114009,0.30914346954585054
1982-08-18,1.0,0.2260742630622906,0.3411429789166593
1982-08-19,1.0,0.21342311131996772,0.3820070314133785
1982-08-20,1.0,0.09319103608685901,0.4287238403281874
1982-08-23,1.0,0.07799322664580484,0.5829270335069148
1982-08-24,1.0,0.0846070992885024,0.625429650986784
1982-08-25,1.0,0.08333672015101595,0.6886063762347504
1982-08-26,1.0,0.03302186830494635,0.7009547208477095
1982-08-27,0.0,-0.010219505833483612,0.76521524183815
1982-08-31,0.0,-0.002433091224641555,0.7704828395008738
1982-09-01,1.0,0.011043057008153537,0.7597988238809219
1982-09-02,0.0,-0.03161093693674865,0.6750401670624516
1982-09-03,0.0,-0.12384533033192939,0.8146393789117153
1982-09-06,0.0,-0.20149147290167488,0.8415163666271234
1982-09-07,0.0,-0.2090797107102197,0.7993231640794022
1982-09-08,0.0,-0.12545430615303496,0.7084067420176927
1982-09-09,0.0,-0.10750874419611588,0.6604352385242455
1982-09-10,0.0,-0.04515439748054418,0.6323259804819108
1982-09-13,0.0,-0.02071420438756322,0.5690893577588118
1982-09-14,0.0,-0.029036099028774017,0.5272785681668718
1982-09-15,0.0,-0.03325994647416761,0.5086006670723193
1982-09-16,0.0,-0.0011154490838656095,0.515623894999108
1982-09-17,0.0,-0.020595693672080723,0.38063924582717135
1982-09-20,1.0,0.00938423308989369,0.33219147844487973
1982-09-21,1.0,0.034565653112280825,0.3145399584463957
1982-09-22,0.0,-0.05025602675361375,0.4162509738528338
1982-09-23,0.0,-0.007715821085651128,0.4331136435987143
1982-09-24,0.0,-0.006984894521950982,0.43071169980947865
1982-09-27,1.0,0.011653883320626697,0.4038234879770969
1982-09-28,1.0,0.021091471810835403,0.31478236455816877
1982-09-29,1.0,0.01933594985156412,0.32887602358380985
1982-09-30,1.0,0.052143059179743004,0.32171418269919755
1982-10-01,1.0,0.051510932394223684,0.41809302167002876
1982-10-04,1.0,0.09765347320229856,0.5218185159676784
1982-10-05,1.0,0.09932053070820628,0.5197587849304041
1982-10-06,1.0,0.056539410415664786,0.4897968569406648
1982-10-07,1.0,0.014823870622511332,0.5941793963875591
1982-10-08,0.0,-0.03645318371157967,0.6490748423631836
1982-10-11,0.0,-0.05435796120545365,0.6645037892796727
1982-10-12,0.0,-0.07528539199626227,0.7330204702584338
1982-10-13,0.0,-0.042280783983915084,0.743449304328184
1982-10-14,0.0,-0.11020855797075958,0.8002593147386692
1982-10-15,0.0,-0.08313032108749632,0.7957607876952565
1982-10-18,0.0,-0.060150420198911016,0.7530771036628956
1982-10-19,0.0,-0.08013708736309735,0.756729672050826
1982-10-20,0.0,-0.02276910826127611,0.7587786926559951
1982-10-21,0.0,-0.05709041207187641,0.7119101573087541
1982-10-22,0.0,-0.024599159013367785,0.6737671919874232
1982-10-25,0.0,-0.019539881119416513,0.6119626979485915
1982-10-26,0.0,-0.03211424110158561,0.5867526748692805
1982-10-27,0.0,-0.02055695122425882,0.5707635547952603
1982-10-28,0.0,-0.018703410974450402,0.517681385525077
1982-10-29,0.0,-0.013079853537741649,0.5409759006136994
1982-11-01,1.0,0.01567521210470458,0.5046492702434219
1982-11-02,1.0,0.011534153245286545,0.4513935879904049
1982-11-03,1.0,0.029388458999500704,0.5028899083738053
1982-11-04,1.0,0.04937857254180745,0.4891313075589706
1982-11-05,1.0,0.05532706395659641,0.5345160419654084
1982-11-08,1.0,0.08920867468761651,0.5743343910379876
1982-11-09,1.0,0.10487169736628915,0.5746657567741172
1982-11-10,1.0,0.07948106767000551,0.5581884277550808
1982-11-11,1.0,0.08649203135344341,0.6494095346284328
1982-11-12,1.0,0.09061667911569268,0.6150319200920779
1982-11-15,1.0,0.0843730577747573,0.5818050776925968
1982-11-16,1.0,0.09787242707031138,0.6426955157435715
1982-11-17,1.0,0.058840500022933395,0.6338238149120929
1982-11-18,1.0,0.07485083307625791,0.6459466201951869
1982-11-19,1.0,0.04540915852716119,0.6469768480663559
1982-11-22,1.0,0.06996681848383263,0.6858905755658625
1982-11-23,1.0,0.08552217343816193,0.6566158724658029
1982-11-24,1.0,0.08879150613758427,0.6364566525330498
1982-11-25,1.0,0.0823823278507668,0.6594675192843908
1982-11-26,1.0,0.09742968821985844,0.7071085321125746
1982-11-29,1.0,0.05142001446882084,0.724340383637163
1982-11-30,1.0,0.030493610562640598,0.7409983419955298
1982-12-01,1.0,0.03075445066503238,0.6990691262359344
1982-12-02,1.0,0.018318580523684628,0.6958969432016039
1982-12-03,1.0,0.05242579733984974,0.6766478382872101
1982-12-06,1.0,0.06257139952530553,0.6633735542753495
1982-12-07,1.0,0.06391951771328731,0.6845583987114412
1982-12-08,1.0,0.07675294624410688,0.6898509533071133
1982-12-09,1.0,0.10975086395911929,0.6474124663791476
1982-12-10,1.0,0.10346543368830989,0.5792254782085541
1982-12-13,1.0,0.12767381462181748,0.506179967996105
1982-12-14,1.0,0.07623553118625452,0.5385176024917009
1982-12-15,1.0,0.12449064797237355,0.5559274891414501
1982-12-16,1.0,0.10143459101135474,0.4819651417135672
1982-12-17,1.0,0.10421569584189312,0.5109470620953197
1982-12-20,1.0,0.07807510685510444,0.44483955178203105
1982-12-21,1.0,0.09997577825968089,0.42246017871287844
1982-12-22,1.0,0.08411917923723117,0.4258357469293313
1982-12-23,1.0,0.10782522674197743,0.42374416942890775
1982-12-29,1.0,0.06971646051997012,0.3990443897684634
1982-12-30,1.0,0.08914304951938251,0.44529532634114366
1983-01-04,1.0,0.12332936157693966,0.41948160079611907
1983-01-05,1.0,0.09300476105155617,0.4476634597822677
1983-01-06,1.0,0.10238579854108337,0.47221550928594075
1983-01-07,1.0,0.06956618381453669,0.4876122343692721
1983-01-10,1.0,0.03370814338137927,0.5229694069452372
1983-01-11,1.0,0.025975486403260736,0.5844436229052965
1983-01-12,1.0,0.020598050595070614,0.5886857945796173
1983-01-13,1.0,0.015748356968139112,0.5986727017014284
1983-01-14,1.0,0.043033721705223356,0.5563220534266677
1983-01-17,1.0,0.004004009353382181,0.5304810572554902
1983-01-18,1.0,0.04879016416943205,0.6018805727773435
1983-01-19,1.0,0.025897861718571905,0.5038986922380566
1983-01-20,1.0,0.03528591880527672,0.5367396732527324
1983-01-21,1.0,0.03743482122113387,0.5039060036409077
1983-01-24,1.0,0.05814998556224365,0.45918883099634406
1983-01-25,0.0,-0.0066718235681959065,0.43852566302295914
1983-01-26,0.0,-0.03397243344491995,0.4670097339508836
1983-01-27,0.0,-0.04426867945058608,0.4466544601464906
1983-01-28,0.0,-0.060529689613778276,0.4969654838992967
1983-01-31,0.0,-0.20111568378855063,0.45633408653437574
1983-02-01,0.0,-0.2055992416633002,0.4487913309615037
1983-02-02,0.0,-0.14731675040529604,0.4593696147428813
1983-02-03,0.0,-0.15896197073430696,0.44126501276718366
1983-02-04,0.0,-0.1893673836271574,0.4454096160879269
1983-02-07,0.0,-0.1528766320055403,0.45111796810279126
1983-02-08,0.0,-0.17480837344317138,0.43333809928125555
1983-02-09,0.0,-0.14098593273604737,0.44385924844289126
1983-02-10,0.0,-0.13180477349053513,0.40302322438453486
1983-02-11,0.0,-0.18212336038066096,0.389090056818857
1983-02-14,0.0,-0.1553168607174408,0.4295190129983043
1983-02-15,0.0,-0.15874311040146852,0.3984500058521892
1983-02-16,0.0,-0.19359429556647686,0.4583748922904264
1983-02-17,0.0,-0.19217679558604955,0.4360071122391296
1983-02-18,0.0,-0.17717099073253928,0.47222294437292
1983-02-21,0.0,-0.19649486521831394,0.4398704893297938
1983-02-22,0.0,-0.14195280606480812,0.5126765443563515
1983-02-23,0.0,-0.13710730848278627,0.5556340313848509
1983-02-24,0.0,-0.13383218973913835,0.5254525255600496
1983-02-25,0.0,-0.1210832575438037,0.5419597056998053
1983-02-28,1.0,0.0006118079114054928,0.6990483403232528
1983-03-01,0.0,-0.004236012385606118,0.5619654333472436
1983-03-02,0.0,-0.02830377616285182,0.5432328854480375
1983-03-03,0.0,-0.03494581235375619,0.5934530091581491
1983-03-04,1.0,0.03396215589981421,0.5801104656349162
1983-03-07,1.0,0.01825190496691907,0.5411841753399874
1983-03-08,1.0,0.01963823665668212,0.6281651345971312
1983-03-09,0.0,-0.011212864602798907,0.6450795945975529
1983-03-10,0.0,-0.018572791559842438,0.6420264836677907
1983-03-11,1.0,0.028715714643315994,0.6802456515834148
1983-03-14,1.0,0.001748761739750397,0.7389023365475976
1983-03-15,1.0,0.002298851587110649,0.7611670903262739
1983-03-16,1.0,0.0409174553575192,0.7544830405753138
1983-03-17,1.0,0.06168330843823817,0.7349748550690457
1983-03-18,1.0,0.041224995699154075,0.7531338014844325
1983-03-21,1.0,0.04539535668571935,0.7653238662598526
1983-03-22,1.0,0.04241123545866021,0.7400940803273834
1983-03-23,1.0,0.06377603539723672,0.7306313123306255
1983-03-24,1.0,0.06069540574851189,0.7201709932656158
1983-03-25,1.0,0.05607842723480787,0.7706335632566053
1983-03-28,1.0,0.06051668290975107,0.6936155774964482
1983-03-29,1.0,0.03866077659812628,0.6658665984315202
1983-03-30,1.0,0.026558067252828697,0.7117195725855412
1983-03-31,1.0,0.044215867150042595,0.7309584459746734
1983-04-05,1.0,0.01396183238176854,0.6837705653315029
1983-04-06,1.0,0.012177593223234442,0.7398575254458714
1983-04-07,1.0,0.012765187397977272,0.7340271007989222
1983-04-08,1.0,0.02981805243383334,0.7622700341851437
1983-04-11,1.0,0.039062979115075495,0.7657533482833272
1983-04-12,1.0,0.023409575988816954,0.7753736938808264
1983-04-13,1.0,0.02416688384008253,0.8184111771630274
1983-04-14,1.0,0.013116811954948949,0.7944502054339119
1983-04-15,0.0,-0.0005729017630199745,0.7994080565081695
1983-04-18,0.0,-0.0050919487671560095,0.7805430256548221
1983-04-19,1.0,0.007367559537711306,0.8001789990823086
1983-04-20,1.0,0.02019809635588047,0.7708723746218904
1983-04-21,0.0,-0.0017079423451561474,0.7884833412820436
1983-04-22,0.0,-0.009773001039271513,0.7985881772711708
1983-04-25,0.0,-0.01070259561331934,0.795853722647543
1983-04-26,1.0,0.014249314907248291,0.7958172711987374
1983-04-27,1.0,0.01315432179109248,0.786950591495864
1983-04-28,1.0,0.02021437586087693,0.7902558231499767
1983-04-29,1.0,0.019037206020084185,0.780026036913274
1983-05-03,0.0,-0.05573463652224307,0.7635605754578634
1983-05-04,0.0,-0.04792398828158301,0.7872155405843135
1983-05-05,0.0,-0.05265931114394446,0.7941054903861169
1983-05-06,0.0,-0.05603372684444625,0.7985206756351019
1983-05-09,0.0,-0.08095518222358081,0.7763876391993089
1983-05-10,0.0,-0.0963247788429426,0.7663992350767493
1983-05-11,0.0,-0.08291552854401237,0.8071886333725208
1983-05-12,0.0,-0.06700508153808586,0.8037111459317463
1983-05-13,0.0,-0.06616401528647377,0.8127810066816925
1983-05-16,0.0,-0.06719342719312417,0.821869509668064
1983-05-17,0.0,-0.07659808942740517,0.8144499878692342
1983-05-18,0.0,-0.07076907088820726,0.8123026029860955
1983-05-19,0.0,-0.06318381332144642,0.8003782968422444
1983-05-20,0.0,-0.05384565670703851,0.7892802918229781
1983-05-23,0.0,-0.04248426498576474,0.7688174738060646
1983-05-24,0.0,-0.03803094501769252,0.7457973194401127
1983-05-25,0.0,-0.04929963178680304,0.6677207137125954
1983-05-26,0.0,-0.03822121282019774,0.41782205090722374
1983-05-27,0.0,-0.041441587991450625,0.41364497976637904
1983-05-31,0.0,-0.05039144553640585,0.4204703056926191
1983-06-01,1.0,0.011759849411940932,0.6503281864144836
1983-06-02,1.0,0.008449054486527663,0.5060664218506816
1983-06-03,1.0,0.011477021177529079,0.5120922980681664
1983-06-06,1.0,0.02003101876014006,0.5193693543900656
1983-06-07,1.0,0.025895405040553352,0.529631912674166
1983-06-08,1.0,0.0212369117977521,0.5049628451520648
1983-06-09,1.0,0.010975719938585126,0.46359994432365254
1983-06-10,1.0,0.03523804418978887,0.4696073466053022
1983-06-13,1.0,0.04149973090675284,0.4894074978868968
1983-06-14,1.0,0.05043487260450431,0.4581886562077508
1983-06-15,1.0,0.045489590145125706,0.49492943667082157
1983-06-16,1.0,0.03278982282299097,0.4921802988849898
1983-06-17,1.0,0.01611494139240658,0.48567944211618025
1983-06-20,1.0,0.01586861431901462,0.5063775787282436
1983-06-21,1.0,0.021467729624106195,0.49276496292179417
1983-06-22,1.0,0.01826265779122651,0.4649204960178973
1983-06-23,1.0,0.021759164849955975,0.4752222802641462
1983-06-24,0.0,0.0,0.44664716318765274
1983-06-27,1.0,0.005941788128751043,0.4596660955070574
1983-06-28,1.0,0.022579687752165626,0.5046223692648593
1983-06-29,1.0,0.027109019487432176,0.4752395644496166
1983-06-30,1.0,0.022579687752165626,0.4802018203697104
1983-07-01,1.0,0.013719272741358157,0.49394527323021936
1983-07-04,0.0,-0.011483958181681679,0.4841033613916981
1983-07-05,1.0,0.008484899389294937,0.45432061723989786
1983-07-06,0.0,-0.001580259248200333,0.4319682396458262
1983-07-07,1.0,0.004236012385606084,0.44649968704627313
1983-07-08,0.0,-0.014780050311720182,0.37296902099399815
1983-07-11,0.0,-0.05245540956772794,0.3884621420974254
1983-07-12,0.0,-0.03800932596698417,0.4053872071583537
1983-07-13,0.0,-0.04548959014512576,0.41578133093701664
1983-07-14,0.0,-0.03460965953997688,0.42259536328378045
1983-07-15,0.0,-0.023603803545104624,0.43787584758327164
1983-07-18,0.0,-0.01526747213078842,0.445425916310397
1983-07-19,0.0,-0.00841287028376002,0.4368864796352536
1983-07-20,0.0,-0.013517690407000703,0.44306735944352116
1983-07-21,0.0,-0.01938386682104853,0.43621577104778886
1983-07-22,0.0,-0.01367034661660604,0.4430737807618229
1983-07-25,0.0,-0.0005925926099341434,0.4060280838492767
1983-07-26,1.0,0.0021129248382058983,0.39982136741368457
1983-07-27,0.0,-0.0052925733657687565,0.4149536166290233
1983-07-28,0.0,-0.005301927000184089,0.4306274590959448
1983-07-29,0.0,-0.011919092237210311,0.44677588746646546
1983-08-01,1.0,0.016519336282937825,0.488752614465992
1983-08-02,0.0,0.0,0.44936995353121534
1983-08-03,1.0,0.01353331433063704,0.46556020602770903
1983-08-04,1.0,0.008418570465595826,0.44691173364694564
1983-08-05,0.0,-0.0015497410266243508,0.454027143199597
1983-08-08,1.0,0.02358742556687574,0.5281634119618437
1983-08-09,1.0,0.0006051437401008658,0.47117110919270716
1983-08-10,1.0,0.01398624197473987,0.49836374176050574
1983-08-11,1.0,0.007259560012804102,0.47996142131652914
1983-08-12,1.0,0.00809036593023233,0.49455380130856064
1983-08-15,0.0,-0.022486514162116052,0.4813785771123803
1983-08-16,0.0,-0.04490078379327803,0.47360485742180636
1983-08-17,0.0,-0.041685286181443064,0.48890042676025647
1983-08-18,0.0,-0.03869890388644252,0.4480754157835063
1983-08-19,0.0,-0.01325320603579477,0.4402743001123634
1983-08-22,0.0,-0.02254021814671319,0.32177032195205596
1983-08-23,0.0,-0.036176570772053065,0.29465140520785993
1983-08-24,0.0,-0.03907921373083448,0.23263575153667168
1983-08-25,0.0,-0.024515428052211907,0.22889521224100656
1983-08-26,0.0,-0.00480770156810312,0.23780744530965273
1983-08-30,0.0,-0.014090676922811147,0.17804101520235666
1983-08-31,0.0,-0.001570333112452829,0.18967447290722497
1983-09-01,0.0,-0.019022806615408564,0.1884426217354583
1983-09-02,0.0,-0.030397477184371045,0.1954977018609366
1983-09-05,0.0,-0.07453021131257959,0.19095658186473938
1983-09-06,0.0,-0.06099827200947549,0.19945086225933956
1983-09-07,0.0,-0.05918887139033065,0.21675934062224975
1983-09-08,0.0,-0.04951506452738056,0.20517299808809913
1983-09-09,0.0,-0.04273259895283745,0.2177376575251137
1983-09-12,0.0,-0.03612269076646785,0.21704806914932448
1983-09-13,0.0,-0.01923732920928373,0.2853547407566436
1983-09-14,0.0,-0.017577351481870535,0.27420931253530967
1983-09-15,0.0,-0.016420321667281038,0.2402653080745473
1983-09-16,0.0,-0.016786219456413256,0.24181850686317974
1983-09-19,0.0,-0.042744196538586375,0.22085879360406127
1983-09-20,0.0,-0.03730669786253912,0.2271469652936329
1983-09-21,0.0,-0.04285039278164788,0.2452806746001661
1983-09-22,0.0,-0.045148733563237405,0.24769176242718566
1983-09-23,0.0,-0.04646236711788496,0.23046543165117603
1983-09-26,0.0,-0.05065937994476934,0.22698541014201754
1983-09-27,0.0,-0.035177956155270564,0.253836508521216
1983-09-28,0.0,-0.05210804135185868,0.24349770428236556
1983-09-29,0.0,-0.061159933265764466,0.2682268914202622
1983-09-30,0.0,-0.043526265049890975,0.27555398100846473
1983-10-03,0.0,-0.018158735011871065,0.3214653503434241
1983-10-04,0.0,-0.04084846670460896,0.266950497316996
1983-10-05,0.0,-0.016828876130156968,0.2672180996278162
1983-10-06,0.0,-0.042118308145084896,0.24927449464369672
1983-10-07,0.0,-0.0421439549910154,0.25055807610325537
1983-10-10,0.0,-0.05510683047088462,0.24531378343718213
1983-10-11,0.0,-0.04288657208069173,0.2507074833018839
1983-10-12,0.0,-0.0302176639551055,0.24664101037341182
1983-10-13,0.0,-0.0431869276568571,0.24966198260818637
1983-10-14,0.0,-0.0429140454924791,0.2699276207574262
1983-10-17,0.0,-0.03189570789496934,0.30808803530877427
1983-10-18,0.0,-0.035878287664901906,0.2842789513420886
1983-10-19,0.0,-0.027663391546010323,0.30552823159395254
1983-10-20,0.0,-0.03658147930480198,0.296248198317986
1983-10-21,0.0,-0.049392755329576474,0.28689446123893997
1983-10-24,0.0,-0.05202733732865479,0.2871793677599314
1983-10-25,0.0,-0.055533958044489476,0.2632008080506922
1983-10-26,0.0,-0.043867253209276875,0.2973579351184035
1983-10-27,0.0,-0.02368531774150928,0.31811980044210236
1983-10-28,0.0,-0.030505736580357448,0.2908848853585421
1983-10-31,1.0,0.03156461723657263,0.3076610700668761
1983-11-01,1.0,0.03575291427800886,0.29678264248939085
1983-11-02,1.0,0.05585207792589321,0.26976052179594356
1983-11-03,1.0,0.055355185942272934,0.29330731213094846
1983-11-04,1.0,0.05053841636296135,0.2807023774753638
1983-11-07,1.0,0.04571120858114077,0.2913138004146816
1983-11-08,1.0,0.03786143587801868,0.27415242775988136
1983-11-09,1.0,0.04280436253341759,0.2905243393560711
1983-11-10,1.0,0.049064516014921844,0.30820992054373875
1983-11-11,1.0,0.017515854886868732,0.3041360795786573
1983-11-14,1.0,0.02235668484821034,0.3059998437103121
1983-11-15,1.0,0.015405832559926391,0.3219459124571921
1983-11-16,1.0,0.014891825866522731,0.3094336156342379
1983-11-17,1.0,0.03401243486036004,0.33536279151374493
1983-11-18,1.0,0.00531562713438703,0.32076289790584017
1983-11-21,1.0,0.0013342230131366622,0.32392698254142427
1983-11-22,1.0,0.004240663656938944,0.32211592286602003
1983-11-23,1.0,0.007556210142138581,0.31907414439744997
1983-11-24,1.0,0.009013846820365556,0.3020783922559163
1983-11-25,1.0,0.00503913014329684,0.287555215172238
1983-11-28,0.0,-0.03051804466590164,0.21377124073882142
1983-11-29,0.0,-0.02195052625021184,0.2593566525818032
1983-11-30,0.0,-0.07963126969200716,0.23726545728581122
1983-12-01,0.0,-0.06199531658155043,0.28560730848238897
1983-12-02,0.0,-0.06574532097609105,0.28069723212911696
1983-12-05,0.0,-0.0839837547860165,0.30383593501480016
1983-12-06,0.0,-0.06706059057028102,0.2816383047376017
1983-12-07,0.0,-0.08343599223251671,0.28255639719769815
1983-12-08,0.0,-0.0845207156771779,0.28161056081857916
1983-12-09,0.0,-0.04068802707414408,0.3165941725783949
1983-12-12,0.0,-0.05516828870645479,0.2576191221459638
1983-12-13,0.0,-0.05668999083030311,0.2725099740303077
1983-12-14,0.0,-0.054817288275706644,0.24726935916498355
1983-12-15,0.0,-0.036677326510736845,0.24152942737455113
1983-12-16,0.0,-0.016032407531048887,0.266241676691592
1983-12-19,0.0,-0.009781011855105295,0.248995635922933
1983-12-20,0.0,-0.034987422235295974,0.2402553626934551
1983-12-21,0.0,-0.03248171744851631,0.23803669548952083
1983-12-22,0.0,-0.031910469969984825,0.22747406099964868
1983-12-28,0.0,-0.02139118998131756,0.23790717801183595
1983-12-29,0.0,-0.03336966314336943,0.20739170932892947
1984-01-03,0.0,-0.024447864475749845,0.21992013226818122
1984-01-04,1.0,0.01103514488750649,0.2645889038409387
1984-01-05,1.0,0.021095047238352076,0.2486883349423615
1984-01-06,1.0,0.020703581193032106,0.27466219643130996
1984-01-09,1.0,0.041692252286401485,0.33443111626309113
1984-01-10,1.0,0.022637451358972934,0.2972352646163745
1984-01-11,1.0,0.04908146873040831,0.32480944776818077
1984-01-12,1.0,0.03859427755125463,0.3233375275069189
1984-01-13,1.0,0.011719404340157209,0.29199058657933397
1984-01-16,1.0,0.017668777141570707,0.3035144936886363
1984-01-17,1.0,0.02218578390834758,0.3065692685058412
1984-01-18,1.0,0.039272933837906275,0.3129762793369883
1984-01-19,1.0,0.024122965024044787,0.28592884719931355
1984-01-20,1.0,0.028937511571983616,0.3106171123996406
1984-01-23,1.0,0.03674746008491958,0.3156248658136431
1984-01-24,1.0,0.0793471874279901,0.34016776747848554
1984-01-25,1.0,0.07551995476287521,0.31608223911012195
1984-01-26,1.0,0.08171810073558759,0.3105288151617376
1984-01-27,1.0,0.06727969312285141,0.28794425477612917
1984-01-30,1.0,0.061983549823581216,0.2997210310001357
1984-01-31,1.0,0.06600066239022563,0.2724034101282118
1984-02-01,1.0,0.04169428354110936,0.23750928992266357
1984-02-02,1.0,0.024485759383807138,0.21651320653878228
1984-02-03,1.0,0.04066536518326007,0.24357037302808032
1984-02-06,1.0,0.06370933028997439,0.24163115301060925
1984-02-07,1.0,0.05818195538273589,0.2684313327177308
1984-02-08,1.0,0.03122267001831447,0.23378016893707357
1984-02-09,1.0,0.03653081623617947,0.2683789710958894
1984-02-10,1.0,0.05724667509331577,0.2854175126215357
1984-02-13,1.0,0.048935468471642665,0.27437677935807797
1984-02-14,1.0,0.054976662026930925,0.2676927397605661
1984-02-15,1.0,0.04280436253341759,0.2398918673712577
1984-02-16,1.0,0.027237038279176916,0.24373311547056045
1984-02-17,1.0,0.0273600754468376,0.24978811035083462
1984-02-20,1.0,0.021442690977873206,0.23786132812672894
1984-02-21,0.0,-0.003548349940247958,0.1987408520668395
1984-02-22,0.0,-0.007364177516099165,0.23819103599189398
1984-02-23,0.0,-0.022601266767162804,0.25724947659536224
1984-02-24,0.0,-0.020035124315200124,0.2841745248873055
1984-02-27,0.0,-0.015623316884562487,0.31679563713378084
1984-02-28,0.0,-0.026394121954169448,0.38110602603355215
1984-02-29,0.0,-0.021795734599877537,0.43540720018315254
1984-03-01,0.0,-0.006385717740189116,0.42052534353642423
1984-03-02,0.0,-0.026668247082161294,0.42305148655227015
1984-03-05,0.0,-0.047042277804762826,0.4478262007814218
1984-03-06,0.0,-0.05437092507857102,0.4556489208427114
1984-03-07,0.0,-0.046878567090867504,0.4570747407659746
1984-03-08,0.0,-0.03809862423957922,0.42992680035099373
1984-03-09,0.0,-0.04749692724252502,0.39529268437681636
1984-03-12,0.0,-0.028838909815422815,0.4139437301115759
1984-03-13,0.0,-0.03940701118535484,0.3852714907640454
1984-03-14,0.0,-0.05264373348542203,0.3959321441900711
1984-03-15,0.0,-0.03718476429072576,0.41502486867046395
1984-03-16,0.0,-0.032475847081401756,0.37460642848209946
1984-03-19,0.0,-0.03450623403869614,0.35261224925700535
1984-03-20,0.0,-0.02298656585963304,0.3803479596154269
1984-03-21,0.0,-0.023466780821558716,0.39697173593143015
1984-03-22,0.0,-0.018273041320628066,0.40867350816615455
1984-03-23,0.0,-0.02083951425234161,0.389451720091272
1984-03-26,0.0,-0.02126213274425377,0.3938009740932856
1984-03-27,0.0,-0.03413657816158742,0.3937025081432569
1984-03-28,0.0,-0.024271444003321967,0.36596902219081834
1984-03-29,0.0,-0.03361442066466394,0.3573753102912124
1984-03-30,0.0,-0.026077096930198686,0.3789361728267873
1984-04-02,0.0,-0.02749224070442658,0.3556911017886468
1984-04-05,0.0,-0.025775307622233193,0.3611671474356869
1984-04-06,0.0,-0.020323472971914055,0.3349233773983093
1984-04-09,0.0,-0.02824559583698169,0.3308901822101998
1984-04-10,0.0,-0.023480550790633405,0.348347851731918
1984-04-11,0.0,-0.03157253194596208,0.33347913949137364
1984-04-12,0.0,-0.022910357812170646,0.34201923221592884
1984-04-13,0.0,-0.010603147715070324,0.35144580762390026
1984-04-16,0.0,-0.009516328755254815,0.3262493204558772
1984-04-17,0.0,-0.01217268272022087,0.3244218643083355
1984-04-18,1.0,0.0013140606358690366,0.3303950773930685
1984-04-19,0.0,-0.014128963454015778,0.3195214973795708
1984-04-24,0.0,-0.012339353202607825,0.3395075675950755
1984-04-25,0.0,-0.017547781887197533,0.3373497719465277
1984-04-26,1.0,0.011255190140876394,0.34218854764258166
1984-04-27,1.0,0.016604944507748916,0.3519097398020877
1984-04-30,1.0,0.02781601535899786,0.39990095391882946
1984-05-01,1.0,0.020375335178756955,0.3849290481232458
1984-05-02,1.0,0.04254305140896538,0.3852682057680383
1984-05-03,1.0,0.03249148710786224,0.3700287514176303
1984-05-04,1.0,0.04426707544184736,0.3862921532456
1984-05-08,1.0,0.05281971965543368,0.36090550940859334
1984-05-09,1.0,0.051266455594757836,0.3320746036606919
1984-05-10,1.0,0.037615784124566454,0.3373744520596412
1984-05-11,1.0,0.026491615446976285,0.3177685927333982
1984-05-14,1.0,0.006554768970674263,0.3265607020192658
1984-05-15,1.0,0.002007360995232145,0.3200624656328794
1984-05-16,1.0,0.0009322768205366059,0.31328426141504495
1984-05-17,0.0,-0.02283510907101732,0.3138288018419429
1984-05-18,0.0,-0.020713585223379315,0.3160671273370845
1984-05-21,0.0,-0.027019677924011703,0.30200871766843596
1984-05-22,0.0,-0.02535159119741453,0.34305001778255373
1984-05-23,0.0,-0.020820183531274187,0.3415589601630608
1984-05-24,0.0,-0.003733835515431765,0.3585175766836726
1984-05-25,0.0,-0.03968932892296702,0.2930068419816423
1984-05-29,0.0,-0.042649822348134164,0.31620929007374576
1984-05-30,0.0,-0.04512839836361605,0.3235723196902918
1984-05-31,0.0,-0.02998309523393013,0.33326280095242566
1984-06-01,0.0,-0.05400373122231937,0.31214531727548533
1984-06-04,0.0,-0.05520455434709568,0.3902300746721777
1984-06-05,0.0,-0.0669541347971032,0.3804801880988821
1984-06-06,0.0,-0.059571939772720295,0.38063087126973716
1984-06-07,0.0,-0.07242265556206948,0.3684945962917604
1984-06-08,0.0,-0.088661347900194,0.4033285184259059
1984-06-11,0.0,-0.12220456091426088,0.3721863689224356
1984-06-12,0.0,-0.08555788836164654,0.37865401224806744
1984-06-13,0.0,-0.0975184986995534,0.3552863502471576
1984-06-14,0.0,-0.09620248407267536,0.3521666679902639
1984-06-15,0.0,-0.06453852113757118,0.33473490320034865
1984-06-18,0.0,-0.0495923341501086,0.3117013715916679
1984-06-19,0.0,-0.06536635065197717,0.2961785769452037
1984-06-20,0.0,-0.06778703509340259,0.3049822158190692
1984-06-21,0.0,-0.057023561166290024,0.29767411267872035
1984-06-22,0.0,-0.09011328623713256,0.2956149373319854
1984-06-25,0.0,-0.09734338958642277,0.3279189566697782
1984-06-26,0.0,-0.08762664803592674,0.32337869718085616
1984-06-27,0.0,-0.07766522837068787,0.3260121531124873
1984-06-28,0.0,-0.080087403407336,0.3182444844038122
1984-06-29,0.0,-0.10683593675573543,0.35972566230654335
1984-07-02,0.0,-0.08897891328594046,0.3577539127920522
1984-07-03,0.0,-0.07292844977566766,0.352191048187566
1984-07-04,0.0,-0.08479653666007693,0.3392065447637402
1984-07-05,0.0,-0.05870760082677804,0.34641568883750906
1984-07-06,0.0,-0.011388023427565582,0.4434545124634507
1984-07-09,1.0,0.031263905784741405,0.5444748665797919
1984-07-10,0.0,-0.006557400546159052,0.4664437450488814
1984-07-11,1.0,0.015356791738734802,0.47643239439939317
1984-07-12,1.0,0.009045874347331579,0.4562273200646647
1984-07-13,1.0,0.005059642163581147,0.43398219117738035
1984-07-16,0.0,-0.019031716298216074,0.43891229073114085
1984-07-17,1.0,0.019539949934492203,0.4781409987183931
1984-07-18,1.0,0.014785312044301828,0.46424952782032136
1984-07-19,1.0,0.005836730927038242,0.46906930703383926
1984-07-20,1.0,0.028820438535491884,0.5361008968177746
1984-07-23,1.0,0.041800619987719924,0.5738288282837841
1984-07-24,1.0,0.021914682705394567,0.5341163412789094
1984-07-25,1.0,0.009464941427300793,0.5555081928807563
1984-07-26,1.0,0.020275336870516605,0.5703355414832529
1984-07-27,1.0,0.04305663232167139,0.5824152760507724
1984-07-30,1.0,0.03269452119326086,0.5356756333540754
1984-07-31,1.0,0.023527100907572884,0.5544254810712308
1984-08-01,1.0,0.024044874254002868,0.5781048716652494
1984-08-02,1.0,0.012278955286516806,0.5570694932338345
1984-08-03,0.0,-0.013693907683357985,0.5605699465860448
1984-08-06,0.0,-0.023319182519547222,0.5713275780788469
1984-08-07,0.0,-0.04103522387969962,0.5935556086362542
1984-08-08,0.0,-0.011678964864146149,0.5443208468371897
1984-08-09,0.0,-0.013158084577511088,0.5553891944419801
1984-08-10,0.0,-0.0242276882403244,0.5908803398962522
1984-08-13,0.0,-0.009359530155543978,0.6027348822522041
1984-08-14,0.0,-0.044772820781444726,0.5458072601050695
1984-08-15,0.0,-0.040863555182500476,0.5917942365444405
1984-08-16,0.0,-0.03113989537169136,0.5760102100726388
1984-08-17,0.0,-0.048754653436309206,0.5579063020134688
1984-08-20,0.0,-0.036590336522312986,0.545298529742894
1984-08-21,0.0,-0.01749315744751723,0.5758966724431511
1984-08-22,0.0,-0.01828204483744907,0.5684522161396262
1984-08-23,0.0,-0.022311108985551463,0.5675347041351673
1984-08-24,0.0,-0.006449323679907095,0.5620697643157747
1984-08-28,0.0,-0.013674196514230843,0.5730267536319426
1984-08-29,0.0,-0.012632955833346199,0.549530956227562
1984-08-30,0.0,-0.005776189345051606,0.5577317779242861
1984-08-31,0.0,-0.013005963679133993,0.5536755262938625
1984-09-03,1.0,0.0026090752588649483,0.5606953163578615
1984-09-04,1.0,0.011799976671877571,0.5522175362994215
1984-09-05,1.0,0.05986271701767296,0.6196382161823597
1984-09-06,1.0,0.01674593191198122,0.5468292019692677
1984-09-07,1.0,0.011850039917495805,0.5702496614802307
1984-09-10,1.0,0.009264090959798172,0.5631771451111235
1984-09-11,1.0,0.0020548957766567994,0.5427972594687346
1984-09-12,0.0,-0.0022181155120214895,0.5662778384904186
1984-09-13,1.0,0.0037039823071714374,0.5731914386618149
1984-09-14,0.0,-0.00749617679409268,0.5600433086972546
1984-09-17,1.0,0.010090603499124672,0.6043212905588417
1984-09-18,1.0,0.008133131708277381,0.5744429002545268
1984-09-19,1.0,0.0016163400771203832,0.5917805958443105
1984-09-20,1.0,0.002211574804840132,0.5723829469834278
1984-09-21,0.0,-0.011713164663653203,0.5787550754739612
1984-09-24,0.0,-0.02725520307148419,0.5646304836534302
1984-09-25,0.0,-0.014598799421152636,0.5736085928074235
1984-09-26,0.0,-0.017782133031091604,0.5696470816770408
1984-09-27,0.0,-0.019744699937071772,0.5561005950306945
1984-09-28,0.0,-0.018052886258978978,0.49117952931877035
1984-10-01,0.0,-0.026848234796529324,0.45648746529843137
1984-10-02,0.0,-0.028646835877664964,0.4263988942408911
1984-10-03,0.0,-0.043995364844900214,0.36850559115994364
1984-10-04,0.0,-0.03661904627381356,0.41207459457289014
1984-10-05,0.0,-0.00203814308434483,0.410813842228956
1984-10-08,1.0,0.0024851997294992227,0.4103509595395697
1984-10-09,1.0,0.01484527335778194,0.421220591761963
1984-10-10,1.0,0.028746416550928786,0.4359693338214606
1984-10-11,1.0,0.0262712131539002,0.421048012166621
1984-10-12,1.0,0.023043166293381146,0.4252962620830663
1984-10-15,1.0,0.020748844883955033,0.38896487296559534
1984-10-16,1.0,0.03160141206348545,0.3688389994998152
1984-10-17,1.0,0.015298615561862721,0.3618961755758778
1984-10-18,1.0,0.012440701982030187,0.37662051901609467
1984-10-19,1.0,0.01607047003260888,0.3920901724077993
1984-10-22,1.0,0.014667320731306882,0.3892796898002496
1984-10-23,1.0,0.007763900421625637,0.37099534293792713
1984-10-24,1.0,0.0008819638966530552,0.3847411330315755
1984-10-25,1.0,0.01014043519177526,0.3866292235527146
1984-10-26,1.0,0.01148591628904254,0.3814308114658581
1984-10-29,1.0,0.0019312194964582567,0.3981541861211493
1984-10-30,0.0,-0.007779811830757321,0.40175611060699484
1984-10-31,0.0,-0.01358511459030648,0.41822580009992827
1984-11-01,0.0,-0.009632825840810847,0.4074112568709933
1984-11-02,0.0,-0.04196419909903219,0.32206200703944926
1984-11-05,0.0,-0.03854930770135227,0.3546527808554433
1984-11-06,0.0,-0.041592781724810124,0.31033320667212627
1984-11-07,0.0,-0.05226281515670133,0.289462613490465
1984-11-08,0.0,-0.0482501198726756,0.30238556553599794
1984-11-09,0.0,-0.05878807400913338,0.31540785833060975
1984-11-12,0.0,-0.05805201190796442,0.319088823884474
1984-11-13,0.0,-0.06988000655790497,0.2855467908537565
1984-11-14,0.0,-0.0635750371050455,0.33577629873909465
1984-11-15,0.0,-0.058399825784227796,0.3382297611178019
1984-11-16,0.0,-0.06744128079553253,0.29548533390481513
1984-11-19,0.0,-0.08632330963774207,0.3071445183989629
1984-11-20,0.0,-0.10336824113408714,0.30480862684694615
1984-11-21,0.0,-0.0955159018158361,0.3210951412869158
1984-11-22,0.0,-0.10618944029753245,0.2959144162655075
1984-11-23,0.0,-0.09355476683161065,0.30450150719710367
1984-11-26,0.0,-0.08579783369924028,0.33372538770391424
1984-11-27,0.0,-0.07676880968887444,0.3450537016669381
1984-11-28,0.0,-0.06271647386762644,0.33978795403208345
1984-11-29,0.0,-0.07895940677527384,0.32347490083025593
1984-11-30,0.0,-0.08463784897995955,0.3558722709358679
1984-12-03,0.0,-0.08334862142482227,0.3418487179004246
1984-12-04,0.0,-0.1072029079384631,0.330714991069542
1984-12-05,0.0,-0.0883625608596661,0.3557450232739689
1984-12-06,0.0,-0.0959150490198028,0.33345825824880004
1984-12-07,0.0,-0.07359058073558088,0.3543525932127424
1984-12-10,0.0,-0.06981422676926666,0.34267290259997824
1984-12-11,0.0,-0.08875177911364487,0.35494297089028476
1984-12-12,0.0,-0.07252098981039609,0.3709559022519697
1984-12-13,0.0,-0.06976417889117537,0.3637167579760176
1984-12-14,0.0,-0.054153357624177195,0.37667435512179587
1984-12-17,0.0,-0.02247285585205863,0.4279888898598356
1984-12-18,0.0,-0.0056795284516012205,0.43870358586291863
1984-12-19,0.0,-0.00778971806533359,0.4100665999899111
1984-12-20,0.0,-0.023859626286479623,0.42511994980625034
1984-12-21,0.0,-0.03318111051287335,0.4202081452600428
1984-12-27,0.0,-0.036056255735241315,0.4289142564189905
1984-12-28,0.0,-0.03481912665669522,0.41055901540345097
1984-12-31,0.0,-0.01878372907358598,0.40097752828617367
1985-01-02,0.0,-0.008547060578458521,0.4191623500903385
1985-01-03,1.0,0.01428713028658034,0.4296743141460636
1985-01-04,0.0,-0.006287247712874935,0.4306603599461542
1985-01-07,1.0,0.012660505606724735,0.4765386735126778
1985-01-08,1.0,0.0028106160520866086,0.42637246109593185
1985-01-09,1.0,0.003819650911508339,0.45342613480385086
1985-01-10,0.0,-0.012087240463820462,0.4236414936002255
1985-01-11,0.0,-0.00576845439674042,0.4419442776071888
1985-01-14,1.0,0.013949080377530069,0.4693460194655609
1985-01-15,1.0,0.0077564544329656775,0.4514641561132212
1985-01-16,1.0,0.0006611570488777567,0.46648808714058626
1985-01-17,0.0,-0.008547060578458521,0.4641605630886808
1985-01-18,0.0,-0.02681743335905565,0.44236415985303157
1985-01-21,0.0,-0.0292268801165385,0.44081903499548014
1985-01-22,0.0,-0.076667828995045,0.42650580032019386
1985-01-23,0.0,-0.049498158285172934,0.4779379401954848
1985-01-24,0.0,-0.033976056006996526,0.4559926265760066
1985-01-25,0.0,-0.035840013376033444,0.4723429226048617
1985-01-28,0.0,-0.0350313479980044,0.46835362484161824
1985-01-29,0.0,-0.04934266631721697,0.42396902480236237
1985-01-30,0.0,-0.050789520415061455,0.4308282422032669
1985-01-31,0.0,-0.06483205842706821,0.38885541211268976
1985-02-05,0.0,-0.0394398242933034,0.4408502502983699
1985-02-06,0.0,-0.03726929941325776,0.4147410597112453
1985-02-07,0.0,-0.03991436625546377,0.42561169965639745
1985-02-08,0.0,-0.044745644183872293,0.4434075330830649
1985-02-12,0.0,-0.0335397291198512,0.46018588290455587
1985-02-13,0.0,-0.0396174860721224,0.43835868474028
1985-02-14,0.0,-0.0352444600703764,0.4317255847165238
1985-02-15,0.0,-0.017579225496451033,0.4070257279686318
1985-02-19,1.0,0.045701017846992834,0.43119030813454445
1985-02-20,1.0,0.06734079775913777,0.41421631908018486
1985-02-21,1.0,0.04132211956193736,0.46532963757317325
1985-02-22,1.0,0.05572381365166218,0.4670822433861394
1985-02-25,1.0,0.10144785799353201,0.5854949653987457
1985-02-26,1.0,0.12485431033882743,0.49530765057945986
1985-02-27,1.0,0.12766829598745852,0.4785915347919438
1985-02-28,1.0,0.12557191103491114,0.490395414123092
1985-03-01,1.0,0.1355944803859852,0.46565128071664524
1985-03-04,1.0,0.10653771958852586,0.4499623014519332
1985-03-05,1.0,0.1017938988545058,0.4623402604790019
1985-03-06,1.0,0.11134466256450509,0.47015645754159474
1985-03-07,1.0,0.08961215868968714,0.45601313490338014
1985-03-08,1.0,0.1046386056589601,0.46071101050024527
1985-03-11,1.0,0.1174011376185168,0.5029214146315036
1985-03-12,1.0,0.14136593689045623,0.4950406057804202
1985-03-13,1.0,0.1280469576565347,0.46947000449265897
1985-03-14,1.0,0.13942542458327867,0.48950004950315584
1985-03-15,1.0,0.12145846559390087,0.4816518119162204
1985-03-18,1.0,0.0910881596168372,0.4516365118267758
1985-03-19,1.0,0.04022197239617554,0.3814008838440628
1985-03-20,1.0,0.009216655104924048,0.4444847367490992
1985-03-21,1.0,0.047646653467352994,0.49993425861950386
1985-03-22,1.0,0.03473057930549152,0.4459233068689034
1985-03-25,1.0,0.02324955492023068,0.4270246201986826
1985-03-26,0.0,-0.0038684767779203176,0.4296971139724865
1985-03-27,0.0,-0.021104927705867655,0.5038361524103622
1985-03-28,0.0,-0.011560822401075971,0.5069297813467795
1985-03-29,0.0,-0.024286468806095196,0.4827429870909835
1985-04-01,0.0,-0.02714813191901217,0.4839112762312399
1985-04-02,0.0,-0.01740550269645818,0.41013211973614644
1985-04-03,0.0,-0.02681548686240905,0.37282447056311485
1985-04-04,0.0,-0.010313459128273101,0.4121765371587978
1985-04-09,0.0,-0.032238030386080106,0.375087257251581
1985-04-10,0.0,-0.03783435602678027,0.3786684789835196
1985-04-11,0.0,-0.05490362145285948,0.3553682319534659
1985-04-12,0.0,-0.027348455104519817,0.3542935815057709
1985-04-15,0.0,-0.02345926726556676,0.3472195855679444
1985-04-16,0.0,-0.0237286295649891,0.34658143141462594
1985-04-17,0.0,-0.022396487911283045,0.37551082596910446
1985-04-18,0.0,-0.02223165536159676,0.40080177851048243
1985-04-19,0.0,-0.011379486165865984,0.42829138408646156
1985-04-22,0.0,-0.03999599453683034,0.40749391918980266
1985-04-23,0.0,-0.03235622124502931,0.39974430246172665
1985-04-24,0.0,-0.02070987101547037,0.4090217863480163
1985-04-25,0.0,-0.024483332165466016,0.38761993469192374
1985-04-26,0.0,-0.03860266616203792,0.3996695868641682
1985-04-29,0.0,-0.03309994842634484,0.3860957192869622
1985-04-30,0.0,-0.021228881193117777,0.40128553870146183
1985-05-01,1.0,0.004788516731797094,0.43694112215035247
1985-05-02,1.0,0.015364204978920921,0.39207154899362
1985-05-03,1.0,0.009229855466614022,0.40544571255733247
1985-05-07,1.0,0.0022303657485452824,0.3761928239209924
1985-05-08,1.0,0.006213674098875604,0.39224503418871376
1985-05-09,0.0,-0.002542104959707034,0.39509741762201006
1985-05-10,0.0,-0.007980888331012877,0.41130134975024507
1985-05-13,0.0,-0.018868484304382805,0.38158133890382673
1985-05-14,0.0,-0.037445872575990496,0.4045321095222303
1985-05-15,0.0,-0.028281539280758213,0.43144792590313297
1985-05-16,0.0,-0.005796209538301594,0.45508408375889337
1985-05-17,0.0,-0.011225562219815279,0.43807501522574893
1985-05-20,1.0,0.001390928282360177,0.44140889492944696
1985-05-21,1.0,0.03280006667795837,0.49422333937578883
1985-05-22,1.0,0.005832758713368577,0.4561324138760242
1985-05-23,0.0,-0.0062018168089604305,0.40488962436597536
1985-05-24,0.0,-0.000158894097418629,0.4123441016476086
1985-05-28,1.0,0.013562234202350382,0.4207121796940476
1985-05-29,1.0,0.015109631391766134,0.3791041082844359
1985-05-30,1.0,0.0012706482014554893,0.3721429912620968
1985-05-31,1.0,0.011871924161310143,0.37079996775121804
1985-06-03,0.0,-0.013291334907190687,0.3400527784351002
1985-06-04,0.0,-0.02372286276918091,0.3652872400412557
1985-06-05,0.0,-0.012329032961858976,0.3924506232213562
1985-06-06,0.0,-0.01021720254665494,0.37900736773121974
1985-06-07,0.0,-0.01619793253092462,0.38929692805157384
1985-06-10,1.0,0.009093147125269409,0.4054966444455817
1985-06-11,0.0,-0.000476303890881308,0.40647065628182094
1985-06-12,0.0,-0.003025239151465378,0.43395126589290367
1985-06-13,1.0,0.006037514367641018,0.46960235969016145
1985-06-14,0.0,-0.007569820092806395,0.5034192471776047
1985-06-17,1.0,0.00889727246022414,0.5227625569215543
1985-06-18,1.0,0.005698021114637796,0.4661274583306368
1985-06-19,0.0,-0.0167341989911651,0.42510823275991
1985-06-20,1.0,0.002511775260913335,0.5432441871489152
1985-06-21,1.0,0.012050248874519593,0.5886140130074713
1985-06-24,1.0,0.02464222626288469,0.5640580133741452
1985-06-25,1.0,0.007106228088295603,0.5475442039954878
1985-06-26,1.0,0.0020499888910601428,0.5291569815903382
1985-06-27,1.0,0.006171393904542225,0.5531746055322865
1985-06-28,1.0,0.027165038646922365,0.4728829627915968
1985-07-01,1.0,0.02935155380405899,0.5418568049255
1985-07-02,1.0,0.06057691303085303,0.5508398577157395
1985-07-03,1.0,0.037161363477491514,0.4963770739469669
1985-07-05,1.0,0.028161962364131498,0.5070021380343857
1985-07-08,1.0,0.04582160174115021,0.558980566830981
1985-07-09,1.0,0.015599465465102155,0.4908715972598157
1985-07-10,1.0,0.019811968769049768,0.5004163804214116
1985-07-11,1.0,0.028144299246797278,0.5169310665097206
1985-07-12,1.0,0.01882999304337478,0.542028791570511
1985-07-15,1.0,0.0336218439420499,0.5384673752397244
1985-07-16,1.0,0.014655102240249617,0.4916132303684676
1985-07-17,1.0,0.0012277472383223377,0.49186223652435557
1985-07-18,1.0,0.03409944875942834,0.5588363540563099
1985-07-19,1.0,0.05029718852973435,0.534950725437883
1985-07-22,1.0,0.07189907254936037,0.53412493029605
1985-07-23,1.0,0.03548685772125199,0.4630116286686731
1985-07-24,1.0,0.05554858654868364,0.5490059543885999
1985-07-25,1.0,0.055459148319427914,0.543690513008221
1985-07-26,1.0,0.05493863762588391,0.5396553205200975
1985-07-29,1.0,0.028681211246718515,0.4073483970562367
1985-07-30,1.0,0.053163161491890536,0.4551760663236857
1985-07-31,1.0,0.028594875277055096,0.38070897425218253
1985-08-01,1.0,0.03403090272166484,0.4750400489823529
1985-08-02,1.0,0.023740902295265834,0.47916942490094333
1985-08-05,1.0,0.006925768352960036,0.44316900015617544
1985-08-06,1.0,0.018434415605100632,0.5089629837398629
1985-08-07,0.0,-0.011745495611492822,0.499373995871787
1985-08-08,0.0,-0.00981545622822897,0.48637156337846676
1985-08-09,0.0,0.0,0.49668502410787785
1985-08-12,0.0,-0.01822725779101347,0.4000731968004624
1985-08-13,0.0,-0.022455453803837136,0.4411646026109536
1985-08-14,0.0,-0.014522115244894784,0.44689545547047904
1985-08-15,0.0,-0.036289344832464245,0.4210275620204326
1985-08-16,0.0,-0.054382033172765576,0.4730799254067253
1985-08-19,0.0,-0.07505613910212736,0.5242908943570392
1985-08-20,0.0,-0.054898863645475846,0.5958210722526707
1985-08-21,0.0,-0.05115228491618069,0.568509413009905
1985-08-22,0.0,-0.024286584747673885,0.5723563163716382
1985-08-23,0.0,-0.014893092121523578,0.5761924107873282
1985-08-26,0.0,-0.022574322038539065,0.5891921054726579
1985-08-27,0.0,-0.03477183852046693,0.5537296579134556
1985-08-28,0.0,-0.025241724749193922,0.5900681201028217
1985-08-29,0.0,-0.02046301034233225,0.5674944685329343
1985-09-03,0.0,-0.018295536836693747,0.567275184983582
1985-09-04,0.0,-0.003226057026349792,0.554261745863278
1985-09-05,0.0,-0.0026127733298999907,0.55763466021691
1985-09-06,1.0,0.032850800291835056,0.5919983992927045
1985-09-09,1.0,0.019842535997356338,0.559662609673198
1985-09-10,1.0,0.014506427224217142,0.5552838183080496
1985-09-11,1.0,0.017921072852920446,0.5752215446052664
1985-09-12,1.0,0.01938796673597519,0.5634849550370986
1985-09-13,1.0,0.013294368006572556,0.5579235873165991
1985-09-16,1.0,0.02275816156602284,0.6015272777446363
1985-09-17,1.0,0.02916744152427261,0.6073806948414119
1985-09-18,1.0,0.023129644949789113,0.6179157195754023
1985-09-19,1.0,0.028671331337020645,0.6068984074050903
1985-09-20,1.0,0.022002746934836954,0.6477455599590936
1985-09-23,0.0,-0.003977973421957613,0.6409834842641917
1985-09-24,0.0,-0.006538455590726444,0.6366507049123838
1985-09-25,0.0,-0.007946252081149411,0.6555888432461333
1985-09-26,0.0,-0.009306650436477014,0.6520219869542045
1985-09-27,0.0,-0.009786010818230467,0.640368854480495
1985-09-30,0.0,0.0,0.6554692206942903
1985-10-01,1.0,0.012489561779978125,0.667352634182441
1985-10-02,1.0,0.0038393658465556368,0.6612839319741085
1985-10-03,1.0,0.0006153846348052543,0.6627798825745523
1985-10-04,0.0,-0.013814494443188432,0.6117508867264917
1985-10-07,0.0,-0.0012286900639613308,0.6333027881792286
1985-10-08,0.0,-0.005376770000735553,0.616833942630169
1985-10-09,0.0,-0.006605754107408417,0.6290334090272998
1985-10-10,0.0,-0.007710138425967434,0.6391168962696132
1985-10-11,0.0,-0.011273380144192779,0.6507701523834099
1985-10-14,0.0,-0.010927388456306641,0.6256400761047624
1985-10-15,0.0,-0.011998298066800793,0.6335344729353222
1985-10-16,1.0,0.0026228511526256576,0.654776452852651
1985-10-17,0.0,-0.0006146281693181736,0.6285673366750911
1985-10-18,0.0,-0.002608763851965782,0.6184919623317275
1985-10-21,0.0,-0.008158284301149635,0.6426270912482366
1985-10-22,0.0,-0.010427942984744691,0.6138654997442227
1985-10-23,0.0,-0.0007674008511052824,0.6509924703442436
1985-10-24,0.0,-0.0012269940189687022,0.6323050546599722
1985-10-25,1.0,0.00337475393154842,0.6504417024832272
1985-10-28,1.0,0.011268582769541872,0.6014285150083286
1985-10-29,1.0,0.015056173701157029,0.5982588806883432
1985-10-30,1.0,0.005960130732818184,0.6157904563592587
1985-10-31,1.0,0.0006150061694460637,0.6318019015378666
1985-11-01,0.0,-0.006201570263281157,0.6776927331510318
1985-11-04,0.0,-0.008488360249884634,0.6109837986234263
1985-11-05,0.0,-0.0012330457789152,0.6338888220165178
1985-11-06,0.0,-0.004944385845463967,0.6404978865027062
1985-11-07,0.0,-0.002169534401264355,0.6675584390604697
1985-11-08,0.0,-0.014233445891883837,0.6729521781947695
1985-11-11,0.0,-0.019060098953172018,0.6505256346326529
1985-11-12,0.0,-0.02380319084918479,0.6615316904257682
1985-11-13,0.0,-0.0218077178113983,0.6222106643811319
1985-11-14,0.0,-0.023482923409742347,0.5920758469149856
1985-11-15,0.0,-0.021118797308989155,0.5993179025789414
1985-11-18,0.0,-0.007290810237153818,0.6377249164149044
1985-11-19,0.0,-0.010849455462540075,0.6063414429996222
1985-11-20,1.0,0.00046051117553437955,0.5731035769813522
1985-11-21,0.0,-0.006930034664669632,0.6007279632569068
1985-11-22,1.0,0.0033634032624286457,0.551089051167099
1985-11-25,0.0,-0.010197181427288992,0.4146064798845917
1985-11-26,0.0,-0.013525014314584147,0.4502844378162836
1985-11-27,0.0,-0.00565361732045668,0.5325141831677015
1985-11-29,1.0,0.0044475190250254995,0.5899573704764958
1985-12-02,1.0,0.020016064706469754,0.6229326581882864
1985-12-03,1.0,0.022679488769417427,0.6031306792980762
1985-12-04,1.0,0.025579957457251612,0.5769252774652781
1985-12-05,1.0,0.03260992895988461,0.6019147992838931
1985-12-06,1.0,0.054785483107583334,0.5977079524745168
1985-12-09,1.0,0.06701654470781716,0.6740626838005315
1985-12-10,1.0,0.07298070340623615,0.6528791528886874
1985-12-11,1.0,0.09444537721367319,0.646678646953585
1985-12-12,1.0,0.13392501593210446,0.6193775262777297
1985-12-13,1.0,0.10406935989420657,0.6327393507448269
1985-12-16,1.0,0.09684982598991762,0.6280567429094264
1985-12-17,1.0,0.10442593615054926,0.6147558878910271
1985-12-18,1.0,0.09549433273677235,0.6255906171235947
1985-12-19,1.0,0.07250623403549636,0.5553401560840198
1985-12-20,1.0,0.0899432516304993,0.5995393624665135
1985-12-23,1.0,0.08985632912186095,0.5551534387719558
1985-12-27,1.0,0.07696670687455805,0.5844428041214559
1985-12-30,1.0,0.07782765857878904,0.572912998190818
1986-01-02,1.0,0.09271578280142526,0.569697384232008
1986-01-03,1.0,0.07016535397031352,0.5566469492872407
1986-01-06,1.0,0.0571753513658846,0.5314979235518367
1986-01-07,1.0,0.025726815238509077,0.4978286350544178
1986-01-08,1.0,0.014032175308777291,0.5123705382755683
1986-01-09,1.0,0.010736756884336692,0.5163794884390579
1986-01-10,0.0,-0.009592045801275234,0.5822090662465926
1986-01-13,1.0,0.002207343990943927,0.5931554330386417
1986-01-14,0.0,-0.015366732640076354,0.5930786414456202
1986-01-15,0.0,-0.027779564107075706,0.5506223323697814
1986-01-16,0.0,-0.0832618412881504,0.4296817115957937
1986-01-17,0.0,-0.062159051429533936,0.5362142124043612
1986-01-20,0.0,-0.05264373348542203,0.49601858044022085
1986-01-21,0.0,-0.05550974476648532,0.48707470289173577
1986-01-22,0.0,-0.03341324657295665,0.5083291878336164
1986-01-23,0.0,-0.038410307963426094,0.5245795764463503
1986-01-24,0.0,-0.0462510176507557,0.47732092225699735
1986-01-27,0.0,-0.047423910419284794,0.49223716791045746
1986-01-28,0.0,-0.0017011628712724433,0.5183858769650844
1986-01-29,0.0,-0.021460051019769225,0.48413913507468925
1986-01-30,0.0,-0.06074683598819316,0.43536562739492607
1986-01-31,0.0,-0.03587112245369586,0.5105202025558285
1986-02-03,0.0,-0.034268985156977134,0.5050383826997247
1986-02-04,0.0,-0.004291534518444077,0.5357791673339943
1986-02-05,1.0,0.012374936943240085,0.5259419242216817
1986-02-06,1.0,0.021714468213698237,0.5430130230387312
1986-02-07,1.0,0.018365314532190313,0.5434055948536217
1986-02-10,1.0,0.0002939447405057446,0.5161610560726965
1986-02-11,1.0,0.020923114825434196,0.5514734189715128
1986-02-12,1.0,0.019381020677980018,0.5480208017037919
1986-02-13,1.0,0.0456486508046801,0.5867603115077237
1986-02-14,1.0,0.049027261240238304,0.5845484857010794
1986-02-17,1.0,0.049504909393198515,0.5817875444868172
1986-02-18,1.0,0.040388987517164125,0.600935245864847
1986-02-19,1.0,0.015549248834600867,0.6066839527132843
1986-02-20,1.0,0.0394089527429042,0.636324403066109
1986-02-21,1.0,0.04313883519820561,0.6352531813166239
1986-02-24,1.0,0.024278649170260895,0.6284232152009781
1986-02-25,0.0,-0.0018461980675259953,0.6179471638984435
1986-02-26,0.0,-0.004202600200389454,0.6774100069991272
1986-02-27,1.0,0.020855506960891133,0.7081453955944095
1986-02-28,0.0,-0.015046838821314848,0.6734828711754248
1986-03-03,0.0,-0.00029801818131465615,0.6835252027536374
1986-03-04,0.0,-0.007143950609309006,0.644196983974442
1986-03-05,0.0,-0.02071079944256156,0.610878782934839
1986-03-06,0.0,-0.02008423443286236,0.6026230668291171
1986-03-07,0.0,-0.011862187859764702,0.6119823802850094
1986-03-10,0.0,-0.007078631533391777,0.6124903135499806
1986-03-11,0.0,-0.015280932077352568,0.5496923025185002
1986-03-12,0.0,-0.005540988221740151,0.5727022771687807
1986-03-13,0.0,-0.023149181866965636,0.5641296232033047
1986-03-14,0.0,-0.01812300417041541,0.5787069698698876
1986-03-17,0.0,-0.03164729199319205,0.5710038386786194
1986-03-18,0.0,-0.03256202590295909,0.5736526474896938
1986-03-19,0.0,-0.011602740752517198,0.6110532775801151
1986-03-20,0.0,-0.02673376462257917,0.5560300926077532
1986-03-21,0.0,-0.025252417877789562,0.5415524987226195
1986-03-24,0.0,-0.0114877771096426,0.5538332395970802
1986-03-25,0.0,-0.020101179321087265,0.573154162124152
1986-03-26,1.0,0.0004355716947266261,0.6024202101872069
1986-03-27,0.0,-0.00247398801875472,0.5615191273718818
1986-04-01,1.0,0.027682916444280243,0.6224881366449776
1986-04-02,1.0,0.03009401413313113,0.5876066616059901
1986-04-03,1.0,0.030450245532675824,0.6132783032626137
1986-04-04,1.0,0.021003582346131748,0.6257984166178548
1986-04-07,1.0,0.016449188627229536,0.6093131085431078
1986-04-08,1.0,0.0146244197534497,0.6019423394840124
1986-04-09,1.0,0.01352365164573043,0.6153080028141601
1986-04-10,1.0,0.022110864897879536,0.618282068945981
1986-04-11,1.0,0.009893867990876952,0.6227327543217694
1986-04-14,1.0,0.010483497294857983,0.6452799837435742
1986-04-15,1.0,0.0056897082517291565,0.6463863158560507
1986-04-16,1.0,0.010125554263463838,0.6588083190387729
1986-04-17,1.0,0.006159280360534867,0.6572789847893548
1986-04-18,1.0,0.0007291287235162065,0.6388463607630745
1986-04-21,0.0,-0.0017590154051794476,0.6532092598249983
1986-04-22,0.0,-0.01581755297970875,0.6350894561312395
1986-04-23,0.0,-0.02131156412910331,0.6286849514930453
1986-04-24,0.0,-0.012551244744435603,0.6207113605680491
1986-04-25,0.0,-0.009773252614604657,0.5976267799781377
1986-04-28,0.0,-0.004819990343798831,0.585298302666184
1986-04-29,1.0,0.0008756567985096643,0.5491548707702624
1986-04-30,0.0,-0.008860541664304495,0.5169033120135097
1986-05-01,0.0,-0.005520862490150559,0.5054878498834438
1986-05-02,1.0,0.0007315824453882276,0.5524455663125764
1986-05-05,0.0,-0.003063683189987324,0.5257026663044707
1986-05-06,0.0,-0.012123131022000267,0.5098603778323266
1986-05-07,0.0,-0.002046186039855264,0.5434682362456623
1986-05-08,0.0,-0.010481971062614287,0.48660020219683126
1986-05-09,0.0,-0.010332624853491483,0.5029241786140681
1986-05-12,1.0,0.007216079804542821,0.5046415441102975
1986-05-13,1.0,0.01070766995121642,0.5409863571574716
1986-05-14,1.0,0.017082059832213864,0.555443112634544
1986-05-15,1.0,0.012205905679503764,0.5870900206581092
1986-05-16,0.0,-0.010845775375755439,0.5791370598111759
1986-05-19,0.0,-0.011954979664687383,0.6181768572734913
1986-05-20,1.0,0.0013277275683624453,0.6321506680719168
1986-05-21,1.0,0.0008848253047424643,0.6309252518491253
1986-05-22,0.0,-0.002352596291664718,0.6018884264926968
1986-05-23,0.0,-0.00014659532387172755,0.5784134007485008
1986-05-27,1.0,0.0014630580517603152,0.5455584845832725
1986-05-28,1.0,0.0011663509122197767,0.5253774138487735
1986-05-29,1.0,0.0042221799638100105,0.5335318076569551
1986-05-30,1.0,0.004941152328987909,0.5266336253106492
1986-06-02,1.0,0.010620598847921455,0.5542316899679863
1986-06-03,1.0,0.008438868645864824,0.5550934789942424
1986-06-04,1.0,0.006006904004564133,0.6021733445415797
1986-06-05,1.0,0.00612604016178626,0.5537655275577653
1986-06-06,1.0,0.006273271721961748,0.5622529049781644
1986-06-09,1.0,0.00888376919580985,0.5576926658118959
1986-06-10,1.0,0.0004313133558346762,0.46770669631836354
1986-06-11,1.0,0.002012941010388861,0.48420723161261736
1986-06-12,0.0,-0.0044594765697411175,0.4771196828365443
1986-06-13,1.0,0.00547315207528444,0.5102528673817012
1986-06-16,1.0,0.018831298754683087,0.6211850704008401
1986-06-17,1.0,0.027097959767250993,0.6277643406203636
1986-06-18,1.0,0.024609905999148515,0.5869981797554155
1986-06-19,1.0,0.022734876029111256,0.5887280929997961
1986-06-20,1.0,0.023999406520585385,0.5661827155687023
1986-06-23,1.0,0.03712656611946985,0.5194659114513015
1986-06-24,1.0,0.03307274827402236,0.4910047192337756
1986-06-25,1.0,0.011877312279809557,0.4436996541413685
1986-06-26,1.0,0.012990944822646488,0.4248136931201584
1986-06-27,1.0,0.012962877757160946,0.4221373471803719
1986-06-30,1.0,0.023173687555763878,0.43521274102515345
1986-07-01,1.0,0.017663990543997768,0.45595527576000483
1986-07-02,1.0,0.026948817217887486,0.518819041245462
1986-07-03,1.0,0.038929846368217155,0.4762489611977081
1986-07-04,1.0,0.048817865384132006,0.4830930150784251
1986-07-07,1.0,0.042438781639132346,0.4537843799532546
1986-07-08,1.0,0.030157307670024593,0.3981272715195074
1986-07-09,1.0,0.040258779351430816,0.3974597121448743
1986-07-10,1.0,0.042343328054808074,0.40577490201571037
1986-07-11,1.0,0.057764696865045505,0.3710592917690459
1986-07-14,1.0,0.10492658204285929,0.4143292566401902
1986-07-15,1.0,0.11456656456554919,0.392585760377375
1986-07-16,1.0,0.10284008080898817,0.3814880425289837
1986-07-17,1.0,0.10417826087400404,0.3877989765951642
1986-07-18,1.0,0.07340966244554058,0.3542559023085875
1986-07-21,1.0,0.06573853539938943,0.3661491278181241
1986-07-22,1.0,0.0742595064386437,0.3920074531206426
1986-07-23,1.0,0.10643984657750206,0.5135076761113521
1986-07-24,1.0,0.08899325421279501,0.4854316983673861
1986-07-25,1.0,0.08421697829524691,0.48121616507516535
1986-07-28,1.0,0.08948286784976292,0.41899377754311457
1986-07-29,1.0,0.0909655891102939,0.4719876498058
1986-07-30,1.0,0.10798751848210311,0.4561171270447815
1986-07-31,1.0,0.09531017980432493,0.445145086043596
1986-08-01,1.0,0.11500910877365818,0.4943404850765374
1986-08-04,1.0,0.11462816619357077,0.5068179398647743
1986-08-05,1.0,0.1583260512377389,0.526734612313851
1986-08-06,1.0,0.12645272791075746,0.5415743260259009
1986-08-07,1.0,0.12323464329004952,0.5560825045653395
1986-08-08,1.0,0.12642239824709128,0.5038819760257933
1986-08-11,1.0,0.0458095360312942,0.3606117947758948
1986-08-12,1.0,0.07805818628398736,0.39166396958222355
1986-08-13,1.0,0.07076504026352093,0.4211879960429016
1986-08-14,1.0,0.08018252172108122,0.41156519160462524
1986-08-18,1.0,0.09860699264204657,0.45437167796996497
1986-08-19,1.0,0.10022832082785747,0.4562929000240103
1986-08-20,1.0,0.12164221691233691,0.4768673538639166
1986-08-21,1.0,0.1200099680806022,0.4637484599296318
1986-08-26,1.0,0.13228422320886943,0.4930836960148941
1986-08-27,1.0,0.1268331345282795,0.4712330407346878
1986-08-28,1.0,0.10473968683142926,0.45569486377025203
1986-08-29,1.0,0.11827391824424045,0.4562639541068923
1986-09-01,1.0,0.08616013199249427,0.4274112547568505
1986-09-02,1.0,0.07339933860570244,0.44967098939195005
1986-09-03,1.0,0.048202101817877686,0.4171366935782306
1986-09-04,1.0,0.06662741594379402,0.445780030815577
1986-09-05,1.0,0.03738753207162041,0.37203941940457547
1986-09-08,1.0,0.060503033877808574,0.4286872766801201
1986-09-09,1.0,0.06331602709779005,0.42944071497853686
1986-09-10,1.0,0.04577030489032292,0.4478708892882758
1986-09-11,1.0,0.08061659578110918,0.5067820362244321
1986-09-12,1.0,0.026464349500778167,0.4989668049116316
1986-09-15,1.0,0.04515599905521252,0.5322142430534818
1986-09-16,1.0,0.027305047214647823,0.5214575927428161
1986-09-17,1.0,0.021073576790528393,0.49259587044984415
1986-09-18,1.0,0.018142431565983667,0.49585227393843306
1986-09-19,0.0,-0.025317807984289897,0.44071195534794355
1986-09-22,0.0,-0.024405627368140632,0.4799584669471083
1986-09-23,0.0,-0.02302159572393965,0.49427680505193594
1986-09-24,0.0,-0.01517834159906576,0.47227051436484074
1986-09-25,0.0,-0.014071526743915883,0.5178000590864344
1986-09-26,0.0,-0.05336179911000692,0.4745607268678953
1986-09-29,0.0,-0.041236795604685475,0.5099792452437856
1986-09-30,0.0,-0.029981859581576707,0.4950723853111574
1986-10-01,0.0,-0.04622874153270243,0.5184131845812722
1986-10-02,0.0,-0.0592199746659322,0.5070202280029059
1986-10-03,0.0,-0.08368081604246515,0.5260229853074724
1986-10-06,0.0,-0.07285868681110585,0.5115463722550546
1986-10-07,0.0,-0.06637506894487256,0.5139742328261938
1986-10-08,0.0,-0.07794303420406737,0.533771794951521
1986-10-09,0.0,-0.06445437856941379,0.5136082237923839
1986-10-10,0.0,-0.05377062503229462,0.5504098657300889
1986-10-13,0.0,-0.05182875660158095,0.5426295994749615
1986-10-14,0.0,-0.05463745015485965,0.5734823751512091
1986-10-15,0.0,-0.03619212859341679,0.5944831448680418
1986-10-16,0.0,-0.043224015332511447,0.5842855517963909
1986-10-17,0.0,-0.026587668852743725,0.6207606700967631
1986-10-20,0.0,-0.07955263170195365,0.5831803400101155
1986-10-21,0.0,-0.08361687537937877,0.6010047737988368
1986-10-22,0.0,-0.07726226296945816,0.5962619769209103
1986-10-23,0.0,-0.08383867667776963,0.6095192787747796
1986-10-24,0.0,-0.0558552581575731,0.6409907546869428
1986-10-27,0.0,-0.0740610403221986,0.6053051174022329
1986-10-28,0.0,-0.06787172206110592,0.6065737287124356
1986-10-29,0.0,-0.056260084382431144,0.6298420353497434
1986-10-30,0.0,-0.05824430818055441,0.6197980608345875
1986-10-31,0.0,-0.013684225839163735,0.6379297665111615
1986-11-03,0.0,-0.041981783835481304,0.6223351523816515
1986-11-04,0.0,-0.04576166646627575,0.6435069211692587
1986-11-05,0.0,-0.04028234990167778,0.6694566311295314
1986-11-06,0.0,-0.05032113602301435,0.668582126637281
1986-11-07,0.0,-0.0466366786073643,0.6964251646378079
1986-11-10,0.0,-0.06007699333823821,0.6943293206390784
1986-11-11,0.0,-0.03636764417087483,0.705928458407359
1986-11-12,0.0,-0.04677744902542522,0.6804788409526515
1986-11-13,0.0,-0.0400554172500596,0.6939706766723615
1986-11-14,0.0,-0.03476769096699301,0.6981367721106749
1986-11-17,1.0,0.001527495205351649,0.7507152423181598
1986-11-18,1.0,0.0025542798050967007,0.7172558128513844
1986-11-19,0.0,-0.006758936653372607,0.7300196513044818
1986-11-20,1.0,0.013900625536331321,0.7453498097380153
1986-11-21,1.0,0.015210876771007395,0.732345361516966
1986-11-24,1.0,0.022607173010109536,0.7055055653349288
1986-11-25,1.0,0.0164118176112039,0.6939059512988849
1986-11-26,1.0,0.01333612048416076,0.6943225821097444
1986-11-28,1.0,0.05083686690269256,0.6925826255898909
1986-12-01,1.0,0.008558894286884602,0.6641532324130144
1986-12-02,1.0,0.030841676054433574,0.7256869320922494
1986-12-03,1.0,0.02695853950317957,0.7191551644528332
1986-12-04,1.0,0.031608193903514256,0.7177898971718042
1986-12-05,1.0,0.03415891881131886,0.6974512910383339
1986-12-08,1.0,0.053715922135452655,0.7062359943663141
1986-12-09,1.0,0.05580739246366256,0.7297107443199631
1986-12-10,1.0,0.058533939628135356,0.7041127089051715
1986-12-11,1.0,0.0692503048774838,0.7215335479131277
1986-12-12,1.0,0.059978330827733926,0.7086155998617094
1986-12-15,1.0,0.06848551480432792,0.6512591909382394
1986-12-16,1.0,0.056020085645222394,0.6449581616731153
1986-12-17,1.0,0.03804262544585047,0.6503793409111462
1986-12-18,1.0,0.04918614949268912,0.6548910979830578
1986-12-19,1.0,0.013085239548655534,0.6132079144329247
1986-12-22,1.0,0.029621612095815524,0.6275006275207203
1986-12-23,1.0,0.05571566980527447,0.6451774113878416
1986-12-29,1.0,0.05885881017866168,0.6216663545475163
1986-12-30,1.0,0.05248872105938138,0.6357958282885318
1987-01-02,0.0,-0.0074627212015896,0.5490105629569378
1987-01-05,1.0,0.01936265034485722,0.632942824601452
1987-01-06,1.0,0.005709336595913684,0.604327396006964
1987-01-07,1.0,0.004485429897486277,0.6191481124294882
1987-01-08,0.0,-0.007119245706261058,0.6083129882685812
1987-01-09,1.0,0.00149142458667012,0.5920746139578666
1987-01-12,0.0,-0.012729670058980751,0.5782257427272983
1987-01-13,0.0,-0.015150871819596722,0.6069510563692736
1987-01-14,0.0,-0.029582893112310136,0.5867069535733919
1987-01-15,0.0,-0.034087962338911044,0.5882513592969594
1987-01-16,0.0,-0.0451463418724033,0.5689399901720026
1987-01-19,0.0,-0.061031750271084095,0.5718501515516189
1987-01-20,0.0,-0.04551831265621174,0.6002641124660345
1987-01-21,0.0,-0.0431577261126208,0.6258780212348964
1987-01-22,0.0,-0.04255431801902352,0.589488210628655
1987-01-23,0.0,-0.0006251953939183611,0.6449412740924761
1987-01-26,0.0,-0.006920442844573795,0.5719874631735061
1987-01-27,0.0,-0.030096006047948785,0.5598386372061667
1987-01-28,0.0,-0.019401499299558294,0.5417467776166154
1987-01-29,0.0,-0.01376281246839735,0.560913619995885
1987-01-30,1.0,0.013269866698770845,0.6189327897043944
1987-02-02,0.0,0.0,0.554734363602712
1987-02-03,1.0,0.00936198017920474,0.6027373225184992
1987-02-04,1.0,0.016521150032044966,0.6240198038869358
1987-02-05,1.0,0.03304048080149354,0.6293101615369692
1987-02-06,1.0,0.012931427422114108,0.6293207834944077
1987-02-09,1.0,0.0015755012859640166,0.6278337223045767
1987-02-10,1.0,0.010592822415695242,0.6345860728893294
1987-02-11,1.0,0.01416716026478027,0.6299193938607827
1987-02-12,1.0,0.022489427095979446,0.6429650642270296
1987-02-13,1.0,0.03146159909623184,0.6863113266803424
1987-02-16,1.0,0.02385418234056997,0.6935243636331914
1987-02-17,1.0,0.026431724793470703,0.6539296008117175
1987-02-18,1.0,0.039935447807671186,0.6573539802111897
1987-02-19,1.0,0.03162872798127241,0.6351604842422893
1987-02-20,1.0,0.015489177042460344,0.574418574798007
1987-02-23,1.0,0.016358522341880816,0.5804915503078247
1987-02-24,1.0,0.030873346610824977,0.6225760737609166
1987-02-25,1.0,0.023044402690112566,0.5809188860215285
1987-02-26,1.0,0.020695038465924097,0.5892606227118493
1987-02-27,1.0,0.02930639344082684,0.5823732945117974
1987-03-02,1.0,0.0452541983429031,0.6077172649230258
1987-03-03,1.0,0.03023946779687484,0.5884763298935831
1987-03-04,1.0,0.02320626255893341,0.6105213649425976
1987-03-05,1.0,0.015403433312243274,0.5927789227077584
1987-03-06,1.0,0.02627973239729246,0.6306092603856708
1987-03-09,1.0,0.03601882131267515,0.6272573194299009
1987-03-10,1.0,0.02751978329062992,0.641168063339408
1987-03-11,1.0,0.028340757201539616,0.6180714129377957
1987-03-12,1.0,0.02294532763065962,0.6054977750265801
1987-03-13,1.0,0.05122012990155942,0.6145504748255026
1987-03-16,1.0,0.06899287148695142,0.616364077793754
1987-03-17,1.0,0.08121691999782894,0.6144163728390027
1987-03-18,1.0,0.08996757536669342,0.6121215678115027
1987-03-19,1.0,0.07531944240943726,0.6182471175308039
1987-03-20,1.0,0.10180732515515091,0.6357154618727164
1987-03-23,1.0,0.08340600781182428,0.6064165657265376
1987-03-24,1.0,0.0897717163683921,0.5858136756272654
1987-03-25,1.0,0.10709286775845339,0.5838107187872266
1987-03-26,1.0,0.1399042074996304,0.6203866328552173
1987-03-27,1.0,0.08060209883502237,0.5917431563613954
1987-03-30,1.0,0.05356994330020402,0.6181603276241432
1987-03-31,1.0,0.07542752369773073,0.6738573167080864
1987-04-01,1.0,0.087459305328586,0.6746807153457143
1987-04-02,1.0,0.09244005107013736,0.6710782538497485
1987-04-03,1.0,0.0858862318716037,0.6682742244849682
1987-04-06,1.0,0.07933975845321005,0.6585875061549192
1987-04-07,1.0,0.07921523555350402,0.6718504935395271
1987-04-08,1.0,0.07444764607003125,0.6560849243014424
1987-04-09,1.0,0.09011423825948982,0.666435026153751
1987-04-10,1.0,0.06481362231138184,0.6701628155874917
1987-04-13,1.0,0.05609363774080341,0.6999139721446451
1987-04-14,1.0,0.06030545590064494,0.7088169627315427
1987-04-15,1.0,0.06357402779137551,0.7007225654207203
1987-04-16,1.0,0.07342241454003423,0.7069619988372918
1987-04-21,1.0,0.055705127456863485,0.6525989946579341
1987-04-22,1.0,0.05161871842354841,0.6826820418405688
1987-04-23,1.0,0.03489994323900588,0.6764807658416092
1987-04-24,0.0,-0.028974810098026046,0.6702295850165115
1987-04-27,0.0,-0.054125764138307615,0.6547457225002945
1987-04-28,1.0,0.0002207261900586499,0.6862691991985763
1987-04-29,1.0,0.004444451760423976,0.6514047443175214
1987-04-30,0.0,-0.023099838705808017,0.6075983960925256
1987-05-01,0.0,-0.003838776307165713,0.6061191018290223
1987-05-05,0.0,-0.013702598612200977,0.6193677525771901
1987-05-06,0.0,-0.007700808133178509,0.58983002518319
1987-05-07,0.0,-0.006045635341510008,0.5919401901092353
1987-05-08,1.0,0.0078060975793152075,0.5685087934489079
1987-05-11,0.0,-0.0007729255615847616,0.5465267162369285
1987-05-12,0.0,-0.011022100999735497,0.5213462797302711
1987-05-13,0.0,-0.0076294648011568395,0.5767382554419225
1987-05-14,0.0,-0.012220555794331423,0.5904366751701664
1987-05-15,0.0,-0.04382803327812756,0.5772048654242268
1987-05-18,0.0,-0.044283693325909416,0.5732737084407795
1987-05-19,0.0,-0.043048876058904825,0.5700681605626577
1987-05-20,0.0,-0.049716421524669145,0.5825485470588363
1987-05-21,0.0,-0.043793077592158135,0.6053085182729916
1987-05-22,0.0,-0.06303910991095232,0.613954001542714
1987-05-25,0.0,-0.019793718649893054,0.6902625308255557
1987-05-26,0.0,-0.01739174271186922,0.6607764162108662
1987-05-27,0.0,-0.02820240629685834,0.6244939151050309
1987-05-28,0.0,-0.015417577204621724,0.6273488937482082
1987-06-01,1.0,0.015347861901490043,0.62819609254043
1987-06-02,0.0,-0.017067908512147997,0.5693384461462737
1987-06-03,0.0,-0.016133868739784257,0.6134529256050997
1987-06-04,0.0,-0.014460763669673943,0.5948685332725017
1987-06-05,0.0,-0.020945507257134642,0.6009738546888489
1987-06-08,0.0,-0.02764846076429253,0.6026667070685078
1987-06-09,0.0,-0.018169144967490072,0.650457472003088
1987-06-10,0.0,-0.02050955987503463,0.6470545430820506
1987-06-11,0.0,-0.028633628596148108,0.6419066296071118
1987-06-12,0.0,-0.02377361464487426,0.6490801276537272
1987-06-15,0.0,-0.0072524725140887215,0.6904638823381818
1987-06-16,0.0,-0.012781502149953937,0.6559262592015264
1987-06-17,1.0,0.0032081447948222696,0.6737351240379784
1987-06-18,1.0,0.0034218257351910407,0.6760282220014177
1987-06-19,1.0,0.0035571402558898374,0.691615268649584
1987-06-22,1.0,0.02902667505059233,0.7285371075761526
1987-06-23,1.0,0.02733757514960418,0.6747275157567687
1987-06-24,1.0,0.029333503376152616,0.6740241644945687
1987-06-25,1.0,0.030076614441531986,0.6881810195821616
1987-06-26,1.0,0.020504395648746933,0.6729549051872166
1987-06-29,1.0,0.0075313236701481726,0.6370365694320226
1987-06-30,1.0,0.01959219235268081,0.6641141782829767
1987-07-01,1.0,0.026564926811370283,0.6691934491569901
1987-07-02,1.0,0.024132231516586694,0.6605059761577299
1987-07-03,1.0,0.04059679465442319,0.6940181433757048
1987-07-06,1.0,0.06251694524051027,0.7119759721941229
1987-07-07,1.0,0.0629906421259243,0.7055460172212157
1987-07-08,1.0,0.0510916611577113,0.7260026772299029
1987-07-09,1.0,0.05391314263060368,0.7683378217053729
1987-07-10,1.0,0.04258771970118568,0.7601639866412901
1987-07-13,1.0,0.032175538896106165,0.742079290155735
1987-07-14,1.0,0.03127319378133508,0.746229365765856
1987-07-15,1.0,0.023360957556362968,0.7018315807279161
1987-07-16,1.0,0.01910017137341943,0.7141601784336947
1987-07-17,1.0,0.02064646148499659,0.7371241746687339
1987-07-20,1.0,0.005308572519765219,0.7221759914614616
1987-07-21,1.0,0.011210140473610736,0.7125962122677244
1987-07-22,1.0,0.0031824443869279333,0.7017214977120397
1987-07-23,1.0,0.004725023899888675,0.6672661984281515
1987-07-24,1.0,0.004841558753209364,0.6734803347115936
1987-07-27,1.0,0.01391574529495112,0.6886774387704376
1987-07-28,1.0,0.004047481322701741,0.6698604972917586
1987-07-29,0.0,-0.0007649019659393371,0.6591489457121278
1987-07-30,1.0,0.003493834758344603,0.6599622973294172
1987-07-31,0.0,-0.01987181887905133,0.618958782894066
1987-08-03,0.0,-0.041020321959506285,0.5850987700096562
1987-08-04,0.0,-0.021997683593177175,0.604755518628719
1987-08-05,0.0,-0.013069280827397296,0.6282800911147987
1987-08-06,0.0,-0.025388929210449773,0.6210046736552123
1987-08-07,0.0,-0.012576054732051823,0.653014764363839
1987-08-10,0.0,-0.00195376161139443,0.6735312349091745
1987-08-11,0.0,-0.0029314390461972436,0.6600789285803624
1987-08-12,0.0,-0.017085131838408242,0.6511020082986605
1987-08-13,0.0,-0.008032171697264267,0.6473871194007755
1987-08-14,0.0,-0.0034843240826109225,0.6277970482433946
1987-08-17,1.0,0.015758697748557926,0.6522845751964933
1987-08-18,1.0,0.009138444797367246,0.5669946892348188
1987-08-19,1.0,0.0060079922922899615,0.5875094318270038
1987-08-20,1.0,0.011878306718505793,0.5923478235714972
1987-08-21,1.0,0.015034600658154621,0.6001191410353898
1987-08-24,1.0,0.00974561043051352,0.5623010836227351
1987-08-25,1.0,0.00826271280621001,0.5938025500069121
1987-08-26,1.0,0.007514328850992577,0.5979151075179961
1987-08-27,1.0,0.0014158908862177588,0.5875915284326532
1987-08-28,1.0,0.013364203722313277,0.6374208856905863
1987-09-02,1.0,0.002531228996897924,0.6570595884658642
1987-09-03,0.0,-0.019075187345350332,0.5891327856830519
1987-09-04,0.0,-0.015649091362391978,0.6035140992633077
1987-09-08,1.0,0.0022952083959744012,0.6632287466862877
1987-09-09,0.0,-0.0005456430538607098,0.6285499088542782
1987-09-10,0.0,-0.004464536190043339,0.5915503823802469
1987-09-11,1.0,0.004772760985342807,0.615132462811145
1987-09-14,1.0,0.013518138919481823,0.6614844133618268
1987-09-15,1.0,0.0008714597501410787,0.6181584207524952
1987-09-16,1.0,0.005221943981151846,0.6327360584473853
1987-09-17,1.0,0.013159503891968152,0.5774113783365057
1987-09-18,1.0,0.007659566009417024,0.5720541735264405
1987-09-21,1.0,0.04659921885058467,0.6007636237024326
1987-09-22,1.0,0.005940504589715607,0.5974258824893951
1987-09-23,1.0,0.009898940310729666,0.5917430191713291
1987-09-24,1.0,0.016352632869606913,0.58783483090344
1987-09-25,1.0,0.018664062105039368,0.620972705657926
1987-09-28,1.0,0.030242193594967954,0.636136441076623
1987-09-29,1.0,0.03128603144007862,0.6461035406657373
1987-09-30,1.0,0.03842521812504318,0.6389642659919473
1987-10-01,1.0,0.0378543066526766,0.704537128206827
1987-10-02,1.0,0.03130841212144682,0.7017118999683983
1987-10-05,1.0,0.02807959861329443,0.6803673220788423
1987-10-06,1.0,0.013554016118630125,0.654890449894807
1987-10-07,1.0,0.017529122281484996,0.6697792097969653
1987-10-08,0.0,-0.00131047304983495,0.6746195357608397
1987-10-09,0.0,-0.004446620850908793,0.6523301332089415
1987-10-12,1.0,0.0037827659265604174,0.6648481486340464
1987-10-13,0.0,-0.0020709582855422573,0.7088265952166946
1987-10-14,1.0,0.002276053656937514,0.6895609265141279
1987-10-15,0.0,-0.008933916587060605,0.6466982105309211
1987-10-16,0.0,-0.0006450225981539051,0.6944693062272511
1987-10-19,0.0,-0.04008595222954046,0.6017942915163681
1987-10-20,1.0,0.0006459253104326857,0.7699568533669713
1987-10-21,0.0,-0.007091466271482219,0.736586878575232
1987-10-22,0.0,-0.013877250881294528,0.7170041291741195
1987-10-23,0.0,-0.010254309037102812,0.7292344082903687
1987-10-26,0.0,-0.011859520617718116,0.7168943527248572
1987-10-27,1.0,0.0021074823395647994,0.7353834003468546
1987-10-28,0.0,-0.002096436826528182,0.6983913966343422
1987-10-29,1.0,0.01094632548738235,0.7229285438010666
1987-10-30,1.0,0.020270964373618985,0.7424347849535501
1987-11-02,1.0,0.04782616196382587,0.7127562236080626
1987-11-03,1.0,0.049482285549004655,0.7731644741379733
1987-11-04,1.0,0.05173297032130415,0.744682525336223
1987-11-05,1.0,0.07076160468381172,0.7935175670625201
1987-11-06,1.0,0.07585334251825945,0.7693092585443265
1987-11-09,1.0,0.037372686796499896,0.7500378648094769
1987-11-10,1.0,0.05528966268936901,0.7894486170295167
1987-11-11,1.0,0.04725788146533896,0.7572403862225667
1987-11-12,1.0,0.053776962852878155,0.7628344023775155
1987-11-13,1.0,0.05959298594933004,0.7609938786238455
1987-11-16,1.0,0.07832665550428868,0.7994230252746938
1987-11-17,1.0,0.05831764027583481,0.7668300666484342
1987-11-18,1.0,0.047587926012324984,0.7799289298130928
1987-11-19,1.0,0.026204225706217436,0.7838665398525878
1987-11-20,1.0,0.0323256201174297,0.7767633578590538
1987-11-23,1.0,0.022330820485013565,0.7438273933423014
1987-11-24,1.0,0.016701849617931572,0.7203544313175698
1987-11-25,1.0,0.010438508143923383,0.7120710424332964
1987-11-26,1.0,0.01671290263568189,0.7023147380077812
1987-11-27,1.0,0.011844294309226698,0.6904262702043128
1987-11-30,0.0,-0.024667232201796396,0.6727857474363061
1987-12-01,0.0,-0.025538603796374904,0.6981821648036647
1987-12-02,0.0,-0.019541915715035264,0.6831026514408122
1987-12-03,0.0,-0.015596458151849972,0.6720921874771885
1987-12-04,0.0,-0.025201558202127307,0.6662941876397455
1987-12-07,1.0,0.005699201996862935,0.7283114517906271
1987-12-08,0.0,-0.008085459203355027,0.6781374180267963
1987-12-09,0.0,-0.004761420857671065,0.685778597173931
1987-12-10,0.0,-0.013616880504175656,0.6700433426609607
1987-12-11,0.0,-0.02711195020275754,0.6570711124406934
1987-12-14,0.0,-0.049951418454415905,0.6123978677479635
1987-12-15,0.0,-0.031768348090082194,0.6601168076287414
1987-12-16,0.0,-0.01794747069372279,0.6608003267408926
1987-12-17,0.0,-0.000628469697023893,0.6856070312194106
1987-12-18,0.0,-0.010029336052998775,0.6422676320022923
1987-12-21,0.0,-0.007843177461025893,0.6877682292689912
1987-12-22,0.0,-0.027816015358998036,0.6743201545552763
1987-12-23,0.0,-0.034868825650823936,0.6868274335777463
1987-12-30,0.0,-0.0406547241788265,0.6558270637369519
1987-12-31,0.0,-0.055422312831463746,0.6757007646267705
1988-01-04,0.0,-0.059597573968434354,0.7024753486023995
1988-01-05,0.0,-0.04209339476604933,0.7244321631052509
1988-01-06,0.0,-0.07772577052570435,0.6987117587783017
1988-01-07,0.0,-0.08691736993903175,0.7183923003054699
1988-01-08,0.0,-0.09124735519679207,0.7229949724437436
1988-01-11,0.0,-0.09034217296707521,0.7064002790639814
1988-01-12,0.0,-0.0910312542220406,0.7213267078597551
1988-01-13,0.0,-0.08846501653539293,0.711135416168074
1988-01-14,0.0,-0.08856109098072869,0.7190443825945758
1988-01-15,0.0,-0.07948765319456673,0.7354983629348614
1988-01-18,0.0,-0.06495930801522955,0.7838247226040354
1988-01-19,0.0,-0.06965183035582122,0.7415883911711266
1988-01-20,0.0,-0.06945655810294296,0.727480416432192
1988-01-21,0.0,-0.06481796783493247,0.7187957572822566
1988-01-22,0.0,-0.07249392312360987,0.7287992232832764
1988-01-25,0.0,-0.06674567953004676,0.725920518697152
1988-01-26,0.0,-0.05998618808544974,0.7691973369630686
1988-01-27,0.0,-0.06496872118722598,0.7690545777777846
1988-01-28,0.0,-0.07627938223498498,0.762771676014704
1988-01-29,0.0,-0.06203801101022133,0.7960839727029768
1988-02-01,0.0,-0.0604382574736063,0.7714338305256445
1988-02-02,0.0,-0.06011751198888069,0.7342818931294568
1988-02-03,0.0,-0.037748963300432495,0.7362189969462745
1988-02-04,0.0,-0.03244395295683819,0.7020789793154211
1988-02-05,0.0,-0.022668400521773716,0.7024751052165054
1988-02-08,0.0,-0.014123241587850766,0.7011857251841368
1988-02-09,0.0,-0.005143162374467479,0.6918015504630343
1988-02-10,0.0,-0.010483231831237156,0.6931160335516559
1988-02-11,1.0,0.004077015839882183,0.6977920876226308
1988-02-12,0.0,-0.0040659644901951935,0.7082822460252957
1988-02-15,0.0,-0.007321913870969365,0.7148441743385132
1988-02-16,0.0,-0.006312013742894357,0.7222572153292303
1988-02-17,1.0,0.0013455933853576943,0.7396283838701779
1988-02-18,0.0,-0.003920475477964581,0.7432267880461803
1988-02-19,0.0,-0.00011289867356037616,0.756936971550043
1988-02-22,1.0,0.008382278752804439,0.7517491936650873
1988-02-23,1.0,0.012355543005129383,0.7558174909207983
1988-02-24,1.0,0.031067169511544736,0.7289161487696093
1988-02-25,1.0,0.04933001687987864,0.722667945774696
1988-02-26,1.0,0.04840843092993934,0.7029717174827472
1988-02-29,1.0,0.06308551249411339,0.655298302593504
1988-03-01,1.0,0.0579216393454434,0.643582347542785
1988-03-02,1.0,0.056322594056225896,0.6227187909702412
1988-03-03,1.0,0.06288398372073153,0.6091521660972359
1988-03-04,1.0,0.04925323433283538,0.6129988461151792
1988-03-07,1.0,0.03150133461878097,0.5868464208817079
1988-03-08,1.0,0.024561248231569074,0.6000943767983721
1988-03-09,1.0,0.0291249844715718,0.6130519534209886
1988-03-10,1.0,0.014362904000361623,0.6120617794131281
1988-03-11,1.0,0.020166491179604333,0.6390674426788551
1988-03-14,1.0,0.01592676106448792,0.6427037976566685
1988-03-15,1.0,0.018262789806406075,0.6168907296221898
1988-03-16,1.0,0.022383205934924776,0.6006482370460199
1988-03-17,1.0,0.02767193720332094,0.6013728770901848
1988-03-18,1.0,0.031233436313633792,0.6029383132770716
1988-03-21,1.0,0.01797875592501233,0.5723649398071532
1988-03-22,1.0,0.014077714063026131,0.5888634274580782
1988-03-23,0.0,-0.002004231825566953,0.5755615257769141
1988-03-24,0.0,-0.008295131345134326,0.5298965629573237
1988-03-25,0.0,-0.010681009420334052,0.5357527005665951
1988-03-28,0.0,-0.007962882154893925,0.5083981353964115
1988-03-29,0.0,-0.006174220275398868,0.5088238040076761
1988-03-30,0.0,-0.01052349783680626,0.47349921925367705
1988-03-31,0.0,-0.024479264084779725,0.4628925975617243
1988-04-05,0.0,-0.023081807459225074,0.48659537718340223
1988-04-06,0.0,-0.011177047172351412,0.4806666639171919
1988-04-07,0.0,-0.009887721006407488,0.48619359487354125
1988-04-08,0.0,-0.020229954902703916,0.4694434889018162
1988-04-11,0.0,-0.004802064060638556,0.477606902339943
1988-04-12,0.0,-0.003778202071928859,0.4604707786859554
1988-04-13,1.0,0.003665245398295874,0.45567014574428416
1988-04-14,0.0,-0.0018892043180769207,0.4431227807933149
1988-04-15,0.0,-0.006706638298396448,0.37515141249356526
1988-04-18,0.0,-0.007231323283220093,0.3760251878276673
1988-04-19,0.0,-0.006367350527877766,0.3933689398314188
1988-04-20,1.0,0.001092538074369002,0.37506595590714364
1988-04-21,1.0,0.0014299072996777188,0.3903632261862983
1988-04-22,1.0,0.01909866518486699,0.4186497062447118
1988-04-25,1.0,0.015538358798343343,0.35009061322217394
1988-04-26,1.0,0.015318314848851149,0.36773550621233697
1988-04-27,1.0,0.006529822327434447,0.32543630331357554
1988-04-28,0.0,-0.0002212144683283699,0.32181782527026365
1988-04-29,1.0,0.014372828957758684,0.32435202258326207
1988-05-03,1.0,0.02404148362468523,0.3555946454220448
1988-05-04,1.0,0.023302241715600885,0.3617107867098906
1988-05-05,1.0,0.04365488940015624,0.3307850260432155
1988-05-06,1.0,0.04795099425283971,0.3478888185872172
1988-05-09,1.0,0.05306284497521146,0.3684001134897168
1988-05-10,1.0,0.024766329405893215,0.31041680578921205
1988-05-11,1.0,0.014040361097126395,0.3073314910051336
1988-05-12,1.0,0.014528100562909808,0.29399007063464017
1988-05-13,0.0,-0.0011129661694207194,0.30917021353577673
1988-05-16,0.0,-0.015004449318406748,0.28876004350788465
1988-05-17,0.0,-0.005955680998733697,0.29480612897956815
1988-05-18,0.0,-0.00022028857892813792,0.2993623206833278
1988-05-19,0.0,-0.016847835606984222,0.27166012282503704
1988-05-20,0.0,-0.0015399849045002927,0.29798975714289605
1988-05-23,0.0,-0.012322743675122608,0.265511498499578
1988-05-24,0.0,-0.01932160577212429,0.26010707740012834
1988-05-25,0.0,-0.013530205297765434,0.2768393887534536
1988-05-26,0.0,-0.02230990468064317,0.2750268794354451
1988-05-27,0.0,-0.01943543808122328,0.29541009137607827
1988-05-31,0.0,-0.025909049185684572,0.26199982028994956
1988-06-01,0.0,-0.05212906543494656,0.25742731399728985
1988-06-02,0.0,-0.038533270413101464,0.29636289674628846
1988-06-03,0.0,-0.06180214934682892,0.2607316174764522
1988-06-06,0.0,-0.0598782101054814,0.2995924568697661
1988-06-07,0.0,-0.06127082539304106,0.2886341991315096
1988-06-08,0.0,-0.03772352718984932,0.37851316006431346
1988-06-09,0.0,-0.035875781240309094,0.4044002867919632
1988-06-10,0.0,-0.04652001563489293,0.38342711313480315
1988-06-13,0.0,-0.03443928934948029,0.5020569387013145
1988-06-14,0.0,-0.026093369227869645,0.5117773200039847
1988-06-15,0.0,-0.025204358554251575,0.43541203677396734
1988-06-16,0.0,-0.03314973189474811,0.42859823023024274
1988-06-17,0.0,-0.03296381537876965,0.46986058381237744
1988-06-20,0.0,-0.0403221561548211,0.41285195317261714
1988-06-21,0.0,-0.0170829811636277,0.451299114627311
1988-06-22,0.0,-0.008396354952906278,0.4925626510387345
1988-06-23,0.0,-0.012584435741308596,0.4814872514520754
1988-06-24,0.0,-0.010774133142079522,0.5309679740704628
1988-06-27,0.0,-0.02767472215622048,0.5311396709950718
1988-06-28,0.0,-0.025095419852545615,0.5340717132746319
1988-06-29,0.0,-0.0018469357668508407,0.536223803921676
1988-06-30,1.0,0.0005725081738786074,0.4793327005109245
1988-07-01,0.0,-0.00516381892177432,0.5031079359839781
1988-07-05,0.0,-0.011030790925521465,0.4872760653106184
1988-07-06,0.0,-0.006200502125147395,0.4990902712290046
1988-07-07,0.0,-0.01784944414331082,0.4691568922968721
1988-07-08,0.0,-0.015018912288726921,0.49177932507604466
1988-07-11,0.0,-0.011049836186585046,0.5208342911910198
1988-07-12,0.0,-0.018613845933394955,0.5238825713857115
1988-07-13,0.0,-0.018093743442699067,0.5004836376360787
1988-07-14,0.0,-0.029471454950360923,0.4946795895510375
1988-07-15,0.0,-0.013412248971956406,0.5171425653786423
1988-07-18,0.0,-0.012472733585647017,0.5349781334726575
1988-07-19,0.0,-0.008286386463889087,0.5200068759008081
1988-07-20,0.0,-0.03436764350420777,0.4422967980917856
1988-07-21,0.0,-0.032565002678159025,0.43998749204141974
1988-07-22,0.0,-0.021948754904387427,0.4624260215783751
1988-07-25,0.0,-0.017251721708489934,0.4961545775076563
1988-07-26,1.0,0.003241493924171023,0.5508313231730784
1988-07-27,1.0,0.00034648034070709966,0.5055647105896554
1988-07-28,1.0,0.0033450633878727917,0.4740677365875936
1988-07-29,0.0,-0.008391336094546066,0.4297793323284536
1988-08-01,0.0,-0.01588715505002651,0.45861785765072094
1988-08-02,0.0,-0.011621281284015825,0.458405134880975
1988-08-03,0.0,-0.008559913457973318,0.42534646156515266
1988-08-04,0.0,-0.0100946497404314,0.4334051729259279
1988-08-05,0.0,-0.010217202546655051,0.4351246103260832
1988-08-08,0.0,-0.01105626624841002,0.4445796662329441
1988-08-09,1.0,0.005737384744850126,0.45003243746920085
1988-08-10,1.0,0.0051365977986955,0.41818595490942295
1988-08-11,0.0,-0.020181247859799106,0.4261126631996828
1988-08-12,0.0,-0.029989362316808522,0.3900263079973564
1988-08-15,0.0,-0.020546657649738616,0.41984034827559197
1988-08-16,0.0,-0.03241622645292922,0.40126288040219193
1988-08-17,0.0,-0.03281701821997742,0.4373054965462229
1988-08-18,0.0,-0.05123216782498378,0.4244230655304005
1988-08-19,0.0,-0.05365635382060492,0.4075556311665622
1988-08-22,0.0,-0.07301986187966823,0.4161920979044492
1988-08-23,0.0,-0.08398984630106218,0.39984120197338946
1988-08-24,0.0,-0.07839856348384691,0.39728033827751036
1988-08-25,0.0,-0.09386028714155159,0.3816737834395271
1988-08-26,0.0,-0.08689595019894339,0.3827343037527598
1988-08-30,0.0,-0.07864100203578635,0.4409122535976788
1988-08-31,0.0,-0.07083141454203311,0.41187417954753536
1988-09-01,0.0,-0.07901705663392969,0.39027541443122443
1988-09-02,0.0,-0.0794597872256691,0.3990302831739688
1988-09-06,0.0,-0.0724665468848581,0.3888864265516269
1988-09-07,0.0,-0.07734496503027405,0.40060603478186246
1988-09-08,0.0,-0.058911262667362976,0.3630214750731833
1988-09-09,0.0,-0.06122156287531346,0.3517086947336212
1988-09-12,0.0,-0.030626372368672328,0.47457167747231266
1988-09-13,0.0,-0.031898318796752485,0.440676606178697
1988-09-14,0.0,-0.0364818811776381,0.42845568814389867
1988-09-15,0.0,-0.02943704768663973,0.450131008979567
1988-09-16,0.0,-0.018353599359469785,0.45210972445748204
1988-09-19,1.0,0.009732436918231054,0.4841005349202713
1988-09-20,1.0,0.0035303463533683343,0.4553083967086699
1988-09-21,1.0,0.026113073855502038,0.5104014243566113
1988-09-22,1.0,0.03568500123846233,0.49797123683461914
1988-09-23,1.0,0.024427565451557425,0.4715324884100144
1988-09-26,1.0,0.025475903252827826,0.5026370400223842
1988-09-27,1.0,0.026220824971713824,0.48253551872868433
1988-09-28,1.0,0.029897593056188877,0.4754243305047166
1988-09-29,1.0,0.022333434450647737,0.4678566278392909
1988-09-30,1.0,0.03411106790347954,0.49176212670943964
1988-10-03,1.0,0.04057954088832425,0.5050314486696212
1988-10-04,1.0,0.03064237765909428,0.49368581449644594
1988-10-05,1.0,0.047651572105127715,0.5233733982998034
1988-10-06,1.0,0.047521484163898446,0.4946202984025707
1988-10-07,1.0,0.04146551111301435,0.5135179953943471
1988-10-10,1.0,0.033483517169452214,0.5021449786642743
1988-10-11,1.0,0.026891155259453247,0.502357180316856
1988-10-12,1.0,0.03481976515922812,0.5066084347463633
1988-10-13,1.0,0.030033742017846955,0.4903127558874811
1988-10-14,1.0,0.03068244066250116,0.48446680026992917
1988-10-17,1.0,0.015139061215684306,0.45301359115616036
1988-10-18,1.0,0.030045949180235954,0.4615521677237656
1988-10-19,1.0,0.030178316974833003,0.44127180659421733
1988-10-20,1.0,0.023496645579653214,0.40084665907788936
1988-10-21,1.0,0.018116437505302785,0.42381457138187756
1988-10-24,1.0,0.025444187174429055,0.42996623417051383
1988-10-25,1.0,0.026028949641793347,0.4046817277283816
1988-10-26,1.0,0.028671896910612903,0.40423305543609667
1988-10-27,1.0,0.030094723890718728,0.4071410843290283
1988-10-28,1.0,0.03016025636342048,0.37998716895359297
1988-10-31,1.0,0.02832915197153089,0.3630188942455223
1988-11-01,1.0,0.02925868183665793,0.38063360613361713
1988-11-02,1.0,0.0187501761114025,0.3294648218134886
1988-11-03,1.0,0.0031834018512765937,0.2894448659627831
1988-11-04,1.0,0.00769007043195436,0.33676739684233736
1988-11-07,1.0,0.019774655659417523,0.3504980283848783
1988-11-08,1.0,0.02222051003069524,0.3690589900802116
1988-11-09,1.0,0.004268443758456215,0.3485708699705588
1988-11-10,1.0,0.009735325613063698,0.3706864156659708
1988-11-11,0.0,-0.0013094460534208315,0.34750390353211846
1988-11-14,1.0,0.0016680571006970134,0.3668526452901843
1988-11-15,0.0,-0.008288975818955057,0.34260565952004896
1988-11-16,0.0,-0.00912490777700061,0.3466347923882742
1988-11-17,0.0,-0.008447905557128762,0.34592839172940676
1988-11-18,0.0,-0.014466798417753376,0.3662838963848221
1988-11-21,0.0,-0.0054239872625309275,0.3574592946550281
1988-11-22,0.0,-0.013232479858668588,0.33190185194996086
1988-11-23,0.0,-0.011153200701639002,0.31652726822050625
1988-11-24,0.0,-0.006450094029691664,0.3143688649356242
1988-11-25,0.0,-0.026884945617107466,0.2808241759561899
1988-11-28,0.0,-0.033556174144135434,0.29244244704958705
1988-11-29,0.0,-0.02755655376612727,0.29119246140747473
1988-11-30,0.0,-0.031855569359499146,0.29621252560863376
1988-12-01,0.0,-0.04207351306988689,0.29465004809114304
1988-12-02,0.0,-0.04310804691512183,0.2816834095858086
1988-12-05,0.0,-0.06388605338827419,0.25514821705784213
1988-12-06,0.0,-0.05588717627375652,0.2697827490514009
1988-12-07,0.0,-0.04550639930321923,0.31912848285482165
1988-12-08,0.0,-0.04605878436423625,0.2989548066733623
1988-12-09,0.0,-0.034415125441296414,0.32042410413394257
1988-12-12,0.0,-0.045047177890597576,0.2978463461281915
1988-12-13,0.0,-0.044370693540510195,0.3053081978568167
1988-12-14,0.0,-0.04255961441879589,0.2888510836482604
1988-12-15,0.0,-0.03613311999942909,0.29029384443010775
1988-12-16,0.0,-0.015295495502282121,0.3625356281949883
1988-12-19,0.0,-0.015222847701137037,0.31513055703677006
1988-12-20,0.0,-0.011203234566514344,0.32682031193754413
1988-12-21,0.0,-0.025404395032158605,0.3191066722482281
1988-12-22,0.0,-0.02671682889799716,0.3033845246766848
1988-12-28,0.0,-0.032244979149373965,0.35088647517416816
1988-12-29,0.0,-0.04041582067226651,0.35577527219801497
1989-01-03,0.0,-0.043701094661960725,0.3294535425549846
1989-01-04,0.0,-0.041269959342146396,0.4051345349629549
1989-01-05,0.0,-0.040463965720686015,0.4328310538266868
1989-01-06,0.0,-0.04106811807552177,0.46653733852160495
1989-01-09,0.0,-0.036823291093821396,0.4715145273699081
1989-01-10,0.0,-0.033944176513180574,0.45042945598770356
1989-01-11,0.0,-0.033363703822430806,0.4471547566342703
1989-01-12,0.0,-0.025942929974828166,0.43609322444185084
1989-01-13,0.0,-0.04012359874797366,0.42854727559587436
1989-01-16,0.0,-0.04326374444111764,0.4681189915391898
1989-01-17,0.0,-0.046170850520633425,0.45383802837822457
1989-01-18,0.0,-0.05489572173191704,0.45825841626942027
1989-01-19,0.0,-0.04913090606074867,0.4529061262032894
1989-01-20,0.0,-0.06389754288423248,0.4272088092563438
1989-01-23,0.0,-0.06057860495891795,0.42255993547467147
1989-01-24,0.0,-0.05422370887235455,0.41619790742980745
1989-01-25,0.0,-0.03448183568977998,0.4645651269110587
1989-01-26,0.0,-0.04493299722677745,0.4338567774404738
1989-01-27,0.0,-0.023155333271484987,0.49477356450236837
1989-01-30,0.0,-0.01792621626815201,0.487621735157235
1989-01-31,0.0,-0.025578156853242856,0.46141487337531206
1989-02-01,0.0,-0.02291847447355887,0.44885048444741654
1989-02-02,0.0,-0.012090179423105571,0.4562412223453485
1989-02-03,0.0,-0.007076259826714074,0.44214050517985787
1989-02-06,1.0,0.00732039485566463,0.43848044230586164
1989-02-07,1.0,0.009165033603149226,0.4204899167613932
1989-02-08,1.0,0.002429513374551412,0.43534568271071317
1989-02-09,0.0,-0.0007620983475672547,0.4189712872648057
1989-02-10,1.0,0.007415965454083135,0.4498783751881093
1989-02-13,1.0,0.026941975955423293,0.47048312519371616
1989-02-14,1.0,0.02265219121255488,0.46172514879694115
1989-02-15,1.0,0.021807717811398265,0.4864609861580364
1989-02-16,1.0,0.025818658464876208,0.4749025385745192
1989-02-17,1.0,0.0389274565364733,0.49515340496882426
1989-02-21,1.0,0.02383365632841973,0.4812246779003414
1989-02-22,1.0,0.016921311322076162,0.48507996025993777
1989-02-23,1.0,0.011204599012863062,0.4846946722019075
1989-02-24,1.0,0.006032232884416218,0.49528088349192423
1989-02-27,0.0,-0.019779586086976147,0.4793738290304211
1989-02-28,0.0,-0.008563695776875102,0.49979635459069977
1989-03-01,0.0,-0.0022157063479854846,0.5007634654903009
1989-03-02,0.0,-0.01390186323152944,0.495159100086329
1989-03-03,1.0,0.0006467887166815501,0.469457700335569
1989-03-06,0.0,-0.011035490116332005,0.4782300071560194
1989-03-07,0.0,-0.016514373506444965,0.45910192082250556
1989-03-08,0.0,-0.031797748779343306,0.4417902273508782
1989-03-09,0.0,-0.02587466470634605,0.4490358291049517
1989-03-10,0.0,-0.021837733569673685,0.4356531753530032
1989-03-13,0.0,-0.013466057925485107,0.4312681689330776
1989-03-14,0.0,-0.012098205505580377,0.4183519243501493
1989-03-15,0.0,-0.01719975657000001,0.4306095245176818
1989-03-16,0.0,-0.010974224139124501,0.43268616926766335
1989-03-17,0.0,-0.026599705107028943,0.39467413934848633
1989-03-20,0.0,-0.02976868520095658,0.3762029179843645
1989-03-21,0.0,-0.022530724548003703,0.3898396498823174
1989-03-22,0.0,-0.024057248187524704,0.3689620255108815
1989-03-23,0.0,-0.029162577887298292,0.37293155327616495
1989-03-28,0.0,-0.012489700758012976,0.3794052425200757
1989-03-29,1.0,0.002347418918305113,0.4261939162706377
1989-03-30,1.0,0.0014323851657986732,0.38312896481490133
1989-03-31,0.0,-0.014854035847270849,0.3809610022760431
1989-04-03,0.0,-0.003042129189588684,0.41771396804478267
1989-04-04,0.0,-0.02103965227982184,0.3380570373175648
1989-04-05,0.0,-0.012479636512180725,0.3824302224815004
1989-04-06,0.0,-0.022762643215217836,0.3677726043610699
1989-04-07,0.0,-0.010519492140706379,0.38881236946868725
1989-04-10,0.0,-0.014255785248220958,0.37908536054619063
1989-04-11,0.0,-0.020467783528481845,0.3669931434627311
1989-04-12,0.0,-0.0232507861564474,0.38262632953602366
1989-04-13,0.0,-0.033746932425276606,0.36641163663682924
1989-04-14,0.0,-0.032634474972951515,0.4040739696501718
1989-04-17,0.0,-0.028041065841700557,0.4031777853969243
1989-04-18,0.0,-0.031887334845528206,0.4011573227074155
1989-04-19,0.0,-0.036879096368481884,0.4099832810754799
1989-04-20,0.0,-0.0493762733978937,0.40510885046290995
1989-04-21,0.0,-0.06523320682024962,0.41311603962323135
1989-04-24,0.0,-0.05094343895659256,0.4139934619214013
1989-04-25,0.0,-0.06531622694475363,0.3509396026180128
1989-04-26,0.0,-0.05419748897058375,0.3418902350458241
1989-04-27,0.0,-0.04920664646193987,0.31302432773641164
1989-04-28,0.0,-0.044271188706604334,0.4284663019025579
1989-05-02,0.0,-0.04234653662443899,0.40092394006575777
1989-05-03,0.0,-0.04649486061709444,0.39085292419265466
1989-05-04,0.0,-0.04529331106964595,0.38905636410284783
1989-05-05,0.0,-0.028345803859109828,0.4168833664864179
1989-05-08,0.0,-0.03593200922606344,0.3691486897241411
1989-05-09,0.0,-0.005064651636301546,0.3997462117170311
1989-05-10,0.0,-0.007183747802028214,0.3829235397194547
1989-05-11,0.0,-0.02705763779779103,0.37963700165351055
1989-05-12,0.0,-0.047214411885279806,0.3882012773990978
1989-05-15,0.0,-0.04123451048322562,0.4314752908384132
1989-05-16,0.0,-0.03643687467386209,0.4044440854565258
1989-05-17,0.0,-0.028362959332204934,0.4304013844402411
1989-05-18,0.0,-0.01264720740104323,0.42991530196058236
1989-05-19,0.0,-0.003014113804030008,0.46562628210861745
1989-05-22,1.0,0.018861989638127498,0.48585066097987006
1989-05-23,1.0,0.003833520576448211,0.44658506697445927
1989-05-24,1.0,0.022565059992089725,0.47724172564343487
1989-05-25,1.0,0.017448643334946206,0.44915975703059074
1989-05-26,1.0,0.024038969842876262,0.43481215137048695
1989-05-30,1.0,0.0408219945202552,0.46013205527185536
1989-05-31,1.0,0.032495551743701466,0.44349408759454456
1989-06-01,1.0,0.04040131944126348,0.4552166079142233
1989-06-02,1.0,0.03131637804499627,0.4589002246785034
1989-06-05,1.0,0.02514665423646072,0.4503483352783079
1989-06-06,1.0,0.03063047262068365,0.4824673174078952
1989-06-07,1.0,0.024809929169293993,0.40787645890941604
1989-06-08,1.0,0.028949390046109923,0.4419621891758219
1989-06-09,1.0,0.04070793506256566,0.49108816388960047
1989-06-12,1.0,0.06286130266693858,0.5353760187002307
1989-06-13,1.0,0.0543899722853421,0.5241325989572064
1989-06-14,1.0,0.05035821319247012,0.5047677538407854
1989-06-15,1.0,0.03866198703426457,0.5034160952085003
1989-06-16,1.0,0.014807035454473292,0.47777282341705407
1989-06-19,1.0,0.01687114846545629,0.46735992361972445
1989-06-20,1.0,0.013815741897601822,0.4381693921208599
1989-06-21,1.0,0.013033038131525494,0.43273222367574066
1989-06-22,1.0,0.0035097228252333494,0.3895889115804634
1989-06-23,1.0,0.006465539764641811,0.398807031978046
1989-06-26,0.0,-0.00736626916229134,0.3908289932703523
1989-06-27,0.0,-0.013378125946176087,0.3973456032558527
1989-06-28,0.0,-0.0038871438262249366,0.4043147949381452
1989-06-29,0.0,-0.005729911073024157,0.3922476870559561
1989-06-30,0.0,-0.00888655370122934,0.4054607509049956
1989-07-03,0.0,-0.01669397950625453,0.3932943375267367
1989-07-04,0.0,-0.019457172022558335,0.3773714732748275
1989-07-05,0.0,-0.036773241418374056,0.36650342245315426
1989-07-06,0.0,-0.04306727159189496,0.37465826943560643
1989-07-07,0.0,-0.034616545669163806,0.37437301136467344
1989-07-10,0.0,-0.04578099762573295,0.3130334112371228
1989-07-11,0.0,-0.03451628479841788,0.3208432933306836
1989-07-12,0.0,-0.04071227923131949,0.3126605052449704
1989-07-13,0.0,-0.02670061530304481,0.333919109902971
1989-07-14,0.0,-0.024294903122003376,0.36990491101865836
1989-07-17,0.0,-0.01989437462410316,0.3529325804242423
1989-07-18,0.0,-0.015180557177015866,0.33899779965596444
1989-07-19,0.0,-0.008397719675154555,0.33763116609833677
1989-07-20,0.0,-0.016713480973740667,0.33177580409808816
1989-07-21,0.0,-0.016652385071634846,0.32278585136241494
1989-07-24,0.0,-0.01639936461218932,0.3382670765386621
1989-07-25,0.0,-0.01315005731693422,0.3457955547649428
1989-07-26,0.0,-0.01652034863826091,0.3339245065085481
1989-07-27,0.0,-0.0324602410770545,0.3393120504862135
1989-07-28,0.0,-0.02533861509199858,0.3872903236345037
1989-07-31,0.0,-0.02334950193458687,0.37606507646778226
1989-08-01,0.0,-0.00707101124055209,0.3639239930516286
1989-08-02,0.0,-0.027278780074476407,0.37205053757096473
1989-08-03,0.0,-0.02703794706203062,0.37688558364765906
1989-08-04,0.0,-0.03194897086006063,0.3609665092882188
1989-08-07,0.0,-0.0208383997976067,0.3919349840480943
1989-08-08,0.0,-0.01570063928330544,0.36899107929761576
1989-08-09,0.0,-0.014921525816518186,0.3794315607282076
1989-08-10,0.0,-0.017231110732573763,0.35105280996601285
1989-08-11,0.0,-0.009857768129768366,0.3797692116153535
1989-08-14,0.0,-0.013021378056123715,0.34509928958736935
1989-08-15,0.0,-0.02097786008651556,0.3143033692719776
1989-08-16,0.0,-0.01673334888271267,0.3103917069224057
1989-08-17,0.0,-0.025395106472440105,0.334373435428507
1989-08-18,0.0,-0.01804580962969889,0.3197589203436764
1989-08-21,0.0,-0.014452113075479516,0.33370276907765023
1989-08-22,0.0,-0.01001174103567791,0.32454309432939155
1989-08-23,0.0,-0.009327913999428786,0.33759023891057655
1989-08-24,1.0,0.007426797993088921,0.3787728986651872
1989-08-25,1.0,0.018961821215699018,0.3755893086650982
1989-08-29,1.0,0.022534616652498122,0.3727197482533633
1989-08-30,1.0,0.007071011240552042,0.3107763255852494
1989-08-31,1.0,0.01845019981027339,0.4008400634147838
1989-09-01,1.0,0.019562546977247512,0.3853669714811537
1989-09-04,1.0,0.021094047450625195,0.3736336410233906
1989-09-05,1.0,0.019198158861249336,0.34448317236583603
1989-09-06,1.0,0.015973900659510532,0.33582373270980626
1989-09-07,1.0,0.019300295812365895,0.3495001030206207
1989-09-08,1.0,0.009410531667385487,0.35024237537904745
1989-09-11,1.0,0.012617151779096369,0.3611958610892237
1989-09-12,1.0,0.009160369398664195,0.35659244635596504
1989-09-13,1.0,0.0070877928575156565,0.35482483478320725
1989-09-14,1.0,0.0045539304533577935,0.339690103944185
1989-09-15,1.0,0.020725409757176478,0.39997393248770763
1989-09-18,1.0,0.023898953679573464,0.3634351085322165
1989-09-19,1.0,0.016499755590126945,0.37136504122694425
1989-09-20,1.0,0.015726819865094065,0.3540989627375606
1989-09-21,1.0,0.01586032699474145,0.3585066403928139
1989-09-22,1.0,0.002053248274558205,0.335260880029901
1989-09-25,0.0,-0.005048792876453337,0.31992774453283884
1989-09-26,0.0,-0.0038116027633261834,0.31542241880231847
1989-09-27,0.0,-0.0009489596048676997,0.32631366259841504
1989-09-28,1.0,0.005713523909016701,0.32937033465328075
1989-09-29,1.0,0.016506936840781947,0.3223099420264024
1989-10-02,1.0,0.02824666612130468,0.3162531092215515
1989-10-03,1.0,0.026459426951141927,0.3051733655374679
1989-10-04,1.0,0.0190791255161571,0.28892569211193475
1989-10-05,1.0,0.021744391059327448,0.2647264274190881
1989-10-06,1.0,0.04708334303688984,0.2818535355119053
1989-10-09,1.0,0.0453858272568577,0.261002227649896
1989-10-10,1.0,0.059535004782162546,0.2740705187370626
1989-10-11,1.0,0.059540593199514796,0.2810323838580399
1989-10-12,1.0,0.06386708553142531,0.25999615400537246
1989-10-13,1.0,0.05919836549686411,0.2591953362987154
1989-10-16,1.0,0.058258664898589003,0.2037425374039066
1989-10-17,1.0,0.05724174748898803,0.23601082968449127
1989-10-18,1.0,0.060289343332584566,0.20989678972664075
1989-10-19,1.0,0.06001800972625274,0.21350804339766277
1989-10-20,1.0,0.06958524807350235,0.23509352998939048
1989-10-23,1.0,0.07736628910277046,0.23020945567793957
1989-10-24,1.0,0.08469008148425866,0.21263910839965872
1989-10-25,1.0,0.10606554307463222,0.1885552061630414
1989-10-26,1.0,0.11021847418293006,0.1823712976292444
1989-10-27,1.0,0.10969891725642453,0.17057042233237021
1989-10-30,1.0,0.09301673924326186,0.18416532680396702
1989-10-31,1.0,0.08782151148296383,0.20201590722654914
1989-11-01,1.0,0.10112962388271403,0.21445839462735644
1989-11-02,1.0,0.08671073059762725,0.20275396211189836
1989-11-03,1.0,0.08401741202966435,0.19965365334425367
1989-11-06,1.0,0.07322354090763958,0.2148362022775452
1989-11-07,1.0,0.04989293918500705,0.22641320122223663
1989-11-08,1.0,0.05000723812649967,0.23462488762450986
1989-11-09,1.0,0.047670102018130225,0.24456080977685718
1989-11-10,1.0,0.0604185235984548,0.2517745176123239
1989-11-13,1.0,0.062054645015762314,0.2593620157050459
1989-11-14,1.0,0.06783315226670653,0.27579436742693436
1989-11-15,1.0,0.05371753799905695,0.27260893361267124
1989-11-16,1.0,0.0427618593380817,0.27247944532772267
1989-11-17,1.0,0.05158024300977481,0.25648888851874596
1989-11-20,1.0,0.031408364388313785,0.2684213961210088
1989-11-21,1.0,0.033032335252941414,0.2903457539508978
1989-11-22,1.0,0.006080524632513005,0.37914883704008745
1989-11-23,1.0,0.0035170735423798003,0.38207985957069296
1989-11-24,0.0,-0.007362292623675241,0.4262784463845443
1989-11-27,0.0,-0.0024198438910352908,0.4285733102700231
1989-11-28,0.0,-0.00919405802220637,0.4166643900332181
1989-11-29,0.0,-0.03488367502154293,0.408724068896323
1989-11-30,0.0,-0.017050079453139265,0.4086189558793009
1989-12-01,0.0,-0.03654217244154136,0.42464410900917987
1989-12-04,0.0,-0.033850917482399816,0.4227063653988775
1989-12-05,0.0,-0.01811983346196365,0.39348640296520687
1989-12-06,1.0,0.005322782883334125,0.3491274029962668
1989-12-07,0.0,-0.003454234868087446,0.3620166643528606
1989-12-08,0.0,-0.014517971527941709,0.4002544705068052
1989-12-11,0.0,-0.015522989360149923,0.43163371407190554
1989-12-12,0.0,-0.008216575950731147,0.4862502564815968
1989-12-13,1.0,0.007838448333620743,0.47766156789320735
1989-12-14,1.0,0.01723134492501486,0.47521339719577793
1989-12-15,0.0,0.0,0.4706103538354449
1989-12-18,1.0,0.00709136117564225,0.5255540254299457
1989-12-19,1.0,0.0024218951048630304,0.5539602985484697
1989-12-20,0.0,-0.009134708180666102,0.5876469117808946
1989-12-21,0.0,-0.017094433359300068,0.5817534680717622
1989-12-22,0.0,-0.01096235094966292,0.5832640320980184
1989-12-26,1.0,0.019196750270678013,0.5709864315281874
1989-12-27,1.0,0.02349040037536436,0.5890868505691954
1989-12-28,1.0,0.047523024746061925,0.5680123536860465
1989-12-29,1.0,0.04268940869505057,0.5572861200412635
1990-01-02,1.0,0.04687880293767123,0.5670688187991613
1990-01-03,1.0,0.049513229999922824,0.5485929282090874
1990-01-04,1.0,0.04752833434901,0.5188288848426966
1990-01-05,1.0,0.03147474103862586,0.5443127980661291
1990-01-08,1.0,0.044473254312632785,0.5702840360419945
1990-01-09,1.0,0.04269902718148572,0.5776525960198365
1990-01-10,1.0,0.035184033759307114,0.5966659313153013
1990-01-11,1.0,0.014215394179984492,0.6193359135923765
1990-01-12,0.0,-0.0018034269991506827,0.6566370445559901
1990-01-15,1.0,0.007789601374746137,0.6556706485463715
1990-01-16,1.0,0.012758959795829498,0.6545525880209699
1990-01-17,1.0,0.010181906145119502,0.6466500698182426
1990-01-18,1.0,0.00783089358054784,0.6565906048068547
1990-01-19,1.0,0.019027417644758793,0.6510870775957955
1990-01-22,1.0,0.025533302005164845,0.643904263877344
1990-01-23,1.0,0.02825592472106152,0.6468454424677788
1990-01-24,0.0,-0.0017841217935014426,0.6322476921960452
1990-01-25,1.0,0.004800201224818098,0.6415194222869177
1990-01-26,0.0,-0.005156814210059788,0.6013420749453391
1990-01-29,0.0,-0.017951207902897757,0.6126025285301887
1990-01-30,0.0,-0.025676595287068206,0.6196571542038924
1990-01-31,0.0,-0.017867385075836906,0.6130069338932159
1990-02-01,0.0,-0.023112572430231532,0.6031677714863721
1990-02-02,0.0,-0.03135129186866484,0.617833887247766
1990-02-05,0.0,-0.04793946228911918,0.6132657602829341
1990-02-06,0.0,-0.038000700042285035,0.6210540759760155
1990-02-07,0.0,-0.056429892186246146,0.5980726603414297
1990-02-08,0.0,-0.04226841488265742,0.6332342986432183
1990-02-09,0.0,-0.039769600226327244,0.6346090697964012
1990-02-12,0.0,-0.04292818615559291,0.6242734760045016
1990-02-13,0.0,-0.05103523717924159,0.6378815771740024
1990-02-14,0.0,-0.03897954590262491,0.6527813253269922
1990-02-15,0.0,-0.04203277562188642,0.642565066040361
1990-02-16,0.0,-0.03879823338281789,0.6410204652823833
1990-02-19,0.0,-0.035185647703668964,0.6343146197112828
1990-02-20,0.0,-0.04954649249960809,0.6319135595367048
1990-02-21,0.0,-0.06899287148695143,0.6440412044451123
1990-02-22,0.0,-0.06338192141145273,0.6555989824380825
1990-02-23,0.0,-0.05524355045723869,0.6709218462298242
1990-02-26,0.0,-0.10514442208847032,0.6819260645665256
1990-02-27,0.0,-0.10208068637153558,0.6776009080460442
1990-02-28,0.0,-0.09163775555206112,0.6602234464525357
1990-03-01,0.0,-0.0895429388358672,0.653601501998466
1990-03-02,0.0,-0.09456980464710904,0.6546045458565778
1990-03-05,0.0,-0.09026341237600712,0.6650871661659927
1990-03-06,0.0,-0.07782486546330536,0.6486337146686459
1990-03-07,0.0,-0.06778974320867623,0.6759882839561057
1990-03-08,0.0,-0.05726118046437568,0.6587268672655552
1990-03-09,0.0,-0.05561278435076448,0.6594559920031697
1990-03-12,0.0,-0.06313555974623022,0.6586310957520867
1990-03-13,0.0,-0.05710658828475579,0.6861003005221019
1990-03-14,0.0,-0.06274285114178021,0.654089774988845
1990-03-15,0.0,-0.061955294002139866,0.6705289812010999
1990-03-16,0.0,-0.06883243080954762,0.6747851757553511
1990-03-19,0.0,-0.07044167692052128,0.6829313792773327
1990-03-20,0.0,-0.06166513543894416,0.6951246213368744
1990-03-21,0.0,-0.041672696400568074,0.7039862672471572
1990-03-22,0.0,-0.04366936927689126,0.6777820689223522
1990-03-23,0.0,-0.04336652515524986,0.6661858188250256
1990-03-26,1.0,0.0032358124499069683,0.6039057982139401
1990-03-27,1.0,0.009735068770752633,0.5155752994172491
1990-03-28,0.0,-0.0010758473334630141,0.5099258027024451
1990-03-29,0.0,-0.010145504676266959,0.5267372629308785
1990-03-30,1.0,0.002710028758865158,0.525609368512164
1990-04-02,1.0,0.003252035386377537,0.5035807458667411
1990-04-03,0.0,-0.013693327132002567,0.5310699596706663
1990-04-04,0.0,-0.007913662116703342,0.5626491343355613
1990-04-05,0.0,-0.020693616074994436,0.5787580073430072
1990-04-06,0.0,-0.019786741798844137,0.5889316642156729
1990-04-09,0.0,-0.013227529357730883,0.6332642055863285
1990-04-10,0.0,-0.017882829496771776,0.6313812005266977
1990-04-11,0.0,-0.014795158916746936,0.621948330816341
1990-04-12,0.0,-0.02085511172264252,0.6382781163202916
1990-04-17,0.0,-0.011158279380655169,0.6421673370739934
1990-04-18,0.0,-0.014920634354009976,0.6454996450797394
1990-04-19,0.0,-0.015691329794675645,0.6379588459704207
1990-04-20,0.0,-0.007742663162782288,0.6418352315593379
1990-04-23,0.0,-0.00039981342572966403,0.6312460109656514
1990-04-24,0.0,-0.033187991253495176,0.6220005482250589
1990-04-25,0.0,-0.013415744271109045,0.5880433472053485
1990-04-26,0.0,-0.01381948561297729,0.5707207707807017
1990-04-27,0.0,-0.010550618632457244,0.578620930359252
1990-04-30,0.0,-0.0036777266815718,0.5834518093212921
1990-05-01,0.0,-0.017610174562000702,0.5673942380562951
1990-05-02,0.0,-0.016779603836884757,0.5684406972463123
1990-05-03,0.0,-0.035356870843289215,0.5745829463654941
1990-05-04,0.0,-0.0361980841786473,0.5787201691836755
1990-05-08,0.0,-0.030544043941627345,0.5810056857042415
1990-05-09,0.0,-0.04841216378693077,0.5783290303792248
1990-05-10,0.0,-0.05033810000363697,0.5843173096850922
1990-05-11,0.0,-0.038304025855721784,0.5967165317093875
1990-05-14,0.0,-0.03656840707056538,0.5802874362053556
1990-05-15,0.0,-0.048042653006902095,0.5994554819149185
1990-05-16,0.0,-0.0670923629872829,0.5825647698365926
1990-05-17,0.0,-0.062301948652993044,0.5948765328937711
1990-05-18,0.0,-0.057444700701337066,0.5935061526311678
1990-05-21,0.0,-0.06777792656009254,0.586294274244739
1990-05-22,0.0,-0.07815610311213775,0.5873555107467996
1990-05-23,0.0,-0.041307937903122226,0.6211207902545388
1990-05-24,0.0,-0.05064727634835849,0.5757118450532053
1990-05-25,0.0,-0.03639796144111028,0.5850589569199353
1990-05-29,0.0,-0.051193103308766495,0.5856227514304747
1990-05-30,0.0,-0.043937057817055696,0.5859321551437352
1990-05-31,0.0,-0.03005748047906378,0.5678080670976219
1990-06-01,0.0,-0.03144253986853863,0.5602146189082766
1990-06-04,1.0,0.000979774730208619,0.522629014457783
1990-06-05,1.0,0.010831934821383971,0.5017774218873037
1990-06-06,1.0,0.008310297133628035,0.49403025967535646
1990-06-07,1.0,0.01936902656894201,0.5223820507635535
1990-06-08,1.0,0.021409899160228264,0.5024613750251755
1990-06-11,1.0,0.015525873100055298,0.49474993005849854
1990-06-12,0.0,-0.004931323836187289,0.5047188637283018
1990-06-13,1.0,0.01078330539678166,0.5309346712896201
1990-06-14,1.0,0.01606229857532049,0.5499818324962045
1990-06-15,1.0,0.04701780832761977,0.5350864505457881
1990-06-18,1.0,0.03930330431332117,0.5484415146642581
1990-06-19,1.0,0.03397803424247359,0.5565793296667948
1990-06-20,1.0,0.03539942037375468,0.5540739684258548
1990-06-21,1.0,0.03525398435544107,0.5345017922439332
1990-06-22,1.0,0.035526713354533314,0.4607508191003677
1990-06-25,1.0,0.035305960240594556,0.44043704923224025
1990-06-26,1.0,0.05390902024163914,0.47668031138890815
1990-06-27,1.0,0.06111937866192831,0.4686765357890337
1990-06-28,1.0,0.045635822306837666,0.4626752084149434
1990-06-29,1.0,0.04048122096098544,0.4569087401297135
1990-07-02,1.0,0.027323350100294092,0.4274810412416616
1990-07-03,1.0,0.02805576905290016,0.42955373052134355
1990-07-04,1.0,0.022233746807999142,0.44657168196882585
1990-07-05,1.0,0.05674131268687343,0.4377199053230881
1990-07-06,1.0,0.04824282058557062,0.4330081133079616
1990-07-09,1.0,0.05927660992954031,0.43241607766889056
1990-07-10,1.0,0.07939060461814895,0.47224024685451627
1990-07-11,1.0,0.0824497608475623,0.44280952075669183
1990-07-12,1.0,0.08753288938736892,0.4424604106171158
1990-07-13,1.0,0.06842431971967132,0.3791104251088484
1990-07-16,1.0,0.10706587419633301,0.40774919809180177
1990-07-17,1.0,0.1317624322076312,0.3982352362955629
1990-07-18,1.0,0.10302055136098451,0.3865056949181512
1990-07-19,1.0,0.1054709153046595,0.37369303786696284
1990-07-20,1.0,0.12874154625195233,0.37360234357077726
1990-07-23,1.0,0.10774772137493262,0.35741857295043833
1990-07-24,1.0,0.11539946007134388,0.3670434465144968
1990-07-25,1.0,0.09219576856661532,0.3689225135886749
1990-07-26,1.0,0.11187484448877524,0.4017801922648303
1990-07-27,1.0,0.1122081824250494,0.3731246881039663
1990-07-30,1.0,0.05547050920317477,0.37587454687547794
1990-07-31,1.0,0.031723516692126946,0.3722714130390382
1990-08-01,1.0,0.05024728683515716,0.4073515537672883
1990-08-02,1.0,0.018349138668196617,0.4077069975012561
1990-08-03,1.0,0.02024228437074914,0.4466525179495076
1990-08-06,0.0,-0.0022261516428530317,0.4358820002481721
1990-08-07,1.0,0.00013045463458599788,0.42849143242609444
1990-08-08,1.0,0.007122076074413133,0.4276330961110165
1990-08-09,1.0,0.0026034901453962536,0.4288200916631926
1990-08-10,0.0,-0.012534893077296471,0.4668639049742043
1990-08-13,0.0,-0.06594110376922174,0.5804486873181715
1990-08-14,0.0,-0.07425753002354872,0.6508678531386938
1990-08-15,0.0,-0.041512493904270455,0.6485273786136918
1990-08-16,0.0,-0.04158814321127715,0.5842662712073018
1990-08-17,0.0,-0.05301241164673398,0.6163913581480477
1990-08-20,0.0,-0.054816872036292374,0.6381916514612879
1990-08-21,0.0,-0.068250897283966,0.6589373296442592
1990-08-22,0.0,-0.05480823649499503,0.6528320064919615
1990-08-23,0.0,-0.04945721492034163,0.6312187323496222
1990-08-24,0.0,-0.016092724911274156,0.6175324587728828
1990-08-28,1.0,0.03654240582861193,0.555215036900636
1990-08-29,1.0,0.0498676103549193,0.4793251453065344
1990-08-30,1.0,0.04674157835262458,0.49541061809146253
1990-08-31,1.0,0.021810698139741104,0.5079089890917773
1990-09-03,1.0,0.0028401774837050766,0.4817560422437559
1990-09-04,1.0,0.02075839977178056,0.4657759040978917
1990-09-05,1.0,0.03196472637461218,0.44675192774561095
1990-09-06,1.0,0.020687750955155404,0.46458618310223454
1990-09-07,1.0,0.015992087013948185,0.45809499819584953
1990-09-10,1.0,0.03199249174149175,0.4632059088278627
1990-09-11,1.0,0.034535432632936965,0.5174468638476556
1990-09-12,1.0,0.015453849529697796,0.5298671180740734
1990-09-13,1.0,0.015705430222623825,0.5142126908173671
1990-09-14,0.0,-0.014343706605962346,0.541048453750082
1990-09-17,0.0,-0.06539490553520418,0.5809016310746876
1990-09-18,0.0,-0.05320403606346457,0.5959702771307192
1990-09-19,0.0,-0.04945662164920317,0.5963580122577871
1990-09-20,0.0,-0.03940163144332151,0.5840118166120186
1990-09-24,0.0,-0.06581321856957174,0.6131465053706107
1990-09-25,0.0,-0.08284332336556391,0.64166304626959
1990-09-26,0.0,-0.08172029979085652,0.6137812001637737
1990-09-27,0.0,-0.07423175751007227,0.6004256800132514
1990-09-28,0.0,-0.08879374979907226,0.6273889110457177
1990-10-01,0.0,-0.0613976937111766,0.6228849955716033
1990-10-02,0.0,-0.037031542231984495,0.5816371548296152
1990-10-03,0.0,-0.025752496102414625,0.5510028475979727
1990-10-04,0.0,-0.03955936808988638,0.5659802103014362
1990-10-05,0.0,-0.046833031059477774,0.592424213779315
1990-10-08,0.0,-0.03621601989553806,0.5767365865923393
1990-10-09,0.0,-0.0457406624585488,0.5488540689060889
1990-10-10,0.0,-0.017508171222656205,0.5529123435358481
1990-10-11,0.0,-0.008411566904284804,0.5413477737329453
1990-10-12,0.0,-0.006589596814614323,0.525023884444853
1990-10-15,0.0,0.0,0.5568420283611765
1990-10-16,1.0,0.05012743340441575,0.5781695832789138
1990-10-17,1.0,0.04774876860538569,0.5205531321897259
1990-10-18,1.0,0.0272189492413141,0.5183069359139509
1990-10-19,1.0,0.01149284332624494,0.5342220807294257
1990-10-22,1.0,0.02764163641451785,0.5568789100427867
1990-10-23,1.0,0.022218701549129034,0.5482060776448107
1990-10-24,1.0,0.016569058903712745,0.5715070855720722
1990-10-25,1.0,0.013111902304786106,0.5940210861795534
1990-10-26,1.0,0.02614700651784505,0.621928914465616
1990-10-29,1.0,0.03739245522125446,0.6104831195993835
1990-10-30,1.0,0.026534458868703276,0.6241217223964679
1990-10-31,1.0,0.01438873745209967,0.636762550010585
1990-11-01,1.0,0.016684432907904136,0.6671973345488758
1990-11-02,1.0,0.01928307929124716,0.668800169747663
1990-11-05,1.0,0.009900417479131783,0.6595692132630311
1990-11-06,0.0,-0.004360183957295959,0.6681244789352886
1990-11-07,0.0,-0.023654190897889716,0.6800305592148712
1990-11-08,0.0,-0.039090767080718535,0.6845046233642826
1990-11-09,0.0,-0.03939703152248192,0.6649272273451077
1990-11-12,0.0,-0.01762218507003764,0.6587671625212282
1990-11-13,0.0,-0.03017698545473402,0.6053848367026412
1990-11-14,0.0,-0.03444961751120686,0.603109000882683
1990-11-15,0.0,-0.01600034134644119,0.6120845851150584
1990-11-16,0.0,-0.008272228626202862,0.6054766408223663
1990-11-19,0.0,-0.003978257468017573,0.5876203690599342
1990-11-20,0.0,-0.006865619785981701,0.5767940752555385
1990-11-21,1.0,0.004231691054290162,0.532764737832108
1990-11-22,1.0,0.014240230184839671,0.5163803477886564
1990-11-23,1.0,0.0003909558921237398,0.5150629480218532
1990-11-26,0.0,-0.010653602127667994,0.5208272122769535
1990-11-27,1.0,0.018074336595028096,0.5317009351493838
1990-11-28,1.0,0.0033709353844514982,0.5189806023421678
1990-11-29,1.0,0.001549987393756244,0.5254347850881798
1990-11-30,1.0,0.016109633781141962,0.539927730608763
1990-12-03,1.0,0.02349689459244208,0.5439458454129628
1990-12-04,1.0,0.024847623312256827,0.5309172992935889
1990-12-05,1.0,0.03796685866641178,0.5326832555888471
1990-12-06,1.0,0.05418101280430852,0.5406490420821003
1990-12-07,1.0,0.07229557408699427,0.515876758544059
1990-12-10,1.0,0.06331801991185575,0.49270087542206004
1990-12-11,1.0,0.07977392659410619,0.5117770646341125
1990-12-12,1.0,0.021603720586881328,0.5032238652454424
1990-12-13,1.0,0.016661498395318785,0.48001841105091875
1990-12-14,1.0,0.013308687251168265,0.4828462348294266
1990-12-17,1.0,0.012412677527309443,0.49574922262283627
1990-12-18,1.0,0.002381898704533895,0.5226967678759333
1990-12-19,0.0,-0.01569389838073954,0.5169065114478006
1990-12-20,0.0,-0.029487459605533433,0.5367875126482831
1990-12-21,0.0,-0.024399495944132727,0.5285319442797536
1990-12-27,0.0,-0.015798116876591176,0.507088530469256
1991-01-02,0.0,-0.06256162966583897,0.4698208383590131
1991-01-03,0.0,-0.05398093627086941,0.5164453930453597
1991-01-04,0.0,-0.0609311995241826,0.5146201508854594
1991-01-07,0.0,-0.06319279786384913,0.5052685576137549
1991-01-08,0.0,-0.061105876939058765,0.4986439753555417
1991-01-09,0.0,-0.07049785992962217,0.46915687333469736
1991-01-10,0.0,-0.07067689743819228,0.4280315566743786
1991-01-11,0.0,-0.05418101280430844,0.40374124938890754
1991-01-14,0.0,-0.08300536261869103,0.432990347056104
1991-01-15,0.0,-0.08945533284446654,0.44889182356659735
1991-01-16,0.0,-0.09425614492359187,0.3960744342179428
1991-01-17,0.0,-0.02904574126770059,0.5406320946159892
1991-01-18,0.0,-0.034289073478632075,0.47072776938174865
1991-01-21,0.0,-0.03895633773865478,0.469910655143933
1991-01-22,0.0,-0.04839654086185021,0.47268339048634045
1991-01-23,0.0,-0.036749542208741603,0.5069183588397416
1991-01-24,0.0,-0.029243838443023744,0.4945398851726318
1991-01-25,0.0,-0.04215889311509668,0.4934330187183695
1991-01-28,0.0,-0.04603694840288144,0.4829165480250146
1991-01-29,0.0,-0.047696017743073686,0.4865612431127171
1991-01-30,0.0,-0.01953025905263298,0.5151877100144727
1991-01-31,0.0,-0.009057287112509568,0.5111069055731126
1991-02-01,1.0,0.006562779912523362,0.5099837877761556
1991-02-04,0.0,-0.004641012971218795,0.5140681542002713
1991-02-05,0.0,-0.005744783956891856,0.523932400056742
1991-02-06,1.0,0.014994434586430067,0.5287476341736074
1991-02-07,1.0,0.007119416708592018,0.5259005227035111
1991-02-08,0.0,-0.004062294008878793,0.5360253650714512
1991-02-11,0.0,-0.002729631829964268,0.5767566888556582
1991-02-12,0.0,-0.0004117203104889611,0.5797095047687624
1991-02-13,0.0,-0.0020470836217247996,0.5972536647923228
1991-02-14,0.0,-0.00968960157016311,0.558043855058728
1991-02-15,1.0,0.0013670542115330967,0.5817979721889622
1991-02-18,0.0,-0.003994220584670641,0.5796106845927119
1991-02-19,1.0,0.004123717183862156,0.5702309406932135
1991-02-20,0.0,-0.00041143798152912703,0.5786181420191193
1991-02-21,1.0,0.0002760143544988176,0.5831745566927921
1991-02-22,1.0,0.0012533947744931152,0.5698675212184701
1991-02-25,0.0,-0.002940149125352701,0.5726033782997072
1991-02-26,0.0,-0.014580378861351308,0.5779561769174668
1991-02-27,0.0,-0.012156930270631621,0.5607251127168583
1991-02-28,0.0,-0.01444068415479436,0.5545765405020567
1991-03-01,0.0,-0.021209994933191745,0.5307479784070072
1991-03-04,0.0,-0.019479789825625357,0.5458933313070076
1991-03-05,0.0,-0.016597891409037828,0.5456212945633984
1991-03-06,0.0,-0.014301673907529417,0.5172356001601625
1991-03-07,0.0,-0.006844653689965484,0.5274693693939966
1991-03-08,0.0,-0.013248845028841631,0.5214857639043785
1991-03-11,0.0,-0.01127004781844581,0.5345375328399348
1991-03-12,0.0,-0.006334364336163785,0.5307055654456483
1991-03-13,0.0,-0.01625156274653668,0.5179243793043284
1991-03-14,0.0,-0.009369040701732384,0.5239195019098083
1991-03-15,0.0,-0.01472537445168469,0.49882717596899734
1991-03-18,0.0,-0.008732469380221014,0.520193666244356
1991-03-19,0.0,-0.023174561024350032,0.5032985798513326
1991-03-20,0.0,-0.02247285585205863,0.5151361565956006
1991-03-21,0.0,-0.01908534631199496,0.5218092913238561
1991-03-25,0.0,-0.009649749727399461,0.5180498341413589
1991-03-26,0.0,-0.009438683864403259,0.5117518233735364
1991-03-27,0.0,-0.0022621245331461604,0.5010576461615532
1991-03-28,0.0,-0.012876018005137534,0.4943730609103878
1991-04-02,1.0,0.0006990563024980425,0.5052890918248395
1991-04-03,0.0,-0.007545096573693888,0.5164511930615566
1991-04-04,0.0,-0.011929128901143757,0.5281089179181616
1991-04-05,0.0,-0.008403410796379504,0.5225703499662989
1991-04-08,0.0,-0.013525967908518186,0.5064866512456899
1991-04-09,0.0,-0.01969823714062604,0.506358447450782
1991-04-10,0.0,-0.018876341183473165,0.5254570764018583
1991-04-11,0.0,-0.014058273146747418,0.5403074783915296
1991-04-12,0.0,-0.014190555322073943,0.5342310962287251
1991-04-15,0.0,-0.0059884588126356,0.5211682290506279
1991-04-16,0.0,-0.0037445435890170104,0.43849733245731254
1991-04-17,0.0,-0.012977228097651066,0.43774206410770206
1991-04-18,0.0,-0.011340688571768256,0.4351223825762216
1991-04-19,0.0,-0.003234200948946965,0.4563354370804067
1991-04-22,0.0,-0.00028062298486374043,0.42867209843860543
1991-04-23,1.0,0.003510007113650151,0.4024866107317314
1991-04-24,0.0,-0.0025327155792840518,0.3926031186275681
1991-04-25,1.0,0.007192753667097946,0.40673723191279704
1991-04-26,1.0,0.006771079614887356,0.3968624039316703
1991-04-29,1.0,0.029190958424432735,0.36763766842864837
1991-04-30,1.0,0.00918203446063043,0.3107945903104479
1991-05-01,1.0,0.010880285879832216,0.3400955244675014
1991-05-02,1.0,0.024682282065219253,0.3614109395982465
1991-05-03,1.0,0.019223324925528727,0.3457859626683509
1991-05-07,1.0,0.017396583744461465,0.3326413143722885
1991-05-08,1.0,0.02203067971551463,0.33802621340898364
1991-05-09,1.0,0.028046322637493935,0.3428620569160844
1991-05-10,1.0,0.042536251843304534,0.34001570678217174
1991-05-13,1.0,0.03956016469983303,0.3328254509018505
1991-05-14,1.0,0.038500542430952626,0.3214990207728655
1991-05-15,1.0,0.027004587988772952,0.299469219715027
1991-05-16,1.0,0.032472628629516345,0.3541956734653145
1991-05-17,1.0,0.03241730043326762,0.3525925939175166
1991-05-20,1.0,0.04206066367249242,0.34372211419964893
1991-05-21,1.0,0.03067810016923482,0.32311301783866914
1991-05-22,1.0,0.029960134124586226,0.3195808373418211
1991-05-23,1.0,0.03148010067882626,0.3365869567497664
1991-05-24,1.0,0.014232136417007976,0.31008721263118627
1991-05-28,1.0,0.02141945588312082,0.31292562597484763
1991-05-29,1.0,0.0126444785273711,0.24684145072247793
1991-05-30,1.0,0.010332805302985667,0.2751699332614758
1991-05-31,1.0,0.021819047394639888,0.2824602611963097
1991-06-03,1.0,0.016122770337779122,0.25875176606753464
1991-06-04,1.0,0.012885716333964492,0.2761614185413828
1991-06-05,1.0,0.01872534724266497,0.2799004152553207
1991-06-06,1.0,0.011987611199860073,0.2594285644885433
1991-06-07,1.0,0.007870850783837985,0.24229225901253143
1991-06-10,0.0,-0.005252891060242172,0.25871198446882737
1991-06-11,0.0,-0.005537187488212355,0.2763052239232411
1991-06-12,0.0,-0.0029613697776015237,0.26272841623528076
1991-06-13,0.0,-0.00379404249156657,0.2786898600426794
1991-06-14,1.0,0.00027188689672661965,0.27758887579861874
1991-06-17,1.0,0.002722571787910897,0.263499285527398
1991-06-18,0.0,-0.004195147907809355,0.24627441555396026
1991-06-19,1.0,0.004074431821604627,0.2748501470976236
1991-06-20,1.0,0.0038012535589951146,0.25282250384407967
1991-06-21,1.0,0.010186845306992997,0.24868758720868261
1991-06-24,1.0,0.024226189942166448,0.27715121474346455
1991-06-25,1.0,0.011084615718380304,0.25292415505809146
1991-06-26,0.0,-0.0002731867248243334,0.24132194938927856
1991-06-27,1.0,0.0002740852422256421,0.2598176574662866
1991-06-28,0.0,-0.011605017947434784,0.23508984602407385
1991-07-01,0.0,-0.010354315941038675,0.24748003190992077
1991-07-02,0.0,-0.015787272773798523,0.24699780207875868
1991-07-03,0.0,-0.01748439568734317,0.23284544178452762
1991-07-04,0.0,-0.01596976544941844,0.24665387620960777
1991-07-05,0.0,-0.03325852776378945,0.24483260970257878
1991-07-08,0.0,-0.037844213293557555,0.25551574608253746
1991-07-09,0.0,-0.03360272084905795,0.2627478671212497
1991-07-10,0.0,-0.03875708378969068,0.24588911447025927
1991-07-11,0.0,-0.029482780151660552,0.2657296891624615
1991-07-12,0.0,-0.026583756751662135,0.259293583221174
1991-07-15,0.0,-0.02644782254360937,0.2559505740085655
1991-07-16,0.0,-0.032807904534244405,0.25827563642924756
1991-07-17,0.0,-0.03601631085734972,0.2537925388247583
1991-07-18,0.0,-0.029286481600598904,0.2563739523669743
1991-07-19,0.0,-0.03366858720170989,0.23299128027994317
1991-07-22,0.0,-0.02339528004807884,0.22261310174117324
1991-07-23,0.0,-0.037719391055340314,0.24810050761056152
1991-07-24,0.0,-0.026860260789575815,0.26496005916896326
1991-07-25,0.0,-0.0241309725868406,0.2791254300966845
1991-07-26,0.0,-0.028979458969952975,0.2779580368650721
1991-07-29,0.0,-0.03143950693590635,0.26735555437527286
1991-07-30,0.0,-0.019138671756807887,0.3019927489763447
1991-07-31,0.0,-0.03249130507619054,0.2823123334053056
1991-08-01,0.0,-0.04502730215506629,0.27180139969010186
1991-08-02,0.0,-0.027915379783759783,0.32518941761652587
1991-08-05,0.0,-0.02600132271546066,0.3173984785454243
1991-08-06,0.0,-0.02352382809803363,0.31251913704412004
1991-08-07,0.0,-0.0266985468988498,0.3378608801314896
1991-08-08,0.0,-0.027068895684683614,0.32845962575572496
1991-08-09,0.0,-0.021588139973634703,0.32358444129723163
1991-08-12,0.0,-0.018312950146674667,0.3310946162368697
1991-08-13,0.0,-0.032906608416452876,0.3480544761158805
1991-08-14,0.0,-0.03168977707186897,0.34954416608561195
1991-08-15,0.0,-0.0401420248311641,0.33523900266508694
1991-08-16,0.0,-0.03513125272398212,0.3632961588477332
1991-08-19,0.0,-0.04255961441879601,0.3428322553344213
1991-08-20,0.0,-0.015667604353729398,0.40756445160326743
1991-08-21,0.0,-0.021847939525869775,0.3699002171826337
1991-08-22,0.0,-0.021567237769640618,0.37896878223063546
1991-08-23,0.0,-0.012661098074363709,0.39521332666633396
1991-08-27,0.0,-0.005384737398145573,0.38771646476197896
1991-08-28,0.0,-0.004948755239258797,0.3747028834658401
1991-08-29,1.0,0.0018488236795839474,0.3895926768829864
1991-08-30,1.0,0.003017894077523364,0.4171769062021329
1991-09-02,1.0,0.019777268361591677,0.3941183900812216
1991-09-03,1.0,0.018822743081308314,0.4054618045023254
1991-09-04,1.0,0.020718777170424935,0.40527169312736455
1991-09-05,1.0,0.026698546898849894,0.4083965863619239
1991-09-06,1.0,0.023426924997114806,0.3981504447429974
1991-09-09,1.0,0.025767001048601502,0.3922125627885
1991-09-10,1.0,0.01663650381942245,0.39565145401471025
1991-09-11,1.0,0.03528606226499129,0.4410768904106867
1991-09-12,1.0,0.04189466048769017,0.42129390714837767
1991-09-13,1.0,0.03846628082779614,0.4345212538300427
1991-09-16,1.0,0.03722549432709683,0.4250111016455943
1991-09-17,1.0,0.03240300537037072,0.4236804899052098
1991-09-18,1.0,0.023410305102357132,0.3949322649314037
1991-09-19,1.0,0.02744549122498755,0.4081285995583688
1991-09-20,1.0,0.031067169511544736,0.4054835964285061
1991-09-23,1.0,0.040816267946950806,0.39445397968350515
1991-09-24,1.0,0.029263551227751133,0.3826882020743948
1991-09-25,1.0,0.026436954716389526,0.39002048571564163
1991-09-26,1.0,0.02553091400534151,0.38844075382451565
1991-09-27,1.0,0.03814946394124335,0.3993623809105876
1991-09-30,1.0,0.010092600387224347,0.3706676052627592
1991-10-01,1.0,0.009699942505129289,0.39290542190499966
1991-10-02,1.0,0.009366113062421298,0.3784764224585583
1991-10-03,1.0,0.0018200915070063545,0.38718482584641534
1991-10-04,1.0,0.004061345824769955,0.3895238152352725
1991-10-07,0.0,-0.009356956753698466,0.3877772258980372
1991-10-08,0.0,-0.002940560825046444,0.40100485755175974
1991-10-09,0.0,-0.008846508582210573,0.3760412910887143
1991-10-10,0.0,-0.014005831188919212,0.3654119945345321
1991-10-11,0.0,-0.013649687755335928,0.37662613912573106
1991-10-14,0.0,-0.010092600387224314,0.35982744363685304
1991-10-15,0.0,-0.007861896454252894,0.3576200665378809
1991-10-16,0.0,0.0,0.34939977081273116
1991-10-17,0.0,-0.006861330565627998,0.3253029931452193
1991-10-18,0.0,-0.011467053354169669,0.31823154286221084
1991-10-21,0.0,-0.008419068430041603,0.30131794708633375
1991-10-22,1.0,0.001792238709560291,0.3184919712383382
1991-10-23,1.0,0.0011037528714377502,0.30642968195424247
1991-10-24,1.0,0.009099745681637128,0.3100763879095514
1991-10-25,1.0,0.01630284754683698,0.29410835486693093
1991-10-28,1.0,0.029138949996277936,0.32750278652943954
1991-10-29,1.0,0.024460557605949475,0.32476800348766316
1991-10-30,1.0,0.021337446588337007,0.3096826793017758
1991-10-31,1.0,0.023774443879790826,0.3295645088291685
1991-11-01,1.0,0.023618251348208393,0.3212971212661415
1991-11-04,1.0,0.03312017918094278,0.33084794808132717
1991-11-05,1.0,0.017652831744711866,0.3243137764455107
1991-11-06,1.0,0.029873704658626734,0.33790171731656926
1991-11-07,1.0,0.0285038414307129,0.33496638794758987
1991-11-08,1.0,0.0412186288003226,0.3436080445821594
1991-11-11,1.0,0.043557050504235924,0.33211231935331204
1991-11-12,1.0,0.03680548246456282,0.336904889710862
1991-11-13,1.0,0.027524038852393476,0.3050731323934095
1991-11-14,1.0,0.010204883415821299,0.32049522232551847
1991-11-15,1.0,0.009936405313030973,0.3238637663851156
1991-11-18,0.0,-0.0030538613406150663,0.2939017668024292
1991-11-19,0.0,-0.015547231539523204,0.29122617431973674
1991-11-20,0.0,-0.013046680548770727,0.30648364495640495
1991-11-21,0.0,-0.014933905860956605,0.2933860257719594
1991-11-22,0.0,-0.02657643506169979,0.304848322798776
1991-11-25,0.0,-0.025936273722587843,0.31035136396818924
1991-11-26,0.0,-0.03599860596617755,0.32871508612724326
1991-11-27,0.0,-0.03874139464785744,0.3208213226627779
1991-11-28,0.0,-0.04226865350348231,0.3251561872936009
1991-11-29,0.0,-0.03698461285147198,0.32396363556550745
1991-12-02,0.0,-0.05281617542886651,0.3097827665980825
1991-12-03,0.0,-0.037051670149694474,0.34802839511962813
1991-12-04,0.0,-0.04093607814367467,0.3113134975610186
1991-12-05,0.0,-0.03686023875772471,0.3143648192436836
1991-12-06,0.0,-0.027149741709566824,0.29082672549468647
1991-12-09,0.0,-0.0463787228052689,0.29136906308665805
1991-12-10,0.0,-0.03455291217518794,0.3138577390980828
1991-12-11,0.0,-0.026963264969760436,0.3194735341749255
1991-12-12,0.0,-0.010064384644954412,0.3732032587633633
1991-12-13,0.0,-0.0008358874824957386,0.3587205536212845
1991-12-16,0.0,-0.005157165238746294,0.35925111423679273
1991-12-17,0.0,-0.0018203463683818333,0.38773219943343373
1991-12-18,0.0,-0.007572606653965084,0.36963518769054104
1991-12-19,0.0,-0.0158677765889247,0.3664980080406521
1991-12-20,0.0,-0.006159034027176016,0.39144922774823926
1991-12-23,0.0,-0.009358263701574752,0.3791677521666561
1991-12-27,1.0,0.004377610605892441,0.4524187233939668
1991-12-30,1.0,0.008037834997099183,0.44339268240026164
1992-01-02,1.0,0.009078076528688785,0.4591959435912133
1992-01-03,1.0,0.009585638663357448,0.43926995014387754
1992-01-06,1.0,0.01871333315207441,0.4769189898431891
1992-01-07,1.0,0.010241910295769544,0.4524250073543433
1992-01-08,1.0,0.015144299062748029,0.45057079816296075
1992-01-09,1.0,0.013140422210390844,0.44509921579026257
1992-01-10,0.0,-0.009122230123884315,0.4104787504073524
1992-01-13,1.0,0.005916343500612896,0.46570325202390644
1992-01-15,1.0,0.004629962672816999,0.4473518317983799
1992-01-16,0.0,-0.0012621837451554394,0.43722554874202535
1992-01-17,0.0,-0.005070433398288839,0.4447740679923973
1992-01-20,0.0,-0.012340641817565836,0.4170445315094803
1992-01-21,0.0,-0.014072846941982515,0.5364014257385941
1992-01-22,0.0,-0.010000787627140866,0.5504409633245076
1992-01-23,0.0,-0.005080451232419064,0.553142463984607
1992-01-24,0.0,-0.004681855753614777,0.5529133914858395
1992-01-27,0.0,-0.017850027699230355,0.5449973021434956
1992-01-28,0.0,-0.01641236613714559,0.5645144772101046
1992-01-29,0.0,-0.017626611303972264,0.5507910947624016
1992-01-30,0.0,-0.0063402818945830506,0.5420918202223791
1992-01-31,0.0,-0.010361316171524413,0.5390259010480201
1992-02-03,0.0,-0.014270817958447445,0.5716702772228645
1992-02-04,0.0,-0.01656909675050379,0.5734792290326344
1992-02-05,0.0,-0.009670154991457326,0.5661819343638257
1992-02-06,0.0,-0.018572873849926116,0.5606374730051683
1992-02-07,0.0,-0.020993678820736626,0.5736918406874851
1992-02-10,0.0,-0.017923666171967754,0.5902654618949192
1992-02-11,0.0,-0.019858808649603286,0.5790291561286741
1992-02-12,0.0,-0.027243455611106946,0.5848129087146725
1992-02-13,0.0,-0.025728090977337272,0.5933307568398437
1992-02-14,0.0,-0.03184891195191819,0.594735747628187
1992-02-17,0.0,-0.04428501787581487,0.5838962311947233
1992-02-18,0.0,-0.04344731975893653,0.5905630396514578
1992-02-19,0.0,-0.04162450595190557,0.5892650130343832
1992-02-20,0.0,-0.04248580006187,0.5869725911144786
1992-02-21,0.0,-0.03826553807895384,0.5695006182959179
1992-02-24,0.0,-0.024746216085332215,0.5652289816175645
1992-02-25,0.0,-0.02923930977542578,0.5605425763802729
1992-02-26,0.0,-0.02365342807745262,0.5463832156612165
1992-02-27,0.0,-0.029985748493800937,0.5472192438494059
1992-03-02,0.0,-0.0252848838250876,0.5669401074500219
1992-03-03,0.0,-0.021141220264808448,0.5546805185196078
1992-03-04,0.0,-0.027652865872938668,0.5589946444095281
1992-03-05,0.0,-0.026938631145054293,0.5404827657371352
1992-03-06,0.0,-0.02948009898497765,0.5474770879056238
1992-03-09,0.0,-0.029236319840913953,0.5501117940453589
1992-03-10,0.0,-0.03164221116354346,0.5475258495546438
1992-03-11,0.0,-0.030695551247810544,0.5498597563885319
1992-03-12,0.0,-0.016534096745981542,0.5537770955277271
1992-03-13,0.0,-0.018749186679292477,0.5402358009781348
1992-03-16,0.0,-0.011730339785489605,0.5169572786367961
1992-03-17,0.0,-0.00014750350347563735,0.5654056179604472
1992-03-19,1.0,0.0014790714129631372,0.5644829088367888
1992-03-20,0.0,-0.0020682530640589573,0.5493746547666306
1992-03-23,0.0,-0.0005906674713962588,0.5501598641793937
1992-03-24,0.0,-0.005481901275345947,0.5456993478722997
1992-03-25,0.0,-0.016397442513180326,0.5317838803084594
1992-03-26,0.0,-0.01078058140874569,0.5408184275068643
1992-03-27,0.0,-0.014197221603577906,0.5222228465277523
1992-03-30,0.0,-0.020452415992031497,0.5217859316065142
1992-03-31,0.0,-0.012367648808661643,0.5343339066286984
1992-04-01,0.0,-0.021300842082924966,0.5312724230415519
1992-04-02,0.0,-0.01151644206155918,0.5405918283621456
1992-04-03,0.0,-0.013448809812613084,0.5334581888412521
1992-04-06,0.0,-0.006951148302471395,0.5359058406074364
1992-04-07,0.0,-0.007704883278865012,0.5322035808789222
1992-04-08,0.0,-0.006688988150796652,0.535814784950684
1992-04-09,0.0,-0.00964900234668861,0.5213141331293681
1992-04-10,0.0,-0.014732146232748421,0.5246683738282989
1992-04-13,0.0,-0.005295687574710455,0.5208021885689563
1992-04-14,0.0,-0.0002950287674447118,0.5143391832176982
1992-04-15,1.0,0.0016213431217762023,0.4950373834410096
1992-04-21,0.0,-0.003998524394436881,0.4930139188915226
1992-04-22,0.0,-0.0025172146259751114,0.49097320548991685
1992-04-23,0.0,-0.002366164960807658,0.48450806312598876
1992-04-24,1.0,0.003855283541461441,0.4901017255940109
1992-04-27,1.0,0.0059400234055328755,0.4977134051429855
1992-04-28,1.0,0.0004453351220338586,0.4908088693109329
1992-04-29,1.0,0.005347606326595277,0.49287960403788333
1992-04-30,1.0,0.0014854429350541144,0.4908698133994456
1992-05-01,1.0,0.004434597067865775,0.4879301749582806
1992-05-05,1.0,0.009310641411596836,0.4899369774066785
1992-05-06,1.0,0.005036301565039436,0.4824776949629272
1992-05-07,1.0,0.008150004361924408,0.47637637115559195
1992-05-08,1.0,0.005328609411218932,0.4679541345534989
1992-05-11,1.0,0.0048965154586542116,0.47623502648010946
1992-05-12,1.0,0.007133333859063055,0.4712844971094561
1992-05-13,1.0,0.009057898442969378,0.46764124966647574
1992-05-14,1.0,0.007982304024685095,0.46493137605291124
1992-05-15,1.0,0.010855321500112853,0.4453378226229039
1992-05-18,1.0,0.01012852695406642,0.44033710914459295
1992-05-19,1.0,0.007336790063854308,0.4403279657063378
1992-05-20,1.0,0.012680795106943444,0.45459651187634165
1992-05-21,1.0,0.01850816638921966,0.4469843630508413
1992-05-22,1.0,0.014113730310758013,0.445240092321326
1992-05-26,1.0,0.017458082950565307,0.4399599294700827
1992-05-27,1.0,0.013529618144617658,0.4351467824527994
1992-05-28,1.0,0.019109798050867908,0.43721263629624635
1992-05-29,1.0,0.01616493685335536,0.4268926740936782
1992-06-01,1.0,0.01925822105670623,0.4344112067888429
1992-06-02,1.0,0.013332554096634726,0.4104871756998759
1992-06-03,1.0,0.020961466165670448,0.40702892166361604
1992-06-04,1.0,0.021342719195510625,0.4272994957771768
1992-06-05,1.0,0.02276141450360638,0.4138823916934949
1992-06-08,1.0,0.02016727710617459,0.40868617144817776
1992-06-09,1.0,0.028310660631147143,0.41578449982011045
1992-06-10,1.0,0.02789112676534415,0.4086860404203115
1992-06-11,1.0,0.030426686630707935,0.4066727142636197
1992-06-12,1.0,0.02615667864872826,0.3799265414766956
1992-06-15,1.0,0.01907572293222331,0.32651216444925263
1992-06-16,1.0,0.024667677022097316,0.3268624753837554
1992-06-17,1.0,0.03165731987069164,0.32217615514271086
1992-06-18,1.0,0.04427974586567628,0.33657383147775716
1992-06-19,1.0,0.04482503264238814,0.3040307694002159
1992-06-22,1.0,0.04454061930210708,0.32791229856352544
1992-06-23,1.0,0.042565674125081956,0.3048130069290674
1992-06-24,1.0,0.0490266316249618,0.32707433566641797
1992-06-25,1.0,0.040519094835984065,0.3012174936886158
1992-06-29,1.0,0.04391923393483537,0.3102734868378721
1992-06-30,1.0,0.046096354134090155,0.2941744389065192
1992-07-01,1.0,0.036159709378476186,0.29435691762957455
1992-07-02,1.0,0.027422333489205208,0.3027898450567023
1992-07-03,1.0,0.03454255725702773,0.3211300205638734
1992-07-06,1.0,0.021266768816277277,0.3086020506953785
1992-07-07,1.0,0.020335800312105672,0.315906561597292
1992-07-08,1.0,0.009309053977723528,0.3009403152103457
1992-07-09,1.0,0.004024150299725548,0.3095876979670443
1992-07-10,1.0,0.003435445692036827,0.31700441892057013
1992-07-13,1.0,0.005007521730622413,0.322994461101701
1992-07-14,0.0,-0.0032977304242306714,0.32730254808951
1992-07-15,0.0,-0.011753037682782512,0.3399142550615278
1992-07-16,0.0,-0.04549531486569223,0.3570953018919148
1992-07-17,0.0,-0.06067718837885658,0.403370175067722
1992-07-20,0.0,-0.06288852400760526,0.436751569693496
1992-07-21,0.0,-0.05924676669180258,0.44910128256452864
1992-07-22,0.0,-0.05368014946362381,0.44343211237018954
1992-07-23,0.0,-0.06019008480877165,0.44370882476386475
1992-07-24,0.0,-0.05489095094702942,0.4518418834288711
1992-07-27,0.0,-0.041008023727377024,0.44334247097503343
1992-07-28,0.0,-0.047261855431525376,0.44472862968873095
1992-07-29,0.0,-0.04507724526599415,0.44883752955003814
1992-07-30,0.0,-0.04662013076737873,0.4355919112757315
1992-07-31,0.0,-0.04676622517376187,0.4308848724292611
1992-08-03,0.0,-0.03462740903517786,0.43461385884056203
1992-08-04,0.0,-0.02497617986860789,0.42477373192085094
1992-08-05,0.0,-0.0252629819199652,0.4211399952557408
1992-08-06,0.0,-0.023510007496353524,0.4191934151445385
1992-08-07,0.0,-0.01991695220770239,0.42317551118008195
1992-08-10,0.0,-0.016838564362829708,0.42393306403428693
1992-08-11,0.0,-0.013446309726151642,0.42628306122734566
1992-08-12,0.0,-0.006654154452673535,0.42612742443058405
1992-08-13,1.0,0.019668915305793667,0.4062384525752483
1992-08-14,1.0,0.018592833076615925,0.38459195445948957
1992-08-17,1.0,0.02082492034184548,0.40141752299490596
1992-08-18,1.0,0.02919915469226235,0.416750148697665
1992-08-19,1.0,0.03184060585565884,0.42586423172789567
1992-08-20,1.0,0.03340906213112962,0.4389048568720089
1992-08-21,1.0,0.03340906213112962,0.4326700873268515
1992-08-24,1.0,0.018719049101246353,0.44422413623009666
1992-08-25,1.0,0.023055776299925796,0.47436168635195186
1992-08-26,1.0,0.03037109787629877,0.4758767715180369
1992-08-27,1.0,0.0275180288938923,0.4839929588714134
1992-08-28,1.0,0.02743854445502103,0.4879368550623417
1992-08-31,1.0,0.021692824611259754,0.4899794774730549
1992-09-01,1.0,0.017291497110061043,0.4900307057632337
1992-09-02,1.0,0.023122417420854212,0.4962467245555765
1992-09-03,1.0,0.0275180288938923,0.4867383461395617
1992-09-04,1.0,0.02020270731751947,0.49452108065406436
1992-09-07,1.0,0.024373966479583585,0.4977706014899654
1992-09-08,1.0,0.023022599588315547,0.5025315342102051
1992-09-09,1.0,0.02295653179860998,0.4859987326283414
1992-09-10,1.0,0.024408964878924928,0.4622118079089782
1992-09-11,1.0,0.030239885189718176,0.46092644707755986
1992-09-14,1.0,0.008670574551133577,0.45173955983156844
1992-09-15,0.0,-0.00867057455113353,0.4812674252304442
1992-09-16,0.0,-0.015793580258141243,0.5095282333797937
1992-09-17,0.0,-0.020202707317519466,0.5123716728240324
1992-09-18,0.0,-0.017291497110060994,0.49038937400243293
1992-09-21,0.0,-0.01871904910124647,0.4890427125148447
1992-09-22,0.0,-0.015793580258141243,0.48671203408493213
1992-09-23,0.0,-0.015793580258141243,0.48141723764601585
1992-09-24,0.0,-0.01583906402974607,0.4792421553795082
1992-09-25,0.0,-0.01869213301215252,0.4763248545017691
1992-09-28,0.0,-0.018773114507925,0.4777196700230169
1992-09-29,0.0,-0.028987536873252298,0.46574214028230465
1992-09-30,0.0,-0.028987536873252298,0.46178481288667617
1992-10-01,0.0,-0.02605067719994255,0.45453669340725683
1992-10-02,0.0,-0.02605067719994255,0.4594249483483332
1992-10-05,0.0,-0.03458557964978003,0.4663629360072319
1992-10-06,0.0,-0.031794585661152557,0.475898205266844
1992-10-07,0.0,-0.03905051487187314,0.468480847555445
1992-10-08,0.0,-0.03610500464211632,0.470204315241507
1992-10-09,0.0,-0.04496769189996157,0.4637935889946006
1992-10-12,0.0,-0.03216651592006428,0.4868029895180875
1992-10-13,0.0,-0.03695912153722475,0.4531323461261444
1992-10-14,0.0,-0.035349777852046134,0.45619014393200186
1992-10-15,0.0,-0.02509356759765672,0.45712987075330286
1992-10-16,0.0,-0.022043508288615895,0.4522939533471525
1992-10-19,0.0,-0.020558727021036664,0.4549329189396471
1992-10-20,0.0,-0.027881483244520305,0.4529589809056016
1992-10-21,0.0,-0.02490971285536284,0.4546710865318543
1992-10-22,0.0,-0.024982930490508995,0.4547076796757888
1992-10-23,0.0,-0.019048194970694474,0.44564917959941147
1992-10-26,0.0,-0.020619287202735703,0.4509640224397729
1992-10-27,0.0,-0.011834457647002796,0.450393778727594
1992-10-28,0.0,-0.011834457647002796,0.43855771348531175
1992-10-29,0.0,-0.013284328198734282,0.4397787706052636
1992-10-30,0.0,-0.01626052087178029,0.4457820049189816
1992-11-02,0.0,-0.014771317320312543,0.4515008102875403
1992-11-03,0.0,-0.011816976504784542,0.4489777719700962
1992-11-04,0.0,-0.004434597067865753,0.4489355718061119
1992-11-05,0.0,-0.008862687257845317,0.42414124938905734
1992-11-06,0.0,0.0,0.43517959317307187
1992-11-09,0.0,0.0,0.41831307343103247
1992-11-10,1.0,0.014947961435873148,0.44038417612964764
1992-11-11,1.0,0.0059790910560580095,0.43149319810979786
1992-11-12,1.0,0.0029850768434532774,0.4330888988893838
1992-11-13,0.0,0.0,0.43489687529393667
1992-11-16,0.0,0.0,0.44700116327497924
1992-11-17,1.0,0.0014869891215783665,0.4511231779561408
1992-11-18,1.0,0.0059171770280885185,0.44568561840696913
1992-11-19,1.0,0.011834457647002798,0.4533812308363879
1992-11-20,1.0,0.0029542118974313827,0.4507576435440667
1992-11-23,0.0,-0.0029806281381377893,0.45849320264529914
1992-11-24,0.0,-0.004474280394921077,0.4533460681565866
1992-11-25,0.0,-0.004474280394921077,0.44997546344248035
1992-11-26,0.0,-0.005961269516499334,0.44964952688732723
1992-11-27,0.0,0.0,0.45681330134903975
1992-11-30,0.0,-0.004474280394921077,0.44978262745841685
1992-12-01,0.0,-0.005961269516499334,0.45214135987345455
1992-12-02,0.0,-0.020958851020843522,0.45286663779642927
1992-12-03,0.0,-0.019476271060620803,0.44734944441901336
1992-12-04,0.0,-0.017964554975298773,0.43277904722800464
1992-12-07,0.0,-0.017991489793041566,0.4368373630960568
1992-12-08,0.0,-0.019476271060620803,0.43106138085299095
1992-12-09,0.0,-0.016529301951210582,0.4466861068359964
1992-12-10,0.0,-0.013503581034673546,0.4532399033144985
1992-12-11,0.0,-0.021021795142220624,0.45305055503179925
1992-12-14,0.0,-0.02250657640979986,0.4539633665447419
1992-12-15,0.0,-0.021021795142220624,0.4621809557575318
1992-12-16,0.0,-0.02690745291992438,0.4679180330601267
1992-12-17,0.0,-0.02682724223314419,0.5118740592980222
1992-12-18,0.0,-0.025393448088709247,0.5131984056278331
1992-12-21,0.0,-0.010502722199149288,0.4958212969630572
1992-12-22,0.0,-0.012030220276542124,0.471493623862653
1992-12-23,0.0,-0.012030220276542124,0.4765302311964381
1992-12-24,0.0,-0.005997019472374291,0.47943355627453815
1992-12-28,0.0,-0.014712771024812598,0.4814827489933425
1992-12-29,0.0,-0.01369575173885249,0.4815489657454126
1992-12-30,0.0,-0.005997019472374291,0.4793982758739219
1993-01-04,0.0,-0.0022718676943170187,0.4738161997358486
1993-01-05,1.0,0.003021150334176251,0.4656112413022635
1993-01-06,0.0,-0.003025720916536956,0.47322777273073535
1993-01-07,0.0,-0.0030303053491790963,0.4765538005645363
1993-01-08,0.0,-0.0030303053491790963,0.47280258783849266
1993-01-11,0.0,-0.0015163005179639638,0.47502748790520527
1993-01-12,0.0,-0.004542021434501009,0.46854954029645757
1993-01-13,1.0,0.006051455683355282,0.4865139655523658
1993-01-14,1.0,0.013564639034138492,0.49024066286847917
1993-01-15,1.0,0.004542021434500986,0.4963970573696735
1993-01-18,0.0,0.0,0.5045305854014014
1993-01-19,0.0,0.0,0.50641866951007
1993-01-20,1.0,0.00452830962474761,0.506052540468473
1993-01-21,0.0,0.0,0.4842451525542296
1993-01-22,1.0,0.006033200804167913,0.49170406370943476
1993-01-25,1.0,0.0015117160853219392,0.4904128296307935
1993-01-26,0.0,-0.0030120504699916095,0.4749250134864242
1993-01-27,1.0,0.0027186242389932425,0.4997973491560569
1993-01-28,1.0,0.0031772475476322276,0.4980583184382602
1993-01-29,0.0,-0.009063506153346964,0.4645870927865434
1993-02-01,1.0,0.0007578628631020225,0.4855139983101912
1993-02-02,0.0,-0.0030211503341762112,0.45695783802325557
1993-02-03,1.0,0.00302572091653689,0.4716392197301318
1993-02-04,0.0,-0.003039516017896704,0.4682421734485328
1993-02-05,1.0,0.002576344533332944,0.4602312837285456
1993-02-08,0.0,-0.0015186031771900162,0.45504453806344936
1993-02-09,0.0,-0.004562745558418173,0.45594203327881616
1993-02-10,0.0,-0.010614201241773428,0.4193417332092316
1993-02-11,0.0,-0.015083242211328476,0.28158055437587337
1993-02-12,0.0,-0.006060624611690958,0.27378906628841326
1993-02-15,0.0,0.0,0.4455222820233477
1993-02-16,0.0,-0.0015117160853219673,0.43160139549220033
1993-02-17,0.0,-0.003016593539425679,0.19806729389236577
1993-02-18,1.0,0.0015071592905713386,0.20079646433449946
1993-02-19,1.0,0.0015026298845350965,0.29790904828583936
1993-02-22,1.0,0.009022617599637552,0.3953350926857188
1993-02-23,1.0,0.006015055729761189,0.3403609849619594
1993-02-24,1.0,0.003012050469991621,0.3385000423376063
1993-02-25,1.0,0.009022617599637552,0.3793847074187989
1993-02-26,1.0,0.013564639034138492,0.277581093750657
1993-03-01,1.0,0.010550210895152392,0.4346627171742781
1993-03-02,1.0,0.01947627106062072,0.3852528735042416
1993-03-03,1.0,0.02388173200338738,0.33436378345590323
1993-03-04,1.0,0.028509057558353524,0.4473156441400849
1993-03-05,1.0,0.03465803858671035,0.4247068188709563
1993-03-08,1.0,0.034357374824195236,0.1267651659992835
1993-03-09,1.0,0.03593200922606337,0.27419995047666196
1993-03-10,1.0,0.031510483968185926,0.3997591624824237
1993-03-11,1.0,0.0284663415869577,0.4328581771544685
1993-03-12,1.0,0.0284663415869577,0.3484877673909818
1993-03-15,1.0,0.03425502455031889,0.42877004566411514
1993-03-16,1.0,0.02980846629782615,0.43088326033957297
1993-03-17,1.0,0.026827242233144276,0.3937299102237791
1993-03-18,1.0,0.02967576814611654,0.38282361517002567
1993-03-19,1.0,0.026668247082161273,0.36842667608412716
1993-03-22,1.0,0.019274132612866656,0.27673713359193797
1993-03-23,1.0,0.022239611927838358,0.25108608505565544
1993-03-24,1.0,0.03979891496181546,0.37234730052459375
1993-03-25,1.0,0.0496452304891653,0.250702942228284
1993-03-26,1.0,0.053909629275623,0.2779363221575391
1993-03-29,1.0,0.05682519157761839,0.2818585408642415
1993-03-30,1.0,0.05625130950198885,0.31402349176293376
1993-03-31,1.0,0.04893062347158013,0.14581932076985052
1993-04-01,1.0,0.06027649300526008,0.28053796329105923
1993-04-02,1.0,0.04152350279174557,0.3691589684648098
1993-04-05,1.0,0.0459191142647835,0.1535580454415179
1993-04-06,1.0,0.04879016416943205,0.2717658862614381
1993-04-07,1.0,0.0587982961359492,0.27768217444170107
1993-04-08,1.0,0.05600889404837065,0.20415648730078864
1993-04-13,1.0,0.05321168942730944,0.3869268907342932
1993-04-14,1.0,0.04718530738985547,0.3235373284182131
1993-04-15,1.0,0.0857869370178681,0.23342869003809932
1993-04-16,1.0,0.08455738802806297,0.374615444065411
1993-04-19,1.0,0.08085209662909497,0.36968617929926995
1993-04-20,1.0,0.08004270767353636,0.25364148043947315
1993-04-21,1.0,0.1189244952177439,0.3865035118111413
1993-04-22,1.0,0.09183841773794567,0.25627732286937377
1993-04-23,1.0,0.08048725091268655,0.24164436311910423
1993-04-26,1.0,0.07542984941163774,0.29607512945085246
1993-04-27,1.0,0.07116545062518022,0.2048107377110936
1993-04-28,1.0,0.06444999030665151,0.36553960779115663
1993-04-29,1.0,0.05988183302315294,0.3280643898386527
1993-04-30,1.0,0.07310425832861545,0.20567174606280503
1993-05-03,1.0,0.04293674849442822,0.5395415667979024
1993-05-04,1.0,0.05458380738559764,0.4471392876173458
1993-05-05,1.0,0.041214624303463177,0.48237693294026895
1993-05-06,1.0,0.05185336161025547,0.531356397715415
1993-05-07,1.0,0.052893684389224656,0.5272283742338502
1993-05-10,1.0,0.04772548480348912,0.5198584118055413
1993-05-11,1.0,0.05185336161025547,0.4235738962325039
1993-05-12,1.0,0.041045433243115166,0.4594481070116919
1993-05-13,0.0,0.0,0.39129231537753517
1993-05-14,0.0,-0.009640919266411032,0.3617317630556344
1993-05-17,0.0,-0.015765480109208602,0.4512593925136427
1993-05-18,0.0,-0.0013504390978714624,0.4022332328861773
1993-05-19,0.0,-0.03475611803528662,0.2273684541034319
1993-05-20,0.0,-0.006979894109417048,0.48825182342869006
1993-05-21,0.0,-0.00816658933306043,0.26755800155551557
1993-05-24,0.0,-0.021767568418205208,0.06371148432147769
1993-05-25,0.0,-0.025554939373127798,0.1977651318619635
1993-05-26,0.0,-0.005726858563253999,0.09177719528496525
1993-05-27,0.0,-0.008756855745433874,0.21860031578421626
1993-05-28,0.0,-0.01658587448265061,0.15831196904571773
1993-05-31,1.0,0.0014665691582681595,0.5162552420950266
1993-06-01,1.0,0.0006637902666565718,0.056524976039870195
1993-06-02,1.0,0.017609846739073478,0.21562152214803443
1993-06-03,1.0,0.029093914193707885,0.46173446287282843
1993-06-04,1.0,0.02478926674577007,0.49094511185861195
1993-06-07,1.0,0.03274686841908409,0.07720545551831796
1993-06-08,1.0,0.042692584301313376,0.3240663222511675
1993-06-09,1.0,0.06323908474237289,0.18347888229130196
1993-06-10,1.0,0.06243050568516859,0.3392237883064261
1993-06-11,1.0,0.06714461883372655,0.009013226971705769
1993-06-14,1.0,0.07670733061846664,0.1475421921466454
1993-06-15,1.0,0.06310167856268797,0.3532348245028853
1993-06-16,1.0,0.054124057213341424,0.251084513564492
1993-06-17,1.0,0.060244224931102375,0.3757434825297062
1993-06-18,1.0,0.05721068951198301,0.20605389783160602
1993-06-21,1.0,0.0644372604418237,0.16376322408959906
1993-06-22,1.0,0.060600706286086915,0.20173894800422076
1993-06-23,1.0,0.044027749483967975,0.3400842761684344
1993-06-24,1.0,0.040352801310683625,0.42468645968414237
1993-06-25,1.0,0.03597885458174533,0.28017295161472466
1993-06-28,1.0,0.04684697329678863,0.08462309986711336
1993-06-29,1.0,0.044769071791329065,0.3537820351544806
1993-06-30,1.0,0.03992235696057073,0.1970834789111499
1993-07-01,1.0,0.01918953600491255,0.4308073064121237
1993-07-02,1.0,0.0485446750310935,0.02078959761785719
1993-07-05,1.0,0.0404095383378767,0.43290430531669577
1993-07-06,1.0,0.027150989065950898,0.3604081422946105
1993-07-07,1.0,0.012629114399340845,0.3515063297823055
1993-07-08,0.0,-0.04691802559039565,0.07363256271038031
1993-07-09,0.0,-0.041417561815691166,0.0656064964488033
1993-07-12,0.0,-0.026613385299551175,0.3150482030295734
1993-07-13,0.0,-0.033805309074257106,0.12595404969602672
1993-07-14,0.0,-0.03646237253735496,0.012949361777256236
1993-07-15,0.0,-0.06903816647053979,0.3684009562570843
1993-07-16,0.0,-0.06273742731092513,0.2366044369668179
1993-07-19,0.0,-0.05356102029768492,0.32432845405530036
1993-07-20,0.0,-0.051830495582312154,0.2551935411118547
1993-07-21,0.0,-0.044428524320673075,0.2237301840386302
1993-07-22,0.0,-0.04623359879893771,0.29966052984906133
1993-07-23,0.0,-0.04397463278830243,0.10268439581312327
1993-07-26,0.0,-0.04924793483432694,0.38202660236790703
1993-07-27,0.0,-0.0574570550247872,0.28387206459260317
1993-07-28,0.0,-0.05685948251719348,0.3516278239385762
1993-07-29,0.0,-0.06707594954798783,0.3355660312397305
1993-07-30,0.0,-0.0987533706138397,0.4266795281917714
1993-08-02,0.0,-0.0803727951497139,0.023230151583250744
1993-08-03,0.0,-0.08027008140458193,0.07945141817362426
1993-08-04,0.0,-0.08259317404938785,0.20391329888854862
1993-08-05,0.0,-0.03387409762689384,1.5411208737605557e-07
1993-08-06,0.0,-0.028733345152667664,0.007602239924771038
1993-08-09,0.0,-0.05105330947116489,0.4217010140663991
1993-08-10,0.0,-0.0821556119502705,0.6901625254153376
1993-08-11,0.0,-0.07003547619729111,0.7241809633521551
1993-08-12,0.0,-0.037944180801818155,0.7199022793136153
1993-08-13,0.0,-0.055299544354948924,0.6918882030600226
1993-08-16,0.0,-0.07398470558962124,0.856723567378481
1993-08-17,0.0,-0.0753073849988775,0.6339880942649516
1993-08-18,0.0,-0.0704350807044138,0.7867893798871742
1993-08-19,0.0,-0.055393688962591246,0.6815354720572772
1993-08-20,0.0,-0.06252467302818034,0.7854458929687749
1993-08-23,0.0,-0.05461639863125471,0.7270535157558626
1993-08-24,0.0,-0.02091615025862838,0.6666165398815491
1993-08-25,0.0,-0.04751323936808225,0.7105569194876951
1993-08-26,0.0,-0.02942601972961907,0.7381994537428439
1993-08-27,0.0,-0.02942601972961907,0.7583825309395587
1993-08-30,0.0,-0.05033373683925396,0.8123004097020574
1993-08-31,0.0,-0.044231904500546454,0.7788016280068284
1993-09-01,0.0,-0.04980282248381825,0.7431197889328306
1993-09-02,0.0,-0.024596529354763273,0.6690578861093339
1993-09-03,0.0,-0.027330548993931312,0.718878025323952
1993-09-06,0.0,-0.03232829946788606,0.6193723765412572
1993-09-07,1.0,0.006673791188669178,0.5968427164511514
1993-09-08,1.0,0.012159063981015236,0.6223330039107772
1993-09-09,1.0,0.010809398433597364,0.7264939651988693
1993-09-10,1.0,0.025249948539032663,0.6537127827597998
1993-09-13,1.0,0.03670654889567755,0.7056705632854756
1993-09-14,1.0,0.06123788884529747,0.7434695135941114
1993-09-15,1.0,0.05100651491899495,0.730482163454304
1993-09-16,1.0,0.03508154850860878,0.8277945877575014
1993-09-17,1.0,0.039105667038836986,0.6471402292225811
1993-09-20,1.0,0.03875950233106872,0.7485280538668434
1993-09-21,1.0,0.012818940026009043,0.9703657139911104
1993-09-22,1.0,0.049797112195305984,0.8648441491489787
1993-09-23,1.0,0.03240261508120209,0.8369986071244785
1993-09-24,1.0,0.028070087318483237,0.749903537196106
1993-09-27,1.0,0.042253972980842304,0.6994402814176256
1993-09-28,1.0,0.03518817680199909,0.7645794257251556
1993-09-29,1.0,0.04777647933858585,0.702346051433503
1993-09-30,1.0,0.03917742404697819,0.7350043835349298
1993-10-01,1.0,0.03862549114496093,0.6988102562131074
1993-10-04,1.0,0.044864231449133284,0.7623502074345389
1993-10-05,1.0,0.027636092362038626,0.6307399752641386
1993-10-06,1.0,0.03439328011100477,0.7743319886861804
1993-10-07,1.0,0.038753394559731306,0.723570400475641
1993-10-08,1.0,0.0495924477368105,0.7805446325362771
1993-10-11,1.0,0.03981233610951814,0.7086923211125328
1993-10-12,1.0,0.0255561991853781,0.9184353348401142
1993-10-13,1.0,0.027281138245069655,0.6951971123838697
1993-10-14,1.0,0.0296517680501151,0.725325816424086
1993-10-15,1.0,0.022883674070777116,0.6688792101614398
1993-10-18,1.0,0.01879062290093852,0.800182002049142
1993-10-19,1.0,0.01506214596946099,0.7891399947341138
1993-10-20,1.0,0.01094365653050713,0.8448440546331819
1993-10-21,1.0,0.016347677474819723,0.7087155852491911
1993-10-22,1.0,0.02518889872605183,0.7054125880674141
1993-10-25,1.0,0.025101451427842175,0.7002660809348931
1993-10-26,1.0,0.02437838381269932,0.6768420629867358
1993-10-27,1.0,0.017426714472176388,0.6531392369186104
1993-10-28,1.0,0.022075951699199826,0.6196176329416015
1993-10-29,1.0,0.020757357259701886,0.5976734322187022
1993-11-01,1.0,0.0029745830478089866,0.4863689647614962
1993-11-02,1.0,0.020439463429548364,0.6156647659267631
1993-11-03,1.0,0.021624642256651862,0.7809647814876232
1993-11-04,1.0,0.005091114962249011,0.8010808259477494
1993-11-05,0.0,-0.0009283204698234175,0.8388710710669584
1993-11-08,1.0,0.0027934836922131573,0.5664388012909116
1993-11-09,1.0,0.00318218247846277,0.6060819226712129
1993-11-10,1.0,0.017999566288086962,0.6699052446064175
1993-11-11,1.0,0.016463987297844852,0.5643212108975301
1993-11-12,1.0,0.02694299268003473,0.5603834359775447
1993-11-15,1.0,0.029778549791274006,0.6361341325019415
1993-11-16,1.0,0.03282426757361429,0.6123752017194332
1993-11-17,1.0,0.02826673409540626,0.727161499034128
1993-11-18,1.0,0.025975486403260736,0.7138857872162676
1993-11-19,1.0,0.025344269661168047,0.6776209163465786
1993-11-22,1.0,0.026800094929936177,0.6760819942836743
1993-11-23,1.0,0.02573455321015451,0.5756976741077271
1993-11-24,1.0,0.02661928627527739,0.5412731135565192
1993-11-25,1.0,0.022116978205506645,0.5451318653930578
1993-11-26,1.0,0.025128923347505168,0.5013840040872533
1993-11-29,1.0,0.0468145339155625,0.5457968523902145
1993-11-30,1.0,0.04419369805327266,0.495938788421604
1993-12-01,1.0,0.03678515693954578,0.7973400643400379
1993-12-02,1.0,0.04379498627254159,0.5154607835207511
1993-12-03,1.0,0.0360927717715459,0.7307304570693982
1993-12-06,1.0,0.0456985015867093,0.4759831019983463
1993-12-07,1.0,0.04186989643092234,0.588204357680456
1993-12-08,1.0,0.018576385572935457,0.8464924670081987
1993-12-09,1.0,0.015940206623908517,0.5990255184852636
1993-12-10,1.0,0.008822060330695729,0.5998327486072021
1993-12-13,0.0,-0.005833187840784164,0.7647466431530313
1993-12-14,1.0,0.003610112224099572,0.5931359702643741
1993-12-15,0.0,-0.002842746455038793,0.6203238019429067
1993-12-16,1.0,0.010050335853501286,0.5795712787685406
1993-12-17,1.0,0.006172859107080796,0.6318138580100527
1993-12-20,1.0,0.0056323753609826945,0.644387506366546
1993-12-21,1.0,0.014340834760880447,0.539468408375161
1993-12-22,1.0,0.015918179503997796,0.6128807503806604
1993-12-23,1.0,0.003875473136315783,0.5501841713463788
1993-12-24,0.0,-0.012616412388888306,0.5679924648200174
1993-12-27,0.0,-0.016890098800729215,0.5794087199816493
1993-12-28,0.0,-0.014428013978488693,0.5244478017179699
1993-12-29,0.0,-0.015228065593238705,0.7788227946437354
1993-12-30,0.0,-0.03620658535089834,0.6896678643992209
1993-12-31,0.0,-0.03489937509076008,0.5128746754251099
1994-01-03,0.0,-0.031192115066463345,0.7012878063766329
1994-01-04,0.0,-0.0240263372036347,0.6116159656583491
1994-01-05,0.0,-0.01623537787096191,0.6950919274241868
1994-01-06,0.0,-0.004122654640994973,0.7422092829681735
1994-01-07,0.0,-0.0015511895561258037,0.6736228200404941
1994-01-10,0.0,-0.0130857664189066,0.7716846602132761
1994-01-11,0.0,-0.020150178032430976,0.7685523955878897
1994-01-12,0.0,-0.005709852003906603,0.6157954261416704
1994-01-13,0.0,-0.01876470458589902,0.7780151306860098
1994-01-14,0.0,-0.021249827832044817,0.6805297549562235
1994-01-17,0.0,-0.019202858253080393,0.6737744901814169
1994-01-18,0.0,-0.02340942910330765,0.6806981917699088
1994-01-19,0.0,-0.022669698268761158,0.610024538916233
1994-01-20,0.0,-0.011150122001240615,0.6161951864271463
1994-01-21,0.0,-0.004460193672361156,0.618048371608169
1994-01-24,0.0,-0.0030181769515998215,0.8225349988339352
1994-01-25,0.0,-0.007886476206915445,0.6806536242819845
1994-01-26,0.0,-0.01506743212211979,0.7698684003474444
1994-01-27,1.0,0.0011929221376231383,0.6707579697477284
1994-01-28,1.0,0.005286821724588475,0.8108499205479511
1994-01-31,0.0,-0.0003928501327286134,0.8354192289913152
1994-02-01,0.0,-0.01506743212211979,0.8050933546713931
1994-02-02,0.0,-0.01782484939281314,0.6305469397661203
1994-02-03,0.0,-0.024702295053977537,0.6733165827109656
1994-02-04,0.0,-0.024356317268174277,0.6082205014069532
1994-02-07,0.0,-0.00846565902454835,0.5028742823854342
1994-02-08,0.0,-0.00989780432726047,0.6622922539473102
1994-02-09,0.0,-0.01230865349877165,0.6702825113178988
1994-02-10,1.0,0.010525729041346136,0.6388557255193904
1994-02-11,1.0,0.009644281711736888,0.6012192316448294
1994-02-14,1.0,0.008164368554190242,0.7450908036775767
1994-02-15,1.0,0.0075198072491461255,0.6645518556084304
1994-02-16,1.0,0.003900668058512405,0.6325076350324194
1994-02-17,0.0,-0.002088228375654275,0.6283500361220814
1994-02-18,1.0,0.018239171586492492,0.6261029148155848
1994-02-21,1.0,0.020938407185170406,0.6097789884884219
1994-02-22,1.0,0.027591547286247832,0.6146712102355318
1994-02-23,1.0,0.021548336206202928,0.6727093929473954
1994-02-24,1.0,0.03705813108615184,0.6228348248507205
1994-02-25,1.0,0.031402606267122456,0.7075594544119282
1994-02-28,1.0,0.017012292638879913,0.6830860052640803
1994-03-01,1.0,0.01947901317083504,0.5717155941377392
1994-03-02,1.0,0.02171439144147554,0.6681342615637857
1994-03-03,1.0,0.03421026851863686,0.627538256424306
1994-03-04,1.0,0.03593200922606337,0.6374860826376736
1994-03-07,1.0,0.02828894769119747,0.5779936816284905
1994-03-08,1.0,0.0204785313435407,0.6387304153670389
1994-03-09,1.0,0.015427159144581384,0.6936278443192938
1994-03-10,0.0,-0.006744513244682995,0.8306763644157503
1994-03-11,0.0,-0.0018174742118327492,0.5853978824224617
1994-03-14,0.0,-0.0240345947485384,0.6065400088787075
1994-03-15,0.0,-0.020751152436658024,0.6007205619130457
1994-03-16,0.0,-0.017542012856889454,0.5650673847010428
1994-03-17,0.0,-0.00945136990936737,0.5606912625472518
1994-03-18,0.0,-0.023776430296349436,0.7217871582260995
1994-03-21,0.0,-0.029252542837437282,0.6585590248999291
1994-03-22,0.0,-0.04570122995822609,0.6909563615266083
1994-03-23,0.0,-0.03684627338596626,0.5423868932641879
1994-03-24,0.0,-0.04677534565032312,0.7203273415753626
1994-03-25,0.0,-0.05218119080416197,0.6020951857289824
1994-03-28,0.0,-0.03752243932308968,0.5308765807382824
1994-03-29,0.0,-0.02809689879022466,0.5447657307394378
1994-03-30,0.0,-0.02728395894846839,0.5811962694441057
1994-03-31,0.0,-0.039384409415233496,0.7075862401440224
1994-04-01,0.0,-0.03632975533670967,0.5074684120800682
1994-04-04,0.0,-0.02749224070442658,0.4777811575572607
1994-04-05,0.0,-0.02286865331526067,0.5413962950022851
1994-04-06,0.0,-0.021771351715954457,0.6002431935151985
1994-04-07,0.0,-0.026640108980355737,0.5697809782979664
1994-04-08,0.0,-0.002081166203824623,0.6062199064387715
1994-04-11,1.0,0.008687694500154539,0.4959566431295832
1994-04-12,1.0,0.0003955435479089008,0.6572114690144197
1994-04-13,1.0,0.009463793030950142,0.5900456250789908
1994-04-14,1.0,0.0031603924119247753,0.6276780960032964
1994-04-15,1.0,0.007376218902343867,0.5765100201781367
1994-04-18,1.0,0.016038203641279326,0.5559046609584317
1994-04-19,1.0,0.03278115359312175,0.5134443156027171
1994-04-20,1.0,0.024365612162357008,0.6449643725255019
1994-04-21,1.0,0.020389955703049176,0.6000772237737559
1994-04-22,1.0,0.03374451826089135,0.5651959725072941
1994-04-25,1.0,0.04086477435384813,0.665283855346812
1994-04-26,1.0,0.03351976553343216,0.6327649410960532
1994-04-27,1.0,0.027801423384336006,0.6122846101465045
1994-04-28,1.0,0.024569323630092895,0.6363723482889464
1994-04-29,1.0,0.023459564816174904,0.6178564510519186
1994-05-02,1.0,0.023092078305388834,0.5837809879998741
1994-05-03,1.0,0.029344521044415678,0.575867586544712
1994-05-04,1.0,0.01761117930928807,0.5956587252174412
1994-05-05,1.0,0.027680691800578857,0.5798197438491198
1994-05-06,0.0,-0.008105679103168596,0.8745436448299453
1994-05-09,0.0,-0.0015739772399534335,0.5484883223768201
1994-05-10,1.0,0.005652331841385031,0.5500449806042422
1994-05-11,0.0,-0.0002616773533182689,0.6764368792141802
1994-05-12,1.0,0.007857557452295508,0.5624944527502783
1994-05-13,1.0,0.008103560225158252,0.5985356731674935
1994-05-16,1.0,0.0007821666413626987,0.6525339692745127
1994-05-17,0.0,0.0,0.6145699296503504
1994-05-18,1.0,0.012997323596249336,0.6229737840614011
1994-05-19,1.0,0.011726518740319158,0.5757041110362812
1994-05-20,1.0,0.010356079610091183,0.6317765025885087
1994-05-23,0.0,-0.0005134788302808838,0.6798569387884921
1994-05-24,1.0,0.015967638229422345,0.5342451123615783
1994-05-25,1.0,0.009012549738380385,0.5312960105408951
1994-05-26,1.0,0.01161303373766086,0.5355512024862562
1994-05-27,1.0,0.014403541191524464,0.6042531382600443
1994-05-30,0.0,-0.00103815218252097,0.5522928691971855
1994-05-31,0.0,-0.001550387907455197,0.5871016506354769
1994-06-01,1.0,0.003381457247263615,0.5213166695750738
1994-06-02,1.0,0.004410436517556167,0.5691484996803272
1994-06-03,1.0,0.016404481917863516,0.5125649018906638
1994-06-06,1.0,0.016404481917863516,0.5666442258607801
1994-06-07,1.0,0.012634489135997441,0.6024413229223161
1994-06-08,1.0,0.005220580899004926,0.5787688397131969
1994-06-09,1.0,0.0049447075374611064,0.5808993722019766
1994-06-10,0.0,-0.0015633145445483217,0.5690830665185741
1994-06-13,1.0,0.006494372741507368,0.5618242593705028
1994-06-14,1.0,0.0033753115259301364,0.5863204637967849
1994-06-15,0.0,-0.009080358149515258,0.6364441579117521
1994-06-16,0.0,-0.004674119130374582,0.5305259742916982
1994-06-17,0.0,-0.005035192356560828,0.6674422427977345
1994-06-20,0.0,-0.008510689667908506,0.5201724130254423
1994-06-21,0.0,-0.01932118193726223,0.7292085860004928
1994-06-22,0.0,-0.011602553776220267,0.5269081314974131
1994-06-23,0.0,-0.00759774435874664,0.5799103627743458
1994-06-24,0.0,-0.016218659024243458,0.6299700572894205
1994-06-27,1.0,0.0003894333793618547,0.5023757112529273
1994-06-28,0.0,-0.0005173305857746655,0.6189878859476136
1994-06-29,1.0,0.007502298802410134,0.5553725993772862
1994-06-30,1.0,0.0046487687026251015,0.6263512636904515
1994-07-01,0.0,-0.009341012393138736,0.6067349327789349
1994-07-04,0.0,-0.008298802814695066,0.5445425665767322
1994-07-05,0.0,-0.01802321217132185,0.5218140688559985
1994-07-06,0.0,-0.015479779127502107,0.529305291759962
1994-07-07,0.0,-0.01833952369961339,0.5616137612312649
1994-07-08,0.0,-0.013123547929807453,0.5250875099058286
1994-07-11,0.0,-0.02212276884156508,0.6323108702509616
1994-07-12,0.0,-0.01963156883264508,0.4998966201918797
1994-07-13,0.0,-0.015231386897463403,0.5191840362423454
1994-07-14,0.0,-0.016930649181607325,0.5714702677176486
1994-07-15,0.0,-0.02489972697002761,0.5995165537832491
1994-07-18,0.0,-0.023585999005879228,0.5438315764547215
1994-07-19,0.0,-0.027772285318557317,0.6135818788390088
1994-07-20,0.0,-0.02043560766898141,0.5580220502150516
1994-07-21,0.0,-0.014059070412820701,0.6142315428661436
1994-07-22,0.0,-0.0075550704548657385,0.6556192868407659
1994-07-25,0.0,-0.007686833497857957,0.6307539178445771
1994-07-26,0.0,-0.011449513574622292,0.6795663666262621
1994-07-27,0.0,-0.010102404271414291,0.6798120924455359
1994-07-28,0.0,-0.011402041121953975,0.6446563357399872
1994-07-29,1.0,0.0002606542436234586,0.6809582662886556
1994-08-01,1.0,0.008815198385168586,0.6823555380838918
1994-08-02,1.0,0.01957520420555345,0.6596940210110755
1994-08-03,1.0,0.02196741054987347,0.6806578153134992
1994-08-04,1.0,0.02377643029634946,0.6957270644711842
1994-08-05,1.0,0.023241678095391995,0.6977862783042409
1994-08-08,1.0,0.025096075925062616,0.693867566358183
1994-08-09,1.0,0.02609070509863797,0.7008203640394497
1994-08-10,1.0,0.032798358924297374,0.6850917220381181
1994-08-11,1.0,0.037029238637613565,0.6914792086509018
1994-08-12,1.0,0.03980236659607793,0.6708978550300166
1994-08-15,1.0,0.03670853389635084,0.692745837495738
1994-08-16,1.0,0.03779936508768448,0.6903729224064588
1994-08-17,1.0,0.03357504699361571,0.6935037054243968
1994-08-18,1.0,0.018444476641383555,0.7231138982580456
1994-08-19,1.0,0.02019224701176462,0.6929560420396836
1994-08-22,1.0,0.02045378748664357,0.6924818462199769
1994-08-23,1.0,0.03016081175217084,0.6985322871167355
1994-08-24,1.0,0.026462687376621195,0.7052352724711963
1994-08-25,1.0,0.031048035915558807,0.6934992567942695
1994-08-26,1.0,0.03281504382199611,0.6865809291411982
1994-08-29,1.0,0.022587574218594954,0.708430639805065
1994-08-30,1.0,0.028788129923628735,0.6733988032082282
1994-08-31,1.0,0.02377108733785422,0.6717462475904955
1994-09-01,1.0,0.022214624733774103,0.6662197558907075
1994-09-02,1.0,0.017527474870252222,0.6697516802508189
1994-09-05,1.0,0.022085534176568885,0.6532110890670761
1994-09-06,1.0,0.01203137513163965,0.6618573780925054
1994-09-07,1.0,0.006381642589520611,0.6692807650041385
1994-09-08,1.0,0.0006375518226795118,0.6655266208387107
1994-09-09,1.0,0.0029286326401012737,0.6628551420626652
1994-09-12,1.0,0.0014049430754680514,0.6383455372528823
1994-09-13,0.0,-0.00680231077011257,0.6281766382292785
1994-09-14,0.0,-0.006419331326115008,0.6227851748181081
1994-09-15,0.0,-0.004643971194450817,0.6340645889944612
1994-09-16,0.0,-0.006298626132362588,0.6512388680226202
1994-09-19,0.0,-0.0017955628782078215,0.6210539882052718
1994-09-20,0.0,-0.009055606809483802,0.6416307527005398
1994-09-21,0.0,-0.008018880874117347,0.612975167120424
1994-09-22,0.0,-0.010285151932335194,0.6216892292275193
1994-09-23,0.0,-0.013968481089536851,0.5910835321769078
1994-09-26,0.0,-0.015898586067798273,0.6028557025648534
1994-09-27,0.0,-0.02144888369221002,0.625698362438687
1994-09-28,0.0,-0.016939843397977185,0.5591416785106318
1994-09-29,0.0,-0.0178348676360342,0.6051753158115791
1994-09-30,0.0,-0.015979886219874322,0.5652216126450639
1994-10-03,0.0,-0.02947042230878193,0.5836525024163152
1994-10-04,0.0,-0.021605778714581848,0.5569849831243405
1994-10-05,0.0,-0.021865822923562626,0.5727587614183112
1994-10-06,0.0,-0.021256839025415152,0.5769167025298916
1994-10-07,0.0,-0.0240634399316352,0.5787273945001408
1994-10-10,0.0,-0.022588892055484193,0.577958090022723
1994-10-11,0.0,-0.010746526676937231,0.5541828441690393
1994-10-12,0.0,-0.010878118147183017,0.5702466222160152
1994-10-13,0.0,-0.003367442632985377,0.5486254497767394
1994-10-14,0.0,-0.0058196090532640415,0.5759558983343845
1994-10-17,0.0,-0.011360824489939693,0.5741560118774155
1994-10-18,0.0,-0.008104501811938959,0.5779064050706146
1994-10-19,0.0,-0.012214873826886323,0.6070219691142229
1994-10-20,0.0,-0.013492013208653519,0.5775473871510245
1994-10-21,0.0,-0.01624375022711638,0.5540008700334615
1994-10-24,0.0,-0.01602515555009254,0.5428455009018238
1994-10-25,0.0,-0.014472406624241986,0.5543000964162855
1994-10-26,0.0,-0.01019955908199576,0.5488823064537834
1994-10-27,0.0,-0.010855624826894887,0.5504555778745379
1994-10-28,0.0,-0.007242659699302924,0.5450775780548434
1994-10-31,0.0,-0.0036477372390953267,0.5263888286980616
1994-11-01,0.0,-0.004168843974033385,0.5480049133509912
1994-11-02,0.0,-0.008095095779380036,0.5393379689313988
1994-11-03,0.0,-0.009813621448324622,0.5336957160796781
1994-11-04,0.0,-0.019464054766803705,0.5479502766279075
1994-11-07,0.0,-0.017116941940697752,0.5315423706665409
1994-11-08,0.0,-0.01998488811191092,0.5641459501646723
1994-11-09,0.0,-0.018928009885518796,0.5708096700237777
1994-11-10,0.0,-0.020976123045816187,0.5922898527958093
1994-11-11,0.0,-0.019646997383796536,0.5848183034603673
1994-11-14,0.0,-0.019270439668014366,0.5943030321534685
1994-11-15,0.0,-0.021806700760023574,0.6267007154525812
1994-11-16,0.0,-0.01880441933262336,0.6108813657919594
1994-11-17,0.0,-0.0169606153070452,0.6055702190981834
1994-11-18,0.0,-0.014400039377382663,0.6018712298726066
1994-11-21,0.0,-0.009687207578396438,0.6120601818079624
1994-11-22,0.0,-0.0046966818234096775,0.6183775017310043
1994-11-23,0.0,-0.008863457400641496,0.6174571192447003
1994-11-24,0.0,-0.00887502562523283,0.6117373930997994
1994-11-25,0.0,-0.011488377006760168,0.6251034114265357
1994-11-28,0.0,-0.004185200982091674,0.5833098474822266
1994-11-29,0.0,-0.003924138456134258,0.5924375429080281
1994-11-30,1.0,0.006142605735088219,0.5697506478677985
1994-12-01,1.0,0.006944927343846464,0.5718707487335434
1994-12-02,1.0,0.017638998856757283,0.5176056741222249
1994-12-05,1.0,0.017116941940697707,0.5361736561807025
1994-12-06,1.0,0.00885839070928237,0.5518495476558212
1994-12-07,0.0,-0.0066569277918246805,0.5455294526868082
1994-12-08,0.0,-0.0070464959517427435,0.5542557240771847
1994-12-09,0.0,-0.017345331461773847,0.5564341227321477
1994-12-12,0.0,-0.01131459657997695,0.5552655017546032
1994-12-13,0.0,-0.01048380645931171,0.5738678308330106
1994-12-14,0.0,-0.008738305304958768,0.589476265548709
1994-12-15,1.0,0.0032840752011900187,0.5841908536626965
1994-12-16,0.0,-0.0006595001228286034,0.5675955066346164
1994-12-19,0.0,-0.006201774842354213,0.5998381855035078
1994-12-20,0.0,-0.004587464628185026,0.5987722494758849
1994-12-21,1.0,0.0013083869457755884,0.578090295639836
1994-12-22,1.0,0.006142605735088219,0.5694614467178587
1994-12-23,1.0,0.008888947417245994,0.565980047357127
1994-12-26,0.0,0.0,0.5652100058690193
1994-12-27,1.0,0.0006550933742301313,0.5569868984644996
1994-12-28,0.0,-0.006929491021592341,0.5742704921231326
1994-12-29,0.0,-0.0036630077587370352,0.5357869454256304
1994-12-30,0.0,-0.01300169342824013,0.5396641471992275
1995-01-02,0.0,-0.015789801732635195,0.529951203429785
1995-01-03,0.0,-0.012583780861388977,0.4913795467756889
1995-01-04,1.0,0.0050633019565466345,0.45969078744183556
1995-01-05,1.0,0.003994679080378443,0.5040563831726141
1995-01-06,1.0,0.012837833441577755,0.4406810056547053
1995-01-09,1.0,0.006405145997260215,0.5071803195149712
1995-01-10,0.0,0.0,0.5102544860507245
1995-01-11,0.0,0.0,0.5129570176141184
1995-01-12,0.0,-0.012537280681673089,0.5495682322112632
1995-01-13,0.0,-0.007017572658646535,0.48567485408275796
1995-01-16,0.0,-0.005707853818741025,0.47951893816206353
1995-01-17,0.0,-0.011362257262657608,0.5387993742924039
1995-01-18,0.0,-0.015549133937297899,0.5444719091092303
1995-01-19,0.0,-0.017348312601767054,0.5343430894485245
1995-01-20,0.0,-0.013627045252029842,0.5120804110655774
1995-01-23,0.0,-0.004729383486755119,0.44012854534203205
1995-01-24,0.0,-0.008021609190992663,0.49316085271164606
1995-01-25,0.0,-0.004075467417037327,0.49386947210261184
1995-01-26,0.0,-0.006178945577567229,0.4928153266033477
1995-01-27,0.0,-0.004371736445413191,0.44187176605929723
1995-01-30,0.0,-0.0013271402080624634,0.49305781652861
1995-01-31,1.0,0.005317747176469755,0.4665331986735136
1995-02-01,0.0,-0.0034615931250636584,0.4698476545315484
1995-02-02,1.0,0.0017260842100042155,0.4699975928675021
1995-02-03,1.0,0.0013278451028165118,0.45044235889716616
1995-02-06,1.0,0.008740619810734507,0.4572646168599603
1995-02-07,1.0,0.02529112673187023,0.45377905321371675
1995-02-08,1.0,0.01031891680368527,0.4667122180891983
1995-02-09,1.0,0.014502561366626901,0.4679475729603858
1995-02-10,1.0,0.015818943102975512,0.4692830815659847
1995-02-13,1.0,0.026664743909162365,0.45498761568715773
1995-02-14,1.0,0.024932402872237074,0.47500685592776565
1995-02-15,1.0,0.02569622243228746,0.47096045543900156
1995-02-16,1.0,0.018259949052219376,0.48206701572595356
1995-02-17,1.0,0.012324792170480227,0.48017699755491977
1995-02-20,1.0,0.008914584468846675,0.47312687136905296
1995-02-21,1.0,0.01259528589956183,0.473950093921223
1995-02-22,1.0,0.009309711243826221,0.4721067946534136
1995-02-23,1.0,0.012059393754462492,0.46918122604979084
1995-02-24,1.0,0.015022024479315143,0.42684210152611785
1995-02-27,1.0,0.014764307212906029,0.4512008146743747
1995-02-28,1.0,0.01369523643805567,0.45946511313632254
1995-03-01,1.0,0.019807857435379984,0.4365915371365928
1995-03-02,1.0,0.024893202065273103,0.4635433187536327
1995-03-03,1.0,0.0380155122597678,0.4606020465208196
1995-03-06,1.0,0.03319806940959583,0.46768451745721606
1995-03-07,1.0,0.020343176119369547,0.45184055778106585
1995-03-08,1.0,0.037457562534900415,0.4173896711570886
1995-03-09,1.0,0.03156461723657263,0.46335877375410295
1995-03-10,1.0,0.027349485862046823,0.4561750072998748
1995-03-13,1.0,0.010700804745281393,0.4686885691706725
1995-03-14,1.0,0.01159657371494061,0.48014841199457126
1995-03-15,1.0,0.010045158516775104,0.482737251379558
1995-03-16,1.0,0.013960929958943826,0.4557656648638983
1995-03-17,1.0,0.015002868057896357,0.4676951460539178
1995-03-20,1.0,0.028054857591330404,0.4809382866732402
1995-03-21,1.0,0.030052345066401837,0.4854873598374654
1995-03-22,1.0,0.029829930962198034,0.4962467349865731
1995-03-23,1.0,0.022545238321056222,0.4858717834456975
1995-03-24,1.0,0.020966213836570335,0.46202260530176686
1995-03-27,1.0,0.02161756565582971,0.46763871191825956
1995-03-28,1.0,0.02045378748664357,0.4660109499270312
1995-03-29,1.0,0.011182017436005276,0.43490174743031185
1995-03-30,1.0,0.0021973769586150827,0.4506945358060091
1995-03-31,0.0,-0.011046997378373266,0.4697383741124395
1995-04-03,0.0,-0.009998801415601897,0.4981026891535608
1995-04-04,0.0,-0.008447509597060643,0.5006394517514642
1995-04-05,0.0,-0.01147532673992871,0.5315976049304428
1995-04-06,0.0,-0.00904522378212289,0.5273927560207998
1995-04-07,0.0,-0.007408387440721888,0.5280092540792368
1995-04-10,0.0,-0.0005130836438880138,0.5022158713642577
1995-04-11,0.0,-0.01679409061296972,0.5365385056907596
1995-04-12,0.0,-0.016537844615411253,0.5383543648145133
1995-04-13,0.0,-0.014742281737203431,0.5251204817752502
1995-04-14,0.0,-0.01500286805789624,0.5082000051359193
1995-04-17,0.0,-0.022847868477070547,0.5255129974949486
1995-04-18,0.0,-0.026668247082161294,0.5452961874531677
1995-04-19,0.0,-0.028525639659518136,0.5119183238720506
1995-04-20,0.0,-0.02293619421317994,0.5073037077295537
1995-04-21,0.0,-0.01783223373162652,0.49529188019491627
1995-04-24,0.0,-0.021094279406316897,0.5167614089523636
1995-04-25,0.0,-0.017841455802501325,0.5093933340245564
1995-04-26,0.0,-0.006485948278795099,0.4594939287548535
1995-04-27,0.0,-0.005048227664866081,0.508748145522435
1995-04-28,0.0,-0.0028456881187716243,0.47052011813229405
1995-05-01,0.0,-0.0028383453450788274,0.5174174799939806
1995-05-02,0.0,-0.009038150615062147,0.5148928324839566
1995-05-03,0.0,-0.014466798417753264,0.5267377396835037
1995-05-04,0.0,-0.014566806075765734,0.5244378153805295
1995-05-05,0.0,-0.016546396114408942,0.5138938456012271
1995-05-08,0.0,-0.013173379189984152,0.5178057231840378
1995-05-09,1.0,0.0018222053720990138,0.44743473474850415
1995-05-10,1.0,0.0067515187647632854,0.5265730178946417
1995-05-11,1.0,0.004419609429784555,0.522614415711429
1995-05-12,1.0,0.012432172554795402,0.528434154852283
1995-05-15,1.0,0.005954710152032254,0.5447080256557542
1995-05-16,1.0,0.005184044787587919,0.5382572174563626
1995-05-17,1.0,0.011662695365577479,0.5290744013327551
1995-05-18,1.0,0.02012971195269262,0.5334175374950716
1995-05-19,1.0,0.01680711831638119,0.5290491991819368
1995-05-22,1.0,0.024290599969418385,0.5303436092821167
1995-05-23,1.0,0.019889587598856267,0.5523317487167542
1995-05-24,1.0,0.017544309650909525,0.5531017105994375
1995-05-25,1.0,0.012380864880498908,0.5509844760963762
1995-05-26,1.0,0.011078304721738548,0.5607986831625847
1995-05-29,1.0,0.0074656029587698205,0.5791809517378428
1995-05-30,1.0,0.010322672307418738,0.5568386309773847
1995-05-31,1.0,0.007776088949908263,0.5811725116599781
1995-06-01,1.0,0.007889842389601515,0.5883328878840739
1995-06-02,1.0,0.0026034901453962536,0.5844674865724715
1995-06-05,1.0,0.0010395011331048442,0.6029303340322669
1995-06-06,1.0,0.0016890798532760809,0.5830955875691445
1995-06-07,0.0,-0.005449604767564591,0.5877407527337286
1995-06-08,0.0,-0.0007785130794136867,0.5739614682290172
1995-06-09,0.0,-0.006714901264129151,0.5755727351152585
1995-06-12,0.0,-0.0029729227609401753,0.5736402415207611
1995-06-13,0.0,-0.003885511947027363,0.5746445709596163
1995-06-14,1.0,0.0028303119369892773,0.5871836715459468
1995-06-15,0.0,-0.005508244247868061,0.5837955036010677
1995-06-16,0.0,-0.002824497961990566,0.5689360123926613
1995-06-19,0.0,-0.00588914773368637,0.5794037454678542
1995-06-20,0.0,-0.002560820861673704,0.5754500353478735
1995-06-21,0.0,-0.0074445216105051325,0.5798778475284538
1995-06-22,0.0,-0.009271248485134278,0.579957191000554
1995-06-23,0.0,-0.009525107412338687,0.585379193918293
1995-06-26,0.0,-0.006432545015656149,0.5844452098709029
1995-06-27,0.0,-0.006439172281021201,0.5858538785838249
1995-06-28,0.0,-0.0010333248142393215,0.5602911515009037
1995-06-29,0.0,-0.012445065988351241,0.5734527115991488
1995-06-30,0.0,-0.002864212347368527,0.5354674345377056
1995-07-03,0.0,-0.006253277281631635,0.5700458743337257
1995-07-04,0.0,-0.004293247991663842,0.5742847046709357
1995-07-05,0.0,-0.0027359798188747488,0.566542761123613
1995-07-06,0.0,-0.002339182353172155,0.5771839060475344
1995-07-07,0.0,-0.004675333191713882,0.5829330852501626
1995-07-10,0.0,-0.004541039266256499,0.5802944263519025
1995-07-11,0.0,-0.0006490556468527718,0.5760555538292415
1995-07-12,0.0,-0.01110979002214962,0.5584417748206444
1995-07-13,0.0,-0.012278021768409008,0.5541563896103878
1995-07-14,0.0,-0.012679688573974675,0.5568998783705326
1995-07-17,0.0,-0.012143283179849898,0.5535305891970672
1995-07-18,0.0,-0.011086873909510053,0.5508603263998756
1995-07-19,0.0,-0.013750378796061443,0.5396055304053273
1995-07-20,0.0,-0.0045380953084879945,0.5599916166236815
1995-07-21,0.0,-0.0033683151421186348,0.5755685410422404
1995-07-24,0.0,-0.0064741906831950625,0.5724317402451451
1995-07-25,0.0,-0.009085072222470982,0.5715600366991197
1995-07-26,0.0,-0.008305264453560553,0.5694899571147433
1995-07-27,0.0,-0.00026092628980396156,0.5680751848658464
1995-07-28,0.0,-0.0002607901957667949,0.5825178261145176
1995-07-31,1.0,0.0018279153803568494,0.5868557939478913
1995-08-01,0.0,-0.002088228375654275,0.5735798358838232
1995-08-02,0.0,-0.0043145781777920115,0.5758863113163672
1995-08-03,0.0,-0.004041463033005196,0.5729244359205017
1995-08-04,0.0,-0.007972335239732724,0.5732777438144195
1995-08-07,0.0,-0.011114857806296407,0.5748645997456471
1995-08-08,0.0,-0.012149865314023942,0.5720744711355397
1995-08-09,0.0,-0.011497382987959829,0.5751882400988612
1995-08-10,0.0,-0.00390879976505272,0.5835273119254448
1995-08-11,0.0,-0.00286869410447809,0.5872665778282703
1995-08-14,0.0,-0.0044288205776034295,0.5915984510359225
1995-08-15,0.0,-0.0007781092339161439,0.5794929171910186
1995-08-16,1.0,0.004171017517338104,0.586112859886208
1995-08-17,1.0,0.003243596745842199,0.5930298361620929
1995-08-18,0.0,-0.00025957170814151336,0.5868546323243918
1995-08-21,1.0,0.0022059309535699505,0.5779334253599623
1995-08-22,1.0,0.005720244406871192,0.5914154893146597
1995-08-23,1.0,0.003382337034877587,0.5948459255629682
1995-08-24,1.0,0.005984146906678763,0.5852625475561076
1995-08-25,1.0,0.0015637219761827589,0.5888767860002574
1995-08-28,0.0,-0.00026092628980396156,0.588022662905941
1995-08-29,1.0,0.003391160156070221,0.5867481739299472
1995-08-30,1.0,0.00522740343515173,0.5887053253625818
1995-08-31,1.0,0.0030000674689588036,0.5809128258960444
1995-09-01,1.0,0.007711952475600473,0.5699195264229625
1995-09-04,1.0,0.005899722127188322,0.5788030062874148
1995-09-05,1.0,0.005505322595355254,0.5930419181564196
1995-09-06,1.0,0.0068098744048628495,0.5882808323026825
1995-09-07,1.0,0.0010438414308981804,0.5863893057628252
1995-09-08,1.0,0.001304972128295292,0.5747031329257539
1995-09-11,1.0,0.004948571109054459,0.5812515520338494
1995-09-12,1.0,0.00025943702311811723,0.5606957192603326
1995-09-13,1.0,0.0019491917028373973,0.5514726311254986
1995-09-14,0.0,-0.0031136506732793584,0.5753460102544172
1995-09-15,0.0,-0.0018188909782717612,0.5774666112501975
1995-09-18,0.0,-0.0045469386555433535,0.5703470608590842
1995-09-19,0.0,-0.004156929862322936,0.5624161405977934
1995-09-20,0.0,-0.0024705818430932084,0.5710666914971968
1995-09-21,0.0,-0.008466348194212468,0.572473102756699
1995-09-22,0.0,-0.004960198134872531,0.5576041778728011
1995-09-25,0.0,-0.0005220569160594852,0.5962842072720627
1995-09-26,0.0,-0.0033911601560703093,0.5814634649520034
1995-09-27,0.0,-0.001565353828637219,0.5770617782386428
1995-09-28,0.0,-0.0016945842548284423,0.5819155510980357
1995-09-29,0.0,-0.0026075634070808302,0.5791455006496037
1995-10-02,0.0,0.0,0.5748674822532209
1995-10-03,1.0,0.001306335914055457,0.5809786361915845
1995-10-04,0.0,-0.00156739844001288,0.5869568631746552
1995-10-05,0.0,-0.001304972128295239,0.5840377630674372
1995-10-06,0.0,-0.0020887736053914648,0.5854723667673076
1995-10-09,0.0,-0.0057321678580438745,0.566738008893292
1995-10-10,0.0,0.0,0.5515219301322378
1995-10-11,0.0,-0.00012982797811149767,0.5443796805794967
1995-10-12,1.0,0.00440814923592511,0.5510512057507017
1995-10-13,1.0,0.01292007636510429,0.5482491367047473
1995-10-16,1.0,0.008815198385168586,0.5551794130723212
1995-10-17,1.0,0.004934434112971627,0.5540007079297571
1995-10-18,1.0,0.005712075767264221,0.5455340545077422
1995-10-19,1.0,0.009762524655659079,0.5527346962137285
1995-10-20,1.0,0.013517232067852311,0.5734804388097013
1995-10-23,1.0,0.01013127252582133,0.5505602899834894
1995-10-24,1.0,0.007808472782525616,0.5613883910928938
1995-10-25,0.0,-0.0028761949491754885,0.5552948027367721
1995-10-26,0.0,-0.00039146604532017495,0.5525731426817061
1995-10-27,1.0,0.0026075634070807695,0.557152656434463
1995-10-30,1.0,0.007293598365521304,0.5666888108939789
1995-10-31,1.0,0.015030083405638073,0.5562540741753131
1995-11-01,1.0,0.017107726723917433,0.5579197393004707
1995-11-02,1.0,0.012715884325302714,0.552066127116621
1995-11-03,1.0,0.01040050976807812,0.5562063533858755
1995-11-06,1.0,0.009103977562757553,0.557939069807072
1995-11-07,1.0,0.004271021829348368,0.5035005493248993
1995-11-08,1.0,0.009819200340838318,0.5037121148095179
1995-11-09,1.0,0.006704511963031238,0.4871993904081489
1995-11-10,1.0,0.0012828738128891231,0.5000052128616616
1995-11-13,1.0,0.0030927859704443757,0.5042765821332728
1995-11-14,1.0,0.007484871696870591,0.5178218245057479
1995-11-15,1.0,0.0009057385622752719,0.5374821691811305
1995-11-16,1.0,0.0005180005295831189,0.5403519987757471
1995-11-17,0.0,-0.0020677184932299314,0.53027990052331
1995-11-20,1.0,0.003096776668393484,0.535133773849637
1995-11-21,1.0,0.005171979462701235,0.5344302011846292
1995-11-22,1.0,0.016361876503439447,0.5562214317067784
1995-11-23,1.0,0.012838145593544603,0.570663557754184
1995-11-24,1.0,0.009073296205674755,0.5651221906686167
1995-11-27,1.0,0.0069830879911615025,0.5471547646647472
1995-11-28,0.0,-0.001930875286136162,0.5067938538560248
1995-11-29,0.0,-0.005282496339785535,0.4935523698531642
1995-11-30,0.0,-0.0016775279758189385,0.5188534044281886
1995-12-01,1.0,0.0012924908093718776,0.535263577626088
1995-12-04,1.0,0.012991371859948884,0.5429184420355306
1995-12-05,1.0,0.020832755469907267,0.5438207482111866
1995-12-06,1.0,0.013028668136232185,0.523988409998143
1995-12-07,1.0,0.018335120205881447,0.5167590475216576
1995-12-08,1.0,0.017663589047430355,0.5323309622845522
1995-12-11,1.0,0.019620963253049555,0.5306822026482646
1995-12-12,1.0,0.02764218090459822,0.5339311842765915
1995-12-13,1.0,0.03157085011563297,0.5481120884220871
1995-12-14,1.0,0.025816130201975217,0.5643374114835797
1995-12-15,1.0,0.024282343227003997,0.5662577406383371
1995-12-18,1.0,0.02669536940383363,0.552852340762593
1995-12-19,1.0,0.030732577389416257,0.5462790903069518
1995-12-20,1.0,0.02367426335947681,0.5328489118603665
1995-12-21,1.0,0.029830224766151856,0.5296967971023391
1995-12-22,1.0,0.04070843968605234,0.5464679171772812
1995-12-25,1.0,0.039171148086730126,0.5496044796582287
1995-12-26,1.0,0.03941396854087663,0.5386574554764747
1995-12-27,1.0,0.04989068349194398,0.5359471661220415
1995-12-28,1.0,0.04803343431355178,0.540696879204274
1995-12-29,1.0,0.04840874541007867,0.5357768334454361
1996-01-02,1.0,0.03379931002745685,0.5261755019165665
1996-01-03,1.0,0.02744683269104119,0.5737042887190508
1996-01-04,1.0,0.043701094661960684,0.5672858329999988
1996-01-05,1.0,0.04731111409911361,0.5558441820735426
1996-01-08,1.0,0.041934865413692575,0.5612069651191569
1996-01-09,1.0,0.03982225194641544,0.5516482083164199
1996-01-10,1.0,0.023239612011171723,0.5003689828756769
1996-01-11,1.0,0.025486966608493908,0.5078747572114373
1996-01-12,1.0,0.023688927195325133,0.49624794831061353
1996-01-15,1.0,0.013544225107757253,0.5104619032358708
1996-01-16,1.0,0.012465880700759555,0.5253143724217015
1996-01-17,1.0,0.011440065080016623,0.5210929334415946
1996-01-18,1.0,0.016219943866763474,0.5129038913271362
1996-01-19,1.0,0.012428695906955991,0.5219395490182145
1996-01-22,1.0,0.005559344727730804,0.48163778717093286
1996-01-23,0.0,-0.01021306672828865,0.48040978444586074
1996-01-24,0.0,-0.002853068982406399,0.48051537869955263
1996-01-25,0.0,-0.017355090364767404,0.450096626439437
1996-01-26,0.0,-0.019138150916014535,0.44960190019142565
1996-01-29,0.0,-0.015627255885699153,0.4671874273133282
1996-01-30,0.0,-0.012932286675490517,0.45570669385143164
1996-01-31,0.0,-0.013629253223025993,0.47296301192033774
1996-02-01,0.0,-0.02671421247023221,0.4519546211329155
1996-02-02,0.0,-0.04077185538414199,0.4239989902937012
1996-02-05,0.0,-0.04952119589311776,0.4209923966340819
1996-02-06,0.0,-0.0475482102044176,0.4334500870669113
1996-02-07,0.0,-0.039504233302219874,0.4078264183801617
1996-02-08,0.0,-0.03442402653293111,0.4475108626771341
1996-02-09,0.0,-0.02167228925450856,0.41164160415046624
1996-02-12,0.0,-0.014681234894832253,0.4217373921290851
1996-02-13,0.0,-0.017496072393758264,0.46759785640410045
1996-02-14,0.0,-0.01859415897519387,0.45594702679206206
1996-02-15,0.0,-0.021264090753441524,0.45598820871621915
1996-02-16,0.0,-0.021473983708805277,0.44468726001044884
1996-02-19,0.0,-0.025580033458627627,0.45528975639933067
1996-02-20,0.0,-0.010444944892133351,0.40385506168587226
1996-02-21,0.0,-0.016154630948329293,0.45313415993755596
1996-02-22,0.0,-0.004637471493461309,0.44235972749810143
1996-02-23,0.0,-0.000376482403894621,0.4571987008948857
1996-02-26,0.0,-0.002879140750843437,0.48418903690410614
1996-02-27,1.0,0.00187558667049467,0.466940143541055
1996-02-28,0.0,-0.001373197893830998,0.4841973292775709
1996-02-29,0.0,-0.010409575403966705,0.49006548972218206
1996-03-01,0.0,-0.008686401945934629,0.490464268797848
1996-03-04,1.0,0.002408570600906622,0.42912419481965414
1996-03-05,1.0,0.0017784557533099424,0.483170242824141
1996-03-06,1.0,0.002285425067896287,0.482689367681896
1996-03-07,0.0,-0.001012017796683848,0.4945459595806914
1996-03-08,0.0,-0.008980013548746604,0.49229868104590024
1996-03-11,1.0,0.0060491677844528085,0.48022482186731047
1996-03-12,0.0,-0.0053090757997667215,0.5044444399954842
1996-03-13,0.0,-0.00429185208154092,0.5102129998711089
1996-03-14,0.0,-0.00012643024228238558,0.5057398237326866
1996-03-15,0.0,-0.004173259297406501,0.521551376071172
1996-03-18,0.0,-0.005703798973305558,0.5145211076814487
1996-03-19,0.0,-0.009660682735658229,0.5171247904435532
1996-03-20,0.0,-0.012449347779199085,0.519434079450572
1996-03-21,0.0,-0.019152085175753605,0.5029578045540241
1996-03-22,0.0,-0.019314231455956513,0.5081987011530407
1996-03-25,0.0,-0.018216822543891096,0.5345807217652894
1996-03-26,0.0,-0.022614822660457307,0.5321375109232938
1996-03-27,0.0,-0.02402138257523813,0.5358573843895779
1996-03-28,0.0,-0.008228415310444066,0.516075041250362
1996-03-29,0.0,-0.012852502426488877,0.524708420137127
1996-04-01,0.0,-0.011076566236297308,0.5337170171021561
1996-04-02,0.0,-0.0058554138784495365,0.5301370807643079
1996-04-03,0.0,-0.0030483956033822844,0.5396845247886379
1996-04-04,0.0,-0.002534534369083714,0.5412831897722915
1996-04-05,0.0,-0.002798984015636477,0.5506290309554751
1996-04-08,0.0,-0.01188082731347112,0.5321488559384154
1996-04-09,0.0,-0.001699796180076021,0.5097212919958594
1996-04-10,0.0,-0.00558164584981584,0.5420405508066254
1996-04-11,0.0,-0.006596497343595613,0.5353026464593259
1996-04-12,0.0,-0.009933856524290737,0.5342860665311093
1996-04-15,0.0,-0.0048420074213283955,0.5359375398505475
1996-04-16,1.0,0.0010213201449505713,0.5120750708767102
1996-04-17,1.0,0.003954843452874408,0.5344362901605856
1996-04-18,1.0,0.0057460414752798505,0.5263683898526444
1996-04-19,1.0,0.00464713327384589,0.5365011638375842
1996-04-22,0.0,-0.002044729146908025,0.5378011778211482
1996-04-23,1.0,0.00038326413755636346,0.5395288045402887
1996-04-24,1.0,0.0025559119345442893,0.5356676512132219
1996-04-25,0.0,-0.0040759195391213,0.524638384805577
1996-04-26,1.0,0.001535705446428386,0.517486320339034
1996-04-29,1.0,0.0011515579290593816,0.5485765481401523
1996-04-30,0.0,-0.0003830683823896734,0.5464201071253922
1996-05-01,0.0,-0.004590088385402507,0.5359973820252135
1996-05-02,0.0,-0.007642375752038135,0.5445054609243019
1996-05-03,0.0,-0.003701580587456857,0.5300759456676387
1996-05-06,0.0,-0.006889539882080894,0.5270854401465733
1996-05-07,0.0,-0.01426988207705651,0.5239413100018611
1996-05-08,0.0,-0.016934336686885553,0.5159152752408912
1996-05-09,0.0,-0.017201964606557818,0.5238780404068849
1996-05-10,0.0,-0.013789766810641311,0.5248388885350076
1996-05-13,0.0,-0.014279524810350172,0.5418624530087746
1996-05-14,0.0,-0.018935324553174985,0.5121939503155925
1996-05-15,0.0,-0.020842128429284453,0.5040754371332645
1996-05-16,0.0,-0.020842128429284453,0.4926899784199919
1996-05-17,0.0,-0.019680357354564238,0.4871066018727468
1996-05-20,0.0,-0.015210398942280969,0.5015600072963671
1996-05-21,0.0,-0.015057230617532594,0.4995365945253311
1996-05-22,0.0,-0.018680092290431594,0.4987044241531322
1996-05-23,0.0,-0.018680092290431594,0.5093942267419344
1996-05-24,0.0,-0.015334364000106687,0.5116769754635532
1996-05-27,0.0,-0.015334364000106687,0.503785957557925
1996-05-28,0.0,-0.019473179654305256,0.48935048378353985
1996-05-29,0.0,-0.020659224102439488,0.49385512004689935
1996-05-30,0.0,-0.022760584238448768,0.500234527406759
1996-05-31,0.0,-0.027352797362833997,0.4968055846809108
1996-06-03,0.0,-0.02213539344973115,0.5038438252132901
1996-06-04,0.0,-0.016621600694403316,0.4689800262805242
1996-06-05,0.0,-0.011320139100025594,0.46662367237086183
1996-06-06,0.0,-0.013426519888571862,0.4594411393988075
1996-06-07,0.0,-0.00925630753337008,0.469010432413244
1996-06-10,0.0,-0.00976506685467994,0.4757052484339432
1996-06-11,0.0,-0.00430052138656611,0.45221175350317855
1996-06-12,0.0,-0.005605907386804417,0.4781964878193096
1996-06-13,0.0,-0.002864212347368527,0.48553552082213347
1996-06-14,0.0,-0.002992261388293436,0.4752470622401563
1996-06-17,0.0,-0.005078466543412495,0.48841712244502555
1996-06-18,0.0,-0.001557228448606431,0.48237783922226746
1996-06-19,0.0,-0.0019524900442917782,0.4859387695710147
1996-06-20,0.0,-0.0016919376717910958,0.48894602708941093
1996-06-21,0.0,-0.0002597402612006013,0.4823546253857223
1996-06-24,0.0,-0.00051954800493269,0.4830121068245939
1996-06-25,1.0,0.0016914973781269253,0.47961741147237974
1996-06-26,1.0,0.005723965153347644,0.48105877992367513
1996-06-27,1.0,0.007168489478612497,0.47356795460354045
1996-06-28,1.0,0.012537711577693476,0.4396707626204684
1996-07-01,1.0,0.0067832245481041316,0.4723391516156424
1996-07-02,1.0,0.0071759718202862015,0.4526498824265916
1996-07-03,1.0,0.012871529197868081,0.45428088843046527
1996-07-04,1.0,0.011741817876683195,0.4300316361156884
1996-07-05,1.0,0.01507892862877873,0.4231986999830347
1996-07-08,1.0,0.018151671716504152,0.4117709939108383
1996-07-09,1.0,0.014778594096118683,0.4031692089761814
1996-07-10,1.0,0.014793937083814315,0.410246155311369
1996-07-11,1.0,0.013082240847940341,0.41127168185322677
1996-07-12,1.0,0.010369503155241343,0.41223722097518545
1996-07-15,1.0,0.012067881484322057,0.41388942069471013
1996-07-16,1.0,0.007246408520767253,0.40384730656139084
1996-07-17,1.0,0.007528592153637443,0.41686127138250684
1996-07-18,1.0,0.0071387155003229934,0.42219533704318873
1996-07-19,1.0,0.003759646614304295,0.4100797757043054
1996-07-22,1.0,0.006087707422095328,0.4115808972004979
1996-07-23,1.0,0.008028011522203908,0.40005201059808404
1996-07-24,1.0,0.003625538090192319,0.40339901943978895
1996-07-25,1.0,0.00647251450561752,0.40999792471884616
1996-07-26,1.0,0.008271987196204558,0.4047852802125667
1996-07-29,1.0,0.01253165421127812,0.40554613730483907
1996-07-30,1.0,0.011246967498103697,0.40442409724094364
1996-07-31,1.0,0.002837979200966807,0.39008257893337234
1996-08-01,1.0,0.007108269025412245,0.3949401019471041
1996-08-02,0.0,-0.002713004700043786,0.38688579095358666
1996-08-05,0.0,-0.005540180375615356,0.37509686156187444
1996-08-06,0.0,-0.005289993627774611,0.38214344779930887
1996-08-07,0.0,-0.006720976572719635,0.3884463929977239
1996-08-08,0.0,-0.007232370411981073,0.38561516828284675
1996-08-09,0.0,-0.00646832785642303,0.37303566279511025
1996-08-12,0.0,-0.010502527655684721,0.38336414622953446
1996-08-13,0.0,-0.01180222505662798,0.3891036062032865
1996-08-14,0.0,-0.009876623495911865,0.37441271467294873
1996-08-15,0.0,-0.010139174342573989,0.38675421559992296
1996-08-16,0.0,-0.009883045332210346,0.3861895192308653
1996-08-19,0.0,-0.009992945397518466,0.3736385086860309
1996-08-20,0.0,-0.01232741232128093,0.3695588754206284
1996-08-21,0.0,-0.009088610990560048,0.3741208357802002
1996-08-22,0.0,-0.012333814255608503,0.36613819367595496
1996-08-23,0.0,-0.018709133474808407,0.3546516195682031
1996-08-26,0.0,-0.020493583630315337,0.3359446720229194
1996-08-27,0.0,-0.015807533093650492,0.33465120496169615
1996-08-28,0.0,-0.014401805845536696,0.3369520586493888
1996-08-29,0.0,-0.017931873418548773,0.3396672235962566
1996-08-30,0.0,-0.015514293314075995,0.36701136317892524
1996-09-02,0.0,-0.02247285585205863,0.37332611366778656
1996-09-03,0.0,-0.020255511203897802,0.370697089841629
1996-09-04,0.0,-0.015026087900784175,0.3755925381399499
1996-09-05,0.0,-0.014623579568824674,0.3790263340962998
1996-09-06,0.0,-0.01261656867553018,0.37916063173550496
1996-09-09,0.0,-0.0077200252570616456,0.3693536745564296
1996-09-10,0.0,-0.004838824585604849,0.3879411632434313
1996-09-11,0.0,-0.0039256789488849005,0.3885332306268182
1996-09-12,0.0,-0.001699902338080843,0.39266114885425657
1996-09-13,0.0,-0.0034035901426344374,0.3950561395757551
1996-09-16,0.0,-0.00418246590616171,0.3971441766682517
1996-09-17,0.0,-0.004449104433981108,0.392664465588246
1996-09-18,0.0,-0.005755411570620763,0.39598523291141274
1996-09-19,0.0,-0.005633079675744005,0.3981021503884945
1996-09-20,0.0,-0.0023634464783111133,0.39376170354142703
1996-09-23,1.0,0.000916890495828226,0.4159159563898159
1996-09-24,1.0,0.0029992850285943265,0.4000818529107669
1996-09-25,1.0,0.0032617942677549408,0.3903854375142187
1996-09-26,1.0,0.00470896880616571,0.40608368581942883
1996-09-27,1.0,0.006025692845731996,0.41227833189102686
1996-09-30,1.0,0.012735680574200287,0.4235415776104546
1996-10-01,1.0,0.005003960928642557,0.4363341974400201
1996-10-02,1.0,0.0018413789235550112,0.42670212414830005
1996-10-03,0.0,-0.005539449670166708,0.4291869357448948
1996-10-04,0.0,-0.0057205528562297055,0.42729604829798223
1996-10-07,0.0,-0.005135982844472413,0.41667457996302965
1996-10-08,0.0,-0.006972336342739698,0.41254282516239743
1996-10-09,0.0,-0.00882339299066001,0.403103516723948
1996-10-10,0.0,-0.007619584946631237,0.4014638026527996
1996-10-11,0.0,-0.005918344361205096,0.4043439352087746
1996-10-14,0.0,-0.0006550933742301113,0.41258318110503284
1996-10-15,1.0,0.003665405334308677,0.4194422634936363
1996-10-16,1.0,0.005103053272320615,0.4124301971267945
1996-10-17,1.0,0.0020997383042694736,0.4214593413994564
1996-10-18,0.0,-0.0015787399674279906,0.41812338166969815
1996-10-21,0.0,-0.007358771709181203,0.39762020133125725
1996-10-22,0.0,-0.015351610285688357,0.3836137308882537
1996-10-23,0.0,-0.014432158133376873,0.3997624285282468
1996-10-24,0.0,-0.01419395626356433,0.39401436721013755
1996-10-25,0.0,-0.017123706078591514,0.39952192376647133
1996-10-28,0.0,-0.023095714794649395,0.3966779269819659
1996-10-29,0.0,-0.014421100620151981,0.4033469516404827
1996-10-30,0.0,-0.01896985982002976,0.42870200400158553
1996-10-31,0.0,-0.014118508359431138,0.42946835717109594
1996-11-01,0.0,-0.017602801497162854,0.44174073190588886
1996-11-04,0.0,-0.02811806610877168,0.43573130629985724
1996-11-05,0.0,-0.02635075222094905,0.43245891818945725
1996-11-06,0.0,-0.019150459051746227,0.4291940353689698
1996-11-07,0.0,-0.021999420651399464,0.41405964443213383
1996-11-08,0.0,-0.027006988997937336,0.42094233978939527
1996-11-11,0.0,-0.035484581925534275,0.4061854153564673
1996-11-12,0.0,-0.037273048820270514,0.4078291530929223
1996-11-13,0.0,-0.03777044710397351,0.3901797025139319
1996-11-14,0.0,-0.03142735339878949,0.39861826853643884
1996-11-15,0.0,-0.029529836235783462,0.4113241032615979
1996-11-18,0.0,-0.029445382137313722,0.42306660766835646
1996-11-19,0.0,-0.02571455466674064,0.4432814441068337
1996-11-20,0.0,-0.024210371282013098,0.44183348013523227
1996-11-21,0.0,-0.023435957112321736,0.43378956795275825
1996-11-22,0.0,-0.02094317384524325,0.46264521079761384
1996-11-25,0.0,-0.015201745626962864,0.45622040189198365
1996-11-26,0.0,-0.017069159801758264,0.46335677627266963
1996-11-27,0.0,-0.011584181265649363,0.4681340332797182
1996-11-28,0.0,-0.010517896314536425,0.47740379918598097
1996-11-29,0.0,-0.00553121140377322,0.4885905549902585
1996-12-02,1.0,0.005011862844497867,0.5029798532579238
1996-12-03,0.0,-0.0032582162954035844,0.5047062553878956
1996-12-04,0.0,-0.0031871245647324456,0.4982545705324226
1996-12-05,0.0,-0.014529415756220096,0.47744310480470625
1996-12-06,0.0,-0.02178317517149475,0.4686061919860564
1996-12-09,0.0,-0.028232956956783496,0.5208945670067623
1996-12-10,0.0,-0.026943210559578563,0.5161983751939591
1996-12-11,0.0,-0.03615682937089511,0.5145538383525803
1996-12-12,0.0,-0.03314612727312411,0.5199878873664142
1996-12-13,0.0,-0.026521650683772206,0.5119707824938886
1996-12-16,0.0,-0.026147079213942968,0.5143812302230195
1996-12-17,0.0,-0.04027947450152341,0.5111580494530364
1996-12-18,0.0,-0.04655869960619423,0.5143503687732529
1996-12-19,0.0,-0.03994726429052148,0.5084600787424275
1996-12-20,0.0,-0.035910501305770864,0.508504736994639
1996-12-23,0.0,-0.042648024713348345,0.5007167456418613
1996-12-24,0.0,-0.044205326649086954,0.5027248906513513
1996-12-25,0.0,-0.05014591275019551,0.5016779763726402
1996-12-26,0.0,-0.046758881732214284,0.49197102316568947
1996-12-27,0.0,-0.04779633999449763,0.47358524377360167
1996-12-30,0.0,-0.038005400060615126,0.4669492637753748
1996-12-31,0.0,-0.04009136674258951,0.459954111020791
1997-01-01,0.0,-0.05105839135515348,0.47454276290804637
1997-01-02,0.0,-0.05612103180942427,0.48633025233609
1997-01-03,0.0,-0.04721937634217357,0.4992344391765818
1997-01-06,0.0,-0.03207768645369457,0.5195066948949653
1997-01-07,0.0,-0.04153633626731675,0.5551731511924082
1997-01-08,0.0,-0.032419833192529966,0.5434153014303441
1997-01-09,0.0,-0.04314955085049079,0.5480105978881641
1997-01-10,0.0,-0.04879712701222159,0.559973180561011
1997-01-13,0.0,-0.05017846707030422,0.5501551813619261
1997-01-14,0.0,-0.04079256934112722,0.5363570222018695
1997-01-15,0.0,-0.02775758852194979,0.5552556927739062
1997-01-16,0.0,-0.03896690246648891,0.5850166086090853
1997-01-17,0.0,-0.029541927120254143,0.5937204429820739
1997-01-20,0.0,-0.026373895008198752,0.5863075971936621
1997-01-21,0.0,-0.020758028289950402,0.5776751229044258
1997-01-22,0.0,-0.01651743117646429,0.590431850082057
1997-01-23,0.0,-0.0035574566155267603,0.5785630374167965
1997-01-24,0.0,-0.00028384899424195256,0.6041622252219474
1997-01-27,0.0,-0.007890698965897218,0.607376671674163
1997-01-28,1.0,0.0028268570061530693,0.5810524799319362
1997-01-29,1.0,0.008504657922834358,0.5994746324998915
1997-01-30,1.0,0.03845809159090995,0.5963826340737044
1997-01-31,1.0,0.05398315393993718,0.6254979247054502
1997-02-03,1.0,0.042775947572695525,0.6368991086073263
1997-02-04,1.0,0.04181496541372779,0.6207897484773466
1997-02-05,1.0,0.024377461802276394,0.628227661917778
1997-02-06,1.0,0.027931559547505105,0.6184501180033807
1997-02-07,1.0,0.01954742613750052,0.6087357460843403
1997-02-10,1.0,0.030180617149991238,0.6212003720612791
1997-02-11,1.0,0.039520574257602616,0.6107355587291271
1997-02-12,1.0,0.027190051616818502,0.5760465061399803
1997-02-13,1.0,0.036707971673930556,0.5864020660890157
1997-02-14,1.0,0.02021719156951673,0.6241717440846438
1997-02-17,1.0,0.01011569319478798,0.6283353294378294
1997-02-18,1.0,0.012077788800631832,0.6273542363842476
1997-02-19,1.0,0.01936238330869555,0.6082621884244402
1997-02-20,1.0,0.0021359922681493055,0.6083116614570805
1997-02-21,1.0,0.0017018866680497263,0.636825174495409
1997-02-24,0.0,-0.009808878133503623,0.651491851065139
1997-02-25,0.0,-0.01923821356594294,0.641480482262414
1997-02-26,0.0,-0.01107022375424681,0.6223077187188205
1997-02-27,0.0,-0.031106707132254916,0.6007150484178913
1997-02-28,0.0,-0.03842312238505386,0.6244400383870828
1997-03-03,0.0,-0.029593352313239302,0.6283765999985257
1997-03-04,0.0,-0.01969398296835145,0.5862829574104405
1997-03-05,0.0,-0.011111225425070722,0.5353344079680289
1997-03-06,0.0,-0.009415190806173644,0.5915288657203146
1997-03-07,1.0,0.00014337945397001028,0.5382403858094572
1997-03-10,0.0,-0.009863563636044063,0.5772708649679384
1997-03-11,0.0,-0.014243226117842085,0.5641462789711396
1997-03-12,0.0,-0.012136937732516465,0.5494741863412507
1997-03-13,0.0,-0.014521895290427684,0.5508915589015727
1997-03-14,0.0,-0.015160473433231719,0.5381066337110636
1997-03-17,0.0,-0.004322773302004027,0.49901880228248463
1997-03-18,0.0,-0.02254756598489879,0.5366575997794554
1997-03-19,0.0,-0.030137094420238753,0.540870611581433
1997-03-20,0.0,-0.02579207880181148,0.5604497569848672
1997-03-21,0.0,-0.03284178203974104,0.5687487020280221
1997-03-24,0.0,-0.020494295014584767,0.5359535152246192
1997-03-25,0.0,-0.018002809092185407,0.5252841726257717
1997-03-26,0.0,-0.026024310952253573,0.5477826091833714
1997-03-27,0.0,-0.021484350811913723,0.5499545509108642
1997-03-28,0.0,-0.022554086001485542,0.5798675855547714
1997-03-31,0.0,-0.03358254501064465,0.5631525453339961
1997-04-01,0.0,-0.034690572081671915,0.5611754111068025
1997-04-02,0.0,-0.027741231417659665,0.5250661808313377
1997-04-03,0.0,-0.024373758456269976,0.53647522010028
1997-04-04,0.0,-0.024674691603999894,0.5311263311228986
1997-04-07,0.0,-0.01505311388430197,0.5317817844165657
1997-04-08,0.0,-0.02351342000343219,0.542094380867034
1997-04-09,0.0,-0.019144892207577282,0.5350777082581608
1997-04-10,0.0,-0.014153904686238644,0.5430296901075252
1997-04-11,1.0,0.003165470269117735,0.5117415538092122
1997-04-14,1.0,0.004035169043478501,0.5132799323578089
1997-04-15,1.0,0.021546636466857942,0.4568652501237929
1997-04-16,1.0,0.017184249165007114,0.4924856628905893
1997-04-17,1.0,0.014490907097586932,0.5018390931055389
1997-04-18,1.0,0.007585740241390765,0.5101751729017087
1997-04-21,0.0,-0.004237604061776363,0.5202362271484022
1997-04-22,1.0,0.005405813441982293,0.4935929886764984
1997-04-23,1.0,0.004676320081040998,0.5051604183253258
1997-04-24,1.0,0.005560447455190654,0.4773629838639915
1997-04-25,1.0,0.0018990583459146293,0.4827788629129471
1997-04-28,1.0,0.009814771528629087,0.4717251211621742
1997-04-29,1.0,0.012133764830966183,0.49817593237530794
1997-04-30,1.0,0.01563559287854959,0.48278808722973976
1997-05-01,1.0,0.015447698615892047,0.4824089379292028
1997-05-02,1.0,0.01284876780008527,0.4983853991462709
1997-05-05,1.0,0.004655908308831374,0.4888431527122231
1997-05-06,1.0,0.00819077271910484,0.46071382046957615
1997-05-07,0.0,-0.0005859089079287196,0.5094498125982498
1997-05-08,0.0,-0.0011643139140955462,0.49681114368857104
1997-05-09,0.0,-0.012722450047061379,0.5077081602792177
1997-05-12,0.0,-0.010409230896537872,0.5234550688446612
1997-05-13,0.0,-0.015716566025376057,0.5062714617978916
1997-05-14,0.0,-0.010472814577020276,0.4899065371100634
1997-05-15,0.0,-0.01741445836863654,0.4967257726723323
1997-05-16,0.0,-0.008757901547760483,0.47018371982687923
1997-05-19,1.0,0.0035082626247343192,0.44984434379102023
1997-05-20,0.0,-0.004088193750584663,0.49203496245524914
1997-05-21,0.0,-0.010847365230351878,0.49401391016587737
1997-05-22,0.0,-0.006147560344505183,0.4865091870467163
1997-05-23,0.0,-0.014405658498497629,0.4773654800430121
1997-05-26,0.0,-0.009520394134686808,0.4774544741770019
1997-05-27,0.0,-0.019218665315555262,0.45188783243918407
1997-05-28,0.0,-0.0219885728038659,0.4334166511388116
1997-05-29,0.0,-0.021930703493970118,0.43564742598468126
1997-05-30,0.0,-0.029743064102834733,0.4168613627346513
1997-06-02,0.0,-0.030957660867559855,0.4451784159811355
1997-06-03,0.0,-0.02686905069100137,0.4321853838337835
1997-06-04,0.0,-0.030043901568181094,0.4150135602058808
1997-06-05,0.0,-0.05415621767407079,0.4181447968253923
1997-06-06,0.0,-0.05733816142346951,0.4381885023276873
1997-06-09,0.0,-0.07873561286831206,0.42462778589689637
1997-06-10,0.0,-0.07293485975234223,0.433191690051323
1997-06-11,0.0,-0.07736827832832925,0.4289059609833166
1997-06-12,0.0,-0.06548563422238605,0.4190450122075365
1997-06-13,0.0,-0.059498222283433114,0.427117651117196
1997-06-16,0.0,-0.06854478444636335,0.408988897345699
1997-06-17,0.0,-0.0718708724792456,0.4117889392991827
1997-06-18,0.0,-0.0645286955901652,0.39735632735994597
1997-06-19,0.0,-0.050590344673579944,0.41238459703401936
1997-06-20,0.0,-0.02625216385951507,0.4056215255933084
1997-06-23,0.0,-0.04238686803884256,0.40289506458020896
1997-06-24,0.0,-0.037119530095264884,0.3975640434077832
1997-06-25,0.0,-0.04346864385077787,0.4047388538465718
1997-06-26,0.0,-0.044957164739228866,0.41041983349828565
1997-06-27,0.0,-0.025888963862118336,0.3882082882475786
1997-06-30,0.0,-0.016058783326732873,0.41705061499737395
1997-07-01,0.0,-0.024845998586530776,0.42740993907687946
1997-07-02,0.0,-0.015520701091777077,0.40637276969140956
1997-07-03,0.0,-0.002154509913137044,0.34337234201208655
1997-07-04,1.0,0.0007701194065642521,0.4428387667010817
1997-07-07,1.0,0.018537800115789337,0.36333273500240904
1997-07-08,1.0,0.0024980496987250956,0.44792739969310597
1997-07-09,1.0,0.0009422111249812828,0.4397381117063213
1997-07-10,1.0,0.006387807028720124,0.458940244296043
1997-07-11,1.0,0.017887909498452332,0.46868689839025995
1997-07-14,1.0,0.026219885753012647,0.4689390794171988
1997-07-15,1.0,0.027904461282408505,0.4564246588108869
1997-07-16,1.0,0.02729274693392533,0.43872449057032126
1997-07-17,1.0,0.002159828053429938,0.4587968200786382
1997-07-18,0.0,-0.008855019692795542,0.4592597903649784
1997-07-21,0.0,-0.012981174404714807,0.5173428231647961
1997-07-22,0.0,-0.006168099740647773,0.4937494723194946
1997-07-23,0.0,-0.004810312634960813,0.5271442693535382
1997-07-24,1.0,0.001544974506245064,0.4396007046841084
1997-07-25,0.0,-0.0038417258159987575,0.49955653368910324
1997-07-28,0.0,-0.012030818736111885,0.4986300876639098
1997-07-29,0.0,-0.0001534095270324724,0.5032487579242172
1997-07-30,0.0,-0.0018419038208150435,0.5077099440157137
1997-07-31,0.0,-0.0018504245835113508,0.4640667653931873
1997-08-01,0.0,-0.001849283929704332,0.48088946001171806
1997-08-04,1.0,0.0018504245835114636,0.4669382856435232
1997-08-05,1.0,0.005752950640955361,0.40579918504513207
1997-08-06,1.0,0.01077209698191104,0.4382144805603918
1997-08-07,0.0,-0.0018653821668972535,0.4283018263571412
1997-08-08,0.0,-0.014160618337497021,0.40533245082743985
1997-08-11,0.0,-0.019988365354289404,0.4350957040886278
1997-08-12,0.0,-0.01711552072954771,0.4337731319262082
1997-08-13,0.0,-0.01665933947104297,0.42957886470129447
1997-08-14,0.0,-0.0006166178706241524,0.4082653446437981
1997-08-15,0.0,-0.00707913082546377,0.4350655401812839
1997-08-18,1.0,0.006202531902298789,0.40615103752573384
1997-08-19,0.0,-0.007764014156221097,0.4736857985846808
1997-08-20,0.0,-0.0037400698108520877,0.4698127050525929
1997-08-21,0.0,-0.010022891223041681,0.4571711402886875
1997-08-22,0.0,-0.012081931354184535,0.4154162195729947
1997-08-25,0.0,-0.011616331351013056,0.4891507562220437
1997-08-26,0.0,-0.012194331859323362,0.46274720809259423
1997-08-27,0.0,-0.006782822366429383,0.4689253226588906
1997-08-28,1.0,0.00982959841978157,0.44375997456050315
1997-08-29,1.0,0.007988980883326821,0.45185133603703576
1997-09-01,1.0,0.011335905703427905,0.476848869152908
1997-09-02,1.0,0.036384255328589875,0.43036752696934466
1997-09-03,1.0,0.03584066417005106,0.44889610631468224
1997-09-04,1.0,0.03094609687010531,0.439903030798382
1997-09-05,1.0,0.037424507377808565,0.4565295879282428
1997-09-08,1.0,0.03239397074623772,0.450698640431652
1997-09-09,1.0,0.030479425009726384,0.4511453261486441
1997-09-10,1.0,0.03605094847112246,0.451187569535109
1997-09-11,1.0,0.010736299447256058,0.3992578640510001
1997-09-12,1.0,0.018059872545561125,0.43000388559250985
1997-09-15,1.0,0.015340076848487493,0.4162585528654665
1997-09-16,1.0,0.02219915424399863,0.4011303999856752
1997-09-17,1.0,0.015799585164149598,0.429301461420158
1997-09-18,1.0,0.016086967183517552,0.43121016733746614
1997-09-19,1.0,0.013620393196090305,0.4093994923724936
1997-09-22,1.0,0.008377337233731989,0.4271477737508217
1997-09-23,1.0,0.0023268450737235265,0.416731085810923
1997-09-24,0.0,-0.002477932195580466,0.3789360266782328
1997-09-25,0.0,-0.010756096324228557,0.30958145803840503
1997-09-26,0.0,-0.05585407560658581,0.3406392617418341
1997-09-29,0.0,-0.05356468191315304,0.312837728046442
1997-09-30,0.0,-0.05563819597152366,0.2916798191058344
1997-10-01,0.0,-0.06147704495091851,0.30685615134806515
1997-10-02,0.0,-0.04694392864567047,0.34120009399674067
1997-10-03,0.0,-0.07244385865590473,0.33117565158783735
1997-10-06,0.0,-0.05883138774140035,0.35260691671548244
1997-10-07,0.0,-0.054243231127282125,0.3589119620595562
1997-10-08,0.0,-0.060934122069788176,0.34018186007961193
1997-10-09,0.0,-0.04780666626871854,0.2717003207580736
1997-10-10,0.0,-0.06065306147459199,0.35960318415942355
1997-10-13,0.0,-0.05781232185928993,0.3475414353379267
1997-10-14,0.0,-0.05854947804872049,0.3470952319402747
1997-10-15,0.0,-0.05723977749484894,0.32944571379000775
1997-10-16,0.0,-0.056337369804815005,0.32965769356892033
1997-10-17,0.0,-0.06970686300430773,0.3255555539062852
1997-10-20,0.0,-0.06312852641015484,0.3513422269619039
1997-10-21,0.0,-0.052321337198979384,0.3490060550095175
1997-10-22,0.0,-0.059084871261654875,0.3495999506997128
1997-10-23,0.0,-0.06576487659422509,0.3546695611744801
1997-10-24,0.0,-0.01319344815528017,0.23449076185217932
1997-10-27,0.0,-0.02697319784279627,0.38168782360492753
1997-10-28,0.0,-0.055904075756852675,0.3871212673387599
1997-10-29,0.0,-0.05669932647880515,0.4100506386096398
1997-10-30,0.0,-0.06532934759238901,0.4104113413303645
1997-10-31,0.0,-0.04750667289745485,0.37519079174891073
1997-11-03,0.0,-0.06625156998468638,0.45299736300132876
1997-11-04,0.0,-0.0671857550499234,0.43749455543412075
1997-11-05,0.0,-0.0706914679885839,0.4843765838665805
1997-11-06,0.0,-0.08862748601376547,0.4571037432986456
1997-11-07,0.0,-0.07355026493554813,0.4442979670397477
1997-11-10,0.0,-0.0751755393194287,0.481334466641593
1997-11-11,0.0,-0.08974856469479417,0.43352732344123845
1997-11-12,0.0,-0.06817953268652305,0.4618677711452521
1997-11-13,0.0,-0.08130161665013293,0.5028466388552325
1997-11-14,0.0,-0.06997053259914209,0.3978191024292113
1997-11-17,0.0,-0.06844058978575189,0.5063040098119992
1997-11-18,0.0,-0.07208803557792821,0.5005786236650238
1997-11-19,0.0,-0.053382036312056146,0.5005701943066742
1997-11-20,0.0,-0.05441559263767299,0.5359397727276423
1997-11-21,0.0,-0.05354814521398014,0.4811015159085327
1997-11-24,0.0,-0.037683180227309786,0.4571269545369445
1997-11-25,0.0,-0.017195298930075716,0.4631424019443984
1997-11-26,0.0,-0.000337268131358965,0.47507711479679055
1997-11-27,0.0,0.0,0.5150607435281295
1997-11-28,0.0,-0.007943927518777337,0.5271327707569047
1997-12-01,0.0,-0.009243475605569642,0.4858217571409587
1997-12-02,0.0,-0.010960890692136026,0.5142948685747937
1997-12-03,0.0,-0.01066768547196088,0.4985024826692408
1997-12-04,1.0,0.009744291474678141,0.480623422384997
1997-12-05,0.0,0.0,0.5465786110264154
1997-12-08,0.0,-0.020021743632179095,0.5636635942402001
1997-12-09,0.0,-0.006742396017788009,0.4926834109905864
1997-12-10,0.0,-0.01315231585150536,0.5339415925256895
1997-12-11,0.0,-0.010265576875357443,0.5262087204302214
1997-12-12,0.0,-0.014960207773619456,0.5485402741740715
1997-12-15,0.0,-0.01993303227431027,0.5544241867720849
1997-12-16,0.0,-0.006336933721194584,0.5538252302051118
1997-12-17,0.0,-0.02352636597263967,0.5058845247750704
1997-12-18,0.0,-0.00017423120524956746,0.5404655832929789
1997-12-19,1.0,0.0037983471081321006,0.573151675137038
1997-12-22,0.0,-0.014505521130346637,0.6061065286186327
1997-12-23,0.0,-0.008881356414406225,0.5919608231532141
1997-12-24,0.0,-0.01221803761758536,0.6037692069924118
1997-12-25,0.0,-0.018739901050567085,0.646517593673749
1997-12-26,1.0,0.0167601688574651,0.6102592043853486
1997-12-29,1.0,0.02295043358691071,0.5272116004730499
1997-12-30,1.0,0.03485970566751861,0.5723728852554058
1997-12-31,1.0,0.05495721922688055,0.5273435351612699
1998-01-01,1.0,0.046123242716051845,0.5376004019468813
1998-01-02,1.0,0.04808781540375481,0.5499274683543606
1998-01-05,1.0,0.07235779098178496,0.40970227978310475
1998-01-06,1.0,0.050340374774802576,0.4607687063531105
1998-01-07,1.0,0.05444806572778675,0.4718939977329352
1998-01-08,1.0,0.06073972973023079,0.41366399119750613
1998-01-09,1.0,0.06764020155356959,0.448100650646632
1998-01-12,1.0,0.07428771512176238,0.5081843724924171
1998-01-13,1.0,0.05930455822012295,0.42446891227454303
1998-01-14,1.0,0.06549294206522675,0.448304287217416
1998-01-15,1.0,0.03979690055071865,0.44518986045111447
1998-01-16,1.0,0.03288431897790155,0.40960836801835987
1998-01-19,1.0,0.03721836189879114,0.43833867155487244
1998-01-20,1.0,0.02037767914235579,0.4618492138939387
1998-01-21,1.0,0.016929471538905137,0.5039017173053271
1998-01-22,1.0,0.02747798387148946,0.47243564137220745
1998-01-23,0.0,-0.007974844570496279,0.3857878092051069
1998-01-26,0.0,-0.012685159527315687,0.4086552086892214
1998-01-27,0.0,-0.03090679169503054,0.5098909428100586
1998-01-28,0.0,-0.04531693110556542,0.4011060247361297
1998-01-29,0.0,-0.026235736584358755,0.46694310303719944
1998-01-30,0.0,-0.010970854716882514,0.4422463366657113
1998-02-02,0.0,-0.011618387953865076,0.4789469409357712
1998-02-03,1.0,0.00842891032145221,0.3412490057079812
1998-02-04,0.0,-0.010418511311842052,0.4187190474097879
1998-02-05,0.0,-0.017735453469433664,0.3460541874481178
1998-02-06,0.0,-0.012487506178535144,0.36714299750555385
1998-02-09,0.0,-0.017339042252484803,0.3799356031369953
1998-02-10,0.0,-0.014921896455876544,0.398231141975235
1998-02-11,0.0,-0.020338544584682556,0.3648217575746666
1998-02-12,0.0,-0.013656117137393686,0.3709223220207864
1998-02-13,0.0,-0.01512125586127457,0.4054060210738698
1998-02-16,0.0,-0.013497758493820558,0.3864019258424688
1998-02-17,0.0,-0.018492341365632846,0.3826412960190482
1998-02-18,0.0,-0.021893110313592198,0.41026901748476313
1998-02-19,0.0,-0.025759770390352894,0.4158300605414834
1998-02-20,0.0,-0.01867626440422586,0.42397299655446197
1998-02-23,1.0,0.013525142777040831,0.36668857076909406
1998-02-24,1.0,0.026239338647535426,0.4033180153063045
1998-02-25,1.0,0.02537348572156099,0.42078848264058244
1998-02-26,1.0,0.022491716837168354,0.389897415998981
1998-02-27,1.0,0.010309369658861287,0.3366795664209153
1998-03-02,1.0,0.006323868636890888,0.4114237717771767
1998-03-03,1.0,0.010354133919083283,0.37071877215992444
1998-03-04,1.0,0.011254003047300743,0.38338909942524896
1998-03-05,1.0,0.029717623786020796,0.3667168155057463
1998-03-06,1.0,0.04580193265387393,0.38840489069443024
1998-03-09,1.0,0.04839386671470259,0.42411388788909954
1998-03-10,1.0,0.044598637800590424,0.4185517512288555
1998-03-11,1.0,0.0496873187947908,0.4164607441480758
1998-03-12,1.0,0.04611098768795115,0.4206858008441867
1998-03-13,1.0,0.041126671311318516,0.41641392653256926
1998-03-16,1.0,0.05550557554095627,0.41549596664407484
1998-03-17,1.0,0.0541573397761719,0.3791230016615844
1998-03-18,1.0,0.05296485468503981,0.34716122327167165
1998-03-19,1.0,0.05640467252834183,0.40791082875332535
1998-03-20,1.0,0.05339049389789755,0.4304529126900167
1998-03-23,1.0,0.03368322389764283,0.30978508978912606
1998-03-24,1.0,0.03770938595273807,0.35959944324153575
1998-03-25,1.0,0.04570731929932342,0.3922332841067132
1998-03-26,1.0,0.04161172409552504,0.3984507463709044
1998-03-27,1.0,0.03382986451840488,0.40246604699314587
1998-03-30,1.0,0.02700434119167495,0.421931970932994
1998-03-31,1.0,0.022993294139272487,0.4026801389871388
1998-04-01,1.0,0.03576496671335546,0.39519079315467087
1998-04-02,1.0,0.01445254257709051,0.37292903130553146
1998-04-03,0.0,-0.0196566525495516,0.34477756029772083
1998-04-06,0.0,-0.015324721165348854,0.32101633616240344
1998-04-07,0.0,-0.020070837736343886,0.39153505702641506
1998-04-08,0.0,-0.028517173330582245,0.39320963846302714
1998-04-09,0.0,-0.03212003043358359,0.3843863023047337
1998-04-10,0.0,-0.026005415450044093,0.4408235231955253
1998-04-13,0.0,-0.03532664971905633,0.41408404041514213
1998-04-14,0.0,-0.033817655539049266,0.3935094117919454
1998-04-15,0.0,-0.029059333831485415,0.3848313311461304
1998-04-16,0.0,-0.02997589391768599,0.37950024014272643
1998-04-17,0.0,-0.02134728025969813,0.38955026455500413
1998-04-20,0.0,-0.027656083603118276,0.37662719894451313
1998-04-21,0.0,-0.04038631577616165,0.31645408642640266
1998-04-22,0.0,-0.0452063591151805,0.36114181766561726
1998-04-23,0.0,-0.04094804396497528,0.38114765427128316
1998-04-24,0.0,-0.04180200439878799,0.3979042825030822
1998-04-27,0.0,-0.03249383347644622,0.3631433928517828
1998-04-28,0.0,-0.04109940486267375,0.34951819418682584
1998-04-29,0.0,-0.05430899102605703,0.3374496309436577
1998-04-30,0.0,-0.045022608661768694,0.3224248007911203
1998-05-01,0.0,-0.031252543504104426,0.3437546179635932
1998-05-04,0.0,-0.05365659423703514,0.38806520406203204
1998-05-05,0.0,-0.041048656105178084,0.4024008536453874
1998-05-06,0.0,-0.025594931444564248,0.3620225252247461
1998-05-07,0.0,-0.016880887017489674,0.353042298572511
1998-05-08,0.0,-0.027727896414872277,0.3760815993366812
1998-05-11,0.0,-0.011384686834301355,0.37717763652414626
1998-05-12,0.0,-0.014704904536876005,0.38033167990076067
1998-05-13,0.0,-0.01757692708107396,0.3534800913805007
1998-05-14,0.0,-0.04095436687692025,0.3660695773430508
1998-05-15,0.0,-0.051948673985012205,0.35785225979381047
1998-05-18,0.0,-0.05031862260352932,0.38725177116195775
1998-05-19,0.0,-0.03338753310771638,0.40934194540718716
1998-05-20,0.0,-0.02040715055116052,0.38861379165837195
1998-05-21,0.0,-0.027578677401829746,0.4194753665937453
1998-05-22,0.0,-0.003675246368798449,0.4263076507580874
1998-05-25,0.0,-0.013434291049127509,0.4419806396537051
1998-05-26,0.0,-0.0016931937672007022,0.3767244066068076
1998-05-27,0.0,-0.00340890052286816,0.39046738548382753
1998-05-28,1.0,0.0025551500146474893,0.42912587183975254
1998-05-29,1.0,0.0030674870678618796,0.3828749567033244
1998-06-01,1.0,0.017866821265629957,0.35601162254822727
1998-06-02,1.0,0.01972517617874035,0.35232201715888295
1998-06-03,1.0,0.011194146743152708,0.3560696986283931
1998-06-04,1.0,0.0005105948540851329,0.39622764445679326
1998-06-05,1.0,0.010573086217833705,0.3777163917723675
1998-06-08,0.0,-0.012538286928284277,0.30461505016266893
1998-06-09,1.0,0.004417268480555882,0.33608486221473977
1998-06-10,0.0,0.0,0.3501806196150191
1998-06-11,1.0,0.01743979278004957,0.34649764423554985
1998-06-12,1.0,0.016815859536917915,0.39135492766516433
1998-06-15,1.0,0.023591727273241915,0.43312569112679183
1998-06-16,1.0,0.015469541903281503,0.39744221334991325
1998-06-17,1.0,0.0010217984540253386,0.3809901501233926
1998-06-18,0.0,0.0,0.43052754599595655
1998-06-19,0.0,-0.01432810015407903,0.37448752333762125
1998-06-22,1.0,0.0010138561192889976,0.48212511713702016
1998-06-23,0.0,-0.00033898305409356725,0.4637604054636124
1998-06-24,1.0,0.00442930877467355,0.4551278584691995
1998-06-25,0.0,-0.00255515001464754,0.4543668339523321
1998-06-26,0.0,-0.008200968567100782,0.4795024209546122
1998-06-29,0.0,-0.011301490150469459,0.46979282651126175
1998-06-30,0.0,-0.017666503295203848,0.4106373072678344
1998-07-01,0.0,-0.02182524824130326,0.4394358354580279
1998-07-02,0.0,-0.01491413604560963,0.44559598013303126
1998-07-03,0.0,-0.028563538562893526,0.44347061805761023
1998-07-06,0.0,-0.03575528394505204,0.4598376800919664
1998-07-07,0.0,-0.022630830387662542,0.429634650395685
1998-07-08,0.0,-0.0182386335809035,0.42983204786887025
1998-07-09,0.0,-0.01639522443994475,0.41198249849743723
1998-07-10,0.0,-0.014545711002378975,0.4333048855466721
1998-07-13,0.0,-0.014505521130346637,0.3913915775932389
1998-07-14,0.0,-0.03188625708678255,0.4040070858859533
1998-07-15,0.0,-0.038165950462138894,0.445792260281839
1998-07-16,0.0,-0.027308990550867687,0.4381455835091114
1998-07-17,0.0,-0.036128724088505426,0.45093929664792304
1998-07-20,0.0,-0.0378637555001942,0.43542647546262153
1998-07-21,0.0,-0.0344921241680757,0.4611862367579669
1998-07-22,0.0,-0.03740695869483661,0.4544326364817332
1998-07-23,0.0,-0.027669065807676203,0.43675153539517325
1998-07-24,0.0,-0.023081284953738002,0.390146714628925
1998-07-27,0.0,-0.019826736420968154,0.44197027858396004
1998-07-28,0.0,-0.030273710683996365,0.42218253829887536
1998-07-29,0.0,-0.027260118882301926,0.4087533618111018
1998-07-30,0.0,-0.04576366057236287,0.411653422677984
1998-07-31,0.0,-0.043159337349602346,0.3943694173784156
1998-08-03,0.0,-0.026501103259288384,0.3811570468068198
1998-08-04,0.0,-0.03350101722585896,0.3315860251954641
1998-08-05,0.0,-0.027461679941387894,0.400704976082348
1998-08-06,0.0,-0.008387258672742095,0.4231813342873435
1998-08-07,1.0,0.0006974716934885836,0.41628663492671075
1998-08-10,1.0,0.0034728286335985767,0.402442895914103
1998-08-11,1.0,0.007368454391096377,0.3933971048728444
1998-08-12,1.0,0.00529101763441568,0.3922631029606658
1998-08-13,1.0,0.017714947455824196,0.397668521504627
1998-08-14,1.0,0.03357878645523273,0.4416803742093618
1998-08-17,1.0,0.018422488340467967,0.421460208411274
1998-08-18,1.0,0.017394768041441112,0.4303047577893337
1998-08-19,1.0,0.01575662850619045,0.38579490231291774
1998-08-20,1.0,0.02185310688901104,0.39028668773055425
1998-08-21,1.0,0.02308128495373809,0.4122499913006254
1998-08-24,1.0,0.014993307366696062,0.42546979625954473
1998-08-25,1.0,0.01681595063914973,0.41729949316340464
1998-08-26,1.0,0.026225279190089778,0.38900118250014726
1998-08-27,1.0,0.0616982048697778,0.3715759538356905
1998-08-28,1.0,0.06968517780548032,0.3251878193394063
1998-08-31,1.0,0.07108346879345875,0.3734343649180787
1998-09-01,1.0,0.05511420844835957,0.3829171300610786
1998-09-02,1.0,0.05823860045057571,0.3998462945484424
1998-09-03,1.0,0.05096862333351021,0.2778837525763688
1998-09-04,1.0,0.04665469843729094,0.3662413831516166
1998-09-07,1.0,0.02803123200175371,0.38278474583630334
1998-09-08,1.0,0.03503707173480316,0.37525849691737023
1998-09-09,1.0,0.0590817072663505,0.35692833723087614
1998-09-10,1.0,0.030849904091392485,0.2963324195014782
1998-09-11,1.0,0.010160968031408804,0.32132757843287024
1998-09-14,1.0,0.02011660063128197,0.3801482355800195
1998-09-15,1.0,0.02250734396228606,0.3838065425220037
1998-09-16,1.0,0.028088847855966544,0.3991790781172349
1998-09-17,1.0,0.024571260730505327,0.34198227298276657
1998-09-18,1.0,0.02874732960754341,0.3774942479886719
1998-09-21,1.0,0.024612419959187122,0.3377020144313433
1998-09-22,1.0,0.028764181327522266,0.3992696180048878
1998-09-23,1.0,0.01880397285761064,0.3816010291257578
1998-09-24,0.0,-0.0054542490762197965,0.2960600349254819
1998-09-25,0.0,-0.004429308774673518,0.2897108033117181
1998-09-28,0.0,-0.012414069806104064,0.32268846062080053
1998-09-29,0.0,-0.0033996293153938403,0.3440773369969225
1998-09-30,0.0,-0.013049926745022315,0.3375023822760157
1998-10-01,0.0,-0.0208937676459904,0.34686043887621654
1998-10-02,0.0,-0.026978537250925923,0.3698648171186567
1998-10-05,0.0,-0.022672069724132486,0.38968354829054747
1998-10-06,0.0,-0.023221121924327386,0.4036522342939171
1998-10-07,0.0,-0.03647204849822205,0.3661020930413913
1998-10-08,0.0,-0.019892766561405498,0.3739694428035886
1998-10-09,0.0,-0.012035063477280995,0.37544996143093035
1998-10-12,0.0,-0.011884689971514208,0.44747721703261084
1998-10-13,0.0,-0.011190350751150789,0.48018160386140935
1998-10-14,0.0,-0.009161923605916231,0.4611848876543546
1998-10-15,0.0,-0.0058759507601949595,0.4419839058315363
1998-10-16,0.0,-0.01376322497639894,0.44397270769698055
1998-10-19,0.0,-0.005077871439051851,0.4594018891062057
1998-10-20,0.0,-0.007283846889391518,0.47420520447524434
1998-10-21,1.0,0.006347298395669149,0.45812183754419794
1998-10-22,1.0,0.010878910624251061,0.4532772729619099
1998-10-23,1.0,0.010867826441993895,0.4758873511012619
1998-10-26,1.0,0.014608719121180967,0.4635706527580578
1998-10-27,1.0,0.008646319865169928,0.4698802229697685
1998-10-28,1.0,0.011870581986984896,0.46776987635121153
1998-10-29,1.0,0.009827256316207237,0.468324791232265
1998-10-30,1.0,0.01239930959945325,0.458792034693816
1998-11-02,1.0,0.01097404703197665,0.4373739398548218
1998-11-03,1.0,0.014746494933355067,0.44138076128137044
1998-11-04,1.0,0.008391178613722653,0.4442329846123941
1998-11-05,0.0,-0.00495008265192933,0.4265477671731176
1998-11-06,0.0,-0.0025612581234616214,0.4591994246347432
1998-11-09,1.0,0.007283402968521364,0.49427455038209994
1998-11-10,1.0,0.0015333506709895503,0.45740088305637044
1998-11-11,1.0,0.0010221465966594584,0.4673028530923863
1998-11-12,0.0,-0.008794238987598733,0.42486774773615077
1998-11-13,0.0,-0.017044898765932542,0.48537724916543207
1998-11-16,0.0,-0.011262917694839,0.4954845443046754
1998-11-17,0.0,-0.004259313024158106,0.491263001752049
1998-11-18,0.0,-0.0046552506146448095,0.4243410181759532
1998-11-19,0.0,-0.013617231691830831,0.42911931039931067
1998-11-20,0.0,-0.023928675449300083,0.44051813026458225
1998-11-23,0.0,-0.025793555673993183,0.45197104304536473
1998-11-24,0.0,-0.027206742684529946,0.4556186429990963
1998-11-25,0.0,-0.033076445149460225,0.4582388183615171
1998-11-26,0.0,-0.03535028341628619,0.48065472225118744
1998-11-27,0.0,-0.03277294247930674,0.4706866923710937
1998-11-30,0.0,-0.024164102890145867,0.4509635236642948
1998-12-01,0.0,-0.023072648844722835,0.4688094469317781
1998-12-02,0.0,-0.017026810863327944,0.47880681308383755
1998-12-03,0.0,-0.015346451714607063,0.5030159092884584
1998-12-04,0.0,-0.01637544133153255,0.5016222032682043
1998-12-07,0.0,-0.02729442089197653,0.41341269114036483
1998-12-08,0.0,-0.018557233560217812,0.47171988849395113
1998-12-09,0.0,-0.007863288379445091,0.4761241218657872
1998-12-10,0.0,-0.01024424188518715,0.49027738023910494
1998-12-11,1.0,0.007023583476917159,0.45900257202487876
1998-12-14,0.0,-0.009656912432107865,0.5167399710508396
1998-12-15,0.0,-0.02104977652631126,0.5043236575748731
1998-12-16,0.0,-0.03160146186074966,0.4788492489404381
1998-12-17,0.0,-0.016240854553019515,0.496917712675414
1998-12-18,0.0,-0.007291698974113643,0.5326206946850761
1998-12-21,0.0,-0.007294231715906835,0.5510735397496811
1998-12-22,0.0,-0.0031271741954177574,0.5474560043504082
1998-12-23,1.0,0.0024364787549308055,0.5556074083214225
1998-12-24,1.0,0.000698445986137462,0.5588722501212499
1998-12-28,1.0,0.004177551767427048,0.5663462127200777
1998-12-29,0.0,-0.00017471826723932225,0.5445770612964199
1998-12-30,0.0,-0.014209518970408187,0.5322808287109686
1998-12-31,0.0,-0.013974026518522977,0.5298157449377309
1999-01-01,0.0,-0.00557589874688078,0.5642902056097854
1999-01-04,1.0,0.0039892516697723635,0.5205586509219496
1999-01-05,1.0,0.005213776148526796,0.5448730955809189
1999-01-06,0.0,-0.002604846484593253,0.5317655532463718
1999-01-07,0.0,-0.006542723064069689,0.48450313049106625
1999-01-08,0.0,-0.009656912432107865,0.5346842155192265
1999-01-11,0.0,-0.012885669229460557,0.48180387600024566
1999-01-12,0.0,-0.003993407512050941,0.4833588162255009
1999-01-13,1.0,0.0017421607193850734,0.5243737253430348
1999-01-14,1.0,0.004005229559755609,0.56589984115448
1999-01-15,1.0,0.008671577058152987,0.5386960508643609
1999-01-18,1.0,0.008847312458678412,0.5505671871583443
1999-01-19,0.0,-0.006294827570289198,0.5268058100722305
1999-01-20,0.0,-0.008036381476159734,0.5140599833312419
1999-01-21,0.0,-0.005053596186951832,0.505815327740385
1999-01-22,1.0,0.006264158294581604,0.514227879648221
1999-01-25,0.0,-0.0027830945081728504,0.4885903074973192
1999-01-26,1.0,0.004532783214188773,0.5054260005971908
1999-01-27,1.0,0.016818896810029762,0.48502967293406657
1999-01-28,1.0,0.012585378491173277,0.4828773097924906
1999-01-29,1.0,0.0031402677585347654,0.4862351140264986
1999-02-01,0.0,-0.008518087140784204,0.47080538952657036
1999-02-02,0.0,-0.005911004693418263,0.48636647141056755
1999-02-03,0.0,-0.0034837171620166886,0.4776264964990259
1999-02-04,0.0,-0.004501392642338264,0.4579832431340601
1999-02-05,0.0,-0.0003466204540770972,0.49611238860713963
1999-02-08,1.0,0.008437415530276007,0.5049867111244946
1999-02-09,1.0,0.015364998004875726,0.49627997632838944
1999-02-10,1.0,0.01896608574896161,0.4984704134463991
1999-02-11,1.0,0.02319093883307756,0.49590505491836623
1999-02-12,1.0,0.009623720949880663,0.4462482556589507
1999-02-15,0.0,-0.009021574025730913,0.48161793552546306
1999-02-16,0.0,-0.005628862707278203,0.4775721027007504
1999-02-17,0.0,-0.0038664371541493906,0.5097455874903905
1999-02-18,0.0,-0.011420663533817661,0.5005859918331359
1999-02-19,0.0,-0.013974026518522977,0.45606755885341277
1999-02-22,0.0,-0.008396061216555036,0.4878013783495255
1999-02-23,0.0,-0.010139947020166984,0.46928452055392106
1999-02-24,0.0,-0.013996029727325119,0.4382835888631435
1999-02-25,0.0,-0.01593310428534782,0.45542106320530096
1999-02-26,0.0,-0.025760069421611194,0.45625096555930666
1999-03-01,0.0,-0.021350612516808812,0.48340363255719304
1999-03-02,0.0,-0.02650331806017,0.4704830029088245
1999-03-03,0.0,-0.022944882341905202,0.4963062954098659
1999-03-04,0.0,-0.027085721928329396,0.4567827307120422
1999-03-05,0.0,-0.030268015365529772,0.46501983974690125
1999-03-08,0.0,-0.04614449009882555,0.39760735580627393
1999-03-09,0.0,-0.041628955854897884,0.4188096872630361
1999-03-10,0.0,-0.042567040280845646,0.41586491302748846
1999-03-11,0.0,-0.048000868002371466,0.39575007849993243
1999-03-12,0.0,-0.037641662921052074,0.39433634978894233
1999-03-15,0.0,-0.014217001198154288,0.42111705974816516
1999-03-16,0.0,-0.0003528581546842966,0.4536655447767368
1999-03-17,0.0,-0.008843354413405979,0.4867134238871265
1999-03-18,1.0,0.0037040345726731616,0.48538106088209476
1999-03-19,0.0,0.0,0.49273223135466604
1999-03-22,1.0,0.0007023705293139083,0.49098698833011734
1999-03-23,0.0,-0.00035149385247658095,0.45831108439352836
1999-03-24,1.0,0.00017616489079296904,0.49609022642967426
1999-03-25,1.0,0.0008820676235662114,0.48047854428899583
1999-03-26,1.0,0.013492127268002438,0.45551324697271867
1999-03-29,1.0,0.003205130948948331,0.5077800207520524
1999-03-30,1.0,0.00979963298880356,0.5196670876974495
1999-03-31,1.0,0.010302044932691467,0.47760198300059137
1999-04-01,1.0,0.019771164760191966,0.5141298312620095
1999-04-02,1.0,0.023659295660377756,0.5424115560578032
1999-04-05,1.0,0.027976328804188908,0.5083838855591577
1999-04-06,1.0,0.019631013301162712,0.48242719065476863
1999-04-07,1.0,0.023600954531884117,0.49737519026929955
1999-04-08,1.0,0.03121965228359051,0.48948929879261543
1999-04-09,1.0,0.0042530632956022515,0.4931250055595072
1999-04-12,0.0,-0.014601399014836237,0.4774868100499355
1999-04-13,0.0,-0.018162892459974166,0.48816293992246407
1999-04-14,0.0,-0.01467456540879187,0.47803576081556864
1999-04-15,0.0,-0.022252809641466663,0.46717004763950976
1999-04-16,0.0,-0.029634442745135166,0.5008980426584666
1999-04-19,0.0,-0.037011464976819376,0.5094661326554636
1999-04-20,0.0,-0.03761188321223165,0.537001002659309
1999-04-21,0.0,-0.039157301388968724,0.5069303525695203
1999-04-22,0.0,-0.032619379464138884,0.535539212247535
1999-04-23,0.0,-0.03809984623227052,0.5290680780415377
1999-04-26,0.0,-0.03105503214655935,0.511258464547514
1999-04-27,0.0,-0.04145014684936924,0.5091084374446385
1999-04-28,0.0,-0.04962988755203489,0.517839170971957
1999-04-29,0.0,-0.05589452242800162,0.47399334417737493
1999-04-30,0.0,-0.057825802680310616,0.5007389843269601
1999-05-03,0.0,-0.05749742301185242,0.5154211910788081
1999-05-04,0.0,-0.06456187225667472,0.5112252997466539
1999-05-05,0.0,-0.07911479483075803,0.4853640528721715
1999-05-06,0.0,-0.08464373262942053,0.4817305601476319
1999-05-07,0.0,-0.06558829093337662,0.4140875556081695
1999-05-10,0.0,-0.04851217590592027,0.5179864761976685
1999-05-11,0.0,-0.059603131137112526,0.5246808553985253
1999-05-12,0.0,-0.06710174570383438,0.5017815913727479
1999-05-13,0.0,-0.07201917687769106,0.5123735188167043
1999-05-14,0.0,-0.05704117867139538,0.4893990074584583
1999-05-17,0.0,-0.05177274973547054,0.47762347387565357
1999-05-18,0.0,-0.05553856334870919,0.4808050453332582
1999-05-19,0.0,-0.05439293427928273,0.4968567982172324
1999-05-20,0.0,-0.06006684335384988,0.481547747034535
1999-05-21,0.0,-0.050339265954528555,0.47771924887157574
1999-05-24,0.0,-0.05194017802415999,0.49723706431519304
1999-05-25,0.0,-0.04536782524651381,0.48977448206452595
1999-05-26,0.0,-0.032461804822383145,0.5291044246027105
1999-05-27,0.0,-0.036710004405654396,0.5196239394279585
1999-05-28,0.0,-0.038444530822357666,0.5225822130490905
1999-05-31,0.0,-0.036155321947132155,0.5642608445176112
1999-06-01,0.0,-0.0261180629585084,0.5162172138806614
1999-06-02,0.0,-0.010987039866428579,0.5871003876661135
1999-06-03,0.0,-0.010010471733197806,0.5697989949906502
1999-06-04,0.0,-0.004921456081436157,0.57382403984888
1999-06-07,0.0,-0.012504899592001623,0.5270811293257871
1999-06-08,0.0,-0.02042460210526472,0.5289718455359586
1999-06-09,0.0,-0.00851892857648412,0.542777481100152
1999-06-10,0.0,-0.00757358703122401,0.5600587408090586
1999-06-11,0.0,-0.014296997775876258,0.5588317362457176
1999-06-14,0.0,-0.019369189688106525,0.5567785210976551
1999-06-15,0.0,-0.012815709384614645,0.5816569543398334
1999-06-16,0.0,-0.01736459590874285,0.5799177975512633
1999-06-17,0.0,-0.016974361315929876,0.5754582112396095
1999-06-18,0.0,-0.02220582087983474,0.4836413757934378
1999-06-21,0.0,-0.021871600219117722,0.5479158978445915
1999-06-22,0.0,-0.02031716692031178,0.5508841341156964
1999-06-23,0.0,-0.020739186966676666,0.5265621958957435
1999-06-24,0.0,-0.02053539810407491,0.5647223740649355
1999-06-25,0.0,-0.021752654164464647,0.5356759763754027
1999-06-28,0.0,-0.02622782686234519,0.5447149735188596
1999-06-29,0.0,-0.025244058952212538,0.5356518140734705
1999-06-30,0.0,-0.032326438138766955,0.5246953134773521
1999-07-01,0.0,-0.025570940500512982,0.550563581162745
1999-07-02,0.0,-0.029071255077824792,0.5586680660887523
1999-07-05,0.0,-0.027446639766426032,0.5446715590568244
1999-07-06,0.0,-0.0023387264606590367,0.4499876167136041
1999-07-07,0.0,-0.0038963618357139083,0.4921670790326057
1999-07-08,0.0,-0.002928259779088334,0.5175355703228548
1999-07-09,0.0,-0.0031183030530273124,0.4951559610098051
1999-07-12,1.0,0.006239053188150757,0.5202554663968506
1999-07-13,1.0,0.006622540760493457,0.48610069146301527
1999-07-14,1.0,0.019103894830159507,0.5032247316037317
1999-07-15,1.0,0.025834203554763523,0.4980033587839565
1999-07-16,1.0,0.02643496982071153,0.4714149765037319
1999-07-19,1.0,0.026496777090288654,0.5052769818936156
1999-07-20,1.0,0.03166235158305894,0.5168935547941661
1999-07-21,1.0,0.016895246042889646,0.4643164377205577
1999-07-22,1.0,0.011868998171676843,0.4778716717409802
1999-07-23,1.0,0.010741241831412616,0.5208861628388949
1999-07-26,1.0,0.0009837679101327482,0.5171112889940659
1999-07-27,0.0,-0.00394089179987659,0.5148006023237067
1999-07-28,0.0,-0.006315394978849895,0.5311440502197179
1999-07-29,0.0,-0.015701990908086848,0.49340149209741596
1999-07-30,0.0,-0.00863258254759515,0.5172105571441321
1999-08-02,0.0,-0.004714210262726521,0.49575061369249324
1999-08-03,0.0,-0.0022268678747080677,0.45325936929522165
1999-08-04,0.0,-0.009019668991807863,0.4328558196185747
1999-08-05,0.0,-0.0011737090549289277,0.45495651855833286
1999-08-06,0.0,-0.007445175456541888,0.457247103104737
1999-08-09,0.0,-0.009961992728747688,0.44357826971670977
1999-08-10,0.0,-0.006622540760493494,0.45631860457905254
1999-08-11,0.0,-0.01087178248468924,0.39833636215822893
1999-08-12,0.0,-0.01351371916672282,0.4088911648318214
1999-08-13,0.0,-0.015854933826140987,0.4466503593526543
1999-08-16,0.0,-0.013940206383804112,0.42233682601436184
1999-08-17,0.0,-0.016385908790818568,0.39626242757516356
1999-08-18,0.0,-0.012010992902354058,0.405470551722677
1999-08-19,0.0,-0.00835199571877412,0.42498338234429217
1999-08-20,0.0,-0.008387838117251281,0.4297413596866811
1999-08-23,1.0,0.0029455102297567446,0.403564379881292
1999-08-24,1.0,0.029376686923705105,0.42129479102761613
1999-08-25,1.0,0.04642102043607914,0.4254801642319303
1999-08-26,1.0,0.05203485912305414,0.4177882710968737
1999-08-27,1.0,0.057432049085875396,0.39752434355974214
1999-08-30,1.0,0.10749644911129123,0.4210480790582345
1999-08-31,1.0,0.18941461431983553,0.37823565432448947
1999-09-01,1.0,0.17285531858423767,0.38744784390966114
1999-09-02,1.0,0.1565804074689134,0.3793976495808395
1999-09-03,1.0,0.19502324196907617,0.40027360246602905
1999-09-06,1.0,0.2199188837670679,0.4265838883492355
1999-09-07,1.0,0.24077112639752318,0.3954757411375082
1999-09-08,1.0,0.23652232575893348,0.40794875581475837
1999-09-09,1.0,0.2269845616816348,0.39584109082024
1999-09-10,1.0,0.2214660585768373,0.403842906891959
1999-09-13,1.0,0.21511766894489948,0.4075887034571193
1999-09-14,1.0,0.2135741002980591,0.3917192027303357
1999-09-15,1.0,0.22722796815643448,0.39797916552995477
1999-09-16,1.0,0.20125566184326577,0.3951841357462583
1999-09-17,1.0,0.2108052589143441,0.3941659752471346
1999-09-20,1.0,0.20013579306908177,0.38799113403023366
1999-09-21,1.0,0.16796801329294456,0.24424857738321473
1999-09-22,1.0,0.14408316199078386,0.2727776925464687
1999-09-23,1.0,0.13571211171883032,0.2957433190589839
1999-09-24,1.0,0.11796906486350535,0.2828126486781191
1999-09-27,1.0,0.05245964014685912,0.1875178075483934
1999-09-28,0.0,-0.06778001506174214,0.07151606138618868
1999-09-29,0.0,-0.02652942691898139,0.31634061677775277
1999-09-30,1.0,0.0008364701449659064,0.4003193979232361
1999-10-01,0.0,-0.032229030797423355,0.48136585609791255
1999-10-04,0.0,-0.08926264517447828,0.4655215092524424
1999-10-05,0.0,-0.11032245585807682,0.36680909047003774
1999-10-06,0.0,-0.10416280826852134,0.4755240608124824
1999-10-07,0.0,-0.09686032737872649,0.4368310968076761
1999-10-08,0.0,-0.09718605967284516,0.4913657544593138
1999-10-11,0.0,-0.0930329005603157,0.50966459124314
1999-10-12,0.0,-0.0841326929250615,0.39222223427550684
1999-10-13,0.0,-0.07661948456638286,0.4040570748752464
1999-10-14,0.0,-0.06421959273429377,0.3215623748733601
1999-10-15,0.0,-0.07869505199373006,0.3973247758582043
1999-10-18,0.0,-0.06635933243696072,0.30803675085518745
1999-10-19,0.0,-0.04769999686739647,0.3087305165044088
1999-10-20,0.0,-0.03734389586665413,0.30340517881717205
1999-10-21,0.0,-0.03571808260207923,0.29516435366165444
1999-10-22,0.0,-0.024775287965558057,0.3261501109088112
1999-10-25,0.0,-0.011814483413763009,0.3368145802446277
1999-10-26,1.0,0.031196597883233163,0.2746734769536822
1999-10-27,1.0,0.014862627919365923,0.25630997335389805
1999-10-28,0.0,-0.0025115124126609866,0.3053233352532433
1999-10-29,0.0,-0.006976148495926408,0.40154554543014753
1999-11-01,1.0,0.002580646593491713,0.312953851957392
1999-11-02,0.0,-0.0027481982257169,0.3969226970013415
1999-11-03,0.0,-0.009967430862573417,0.45722186670477616
1999-11-04,0.0,-0.02768342874841674,0.4696331820988784
1999-11-05,0.0,-0.03752851406058511,0.4309375302175647
1999-11-08,0.0,-0.04825536328375226,0.4762722593651187
1999-11-09,0.0,-0.02437247941223655,0.4994920872824728
1999-11-10,0.0,-0.056202310724834406,0.4393079921498348
1999-11-11,0.0,-0.05639040151400152,0.4592088252578975
1999-11-12,0.0,-0.04332110967385164,0.47984344372659543
1999-11-15,0.0,-0.03928658153181783,0.4841416272883641
1999-11-16,0.0,-0.049410830683143774,0.4906077512799464
1999-11-17,0.0,-0.04013568911572512,0.49657373578739517
1999-11-18,0.0,-0.04269999588719498,0.5195918153589701
1999-11-19,0.0,-0.03941056168184733,0.5104545965972214
1999-11-22,0.0,-0.035776735348511,0.5058613986217677
1999-11-23,0.0,-0.03560456711899456,0.44227478928192543
1999-11-24,0.0,-0.03827564436437961,0.45678648682623707
1999-11-25,0.0,-0.03862407642365395,0.5083070763272368
1999-11-26,0.0,-0.032461165653763946,0.49316089179410444
1999-11-29,0.0,-0.01123121956950045,0.3925158289668508
1999-11-30,0.0,-0.0039638138930313425,0.4762522490806979
1999-12-01,1.0,0.0032761474254916156,0.45294484758945824
1999-12-02,1.0,0.010644895909741565,0.38169275050036494
1999-12-03,1.0,0.028885417904565124,0.3573977398274657
1999-12-06,1.0,0.045663569176323374,0.32160762431970086
1999-12-07,0.0,-0.012324099645148629,0.32290859899103
1999-12-08,0.0,-0.006940147083941484,0.4035199545117482
1999-12-09,1.0,0.011521112087806174,0.3898369007043424
1999-12-10,1.0,0.009987598628348412,0.3984818026658572
1999-12-13,1.0,0.004307972839618942,0.46866454531127977
1999-12-14,1.0,0.011718884113213479,0.4863211948119437
1999-12-15,0.0,-0.0014864102396994973,0.46516159955034075
1999-12-16,1.0,0.008124382377454388,0.4983074392436336
1999-12-17,1.0,0.0021134210050277147,0.5179882186872826
1999-12-20,1.0,0.004739761352934588,0.5882532535685073
1999-12-21,1.0,0.004061588906700496,0.5223212695364815
1999-12-22,1.0,0.008947829692942716,0.5349232350086995
1999-12-23,1.0,0.005387101393782771,0.5835141780531998
1999-12-24,1.0,0.005097717071668801,0.5870842395182049
1999-12-27,0.0,-0.0005214217551002869,0.598307337939498
1999-12-28,0.0,-0.008671577058152986,0.5568804029743224
1999-12-29,0.0,-0.015439633618688909,0.569025267345158
1999-12-30,0.0,-0.004174645130511979,0.5206139678424131
1999-12-31,0.0,-0.01663058022783026,0.5324924027033074
2000-01-03,0.0,-0.019214564944625357,0.5235409147101995
2000-01-04,1.0,0.0013454186989146067,0.3859131950369546
2000-01-05,1.0,0.016821999158041962,0.4763714225672608
2000-01-06,1.0,0.022338454156813653,0.4599622255518271
2000-01-07,1.0,0.09651941853444879,0.47563404140068566
2000-01-10,1.0,0.07284598533485348,0.48550049528404343
2000-01-11,1.0,0.06326896006952508,0.4334005336648859
2000-01-12,1.0,0.08288564747217496,0.4603045239570748
2000-01-13,1.0,0.10271850619498772,0.4337552661806657
2000-01-14,1.0,0.089953911886898,0.4596721958901595
2000-01-17,1.0,0.07634464831218725,0.43995306843519616
2000-01-18,1.0,0.044383978470698325,0.400190648065996
2000-01-19,1.0,0.04347703116430758,0.4148338334094569
2000-01-20,1.0,0.040752668027108106,0.44509701082070313
2000-01-21,1.0,0.05353912758511107,0.43228455957435846
2000-01-24,1.0,0.060379152764758276,0.41266089920312554
2000-01-25,1.0,0.05868620937388483,0.3661120813408561
2000-01-26,1.0,0.04779066383634848,0.40632530184204485
2000-01-27,1.0,0.03981050178477669,0.4260363936278924
2000-01-28,1.0,0.0324765886779084,0.3266099937522626
2000-01-31,1.0,0.028685147998858577,0.4111218722232455
2000-02-01,1.0,0.03329987758791301,0.4147580397628967
2000-02-02,1.0,0.017406879892569643,0.3458720025560457
2000-02-03,1.0,0.003646153878854458,0.3584279142991973
2000-02-04,0.0,-0.0718051644356633,0.09622777057399125
2000-02-07,0.0,-0.05123245048256991,0.1572006251954748
2000-02-08,0.0,-0.028573372444056,0.315123122677243
2000-02-09,0.0,-0.06262131641150381,0.2879524886715527
2000-02-10,0.0,-0.0785623225031022,0.34883060383322706
2000-02-11,0.0,-0.07320543943746603,0.38009751554631016
2000-02-14,0.0,-0.058294869843421866,0.43974989474818565
2000-02-15,0.0,-0.04358748300843854,0.3852633955694943
2000-02-16,0.0,-0.04617375524362156,0.4083953487592879
2000-02-17,0.0,-0.04770921782046797,0.2962778859173537
2000-02-18,0.0,-0.06922709095165952,0.36517800322785643
2000-02-21,0.0,-0.06288576875482728,0.41276510670764827
2000-02-22,0.0,-0.04973837968094215,0.3639387825348706
2000-02-23,0.0,-0.041238748016597535,0.32287388873429096
2000-02-24,0.0,-0.041834511409298815,0.35243985047631343
2000-02-25,0.0,-0.02631730831737353,0.26472382534272426
2000-02-28,0.0,-0.040036812995922745,0.3287802572646108
2000-02-29,0.0,-0.044794052493737684,0.34624280755343456
2000-03-01,0.0,-0.04716939032634628,0.3075898030562685
2000-03-02,0.0,-0.04158051435940798,0.3124561323733226
2000-03-03,0.0,-0.03423592794763549,0.2952598660609437
2000-03-06,0.0,-0.033334652461289214,0.3656869191770923
2000-03-07,0.0,-0.030467996336928507,0.3040358279091873
2000-03-08,0.0,-0.02327931959977198,0.32937184168008604
2000-03-09,0.0,-0.03743659135977988,0.41154896547513375
2000-03-10,0.0,-0.03163708494318258,0.38999913423633836
2000-03-13,0.0,-0.030384736626716626,0.42908854276762104
2000-03-14,0.0,-0.024813777504622388,0.4088954034915828
2000-03-15,0.0,-0.023823162041289498,0.4562481250285793
2000-03-16,0.0,-0.0172509118709068,0.4082800961566009
2000-03-17,0.0,-0.007052215405324947,0.4388369395540734
2000-03-20,0.0,-0.019357940907755517,0.45631727809767947
2000-03-21,0.0,-0.029182530810777322,0.39996740071949877
2000-03-22,0.0,-0.025257243271766712,0.5286791007652879
2000-03-23,0.0,-0.022145818254108385,0.4496905332210258
2000-03-24,0.0,-0.017699577099400975,0.5172491633745288
2000-03-27,0.0,-0.0017853959393618157,0.4623350814107607
2000-03-28,0.0,-0.003585518362596885,0.4897532088620459
2000-03-29,0.0,-0.0018831033304242432,0.4310574044798749
2000-03-30,1.0,0.0010834237246124504,0.49273609490660036
2000-03-31,0.0,-0.020014058561200795,0.45164788156728075
2000-04-03,0.0,-0.017587254148334088,0.4952370409204979
2000-04-04,0.0,-0.03396822824283273,0.3211890966157328
2000-04-05,0.0,-0.011612457424090852,0.47047074153887175
2000-04-06,0.0,-0.001962709167848706,0.5031224428417432
2000-04-07,0.0,-0.003757048877712288,0.531356458297463
2000-04-10,0.0,-0.018864769350121435,0.5254193260782307
2000-04-11,0.0,-0.01627797323410342,0.5183325492074032
2000-04-12,0.0,-0.015362931666245786,0.5008891603965375
2000-04-13,0.0,-0.020267934398377117,0.5178244469571658
2000-04-14,0.0,-0.023088273903230677,0.43897602583753664
2000-04-17,0.0,-0.021299945030341712,0.471407981583757
2000-04-18,0.0,-0.02028977046011864,0.5006696676045347
2000-04-19,0.0,-0.026533458026828393,0.5029469922824638
2000-04-20,0.0,-0.024036577828241267,0.5038593295304723
2000-04-21,0.0,-0.02074950401391002,0.5367481668633055
2000-04-24,0.0,-0.014943117195688329,0.4904897504321988
2000-04-25,0.0,-0.015018829304924864,0.4577608049602551
2000-04-26,0.0,-0.008481568053255457,0.4399514220808016
2000-04-27,0.0,-0.0246655420309567,0.47067402998660923
2000-04-28,0.0,-0.004763658696765144,0.44072191131603144
2000-05-01,0.0,-0.004399640460799375,0.44026390870848586
2000-05-02,0.0,-0.006385135257188689,0.45304095031829467
2000-05-03,0.0,-0.022350344366453563,0.4595736698959637
2000-05-04,0.0,-0.025872089825595166,0.4081626237919136
2000-05-05,1.0,0.007855780446673297,0.4093227456403557
2000-05-08,1.0,0.031024580822276035,0.46173619503502583
2000-05-09,1.0,0.041507061881955735,0.46042300757334803
2000-05-10,1.0,0.031714944369584844,0.4624954634071644
2000-05-11,1.0,0.030337801311146117,0.4571098699850355
2000-05-12,1.0,0.02750173326953884,0.4943700420333103
2000-05-15,1.0,0.040378984806739925,0.46076191140978007
2000-05-16,1.0,0.03598535763922747,0.47033498920081795
2000-05-17,1.0,0.065144245825657,0.4390822038055253
2000-05-18,1.0,0.058610522444733554,0.4646272743306666
2000-05-19,1.0,0.05325126691844635,0.43902030050181007
2000-05-22,1.0,0.037733609832756906,0.4101240556258652
2000-05-23,1.0,0.04247604969977152,0.4081262148097026
2000-05-24,1.0,0.04503172834527616,0.43271742907876587
2000-05-25,1.0,0.05523483188806954,0.3638068022777465
2000-05-26,1.0,0.03925603074674412,0.3811248781000667
2000-05-29,1.0,0.04262085328099713,0.4096272088725054
2000-05-30,1.0,0.045962493017902756,0.38234075214746
2000-05-31,1.0,0.0728077099480291,0.4272904390247636
2000-06-01,1.0,0.05855244010447892,0.4071290119544077
2000-06-02,1.0,0.029336044517276363,0.20294977704278272
2000-06-05,1.0,0.010108137651153612,0.26450599592560037
2000-06-06,0.0,-0.003292611934040032,0.2720620602035355
2000-06-07,0.0,-0.008582240258678668,0.32607367027614775
2000-06-08,0.0,-0.002816407424080201,0.344131779226491
2000-06-09,0.0,-0.0007048458441591766,0.35883489168474475
2000-06-12,0.0,-0.009986942402023864,0.3465490049605228
2000-06-13,0.0,-0.011261776599067666,0.24484565764106594
2000-06-14,0.0,-0.03896710349830471,0.28623578912540765
2000-06-15,0.0,-0.03368148583347266,0.29399361947089575
2000-06-16,0.0,-0.02786965057797477,0.3364219241183324
2000-06-19,0.0,-0.00930076021047692,0.32305560926859167
2000-06-20,0.0,-0.012306765733811526,0.3357273305094519
2000-06-21,0.0,-0.024766877098741823,0.3426544385659163
2000-06-22,0.0,-0.019085223218202146,0.28799478755089786
2000-06-23,0.0,-0.009937969990132295,0.299783807232472
2000-06-26,0.0,-0.016866800211895898,0.3150974974520357
2000-06-27,0.0,-0.02477564348009515,0.30960987509136695
2000-06-28,0.0,-0.045081008545195166,0.20355654860633515
2000-06-29,0.0,-0.03787330670644726,0.27170112655880485
2000-06-30,0.0,-0.039237292456232434,0.31734431280274517
2000-07-03,0.0,-0.039255393830945305,0.35017687471204306
2000-07-04,0.0,-0.037853829677148496,0.35570266555754493
2000-07-05,0.0,-0.023853035494475056,0.33741226425734355
2000-07-06,0.0,-0.034795475788151446,0.33408858406477693
2000-07-07,0.0,-0.036439461910540254,0.3550824506388858
2000-07-10,0.0,-0.036582885192730986,0.3737617082069636
2000-07-11,0.0,-0.03346839901920444,0.36744073300387115
2000-07-12,0.0,-0.03020940585529082,0.33587732519984975
2000-07-13,0.0,-0.02712643723908914,0.3800104182732969
2000-07-14,0.0,-0.02210531199004352,0.38254830492144215
2000-07-17,0.0,-0.031521234309778226,0.3323510221693543
2000-07-18,0.0,-0.02871182333267038,0.3713898133484584
2000-07-19,0.0,-0.0070100044406212255,0.3152470698120263
2000-07-20,0.0,-0.009320734264653224,0.34591317200913446
2000-07-21,0.0,-0.01328565322556289,0.3557725469599573
2000-07-24,0.0,-0.014427662346520756,0.3726510743249076
2000-07-25,0.0,-0.019175696103731998,0.3424861392107117
2000-07-26,0.0,-0.03085544233736525,0.39212259550435474
2000-07-27,0.0,-0.020129431139572128,0.36746555695766947
2000-07-28,0.0,-0.014946987643914807,0.4031893162319778
2000-07-31,0.0,-0.011244224380419035,0.42314303548735194
2000-08-01,0.0,-0.014161456708461929,0.4131716103046933
2000-08-02,0.0,-0.01214333000795632,0.3987680691539412
2000-08-03,1.0,0.014135791741505631,0.35517521880162706
2000-08-04,1.0,0.011812949726710388,0.4148034104672529
2000-08-07,1.0,0.011802225056627912,0.4344242797275326
2000-08-08,1.0,0.008381973272596446,0.4098878401598174
2000-08-09,1.0,0.008048333182828415,0.4048227261295082
2000-08-10,1.0,0.003842288141168388,0.40713668001120595
2000-08-11,0.0,-0.007661474907604932,0.38520493193777827
2000-08-14,0.0,-0.005034485844348045,0.4137030762374935
2000-08-15,0.0,-0.0060257646036695435,0.4419097024794091
2000-08-16,0.0,-0.0161836426025679,0.3786187739387776
2000-08-17,0.0,-0.018539244177326154,0.39588382796669525
2000-08-18,0.0,-0.015298058315011388,0.4014543076000019
2000-08-21,0.0,-0.012613273885745969,0.38631697899202333
2000-08-22,0.0,-0.005861896250501601,0.3970564024106226
2000-08-23,0.0,-0.007029255728126439,0.3977857683798414
2000-08-24,0.0,-0.008462154984779792,0.3892980728107196
2000-08-25,0.0,-0.007686714275130629,0.39528912420788886
2000-08-28,1.0,0.0005469960935001078,0.42300010437882724
2000-08-29,1.0,0.0032858737122028934,0.3977986654619891
2000-08-30,1.0,0.015847504131671263,0.40877783664817996
2000-08-31,0.0,-0.009401624123141007,0.288769108340867
2000-09-01,0.0,-0.009074472433406608,0.3730424669652333
2000-09-04,0.0,-0.012898716394556836,0.3893829723455031
2000-09-05,0.0,-0.012048338516174593,0.3808588280933386
2000-09-06,0.0,-0.013573209114798227,0.3478489071740182
2000-09-07,0.0,-0.015273091071112577,0.34435144749799
2000-09-08,0.0,-0.012530106814926851,0.3086391257080465
2000-09-11,0.0,-0.010367358767158545,0.30128082459696764
2000-09-12,0.0,-0.0009161704717795296,0.27565506502590226
2000-09-13,0.0,-0.005883451426110591,0.30729620593574647
2000-09-14,1.0,0.014569552930397118,0.3094116045642063
2000-09-15,1.0,0.0007338103429632832,0.29544770500465883
2000-09-18,1.0,0.0007355645789539107,0.28930373304059315
2000-09-19,0.0,-0.0033124800255396264,0.2979074727698156
2000-09-20,1.0,0.0048148241164439574,0.2957544240048087
2000-09-21,1.0,0.000554067795133099,0.3055291076663546
2000-09-22,0.0,-0.00220710039935461,0.2483498076675439
2000-09-25,0.0,-0.014874941424239953,0.3034431595159831
2000-09-26,0.0,-0.013578190261997681,0.31655855306833736
2000-09-27,0.0,-0.04339338107802255,0.2254895087184401
2000-09-28,0.0,-0.037384072019650445,0.29136017665533526
2000-09-29,0.0,-0.03600982980519883,0.29522263353123185
2000-10-02,0.0,-0.03327753849442766,0.3349559568423991
2000-10-03,0.0,-0.026425058229930996,0.3391044852655379
2000-10-04,0.0,-0.022221061818246794,0.33772189021732896
2000-10-05,0.0,-0.01833883730172007,0.3272041898067754
2000-10-06,0.0,-0.016829118200097044,0.3344462957441193
2000-10-09,0.0,-0.020723228302872567,0.3402265577224911
2000-10-10,0.0,-0.030903427201191335,0.2640464143439987
2000-10-11,0.0,-0.022753685853254484,0.26488930539683503
2000-10-12,0.0,-0.03908331525236058,0.19877934483487808
2000-10-13,0.0,-0.029402936890554617,0.24799638377188524
2000-10-16,0.0,-0.02852808361453805,0.317819428799596
2000-10-17,0.0,-0.024632706550672807,0.3124848079730276
2000-10-18,0.0,-0.021096647256764554,0.2890737653817032
2000-10-19,0.0,-0.016006297432220755,0.33368017344996764
2000-10-20,0.0,-0.02159026725879698,0.33241279528497103
2000-10-23,0.0,-0.014536223156309409,0.3169940503079182
2000-10-24,0.0,-0.017894233292639238,0.3242829878339862
2000-10-25,0.0,-0.0007500469130926833,0.34371236150832957
2000-10-26,1.0,0.002636536367208583,0.3610591847906995
2000-10-27,1.0,0.006780964012867557,0.3289036310477348
2000-10-30,1.0,0.020580707700020663,0.3839009763138615
2000-10-31,1.0,0.016643675455013184,0.36164099985848386
2000-11-01,1.0,0.0065870192059168525,0.32451949654444756
2000-11-02,1.0,0.02130125383592015,0.33302286345381366
2000-11-03,1.0,0.015901560393124705,0.33383646158935876
2000-11-06,1.0,0.0229380686324253,0.3540841826652546
2000-11-07,1.0,0.022804726576755537,0.3174430134927292
2000-11-08,1.0,0.03594310584991555,0.35562753126613045
2000-11-09,1.0,0.029272190041403964,0.34338052778505923
2000-11-10,1.0,0.029952941487791162,0.3590435141124778
2000-11-13,1.0,0.024291179422448708,0.3629967987741937
2000-11-14,1.0,0.02352610370812673,0.3645675792209102
2000-11-15,1.0,0.015167409949206406,0.35255002898891646
2000-11-16,1.0,0.011379658291778585,0.302217627856118
2000-11-17,1.0,0.019378284790065932,0.33860113093095634
2000-11-20,1.0,0.014166126927066432,0.3483283908908446
2000-11-21,1.0,0.016415216568970145,0.3259782204993229
2000-11-22,1.0,0.023360350363471026,0.3048314245575569
2000-11-23,1.0,0.030743161899709912,0.31685371672700186
2000-11-24,1.0,0.028134374621416415,0.3325371816033302
2000-11-27,1.0,0.013975953855973808,0.24511579830560226
2000-11-28,1.0,0.017829715957746156,0.3066148254086036
2000-11-29,1.0,0.03211793233401921,0.3069546618125153
2000-11-30,1.0,0.006633523495633877,0.2615075172973005
2000-12-01,1.0,0.010523497836806275,0.27897547452913657
2000-12-04,1.0,0.004782058037058314,0.2946856305410431
2000-12-05,0.0,-0.004816608052246408,0.31603010520455016
2000-12-06,0.0,-0.024315067854796684,0.2504642196438733
2000-12-07,0.0,-0.02327404647241675,0.30927498783957447
2000-12-08,0.0,-0.01719240054037299,0.3226173466409155
2000-12-11,0.0,-0.009273063481070036,0.30131923051887244
2000-12-12,0.0,-0.011880592684265045,0.31799408703976784
2000-12-13,0.0,-0.01535610699665768,0.3052486071491461
2000-12-14,0.0,-0.01985827714733078,0.3134682417115721
2000-12-15,0.0,-0.02484948040187967,0.3044113728050227
2000-12-18,0.0,-0.024354894313595967,0.31902577473738286
2000-12-19,0.0,-0.025104353218101724,0.3244862183181606
2000-12-20,0.0,-0.03467909033102513,0.2524629301302503
2000-12-21,0.0,-0.035645132499916604,0.28357296930653325
2000-12-22,0.0,-0.03415962350290889,0.29053601954749064
2000-12-25,0.0,-0.025336537908153357,0.32610261074627833
2000-12-26,0.0,-0.029207251727128153,0.2943283494819029
2000-12-27,0.0,-0.03908266636973377,0.2867841038355474
2000-12-28,0.0,-0.027179632874298806,0.24919539961024095
2000-12-29,0.0,-0.03437663363625352,0.2952578745527248
2001-01-01,0.0,-0.03529448592648244,0.3418209936129507
2001-01-02,0.0,-0.012520017787523903,0.2494821006009342
2001-01-03,0.0,-0.008614285478586519,0.29602749624207997
2001-01-04,1.0,0.004475114684558826,0.31607021956176606
2001-01-05,0.0,-0.002240060671620486,0.309863653000958
2001-01-08,0.0,-0.010112445725885771,0.303219907179627
2001-01-09,0.0,-0.015052024537581844,0.31593399879342965
2001-01-10,0.0,-0.006057183009372588,0.29058141088115347
2001-01-11,0.0,-0.013717113536232122,0.30567730927701925
2001-01-12,0.0,-0.013906310396128704,0.3182118716951021
2001-01-15,0.0,-0.008761960817547777,0.33497083590824217
2001-01-16,0.0,-0.009914285211793689,0.3075641494465685
2001-01-17,0.0,-0.014138561846764965,0.330429669024404
2001-01-18,0.0,-0.03343893409904001,0.3144673475039077
2001-01-19,0.0,-0.022150991611615413,0.29804027817937434
2001-01-22,0.0,-0.027726804655867306,0.261502592565997
2001-01-23,0.0,-0.03784855426245798,0.2944399026095554
2001-01-24,0.0,-0.023121312783531547,0.32968934530363675
2001-01-25,0.0,-0.02252003567797374,0.3401715458990051
2001-01-26,0.0,-0.005718658360196155,0.3329406348625122
2001-01-29,1.0,0.014342574603137748,0.37246603675246137
2001-01-30,1.0,0.008799083261833712,0.3007615539069547
2001-01-31,1.0,0.004878058453432773,0.33537351115155145
2001-02-01,0.0,-0.011601926544920451,0.29902318902648395
2001-02-02,0.0,-0.017722937491856498,0.3422494075769221
2001-02-05,0.0,-0.009835524720135894,0.34699161637906295
2001-02-06,0.0,-0.01143959090939443,0.3065863831992183
2001-02-07,0.0,-0.003423358231089699,0.34830703647548555
2001-02-08,1.0,0.02444460890180036,0.3562393077438331
2001-02-09,1.0,0.041704014787203925,0.3753708614195092
2001-02-12,1.0,0.04196157835135902,0.4108891274804786
2001-02-13,1.0,0.026098304237547304,0.40015303562640386
2001-02-14,1.0,0.013759055200843895,0.4159358320396023
2001-02-15,1.0,0.018587175963014145,0.36403538724182755
2001-02-16,1.0,0.00038610039089694443,0.35061710378517186
2001-02-19,1.0,0.004227523590554013,0.45717421006766346
2001-02-20,1.0,0.018912180810308064,0.42099655516601897
2001-02-21,1.0,0.016488103585829177,0.41248927256257567
2001-02-22,1.0,0.011514231987378,0.41615764839689184
2001-02-23,1.0,0.0028634170562079064,0.42303606338014554
2001-02-26,0.0,-0.015864355379983465,0.3821521798380404
2001-02-27,0.0,-0.025293911694187765,0.42721675604039966
2001-02-28,0.0,-0.026936378184698736,0.43357790716787026
2001-03-01,0.0,-0.02554466002705169,0.46566701570274127
2001-03-02,0.0,-0.018817759574798327,0.43819092807054455
2001-03-05,0.0,-0.028926042962527647,0.47720560329422773
2001-03-06,0.0,-0.014291475379368066,0.43323662229173565
2001-03-07,0.0,-0.015358336056260488,0.4378686224140003
2001-03-08,0.0,-0.03253402127368473,0.3756130193239689
2001-03-09,0.0,-0.04400860578223732,0.3531939281738136
2001-03-12,0.0,-0.05311983186824164,0.36754858119081224
2001-03-13,0.0,-0.03882504755273622,0.3785394103824507
2001-03-14,0.0,-0.018001252075715905,0.2499977496669979
2001-03-15,0.0,-0.0019201234778024618,0.3923655081603062
2001-03-16,1.0,0.0007717538488393097,0.4194344060613967
2001-03-19,1.0,0.009921852048516623,0.4176633649120903
2001-03-20,0.0,-0.0021050624939267437,0.441900003391892
2001-03-21,0.0,-0.006486096756332382,0.4431875061432158
2001-03-22,1.0,0.013456092354103527,0.4507059619193706
2001-03-23,1.0,0.0089193114311684,0.43119302695946027
2001-03-26,1.0,0.004179337390305692,0.43922133098775573
2001-03-27,1.0,0.009891653793704684,0.4391852115591026
2001-03-28,1.0,0.008424327057324968,0.4313936615710871
2001-03-29,1.0,0.019882130740424272,0.4418311376167033
2001-03-30,1.0,0.021856698285819806,0.4307091947297034
2001-04-02,1.0,0.03272039393865366,0.3991461138890607
2001-04-03,1.0,0.028759650848627027,0.39906634795153
2001-04-04,1.0,0.02691258903994525,0.3739155994044828
2001-04-05,1.0,0.02897096077653578,0.45148612651595244
2001-04-06,1.0,0.023186139399684714,0.4383860062755294
2001-04-09,1.0,0.029733465381586655,0.4297059902093606
2001-04-10,1.0,0.027939054164537784,0.4264671179255786
2001-04-11,1.0,0.042744782459321375,0.4089583717025225
2001-04-12,1.0,0.03438192830018544,0.41033909567671323
2001-04-13,1.0,0.033380683163910026,0.452933991780562
2001-04-16,1.0,0.018808152693439488,0.35726197156673245
2001-04-17,1.0,0.027771691300144483,0.38342281480769697
2001-04-18,1.0,0.041242958534049,0.3849812440850187
2001-04-19,1.0,0.030223863528431757,0.34870412498008224
2001-04-20,1.0,0.08298855985576677,0.40805169102518846
2001-04-23,1.0,0.07871481219244092,0.40357330932409563
2001-04-24,1.0,0.07719937337239245,0.41524976087313337
2001-04-25,1.0,0.07879532151920582,0.3981812395397757
2001-04-26,1.0,0.05559031433898536,0.3946342667903819
2001-04-27,1.0,0.05173886171113744,0.36962699908827507
2001-04-30,1.0,0.05022284853467386,0.4093393246937557
2001-05-01,1.0,0.03491533863428391,0.4082793602186469
2001-05-02,1.0,0.0020694203603847344,0.3875924261880914
2001-05-03,0.0,-0.0011278196684187387,0.3585746564154274
2001-05-04,1.0,0.0033758471670129703,0.3753493241624637
2001-05-07,0.0,-0.0018796998015775193,0.3952216263468903
2001-05-08,1.0,0.0048945880848638565,0.3854408773882178
2001-05-09,0.0,-0.014171410015265354,0.3008317160880874
2001-05-10,0.0,-0.010829082673489731,0.3581713418996201
2001-05-11,1.0,0.021041750857163876,0.37700050239997873
2001-05-14,0.0,-0.0007455731939038671,0.39099930320774773
2001-05-15,1.0,0.012958344969091797,0.3600791026494428
2001-05-16,1.0,0.0003672420166136845,0.3224153631334565
2001-05-17,1.0,0.00691666390498187,0.36620554702661445
2001-05-18,0.0,-0.057250473678908884,0.19882080030752317
2001-05-21,0.0,-0.0458944134724272,0.20702898390721847
2001-05-22,0.0,-0.04186657939279012,0.43369824703928317
2001-05-23,0.0,-0.03953794408243222,0.43815614224478944
2001-05-24,0.0,-0.02281880972154354,0.25161086747021416
2001-05-25,0.0,-0.01835580842518377,0.34984921859304186
2001-05-28,0.0,-0.013415719703191449,0.43837334209226025
2001-05-29,1.0,0.007998588362771796,0.35123946407520873
2001-05-30,1.0,0.023403742787305278,0.2415843336239361
2001-05-31,1.0,0.012708076086150398,0.34762408476803747
2001-06-01,1.0,0.014129255318128624,0.381729755284527
2001-06-04,1.0,0.01419788467562039,0.3672231267622451
2001-06-05,1.0,0.005617992304223274,0.37539903924380424
2001-06-06,1.0,0.006364678917224283,0.36371702670516165
2001-06-07,0.0,-0.0037615240891042214,0.3875812471074358
2001-06-08,0.0,-0.027779564107075706,0.2699071641268974
2001-06-11,0.0,-0.005609588382322936,0.29054187381771196
2001-06-12,0.0,-0.020439210228921464,0.3259051476332186
2001-06-13,0.0,-0.014423326961105052,0.3958652144826223
2001-06-14,0.0,-0.03244524225573861,0.37107490651865443
2001-06-15,0.0,-0.015587623086113642,0.4028862144510532
2001-06-18,0.0,-0.02001178510650968,0.48534484201062245
2001-06-19,0.0,-0.019557818967089108,0.5047137907374241
2001-06-20,0.0,-0.007359738832080157,0.49715111204458934
2001-06-21,0.0,-0.012534726330088734,0.49989734316636303
2001-06-22,0.0,-0.009398392223532143,0.5257306763655206
2001-06-25,0.0,-0.01879200472873748,0.4829512795706393
2001-06-26,0.0,-0.0234485922089524,0.4003387411296586
2001-06-27,0.0,-0.017034294501825385,0.3664832537143955
2001-06-28,0.0,-0.010453707293706717,0.3896221873069097
2001-06-29,0.0,-0.012258697346594325,0.4383153756511165
2001-07-02,0.0,-0.01608112440358532,0.4407043568159269
2001-07-03,0.0,-0.004116772281247025,0.44638543394497027
2001-07-04,0.0,-0.0014939311835455377,0.482618539262804
2001-07-05,1.0,0.010123820999642739,0.4218689433220075
2001-07-06,1.0,0.008601399327833504,0.4369165220549977
2001-07-09,1.0,0.004116772281247032,0.4654722527797982
2001-07-10,1.0,0.004868923476381884,0.4671472609587413
2001-07-11,0.0,-0.0003725782457404735,0.4287264028189692
2001-07-12,1.0,0.026988699070103376,0.46284132008670464
2001-07-13,1.0,0.026574732330140974,0.4867946763451518
2001-07-16,1.0,0.03240939148172995,0.46965185367849144
2001-07-17,1.0,0.03082247296590828,0.5013420234028507
2001-07-18,1.0,0.018661353837339967,0.4643193613356101
2001-07-19,1.0,0.021289113810812797,0.45085888994574186
2001-07-20,1.0,0.033500310910409996,0.48892128634092846
2001-07-23,1.0,0.026428405474366538,0.5151690988636035
2001-07-24,1.0,0.019457295183223172,0.5057492000006043
2001-07-25,1.0,0.025079684397023606,0.4858831281679209
2001-07-26,1.0,0.03358249158645315,0.4818894094839375
2001-07-27,1.0,0.019615728874927418,0.47792256838893543
2001-07-30,1.0,0.02788284721908776,0.4778142060061315
2001-07-31,1.0,0.020783824766458774,0.472756189718049
2001-08-01,1.0,0.022908816373396916,0.4853869336148853
2001-08-02,1.0,0.026506245329242537,0.4878191705076743
2001-08-03,1.0,0.02154977950026161,0.4594215997102215
2001-08-06,1.0,0.02124791253417767,0.48173345173517756
2001-08-07,1.0,0.014834316158141694,0.4793444674580347
2001-08-08,1.0,0.01369377430909646,0.4682504383556506
2001-08-09,0.0,-0.0036543070083308645,0.37957275162538057
2001-08-10,0.0,-0.005112298883155107,0.44402561841103705
2001-08-13,0.0,-0.015337163884191455,0.4656797520252574
2001-08-14,1.0,0.03375098327970318,0.4697645062508556
2001-08-15,1.0,0.008662750437214367,0.4545809969091364
2001-08-16,1.0,0.02120093781013924,0.4637586531206733
2001-08-17,1.0,0.022309707161561786,0.36698125642279417
2001-08-20,1.0,0.04740056179495984,0.43804753013613074
2001-08-21,1.0,0.04513914828052489,0.4269291670997464
2001-08-22,1.0,0.05647018256708427,0.40678065847090517
2001-08-23,1.0,0.046445781177698105,0.42681428417662504
2001-08-24,1.0,0.06594627085931774,0.39826579093410097
2001-08-27,1.0,0.05873574136060568,0.4272938220261043
2001-08-28,1.0,0.06229772040679115,0.4185062092304849
2001-08-29,1.0,0.0688102064028742,0.4164840038967372
2001-08-30,1.0,0.05890277912675728,0.3890184025026035
2001-08-31,1.0,0.06643859168185468,0.395957022953215
2001-09-03,1.0,0.06442425501163972,0.4502257923160702
2001-09-04,1.0,0.0634680975274815,0.42538666030037425
2001-09-05,1.0,0.061996697593079284,0.4538211338304838
2001-09-06,1.0,0.05934245294401538,0.4339045259437398
2001-09-07,1.0,0.063302172329766,0.42020373063262834
2001-09-10,1.0,0.07152875185875017,0.42689743732259
2001-09-11,1.0,0.0060949252674965615,0.10743602988929152
2001-09-12,1.0,0.02344273577075042,0.17779810145709626
2001-09-13,0.0,0.0,0.3955847929294445
2001-09-14,0.0,-0.0038596539142155737,0.27705795808123845
2001-09-17,0.0,-0.028027758614978013,0.3019397561922501
2001-09-18,0.0,-0.02249260172270395,0.4188478711853057
2001-09-19,0.0,-0.02810203252069489,0.3832337056443698
2001-09-20,0.0,-0.0323914957912354,0.4237571359982733
2001-09-21,0.0,-0.041329643223961834,0.35595008827763747
2001-09-24,0.0,-0.04852226574454161,0.3790309700817567
2001-09-25,0.0,-0.04879879233435084,0.38594459005715487
2001-09-26,0.0,-0.06261936361485934,0.38016396241563155
2001-09-27,0.0,-0.05166292849907016,0.38487548701979457
2001-09-28,0.0,-0.05574524103234118,0.3942394814029006
2001-10-01,0.0,-0.04354682107716755,0.4155839794770757
2001-10-02,0.0,-0.03140884556226263,0.3763102627355127
2001-10-03,0.0,-0.03444374925741666,0.4109120396820042
2001-10-04,0.0,-0.0358247265181451,0.3968416776134865
2001-10-05,0.0,-0.03871225137659031,0.4162560079170589
2001-10-08,0.0,-0.04537872356853166,0.3989851925354719
2001-10-09,0.0,-0.027278418183676625,0.4078473024382191
2001-10-10,0.0,-0.01449813230785212,0.35468139905198254
2001-10-11,0.0,-0.016129381929883644,0.35276298078004226
2001-10-12,0.0,-0.024916754424746175,0.37933142937321385
2001-10-15,0.0,-0.011434821754381319,0.3970048607544116
2001-10-16,0.0,-0.01359834874311775,0.45713485870139736
2001-10-17,0.0,-0.014801875239425897,0.4531930864565468
2001-10-18,0.0,-0.014780370007216532,0.3655959428835741
2001-10-19,0.0,-0.01731332696092747,0.4406857594622123
2001-10-22,0.0,-0.009480472101477786,0.3739489609907659
2001-10-23,0.0,-0.008991196839917026,0.44324982703968563
2001-10-24,0.0,-0.008385029076998887,0.476739297202608
2001-10-25,0.0,-0.01599743259823538,0.47566149735631663
2001-10-26,0.0,-0.01617481878695092,0.5022269294080426
2001-10-29,0.0,-0.022157960954781543,0.5039230788815265
2001-10-30,0.0,-0.025454935169969283,0.5103410958156651
2001-10-31,0.0,-0.019134157762612364,0.497834946940224
2001-11-01,0.0,-0.020228249775471434,0.531429638779652
2001-11-02,0.0,-0.020024119943172124,0.5604627848227728
2001-11-05,0.0,-0.006112928061060937,0.5462303053192473
2001-11-06,0.0,-0.016368743922518247,0.5425292866358281
2001-11-07,0.0,-0.02269549862265439,0.5375592628147586
2001-11-08,0.0,-0.007981177863864557,0.5021025461034279
2001-11-09,0.0,-0.010507343047028581,0.5567810508576695
2001-11-12,0.0,-0.01849889531392764,0.5082501814911489
2001-11-13,0.0,-0.01726217116686322,0.5164316915116867
2001-11-14,0.0,-0.013566274806963482,0.5449581361821009
2001-11-15,0.0,-0.003273920712592427,0.5272255250060504
2001-11-16,1.0,0.013013015729008034,0.5412817012704207
2001-11-19,1.0,0.01887190829353553,0.5150319383495177
2001-11-20,1.0,0.02516696290875251,0.5288982254666534
2001-11-21,1.0,0.010923101505469863,0.5261042967674721
2001-11-22,1.0,0.012384059199721622,0.5303064586669843
2001-11-23,1.0,0.019055108807009537,0.5349119362809283
2001-11-26,1.0,0.017779858791846376,0.5413610024140874
2001-11-27,1.0,0.019196532981546808,0.5401177451860898
2001-11-28,1.0,0.018168198794420398,0.5220276970098324
2001-11-29,1.0,0.010887423821233306,0.5289974950144056
2001-11-30,1.0,0.007804740588957018,0.5288917387335671
2001-12-03,1.0,0.006112928061060797,0.5169143673514446
2001-12-04,1.0,0.011719236261786318,0.5857150289121579
2001-12-05,1.0,0.015546227778430234,0.549845471752918
2001-12-06,1.0,0.014105116310795992,0.5697839997953565
2001-12-07,1.0,0.015899160566655596,0.5792878337744999
2001-12-10,1.0,0.020294227932601907,0.5503429798092866
2001-12-11,1.0,0.02265205126513558,0.5799357191834663
2001-12-12,1.0,0.033664772598559774,0.5630443320354118
2001-12-13,1.0,0.042445743843968195,0.5828513131968094
2001-12-14,1.0,0.032158248124085666,0.4905817989099489
2001-12-17,1.0,0.024153189759706352,0.545167653635667
2001-12-18,1.0,0.01486489944274495,0.5305670811856448
2001-12-19,1.0,0.039060530963108894,0.5063302878950846
2001-12-20,1.0,0.027844026171173396,0.5692830886262727
2001-12-21,1.0,0.01922793793873499,0.5223727108392738
2001-12-24,1.0,0.016054572442279327,0.5638672390420221
2001-12-25,1.0,0.011591748163785151,0.5327265151166767
2001-12-26,0.0,-0.00046542435009472896,0.5397489884963849
2001-12-27,1.0,0.006942099350730478,0.5022268243426488
2001-12-28,1.0,0.010431749275019947,0.5256562640426016
2001-12-31,0.0,-0.0010760402759920605,0.4977171241858611
2002-01-01,1.0,0.010342460236046729,0.5372983051660688
2002-01-02,1.0,0.011237075345738349,0.4936014910149334
2002-01-03,1.0,0.014617016040174782,0.4621292476002264
2002-01-04,1.0,0.025833000576911996,0.4646811516118159
2002-01-07,1.0,0.039220713153281114,0.4450973824273116
2002-01-08,1.0,0.06419130085641843,0.46333373213538714
2002-01-09,1.0,0.044933972479258094,0.3593771705150282
2002-01-10,1.0,0.05039364064986371,0.3473139595504928
2002-01-11,1.0,0.05480823649499495,0.4449335401171056
2002-01-14,1.0,0.05063506762661506,0.45080189034937435
2002-01-15,1.0,0.05335510556300214,0.4539228929100525
2002-01-16,1.0,0.04127461712777708,0.3749474515764244
2002-01-17,1.0,0.054632195653065194,0.4186368792725732
2002-01-18,1.0,0.04920152961465942,0.47078846527853896
2002-01-21,1.0,0.052398682159557126,0.4784529432155881
2002-01-22,1.0,0.038606776778733136,0.4614852531448312
2002-01-23,1.0,0.042761026542248684,0.4367771266758778
2002-01-24,1.0,0.048178907813737515,0.4749636135219995
2002-01-25,1.0,0.04649561676211963,0.4746671910039292
2002-01-28,1.0,0.048679078218699816,0.4937316161385004
2002-01-29,1.0,0.05487919370782543,0.42824253027275927
2002-01-30,1.0,0.051506113173158626,0.4523408905415776
2002-01-31,1.0,0.04836031220888329,0.457956022531012
2002-02-01,1.0,0.04073116070066544,0.3975689272140199
2002-02-04,1.0,0.02369092478907484,0.4336981200353196
2002-02-05,0.0,-0.012172593242597252,0.3413169821045115
2002-02-06,0.0,-0.011854499534548481,0.35058060042070055
2002-02-07,0.0,-0.03928048581793115,0.4180190024448028
2002-02-08,0.0,-0.04718651243489709,0.3899232686607564
2002-02-11,0.0,-0.03065698634279348,0.423699252031257
2002-02-12,0.0,-0.021546027901433385,0.4381051681813423
2002-02-13,0.0,-0.01991290906621361,0.4366215445648068
2002-02-14,0.0,-0.029600469776290744,0.47095623786560975
2002-02-15,0.0,-0.026536682162623126,0.4434269752799756
2002-02-18,0.0,-0.01755025395574541,0.456523192246056
2002-02-19,1.0,0.0003411222956495693,0.38295057401999727
2002-02-20,1.0,0.0034252473974759525,0.4135029556044127
2002-02-21,1.0,0.0013654209323972668,0.402583582031007
2002-02-22,1.0,0.016935205757582835,0.4195614960573962
2002-02-25,1.0,0.019296468743780285,0.4425773288925241
2002-02-26,0.0,-0.0033641747456320988,0.3839900420131904
2002-02-27,1.0,0.01862599325882971,0.4158073912797484
2002-02-28,1.0,0.02036118405296049,0.452268496937516
2002-03-01,1.0,0.014980306768581362,0.43026342495822895
2002-03-04,1.0,0.021660293671622474,0.4528683020353344
2002-03-05,1.0,0.03968510084031,0.44339543793077785
2002-03-06,1.0,0.030368913800179385,0.5147889579626315
2002-03-07,1.0,0.03878227107707697,0.47864727177690636
2002-03-08,1.0,0.034930645215660756,0.5233508239537666
2002-03-11,1.0,0.033155946410432076,0.5089392308221719
2002-03-12,1.0,0.01586798993434201,0.5004920735785717
2002-03-13,1.0,0.026574049432995808,0.5361970378719093
2002-03-14,1.0,0.038229796474345316,0.5224812098566997
2002-03-15,1.0,0.04087026089549412,0.5326032724404944
2002-03-18,1.0,0.0245783953348548,0.5284523339280731
2002-03-19,1.0,0.019588603378189975,0.5390905744209199
2002-03-20,1.0,0.03229885469571556,0.5426919598217933
2002-03-21,1.0,0.035191298933360336,0.5539845337380455
2002-03-22,1.0,0.015331078483812427,0.49409724956693607
2002-03-25,1.0,0.01547065705516615,0.5568901941394122
2002-03-26,1.0,0.02298568885380694,0.54999171952563
2002-03-27,1.0,0.005507657014063629,0.4759419572453777
2002-03-28,1.0,0.016385750848803126,0.5373537646158407
2002-03-29,1.0,0.028340658980764828,0.5975473785904539
2002-04-01,1.0,0.02522714951528453,0.5640016506888501
2002-04-02,1.0,0.008464969967073573,0.5262430242953368
2002-04-03,1.0,0.02028533487385638,0.5016685334970512
2002-04-04,1.0,0.022502386608343517,0.5245508950668438
2002-04-05,1.0,0.03889379112127332,0.5026377757339362
2002-04-08,1.0,0.038516510313770756,0.5213490913627093
2002-04-09,1.0,0.04230138870715309,0.5382045233997399
2002-04-10,1.0,0.02264619260338741,0.48497998036448714
2002-04-11,1.0,0.022707828610985546,0.522962932085671
2002-04-12,1.0,0.029030088153461413,0.5193835061174554
2002-04-15,1.0,0.03602813110082776,0.4966924075172229
2002-04-16,1.0,0.028519199795812744,0.4973299940597063
2002-04-17,1.0,0.02291050952053215,0.4620276373181668
2002-04-18,1.0,0.020212587064532342,0.46730256017845384
2002-04-19,1.0,0.028368384241806825,0.5187275043936165
2002-04-22,1.0,0.04218125518627266,0.5169597839523282
2002-04-23,1.0,0.04034106216103777,0.5276127401798688
2002-04-24,1.0,0.044701976147298005,0.5496984477848722
2002-04-25,1.0,0.04574403980640051,0.4928424019839143
2002-04-26,1.0,0.02912058911480521,0.47213340794628694
2002-04-29,1.0,0.028987536873252187,0.526496841395327
2002-04-30,1.0,0.0499550675409057,0.5366631866764341
2002-05-01,1.0,0.05144712870829078,0.5176178505239519
2002-05-02,1.0,0.0543663652932586,0.5423679173556418
2002-05-03,1.0,0.045740157791870864,0.47979177190361433
2002-05-06,1.0,0.047981701196472944,0.5216220054952623
2002-05-07,1.0,0.05131737500947402,0.49398005968739556
2002-05-08,1.0,0.042255333179443605,0.4867806776019008
2002-05-09,1.0,0.05070355502716927,0.5388167837339084
2002-05-10,1.0,0.040635511934937495,0.5244503550469749
2002-05-13,1.0,0.026037349599009225,0.523987824628654
2002-05-14,1.0,0.0426341010535581,0.4935664093195759
2002-05-15,1.0,0.03247141880736621,0.5077344838712202
2002-05-16,1.0,0.02643466027068461,0.5221874058306022
2002-05-17,1.0,0.02633400904656944,0.5046198746159158
2002-05-20,1.0,0.002844502550061885,0.44809571532581277
2002-05-21,1.0,0.01226044908339019,0.5103415066154451
2002-05-22,1.0,0.009079586483107624,0.5023882843895383
2002-05-23,1.0,0.005882369903066392,0.42543313144176265
2002-05-24,1.0,0.012709408521229443,0.5219047434279953
2002-05-27,1.0,0.006846144679542812,0.5350929651479954
2002-05-28,0.0,-0.008983951379257943,0.45799672892418486
2002-05-29,0.0,-0.018004521737829134,0.47892416399882326
2002-05-30,0.0,-0.02114177921296194,0.48596205647509766
2002-05-31,0.0,-0.037757995359153834,0.449898640201817
2002-06-03,0.0,-0.0388972495263868,0.4757473456219552
2002-06-04,0.0,-0.046512753338918036,0.48036986038068147
2002-06-05,0.0,-0.032566899572468846,0.4487912986500472
2002-06-06,0.0,-0.046834454601589984,0.4465351880321314
2002-06-07,0.0,-0.03902934390573523,0.45711202180056326
2002-06-10,0.0,-0.019623987869983362,0.42376213781329797
2002-06-11,0.0,-0.01316839847053132,0.44101487879753937
2002-06-12,0.0,-0.009125299319755304,0.47683731094351467
2002-06-13,0.0,-0.0051997280945701874,0.48025625933166854
2002-06-14,0.0,-0.010387251089290476,0.4583253192070731
2002-06-17,1.0,0.004094493909275005,0.5083868606749294
2002-06-18,0.0,-0.005639996150496561,0.49503980952902094
2002-06-19,0.0,-0.010023576483982196,0.5156077411348365
2002-06-20,0.0,-0.01869504518254952,0.5010129392148668
2002-06-21,0.0,-0.0021584960585294536,0.527133134936818
2002-06-24,1.0,0.002168526252518005,0.5040423607480082
2002-06-25,0.0,-0.02552927804111753,0.4973100489982738
2002-06-26,0.0,-0.02537804713373128,0.4899033139881327
2002-06-27,0.0,-0.026103662641628937,0.5350467275437458
2002-06-28,0.0,-0.03462008633475412,0.44494462545334657
2002-07-01,0.0,-0.040802162890788585,0.5391238034696091
2002-07-02,0.0,-0.026551665009329567,0.5402188742729582
2002-07-03,0.0,-0.02472876943878372,0.5317076901576269
2002-07-04,0.0,-0.019825153696317165,0.5903224053767288
2002-07-05,0.0,-0.013572675637212506,0.5936831217344153
2002-07-08,0.0,-0.015137165036120523,0.5538997896741494
2002-07-09,0.0,-0.03370023659786245,0.5227013607209656
2002-07-10,0.0,-0.007296986692503532,0.5674565787446649
2002-07-11,0.0,-0.018656365074528045,0.548890583135689
2002-07-12,0.0,-0.004757382902269117,0.5927721800535004
2002-07-15,0.0,-0.012334122208444284,0.548173384537939
2002-07-16,0.0,-0.008203232623881338,0.5692528313655315
2002-07-17,0.0,-0.019069384457682692,0.5981241143258387
2002-07-18,0.0,-0.01043322774047419,0.621708198243888
2002-07-19,0.0,-0.031355445335847804,0.5080671647933923
2002-07-22,0.0,-0.05208352811788359,0.5864963499794028
2002-07-23,0.0,-0.01220506559080718,0.49193313463353333
2002-07-24,0.0,-0.010334340318337597,0.5579261747731238
2002-07-25,0.0,-0.009722974020478687,0.6274889108705779
2002-07-26,1.0,0.010805606120650133,0.4835580461193299
2002-07-29,1.0,0.02254997511703987,0.6032476587050494
2002-07-30,1.0,0.02591238098563965,0.5898368863415303
2002-07-31,1.0,0.021187233219443845,0.5903765677781525
2002-08-01,1.0,0.028476281025474285,0.5456419548828175
2002-08-02,1.0,0.01741698599400196,0.5819102424377818
2002-08-05,1.0,0.013217471597434992,0.599493529160615
2002-08-06,1.0,0.02514233967729222,0.6177793135977457
2002-08-07,1.0,0.0019087010725527948,0.5185528075373819
2002-08-08,1.0,0.027307618402945967,0.6126983562408861
2002-08-09,1.0,0.017958894760804856,0.5856388481222623
2002-08-12,1.0,0.022030788739072767,0.6298810877476896
2002-08-13,1.0,0.00663090525592894,0.6681635804276227
2002-08-14,1.0,0.019069384457682723,0.6008977836506213
2002-08-15,1.0,0.013886920341413471,0.6304788355614488
2002-08-16,1.0,0.009194738209407676,0.6640718181857272
2002-08-19,1.0,0.0342872420254381,0.5574685580530248
2002-08-20,1.0,0.028354878277663947,0.6463811880629426
2002-08-21,1.0,0.039152040624450886,0.6452207394104266
2002-08-22,1.0,0.05172472711719365,0.6543079366144848
2002-08-23,1.0,0.04800667480924308,0.6381128486325266
2002-08-26,1.0,0.043629489466596456,0.6139761577281867
2002-08-27,1.0,0.04195324889508441,0.6009901410665376
2002-08-28,1.0,0.03859406702340981,0.6127072266865715
2002-08-29,1.0,0.020837375868035017,0.6049303420038831
2002-08-30,1.0,0.022760584238448737,0.6279168284071707
2002-09-02,1.0,0.03554951249758807,0.6485803447977808
2002-09-03,1.0,0.019543569236074684,0.5990799023967914
2002-09-04,1.0,0.026346200031231944,0.6158817999204644
2002-09-05,1.0,0.007489502944360727,0.5889879318405393
2002-09-06,1.0,0.00622570104245315,0.6139158810962105
2002-09-09,1.0,0.003728449246956731,0.6016105314810686
2002-09-10,1.0,0.0015723273679523711,0.6202693743120095
2002-09-11,1.0,0.007527085875470201,0.6237301373543868
2002-09-12,0.0,-0.006919354544829902,0.6210758202662008
2002-09-13,0.0,-0.0003156565682775729,0.6098628001440598
2002-09-16,1.0,0.001573812096957907,0.6186416763596002
2002-09-17,0.0,-0.01519256947400457,0.58801801045037
2002-09-18,0.0,-0.018271102068991955,0.5690390354415664
2002-09-19,0.0,-0.037496516192447316,0.587839183146782
2002-09-20,0.0,-0.02929343314027884,0.5814273237536306
2002-09-23,0.0,-0.03815090663674004,0.5836421510177825
2002-09-24,0.0,-0.04099447605078543,0.5739683544302155
2002-09-25,0.0,-0.032484723262501417,0.6006948894767158
2002-09-26,0.0,-0.026596470333152912,0.5898079991149174
2002-09-27,0.0,-0.019249568821928412,0.6143018519756483
2002-09-30,0.0,-0.024719656689640577,0.572507533052572
2002-10-01,0.0,-0.010985672315504564,0.619065705994448
2002-10-02,0.0,-0.02190668108586677,0.6194176460680878
2002-10-03,0.0,-0.012199087787445823,0.623528666936476
2002-10-04,0.0,-0.00778820136034465,0.6241573230744387
2002-10-07,0.0,-0.01216863689388916,0.6486436458336143
2002-10-08,0.0,-0.0015723273679525212,0.6073528602831154
2002-10-09,0.0,-0.005954263909211406,0.6393493265776515
2002-10-10,1.0,0.01316839847053133,0.6174519687764537
2002-10-11,1.0,0.015040233379623675,0.658042183172617
2002-10-14,1.0,0.011880708762819188,0.6512691377399086
2002-10-15,1.0,0.03417260407814746,0.5564323468576499
2002-10-16,1.0,0.014518165686027658,0.629100537696086
2002-10-17,1.0,0.021598425737361406,0.580567203673815
2002-10-18,1.0,0.0243144279888937,0.610077870227356
2002-10-21,1.0,0.02569938389742186,0.6173084945592078
2002-10-22,1.0,0.01867142849664489,0.6359077004791156
2002-10-23,1.0,0.018736654825622517,0.6458567969405775
2002-10-24,1.0,0.019069384457682723,0.6316679881301791
2002-10-25,1.0,0.02268170947651663,0.6487741964666007
2002-10-28,1.0,0.007888964865166407,0.6607819423514886
2002-10-29,1.0,0.004722930693508256,0.6469014584648768
2002-10-30,1.0,0.002212390282940642,0.687224033485591
2002-10-31,1.0,0.00031466331285449493,0.6680476414126321
2002-11-01,0.0,-0.005016470780151025,0.6508685133470125
2002-11-04,0.0,-0.0021998751800793976,0.6599235779580714
2002-11-05,1.0,0.009397093426182451,0.672908301534745
2002-11-06,1.0,0.012494305905850303,0.6695308794714928
2002-11-07,1.0,0.011150804714438281,0.652403000174995
2002-11-08,1.0,0.014510906056031071,0.6516519603511737
2002-11-11,1.0,0.013122534890471632,0.6406089162085051
2002-11-12,0.0,-0.002159828053429897,0.6208826995307989
2002-11-13,1.0,0.01770232562447388,0.579540871619385
2002-11-14,1.0,0.04003613986291606,0.6522277445636322
2002-11-15,1.0,0.038554568575279814,0.6443278920908299
2002-11-18,1.0,0.053069320078641215,0.6559743891888156
2002-11-19,1.0,0.05430646460250904,0.6687738200332889
2002-11-20,1.0,0.07687947126566268,0.6660688608508746
2002-11-21,1.0,0.08418720282486114,0.6821831753664084
2002-11-22,1.0,0.05955219633658456,0.6265829432380065
2002-11-25,1.0,0.08290373271247294,0.6602418066204906
2002-11-26,1.0,0.08487570190095926,0.6857185223752655
2002-11-27,1.0,0.08209269656459667,0.6988329430324364
2002-11-28,1.0,0.09535308076745797,0.6914552175258529
2002-11-29,1.0,0.09326502845827007,0.7075748482432125
2002-12-02,1.0,0.07804412418519635,0.6807150802713151
2002-12-03,1.0,0.08168414411892962,0.6448413647016527
2002-12-04,1.0,0.07732887203002409,0.6395784123000638
2002-12-05,1.0,0.0638355943333768,0.6320419303762751
2002-12-06,1.0,0.07383426201105234,0.6107532723111194
2002-12-09,1.0,0.07460083928124782,0.656088457431772
2002-12-10,1.0,0.07007336862070564,0.6433153260217224
2002-12-11,1.0,0.08488763146706019,0.6546889788397001
2002-12-12,1.0,0.06288621343249148,0.5630456778993207
2002-12-13,1.0,0.0628204770316059,0.591384920396434
2002-12-16,1.0,0.05180556475871592,0.581641511129029
2002-12-17,1.0,0.0424420623477335,0.5583741824913317
2002-12-18,1.0,0.021614674334489836,0.48904605246482713
2002-12-19,1.0,0.03385814167545749,0.45001742063677214
2002-12-20,1.0,0.045325411897670566,0.4710209643485897
2002-12-23,1.0,0.028801534578687792,0.5236156105306985
2002-12-24,1.0,0.031807310072566666,0.5428904077974067
2002-12-25,1.0,0.051024245546291515,0.5459543995924101
2002-12-26,1.0,0.03760791167638001,0.485342444369158
2002-12-27,1.0,0.05297405720566842,0.5111344747265528
2002-12-30,1.0,0.0729329144354949,0.46161169204182884
2002-12-31,1.0,0.0591277737968136,0.4762432361638101
2003-01-01,1.0,0.050150564432560614,0.5660789075282209
2003-01-02,1.0,0.06786523117142597,0.4847848917730906
2003-01-03,1.0,0.04699224316677029,0.43699941443898443
2003-01-06,1.0,0.05483860376818704,0.468742218384447
2003-01-07,1.0,0.09341034628716821,0.4497023122588391
2003-01-08,1.0,0.04997041654666433,0.4191078792073492
2003-01-09,1.0,0.047878540910552075,0.4635230062126497
2003-01-10,1.0,0.04141378555075717,0.47806081949148727
2003-01-13,1.0,0.021209110891329357,0.5173735607080447
2003-01-14,1.0,0.035041265315654394,0.5110035481309777
2003-01-15,1.0,0.005685871750353147,0.48902117344713175
2003-01-16,0.0,-0.0025210097385481487,0.4507652134196749
2003-01-17,0.0,-0.014122533829142254,0.509982219883953
2003-01-20,0.0,-0.02909088643255836,0.5244384432597303
2003-01-21,0.0,-0.04050175695947525,0.48856010450626075
2003-01-22,0.0,-0.03486927138899879,0.47667643633701356
2003-01-23,0.0,-0.03019941504746614,0.4651308309837423
2003-01-24,0.0,-0.046979177704532915,0.4607991270687347
2003-01-27,0.0,-0.03272219356654875,0.4688415912908774
2003-01-28,0.0,-0.0482689729989312,0.48978917531060606
2003-01-29,0.0,-0.032211586790971074,0.47166167028910916
2003-01-30,0.0,-0.06960058952449445,0.46018607708128495
2003-01-31,0.0,-0.050700176679177165,0.49804706598430976
2003-02-03,0.0,-0.06112164599973218,0.5125444421085327
2003-02-04,0.0,-0.07345244935083162,0.4215231248107364
2003-02-05,0.0,-0.050196667290014554,0.3161154485886838
2003-02-06,0.0,-0.038005400060615126,0.42100456421401233
2003-02-07,0.0,-0.052753382608338915,0.42916530746041615
2003-02-10,0.0,-0.021491198340308465,0.37436086213319647
2003-02-11,0.0,-0.0370355679709417,0.4327340632748628
2003-02-12,0.0,-0.020043620188055774,0.3157097241730786
2003-02-13,0.0,-0.06428613397432502,0.3712261892596344
2003-02-14,0.0,-0.04419966417355546,0.37318463342078756
2003-02-17,0.0,-0.026390624080681206,0.37932183215437243
2003-02-18,0.0,-0.01673065147890137,0.3894814066949591
2003-02-19,0.0,-0.03791094028881106,0.3994968288139179
2003-02-20,0.0,-0.058453453185434844,0.4466734676390289
2003-02-21,0.0,-0.07473213379899549,0.4747804147195841
2003-02-24,0.0,-0.08180293287725168,0.4552644916046445
2003-02-25,0.0,-0.06851591506868107,0.42904734083949725
2003-02-26,0.0,-0.07043518185383034,0.5123432898656042
2003-02-27,0.0,-0.048030574311413464,0.4329971444525621
2003-02-28,0.0,-0.05310722754361459,0.525544562685728
2003-03-03,0.0,-0.03379782722699497,0.553502055032555
2003-03-04,0.0,-0.05602161161651325,0.5659654652935717
2003-03-05,0.0,-0.06908379022081926,0.5604272003461411
2003-03-06,0.0,-0.0910386141902456,0.580343450205207
2003-03-07,0.0,-0.07455765929969925,0.5110329563205674
2003-03-10,0.0,-0.09276018229685197,0.5809705554431668
2003-03-11,0.0,-0.08291054525616752,0.5595461325004798
2003-03-12,0.0,-0.056214620486129,0.5775330739363577
2003-03-13,0.0,-0.023605272151321476,0.4364428616341662
2003-03-14,0.0,-0.02498624868072835,0.523936483522234
2003-03-17,0.0,-0.03538318913018207,0.4886182381235994
2003-03-18,0.0,-0.038930685657825814,0.5462849010614116
2003-03-19,0.0,-0.030172752001684504,0.5487305557171605
2003-03-20,0.0,-0.015468916277606971,0.5520191172052963
2003-03-21,0.0,-0.0003067484686630562,0.49198203767858717
2003-03-24,1.0,0.01176129359621589,0.5459194270251152
2003-03-25,1.0,0.013303295212754503,0.5283055863265632
2003-03-26,1.0,0.003023433897997351,0.5913215807872573
2003-03-27,1.0,0.015670050941026626,0.5567162634474995
2003-03-28,1.0,0.004209899466883973,0.5954470787834562
2003-03-31,0.0,-0.010725560885537616,0.5737984017354582
2003-04-01,0.0,-0.0020920509722239518,0.5935153080115347
2003-04-02,1.0,0.025730664102223768,0.5454736657018083
2003-04-03,1.0,0.04948535821144432,0.5531250075206405
2003-04-04,1.0,0.04621977928379083,0.5954019228362202
2003-04-07,1.0,0.05773435416438375,0.5485937178345791
2003-04-08,1.0,0.06449010788201233,0.5623019394260592
2003-04-09,1.0,0.04545557514826833,0.539312215110644
2003-04-10,1.0,0.06548547731835357,0.5701107629508597
2003-04-11,1.0,0.060615656141521236,0.5393937512760337
2003-04-14,1.0,0.07813468332141556,0.5616998047940035
2003-04-15,1.0,0.073833166851548,0.5552469598576939
2003-04-16,1.0,0.07663197058724215,0.5725260426422318
2003-04-17,1.0,0.07307033873839297,0.6026902231800346
2003-04-18,1.0,0.08466932066960367,0.5989927375080858
2003-04-21,1.0,0.0935233811757525,0.5463050641498715
2003-04-22,1.0,0.09995473081597671,0.5928458505408873
2003-04-23,1.0,0.11481006730304628,0.5855530112971806
2003-04-24,1.0,0.09301068699237341,0.59427594228333
2003-04-25,1.0,0.10122594859521158,0.6129399966855301
2003-04-28,1.0,0.10375671415542036,0.5738930943205489
2003-04-29,1.0,0.09142694434922445,0.6077336634978249
2003-04-30,1.0,0.0753625385704403,0.5600385717763204
2003-05-01,1.0,0.07739444580743031,0.5703984789941234
2003-05-02,1.0,0.06665352886155998,0.56986440655013
2003-05-05,1.0,0.06668194916148087,0.5674218000527163
2003-05-06,1.0,0.059213913022044574,0.5460112438385007
2003-05-07,1.0,0.054668676008941985,0.5008916931156354
2003-05-08,1.0,0.05605035398700989,0.45692885633504254
2003-05-09,1.0,0.042685126553294477,0.5215383025772535
2003-05-12,1.0,0.029731540664181186,0.49434513282818465
2003-05-13,1.0,0.006552729999513478,0.4932449045666953
2003-05-14,1.0,0.009038332959639614,0.44359649474595697
2003-05-15,1.0,0.004252912562822399,0.45741153762353315
2003-05-16,1.0,0.005341592683895042,0.4445234031573769
2003-05-19,0.0,-0.019576031810466545,0.4495350365934826
2003-05-20,0.0,-0.012580502309963005,0.494370791219539
2003-05-21,0.0,-0.03896775093749033,0.46934534106041514
2003-05-22,0.0,-0.015651060827800222,0.465879972375057
2003-05-23,0.0,-0.03131926620351438,0.47974299619589666
2003-05-26,0.0,-0.047980447526001536,0.5083132077067406
2003-05-27,0.0,-0.0545679154248903,0.4278274071834355
2003-05-28,0.0,-0.04955747669509028,0.44172250996090506
2003-05-29,0.0,-0.07039631256711604,0.4300356989074439
2003-05-30,0.0,-0.0541205755388204,0.4271206579959637
2003-06-02,0.0,-0.05462923664175907,0.43225378790880253
2003-06-03,0.0,-0.0405083316482385,0.46851687360703526
2003-06-04,0.0,-0.027415889965229454,0.42550836832423267
2003-06-05,0.0,-0.048905425049000216,0.37472537202480793
2003-06-06,0.0,-0.036108036787404506,0.395110104596805
2003-06-09,0.0,-0.03830914865222171,0.42533737195759436
2003-06-10,0.0,-0.02210827915221451,0.3510635617106102
2003-06-11,0.0,-0.03170788337630717,0.41764281453656266
2003-06-12,0.0,-0.022894117682159133,0.4237320008966079
2003-06-13,0.0,-0.03263094951477424,0.41721145118733566
2003-06-16,0.0,-0.03355116877078213,0.43694833659404264
2003-06-17,0.0,-0.06011731966413832,0.44587627852352096
2003-06-18,0.0,-0.039383032188902954,0.4317419670785017
2003-06-19,0.0,-0.04702750105557892,0.4270696349404937
2003-06-20,0.0,-0.028754659816062084,0.445983977152993
2003-06-23,0.0,-0.0035473609387983093,0.4626272279776345
2003-06-24,1.0,0.011325474076183532,0.40905205851425225
2003-06-25,1.0,0.03465448250636069,0.48206267610370845
2003-06-26,1.0,0.04959928445091646,0.4506917053142712
2003-06-27,1.0,0.049445099474895705,0.46518283974434993
2003-06-30,1.0,0.05271405137783875,0.48530150905647645
2003-07-01,1.0,0.03115604232956648,0.4422760786194574
2003-07-02,1.0,0.013703682697160291,0.5059696859203096
2003-07-03,1.0,0.009071642651235681,0.5226420171476542
2003-07-04,0.0,-0.013486574574263437,0.5529886659121978
2003-07-07,1.0,0.0034398772632228485,0.5051516817637857
2003-07-08,1.0,0.021824268925937463,0.48367387712244914
2003-07-09,1.0,0.02068147819128143,0.5390017617751321
2003-07-10,1.0,0.02119512251203555,0.5357886316595378
2003-07-11,1.0,0.03291129714767299,0.5679129968830927
2003-07-14,1.0,0.04104080156210832,0.5642543759763889
2003-07-15,1.0,0.04653994290037457,0.49851647086819145
2003-07-16,1.0,0.05424338481177164,0.5603290506964592
2003-07-17,1.0,0.059677195373824904,0.5745264246333345
2003-07-18,1.0,0.046421836851249176,0.5647978922958704
2003-07-21,1.0,0.018589466445429952,0.5552761883273543
2003-07-22,1.0,0.031708604852259514,0.5926423018477862
2003-07-23,1.0,0.018184824017911865,0.5587213918506588
2003-07-24,0.0,-0.0024916956413094504,0.5639845358532042
2003-07-25,1.0,0.0005511919665523763,0.6007572065967337
2003-07-28,0.0,-0.010737988639476795,0.571927684458309
2003-07-29,1.0,0.007159606516085061,0.6174331809507622
2003-07-30,1.0,0.04445786305185679,0.6032883745962285
2003-07-31,1.0,0.042271486746843924,0.625553049031502
2003-08-01,1.0,0.08151941100798638,0.5558515107161244
2003-08-04,1.0,0.07203112820888272,0.6270894094763153
2003-08-05,1.0,0.054986225672208205,0.6122372645319574
2003-08-06,1.0,0.060933951451426195,0.6038604979336698
2003-08-07,1.0,0.05647328003487143,0.5845800436867034
2003-08-08,1.0,0.05613788237393159,0.5767874014611588
2003-08-11,1.0,0.03636270920143466,0.5699597488753595
2003-08-12,1.0,0.06533155295704876,0.5731671138564011
2003-08-13,1.0,0.04777871633367504,0.5161644222341067
2003-08-14,1.0,0.038069199627209456,0.5338895176743399
2003-08-15,1.0,0.031125652027869172,0.5843352368341291
2003-08-18,1.0,0.042879315878485674,0.5612629521806172
2003-08-19,1.0,0.030466112584469924,0.5475660220016406
2003-08-20,1.0,0.028265677175327675,0.5646560875657458
2003-08-21,1.0,0.042334363826560736,0.5415531405516936
2003-08-22,1.0,0.050762777603543655,0.5394450193406877
2003-08-25,1.0,0.06911281815696053,0.5775398879499636
2003-08-26,1.0,0.054204404890766736,0.5346248569788904
2003-08-27,1.0,0.04282240814121577,0.5035001937577287
2003-08-28,1.0,0.04159540022089326,0.5845223230509984
2003-08-29,1.0,0.014013978686776344,0.5356545214312305
2003-09-01,1.0,0.017683226677150953,0.5785249818973199
2003-09-02,1.0,0.03539257558665207,0.5135411297854683
2003-09-03,1.0,0.02873912527306402,0.5330948035376333
2003-09-04,1.0,0.025126950077421644,0.5338715183438684
2003-09-05,0.0,-0.02088708949998167,0.4942315568571103
2003-09-08,0.0,-0.0061481081123991276,0.5642845066435973
2003-09-09,0.0,-0.016335496959798797,0.530198762933387
2003-09-10,0.0,-0.013762292108960399,0.5597196679468417
2003-09-11,0.0,-0.026927780030970204,0.5394668651085055
2003-09-12,0.0,-0.005880011596047956,0.5021806807222785
2003-09-15,1.0,0.001869658664293201,0.5066300019137646
2003-09-16,1.0,0.005344034094271511,0.5005751483048647
2003-09-17,0.0,-0.01013747510543261,0.5087048754586785
2003-09-18,0.0,-0.012567010309238666,0.49971918624085504
2003-09-19,0.0,-0.027075310163090713,0.4691619628061603
2003-09-22,0.0,-0.036166740101891755,0.4882164515514384
2003-09-23,0.0,-0.010450780943717415,0.5217489257168706
2003-09-24,0.0,-0.007744972237340298,0.5220957377591046
2003-09-25,0.0,-0.0028586298052970427,0.44935041739337117
2003-09-26,1.0,0.02001626483645409,0.4762564893087774
2003-09-29,1.0,0.014801620530786666,0.4955616968365808
2003-09-30,0.0,-0.0065087446648697785,0.47677227859669585
2003-10-01,1.0,0.0045380953084881,0.5124895780347372
2003-10-02,1.0,0.001826722846172886,0.4899610448744602
2003-10-03,1.0,0.03900733318780941,0.2977843637773718
2003-10-06,1.0,0.009872011870531409,0.49017819568637727
2003-10-07,1.0,0.008201104166646059,0.4906173624967731
2003-10-08,1.0,0.016125118096676345,0.4940911580561546
2003-10-09,1.0,0.02640153347231843,0.4331218149149271
2003-10-10,1.0,0.026453070045306608,0.512226134865179
2003-10-13,1.0,0.02944869041315577,0.4897575860276027
2003-10-14,1.0,0.03328399482638699,0.5136440131010337
2003-10-15,1.0,0.055033442398486315,0.5162334125178398
2003-10-16,1.0,0.0600467449831089,0.5201526136778808
2003-10-17,1.0,0.06736816117618999,0.5294663121183897
2003-10-20,1.0,0.046319111565909656,0.562037227671561
2003-10-21,1.0,0.046191662323783154,0.5221324876323203
2003-10-22,1.0,0.02356364626513023,0.5386593466767666
2003-10-23,1.0,0.026199007122393276,0.562132833602095
2003-10-24,1.0,0.01911860425503754,0.5201125995815704
2003-10-27,1.0,0.009057963217660666,0.5776243747919706
2003-10-28,1.0,0.02170347429523051,0.5524147171402247
2003-10-29,1.0,0.02592241172053528,0.5480089351067151
2003-10-30,1.0,0.030048485684276007,0.5248512975701923
2003-10-31,1.0,0.035535436284748596,0.5529503967708657
2003-11-03,1.0,0.06575741160078903,0.5357035252799854
2003-11-04,1.0,0.06057037654254103,0.5933170881270733
2003-11-05,1.0,0.05955200394749679,0.5768598283606338
2003-11-06,1.0,0.05827635694128981,0.5866271170394798
2003-11-07,1.0,0.05904932823638387,0.5498873801342933
2003-11-10,1.0,0.05249091870328428,0.5673747227421657
2003-11-11,1.0,0.05100326651061615,0.6047700288321586
2003-11-12,1.0,0.028519756590907715,0.5346691269172218
2003-11-13,1.0,0.025764306540587534,0.5669075150727302
2003-11-14,1.0,0.028027628260493872,0.5574711747470122
2003-11-17,1.0,0.04671178857631857,0.4624915424328167
2003-11-18,1.0,0.021092593383100204,0.5381028355338374
2003-11-19,1.0,0.043345071381609826,0.5414156205728772
2003-11-20,1.0,0.040492367376278794,0.5641337535056564
2003-11-21,1.0,0.033030069912168496,0.5807365300593386
2003-11-24,1.0,0.04634467492480134,0.5567285008201898
2003-11-25,1.0,0.048638015063014385,0.5828712329731178
2003-11-26,1.0,0.03809042146138073,0.5132640247162923
2003-11-27,1.0,0.043808044167144525,0.5829149901075915
2003-11-28,1.0,0.03480114273625439,0.575851870093747
2003-12-01,1.0,0.030192173698872678,0.5320449543418584
2003-12-02,1.0,0.03172932428933534,0.5205068010244711
2003-12-03,1.0,0.026092677553245746,0.5417597979330396
2003-12-04,1.0,0.03200859625761283,0.5257469525989399
2003-12-05,1.0,0.023109761115482647,0.4998286587099232
2003-12-08,1.0,0.04070889654532595,0.5348694051114349
2003-12-09,1.0,0.03395462232293123,0.5399904408321188
2003-12-10,1.0,0.03656581701788004,0.5179638962669743
2003-12-11,1.0,0.04568679361163632,0.5415849092650826
2003-12-12,1.0,0.04198262682840964,0.551119333600331
2003-12-15,1.0,0.035246995560037755,0.5010976317348288
2003-12-16,1.0,0.040659918771589185,0.5443992233049572
2003-12-17,1.0,0.01777824602128397,0.5157438042146222
2003-12-18,0.0,-0.0045630424573533755,0.5110769532778168
2003-12-19,0.0,-0.006371789723309996,0.5079116959988843
2003-12-22,0.0,-0.006851856000265748,0.5111961990901209
2003-12-23,1.0,0.0050995739460601725,0.5326467090679454
2003-12-24,0.0,-0.0036469770545948304,0.5482642029071532
2003-12-25,0.0,-0.008755984434268801,0.5567992131973667
2003-12-26,0.0,-0.010166727825037223,0.5030536263193898
2003-12-29,0.0,-0.025727326891908497,0.5008700931684028
2003-12-30,0.0,-0.014275587218932852,0.5182411421583065
2003-12-31,0.0,-0.012351816035269582,0.49468516125999634
2004-01-01,0.0,-0.04048639295129852,0.5198714131952127
2004-01-02,0.0,-0.03275375277495373,0.5077615983766992
2004-01-05,0.0,-0.06157662681809789,0.45102907217569377
2004-01-06,0.0,-0.05524519010147778,0.43992738989008906
2004-01-07,0.0,-0.048225586918784036,0.46872821814674875
2004-01-08,0.0,-0.0656400681355129,0.43853644193883695
2004-01-09,0.0,-0.05552629605341259,0.44749637694631234
2004-01-12,0.0,-0.04259546708482962,0.4608151233030438
2004-01-13,0.0,-0.04287230905452978,0.4871115622125526
2004-01-14,0.0,-0.0211775451547317,0.4632429736804681
2004-01-15,1.0,0.0072374909272337655,0.4114814575130369
2004-01-16,1.0,0.008324200349611718,0.4962242661473186
2004-01-19,1.0,0.010746226262280537,0.5283923203843678
2004-01-20,1.0,0.006518613135597694,0.47639925712418363
2004-01-21,1.0,0.0009738284397112511,0.4909683102215101
2004-01-22,1.0,0.001537842198284805,0.4886191806945178
2004-01-23,0.0,-0.026142521267178528,0.4740915749224636
2004-01-26,0.0,-0.013454793730952323,0.45168484990629354
2004-01-27,0.0,-0.01596693218741536,0.4443871623057925
2004-01-28,0.0,-0.035469988165432044,0.47415616729254134
2004-01-29,0.0,-0.010825886194655666,0.38988702325175784
2004-01-30,0.0,-0.015777938128491976,0.5434019830106709
2004-02-02,1.0,0.0030078979940967453,0.5111531037117392
2004-02-03,0.0,-0.01665233383226242,0.5777893829405236
2004-02-04,0.0,-0.018637990714410788,0.6146601473550428
2004-02-05,0.0,-0.009873497931356829,0.6086022537204927
2004-02-06,0.0,-0.005219996938757774,0.5316006601348883
2004-02-09,0.0,-0.013115753468454195,0.6064434523702992
2004-02-10,0.0,-0.008898835142130145,0.6095041625334955
2004-02-11,0.0,-0.0271186346038493,0.5680662164435365
2004-02-12,0.0,-0.021921174312777437,0.6028023839751838
2004-02-13,0.0,-0.037004470359177415,0.5285544570954092
2004-02-16,0.0,-0.030009772369500996,0.6152532907727453
2004-02-17,0.0,-0.03252915812654284,0.5983178733730863
2004-02-18,0.0,-0.00879878583785812,0.5894130816236132
2004-02-19,1.0,0.003336055594197424,0.6404308324649218
2004-02-20,1.0,0.03655179093187204,0.5227336032246511
2004-02-23,1.0,0.04560172359344003,0.6787068198010255
2004-02-24,1.0,0.03861577406934491,0.6649332734991418
2004-02-25,1.0,0.04806247808874667,0.6096553950885525
2004-02-26,1.0,0.052273702125911266,0.6532633362307758
2004-02-27,1.0,0.06404142676225492,0.6639228720036088
2004-03-01,1.0,0.044783602626973444,0.6575857743555424
2004-03-02,1.0,0.0683396454178197,0.6103089691884642
2004-03-03,1.0,0.08079532598986688,0.6709344073090598
2004-03-04,1.0,0.08026774668940224,0.6797622063115826
2004-03-05,1.0,0.04721645955259696,0.6521780409988344
2004-03-08,1.0,0.03476056734640398,0.6939954248542922
2004-03-09,1.0,0.04062830723521991,0.6613245797688236
2004-03-10,1.0,0.055650898557454774,0.6647601570095529
2004-03-11,1.0,0.04163572073637584,0.6858052624093557
2004-03-12,1.0,0.060855275721274756,0.6656720170398265
2004-03-15,1.0,0.04687154727550687,0.7094642352404631
2004-03-16,1.0,0.010879078740291669,0.7169998058669206
2004-03-17,0.0,-0.016834164095525014,0.7112124520271507
2004-03-18,0.0,-0.029606208251541342,0.7010377820665084
2004-03-19,0.0,-0.029033900618238587,0.6996435353782692
2004-03-22,0.0,-0.03959945472901086,0.6777854694685724
2004-03-23,0.0,-0.06115335001406011,0.6944520795557375
2004-03-24,0.0,-0.06332800796471319,0.6860744050855697
2004-03-25,0.0,-0.05760366398246971,0.697239290986556
2004-03-26,0.0,-0.06682201500476338,0.6533359545317985
2004-03-29,0.0,-0.052824857164280335,0.6779483585320559
2004-03-30,0.0,-0.053941821558530785,0.6703225603432724
2004-03-31,0.0,-0.10056490438511032,0.649960990027406
2004-04-01,0.0,-0.09358590999228711,0.6409009024065332
2004-04-02,0.0,-0.08402264454364698,0.6000218321344518
2004-04-05,0.0,-0.07103134514436453,0.6162079326615124
2004-04-06,0.0,-0.06602569947142,0.6471496012485626
2004-04-07,0.0,-0.07304483343212274,0.6267492945646376
2004-04-08,0.0,-0.08001294975420797,0.6080794192974394
2004-04-09,0.0,-0.10349739498727722,0.6205888772168678
2004-04-12,0.0,-0.10015889182686197,0.5962086502429343
2004-04-13,0.0,-0.07345557314605516,0.5087681701452302
2004-04-14,0.0,-0.057600550822949,0.5528060471679789
2004-04-15,0.0,-0.06331227941432685,0.6066188741171699
2004-04-16,0.0,-0.06152222838942219,0.612673481966207
2004-04-19,0.0,-0.05615420266598915,0.6219588037402277
2004-04-20,0.0,-0.0458629596439502,0.6113072966313404
2004-04-21,0.0,-0.019677010266447144,0.5902485530321653
2004-04-22,0.0,-0.034432601652941215,0.5948606690205249
2004-04-23,0.0,-0.027458743373601317,0.6128622697749487
2004-04-26,0.0,-0.02762677300419529,0.6123353621102514
2004-04-27,0.0,-0.02565545842282574,0.6214333336512246
2004-04-28,1.0,0.008006241113435803,0.514790880067022
2004-04-29,1.0,0.01763398619887076,0.5733031688925129
2004-04-30,1.0,0.016921311322076162,0.6311290821560472
2004-05-03,1.0,0.02146498663467289,0.6511996749423179
2004-05-04,1.0,0.005080666333527688,0.649834709628319
2004-05-05,0.0,-0.004332320741440545,0.6816492975229294
2004-05-06,1.0,0.0015461928090082545,0.6666065133039476
2004-05-07,1.0,0.029142168952928035,0.5800802724459119
2004-05-10,1.0,0.03883983331626396,0.6313539407155688
2004-05-11,1.0,0.035105008784118284,0.6424725042249317
2004-05-12,1.0,0.017095778066766817,0.6409437249542771
2004-05-13,1.0,0.0294409488057536,0.628484464984874
2004-05-14,1.0,0.02075744523135914,0.6257018315015469
2004-05-17,1.0,0.011538085258360952,0.6121610533990997
2004-05-18,1.0,0.031064883763299446,0.6231416847185075
2004-05-19,1.0,0.005735904137068658,0.5878652468906775
2004-05-20,1.0,0.024021037077957417,0.6265442077293928
2004-05-21,1.0,0.026952350148448972,0.6170238747150528
2004-05-24,1.0,0.021299239870363754,0.6733983297023735
2004-05-25,1.0,0.016079978934199518,0.6579298777142436
2004-05-26,1.0,0.01784623526767755,0.6573777941300206
2004-05-27,1.0,0.018572500214326534,0.6499173880269539
2004-05-28,1.0,0.020632257859219766,0.6754066520445489
2004-05-31,1.0,0.013384929184063787,0.6958487964369312
2004-06-01,0.0,-0.005335378510146775,0.677018854805892
2004-06-02,1.0,0.006872004646201081,0.6552813781163427
2004-06-03,1.0,0.01938094579076506,0.664289701635724
2004-06-04,1.0,0.02030784347535121,0.6295761237355051
2004-06-07,1.0,0.011363758650315003,0.6629030780139408
2004-06-08,1.0,0.0035709768848832804,0.6466159238699029
2004-06-09,1.0,0.045237035634799146,0.5995069079003937
2004-06-10,1.0,0.055177723119984416,0.634212436228161
2004-06-11,1.0,0.058335143605856885,0.6510389176322742
2004-06-14,1.0,0.0616746274695038,0.6438594815483807
2004-06-15,1.0,0.03187319255688237,0.6266876613906693
2004-06-16,1.0,0.05266373148562276,0.6215798300534919
2004-06-17,1.0,0.03826781994225658,0.644243168715859
2004-06-18,1.0,0.029446918669194234,0.6187130702450635
2004-06-21,1.0,0.02952059269174063,0.6477589564352153
2004-06-22,1.0,0.01308030220262694,0.6624047132679176
2004-06-23,1.0,0.002523660645396822,0.6663721586416509
2004-06-24,0.0,-0.017812814181335648,0.6554291029325023
2004-06-25,0.0,-0.02880077807170107,0.6971697701985754
2004-06-28,0.0,-0.03021132999868615,0.6585282770732891
2004-06-29,0.0,-0.013593438347286615,0.6180791426312149
2004-06-30,0.0,-0.016366558906267092,0.6701402199840798
2004-07-01,0.0,-0.02144306792890099,0.6679313568445083
2004-07-02,0.0,-0.01749094020423785,0.6176657537438013
2004-07-05,0.0,-0.015435529131482491,0.6525507886517181
2004-07-06,1.0,0.003304527663928094,0.5394542131354855
2004-07-07,0.0,-0.027202281726495352,0.502433937115797
2004-07-08,0.0,-0.037716758252978475,0.5291580366361246
2004-07-09,0.0,-0.019569611394856183,0.5705043900867272
2004-07-12,0.0,-0.019055265997985116,0.5567677131993135
2004-07-13,0.0,-0.007497223671317108,0.5168784855288886
2004-07-14,0.0,-0.024973204425140103,0.5438128421645009
2004-07-15,0.0,-0.025822442539613806,0.5535551301177323
2004-07-16,0.0,-0.01911676885849423,0.5475709749824068
2004-07-19,0.0,-0.008416932968581346,0.5566545948645482
2004-07-20,1.0,0.012171039463445263,0.5194462280957002
2004-07-21,1.0,0.019468978847330305,0.4896397135455987
2004-07-22,1.0,0.028940525444041916,0.5201433568656998
2004-07-23,1.0,0.05631080223746716,0.4694434921106648
2004-07-26,1.0,0.052584400389403554,0.5024772656756848
2004-07-27,1.0,0.04023822183405288,0.4500688166080064
2004-07-28,1.0,0.047088255716966024,0.4828031827905278
2004-07-29,1.0,0.047862049926326054,0.4731530269801217
2004-07-30,1.0,0.030721287957697845,0.45323483990788127
2004-08-02,1.0,0.03974529625657657,0.4769369811603967
2004-08-03,1.0,0.03931343429938122,0.46258917006538175
2004-08-04,1.0,0.04297975679473876,0.48955776145844215
2004-08-05,1.0,0.033786997577383314,0.5116253150627408
2004-08-06,1.0,0.003246756098869873,0.46588239810589965
2004-08-09,1.0,0.005729960869165636,0.5255780336185305
2004-08-10,0.0,-0.0022601717306081678,0.5263337282106382
2004-08-11,1.0,0.01056480710660168,0.5034023459230793
2004-08-12,1.0,0.013119905614447149,0.4947425283393796
2004-08-13,1.0,0.009479926302793889,0.4795512422840865
2004-08-16,1.0,0.004217322053224975,0.4752780774502981
2004-08-17,1.0,0.0009130505156379755,0.4863317892515062
2004-08-18,1.0,0.0014820306528856,0.4977014607471713
2004-08-19,0.0,-0.005251685578814497,0.4872653446275469
2004-08-20,0.0,-0.01735136395916345,0.4642960802109706
2004-08-23,0.0,-0.012024684765686414,0.5015986912506191
2004-08-24,1.0,0.015017515120213225,0.4707775292346402
2004-08-25,1.0,0.0019658441028043436,0.4825223945770106
2004-08-26,1.0,0.008767259958164072,0.4852916624514855
2004-08-27,1.0,0.011293703902501085,0.4573356858929219
2004-08-30,1.0,0.0014203852121081508,0.4879616281523505
2004-08-31,1.0,0.005838722340668484,0.4924931428958962
2004-09-01,1.0,0.009978179648739597,0.4858049551885163
2004-09-02,1.0,0.028864482667719474,0.4797768560833071
2004-09-03,1.0,0.0449059018303064,0.4386504251463644
2004-09-06,1.0,0.02816742673371926,0.4845817191757172
2004-09-07,1.0,0.05145041592137994,0.46978589683248795
2004-09-08,1.0,0.044605145897279215,0.47125407369313166
2004-09-09,1.0,0.045807665447625226,0.5088479235575559
2004-09-10,1.0,0.048535927130456055,0.5148837739632723
2004-09-13,1.0,0.0438326825040114,0.4984707580740264
2004-09-14,1.0,0.02395718170126591,0.5154133081886237
2004-09-15,1.0,0.02702867238791942,0.5339226249134686
2004-09-16,1.0,0.03218198844153351,0.5354657763878532
2004-09-17,1.0,0.03190276015530777,0.5387952698466473
2004-09-20,1.0,0.027275525018153356,0.5611286001846616
2004-09-21,1.0,0.02557128837832789,0.4922927346711616
2004-09-22,1.0,0.04036724525556017,0.5081816353535169
2004-09-23,1.0,0.03266947608264936,0.5147891804214231
2004-09-24,1.0,0.03942534007997553,0.5205052648064667
2004-09-27,1.0,0.047363943987767776,0.5261302144664269
2004-09-28,1.0,0.03480270201660721,0.5077758236320525
2004-09-29,1.0,0.026996383857609677,0.5338317419168384
2004-09-30,1.0,0.01447924654875254,0.541767050177124
2004-10-01,1.0,0.02141540770165175,0.5710041679696867
2004-10-04,1.0,0.0320845011222553,0.5291318084073319
2004-10-05,1.0,0.006664311229408508,0.5115576840420143
2004-10-06,1.0,0.02123835348700832,0.5185526992182045
2004-10-07,1.0,0.028094387882150365,0.5191912362867519
2004-10-08,1.0,0.025155180635629517,0.5209918261822243
2004-10-11,1.0,0.023186050375164177,0.5494990321824738
2004-10-12,1.0,0.04681005074211834,0.4761037621585016
2004-10-13,1.0,0.04302497158881551,0.4796104299415563
2004-10-14,1.0,0.040186963487275705,0.4894892153172706
2004-10-15,1.0,0.04448290697185166,0.49429602025554176
2004-10-18,1.0,0.04807490771951245,0.4949284243411608
2004-10-19,1.0,0.04562644038108186,0.47976334389167996
2004-10-20,1.0,0.04724744383343812,0.49598106979123724
2004-10-21,1.0,0.044313238163381265,0.49246646580966397
2004-10-22,1.0,0.05239468419353234,0.5023819097790948
2004-10-25,1.0,0.04671520340827161,0.4980807918379563
2004-10-26,1.0,0.04623778172501169,0.5151411271212472
2004-10-27,1.0,0.05792417831644633,0.5092346121900294
2004-10-28,1.0,0.06243751741225225,0.5071991744071724
2004-10-29,1.0,0.05316413689952819,0.5211457808157323
2004-11-01,1.0,0.05991581921580183,0.5130554214220552
2004-11-02,1.0,0.06741807424303253,0.4690332587303145
2004-11-03,1.0,0.06331515394191617,0.47499619039379076
2004-11-04,1.0,0.04484137657960286,0.4778475920445034
2004-11-05,1.0,0.05026635739622614,0.46177702404397525
2004-11-08,1.0,0.04592528347051137,0.5010707977726386
2004-11-09,1.0,0.03555478619151583,0.4878422332207134
2004-11-10,1.0,0.01382642148477377,0.48562608974377786
2004-11-11,1.0,0.005549327456095963,0.5137276131027809
2004-11-12,0.0,-0.008371128524042102,0.49959386460421906
2004-11-15,1.0,0.004796720023960794,0.5015192198290817
2004-11-16,0.0,-0.008799553951848699,0.4896466444167633
2004-11-17,0.0,-0.009150021477406194,0.4782123246803473
2004-11-18,0.0,-0.01306614055565787,0.472088015045767
2004-11-19,0.0,-0.01249242513731238,0.4667238727600495
2004-11-22,0.0,-0.013342052096476998,0.49674775873042804
2004-11-23,0.0,-0.012265950218441499,0.4895617683039039
2004-11-24,0.0,-0.02215440624401757,0.4971676414493955
2004-11-25,0.0,-0.021143382688687783,0.4730272520436789
2004-11-26,0.0,-0.020792164187361867,0.4438842661758262
2004-11-29,0.0,-0.021374519633281932,0.44764025494264953
2004-11-30,0.0,-0.016095127822091562,0.4303041956953443
2004-12-01,0.0,-0.04107399621687294,0.4357040780160677
2004-12-02,0.0,-0.02538344659808298,0.3935920134750225
2004-12-03,0.0,-0.03902770699403108,0.4168120007317298
2004-12-06,0.0,-0.051496975191338966,0.4348837498259558
2004-12-07,0.0,-0.05317434482507417,0.4405230117707227
2004-12-08,0.0,-0.03240784101353901,0.3477075999516569
2004-12-09,0.0,-0.03703695704878639,0.4074077266585259
2004-12-10,0.0,-0.03551501289927618,0.4350048813780988
2004-12-13,0.0,-0.04478429840826012,0.44699485033880865
2004-12-14,0.0,-0.03254880503815498,0.4638085902300144
2004-12-15,0.0,-0.033346037399936246,0.45666129246809484
2004-12-16,0.0,-0.027831109834590577,0.4562531736529603
2004-12-17,0.0,-0.042451293927899716,0.4849999499297911
2004-12-20,0.0,-0.04823387295864831,0.5127733571405083
2004-12-21,0.0,-0.04291411959237572,0.5195341518144093
2004-12-22,0.0,-0.03836595007064945,0.5166123761424087
2004-12-23,0.0,-0.04601836696574463,0.5405918303077357
2004-12-24,0.0,-0.03541006806135778,0.5650655132526777
2004-12-27,0.0,-0.039009190572457234,0.5518488469016888
2004-12-28,0.0,-0.049782205375405335,0.5623237821102878
2004-12-29,0.0,-0.022358301753760395,0.4934802608460183
2004-12-30,0.0,-0.02728735940106865,0.5628107499933421
2004-12-31,0.0,-0.0264617669967401,0.5993768864703253
2005-01-03,0.0,-0.016312043902109188,0.513541182074767
2005-01-04,0.0,-0.015129665986395298,0.541803751033954
2005-01-05,0.0,-0.010819070541095809,0.558735538729122
2005-01-06,0.0,-0.010016778243471232,0.5238711299401934
2005-01-07,0.0,-0.010434877292579619,0.5179091795333733
2005-01-10,0.0,-0.01495772338219872,0.5748991818226489
2005-01-11,0.0,-0.021454649262114423,0.5766657115028202
2005-01-12,0.0,-0.030496705269621886,0.5547149905437768
2005-01-13,0.0,-0.017556797345327425,0.5769455607292346
2005-01-14,0.0,-0.005331450339590041,0.5717657861607383
2005-01-17,1.0,0.008538996074523561,0.6094783268945385
2005-01-18,1.0,0.006361944172287728,0.6063417926081959
2005-01-19,1.0,0.0048329203516779395,0.5902702272640058
2005-01-20,1.0,0.011347706287507281,0.6135130764625659
2005-01-21,1.0,0.00037441790154968944,0.5909561680462514
2005-01-24,1.0,0.0002339728602156954,0.6463087120711224
2005-01-25,1.0,0.03181901204336485,0.594725318860248
2005-01-26,1.0,0.017995493455870773,0.6054013224456574
2005-01-27,1.0,0.017559611596552237,0.6286108962716723
2005-01-28,1.0,0.019136565419673946,0.6214348752546929
2005-01-31,1.0,0.030413063495339312,0.5980459010633054
2005-02-01,1.0,0.02687193890338943,0.6281277987808663
2005-02-02,1.0,0.0257117250802022,0.6305463810503531
2005-02-03,1.0,0.029405200632614547,0.5794152945284741
2005-02-04,1.0,0.046180172288440575,0.5872960950774817
2005-02-07,1.0,0.04989536563580127,0.5862691909896816
2005-02-08,1.0,0.06530300955420262,0.6014170054719664
2005-02-09,1.0,0.06384274266955821,0.6140727696579505
2005-02-10,1.0,0.05660110735817548,0.5851992944686044
2005-02-11,1.0,0.055566640526346384,0.5976321986017793
2005-02-14,1.0,0.03512452637920837,0.6067148927127419
2005-02-15,1.0,0.03451205230514368,0.6168841588399531
2005-02-16,1.0,0.04134866671661415,0.6063927869764952
2005-02-17,1.0,0.02686166794006224,0.6064255622772438
2005-02-18,1.0,0.027552622044602248,0.6299529648099644
2005-02-21,1.0,0.00873469712254472,0.6332310338225028
2005-02-22,0.0,-0.020256556163820924,0.6098258185347033
2005-02-23,0.0,-0.02139865346157574,0.6483839950444098
2005-02-24,0.0,-0.020261522197701103,0.6275609457137505
2005-02-25,0.0,-0.024113802534154665,0.615888156845561
2005-02-28,0.0,-0.02193044901277907,0.6007850913954731
2005-03-01,0.0,-0.015139453013091999,0.5770865590624082
2005-03-02,0.0,-0.015361642705751568,0.546580256812491
2005-03-03,0.0,-0.003030305349178985,0.5443565086911407
2005-03-04,0.0,-0.018709510943049713,0.5168053310015527
2005-03-07,0.0,-0.023988108769133386,0.5405142220071631
2005-03-08,0.0,-0.03511158689084535,0.5112983698683541
2005-03-09,0.0,-0.03205624417428851,0.5342520831697206
2005-03-10,0.0,-0.03739937955147301,0.5393815509467624
2005-03-11,0.0,-0.04094373845545038,0.5158924191471688
2005-03-14,0.0,-0.0298536503402093,0.5308501050958064
2005-03-15,0.0,-0.02877399569235886,0.5387372672005467
2005-03-16,0.0,-0.032684521661572236,0.5456903985881735
2005-03-17,0.0,-0.0343102731691174,0.5325510562488639
2005-03-18,0.0,-0.033442514821086386,0.5491607876748056
2005-03-21,0.0,-0.008968669982760375,0.5091691034676823
2005-03-22,1.0,0.016002942806640684,0.5410658617608269
2005-03-23,1.0,0.021513708400435982,0.5469823209661546
2005-03-24,1.0,0.017537353923297305,0.5676372516867089
2005-03-25,1.0,0.022619291708185645,0.5876559392381198
2005-03-28,1.0,0.019747418330229534,0.5576943026855757
2005-03-29,1.0,0.025487941363402544,0.5558544784784958
2005-03-30,1.0,0.014229231357690348,0.5583560528622624
2005-03-31,1.0,0.007095115545002849,0.5480037017175854
2005-04-01,1.0,0.018916719499202043,0.5475541590760387
2005-04-04,1.0,0.01299708009407444,0.5660510251903008
2005-04-05,1.0,0.005977164000877607,0.5857723609204211
2005-04-06,1.0,0.007238794014455899,0.5798721908421475
2005-04-07,1.0,0.010510431918406764,0.5913463097340222
2005-04-08,0.0,-0.00210945818290409,0.5965532343469419
2005-04-11,0.0,-0.004449135075930441,0.5914873923515894
2005-04-12,0.0,-0.003743570118332192,0.593602692440482
2005-04-13,0.0,-0.0035034486377874836,0.6080194192737336
2005-04-14,0.0,-0.0037807228399060443,0.5860664185977328
2005-04-15,0.0,-0.010647208117969847,0.614400203824497
2005-04-18,0.0,-0.017944053654376842,0.5898435685060315
2005-04-19,0.0,-0.03577045096112867,0.5934400630313165
2005-04-20,0.0,-0.030013346396251642,0.598951766669062
2005-04-21,0.0,-0.02806189971806583,0.5965699894971388
2005-04-22,0.0,-0.039782306620414036,0.5839754535187753
2005-04-25,0.0,-0.040251840395507915,0.5861218772126046
2005-04-26,0.0,-0.04384359912766123,0.5857940254553499
2005-04-27,0.0,-0.03030712822967049,0.5731438816622536
2005-04-28,0.0,-0.03203288483259046,0.5910868685006027
2005-04-29,0.0,-0.03261718181802165,0.5636666224875557
2005-05-02,0.0,-0.02652362710234474,0.5735997205770552
2005-05-03,0.0,-0.025203960880826673,0.5876289857828032
2005-05-04,0.0,-0.0340780727663982,0.6014058341555123
2005-05-05,0.0,-0.02018374080290035,0.591312658882512
2005-05-06,0.0,-0.008837623065662931,0.5929493830542718
2005-05-09,0.0,-0.0003520920170169383,0.6259430431365339
2005-05-10,0.0,-0.004346045485208854,0.6200026489032028
2005-05-11,0.0,-0.009993616768932283,0.6216111387082244
2005-05-12,1.0,0.0030729252404619045,0.6044419770513199
2005-05-13,1.0,0.015694463389360182,0.6174808920967926
2005-05-16,1.0,0.02156449556518446,0.6337608145037538
2005-05-17,1.0,0.019158580317039358,0.6494598564237641
2005-05-18,1.0,0.016811070096757034,0.6400795664952724
2005-05-19,1.0,0.03515690540869629,0.6407566206034847
2005-05-20,1.0,0.04677574297653169,0.6446103996185368
2005-05-23,1.0,0.047586276208114134,0.6693756418261242
2005-05-24,1.0,0.04726943324218014,0.6586963077705273
2005-05-25,1.0,0.04337860918578117,0.6604438116976477
2005-05-26,1.0,0.05472206715303609,0.6655569104528952
2005-05-27,1.0,0.04533551781266265,0.6589035686366571
2005-05-30,1.0,0.04952372101459545,0.6776171206678757
2005-05-31,1.0,0.04292403772295662,0.6580340913003597
2005-06-01,1.0,0.0512632024566996,0.6564587483846422
2005-06-02,1.0,0.031963528247883136,0.597325670903884
2005-06-03,1.0,0.011649246286193373,0.6249064713816539
2005-06-06,1.0,0.0045675549339216455,0.5992526964944738
2005-06-07,0.0,-0.002711146824790001,0.6186609692735415
2005-06-08,1.0,0.0014405311201563852,0.6094799874727602
2005-06-09,1.0,0.00117938449806853,0.6029004647869872
2005-06-10,0.0,-0.009292544666134423,0.5662544779549079
2005-06-13,0.0,-0.007019214593666991,0.5502267356166602
2005-06-14,1.0,0.0002342468972997636,0.5798963985650895
2005-06-15,0.0,-0.011254515042289642,0.5513214657678313
2005-06-16,0.0,-0.037537292155153654,0.5173865436330659
2005-06-17,0.0,-0.037481109809762325,0.5440838271809992
2005-06-20,0.0,-0.0392389823313514,0.5343890472991211
2005-06-21,0.0,-0.043095057808451395,0.5262475070521055
2005-06-22,0.0,-0.034834591385744726,0.5404679526799627
2005-06-23,0.0,-0.03622497824806684,0.5157669929260835
2005-06-24,0.0,-0.03457191516715285,0.5242474298535534
2005-06-27,0.0,-0.03223290653357094,0.5437495768895124
2005-06-28,0.0,-0.028056086172791973,0.5163540877809977
2005-06-29,0.0,-0.02724016588528265,0.5162805204439747
2005-06-30,0.0,-0.017371600710760694,0.5204658162077892
2005-07-01,1.0,0.005599641323362964,0.49434581128822686
2005-07-04,1.0,0.009998920650014375,0.5502461815941931
2005-07-05,1.0,0.02033017794633476,0.5360579876501081
2005-07-06,1.0,0.030308167194424043,0.5703083122761414
2005-07-07,1.0,0.031100208977189393,0.5231131617716424
2005-07-08,1.0,0.03301090069285313,0.5536779738106173
2005-07-11,1.0,0.021141454159516262,0.5487891539525535
2005-07-12,1.0,0.018219244893439332,0.5502605700199013
2005-07-13,1.0,0.03133597462722647,0.5561933487170551
2005-07-14,1.0,0.06079283511128872,0.5486697717292194
2005-07-15,1.0,0.05682888762974733,0.5753126626309939
2005-07-18,1.0,0.04946285873212377,0.5801743847789482
2005-07-19,1.0,0.060162440170823915,0.5855809236914424
2005-07-20,1.0,0.03927524770093084,0.5657960875774446
2005-07-21,1.0,0.03259273815932977,0.5732389407160163
2005-07-22,1.0,0.026240911205147027,0.5761718258700322
2005-07-25,1.0,0.02858825557427613,0.5689532746073601
2005-07-26,1.0,0.03640137610321181,0.5546522168990745
2005-07-27,1.0,0.028200253738485094,0.5589414932045154
2005-07-28,1.0,0.024692612590371414,0.529176206566599
2005-07-29,1.0,0.018213759988439483,0.5278080622616295
2005-08-01,1.0,0.010815891884604543,0.5189208177317504
2005-08-02,0.0,-0.0016205582896064905,0.5146954541766288
2005-08-03,0.0,-0.003669728888962513,0.49367567934487855
2005-08-04,1.0,0.012828693846545804,0.4961382917782838
2005-08-05,1.0,0.01610559934659991,0.5040092861520048
2005-08-08,1.0,0.023514458789194444,0.5009355230077963
2005-08-09,1.0,0.020938407185170406,0.5132297594666704
2005-08-10,1.0,0.016094646408879146,0.5037564854362742
2005-08-11,1.0,0.003358337422598209,0.4800533230933626
2005-08-12,1.0,0.006700940865855886,0.5059520166456642
2005-08-15,1.0,0.016477422622517418,0.5055568405473321
2005-08-16,1.0,0.0007841819703933923,0.49075286707683413
2005-08-17,1.0,0.022912053490480276,0.4966098307990769
2005-08-18,1.0,0.03585173737200806,0.519321651721177
2005-08-19,1.0,0.05235278335486656,0.5203244305574856
2005-08-22,1.0,0.05882419944018731,0.5163630008403792
2005-08-23,1.0,0.054606333903959664,0.5329021323359731
2005-08-24,1.0,0.07625503446322959,0.5090623585373101
2005-08-25,1.0,0.06047711633499781,0.5233539986207993
2005-08-26,1.0,0.05673312096861952,0.5169625144349752
2005-08-29,1.0,0.0658751760543655,0.5114512782133979
2005-08-30,1.0,0.06914732356850034,0.47953605134535293
2005-08-31,1.0,0.07479707290454647,0.5173117262326461
2005-09-01,1.0,0.06316278675476084,0.47797949606061224
2005-09-02,1.0,0.05451716503489717,0.5188638248640294
2005-09-05,1.0,0.04521784235378582,0.5358388573119034
2005-09-06,1.0,0.048897408525800504,0.5169846265259757
2005-09-07,1.0,0.04409972908490256,0.5194241655757855
2005-09-08,1.0,0.056593261373479975,0.5131341473544967
2005-09-09,1.0,0.05553074182467337,0.5448937519853979
2005-09-12,1.0,0.05512806675944414,0.539796924827135
2005-09-13,1.0,0.06292748166889119,0.534770855865044
2005-09-14,1.0,0.04473172994198278,0.5287053197893173
2005-09-15,1.0,0.03418675510444348,0.5492403010718789
2005-09-16,1.0,0.021411329548518942,0.5358731760341213
2005-09-19,1.0,0.0197076950935231,0.4872984873006119
2005-09-20,1.0,0.017841400552131934,0.49492529921726497
2005-09-21,0.0,-0.016651041127821866,0.4636681507208673
2005-09-22,0.0,-0.010461136112262188,0.4237952377892778
2005-09-23,1.0,0.007826818719559078,0.4506369919324079
2005-09-26,0.0,-0.00300461648939552,0.4364890386830164
2005-09-27,1.0,0.021602807800327622,0.415821795050524
2005-09-28,1.0,0.0041491628225468246,0.43859337499827744
2005-09-29,1.0,0.0031719206124652755,0.47365768407057723
2005-09-30,1.0,0.00888857027856336,0.4534540464729853
2005-10-03,0.0,-0.0016539047727418396,0.4674625489260801
2005-10-04,0.0,-0.01534501689849414,0.4637680351223009
2005-10-05,0.0,-0.0033407003427678925,0.46140236835812665
2005-10-06,0.0,-0.02643137121684917,0.4408262917311121
2005-10-07,0.0,-0.03853441611973578,0.458361767185899
2005-10-10,0.0,-0.03346339361548596,0.4533891265969788
2005-10-11,0.0,-0.0314027726037635,0.4725472623761807
2005-10-12,0.0,-0.008102389741446503,0.4306945462920945
2005-10-13,0.0,-0.010123161733280964,0.47231539296852826
2005-10-14,0.0,-0.0021312881042889966,0.4815925884189637
2005-10-17,0.0,-0.013807972966334804,0.49935246376922166
2005-10-18,0.0,-0.007823834449738613,0.5109279417996863
2005-10-19,1.0,0.03125751107826417,0.4794949034298456
2005-10-20,1.0,0.05237683550558978,0.5007549688810972
2005-10-21,1.0,0.03970333268304376,0.4997727516599582
2005-10-24,1.0,0.055415897076393765,0.5169209840723473
2005-10-25,1.0,0.04545955280038355,0.49455413861909675
2005-10-26,1.0,0.044742529343317364,0.5377230276396272
2005-10-27,1.0,0.04103394292216819,0.5370921498851323
2005-10-28,1.0,0.046606410962687216,0.5432011812095999
2005-10-31,1.0,0.06958028509315416,0.5022889433738034
2005-11-01,1.0,0.08483106434132096,0.49172577027963216
2005-11-02,1.0,0.06251250642453325,0.5412482966982222
2005-11-03,1.0,0.08876289647389249,0.5479483768005848
2005-11-04,1.0,0.09688080350563114,0.5106460359431065
2005-11-07,1.0,0.10287701657075585,0.5571281438325661
2005-11-08,1.0,0.10418795347540467,0.5397325404760197
2005-11-09,1.0,0.09801180728208166,0.5273027725277462
2005-11-10,1.0,0.10999152385200683,0.5564194507669824
2005-11-11,1.0,0.11609847508244689,0.5564169183489547
2005-11-14,1.0,0.12169693497751977,0.5643418347035526
2005-11-15,1.0,0.10174689115568072,0.5798358219803316
2005-11-16,1.0,0.05519761752315255,0.5355424870859038
2005-11-17,1.0,0.0343417839773272,0.5331689212179946
2005-11-18,1.0,0.03527017691485802,0.5558385707122845
2005-11-21,1.0,0.024188571319755898,0.5303907095232611
2005-11-22,0.0,-0.004722200033956232,0.5233785693746236
2005-11-23,1.0,0.005729746499707293,0.5070503631208042
2005-11-24,1.0,0.021728220469365307,0.5421605181612994
2005-11-25,1.0,0.013455272674469892,0.5448201284206288
2005-11-28,1.0,0.01281110933753598,0.5220948958357937
2005-11-29,1.0,0.016076559406347352,0.5040137719657986
2005-11-30,1.0,0.046597447978421455,0.4951317243314165
2005-12-01,1.0,0.025471596515441158,0.4500559790737906
2005-12-02,1.0,0.026697522433572103,0.4960509443623284
2005-12-05,1.0,0.014577176704553434,0.4918133325917249
2005-12-06,1.0,0.04352463553481009,0.47799083668071574
2005-12-07,1.0,0.03658944743229196,0.4706086334672017
2005-12-08,1.0,0.007017706847937554,0.46851398613163386
2005-12-09,1.0,0.02541516266766153,0.4610520912333741
2005-12-12,1.0,0.03891107897448004,0.43901742287001483
2005-12-13,1.0,0.044862404057260094,0.44823132662697995
2005-12-14,1.0,0.07783813800191786,0.44789030703209026
2005-12-15,1.0,0.08280090037875928,0.46192806993763746
2005-12-16,1.0,0.10210827314455434,0.4418190691179539
2005-12-19,1.0,0.10967829455392182,0.48828540943425375
2005-12-20,1.0,0.11962097092144146,0.41449390693534716
2005-12-21,1.0,0.09179302755105878,0.49360429453152355
2005-12-22,1.0,0.10076965948031147,0.4690478541802232
2005-12-23,1.0,0.09785629564660628,0.495906172585754
2005-12-26,1.0,0.10204895887824643,0.5078097567483488
2005-12-27,1.0,0.09514907570387714,0.500540450139679
2005-12-28,1.0,0.08672097478053203,0.4749858871331854
2005-12-29,1.0,0.08124739270489612,0.5120392911827496
2005-12-30,1.0,0.0790006532435508,0.5311433091377518
2006-01-02,1.0,0.0949266868828095,0.5617271636133864
2006-01-03,1.0,0.06302797336470538,0.48308635412847567
2006-01-04,1.0,0.06335073703417816,0.5250221982495474
2006-01-05,1.0,0.08647134298613081,0.4938114502451876
2006-01-06,1.0,0.052228129077832766,0.48712664465497013
2006-01-09,1.0,0.03745354416021236,0.4998661825802061
2006-01-10,1.0,0.01090803244272854,0.5183776954288796
2006-01-11,1.0,0.007188711061500028,0.4980709695411148
2006-01-12,1.0,0.03241191172207854,0.5042229628848776
2006-01-13,0.0,-0.011440657474570069,0.4839574414656928
2006-01-16,0.0,-0.039640580723256914,0.5200847443103943
2006-01-17,0.0,-0.013153906718908386,0.4560189103750812
2006-01-18,0.0,-0.005540691984140722,0.4186480259572362
2006-01-19,0.0,-0.01745150307283956,0.4377024490701444
2006-01-20,0.0,-0.004319583072699785,0.44133342958086713
2006-01-23,0.0,-0.006384297715119188,0.4627802005510718
2006-01-24,0.0,-0.007637397292715758,0.4796649082381125
2006-01-25,0.0,-0.01466144624967732,0.4676248007564605
2006-01-26,0.0,-0.021289864853915152,0.4703889936874328
2006-01-27,0.0,-0.0008046131586029452,0.45428335475797527
2006-01-30,0.0,-0.025662996166037535,0.4509527209472319
2006-01-31,0.0,-0.013003854347556663,0.48807009993723416
2006-02-01,0.0,-0.011304545007474454,0.48870234967112125
2006-02-02,0.0,-0.004115412314265705,0.4862222294375914
2006-02-03,0.0,-0.006171226497111773,0.4932807678628296
2006-02-06,0.0,-0.025862361227824825,0.5139661149039306
2006-02-07,1.0,0.007719240981874237,0.3815673349270121
2006-02-08,0.0,-0.014429474102146676,0.5070681930680936
2006-02-09,0.0,-0.03305267333492153,0.4669651616524264
2006-02-10,0.0,-0.01822311313525683,0.4328431429871947
2006-02-13,1.0,0.010218731038537158,0.48635619444316286
2006-02-14,1.0,0.006371767415782793,0.49836848057032435
2006-02-15,1.0,0.02379103884260031,0.49398185810036654
2006-02-16,1.0,0.013139602752150092,0.5126913247027962
2006-02-17,1.0,0.003615986583304982,0.5333830278495473
2006-02-20,0.0,-0.001692565720884648,0.5722916873978948
2006-02-21,0.0,-0.004067066928361744,0.5874180284786674
2006-02-22,0.0,-0.007956642338095161,0.5543760904836886
2006-02-23,1.0,0.0017476156781708085,0.560686196723624
2006-02-24,1.0,0.0019299850519769511,0.5671573884660982
2006-02-27,1.0,0.023813834365839524,0.6193833352357818
2006-02-28,1.0,0.0036439626154801453,0.6124829366678033
2006-03-01,1.0,0.01874147503627108,0.6432787573647784
2006-03-02,1.0,0.03245861122246151,0.630858070652232
2006-03-03,1.0,0.03176804283918233,0.6666107723754409
2006-03-06,1.0,0.05687326770062121,0.6151155606486327
2006-03-07,1.0,0.05969825709259686,0.6290627285512941
2006-03-08,1.0,0.07945522805032218,0.5758413819139275
2006-03-09,1.0,0.086354933515607,0.6215300422812101
2006-03-10,1.0,0.08465978626989988,0.6069340057698965
2006-03-13,1.0,0.09407709293209202,0.6507774144069061
2006-03-14,1.0,0.07406001061627332,0.6259202419107028
2006-03-15,1.0,0.0789584221204624,0.635193825329551
2006-03-16,1.0,0.07134037202247889,0.6415155039333321
2006-03-17,1.0,0.08455543696844257,0.6528244775728426
2006-03-20,1.0,0.10034344586797733,0.6626514511420161
2006-03-21,1.0,0.11771460770796754,0.6650972112188105
2006-03-22,1.0,0.1504088606812631,0.683815329814692
2006-03-23,1.0,0.10799436668773686,0.6894172571898104
2006-03-24,1.0,0.12383273506032362,0.6768200846777945
2006-03-27,1.0,0.08995960908708577,0.6688456195067077
2006-03-28,1.0,0.11185111649453913,0.6868755822515964
2006-03-29,1.0,0.10739296765570878,0.6570359494357514
2006-03-30,1.0,0.07363340833995477,0.6157186076469039
2006-03-31,1.0,0.11444785907003434,0.6624893804767209
2006-04-03,1.0,0.10831608242408046,0.6659665593717587
2006-04-04,1.0,0.1309714458386775,0.6699493760908678
2006-04-05,1.0,0.1252131192152924,0.658990130688504
2006-04-06,1.0,0.13258604419324832,0.6462846415335525
2006-04-07,1.0,0.14949399491764326,0.6207570205048953
2006-04-10,1.0,0.12366630198990886,0.6314100292577645
2006-04-11,1.0,0.166479663752455,0.6200314848012554
2006-04-12,1.0,0.1680768371383119,0.6176270361330948
2006-04-13,1.0,0.1802740952657487,0.5980868649182292
2006-04-14,1.0,0.17010217044352635,0.5936791379109831
2006-04-17,1.0,0.09913057718383834,0.5725320892706623
2006-04-18,1.0,0.10582734277125154,0.5865404583350845
2006-04-19,1.0,0.07069921450126763,0.5534735236394214
2006-04-20,1.0,0.10792050140249576,0.4288790055336642
2006-04-21,1.0,0.03659520903629253,0.5471389568332091
2006-04-24,1.0,0.05538913213211746,0.5268376430155967
2006-04-25,1.0,0.05584424309969893,0.5673958151659966
2006-04-26,1.0,0.0032360717038564086,0.582304767437907
2006-04-27,1.0,0.026890832714181207,0.5672838139501327
2006-04-28,0.0,-0.0011008165500225341,0.5533398215190518
2006-05-01,0.0,-0.011252200662658484,0.5773045093646841
2006-05-02,0.0,-0.024061083577904083,0.5234755469589532
2006-05-03,0.0,-0.03322969966456983,0.48950262780126375
2006-05-04,0.0,-0.07656682724939916,0.5341215856541311
2006-05-05,0.0,-0.06901376336105765,0.5311261110542664
2006-05-08,0.0,-0.06317409705142467,0.4915296446063445
2006-05-09,0.0,-0.10561418997307695,0.48194919515433204
2006-05-10,0.0,-0.12223387808858178,0.4903298243203779
2006-05-11,0.0,-0.15253035902232798,0.4792403588378677
2006-05-12,0.0,-0.16273291598452166,0.4687849192429219
2006-05-15,0.0,-0.11427392080007888,0.3400341850569225
2006-05-16,0.0,-0.20568032586141213,0.47721873647634266
2006-05-17,0.0,-0.2049895865581661,0.42443058067708583
2006-05-18,0.0,-0.1675405259549641,0.44816150844668706
2006-05-19,0.0,-0.12358794465225333,0.34621376756180283
2006-05-22,0.0,-0.14896889439364547,0.39829409478140737
2006-05-23,0.0,-0.14619292950384685,0.42029406457453267
2006-05-24,0.0,-0.08659997986502602,0.34517638743889895
2006-05-25,0.0,-0.1142078548865749,0.4609173644228673
2006-05-26,0.0,-0.1143755846523422,0.46345845239622996
2006-05-29,0.0,-0.10149658870415207,0.498079193459207
2006-05-30,0.0,-0.12003514856220118,0.4697055440049878
2006-05-31,0.0,-0.10627365545749949,0.438935486698126
2006-06-01,0.0,-0.04873854542546346,0.4189346544088895
2006-06-02,0.0,-0.03564828645664992,0.48716325740877653
2006-06-05,0.0,-0.021672380159196685,0.5441133551869449
2006-06-06,0.0,-0.016644533622498597,0.5409438288611395
2006-06-07,1.0,0.002710028758865158,0.5537798204963184
2006-06-08,1.0,0.03174513124747627,0.4948230387649036
2006-06-09,1.0,0.03525876671467398,0.5105797232446531
2006-06-12,1.0,0.0324027045134676,0.5415951537515569
2006-06-13,1.0,0.13214042478754331,0.31434754841539636
2006-06-14,1.0,0.15183318760838016,0.404356544071049
2006-06-15,1.0,0.13438667186035486,0.49165965105360554
2006-06-16,1.0,0.13349912848879528,0.5327364134698165
2006-06-19,1.0,0.12892326828976913,0.5344226616108978
2006-06-20,1.0,0.09470219785134568,0.5701735935912965
2006-06-21,1.0,0.08979449736604894,0.5756680754395609
2006-06-22,1.0,0.07863082575866008,0.6210719130347057
2006-06-23,1.0,0.06104322494895817,0.6474149161998891
2006-06-26,1.0,0.04998958290014515,0.6701522391059703
2006-06-27,1.0,0.06692643715899298,0.6707320286245937
2006-06-28,1.0,0.07406487892150727,0.7291174520320123
2006-06-29,1.0,0.05625470090887728,0.7017275445727845
2006-06-30,1.0,0.030227793197294486,0.7173054922384124
2006-07-03,1.0,0.021028682486466943,0.7705091184283229
2006-07-04,1.0,0.04199246879903952,0.7695998025758409
2006-07-05,1.0,0.03611460161714988,0.758110202369063
2006-07-06,1.0,0.018608463709464004,0.761367222906041
2006-07-07,1.0,0.027044564196487007,0.7623760637307911
2006-07-10,1.0,0.03850255591996155,0.7588508805787543
2006-07-11,1.0,0.0017133960578008447,0.7428110005220037
2006-07-12,0.0,-0.0023049274164637433,0.7678157068217705
2006-07-13,0.0,-0.036724021862036,0.7311827879301135
2006-07-14,0.0,-0.04874875871783379,0.7548047549768969
2006-07-17,0.0,-0.025723422217218544,0.5870476888312038
2006-07-18,0.0,-0.013117809440786,0.6350652412359963
2006-07-19,0.0,-0.02154510134885898,0.6475831802217549
2006-07-20,0.0,-0.02278406330328436,0.6539404198478244
2006-07-21,0.0,-0.007856517955875946,0.6357750992148113
2006-07-24,1.0,0.020670700189169933,0.636585205461944
2006-07-25,1.0,0.009436382947021964,0.6599572129626954
2006-07-26,0.0,-0.003865002526035306,0.6653601051219133
2006-07-27,0.0,-0.020625855627660356,0.6761109345511377
2006-07-28,0.0,-0.019439400636075126,0.7032594063958972
2006-07-31,0.0,-0.03509692875461815,0.7103964588032059
2006-08-01,0.0,-0.05055800502132356,0.7043006753645814
2006-08-02,0.0,-0.05033608017111869,0.7063035657076691
2006-08-03,0.0,-0.02770138299284149,0.7012820819154244
2006-08-04,0.0,-0.033101807551161745,0.717938540246238
2006-08-07,0.0,-0.03474450568089841,0.6748839802593165
2006-08-08,0.0,-0.0066362424911385965,0.6661742124960104
2006-08-09,0.0,-0.025442859341309243,0.6292470975368788
2006-08-10,0.0,-0.031046745615612853,0.5951926452432391
2006-08-11,0.0,-0.034989695516201215,0.5788982164318711
2006-08-14,0.0,-0.06078619542403682,0.6157389254553355
2006-08-15,0.0,-0.0616404625118945,0.6198774314741905
2006-08-16,0.0,-0.06376622584085581,0.5791204334391927
2006-08-17,0.0,-0.06519019923166718,0.5413645156866231
2006-08-18,0.0,-0.059587389558680016,0.5627814942573554
2006-08-21,0.0,-0.06733391216002925,0.5503095129028767
2006-08-22,0.0,-0.08573219549124951,0.5664200056414929
2006-08-23,0.0,-0.07599098121828726,0.5722319225218275
2006-08-24,0.0,-0.0617316070053063,0.5698015838644713
2006-08-25,0.0,-0.05434747907358578,0.5944174592728805
2006-08-28,0.0,-0.039786929573715595,0.5790528743630475
2006-08-29,0.0,-0.03803432880441392,0.582620105131907
2006-08-30,0.0,-0.026474492439516766,0.5889115437334564
2006-08-31,0.0,-0.042330917057174566,0.565174783409519
2006-09-01,0.0,-0.044379090264764415,0.5639290686987585
2006-09-04,0.0,-0.04873429980808672,0.57240613098924
2006-09-05,0.0,-0.1053082949732012,0.4621221771368352
2006-09-06,0.0,-0.11121635260171929,0.4794509740402025
2006-09-07,0.0,-0.07139291437886887,0.44800867771105857
2006-09-08,0.0,-0.06196597617088611,0.4965424502197315
2006-09-11,0.0,-0.021666200089672173,0.3919963815901653
2006-09-12,0.0,-0.024905419298842057,0.47802552661452824
2006-09-13,0.0,-0.029558802241544505,0.4965995068454771
2006-09-14,1.0,0.007015749187103012,0.4264255929583502
2006-09-15,1.0,0.01892800988551886,0.4892779079824877
2006-09-18,1.0,0.01487518976504388,0.5196862564758168
2006-09-19,1.0,0.028272559817971228,0.4829873808697005
2006-09-20,1.0,0.022965876538099814,0.50947946825891
2006-09-21,1.0,0.02568576492892221,0.5602461497496529
2006-09-22,1.0,0.003217342543314536,0.5973221407992244
2006-09-25,0.0,-0.015093017269239227,0.6072152371805277
2006-09-26,0.0,-0.009419221916491527,0.6216091197732585
2006-09-27,0.0,-0.02018240426055521,0.608597615488081
2006-09-28,0.0,-0.006925639931087037,0.6564973190199012
2006-09-29,1.0,0.002754018014411839,0.649690832352702
2006-10-02,1.0,0.01232527261665939,0.6374947334172512
2006-10-03,1.0,0.05436949796567035,0.6146228030476055
2006-10-04,1.0,0.08548169498281437,0.6154626687851813
2006-10-05,1.0,0.08411962662927348,0.6618047552462663
2006-10-06,1.0,0.08878069858298653,0.6443979726722179
2006-10-09,1.0,0.0768519328396178,0.6265877703772236
2006-10-10,1.0,0.08654588181073651,0.6105139400821368
2006-10-11,1.0,0.07203651877566043,0.6309838635373978
2006-10-12,1.0,0.0892974436891441,0.6233155274719804
2006-10-13,1.0,0.06261530607457726,0.5682186623279647
2006-10-16,1.0,0.04863035593896806,0.6116353866315327
2006-10-17,1.0,0.05084581248276036,0.5789165059120805
2006-10-18,1.0,0.05424555704133731,0.6152938857100916
2006-10-19,1.0,0.030963751518962683,0.6022604338262861
2006-10-20,1.0,0.049795977856850436,0.6136351002957896
2006-10-23,1.0,0.0680014588721143,0.6275466047984352
2006-10-24,1.0,0.06765625803842486,0.6363190203764186
2006-10-25,1.0,0.06429528032267842,0.6599871294392428
2006-10-26,1.0,0.05553364247513362,0.650623543642478
2006-10-27,1.0,0.06180539543374528,0.6488739301141988
2006-10-30,1.0,0.058665490030362116,0.6351597455896363
2006-10-31,1.0,0.05359858109923673,0.618954360197432
2006-11-01,1.0,0.030379055308877988,0.6158473458756496
2006-11-02,1.0,0.03661916185275045,0.6032246717376383
2006-11-03,1.0,0.028595821199161365,0.5947758905882384
2006-11-06,1.0,0.03624155883385945,0.6074431902746992
2006-11-07,1.0,0.02894637999924822,0.5514492174040743
2006-11-08,1.0,0.024304384608519823,0.5328021436351984
2006-11-09,1.0,0.0006786348652640128,0.4877601886949031
2006-11-10,0.0,-0.005423958419831381,0.5180154490256806
2006-11-13,1.0,0.007562827114917533,0.49446865413114177
2006-11-14,1.0,0.014661354769818748,0.49093201984528
2006-11-15,1.0,0.009026701863772631,0.48592410161394617
2006-11-16,1.0,0.012217819372506862,0.4608216999737196
2006-11-17,0.0,-0.010266449656946258,0.46926828457149605
2006-11-20,0.0,-0.01073326690319996,0.4599371426376649
2006-11-21,0.0,-0.00727741226106661,0.4453233520615082
2006-11-22,0.0,-0.015766992762514233,0.4512015703326964
2006-11-23,0.0,-0.02040478875702701,0.4595985034255409
2006-11-24,0.0,-0.02730452898073606,0.4259553786307873
2006-11-27,0.0,-0.03147681278678177,0.4571624127934405
2006-11-28,0.0,-0.02419664185419322,0.4472154765957491
2006-11-29,0.0,-0.014954584983246375,0.4580573313083359
2006-11-30,0.0,-0.020423190175870458,0.43243467719860473
2006-12-01,0.0,-0.013881529932759323,0.4335681271857589
2006-12-04,0.0,-0.014653418860224726,0.3831546240829368
2006-12-05,0.0,-0.004128857187935467,0.3672804109842482
2006-12-06,0.0,-0.005482949092980741,0.3157836241979825
2006-12-07,0.0,-0.018856463917807098,0.3274153325349476
2006-12-08,0.0,-0.028804068329360243,0.3188045472168629
2006-12-11,0.0,-0.03297489295187854,0.3527332101438726
2006-12-12,0.0,-0.026292971920650676,0.32138081792278006
2006-12-13,0.0,-0.028145884379269355,0.3221494021737486
2006-12-14,0.0,-0.023032251719125308,0.33709480197873504
2006-12-15,1.0,0.01907425741785242,0.2944028927512086
2006-12-18,1.0,0.016815231873730064,0.33255989985383294
2006-12-19,1.0,0.0029653397806038147,0.3376421364153184
2006-12-20,1.0,0.018143984611434624,0.34452712128019364
2006-12-21,1.0,0.014765153490943558,0.35481891577049623
2006-12-22,1.0,0.02290753697200845,0.38750991735378093
2006-12-25,1.0,0.020173709716263345,0.386350850417054
2006-12-26,1.0,0.034610973953022886,0.337534610794468
2006-12-27,1.0,0.033859033765005014,0.3383018735622662
2006-12-28,1.0,0.01748678438771559,0.3463451817478498
2006-12-29,1.0,0.014500916759622035,0.37585321643387254
2007-01-01,1.0,0.010777144528397058,0.389067059230812
2007-01-02,1.0,0.010560744214675448,0.3493757986636981
2007-01-03,1.0,0.04013969009037111,0.31927203611790467
2007-01-04,1.0,0.05504829342393354,0.38950709339848577
2007-01-05,1.0,0.06447163546317142,0.3397755532220355
2007-01-08,1.0,0.061125942614393684,0.434975828652816
2007-01-09,1.0,0.06253023245165323,0.399879246142349
2007-01-10,1.0,0.06361281061426091,0.39843127800532163
2007-01-11,1.0,0.07684294681496527,0.4134039861220709
2007-01-12,1.0,0.0612996640322055,0.3324270040591287
2007-01-15,1.0,0.05343715710890267,0.36548603580809264
2007-01-16,1.0,0.061226986114446845,0.3619993608026868
2007-01-17,1.0,0.057405472762999704,0.3374702780563431
2007-01-18,1.0,0.06484216310123199,0.36882951418838805
2007-01-19,1.0,0.05160407391558206,0.3856130142735965
2007-01-22,1.0,0.057294355201194136,0.39447731282289655
2007-01-23,1.0,0.016181955157443466,0.3573321843058854
2007-01-24,1.0,0.045275687245087154,0.3884598849373605
2007-01-25,1.0,0.047381458728320384,0.40862542830725385
2007-01-26,1.0,0.05503628066638492,0.4081386822259107
2007-01-29,1.0,0.06444627670919038,0.41003491235949274
2007-01-30,1.0,0.024492888811461302,0.4182939956516509
2007-01-31,1.0,0.024423731135596632,0.3710817035455334
2007-02-01,1.0,0.010971244614403788,0.40047679390251095
2007-02-02,0.0,-0.008370195345330109,0.35003451136005664
2007-02-05,0.0,-0.018443384933758064,0.38227494292360537
2007-02-06,0.0,-0.010463243634792434,0.3429752998543846
2007-02-07,0.0,-0.0037679309448506804,0.35327155060397725
2007-02-08,0.0,-0.013183654466411517,0.33005506650892796
2007-02-09,0.0,-0.02517747181164225,0.3452394070771484
2007-02-12,0.0,-0.01616381638697246,0.35675048704372536
2007-02-13,0.0,-0.03127046577521521,0.3702118252740863
2007-02-14,0.0,-0.03719326881441,0.37090912506543605
2007-02-15,0.0,-0.03517664313338538,0.3647523533666469
2007-02-16,0.0,-0.023669296584028006,0.3802769043907599
2007-02-19,0.0,-0.024983374201449863,0.38562651122902714
2007-02-20,1.0,0.002355534693494552,0.36350473285498497
2007-02-21,0.0,-0.021816881103643996,0.35014469464553694
2007-02-22,0.0,-0.020053599816006327,0.4068377177717361
2007-02-23,0.0,-0.03754312321886765,0.3831888614859051
2007-02-26,0.0,-0.033246315221092684,0.4224222627009934
2007-02-27,1.0,0.0015966744369378305,0.3437127474630788
2007-02-28,0.0,-0.005693325738878685,0.39883999203541876
2007-03-01,0.0,-0.004449647222506459,0.3959481849916651
2007-03-02,1.0,0.032676841664361855,0.33625605546206144
2007-03-05,1.0,0.04214063462844133,0.3771881203229261
2007-03-06,1.0,0.026633647224424486,0.36111663764710766
2007-03-07,1.0,0.038316547258776576,0.37084642412145447
2007-03-08,1.0,0.03415977751222764,0.38145390703941207
2007-03-09,1.0,0.03732502961576837,0.35540414327818837
2007-03-12,1.0,0.0306551913531735,0.34554280409265664
2007-03-13,1.0,0.05161166557221222,0.36582566921969284
2007-03-14,1.0,0.0493292139042834,0.36462514035462856
2007-03-15,1.0,0.044613128805299454,0.3839356245948164
2007-03-16,1.0,0.0479881751938936,0.4015357652341611
2007-03-19,1.0,0.05356829555961954,0.4348436290042958
2007-03-20,1.0,0.041259057464275474,0.41267512399609674
2007-03-21,1.0,0.03818074979140263,0.4353615890887513
2007-03-22,1.0,0.028139500972466983,0.46098707403667155
2007-03-23,1.0,0.0512210374418203,0.4526890947242275
2007-03-26,1.0,0.037026213593779694,0.4479216351591877
2007-03-27,1.0,0.02854666195522716,0.45041776571689907
2007-03-28,1.0,0.030628226330712226,0.40455525755355903
2007-03-29,1.0,0.019832268343103695,0.37267421151167873
2007-03-30,1.0,0.026403781623000493,0.35506390925766484
2007-04-02,1.0,0.02152863511552808,0.3389449568308901
2007-04-03,1.0,0.014206908608487289,0.3623947299734561
2007-04-04,0.0,-0.0017810765376228969,0.35156816116385636
2007-04-05,1.0,0.011645178768434085,0.37567294614385116
2007-04-06,1.0,0.020310849618078306,0.39822402657800143
2007-04-09,1.0,0.02648187116139078,0.3869444647107129
2007-04-10,1.0,0.011367509008943082,0.3776262384702744
2007-04-11,1.0,0.004786988557224649,0.38970107131195786
2007-04-12,0.0,-0.015576987218706128,0.3849170501875407
2007-04-13,0.0,-0.02163210932438262,0.3964715424507079
2007-04-16,0.0,-0.030076902239185032,0.40045916864229064
2007-04-17,0.0,-0.02134631325060343,0.4156990937406019
2007-04-18,0.0,-0.04127194236107559,0.4093938730963312
2007-04-19,0.0,-0.03774877553411328,0.3952726762764975
2007-04-20,0.0,-0.04462585756472863,0.40325830680491215
2007-04-23,0.0,-0.03830696112259882,0.42174404641377883
2007-04-24,0.0,-0.036343265521694555,0.4226670772981134
2007-04-25,0.0,-0.03620304866396059,0.44698234458141856
2007-04-26,0.0,-0.030241510224351776,0.4377968803474081
2007-04-27,0.0,-0.03820882707276299,0.44540714417554783
2007-04-30,0.0,-0.03433620664655114,0.4647041017776098
2007-05-01,0.0,-0.024958072129306834,0.5516602137246986
2007-05-02,0.0,-0.029702168382198794,0.5661559435757936
2007-05-03,0.0,-0.03254559872174277,0.543186726130497
2007-05-04,0.0,-0.02513729299500746,0.5500184170838346
2007-05-07,0.0,-0.025885701533479154,0.5619743455878323
2007-05-08,0.0,-0.023014956979625693,0.5572058985678151
2007-05-09,0.0,-0.014504805472348956,0.5509435253601188
2007-05-10,0.0,-0.009812880673947214,0.543514059625737
2007-05-11,0.0,-0.03334399985324115,0.5832559210679535
2007-05-14,0.0,-0.024332468416849107,0.5947221766531151
2007-05-15,0.0,-0.03760012388551018,0.5841978368256125
2007-05-16,0.0,-0.015831063559362177,0.5883380928974457
2007-05-17,0.0,-0.008705003045306265,0.5886079028771479
2007-05-18,0.0,-0.009718397041656049,0.6149938358405023
2007-05-21,0.0,-0.010457809768432592,0.6216242207839077
2007-05-22,1.0,0.0033315696749930124,0.6083092807701098
2007-05-23,0.0,-0.01109096753367189,0.6133119495311525
2007-05-24,0.0,-0.004470375943959947,0.5936452075107005
2007-05-25,0.0,-0.0025948270683960628,0.6212250722366002
2007-05-28,0.0,-0.006964935736841517,0.634817831557307
2007-05-29,0.0,-0.024582243405335907,0.6135632993496135
2007-05-30,0.0,-0.01534399200686365,0.624934715952407
2007-05-31,0.0,-0.01764145182861198,0.6263394913612346
2007-06-01,0.0,-0.03345249116685528,0.6159015478232842
2007-06-04,0.0,-0.020928195323654416,0.6325877147386916
2007-06-05,0.0,-0.025468975369927233,0.6359504382034773
2007-06-06,0.0,-0.024983374201449863,0.6027142770731241
2007-06-07,0.0,-0.014748290093324701,0.6145861725308025
2007-06-08,1.0,0.010806773116450176,0.6200160206770653
2007-06-11,1.0,0.01027367203810387,0.6484023719224863
2007-06-12,1.0,0.024494757899863242,0.6492102892735075
2007-06-13,1.0,0.01356314604661463,0.6482983990409265
2007-06-14,1.0,0.022522279007157465,0.6428551958446352
2007-06-15,1.0,0.01747066557270595,0.6345993592491566
2007-06-18,1.0,0.01294247015899283,0.6477044532697622
2007-06-19,1.0,0.005202258500020149,0.6291749324422334
2007-06-20,1.0,0.027797353018619936,0.6424859132864247
2007-06-21,1.0,0.03877918702405366,0.6469347540205052
2007-06-22,1.0,0.04351437780549835,0.6714281704071111
2007-06-25,1.0,0.045933333306536775,0.6750157460033478
2007-06-26,1.0,0.06068886763933131,0.6424028917099937
2007-06-27,1.0,0.04764250471317935,0.6698820153969633
2007-06-28,1.0,0.02126847711357786,0.6583943909154685
2007-06-29,1.0,0.017622609618123872,0.6643026658590443
2007-07-02,1.0,0.011722577045863642,0.6305755676110241
2007-07-03,1.0,0.016850493574885404,0.6500801182259577
2007-07-04,1.0,0.01922699453397697,0.6614707313708521
2007-07-05,1.0,0.02441093038237389,0.627918556441862
2007-07-06,1.0,0.025736991345038,0.6206311903222065
2007-07-09,1.0,0.01742750931883724,0.6387648822964926
2007-07-10,1.0,0.013626025002950288,0.6487188349427575
2007-07-11,1.0,0.021192151811587283,0.6446514075398865
2007-07-12,0.0,-0.007073548945838407,0.6367617580233136
2007-07-13,1.0,0.008807999020477759,0.6437268037440271
2007-07-16,1.0,0.006894511722818075,0.6462067832950785
2007-07-17,1.0,0.00644631570425978,0.6462829325759373
2007-07-18,0.0,-0.008056137857047764,0.6407590808249721
2007-07-19,0.0,-0.03834965352150724,0.644469313613055
2007-07-20,0.0,-0.038179405926234845,0.6289963089177485
2007-07-23,0.0,-0.03659154334327465,0.6334327860375988
2007-07-24,0.0,-0.035421770879981954,0.6070331894966926
2007-07-25,0.0,-0.02111330954259248,0.6006228569690838
2007-07-26,0.0,-0.0038087223359169653,0.6014772818191988
2007-07-27,1.0,0.010531163975786973,0.633862480760376
2007-07-30,1.0,0.003902151131825953,0.6387488569152603
2007-07-31,0.0,-0.002713296810818195,0.6293195016277049
2007-08-01,1.0,0.0010490821494194718,0.6082235702664649
2007-08-02,0.0,-0.00037569974518631165,0.6022863907206472
2007-08-03,1.0,0.0005941770822463043,0.5854174293194656
2007-08-06,1.0,0.0007586294459172175,0.6102650446790795
2007-08-07,1.0,0.013662928097678152,0.6052064965245518
2007-08-08,1.0,0.010320009031989449,0.593795294221786
2007-08-09,1.0,0.04908499775239347,0.6090420929170213
2007-08-10,1.0,0.041059778375851785,0.5851662884214808
2007-08-13,1.0,0.04896796407388855,0.6364860596408919
2007-08-14,1.0,0.06269694303013663,0.6326058885164964
2007-08-15,1.0,0.0638267640040001,0.6112829102285885
2007-08-16,1.0,0.08280783352722812,0.5837919931802096
2007-08-17,1.0,0.07297802853067381,0.6136997487673724
2007-08-20,1.0,0.08847885141060591,0.6670629114251528
2007-08-21,1.0,0.09596001080200815,0.6678009031315592
2007-08-22,1.0,0.08774254626267025,0.6344159205210288
2007-08-23,1.0,0.10468491876653534,0.6398483855972625
2007-08-24,1.0,0.09050969053752274,0.601834027473385
2007-08-27,1.0,0.09017692257350211,0.6167328207678985
2007-08-28,1.0,0.09935003602960711,0.6099931694022135
2007-08-29,1.0,0.08771015415806845,0.6153335567222866
2007-08-30,1.0,0.0988566213973164,0.6282976644701536
2007-08-31,1.0,0.09916374912031485,0.5944725622629063
2007-09-03,1.0,0.10530103610390544,0.6223030708376134
2007-09-04,1.0,0.07071758688457194,0.5868672793032085
2007-09-05,1.0,0.06542731642040955,0.6063210415209276
2007-09-06,1.0,0.05944222491727868,0.5790284320038112
2007-09-07,1.0,0.05778430764066073,0.5826368545942024
2007-09-10,1.0,0.042055765894638185,0.6062837947351485
2007-09-11,1.0,0.035028401921515316,0.58799482652157
2007-09-12,1.0,0.04061961316563321,0.5887763570232036
2007-09-13,1.0,0.05437480453749647,0.5768153366013399
2007-09-14,1.0,0.05699352366820694,0.5615920171030967
2007-09-17,1.0,0.056198364215264536,0.5476228862676787
2007-09-18,1.0,0.04987556562780898,0.5233512632527747
2007-09-19,1.0,0.045285541759235756,0.5497275411990348
2007-09-20,1.0,0.0465497702338403,0.5012207895851879
2007-09-21,1.0,0.0450400171059189,0.509899575696138
2007-09-24,1.0,0.03179147046307471,0.5197574225906185
2007-09-25,1.0,0.03768464686354083,0.4960316990006254
2007-09-26,1.0,0.047102996052974806,0.4970341450874343
2007-09-27,1.0,0.04638632231973085,0.5038208880823275
2007-09-28,1.0,0.05443520655501715,0.49026942929638484
2007-10-01,1.0,0.05797594775739733,0.49549783253200824
2007-10-02,1.0,0.0667486930908551,0.4399094354793785
2007-10-03,1.0,0.09017644119279285,0.4851319310115319
2007-10-04,1.0,0.06466554558994896,0.47393800191978497
2007-10-05,1.0,0.08303147359469797,0.484724385401798
2007-10-08,1.0,0.09514900246550977,0.5102410864141075
2007-10-09,1.0,0.11157507227036009,0.5105886798936012
2007-10-10,1.0,0.11460252328285893,0.5244692376594491
2007-10-11,1.0,0.1084991374688461,0.5153496044234028
2007-10-12,1.0,0.10495995486737138,0.5234246998368032
2007-10-15,1.0,0.0439248921687619,0.5167595062941127
2007-10-16,1.0,0.053132496167166865,0.5198518981037001
2007-10-17,1.0,0.07295945168242243,0.5052551055084122
2007-10-18,1.0,0.026018876939791477,0.5021520841018752
2007-10-19,1.0,0.02720116143137245,0.48839637056612967
2007-10-22,1.0,0.0358774115136939,0.4621430895841654
2007-10-23,1.0,0.05554850818393963,0.5153777975986508
2007-10-24,1.0,0.046509305690530994,0.5043807774866226
2007-10-25,1.0,0.04477724551467172,0.5157254744360944
2007-10-26,1.0,0.047989319599674285,0.5050255041660416
2007-10-29,1.0,0.040589585600769404,0.5249819515771664
2007-10-30,1.0,0.0382440676926379,0.49319965386828984
2007-10-31,1.0,0.010290957675672542,0.4864045675114965
2007-11-01,1.0,0.007302119932003312,0.4689607539859629
2007-11-02,0.0,-0.029233576322818356,0.46511966444253605
2007-11-05,0.0,-0.015242673926177286,0.4914098312826622
2007-11-06,0.0,-0.02864891328577498,0.4642971186116616
2007-11-07,0.0,-0.04420731613824743,0.44752631538746784
2007-11-08,0.0,-0.038109513204495085,0.4216954015625865
2007-11-09,0.0,-0.045741930143546876,0.44109232914689317
2007-11-12,1.0,0.018764244113687874,0.3426528017850087
2007-11-13,0.0,-0.006279023494047509,0.41797913714505813
2007-11-14,1.0,0.0018825793197779828,0.4268690686341459
2007-11-15,1.0,0.011563300707331466,0.3682288199453052
2007-11-16,1.0,0.010362000367678977,0.4169714736501467
2007-11-19,1.0,0.014729489842148058,0.3855752005551903
2007-11-20,0.0,-0.0003984857594073486,0.3714926086933097
2007-11-21,1.0,0.0023338398497285955,0.4284328202893793
2007-11-22,0.0,-0.010181797113394711,0.4509429360995174
2007-11-23,0.0,-0.014772328893212245,0.44586513851178905
2007-11-26,0.0,-0.01564441586800235,0.49385469362373774
2007-11-27,0.0,-0.006903009030254736,0.46689537456720065
2007-11-28,1.0,0.024146067006975934,0.4614366070538795
2007-11-29,1.0,0.04017467950524669,0.4926520256361026
2007-11-30,1.0,0.06990686090153994,0.48810962378542616
2007-12-03,1.0,0.048676250857339336,0.5108851986291516
2007-12-04,1.0,0.03913915236766172,0.51934329471349
2007-12-05,1.0,0.07554871027616526,0.5302387064894547
2007-12-06,1.0,0.07501641724037063,0.5282532148493874
2007-12-07,1.0,0.07837665409069372,0.5421551090580958
2007-12-10,1.0,0.05957277820902216,0.5202821605430922
2007-12-11,1.0,0.0969992250065941,0.5371232055643272
2007-12-12,1.0,0.07723599927958044,0.5553000649782273
2007-12-13,1.0,0.11329017714886598,0.5344939274087221
2007-12-14,1.0,0.11957014644171578,0.5538194798410013
2007-12-17,1.0,0.13070866918281993,0.5560985913508422
2007-12-18,1.0,0.10087908608640105,0.5588115629707865
2007-12-19,1.0,0.08919571177379165,0.5799482198480004
2007-12-20,1.0,0.09729674888307256,0.572329731461561
2007-12-21,1.0,0.08436225444585356,0.589503481143771
2007-12-24,1.0,0.06347550252708202,0.6003838368763644
2007-12-25,1.0,0.10052355760406832,0.5986678124467176
2007-12-26,1.0,0.07680380666551608,0.574457096158459
2007-12-27,1.0,0.10048540393184792,0.596892878953818
2007-12-28,1.0,0.08377891251394275,0.5867603042937646
2007-12-31,1.0,0.10793897100804573,0.590695654625664
2008-01-01,1.0,0.10257867222703265,0.6273365812802723
2008-01-02,1.0,0.08045973027278792,0.5620382218555088
2008-01-03,1.0,0.068214856650004,0.5891316832938097
2008-01-04,1.0,0.051998025066569635,0.5815207938295103
2008-01-07,1.0,0.05157408837224849,0.5966463159201478
2008-01-08,1.0,0.01133435673197604,0.5554384605611055
2008-01-09,1.0,0.02450386735701616,0.5635635714835294
2008-01-10,1.0,0.019082411375943516,0.5366639694267175
2008-01-11,1.0,0.030347854401109937,0.5692495913267323
2008-01-14,1.0,0.02119764427637592,0.5301887866785884
2008-01-15,1.0,0.020385327731814094,0.5102288026686626
2008-01-16,1.0,0.033160139193974245,0.49238397542890133
2008-01-17,1.0,0.03409141091461245,0.5118362130625774
2008-01-18,1.0,0.02165098265241451,0.5059128073332
2008-01-21,1.0,0.04542640682750302,0.4772977614947148
2008-01-22,1.0,0.03896896644362605,0.4358364903130823
2008-01-23,1.0,0.058651144073301076,0.5013782987762331
2008-01-24,1.0,0.03577669815087936,0.4947005010770243
2008-01-25,1.0,0.03362067995013968,0.5180867025144451
2008-01-28,1.0,0.011377807280286483,0.5123201903591585
2008-01-29,1.0,0.026060419942817124,0.5264187881687459
2008-01-30,1.0,0.03014153275771028,0.525308370854284
2008-01-31,1.0,0.04719523179350115,0.552697047574211
2008-02-01,1.0,0.07312063656530715,0.46406943817288043
2008-02-04,1.0,0.08495632185729013,0.484693723762401
2008-02-05,1.0,0.08193850188968801,0.4704185950248381
2008-02-06,1.0,0.09444169465031425,0.48959909768297033
2008-02-07,1.0,0.07251654589000864,0.5115476199061326
2008-02-08,1.0,0.0529712107013926,0.5033637640774934
2008-02-11,1.0,0.052048829148321575,0.5168020835490913
2008-02-12,1.0,0.07122268243617522,0.4754743691785845
2008-02-13,1.0,0.08083656852496622,0.4846918688396694
2008-02-14,1.0,0.09110724962613159,0.49912551459129895
2008-02-15,1.0,0.1055322460636706,0.5009109287282911
2008-02-18,1.0,0.10229572677049739,0.5288451419703116
2008-02-19,1.0,0.05701948536154307,0.5162094050184284
2008-02-20,1.0,0.0001059153737155891,0.501775111192875
2008-02-21,0.0,-0.03868391612785698,0.5306367349580384
2008-02-22,0.0,-0.02756650126837707,0.5197172882450675
2008-02-25,0.0,-0.026202372394024186,0.5239147994720083
2008-02-26,0.0,-0.009931557628552917,0.534036753679953
2008-02-27,0.0,-0.0038388967705231983,0.5627671558592979
2008-02-28,0.0,-0.024548403115559118,0.564161638033898
2008-02-29,0.0,-0.04527284487246089,0.5683071443913306
2008-03-03,0.0,-0.07034437033026851,0.5644293277542712
2008-03-04,0.0,-0.08811627597453803,0.49536297874180735
2008-03-05,0.0,-0.09028644891426138,0.5295090820330394
2008-03-06,0.0,-0.080909622660312,0.5196265736300948
2008-03-07,0.0,-0.06298882515371039,0.5286179153505084
2008-03-10,0.0,-0.05584595874453011,0.5288259739019601
2008-03-11,0.0,-0.06187758974695835,0.5151603002231682
2008-03-12,0.0,-0.05106146880287259,0.5351730616661083
2008-03-13,0.0,-0.06847389379672687,0.5194332918356527
2008-03-14,0.0,-0.08058292701572214,0.526185864946289
2008-03-17,0.0,-0.08125267445351783,0.475926931726412
2008-03-18,0.0,-0.056900932354738226,0.48564009385430945
2008-03-19,1.0,0.00041296280215647434,0.4424870284708765
2008-03-20,1.0,0.03093810839432671,0.4628222621368813
2008-03-21,0.0,-0.0026244304752465735,0.540721252876544
2008-03-24,1.0,0.0015720184019442551,0.5375439024307007
2008-03-25,0.0,-0.024673971548922643,0.5523989364523263
2008-03-26,0.0,-0.05373598180585756,0.5617485408899695
2008-03-27,0.0,-0.06664659742569105,0.5639025702269415
2008-03-28,0.0,-0.04925748778341915,0.5497556982560005
2008-03-31,0.0,-0.02609891027342161,0.562710650627379
2008-04-01,0.0,-0.013917632817943509,0.5167363490190955
2008-04-02,0.0,-0.030082519829825183,0.6211892805223921
2008-04-03,0.0,-0.0572040195654295,0.6464033650842175
2008-04-04,0.0,-0.0648048468116632,0.665394306941656
2008-04-07,0.0,-0.051064487613871765,0.6668994829592083
2008-04-08,0.0,-0.04299216196417816,0.6589593728560993
2008-04-09,0.0,-0.07242104134984076,0.6544246818137595
2008-04-10,0.0,-0.05207600097688174,0.6869948454448869
2008-04-11,0.0,-0.044699870137790566,0.7200777530227134
2008-04-14,0.0,-0.04623623206148204,0.7294830363665146
2008-04-15,0.0,-0.06795344033376614,0.7276578921680812
2008-04-16,0.0,-0.08917820211028722,0.6981970834581047
2008-04-17,0.0,-0.06280731212293586,0.693828438600342
2008-04-18,0.0,-0.016147732825334715,0.6529623356863843
2008-04-21,0.0,-0.012667985033295574,0.7013123814046135
2008-04-22,1.0,0.0036509317724394675,0.7258043061017034
2008-04-23,1.0,0.030816898551248775,0.7039174986118754
2008-04-24,1.0,0.0395188538123496,0.7188574782062118
2008-04-25,1.0,0.042846346032920715,0.7064189983965443
2008-04-28,1.0,0.03933868373224475,0.728975211125963
2008-04-29,1.0,0.0404681122674336,0.6609677963803968
2008-04-30,1.0,0.026204828288010018,0.6974847752454191
2008-05-01,1.0,0.029124906184158996,0.6464567746856108
2008-05-02,1.0,0.034485186570268604,0.7071139288250077
2008-05-05,1.0,0.019506514448102325,0.716073137688119
2008-05-06,1.0,0.004724104519782701,0.6934122396422132
2008-05-07,1.0,0.013888715236747996,0.703522590245922
2008-05-08,0.0,-0.005286956972640526,0.7167470254359082
2008-05-09,1.0,0.01947350440570406,0.7062647198557639
2008-05-12,1.0,0.011511858508291012,0.7207189404057487
2008-05-13,1.0,5.7671789859991524e-05,0.7063155928040618
2008-05-14,1.0,0.01874678686839754,0.7511801895820115
2008-05-15,0.0,-0.0153730489884393,0.7465428945205284
2008-05-16,0.0,-0.03478464508292006,0.7518693045945538
2008-05-19,0.0,-0.02551044582008966,0.7709681159726467
2008-05-20,0.0,-0.04051608537288558,0.7687072974997163
2008-05-21,0.0,-0.041825571944201376,0.7767862707055505
2008-05-22,0.0,-0.02568920383184659,0.7504347218556715
2008-05-23,0.0,-0.024954780776817932,0.7496467914881274
2008-05-26,0.0,-0.04998558295062733,0.7561392790221051
2008-05-27,0.0,-0.01876394797935934,0.7071421570152968
2008-05-28,0.0,-0.016193009500137464,0.726483613738314
2008-05-29,1.0,0.04390188058344678,0.6694337293088923
2008-05-30,1.0,0.04553506680338076,0.6933829423013209
2008-06-02,1.0,0.037410379595582674,0.6947024554393825
2008-06-03,1.0,0.06493946851416489,0.6818367723656954
2008-06-04,1.0,0.07039953294042413,0.6811777457717563
2008-06-05,1.0,0.0632231043725784,0.6894666639417228
2008-06-06,1.0,0.03378147427179523,0.6714063513251658
2008-06-09,1.0,0.03623764196065418,0.6678248086069327
2008-06-10,1.0,0.058932438455882905,0.6337248677566818
2008-06-11,1.0,0.05332621269324011,0.64469612069939
2008-06-12,1.0,0.08757368527028167,0.6270913792160224
2008-06-13,1.0,0.1010255063106475,0.6543790692065381
2008-06-16,1.0,0.09732743003039276,0.6395101072754819
2008-06-17,1.0,0.10195625705102511,0.6710072804439391
2008-06-18,1.0,0.0707840023329098,0.6767140671012157
2008-06-19,1.0,0.06355929464818884,0.667838847281145
2008-06-20,1.0,0.056764281480275236,0.6727349638568737
2008-06-23,1.0,0.08846709447009499,0.6536719720004235
2008-06-24,1.0,0.06189338916785903,0.6569366403018254
2008-06-25,1.0,0.03815140398004323,0.6477072665183785
2008-06-26,1.0,0.011651038129497514,0.624151688962594
2008-06-27,1.0,0.0022070904983947644,0.6536634199217605
2008-06-30,1.0,0.005635699684319359,0.6464806659180878
2008-07-01,0.0,-0.022308878248419733,0.6242166066640948
2008-07-02,0.0,-0.04219396982815918,0.6442609635761024
2008-07-03,0.0,-0.022050965961492343,0.6340341974388549
2008-07-04,0.0,-0.02418510678299909,0.6676313307703304
2008-07-07,0.0,-0.03411200486785049,0.6484499477103081
2008-07-08,0.0,-0.05043347837409597,0.6297146354608476
2008-07-09,0.0,-0.05395115945107403,0.6362304860409369
2008-07-10,0.0,-0.08200296016763836,0.5799172779043916
2008-07-11,0.0,-0.1183276767902513,0.5783712208889058
2008-07-14,0.0,-0.16598442346624492,0.5993318898808594
2008-07-15,0.0,-0.18510394066043664,0.5834519279387946
2008-07-16,0.0,-0.14931837196455153,0.590093857040815
2008-07-17,0.0,-0.1713875364286633,0.5752574442973056
2008-07-18,0.0,-0.19259403377145157,0.6145980882060726
2008-07-21,0.0,-0.18799866332670886,0.6069915574540015
2008-07-22,0.0,-0.15045927659529845,0.5682289306514782
2008-07-23,0.0,-0.12374227814346832,0.57559803357734
2008-07-24,0.0,-0.10326154015563214,0.6034693135135449
2008-07-25,0.0,-0.12200633064294414,0.601317916388932
2008-07-28,0.0,-0.12418221020169902,0.6019499376644974
2008-07-29,0.0,-0.10791513564015319,0.5915998279597879
2008-07-30,0.0,-0.09146590649989399,0.5666410844638547
2008-07-31,0.0,-0.09161380235475497,0.5903334020841262
2008-08-01,0.0,-0.09167772703022581,0.6159068013480894
2008-08-04,0.0,-0.09010470844804286,0.6069385196640714
2008-08-05,0.0,-0.0822609713256405,0.5955123904650607
2008-08-06,0.0,-0.09345920013059456,0.6139827287138396
2008-08-07,0.0,-0.09182847522748916,0.6262364167904744
2008-08-08,0.0,-0.06399388000370335,0.6214042439961155
2008-08-11,0.0,-0.026505871743830265,0.5468685890906576
2008-08-12,0.0,-0.04413230226022113,0.5910602258592009
2008-08-13,0.0,-0.09422827857488546,0.6234542301355557
2008-08-14,0.0,-0.07750964627423645,0.6135287815950237
2008-08-15,0.0,-0.028588091611540203,0.5921335859697635
2008-08-18,0.0,-0.016915801153593434,0.6408378560298401
2008-08-19,0.0,-0.04323268058096589,0.6089950304840515
2008-08-20,1.0,0.05984426422264437,0.6386332663537263
2008-08-21,1.0,0.016400026305974445,0.6400464962160742
2008-08-22,1.0,0.05954841674735946,0.6636108801426558
2008-08-25,1.0,0.08737629610327666,0.6945258882311103
2008-08-26,1.0,0.07837211301075177,0.6822187075064692
2008-08-27,1.0,0.06522231801232722,0.6853478538616279
2008-08-28,1.0,0.05123933933209864,0.7161346406765023
2008-08-29,1.0,0.05569015914340634,0.7342307857368833
2008-09-01,1.0,0.10639947679024528,0.6927787436537544
2008-09-02,1.0,0.07830760438678257,0.6395172964178221
2008-09-03,1.0,0.08317692057636761,0.6618002436844821
2008-09-04,1.0,0.04894261481383114,0.6518856125925154
2008-09-05,1.0,0.03905316285788115,0.6342614033617313
2008-09-08,1.0,0.06915904655276524,0.6332856291063028
2008-09-09,1.0,0.13219566658767815,0.5945875246490244
2008-09-10,1.0,0.18749123956943534,0.5394346223644315
2008-09-11,1.0,0.20165423704554966,0.5193425372424259
2008-09-12,1.0,0.10453064822562205,0.5149320548029228
2008-09-15,1.0,0.05731024168864542,0.5449620369207052
2008-09-16,1.0,0.07049222781364038,0.5565016035753387
2008-09-17,0.0,-0.019816518693237736,0.49206285914820996
2008-09-18,0.0,-0.055878837279761936,0.5427114702236823
2008-09-19,0.0,-0.10898577408095736,0.6021101389539457
2008-09-22,0.0,-0.11832666165509365,0.6458794865963224
2008-09-23,0.0,-0.1451032005305973,0.6610557176016084
2008-09-24,0.0,-0.18924530416192525,0.6577480380506684
2008-09-25,0.0,-0.19626961618889818,0.6381175225723169
2008-09-26,0.0,-0.17897013782584797,0.5970504033197737
2008-09-29,0.0,-0.21875517345432532,0.6212363072310763
2008-09-30,0.0,-0.15358632143514436,0.5733208924385882
2008-10-01,0.0,-0.1427608074699136,0.5731240860006871
2008-10-02,0.0,-0.12498700670538816,0.5153367379574982
2008-10-03,0.0,-0.14247957554351529,0.5322754217644432
2008-10-06,0.0,-0.17261021412928493,0.5193567895684037
2008-10-07,0.0,-0.15037208391155407,0.549610082405714
2008-10-08,0.0,-0.20370274144743494,0.5261426142505508
2008-10-09,0.0,-0.22006862320208223,0.5133182745177772
2008-10-10,0.0,-0.14294698216999727,0.34882185041470354
2008-10-13,0.0,-0.11010000358802016,0.40811598178870906
2008-10-14,0.0,-0.1340949894115687,0.48419653594491985
2008-10-15,0.0,-0.17308345294324526,0.511361661884857
2008-10-16,0.0,-0.0884360236130029,0.4032232260281512
2008-10-17,0.0,-0.05409558986340824,0.410802336142487
2008-10-20,0.0,-0.07689378276306291,0.4549486122241873
2008-10-21,0.0,-0.0443840233667436,0.4222155634532417
2008-10-22,1.0,0.0055972842379129455,0.35163048855679857
2008-10-23,1.0,0.03220167630612319,0.40262517583732343
2008-10-24,1.0,0.08558129741055158,0.3540950611500272
2008-10-27,1.0,0.1171746891234473,0.4421063198704902
2008-10-28,1.0,0.09458576044951993,0.4659068725297187
2008-10-29,1.0,0.07395657886204791,0.4628011971574019
2008-10-30,1.0,0.10008603907728,0.43002691389007386
2008-10-31,1.0,0.12137268693715239,0.4871615789601333
2008-11-03,1.0,0.06099451270284193,0.5007288243988768
2008-11-04,1.0,0.024716579133079102,0.5157468395685944
2008-11-05,1.0,0.04438422466515875,0.5719274497376887
2008-11-06,1.0,0.04554575889394646,0.5748575656927798
2008-11-07,1.0,0.026523556037480803,0.578092711892859
2008-11-10,1.0,0.03489721415248066,0.5800984284472325
2008-11-11,1.0,0.06000540434275881,0.616636607274082
2008-11-12,1.0,0.12927554320990023,0.6087572298395482
2008-11-13,1.0,0.10904009208452385,0.6074221966309974
2008-11-14,1.0,0.10268209021119015,0.6258715069347701
2008-11-17,1.0,0.1277195315524792,0.6579986038504224
2008-11-18,1.0,0.15057358683297842,0.6350518661259573
2008-11-19,1.0,0.16681843383376316,0.5585968888955387
2008-11-20,1.0,0.13518927991089313,0.5895490350108732
2008-11-21,1.0,0.04624057084216379,0.5804451931209286
2008-11-24,1.0,0.031625082690548964,0.6307823031761999
2008-11-25,1.0,0.02305594979743533,0.6541381720671483
2008-11-26,1.0,0.042272535039376426,0.6630946805536182
2008-11-27,1.0,0.03748288828054564,0.6506017344047247
2008-11-28,1.0,0.06076483065593304,0.6395712863889488
2008-12-01,1.0,0.13523681058092787,0.5466694258344355
2008-12-02,1.0,0.1104348565559827,0.6006501054271838
2008-12-03,1.0,0.13074147172252834,0.556893736275565
2008-12-04,1.0,0.13680991071107756,0.5357543488666339
2008-12-05,1.0,0.1460444875659509,0.485193962601135
2008-12-08,1.0,0.1064599498833656,0.49441709333530653
2008-12-09,1.0,0.10608102313209518,0.5161664236802936
2008-12-10,1.0,0.03913293006760202,0.4948124242189287
2008-12-11,1.0,0.04295522617666782,0.5201410773426769
2008-12-12,1.0,0.03799926322008802,0.5404256536172956
2008-12-15,0.0,-0.0212145604525914,0.5754967795559548
2008-12-16,0.0,-0.042980247756895316,0.5590569045959218
2008-12-17,0.0,-0.06694568688306904,0.5556991300039338
2008-12-18,0.0,-0.042036224029739354,0.5469053295260358
2008-12-19,1.0,0.00579270456445161,0.5862466049710237
2008-12-22,0.0,-0.014430607612737555,0.623844205412011
2008-12-23,1.0,0.02008963260774806,0.5873898818698634
2008-12-24,1.0,0.007343255203498211,0.5939788925628249
2008-12-25,1.0,0.011749030390863877,0.57675856008949
2008-12-26,1.0,0.034428656874121555,0.5415489338254332
2008-12-29,1.0,0.025847316753075847,0.5341023820648229
2008-12-30,1.0,0.028790653580910815,0.5186631381662758
2008-12-31,1.0,0.006216114048397948,0.4881243774214627
2009-01-01,1.0,0.03266326944893635,0.509267125980661
2009-01-02,1.0,0.05818915703355298,0.42100553193802925
2009-01-05,1.0,0.05212540881727486,0.3749880810940902
2009-01-06,1.0,0.04132655525067602,0.3987807741946201
2009-01-07,1.0,0.07185568551337639,0.4178928329623196
2009-01-08,1.0,0.06452758685805812,0.38577625366377805
2009-01-09,1.0,0.06492623571135164,0.3817623391243403
2009-01-12,1.0,0.08598040979530444,0.341847156435404
2009-01-13,1.0,0.10729295386515256,0.39427523178164803
2009-01-14,1.0,0.14567401575716205,0.3324800368193065
2009-01-15,1.0,0.1464172588513624,0.3242626405508235
2009-01-16,1.0,0.11054187439982402,0.3260853944887526
2009-01-19,1.0,0.11923085786704005,0.35367193873706454
2009-01-20,1.0,0.12382417890598603,0.31350410822370506
2009-01-21,1.0,0.1423162221802554,0.35764026993263104
2009-01-22,1.0,0.12864051359437417,0.34163491178765626
2009-01-23,1.0,0.0985130070804084,0.3531036105147079
2009-01-26,1.0,0.09336098417450327,0.41988980334866893
2009-01-27,1.0,0.06818295305753073,0.43559083952997146
2009-01-28,1.0,0.07202060071350096,0.3958005822977403
2009-01-29,1.0,0.04049398166977749,0.3842909055209342
2009-01-30,1.0,0.015506673672288893,0.43989945275440573
2009-02-02,1.0,0.022505986536044558,0.41526366049365704
2009-02-03,1.0,0.017538418204859293,0.37434762341497196
2009-02-04,1.0,0.0008277004197191289,0.35751463446364384
2009-02-05,1.0,0.019329766139667224,0.3697572978405158
2009-02-06,1.0,0.030096552594590313,0.35989827884680414
2009-02-09,1.0,0.0301918865304367,0.29479743986328116
2009-02-10,0.0,-0.018696256706487852,0.29779737550286567
2009-02-11,0.0,-0.032019788133381986,0.3065135887691416
2009-02-12,0.0,-0.021480717893502473,0.3501391270810319
2009-02-13,0.0,-0.01277101971083818,0.3725219594594207
2009-02-16,0.0,-0.019948111730398305,0.3671149745454766
2009-02-17,0.0,-0.05819264202947401,0.3813020491508954
2009-02-18,0.0,-0.04453483859929354,0.4170367564544121
2009-02-19,0.0,-0.01530140993857501,0.4209067487877722
2009-02-20,0.0,-0.04185485727912993,0.42710869837548465
2009-02-23,0.0,-0.05412324054091947,0.40209166160530496
2009-02-24,0.0,-0.03897683792063516,0.35603720604513056
2009-02-25,0.0,-0.020987607228500665,0.3274085596036316
2009-02-26,0.0,-0.012870464318244752,0.3359378202902791
2009-02-27,0.0,-0.020585020620884666,0.32161957947209247
2009-03-02,0.0,-0.011140543248191883,0.31220201890971755
2009-03-03,1.0,0.00312733510850698,0.3124897277330872
2009-03-04,1.0,0.022793941762454747,0.3150457494237278
2009-03-05,0.0,-0.030877238564439344,0.30636346714338186
2009-03-06,0.0,-0.050433606818414536,0.3332131767385494
2009-03-09,0.0,-0.05928464122110824,0.30633519336637777
2009-03-10,0.0,-0.01900708567048027,0.3232788312441175
2009-03-11,0.0,-0.032295113454649284,0.3589900401018917
2009-03-12,0.0,-0.05237135070602846,0.43435770030978677
2009-03-13,0.0,-0.053120580951247,0.4371728240655705
2009-03-16,0.0,-0.03225375898065446,0.4663109179727849
2009-03-17,0.0,-0.027331003784343978,0.49367160649263453
2009-03-18,0.0,-0.05560473195725476,0.42611278777106787
2009-03-19,0.0,-0.09175345572540018,0.49747378312170304
2009-03-20,0.0,-0.09166214758074755,0.5435795839826477
2009-03-23,0.0,-0.06032530525368004,0.526041018714579
2009-03-24,0.0,-0.0465030433252157,0.525328056110398
2009-03-25,0.0,-0.048557326885510864,0.5160490306448935
2009-03-26,0.0,-0.03242233513236859,0.5383858859664913
2009-03-27,0.0,-0.0108368201861116,0.5008810649830082
2009-03-30,0.0,-0.010250646733125698,0.4665346884736106
2009-03-31,0.0,-0.02843730765051672,0.49815505714172303
2009-04-01,0.0,-0.03221490365516087,0.49072840902485126
2009-04-02,0.0,-0.017687725739160755,0.4810597937779323
2009-04-03,0.0,-0.007417014391895961,0.5161782184529058
2009-04-06,1.0,0.03749733481743275,0.39438537409031404
2009-04-07,1.0,0.017893065614311417,0.41820952088823643
2009-04-08,1.0,0.034294433033972706,0.44353148995207986
2009-04-09,1.0,0.03503053639139965,0.4769259652875081
2009-04-10,1.0,0.03893056815510177,0.4699203751923579
2009-04-13,1.0,0.021559285211212264,0.44060732547676784
2009-04-14,1.0,0.035978236456683924,0.4714647553271789
2009-04-15,1.0,0.03879761364087349,0.4594804806619343
2009-04-16,1.0,0.05639047919723556,0.4565583279812011
2009-04-17,1.0,0.07000525020302546,0.4850542722645082
2009-04-20,1.0,0.03744717109993668,0.48305404328121077
2009-04-21,1.0,0.04561699740897193,0.4884778370148866
2009-04-22,1.0,0.05350214838006908,0.5190874263224755
2009-04-23,1.0,0.05329284211768947,0.5112311434035817
2009-04-24,1.0,0.047214136163573533,0.5133037113833837
2009-04-27,1.0,0.056091472365323594,0.48644498935170033
2009-04-28,1.0,0.06355301251300151,0.4731918473423672
2009-04-29,1.0,0.05618664759393707,0.519999519973208
2009-04-30,1.0,0.07716326075774939,0.49510948488641005
2009-05-01,1.0,0.09934732285984785,0.5070537021645295
2009-05-04,1.0,0.0779889770760591,0.45059174449535205
2009-05-05,1.0,0.09021547503756347,0.46716551337913553
2009-05-06,1.0,0.05534173769807931,0.45849122609036946
2009-05-07,1.0,0.07359410659866804,0.43402866758379494
2009-05-08,1.0,0.04124736631797505,0.45546699989586065
2009-05-11,1.0,0.04127868021175295,0.47703984162254887
2009-05-12,1.0,0.03347258655826587,0.47213013971677187
2009-05-13,1.0,0.029979010161573394,0.4710679585644843
2009-05-14,1.0,0.029197213447905396,0.45832561667548266
2009-05-15,1.0,0.008016717617773237,0.4566176155610645
2009-05-18,1.0,0.010885271706110162,0.4728664775731327
2009-05-19,1.0,0.010484812559091413,0.47014593987547165
2009-05-20,1.0,0.0002343516990570923,0.4541760091732055
2009-05-21,0.0,-0.02198449840282275,0.4471606542685913
2009-05-22,0.0,-0.024639080832643514,0.46565175674645626
2009-05-25,0.0,-0.038378347975719,0.4525153538541842
2009-05-26,0.0,-0.027874402312207204,0.3825894645873733
2009-05-27,0.0,-0.019667885347859945,0.397257722297847
2009-05-28,0.0,-0.021278519161673105,0.36744965274967056
2009-05-29,0.0,-0.04123059557808767,0.39260875116418964
2009-06-01,0.0,-0.039017713057235615,0.39074776893836527
2009-06-02,0.0,-0.05791657421369123,0.3749678414571071
2009-06-03,0.0,-0.023395521523950528,0.36525487969541454
2009-06-04,0.0,-0.05283813191595672,0.3968332026353837
2009-06-05,0.0,-0.024372067268079153,0.40440708711388496
2009-06-08,0.0,-0.028636259286664707,0.4218366224924288
2009-06-09,0.0,-0.03203321573677137,0.4378360052815626
2009-06-10,0.0,-0.04828216846337835,0.44065657085106985
2009-06-11,0.0,-0.0445875707907755,0.44836207225397023
2009-06-12,0.0,-0.028344273392426525,0.422276961007331
2009-06-15,0.0,-0.00865525256107567,0.4240834923514869
2009-06-16,0.0,-0.009782394591537256,0.42873859472267223
2009-06-17,1.0,0.00035142460440376995,0.4362705762440649
2009-06-18,1.0,0.004576569151385312,0.4493679011300686
2009-06-19,1.0,0.00368678785799525,0.46179667372704264
2009-06-22,1.0,0.027788471814321074,0.4595016673811051
2009-06-23,1.0,0.02419115689591088,0.4745915369434457
2009-06-24,1.0,0.021245753449904353,0.4629259372990021
2009-06-25,1.0,0.010485162782472478,0.4793250154678621
2009-06-26,1.0,0.01242777570165206,0.4891487979681047
2009-06-29,1.0,0.016799299816459924,0.4809436281917654
2009-06-30,1.0,0.011694784862017802,0.4608173311094626
2009-07-01,0.0,-0.011545990997060796,0.46387951310217557
2009-07-02,1.0,0.004935102817478221,0.4738071036647965
2009-07-03,1.0,0.023062652389356376,0.48965320062648304
2009-07-06,1.0,0.033854701198969,0.49143703971272806
2009-07-07,1.0,0.04469905609493153,0.47131696563995484
2009-07-08,1.0,0.05762559441373427,0.44527128978969244
2009-07-09,1.0,0.05428929512372276,0.44512139720443794
2009-07-10,1.0,0.0448683394811205,0.4681748351077274
2009-07-13,1.0,0.02785993966937584,0.462703567134075
2009-07-14,1.0,0.021798063637232988,0.4756127331319066
2009-07-15,1.0,0.008376235158223699,0.4601250281049466
2009-07-16,1.0,0.018612906476477117,0.4840313118612847
2009-07-17,1.0,0.011717744953988455,0.48628775073153335
2009-07-20,0.0,-0.015027496386644409,0.4926975519236087
2009-07-21,0.0,-0.010492386014751552,0.5110045491469556
2009-07-22,0.0,-0.009876232274171516,0.518169433414003
2009-07-23,0.0,-0.008995721579411408,0.5092212221643442
2009-07-24,1.0,0.002624397895116854,0.5293874512948544
2009-07-27,0.0,-0.012968489066226153,0.5360411554365435
2009-07-28,1.0,0.0077035843850325044,0.528727961407873
2009-07-29,1.0,0.01658218262598019,0.5601466336928186
2009-07-30,1.0,0.014608105512454728,0.5625372602582002
2009-07-31,1.0,0.0010476690324436838,0.5196815168572698
2009-08-03,0.0,-0.005817474020471607,0.5301300624965647
2009-08-04,0.0,-0.011022832971764504,0.4954218798626042
2009-08-05,1.0,0.015500194464219772,0.5105448549701566
2009-08-06,1.0,0.029258902667850643,0.513497814690498
2009-08-07,1.0,0.04048055710733782,0.5385498579523823
2009-08-10,1.0,0.050434318366239565,0.5431790574940386
2009-08-11,1.0,0.05079639471405527,0.5635829364174039
2009-08-12,1.0,0.04662079668814,0.5781252254884368
2009-08-13,1.0,0.04269050275814053,0.5700785529994609
2009-08-14,1.0,0.058007302870882814,0.5616772460472425
2009-08-17,1.0,0.06789012897261669,0.5978543681420795
2009-08-18,1.0,0.07088751702066576,0.6069388568506395
2009-08-19,1.0,0.07684898607569306,0.5802266552049969
2009-08-20,1.0,0.0746925033497898,0.5875752187041879
2009-08-21,1.0,0.05482011809692859,0.5484048872386571
2009-08-24,1.0,0.06392099738810432,0.5692555363683879
2009-08-25,1.0,0.07113224145336303,0.5506815899944463
2009-08-26,1.0,0.06435342654048277,0.5351517989818072
2009-08-27,1.0,0.047325087631682104,0.506782121945725
2009-08-28,1.0,0.037003193849257696,0.4994082058502438
2009-08-31,1.0,0.04098807796810873,0.507237875380867
2009-09-01,1.0,0.03700229698110287,0.5016649295019696
2009-09-02,1.0,0.02940499845022585,0.46067512508344166
2009-09-03,1.0,0.007383072637250284,0.49601105640882803
2009-09-04,1.0,0.008411826087636872,0.5265122363561482
2009-09-07,1.0,0.021913375919276033,0.5230334516117104
2009-09-08,1.0,0.04584852057392801,0.5040395854122524
2009-09-09,1.0,0.050980840056256256,0.5070985758983615
2009-09-10,1.0,0.057041342300742086,0.5223296901486303
2009-09-11,1.0,0.042889096544263094,0.522043176524082
2009-09-14,1.0,0.05532932978981385,0.5032303093066804
2009-09-15,1.0,0.054795664666015494,0.4876336203555043
2009-09-16,1.0,0.04337844092246685,0.47958299848208846
2009-09-17,1.0,0.03547227219682967,0.4824661457474244
2009-09-18,1.0,0.04464160595061606,0.4936223761199232
2009-09-21,1.0,0.05853017134251435,0.4801060288343991
2009-09-22,1.0,0.03943301772014334,0.454525837913267
2009-09-23,1.0,0.04896015028764167,0.46574256104716966
2009-09-24,1.0,0.06428071706095237,0.4467485204743033
2009-09-25,1.0,0.06296058664157964,0.45379633624279997
2009-09-28,1.0,0.04676765617216255,0.44226800950937845
2009-09-29,1.0,0.04689781608519102,0.4474997154391059
2009-09-30,1.0,0.020041932262316046,0.4473308869509041
2009-10-01,1.0,0.04672925205916879,0.4691904305820467
2009-10-02,1.0,0.04160349999468332,0.4563769461863657
2009-10-05,1.0,0.04064503990865129,0.45632400126713113
2009-10-06,1.0,0.03978893062612886,0.45442088675677494
2009-10-07,1.0,0.04494296874160129,0.47367833735258774
2009-10-08,1.0,0.03281733856428975,0.46252013882872484
2009-10-09,1.0,0.042770060068013066,0.4713894000214536
2009-10-12,1.0,0.04322946223078355,0.4624728396067002
2009-10-13,1.0,0.03825174885683401,0.47207196318552475
2009-10-14,1.0,0.050474058302878995,0.47606184483318914
2009-10-15,1.0,0.04977814980164191,0.47659109698195296
2009-10-16,1.0,0.05995442542381356,0.485076327853585
2009-10-19,1.0,0.06810291849544244,0.47990458293535343
2009-10-20,1.0,0.07843764115644943,0.4695294958215438
2009-10-21,1.0,0.07851615629214366,0.44638252620826946
2009-10-22,1.0,0.07669198769594994,0.4480925644634507
2009-10-23,1.0,0.08636370345762547,0.4290560598100171
2009-10-26,1.0,0.11588748321012007,0.4270712603454917
2009-10-27,1.0,0.11722200783873316,0.445275585323053
2009-10-28,1.0,0.14775233076420577,0.4472236148562953
2009-10-29,1.0,0.12666210322591356,0.44175292632541197
2009-10-30,1.0,0.11910435691477246,0.446893440537175
2009-11-02,1.0,0.10737829923276733,0.44339973731944965
2009-11-03,1.0,0.0984573633314208,0.44551897889582687
2009-11-04,1.0,0.10712603184369499,0.46452611782113123
2009-11-05,1.0,0.1021820311203476,0.482486807536165
2009-11-06,1.0,0.05878049065623629,0.4667898513235771
2009-11-09,1.0,0.04802195918493108,0.4633014603440047
2009-11-10,1.0,0.020231645224008714,0.4827848586363629
2009-11-11,1.0,0.009973368509991178,0.4893510610398187
2009-11-12,1.0,0.024343425110719553,0.4730606771012715
2009-11-13,0.0,-0.0029542118974314087,0.4900466650046261
2009-11-16,0.0,-0.011033255487591135,0.4799971416084638
2009-11-17,0.0,-0.014207165943852428,0.4807044325717969
2009-11-18,0.0,-0.006656764530587187,0.4797152030635141
2009-11-19,0.0,-0.04074555152212334,0.4706905491030777
2009-11-20,0.0,-0.03304479477745729,0.46917150777749866
2009-11-23,0.0,-0.06437274006538807,0.46158082843660947
2009-11-24,0.0,-0.07583289374197866,0.4634016245130577
2009-11-25,0.0,-0.09153730939545547,0.4404580783229838
2009-11-26,0.0,-0.07238377469728784,0.44387544248946986
2009-11-27,0.0,-0.06325145232236536,0.39443463871668544
2009-11-30,0.0,-0.06325077823705857,0.42671727840738827
2009-12-01,0.0,-0.08706000078430104,0.4311546673351159
2009-12-02,0.0,-0.10648532887912047,0.44469132411076123
2009-12-03,0.0,-0.09610131744761374,0.43522223661442316
2009-12-04,0.0,-0.05675533055120567,0.3717917996062189
2009-12-07,0.0,-0.03238119089969868,0.40206562965561204
2009-12-08,0.0,-0.009259325412796825,0.3781613328858978
2009-12-09,1.0,0.008645841240603155,0.40914844193525607
2009-12-10,1.0,0.0005303633112915648,0.4265965046617062
2009-12-11,1.0,0.020278910259438034,0.3926155891031269
2009-12-14,1.0,0.022076339274541883,0.43084253880915885
2009-12-15,1.0,0.0029285196418884977,0.4203115941443128
2009-12-16,1.0,0.00026360880606064214,0.42937694952288863
2009-12-17,1.0,0.03921546313424981,0.3850060533179077
2009-12-18,1.0,0.015801552418130083,0.44166609949756647
2009-12-21,1.0,0.03610630191557152,0.4470492011017398
2009-12-22,1.0,0.04879016416943205,0.46622941371531584
2009-12-23,1.0,0.02137805420998488,0.49851298239007413
2009-12-24,0.0,-0.010412261300810868,0.512320351143259
2009-12-25,0.0,-0.01114331681731562,0.5463410893813854
2009-12-28,0.0,-0.008070044250301167,0.5392645021737091
2009-12-29,1.0,0.0006562218265183382,0.555827378521603
2009-12-30,0.0,-0.0045854812555908555,0.5782467240652084
2009-12-31,0.0,-0.009020001175115309,0.5838386352474914
2010-01-01,0.0,-0.01512307478268223,0.5853974763821226
2010-01-04,0.0,-0.014101818993132292,0.5481650277394818
2010-01-05,0.0,-0.003180365062842496,0.5669409396396388
2010-01-06,0.0,-0.025443948883841844,0.5528837455964501
2010-01-07,0.0,-0.06187916416979278,0.5746936891379795
2010-01-08,0.0,-0.06529728319075763,0.5532745635326944
2010-01-11,0.0,-0.08041536612552773,0.572045405846736
2010-01-12,0.0,-0.0456983603329413,0.565748968031559
2010-01-13,0.0,-0.059828725306829596,0.5997853052088361
2010-01-14,0.0,-0.04240554923750721,0.5828363035048054
2010-01-15,0.0,-0.03376648734384699,0.5802351922953164
2010-01-18,0.0,-0.02908872925692526,0.5718787960842865
2010-01-19,0.0,-0.016610573923517433,0.5633985381628914
2010-01-20,0.0,-0.003823510199435618,0.5358136003284044
2010-01-21,1.0,0.013393158679954166,0.5517629665321658
2010-01-22,1.0,0.02350496929735845,0.5764007534097226
2010-01-25,1.0,0.014326957372903897,0.6185047038130616
2010-01-26,1.0,0.0053158988401818845,0.6172446393934219
2010-01-27,1.0,0.009013398014789805,0.6125075633610161
2010-01-28,1.0,0.017552708506985433,0.607694880161219
2010-01-29,1.0,0.03343576033869031,0.61490795432746
2010-02-01,1.0,0.012128771424001457,0.6125493678244905
2010-02-02,1.0,0.01800728914474187,0.6161712866752534
2010-02-03,1.0,0.026760720350932146,0.6347162925748124
2010-02-04,1.0,0.06240924634494037,0.5951369967086104
2010-02-05,1.0,0.0621295212914976,0.6346804004359133
2010-02-08,1.0,0.05553933609880688,0.6566394837012925
2010-02-09,1.0,0.03978815138113711,0.6449131330376578
2010-02-10,1.0,0.03330721409964475,0.6586467452108634
2010-02-11,1.0,0.012789870023027568,0.657160951656954
2010-02-12,1.0,0.007762146767712561,0.661344578555646
2010-02-15,1.0,0.006652962920416733,0.6779351313992346
2010-02-16,1.0,0.007342666992735806,0.6629275220188374
2010-02-17,1.0,0.012159132543213103,0.6521510266946275
2010-02-18,1.0,0.016681588054214963,0.6501096383260162
2010-02-19,0.0,-0.010960490642634534,0.6429219860675766
2010-02-22,0.0,-0.010827987588618172,0.6529098821030995
2010-02-23,1.0,0.001584750507120746,0.6561768208050981
2010-02-24,0.0,-0.010163061290115473,0.653582973438454
2010-02-25,0.0,-0.014430002075256207,0.6313826805791064
2010-02-26,0.0,-0.00907830602346127,0.605807796283752
2010-03-01,0.0,-0.008318761488325733,0.6100821289734718
2010-03-02,0.0,-0.027790735453812877,0.5817690044264008
2010-03-03,0.0,-0.023656874040921164,0.5853070636819213
2010-03-04,0.0,-0.00478088560034212,0.5587862169750251
2010-03-05,0.0,-0.01317413540083856,0.5541618415121989
2010-03-08,1.0,0.007404321220433179,0.5597897476158007
2010-03-09,1.0,0.01103661225921074,0.5696268101019774
2010-03-10,1.0,0.03627000920858712,0.5834789415566444
2010-03-11,1.0,0.036330625523934214,0.5835942786373304
2010-03-12,1.0,0.05310669591812504,0.5829865109104971
2010-03-15,1.0,0.04217612260841367,0.5763275566531174
2010-03-16,1.0,0.02014683983517297,0.5448481434452496
2010-03-17,1.0,0.030762191883330025,0.553613301244405
2010-03-18,1.0,0.027903498439049212,0.5484941722721979
2010-03-19,1.0,0.02709130216406258,0.559572272955075
2010-03-22,1.0,0.029939680401465694,0.5752057314666537
2010-03-23,1.0,0.03170486846206059,0.5690005284842147
2010-03-24,1.0,0.053832285325569926,0.5750133881072554
2010-03-25,1.0,0.04570688032816644,0.5993644164355117
2010-03-26,1.0,0.04424367339798337,0.5736434687790064
2010-03-29,1.0,0.038693067380631635,0.5834416712306455
2010-03-30,1.0,0.05658688814035473,0.6024445974225923
2010-03-31,1.0,0.04603809972397492,0.605322991517761
2010-04-01,1.0,0.03492605331867519,0.5880626209936044
2010-04-02,1.0,0.05168614452027926,0.6136065956869121
2010-04-05,1.0,0.04346255499755685,0.5779706700394639
2010-04-06,1.0,0.03208144732022994,0.555847805912922
2010-04-07,1.0,0.02230985189174567,0.5639587015066652
2010-04-08,1.0,0.049197753614577094,0.5702405312848583
2010-04-09,1.0,0.03915451210066044,0.5621529883060032
2010-04-12,1.0,0.03976279339110295,0.5640829962877171
2010-04-13,1.0,0.06902589575370721,0.5899193176282967
2010-04-14,1.0,0.06984477550346048,0.5626974270431
2010-04-15,1.0,0.06143364128590366,0.5523525212991779
2010-04-16,1.0,0.08085124303827312,0.5446244300580882
2010-04-19,1.0,0.07356381607759407,0.5518849005236326
2010-04-20,1.0,0.071377344654643,0.531107875855987
2010-04-21,1.0,0.04016775831765856,0.5117500327187025
2010-04-22,1.0,0.0351607964558176,0.49791540683998237
2010-04-23,1.0,0.0167048901011609,0.4941346307080658
2010-04-26,1.0,0.03253810273439889,0.5079952736166842
2010-04-27,1.0,0.03069251502684447,0.5050687160546316
2010-04-28,1.0,0.038785092585101905,0.5291232674849162
2010-04-29,1.0,0.03850023717933504,0.5161510481905947
2010-04-30,1.0,0.02939741603246917,0.5356394981294634
2010-05-03,1.0,0.028371052050077873,0.547605865692665
2010-05-04,1.0,0.04537414761359957,0.5464948237697496
2010-05-05,1.0,0.040168319618522144,0.5542193603683278
2010-05-06,0.0,-0.0015899176095378268,0.5944760470524056
2010-05-07,1.0,0.00947171764217501,0.6013303790243274
2010-05-10,1.0,0.030411413141679437,0.6085594471963625
2010-05-11,1.0,0.0029723480333452754,0.6118743947583721
2010-05-12,0.0,-0.004392446888564405,0.6133752583270278
2010-05-13,0.0,-0.013187901657784665,0.6231652685241305
2010-05-14,0.0,-0.005268561872266052,0.5910625718313769
2010-05-17,0.0,-0.000982117360114147,0.5900683462663664
2010-05-18,1.0,0.007319188531577836,0.6014963147681562
2010-05-19,1.0,0.029101217771094735,0.5849595646628756
2010-05-20,1.0,0.05175202114348641,0.6015482583326903
2010-05-21,1.0,0.06551502152297647,0.6066568575394706
2010-05-24,1.0,0.03467888272921175,0.6104253023631695
2010-05-25,1.0,0.0292947348564642,0.6156193162172555
2010-05-26,1.0,0.020865138463961756,0.6174308765388219
2010-05-27,1.0,0.025081726847570984,0.6236951189241454
2010-05-28,1.0,0.03337988750025712,0.6230131433123637
2010-05-31,1.0,0.018533003003742284,0.6070679595163005
2010-06-01,1.0,0.012164120307198963,0.5961052483987422
2010-06-02,1.0,0.015249514801736306,0.5820250012132441
2010-06-03,0.0,-0.006401751161484508,0.5928601935478767
2010-06-04,0.0,-0.0068270880016098575,0.5973613522659207
2010-06-07,0.0,-0.02529610043766049,0.5815739837999847
2010-06-08,0.0,-0.03616429136458656,0.6133841711117238
2010-06-09,0.0,-0.025245055389848316,0.6120434400876082
2010-06-10,0.0,-0.01528201525383588,0.6164603013587905
2010-06-11,0.0,-0.01238583688562414,0.5990353834046115
2010-06-14,0.0,-0.020181818934592918,0.5999576719808246
2010-06-15,0.0,-0.017821849175179733,0.5972175211710767
2010-06-16,0.0,-0.016986417532772406,0.5712377565459965
2010-06-17,0.0,-0.030082972843960887,0.5587163833577092
2010-06-18,0.0,-0.052097664843495234,0.5664856471918652
2010-06-21,0.0,-0.04200646541912125,0.5565090972187615
2010-06-22,0.0,-0.03947718731249621,0.5869397865166344
2010-06-23,0.0,-0.04318702820293747,0.5759413342009191
2010-06-24,0.0,-0.03978543086173096,0.5800212762007461
2010-06-25,0.0,-0.05433273384385575,0.5795042324478499
2010-06-28,0.0,-0.045745850057351836,0.576494915996434
2010-06-29,0.0,-0.06583707073549366,0.5969308114349569
2010-06-30,0.0,-0.06540560386138342,0.5992227195324623
2010-07-01,0.0,-0.025939271159602265,0.5881820722225494
2010-07-02,0.0,-0.025580262955719805,0.6212951764924567
2010-07-05,0.0,-0.022090091085081545,0.6417389738624357
2010-07-06,0.0,-0.00544818438750721,0.6383973252616398
2010-07-07,0.0,-0.0065062580934953755,0.6363742437337188
2010-07-08,0.0,-0.002632625159785583,0.6384216804586083
2010-07-09,0.0,-0.0051303381041384035,0.6343658399102376
2010-07-12,1.0,0.0037528190154012576,0.643830736901149
2010-07-13,0.0,-0.006703658308222772,0.641542182514676
2010-07-14,0.0,-0.008477444387409126,0.654052403316642
2010-07-15,1.0,0.0046240947759224205,0.66195154635304
2010-07-16,1.0,0.018684371658261846,0.6691380968406373
2010-07-19,1.0,0.035051966803857276,0.6804779926616646
2010-07-20,1.0,0.02714387344744907,0.6906154801435069
2010-07-21,1.0,0.0367819471196325,0.7011951636775599
2010-07-22,1.0,0.03065626744282575,0.6998855645448299
2010-07-23,1.0,0.03194313786945323,0.7093775888003677
2010-07-26,1.0,0.03536078248248926,0.7147106501796783
2010-07-27,1.0,0.057744119997164195,0.7092300123538774
2010-07-28,1.0,0.06363305374574779,0.7279558345995648
2010-07-29,1.0,0.05766711767832077,0.7164186817834467
2010-07-30,1.0,0.04721640922928349,0.6878101717501106
2010-08-02,1.0,0.044738060216861296,0.6895660113098837
2010-08-03,1.0,0.05038869955374828,0.6809658040873118
2010-08-04,1.0,0.04046877929551767,0.6801675416058495
2010-08-05,1.0,0.04579891915652118,0.6779400556702262
2010-08-06,1.0,0.03372870337728807,0.6833953963043875
2010-08-09,1.0,0.03973762605856726,0.6824848961997083
2010-08-10,1.0,0.04171675706533194,0.6860170426818568
2010-08-11,1.0,0.04635876248892158,0.6845947725949851
2010-08-12,1.0,0.024253477729221498,0.6663030261810233
2010-08-13,1.0,0.02498352751986997,0.6640947611689714
2010-08-16,1.0,0.016554056057633628,0.6584012439296599
2010-08-17,1.0,0.03474075802890989,0.6623124001948489
2010-08-18,1.0,0.030913372504854073,0.6423156472354093
2010-08-19,1.0,0.03438162687414253,0.6420191057405408
2010-08-20,1.0,0.037173058224837525,0.640062125086625
2010-08-23,1.0,0.041691004743014314,0.6435947072967967
2010-08-24,1.0,0.04488798685354401,0.6201830955173196
2010-08-25,1.0,0.040536481405278914,0.6349395642325548
2010-08-26,1.0,0.04336562165591905,0.6272706134114012
2010-08-27,1.0,0.045666070494423804,0.6231254945830035
2010-08-30,1.0,0.0453437977471486,0.624231134066323
2010-08-31,1.0,0.048200215615307955,0.6095458337183999
2010-09-01,1.0,0.051339504040755206,0.6130830489033526
2010-09-02,1.0,0.044863538678174934,0.5951764376009916
2010-09-03,1.0,0.05640952042864204,0.597375106629295
2010-09-06,1.0,0.05084321111454849,0.5917802425198087
2010-09-07,1.0,0.06558084738549574,0.5890310618017071
2010-09-08,1.0,0.07230490987832615,0.5931414682770425
2010-09-09,1.0,0.06979395500188572,0.6034372736805861
2010-09-10,1.0,0.07754781497393864,0.6060071934399704
2010-09-13,1.0,0.08348275989248499,0.590657726698129
2010-09-14,1.0,0.0628046725592032,0.5593740030018334
2010-09-15,1.0,0.07889856535946696,0.5708032668565546
2010-09-16,1.0,0.07977424765210635,0.5516016959852466
2010-09-17,1.0,0.07124516588521616,0.5523438932456414
2010-09-20,1.0,0.06810852860168987,0.5434262737484916
2010-09-21,1.0,0.034288637012116575,0.5388681381381544
2010-09-22,1.0,0.04163476669852503,0.5422592289699842
2010-09-23,1.0,0.025385893406763095,0.5278073802372244
2010-09-24,1.0,0.024768832138464106,0.531431002094445
2010-09-27,1.0,0.03454902875824049,0.5258404977216372
2010-09-28,1.0,0.023703695187833485,0.5061695391549235
2010-09-29,1.0,0.011763948659660151,0.5169204730248343
2010-09-30,1.0,0.02692064245129209,0.5135528479091812
2010-10-01,1.0,0.030093740057663874,0.5130878042724151
2010-10-04,1.0,0.028925623858845183,0.5091821776425348
2010-10-05,1.0,0.012453368756079851,0.48887785391719085
2010-10-06,0.0,-0.00037069988562109897,0.4898602923859176
2010-10-07,1.0,0.04325613356921606,0.4634962277566488
2010-10-08,1.0,0.03423934750544467,0.4682373019738334
2010-10-11,1.0,0.04017040308490999,0.45150073449199124
2010-10-12,1.0,0.031024086604125516,0.45801875179306784
2010-10-13,1.0,0.02287522522203925,0.4465170624343272
2010-10-14,1.0,0.019715313463589967,0.44953068010563685
2010-10-15,1.0,0.0002557404613612066,0.4335688002142245
2010-10-18,0.0,-0.0057529335486327165,0.43983714285276354
2010-10-19,1.0,0.0057265993495839995,0.40345047231149295
2010-10-20,0.0,-0.0076428743740072505,0.4370375762144246
2010-10-21,1.0,0.020450549391948483,0.43760664598074156
2010-10-22,1.0,0.018259761891850586,0.4491900057491367
2010-10-25,1.0,0.01749725590497656,0.4594695732673836
2010-10-26,1.0,0.026829216985063332,0.46669874063485356
2010-10-27,1.0,0.03677715561867087,0.45922806860596355
2010-10-28,1.0,0.023420618661715152,0.4676215122247282
2010-10-29,1.0,0.004257512120014078,0.49484778929511464
2010-11-01,1.0,0.009593016688845428,0.5004835597067393
2010-11-02,1.0,0.020828390942929386,0.5216932654843733
2010-11-03,1.0,0.028761872234314343,0.5207143516967176
2010-11-04,0.0,-0.0041738690416205405,0.5128073797719577
2010-11-05,1.0,0.014545866426252167,0.5268188562033608
2010-11-08,1.0,0.01002373126420823,0.5281700582606851
2010-11-09,1.0,0.006547546602716378,0.5116046911695573
2010-11-10,0.0,-0.015671702702919364,0.5365451619281746
2010-11-11,0.0,-0.015416562149488012,0.5358422931979769
2010-11-12,1.0,0.012523986185037517,0.5182512259593227
2010-11-15,1.0,0.0243806498942769,0.5379677200085923
2010-11-16,1.0,0.04134436310047036,0.5269193970620422
2010-11-17,1.0,0.03299745048456965,0.5581095535627559
2010-11-18,1.0,0.012639013788070044,0.5480324118094985
2010-11-19,1.0,0.016508339334522736,0.5451155776764899
2010-11-22,1.0,0.015825705461815807,0.5432313371602681
2010-11-23,1.0,0.006298663357843852,0.540974769767036
2010-11-24,1.0,0.007499084176812094,0.5580364752517122
2010-11-25,1.0,0.00304789786022346,0.5682293790516415
2010-11-26,1.0,0.011847211568532174,0.5682683061832428
2010-11-29,1.0,0.012251802864239358,0.5730551202959622
2010-11-30,1.0,0.014241336425694853,0.5853947721017562
2010-12-01,1.0,0.017038256191151808,0.5858907084867263
2010-12-02,1.0,0.012882695060116418,0.5972572980209027
2010-12-03,1.0,0.004733945380569698,0.5858795497797721
2010-12-06,0.0,-0.006306057430066324,0.6033056776959564
2010-12-07,0.0,-0.015330349073554394,0.59412549385323
2010-12-08,0.0,-0.0027170090508354537,0.612264838265063
2010-12-09,0.0,-0.011237295180479147,0.6264206431759974
2010-12-10,0.0,-0.01192507880787902,0.6239502308034663
2010-12-13,0.0,-0.013358274497320362,0.6309018650241824
2010-12-14,0.0,-0.010598490729116335,0.6094331819410338
2010-12-15,1.0,0.005078261481431013,0.6161205377371156
2010-12-16,1.0,0.0025509660124046285,0.6211827576385812
2010-12-17,0.0,-0.010032343740288762,0.6326128378719589
2010-12-20,0.0,-0.016449295526591756,0.6438296814392603
2010-12-21,0.0,-0.01260070778414309,0.6459062971185762
2010-12-22,0.0,-0.01119317165121248,0.650631006157461
2010-12-23,0.0,-0.02481072694912059,0.6509546976406361
2010-12-24,0.0,-0.028480532993454127,0.6359789855801854
2010-12-27,0.0,-0.03635292314436406,0.6456528121759928
2010-12-28,0.0,-0.05375588359835258,0.6294165753095842
2010-12-29,0.0,-0.04780428586589489,0.6260429145932723
2010-12-30,0.0,-0.06678687264493924,0.6314230500646182
2010-12-31,0.0,-0.06096472173341219,0.6253945298875486
2011-01-03,0.0,-0.05970618591874733,0.6455122343750992
2011-01-04,0.0,-0.03135440491220472,0.6603032283727452
2011-01-05,0.0,-0.03169440273881385,0.6748823454532814
2011-01-06,0.0,-0.012656307167167431,0.6863680568734318
2011-01-07,0.0,-0.015244444393316002,0.6816733104109904
2011-01-10,0.0,-0.017881062263876406,0.6802875983652792
2011-01-11,0.0,-0.012748027357856764,0.6475931921616909
2011-01-12,0.0,-0.01759085882661475,0.6425477507994236
2011-01-13,0.0,-0.007291143427409135,0.6381014152362842
2011-01-14,0.0,-0.0034353804057580327,0.6481218405816962
2011-01-17,0.0,-0.0005872637349914325,0.6597817938211017
2011-01-18,1.0,0.0040480717557535555,0.6555437043781605
2011-01-19,1.0,0.0032794560721343276,0.6563963478472287
2011-01-20,1.0,0.027704875557782477,0.669116579382198
2011-01-21,1.0,0.03429794384203671,0.681500899039852
2011-01-24,1.0,0.05262451718384845,0.6868685209560911
2011-01-25,1.0,0.048928831377647364,0.6997728693996371
2011-01-26,1.0,0.04776886820310284,0.6882775624189998
2011-01-27,1.0,0.06550462026449096,0.6901480235816109
2011-01-28,1.0,0.053773850945237824,0.6802399448666283
2011-01-31,1.0,0.05735680685716517,0.6955128878617106
2011-02-01,1.0,0.06871482670799225,0.683333899750132
2011-02-02,1.0,0.07164539293608266,0.6897220219674949
2011-02-03,1.0,0.044514360832067196,0.6721931675234266
2011-02-04,1.0,0.0590512393640358,0.6778459751789934
2011-02-07,1.0,0.058039892068111464,0.6823913427090087
2011-02-08,1.0,0.04649635551813412,0.6728751047960194
2011-02-09,1.0,0.04818760774013177,0.6721349456482792
2011-02-10,1.0,0.03459056487481925,0.6711724776847534
2011-02-11,1.0,0.043546256471320315,0.6713584682004989
2011-02-14,1.0,0.04630971806305491,0.6704914597900251
2011-02-15,1.0,0.015815458734817423,0.6690126263817127
2011-02-16,1.0,0.017632816734175178,0.6728326367838301
2011-02-17,1.0,0.014075746594823614,0.6715036735007258
2011-02-18,1.0,0.02091636306360081,0.6635092729487234
2011-02-21,1.0,0.014981950089510275,0.6560232906861533
2011-02-22,1.0,0.020179120953724407,0.6549303190376747
2011-02-23,1.0,0.018041274144188345,0.6535051081493645
2011-02-24,1.0,0.0196016199945208,0.6417298837979135
2011-02-25,1.0,0.013477463767126548,0.6512664059142135
2011-02-28,1.0,0.006299722799189395,0.641017372097397
2011-03-01,0.0,-0.010365548770029173,0.6233009533547673
2011-03-02,0.0,-0.008034982616561371,0.6188925406439869
2011-03-03,1.0,0.011445548532154261,0.6245091335255945
2011-03-04,0.0,-0.0014686857904547502,0.6091608263670997
2011-03-07,1.0,0.0013258899360415312,0.6060359681796434
2011-03-08,1.0,0.01856758418557916,0.6127246091186663
2011-03-09,1.0,0.019878399160423808,0.6092708479582032
2011-03-10,1.0,0.03224815742867863,0.6043057726982084
2011-03-11,1.0,0.03975104840947232,0.6043872779756498
2011-03-14,1.0,0.0254378582653474,0.6010382017201206
2011-03-15,1.0,0.040303123812051436,0.609475796640116
2011-03-16,1.0,0.04091349210707,0.6324481422228652
2011-03-17,1.0,0.04897604748544729,0.629604978060971
2011-03-18,1.0,0.04667697510603751,0.6228819516041235
2011-03-21,1.0,0.04627610643795658,0.629022095743814
2011-03-22,1.0,0.04697902458471328,0.6229472905076413
2011-03-23,1.0,0.04432773869154065,0.6274012629525992
2011-03-24,1.0,0.05149423180495771,0.6239316919664222
2011-03-25,1.0,0.05252876963030789,0.6330568201479865
2011-03-28,1.0,0.05933500701367341,0.6390661652965656
2011-03-29,1.0,0.060056337459863364,0.6368899775527234
2011-03-30,1.0,0.07075283374632085,0.6442526839735466
2011-03-31,1.0,0.07003029077876227,0.6331728015247043
2011-04-01,1.0,0.09021987672722998,0.633136116600957
2011-04-04,1.0,0.07481754784480014,0.6408941680489932
2011-04-05,1.0,0.053654610266729685,0.6379077688361681
2011-04-06,1.0,0.03805541158535235,0.643399339542021
2011-04-07,1.0,0.011069657465723626,0.6387652343666306
2011-04-08,1.0,0.013916933082305802,0.6324115967798033
2011-04-11,1.0,0.03399837005302391,0.6286091324029592
2011-04-12,1.0,0.04256076139127604,0.6210124434149326
2011-04-13,1.0,0.029679379721214816,0.610510096762344
2011-04-14,1.0,0.02128882310984692,0.5997950440081804
2011-04-15,1.0,0.005580686042419303,0.5984283372483694
2011-04-18,0.0,-0.004020644697976087,0.5906682224441381
2011-04-19,0.0,-0.00638260098049718,0.5915162553402232
2011-04-20,0.0,-0.003600363925177747,0.5910727077907851
2011-04-21,0.0,-0.008601199846038665,0.5630589899332797
2011-04-22,1.0,0.0036102915851815576,0.569664875117717
2011-04-25,1.0,0.0064809469438205005,0.5679747251198753
2011-04-26,1.0,0.013406378975678595,0.564583836843238
2011-04-27,0.0,-0.001329983456601243,0.5547577223791891
2011-04-28,0.0,-0.011160866667097471,0.5613889043620284
2011-04-29,0.0,-0.017612790377714852,0.5545260881125733
2011-05-02,0.0,-0.005320369403179171,0.5527967025674423
2011-05-03,0.0,-0.00011068537043699662,0.5686985108525587
2011-05-04,1.0,0.015366191122064462,0.5575671994097737
2011-05-05,1.0,0.03941504986898938,0.5520883879954145
2011-05-06,1.0,0.03052038507307032,0.5798057086947885
2011-05-09,1.0,0.020207331584284133,0.5648565447958243
2011-05-10,1.0,0.018213630407081967,0.5635051527112699
2011-05-11,1.0,0.023990488636654414,0.5519742293274741
2011-05-12,1.0,0.02505049023404467,0.5502370439181802
2011-05-13,1.0,0.024206001007932194,0.5654692756892857
2011-05-16,1.0,0.017835037195713912,0.5846317956301619
2011-05-17,1.0,0.02456793044764571,0.5851384847753186
2011-05-18,1.0,0.022279432641397676,0.6002727926055571
2011-05-19,1.0,0.02411508949483915,0.6068091849349591
2011-05-20,1.0,0.01779353900313827,0.598296209873635
2011-05-23,1.0,0.015482382561302643,0.5992910804617743
2011-05-24,1.0,0.012802288796936592,0.6030155644421753
2011-05-25,1.0,0.01537305791171003,0.625557811563967
2011-05-26,1.0,0.001479995665716862,0.6210187962999799
2011-05-27,0.0,-0.022211801434781377,0.6262774966682381
2011-05-30,0.0,-0.025765790132561008,0.6356753835040612
2011-05-31,0.0,-0.022653411757541143,0.6383481195210529
2011-06-01,0.0,-0.018020867087254318,0.6192450513380581
2011-06-02,0.0,-0.021899936519117084,0.5921714729087811
2011-06-03,0.0,-0.03576277317616659,0.5996200417624632
2011-06-06,0.0,-0.03128748293814062,0.6117969114477078
2011-06-07,0.0,-0.018629207289837663,0.5969502677754787
2011-06-08,0.0,-0.0057067543309522115,0.5958202665501353
2011-06-09,0.0,-0.007619134008100123,0.5883412640238956
2011-06-10,1.0,0.00812801145535126,0.5878540871038243
2011-06-13,1.0,0.02434989032640166,0.5968573005034223
2011-06-14,1.0,0.028415487203742568,0.60083408015883
2011-06-15,1.0,0.03308730931714906,0.5946096482446047
2011-06-16,1.0,0.03689745169043002,0.6075210938099022
2011-06-17,1.0,0.03453902207627134,0.5954769341802362
2011-06-20,1.0,0.04079343566499596,0.5939001565840741
2011-06-21,1.0,0.026893717497356792,0.5972755770105842
2011-06-22,1.0,0.03273879840362982,0.6057148233676689
2011-06-23,1.0,0.044543207341114006,0.6285728042432871
2011-06-24,1.0,0.06356684833797156,0.6458030396217326
2011-06-27,1.0,0.07464423995725777,0.6832470162839284
2011-06-28,1.0,0.07559595094052306,0.6853706042025431
2011-06-29,1.0,0.06486702301701495,0.6666826801039164
2011-06-30,1.0,0.07422460480266493,0.6775772228795909
2011-07-01,1.0,0.08999347877219226,0.6817048289696848
2011-07-04,1.0,0.07829881016418953,0.6790388444155722
2011-07-05,1.0,0.09168380335942723,0.6620488788487127
2011-07-06,1.0,0.08332274135512313,0.6621562433804973
2011-07-07,1.0,0.07184796079936864,0.6724656905814075
2011-07-08,1.0,0.07463054572477926,0.6474099272600784
2011-07-11,1.0,0.10155985923843523,0.633910528846335
2011-07-12,1.0,0.10450539477203961,0.6203268558992516
2011-07-13,1.0,0.12498803768127259,0.6218637525041614
2011-07-14,1.0,0.1056061857241645,0.621387444239493
2011-07-15,1.0,0.09187855667507963,0.6163979223014108
2011-07-18,1.0,0.09560186659142397,0.6104045602242465
2011-07-19,1.0,0.11705179722433744,0.6141205678800417
2011-07-20,1.0,0.11259761973246381,0.6120869092143063
2011-07-21,1.0,0.13674806559525027,0.6136795821206243
2011-07-22,1.0,0.14552306605381587,0.5884061429951748
2011-07-25,1.0,0.16178142748889524,0.5807362918242945
2011-07-26,1.0,0.12141996369052996,0.5732492342934203
2011-07-27,1.0,0.08642867696446374,0.5642524254258546
2011-07-28,1.0,0.0933984159653605,0.5351286223001626
2011-07-29,1.0,0.1159165655703669,0.5301733744541419
2011-08-01,1.0,0.09952946531224034,0.5323543345178162
2011-08-02,1.0,0.09975059326758684,0.4997319999048502
2011-08-03,1.0,0.09410316584007705,0.5086125993173047
2011-08-04,1.0,0.10353988243185952,0.5016719464085275
2011-08-05,1.0,0.12369837668317608,0.5034930575526219
2011-08-08,1.0,0.09992393380745954,0.4475642413746262
2011-08-09,1.0,0.07470699813899975,0.4503594019545187
2011-08-10,1.0,0.013527343641100042,0.45862925391207315
2011-08-11,1.0,0.05839403759838674,0.444932909209874
2011-08-12,1.0,0.060419194839109173,0.4597166161814725
2011-08-15,1.0,0.027618582452236196,0.47806141890629533
2011-08-16,1.0,0.026470752317341417,0.48629777576412064
2011-08-17,1.0,0.015719483557586934,0.4930915068088628
2011-08-18,0.0,-0.019505818623152656,0.47454891602964433
2011-08-19,0.0,-0.021955150184377218,0.460605174499118
2011-08-22,0.0,-0.06471841365227896,0.46184044379728567
2011-08-23,0.0,-0.013612619961492411,0.4320405638396649
2011-08-24,1.0,0.013005347536692946,0.4123645142432467
2011-08-25,0.0,-0.019361611912269365,0.4279815149290753
2011-08-26,0.0,-0.09830708926104703,0.4464024293955329
2011-08-29,0.0,-0.09499989989301885,0.44000551810150706
2011-08-30,0.0,-0.10642471379237214,0.46259681713543177
2011-08-31,0.0,-0.12648587030332595,0.45456627015150275
2011-09-01,0.0,-0.12324655495060197,0.4515063421613371
2011-09-02,0.0,-0.14792875088837026,0.45185224422059356
2011-09-05,0.0,-0.13616988976857644,0.471590915769965
2011-09-06,0.0,-0.14396051691520712,0.47339605162006027
2011-09-07,0.0,-0.10210914322962954,0.4587132716132077
2011-09-08,0.0,-0.12439310367816273,0.47857929606568084
2011-09-09,0.0,-0.12487757722210828,0.4755984830747162
2011-09-12,0.0,-0.07951263279665524,0.47915724832531215
2011-09-13,0.0,-0.09801890617545736,0.49428072081622815
2011-09-14,0.0,-0.08220528205680243,0.4905239746737409
2011-09-15,0.0,-0.06970718462616816,0.4860541433640104
2011-09-16,0.0,-0.07513675741568203,0.49025691020088663
2011-09-19,0.0,-0.0625390371918189,0.4917890034077306
2011-09-20,0.0,-0.08427971865224095,0.49838505122354826
2011-09-21,0.0,-0.08277926392103419,0.4873282579731773
2011-09-22,0.0,-0.07103996856698343,0.4521696309803256
2011-09-23,0.0,-0.008741621752304423,0.4153645060290788
2011-09-26,1.0,0.01654391769695532,0.3994994231066763
2011-09-27,1.0,0.03302184018369954,0.47340342855115036
2011-09-28,1.0,0.06963413773631777,0.47640616041619327
2011-09-29,1.0,0.07770522145703346,0.5023967833669899
2011-09-30,1.0,0.07116419792508273,0.5396562826891301
2011-10-03,1.0,0.03352057152677321,0.5799569405382159
2011-10-04,1.0,0.057404696512129004,0.5667911487459167
2011-10-05,1.0,0.057743910792968714,0.580398204788986
2011-10-06,1.0,0.06584033232130754,0.6277059218672384
2011-10-07,1.0,0.0688850006835046,0.6432504544763027
2011-10-10,1.0,0.06832262017729422,0.666061392133639
2011-10-11,1.0,0.07188410010987577,0.6743581236667143
2011-10-12,1.0,0.054523395938139305,0.6907922148289283
2011-10-13,1.0,0.05269507139911276,0.6932698233897353
2011-10-14,1.0,0.06224969480313403,0.7145931957616819
2011-10-17,1.0,0.06352242918646338,0.7126623840927501
2011-10-18,1.0,0.0715523502094499,0.7173105905410921
2011-10-19,1.0,0.0720789675085661,0.7203062265368183
2011-10-20,1.0,0.06043878491101366,0.7090865633857844
2011-10-21,1.0,0.048471760153807525,0.7013551612273314
2011-10-24,1.0,0.014315123761163957,0.7052283983631658
2011-10-25,0.0,-0.0033535497680776327,0.708583976702837
2011-10-26,0.0,-0.019051874291157376,0.7124152080308697
2011-10-27,0.0,-0.029387111677032042,0.7026606700414127
2011-10-28,0.0,-0.03514518710950121,0.6972209203655698
2011-10-31,0.0,-0.0014589171588613866,0.7031340453236478
2011-11-01,0.0,-0.002433332011408671,0.7020053300091601
2011-11-02,1.0,0.004464882395097999,0.7165400203402863
2011-11-03,0.0,-0.010830513090347691,0.7119130534380614
2011-11-04,0.0,-0.0045124883791293965,0.7070563556856362
2011-11-07,0.0,-0.04099377314909473,0.7134484076192776
2011-11-08,0.0,-0.033066037047539805,0.705746711838894
2011-11-09,0.0,-0.016032236322666198,0.695870191009302
2011-11-10,0.0,-0.028858751610791402,0.6908902665065005
2011-11-11,0.0,-0.044049312089168874,0.694856313968906
2011-11-14,0.0,-0.0660872860797091,0.7076843337242772
2011-11-15,0.0,-0.08753119095083293,0.6782478183150876
2011-11-16,0.0,-0.11358050618882233,0.6406038352107295
2011-11-17,0.0,-0.09195186470998316,0.6111402737665228
2011-11-18,0.0,-0.07527100568129017,0.6287596897858249
2011-11-21,0.0,-0.050781330354388775,0.6060126022994712
2011-11-22,0.0,-0.05063028610723199,0.6385188740919173
2011-11-23,0.0,-0.046593461526198046,0.6439828328837892
2011-11-24,0.0,-0.05381510338858617,0.6558913097076078
2011-11-25,0.0,-0.04692825494518089,0.6499354928813875
2011-11-28,0.0,-0.06352872368249074,0.6385485389045968
2011-11-29,0.0,-0.07407569199059662,0.6458177700873885
2011-11-30,0.0,-0.11579303932217305,0.6252296122960307
2011-12-01,0.0,-0.12099985341036666,0.6445610472265932
2011-12-02,0.0,-0.11070211058309548,0.6294538490445196
2011-12-05,0.0,-0.09536996104562756,0.632267811405808
2011-12-06,0.0,-0.07489166427408929,0.6223774737905765
2011-12-07,0.0,-0.07769158694144705,0.6225558924518776
2011-12-08,0.0,-0.05144179943191135,0.6126976074964418
2011-12-09,0.0,-0.05626868975029061,0.6323146274628823
2011-12-12,0.0,-0.033558762963085666,0.6207023702569492
2011-12-13,1.0,0.0004779529001008197,0.6269310467446461
2011-12-14,1.0,0.042244824769943116,0.5920142356375067
2011-12-15,1.0,0.04952001687343068,0.5918406060493915
2011-12-16,1.0,0.02473913594224235,0.5583740077911777
2011-12-19,1.0,0.030594683513812202,0.537790140425338
2011-12-20,1.0,0.022124863988530176,0.5425887315410887
2011-12-21,1.0,0.027310120037625882,0.5214955577770073
2011-12-22,1.0,0.032356755134576407,0.5430822376029611
2011-12-23,1.0,0.03685109918313388,0.5455818314891635
2011-12-26,1.0,0.04277583921253305,0.5604140121155613
2011-12-27,1.0,0.04447632286649737,0.5649293896311292
2011-12-28,1.0,0.09507461356893708,0.5769494417830751
2011-12-29,1.0,0.10705058135220905,0.5834913507654587
2011-12-30,1.0,0.10629567971366376,0.5941677672276323
2012-01-02,1.0,0.09946487361868622,0.6174449097955556
2012-01-03,1.0,0.08031611060640655,0.6126474329398707
2012-01-04,1.0,0.07860975526028359,0.6332269253892794
2012-01-05,1.0,0.08091455722479549,0.6330454024804553
2012-01-06,1.0,0.0647915099311307,0.639841814597202
2012-01-09,1.0,0.06531889937566415,0.6244493446879055
2012-01-10,1.0,0.06700889512956058,0.6136117916641313
2012-01-11,1.0,0.05407267042223555,0.5987901786406797
2012-01-12,1.0,0.04684773595744975,0.5955663041595441
2012-01-13,1.0,0.0494001062438464,0.5983123250665959
2012-01-16,1.0,0.04663255340740244,0.5934392449412335
2012-01-17,1.0,0.04041199552800615,0.6011912492254576
2012-01-18,1.0,0.040263990737141965,0.605790745004916
2012-01-19,1.0,0.04118204667744595,0.5981673838918016
2012-01-20,1.0,0.03347185507327513,0.5904855954316769
2012-01-23,1.0,0.03386478293268632,0.591767575797303
2012-01-24,1.0,0.05458592018793095,0.5751099059136344
2012-01-25,1.0,0.03766086246742872,0.5628555955535818
2012-01-26,1.0,0.03429318741064908,0.5711330338002223
2012-01-27,1.0,0.01901228270056925,0.571479731297991
2012-01-30,1.0,0.02150608223982972,0.5683353982508631
2012-01-31,1.0,0.0264820988571999,0.5854678558010401
2012-02-01,0.0,-0.02706363852871586,0.5851307353377043
2012-02-02,0.0,-0.023694520357534613,0.6022670252399982
2012-02-03,0.0,-0.007938742131410274,0.5682956456291596
2012-02-06,0.0,-0.008083269131879392,0.554762547481241
2012-02-07,0.0,-0.04162247676277759,0.5466282989721414
2012-02-08,0.0,-0.0282157165859364,0.544429451083793
2012-02-09,0.0,-0.017281579752744296,0.5304530509042179
2012-02-10,0.0,-0.004860807381869343,0.5263496817275769
2012-02-13,0.0,-0.012238767786590984,0.519790507440772
2012-02-14,0.0,-0.027153229072999482,0.5390999753793596
2012-02-15,0.0,-0.04938403894182621,0.5125324672998993
2012-02-16,0.0,-0.04113380711979331,0.48493670780563974
2012-02-17,0.0,-0.037469876420813536,0.4938936458222177
2012-02-20,0.0,-0.04144180095869718,0.513789028358563
2012-02-21,0.0,-0.06357752292860099,0.4830328681285265
2012-02-22,0.0,-0.07345165075088297,0.5312652635072025
2012-02-23,0.0,-0.07870796675601295,0.5422221272799882
2012-02-24,0.0,-0.06440124413022003,0.5511469107946954
2012-02-27,0.0,-0.04489800416314507,0.55515689693846
2012-02-28,0.0,-0.05973492786881765,0.5635898529954695
2012-02-29,0.0,-0.019741574853408765,0.5480991456146459
2012-03-01,0.0,-0.03356085196186012,0.5556013116159355
2012-03-02,0.0,-0.02617756955079016,0.5667923310382647
2012-03-05,0.0,-0.017032602723897897,0.5329291142641007
2012-03-06,0.0,-0.016980034219547357,0.5032696795430688
2012-03-07,0.0,-0.03885234933478461,0.4818501487611651
2012-03-08,0.0,-0.0411586163141416,0.47898400885042064
2012-03-09,0.0,-0.04610855879267436,0.46469147892871077
2012-03-12,0.0,-0.0365862347329002,0.4786282596088394
2012-03-13,0.0,-0.008500274634972495,0.4625965070181478
2012-03-14,1.0,0.008625935368185443,0.4808112195571103
2012-03-15,1.0,0.010401389438355136,0.481013793222819
2012-03-16,0.0,-0.001115079301231722,0.470965761629732
2012-03-19,0.0,-0.0076227603458134735,0.4569605446452267
2012-03-20,0.0,-0.0007271978359088554,0.4505078367825381
2012-03-21,0.0,-0.005059949505579876,0.4370939739761462
2012-03-22,0.0,-0.0018061139112430786,0.43216675464186705
2012-03-23,0.0,-0.011480292994698266,0.4454024782239893
2012-03-26,0.0,-0.03079347752768063,0.47126992502678927
2012-03-27,0.0,-0.023172590615810933,0.5082348270331402
2012-03-28,0.0,-0.012124805736464904,0.48223624420272004
2012-03-29,0.0,-0.002494728621371508,0.49767447708959694
2012-03-30,0.0,-0.0033622558767708354,0.49067616205677683
2012-04-02,0.0,-0.007736924632132071,0.4947789737973985
2012-04-03,1.0,0.009853308918224984,0.5250880002983025
2012-04-04,1.0,0.019992908476814182,0.5122336350206579
2012-04-05,1.0,0.0029076816896477756,0.5347649845021354
2012-04-06,1.0,0.003531945171952333,0.5343877687948562
2012-04-09,0.0,-0.0010064812134430265,0.532222359681562
2012-04-10,0.0,-0.03335888419945274,0.5081223004891761
2012-04-11,0.0,-0.04282982919138597,0.5063491972967769
2012-04-12,0.0,-0.05001363379845435,0.4899476609217959
2012-04-13,0.0,-0.048657494985876536,0.49531726311970375
2012-04-16,0.0,-0.059332989567485145,0.5142703425120113
2012-04-17,0.0,-0.06600219517151483,0.5164205445972693
2012-04-18,0.0,-0.06447275385871733,0.5461115581851461
2012-04-19,0.0,-0.04268956038818593,0.5476491093616306
2012-04-20,0.0,-0.030868479712338807,0.5649200643964285
2012-04-23,0.0,-0.02831349845804407,0.5555680053227147
2012-04-24,0.0,-0.045959682481454774,0.5447271432399837
2012-04-25,0.0,-0.05129233374153536,0.5392836433794755
2012-04-26,0.0,-0.061063273484451466,0.5382660352258816
2012-04-27,0.0,-0.05546916245086421,0.5352507248407864
2012-04-30,0.0,-0.05165535516554104,0.5318597432699149
2012-05-01,0.0,-0.06670838339681548,0.53898778864781
2012-05-02,0.0,-0.05604410934888808,0.5305664641423452
2012-05-03,0.0,-0.04728058886187616,0.5450027556925615
2012-05-04,0.0,-0.011095168804527829,0.537741493627128
2012-05-07,0.0,-0.012095683787306232,0.5568683779713907
2012-05-08,1.0,0.007186952971227439,0.5376964342142297
2012-05-09,1.0,0.01853041769227959,0.5295853978872607
2012-05-10,0.0,-0.0029025408168105757,0.5344802614303223
2012-05-11,1.0,0.008856448830651505,0.5043423095183881
2012-05-14,1.0,0.0254017951556602,0.4766410720142843
2012-05-15,1.0,0.04159749496078849,0.4529586904183929
2012-05-16,1.0,0.049100344919466875,0.4548098263165488
2012-05-17,1.0,0.030934298991307282,0.4601607922238573
2012-05-18,1.0,0.02118653571883256,0.4718874385600533
2012-05-21,1.0,0.02173229198916696,0.4750336889107081
2012-05-22,1.0,0.031392402780008495,0.4729154032616148
2012-05-23,1.0,0.02905285863739856,0.4466871766458097
2012-05-24,1.0,0.0044984446509371695,0.472595958021132
2012-05-25,0.0,-0.00036878314697487305,0.4817878518684201
2012-05-28,1.0,0.0022366709478017616,0.4906554804505516
2012-05-29,1.0,0.011368118130904726,0.47836511963155304
2012-05-30,1.0,0.00689706263539032,0.4772721932800727
2012-05-31,0.0,-0.005011157075414567,0.48463973340130884
2012-06-01,0.0,-0.01657650869726846,0.4049355589398893
2012-06-04,0.0,-0.01352653593929786,0.42360383896908965
2012-06-05,1.0,0.00018550581304737834,0.39543256351800393
2012-06-06,0.0,-0.002268983609856961,0.3610095057683122
2012-06-07,1.0,0.00956777323277104,0.35120048073069043
2012-06-08,0.0,-0.006106024258783307,0.35237734948718313
2012-06-11,0.0,-0.0057090076396290905,0.3544755421560667
2012-06-12,0.0,-0.02676831487985671,0.3408501403777325
2012-06-13,0.0,-0.02545973523769254,0.3552248479353752
2012-06-14,0.0,-0.03240908487436615,0.35850835421585153
2012-06-15,0.0,-0.02326655104771232,0.35510588490567285
2012-06-18,0.0,-0.024051261118999065,0.3357863556251481
2012-06-19,0.0,-0.021937717673407853,0.323129516667901
2012-06-20,0.0,-0.021352587413112224,0.28868732802144575
2012-06-21,1.0,0.009626119932158849,0.2872255983886151
2012-06-22,1.0,0.007633987564283985,0.29779965871278535
2012-06-25,0.0,-0.004763676083042921,0.2876023087730265
2012-06-26,1.0,0.005085810041437367,0.2749377959561869
2012-06-27,1.0,0.0190338120001313,0.2782241561905088
2012-06-28,1.0,0.03986135600715561,0.27924838480563763
2012-06-29,1.0,0.01583736483854772,0.28135262743311085
2012-07-02,1.0,0.01545197515770694,0.3000509804631305
2012-07-03,0.0,-0.001887581208104977,0.28641003441206775
2012-07-04,0.0,-0.010046397065640988,0.3052951826621235
2012-07-05,0.0,-0.010052350165693063,0.28647952541499594
2012-07-06,1.0,0.01238081470414197,0.29858274226385756
2012-07-09,1.0,0.01427085860532201,0.30305846896325606
2012-07-10,1.0,0.028258073069723905,0.31267349477805584
2012-07-11,1.0,0.02241251965536904,0.32574722873616263
2012-07-12,1.0,0.02841028905656007,0.3315471704272081
2012-07-13,1.0,0.019016860298830096,0.31727487814689104
2012-07-16,1.0,0.012734884356176755,0.32750016025037104
2012-07-17,1.0,0.009835269151203387,0.3227839962357571
2012-07-18,1.0,0.01862410675399055,0.3292315372155759
2012-07-19,1.0,0.02106737325513944,0.32594620410059266
2012-07-20,1.0,0.019716000065474287,0.3348500895089345
2012-07-23,1.0,0.027242141891652423,0.34136585116357937
2012-07-24,1.0,0.03532794568016145,0.33211138948877766
2012-07-25,1.0,0.030808487375019317,0.29860121049534905
2012-07-26,1.0,0.03337122010284894,0.28685808338817576
2012-07-27,1.0,0.02893824118538254,0.29496270287047544
2012-07-30,1.0,0.02564297690932777,0.2688265591611429
2012-07-31,1.0,0.0320641877855588,0.2718813606652188
2012-08-01,1.0,0.03502836633602333,0.2920961016158807
2012-08-02,1.0,0.04129147130142027,0.29993187573059665
2012-08-03,1.0,0.05374090397469756,0.2792871775343106
2012-08-06,1.0,0.04966203601517646,0.27020376184224
2012-08-07,1.0,0.050525414976688394,0.2612295292814513
2012-08-08,1.0,0.04894581715691745,0.2639667868879882
2012-08-09,1.0,0.05006576744004088,0.252006463059011
2012-08-10,1.0,0.06883238459406538,0.24501520672088226
2012-08-13,1.0,0.06987253830520897,0.26035921501067233
2012-08-14,1.0,0.07998257400840748,0.273065592400386
2012-08-15,1.0,0.07664447465510194,0.27298818428046795
2012-08-16,1.0,0.08990895605726745,0.263543906004436
2012-08-17,1.0,0.09122060954039016,0.26489498483204826
2012-08-20,1.0,0.08340258989759783,0.2484602986986541
2012-08-21,1.0,0.07875497432893847,0.23664985472945588
2012-08-22,1.0,0.06761600365333956,0.27733713556616835
2012-08-23,1.0,0.057005429819828805,0.2812357236524509
2012-08-24,1.0,0.059576513555723916,0.3099130818058717
2012-08-27,1.0,0.05855459034526166,0.3236076790939685
2012-08-28,1.0,0.05471744508380006,0.33609322324780994
2012-08-29,1.0,0.05647904034712649,0.32313450016174045
2012-08-30,1.0,0.07090374493501521,0.3242566404500844
2012-08-31,1.0,0.046248112667110944,0.355624482143158
2012-09-03,1.0,0.047762696926321964,0.37759196881265217
2012-09-04,1.0,0.04550627371433031,0.3864534461553365
2012-09-05,1.0,0.04898703394071463,0.3716172725236156
2012-09-06,1.0,0.051646115193525015,0.3753413339793935
2012-09-07,1.0,0.025568403149114568,0.43556330668655485
2012-09-10,1.0,0.027820827775175593,0.44148905297337926
2012-09-11,1.0,0.0183617342370756,0.43817921020832856
2012-09-12,1.0,0.018064416330961626,0.4212990010332335
2012-09-13,1.0,0.00017541923828141208,0.4580645125799019
2012-09-14,0.0,-0.009032993037590331,0.4783282633259407
2012-09-17,0.0,-0.013661258475884735,0.4626712002108018
2012-09-18,0.0,-0.013865434087745506,0.48543695325502056
2012-09-19,0.0,-0.011504011206825353,0.4874295019920086
2012-09-20,0.0,-0.015556312456297692,0.47636860573590645
2012-09-21,0.0,-0.029388211638135122,0.47834698489233474
2012-09-24,0.0,-0.02058504671288079,0.47138277658365746
2012-09-25,0.0,-0.030564902715683004,0.46649559317303535
2012-09-26,0.0,-0.02941133058856629,0.4384393983297512
2012-09-27,0.0,-0.03734653859882043,0.4486156916437084
2012-09-28,0.0,-0.03491196839789315,0.45603084177926206
2012-10-01,0.0,-0.03785624143787488,0.452002022723653
2012-10-02,0.0,-0.03737196953558142,0.4501429340046084
2012-10-03,0.0,-0.032787010678463416,0.4567807273462811
2012-10-04,0.0,-0.04346339139318698,0.47979232749566714
2012-10-05,0.0,-0.05928818513245474,0.4826306825790975
2012-10-08,0.0,-0.052006689712215434,0.47592118039219783
2012-10-09,0.0,-0.02775801008611236,0.4683080015339626
2012-10-10,0.0,-0.025632850770505908,0.47643499718831667
2012-10-11,0.0,-0.02052204181098547,0.4882582252195184
2012-10-12,0.0,-0.0133692597940417,0.48723751901416235
2012-10-15,0.0,-0.005395670596016245,0.470586682013115
2012-10-16,0.0,-0.013016367611820635,0.49106407048423506
2012-10-17,0.0,-0.013692145447404823,0.49240665190709226
2012-10-18,0.0,-0.01475251654647219,0.486775969476013
2012-10-19,0.0,-0.004657263548283526,0.47555069891030993
2012-10-22,1.0,0.001849604596425982,0.49004166782836367
2012-10-23,1.0,0.011441339382079274,0.4702775001408561
2012-10-24,1.0,0.015595028430230296,0.47819237647223706
2012-10-25,1.0,0.010140571838184089,0.49589083360335334
2012-10-26,1.0,0.024075290337828487,0.4886498877589498
2012-10-29,1.0,0.022730880367118875,0.4996294114089638
2012-10-30,1.0,0.018860557622364764,0.5021344423517196
2012-10-31,0.0,-0.0005231949892629007,0.5022296545320774
2012-11-01,1.0,0.006657098089059405,0.5041779900652342
2012-11-02,1.0,0.021634254716706016,0.47285649951391395
2012-11-05,1.0,0.018230437261445482,0.49227518369984513
2012-11-06,0.0,-0.010809965967847349,0.5024471310911769
2012-11-07,0.0,-0.013952215073396378,0.5140395795874655
2012-11-08,0.0,-0.01838978194430681,0.5301924342815202
2012-11-09,0.0,-0.015795486223431437,0.5427181581370095
2012-11-12,0.0,-0.008863374067258463,0.5529490105484076
2012-11-13,0.0,-0.008558256759814335,0.5682233482547536
2012-11-14,0.0,-0.008551535533811263,0.5630693320298988
2012-11-15,0.0,-0.011046922098279257,0.5516879283941463
2012-11-16,0.0,-0.010352453998730861,0.5590493325180158
2012-11-19,0.0,-0.019564161765876966,0.5624517403373672
2012-11-20,0.0,-0.033077403489901805,0.5582910850437028
2012-11-21,0.0,-0.03619411841632543,0.5454861257377424
2012-11-22,0.0,-0.048480882985570295,0.572211021697542
2012-11-23,0.0,-0.05616900379973356,0.5636169414337356
2012-11-26,0.0,-0.053545685019785114,0.5951502052875383
2012-11-27,0.0,-0.048965250529073204,0.590904716798956
2012-11-28,0.0,-0.03551194280685475,0.5866526807784618
2012-11-29,0.0,-0.03625218507813914,0.6013990374659915
2012-11-30,0.0,-0.03498198359135169,0.5772024782793551
2012-12-03,0.0,-0.02397390239296239,0.5900824643581747
2012-12-04,0.0,-0.019264820186353965,0.5970463754599049
2012-12-05,0.0,-0.004170554871523274,0.6009563750028682
2012-12-06,0.0,-0.021375131931945714,0.6063463822685912
2012-12-07,0.0,-0.028814089731696513,0.6038471132214124
2012-12-10,0.0,-0.039291937850299906,0.6057497401004736
2012-12-11,0.0,-0.03030310067961146,0.6063644179435738
2012-12-12,0.0,-0.03199655629982143,0.6046800245090004
2012-12-13,0.0,-0.012750736146754121,0.5995953993412441
2012-12-14,0.0,-0.019828569499310993,0.5921547719381067
2012-12-17,0.0,-0.018004051374860327,0.5961828121983015
2012-12-18,1.0,0.0049842666347438115,0.5860815075907035
2012-12-19,1.0,0.0075884685372327315,0.5866684100992872
2012-12-20,1.0,0.0238973968739799,0.550547842142322
2012-12-21,1.0,0.016190445082839334,0.5624792962175622
2012-12-24,1.0,0.019459737656073655,0.5831221625046084
2012-12-25,1.0,0.020170155096822094,0.5855389575906113
2012-12-26,1.0,0.015602899033116983,0.5844092101919415
2012-12-27,1.0,0.002214747274823602,0.5905947712092713
2012-12-28,1.0,0.001719690879526679,0.5846495732887448
2012-12-31,0.0,-0.011919020667644283,0.5758370251829786
2013-01-01,0.0,-0.0008170720439189291,0.5793681185335815
2013-01-02,0.0,-0.005856227441425307,0.5641439806247686
2013-01-03,0.0,-0.0001803101339179495,0.5790732358623131
2013-01-04,1.0,0.007101832382643275,0.5745965248493651
2013-01-07,1.0,0.016111652029851913,0.5897817839297788
2013-01-08,1.0,0.008222842082621364,0.5913210032863113
2013-01-09,1.0,0.011962546527377849,0.5932817592309803
2013-01-10,0.0,-0.0022706233053375684,0.5750153244825214
2013-01-11,1.0,0.002642644180565554,0.5836401477856464
2013-01-14,0.0,-0.012003280614037281,0.58249005883364
2013-01-15,0.0,-0.01699434402306799,0.5624040177865289
2013-01-16,0.0,-0.022514118753908487,0.5592191491665754
2013-01-17,0.0,-0.03178788549598036,0.5550382821456363
2013-01-18,0.0,-0.045053758353447465,0.568039317201225
2013-01-21,0.0,-0.048492879881379285,0.5706076057782816
2013-01-22,0.0,-0.05316997846819388,0.5672560808601229
2013-01-23,0.0,-0.07467164494176809,0.5658486663820333
2013-01-24,0.0,-0.05645156112936888,0.5676212211628728
2013-01-25,0.0,-0.04772363237517025,0.5543284731022015
2013-01-28,0.0,-0.038170223129909905,0.568813942341625
2013-01-29,0.0,-0.03048151414175954,0.5672548459451149
2013-01-30,0.0,-0.04865899004155184,0.5668987736207595
2013-01-31,0.0,-0.05185499481979694,0.5633214245523476
2013-02-01,0.0,-0.056259593476676896,0.5601138773680708
2013-02-04,0.0,-0.061562729742979154,0.5573473297801237
2013-02-05,0.0,-0.060015852911326294,0.5554452437673547
2013-02-06,0.0,-0.05753364770798016,0.5527303223150022
2013-02-07,0.0,-0.05703842688002973,0.5616738571452667
2013-02-08,0.0,-0.054480507770355735,0.5699899691574306
2013-02-11,0.0,-0.04112671240253524,0.5766348356372694
2013-02-12,0.0,-0.035978541071026285,0.5825619908584609
2013-02-13,0.0,-0.03396348421227405,0.5819598884723451
2013-02-14,0.0,-0.02763009297400221,0.579078576447345
2013-02-15,0.0,-0.011336608974951576,0.5401896234446767
2013-02-18,0.0,-0.002749031485445464,0.5546147486321191
2013-02-19,1.0,0.0047858876854934345,0.5457502711964569
2013-02-20,1.0,0.026665051269953548,0.4623311238861611
2013-02-21,1.0,0.024116884169700845,0.46689450937339105
2013-02-22,1.0,0.017041271584147116,0.4700936969706544
2013-02-25,1.0,0.00724074470130242,0.4901552834705485
2013-02-26,0.0,-0.008593999792650017,0.4943842734423319
2013-02-27,1.0,0.004902200190869211,0.4998652893805411
2013-02-28,1.0,0.01085516262979856,0.49272618017830944
2013-03-01,1.0,0.01418615403700601,0.5032840222545584
2013-03-04,1.0,0.016229569442257466,0.5231464468884317
2013-03-05,1.0,0.0002538554306963667,0.5275656790306241
2013-03-06,0.0,-0.016519305578841462,0.5409076639545213
2013-03-07,0.0,-0.015560890455869055,0.5366473149521024
2013-03-08,1.0,0.0014873655806160442,0.54398434129156
2013-03-11,0.0,-0.005013971628576766,0.5451507605278327
2013-03-12,0.0,-0.004694578401799732,0.5332135760045305
2013-03-13,0.0,-0.01853694250122987,0.5406493445186352
2013-03-14,0.0,-0.018244917750032355,0.531254238753384
2013-03-15,0.0,-0.07089261673800913,0.5256628972212284
2013-03-18,0.0,-0.17493128311526282,0.5215245584771603
2013-03-19,0.0,-0.16467138981958604,0.5220538918371282
2013-03-20,0.0,-0.15471924837790932,0.5058349537164224
2013-03-21,0.0,-0.14953253299200334,0.5058898054315188
2013-03-22,0.0,-0.14562368472242787,0.5117581452197549
2013-03-25,0.0,-0.11798475934312772,0.5107631725647094
2013-03-26,0.0,-0.12431352523085037,0.5210966642308266
2013-03-27,0.0,-0.11424235596426881,0.5140582755597033
2013-03-28,0.0,-0.08419496856482296,0.5041850067952061
2013-03-29,0.0,-0.08935515497051345,0.5035773628453472
2013-04-01,0.0,-0.0804152846573308,0.49686843415624765
2013-04-02,0.0,-0.06498281044068097,0.49441979992145985
2013-04-03,0.0,-0.06659332826348623,0.4801649175561794
2013-04-04,0.0,-0.057937814535818664,0.47231925134243313
2013-04-05,0.0,-0.0723799556247426,0.4703877689094638
2013-04-08,0.0,-0.06853725298604145,0.47123748040482455
2013-04-09,0.0,-0.08735435048137052,0.4705000804522104
2013-04-10,0.0,-0.055722203136950865,0.4662865915869916
2013-04-11,0.0,-0.06837779008360374,0.47629276305852847
2013-04-12,0.0,-0.023745657183211668,0.4533265174058693
2013-04-15,1.0,0.0594950366321737,0.5113983503046571
2013-04-16,1.0,0.04118306947500534,0.5329774916409438
2013-04-17,1.0,0.011937185217934049,0.5517009732315892
2013-04-18,0.0,-0.003306216748697595,0.5450828905366654
2013-04-19,0.0,-0.02257435487503378,0.5488062789912022
2013-04-22,0.0,-0.02315501021114747,0.5586869635246424
2013-04-23,0.0,-0.0262655049882762,0.5698276902722241
2013-04-24,0.0,-0.04393448369997872,0.5960432662499469
2013-04-25,0.0,-0.0537243818985142,0.6143071458780193
2013-04-26,0.0,-0.052976152638340386,0.6274311309258935
2013-04-29,0.0,-0.05655160283617721,0.6603945289347223
2013-04-30,0.0,-0.06686932066412163,0.6548644222608206
2013-05-01,0.0,-0.04524604651386789,0.6479685372214536
2013-05-02,0.0,-0.03674538684978455,0.6574697358874416
2013-05-03,0.0,-0.05796625122649277,0.6679819210776333
2013-05-06,0.0,-0.04027203461944723,0.6692807816103947
2013-05-07,0.0,-0.0373795340257657,0.6678384847463222
2013-05-08,0.0,-0.04912941862709676,0.6662528668851004
2013-05-09,0.0,-0.03087817042499168,0.6495936982440187
2013-05-10,0.0,-0.04603020065352733,0.6059913473307619
2013-05-13,0.0,-0.031297370372537964,0.5569880263965802
2013-05-14,0.0,-0.033550834455378355,0.5613586034574215
2013-05-15,0.0,-0.002969163878422562,0.545068691715583
2013-05-16,1.0,1.4429910318365781e-05,0.5469302061023802
2013-05-17,1.0,0.02268221694112843,0.5334545254381169
2013-05-20,0.0,-0.006081014726934621,0.5581403113257561
2013-05-21,0.0,-0.00635566020164289,0.5628407819983504
2013-05-22,0.0,-0.014065177528834563,0.5478630182787309
2013-05-23,0.0,-0.07929717298736215,0.5702637598523198
2013-05-24,0.0,-0.06729957401680618,0.5789949884363095
2013-05-27,0.0,-0.08401897030958812,0.5918160839015436
2013-05-28,0.0,-0.07795195350843413,0.5852742388843957
2013-05-29,0.0,-0.12724460326613737,0.5907930989280757
2013-05-30,0.0,-0.16366556707266833,0.6010911462012315
2013-05-31,0.0,-0.11708349222172797,0.6095935114273111
2013-06-03,0.0,-0.11940064624481783,0.615959609262713
2013-06-04,0.0,-0.11814306844737751,0.6168354494239514
2013-06-05,0.0,-0.11349287150820604,0.6307400471413842
2013-06-06,0.0,-0.12329536811257921,0.6173061879958294
2013-06-07,0.0,-0.12282082968634055,0.6038896279884687
2013-06-10,0.0,-0.11403690574380043,0.6075824192640076
2013-06-11,0.0,-0.09660675335887706,0.6035361846993597
2013-06-12,0.0,-0.09757496439616167,0.5776994631245794
2013-06-13,0.0,-0.07474419595940404,0.5698609477143524
2013-06-14,0.0,-0.07853266247443755,0.5562621835782399
2013-06-17,0.0,-0.07552878329958741,0.5704223903807013
2013-06-18,0.0,-0.05673226901005205,0.5639753126845238
2013-06-19,0.0,-0.05722110239538984,0.5494706025518704
2013-06-20,0.0,-0.0006305244070037762,0.5604785265030834
2013-06-21,0.0,-0.00023143683806308777,0.5850959933627985
2013-06-24,1.0,0.04087252428744533,0.5910422499298564
2013-06-25,1.0,0.05152024785132589,0.5913459094863147
2013-06-26,1.0,0.07504795450004766,0.5936910134264958
2013-06-27,1.0,0.105243905352675,0.6119715515446708
2013-06-28,1.0,0.07693434082506805,0.6083752285235703
2013-07-01,1.0,0.05850763784202664,0.6344685268351473
2013-07-02,1.0,0.0644711681066342,0.6406447833231105
2013-07-03,1.0,0.056196128557933066,0.6475153283165138
2013-07-04,1.0,0.04704755503943165,0.6654649722681217
2013-07-05,1.0,0.06989174795196865,0.6209583290692527
2013-07-08,1.0,0.05197733854941367,0.5823314334999613
2013-07-09,1.0,0.025038690533071933,0.5916146313752192
2013-07-10,1.0,0.02188174908008519,0.6240340702452946
2013-07-11,1.0,0.02092706005610946,0.6341533770082908
2013-07-12,1.0,0.0220769706328551,0.6446134784113697
2013-07-15,1.0,0.04097611982443231,0.6460081116136653
2013-07-16,1.0,0.022534418981197728,0.6460399758493485
2013-07-17,1.0,0.045975956157590606,0.6252826615244684
2013-07-18,1.0,0.06194657168331395,0.6096323697738923
2013-07-19,1.0,0.06045305170897335,0.6124962321916569
2013-07-22,1.0,0.022281869031897737,0.6082728106795265
2013-07-23,1.0,0.019121689091618623,0.6129455464939646
2013-07-24,1.0,0.03310814442928781,0.5684202422567765
2013-07-25,1.0,0.031197296226676798,0.5504519690499732
2013-07-26,1.0,0.047206728785342045,0.55594924932001
2013-07-29,1.0,0.05613464567292552,0.5681482074947004
2013-07-30,1.0,0.06480002279464951,0.555921894265348
2013-07-31,1.0,0.06730069038282889,0.5394257958285161
2013-08-01,1.0,0.07188158199912006,0.5319663194595946
2013-08-02,1.0,0.0616398127897646,0.4944367838619596
2013-08-05,1.0,0.06552991792798707,0.488235419332439
2013-08-06,1.0,0.09597096646192284,0.4839144515906857
2013-08-07,1.0,0.07765687035826396,0.48938792809629783
2013-08-08,1.0,0.04036506053926395,0.47769961734276917
2013-08-09,1.0,0.05728943251029644,0.47478036540328544
2013-08-12,1.0,0.03576461869459606,0.4494199984732293
2013-08-13,1.0,0.03141549421594852,0.45524522262415656
2013-08-14,1.0,0.02170634745477158,0.43747211341386194
2013-08-15,0.0,-0.033217586888718724,0.4226181353914687
2013-08-16,0.0,-0.037351840989552035,0.44256694467243984
2013-08-19,0.0,-0.039572756840793685,0.4683806956098052
2013-08-20,0.0,-0.045148822445725184,0.4712530753216742
2013-08-21,0.0,-0.0020067533228686815,0.47168635796332614
2013-08-22,0.0,-0.007161327514746736,0.46285886078170363
2013-08-23,0.0,-0.05265920248120414,0.45114591883677857
2013-08-26,0.0,-0.06011841408876011,0.4484479220522566
2013-08-27,0.0,-0.06702673290270164,0.44337762920471185
2013-08-28,0.0,-0.06036010840494436,0.44023120672669735
2013-08-29,0.0,-0.06126725411721079,0.42774499570381275
2013-08-30,0.0,-0.0428354526297471,0.4100177644327912
2013-09-02,0.0,-0.045871304822194196,0.40208948542827916
2013-09-03,0.0,-0.09248569364241276,0.3830232375423128
2013-09-04,0.0,-0.05573452260074355,0.39095694033598843
2013-09-05,0.0,-0.037802487135893695,0.3959456998698257
2013-09-06,0.0,-0.0600320824086954,0.38468487721532435
2013-09-09,0.0,-0.04708905317495835,0.40126411179737065
2013-09-10,0.0,-0.0331951303525675,0.3928019765568905
2013-09-11,0.0,-0.04468281194551492,0.4139076171877449
2013-09-12,0.0,-0.026116068041101143,0.3786929364468888
2013-09-13,0.0,-0.0417290018262363,0.3989534094087787
2013-09-16,0.0,-0.03140234121400293,0.39047558176989655
2013-09-17,0.0,-0.021797841096233665,0.39470415303993245
2013-09-18,0.0,-0.06164051867109033,0.34106367500063345
2013-09-19,0.0,-0.034253671687876436,0.365822714690782
2013-09-20,0.0,-0.0074178139773652925,0.38281852217005125
2013-09-23,0.0,-0.005108509862841624,0.4036027987860157
2013-09-24,1.0,0.012615147586361883,0.41505324424374435
2013-09-25,0.0,-0.0007946325242904773,0.4214169261589329
2013-09-26,1.0,0.016991127144289832,0.43229787355768345
2013-09-27,1.0,0.010530525784574002,0.4141050139805102
2013-09-30,1.0,0.017683999333941422,0.4404399642202553
2013-10-01,1.0,0.04361233546006942,0.46717983830995474
2013-10-02,1.0,0.021333059954320183,0.4627686382815551
2013-10-03,1.0,0.004795699888122739,0.4624464697987236
2013-10-04,1.0,0.004111159197359267,0.4925984112099052
2013-10-07,0.0,-0.0067334704928738495,0.45787245575618035
2013-10-08,0.0,-0.0057085893852763725,0.40408008101323184
2013-10-09,1.0,0.009246444125592642,0.4200915228982316
2013-10-10,1.0,0.015451612687619225,0.42468579750852503
2013-10-11,1.0,0.012824393382027649,0.42085351665874643
2013-10-14,1.0,0.008148167138678962,0.4277147038687016
2013-10-15,0.0,-0.011276870418603072,0.43941407062335286
2013-10-16,0.0,-0.0005147603748187733,0.45768500334977213
2013-10-17,0.0,-0.025419962492878537,0.4301549982814366
2013-10-18,0.0,-0.019989539350043925,0.44726221949491973
2013-10-21,0.0,-0.03133697800409122,0.44311628332450625
2013-10-22,0.0,-0.04932569537039172,0.42674887011856943
2013-10-23,0.0,-0.06921413158284606,0.45015003094087963
2013-10-24,0.0,-0.08012438730379587,0.4363557876578146
2013-10-25,0.0,-0.08266248710539756,0.449119414591539
2013-10-28,0.0,-0.07788262043017098,0.446368808772999
2013-10-29,0.0,-0.07907233492660438,0.42308524937452047
2013-10-30,0.0,-0.08260131800029016,0.42570290640524866
2013-10-31,0.0,-0.061540977601436,0.4425822779128797
2013-11-01,0.0,-0.04881713611803733,0.43971957777247944
2013-11-04,0.0,-0.0746963271331461,0.4497007842529957
2013-11-05,0.0,-0.06975764738607024,0.43021723852107024
2013-11-06,0.0,-0.057907194093205154,0.4232971257264242
2013-11-07,0.0,-0.06515202325167115,0.39552856554092625
2013-11-08,0.0,-0.04731484448355156,0.39510961218598073
2013-11-11,0.0,-0.03360321870969186,0.40018205881922997
2013-11-12,0.0,-0.004600471321960808,0.4100106449112962
2013-11-13,0.0,-0.023339009768873147,0.4005575447560839
2013-11-14,0.0,-0.04910407297373277,0.4240370976023053
2013-11-15,0.0,-0.040654075999093583,0.43221034812703024
2013-11-18,0.0,-0.027100637359269243,0.43782156593841776
2013-11-19,0.0,-0.03558838886439482,0.4592980231162383
2013-11-20,0.0,-0.020912344673402628,0.4281423777617811
2013-11-21,0.0,-0.044748723116029614,0.4520771789634094
2013-11-22,0.0,-0.03296673996189812,0.4730983671986923
2013-11-25,0.0,-0.04284527121765,0.45831825999985315
2013-11-26,0.0,-0.03151849361435127,0.4847099688872109
2013-11-27,0.0,-0.027624278765398386,0.46891905111897253
2013-11-28,0.0,-0.027320385989342413,0.4532017628646625
2013-11-29,0.0,-0.03254653177191026,0.45778674071533104
2013-12-02,0.0,-0.019245291347518522,0.44048948688941814
2013-12-03,0.0,-0.014631374980074262,0.4462965469361499
2013-12-04,0.0,-0.035083854118282756,0.4281970464473343
2013-12-05,0.0,-0.000628681789343627,0.4344652786503293
2013-12-06,1.0,0.006455664213195023,0.42264798546075943
2013-12-09,0.0,-0.001888254652265713,0.4213172496238654
2013-12-10,0.0,-0.02412035404458785,0.4011070581430587
2013-12-11,0.0,-0.021234036580262086,0.4300564139150723
2013-12-12,1.0,0.0019808685613255236,0.43131199266131953
2013-12-13,1.0,0.0077596127611662315,0.38898934331845375
2013-12-16,1.0,0.009557021573378665,0.39265847881404053
2013-12-17,1.0,0.01142066495295595,0.3976951177024038
2013-12-18,1.0,0.0189896616575574,0.3872345693115824
2013-12-19,1.0,0.04419349612256293,0.34020651409915187
2013-12-20,1.0,0.04131053136215918,0.34127907787387185
2013-12-23,1.0,0.0455268798734041,0.36485158481144747
2013-12-24,1.0,0.030407471843195616,0.35235102031075727
2013-12-25,1.0,0.026905101344045165,0.34980779481253776
2013-12-26,1.0,0.04327594460950717,0.3529088820128624
2013-12-27,1.0,0.0456868879118546,0.3582817462610111
2013-12-30,1.0,0.049406852572357225,0.34076930979151626
2013-12-31,1.0,0.04161361906162779,0.3380260784748611
2014-01-01,1.0,0.05377003155190447,0.36399440329188615
2014-01-02,1.0,0.01581675547830327,0.34101555268775835
2014-01-03,1.0,0.006076841344218642,0.35797318236826287
2014-01-06,1.0,0.015715038426216237,0.35076544648757907
2014-01-07,1.0,0.0181924094733443,0.3709560961503292
2014-01-08,1.0,0.02575166657603151,0.37222662364975073
2014-01-09,1.0,0.024328067976553628,0.3651605938168123
2014-01-10,1.0,0.014962198573270486,0.3624339060558841
2014-01-13,1.0,0.01705737558934316,0.3781708512710506
2014-01-14,1.0,0.036485232621186005,0.3878319172179115
2014-01-15,1.0,0.03894627320574078,0.38489933126342
2014-01-16,1.0,0.04755560534434171,0.3609471617893606
2014-01-17,1.0,0.05026050575272024,0.3577593910430813
2014-01-20,1.0,0.05944150672722345,0.34760263399038477
2014-01-21,1.0,0.0628752178961767,0.3503632238882497
2014-01-22,1.0,0.058494002074199566,0.3481456337523094
2014-01-23,1.0,0.04546448354552977,0.3098730813814375
2014-01-24,1.0,0.041796898456745835,0.3108253521042036
2014-01-27,1.0,0.06160585820614667,0.30433749872499916
2014-01-28,1.0,0.06451465222563446,0.3084133550259079
2014-01-29,1.0,0.04876611461532465,0.2795996999864062
2014-01-30,1.0,0.06791075899932203,0.2984393946947429
2014-01-31,1.0,0.06372464296335924,0.31236523876634154
2014-02-03,1.0,0.07126537591446236,0.2924003043053358
2014-02-04,1.0,0.06152434746082615,0.30427405340044594
2014-02-05,1.0,0.06089393775558127,0.2891805205000286
2014-02-06,1.0,0.07105984368621257,0.2944605740840634
2014-02-07,1.0,0.055789708026954044,0.27787418131415675
2014-02-10,1.0,0.04968702220226805,0.2769199597762745
2014-02-11,1.0,0.04356797694717041,0.2830286518325783
2014-02-12,1.0,0.05672546887357321,0.2727148351783723
2014-02-13,1.0,0.05026198527472236,0.28154691626442224
2014-02-14,1.0,0.04645865809587636,0.30087869867396005
2014-02-17,1.0,0.025470819183975542,0.31849913101696575
2014-02-18,1.0,0.025276013424214393,0.31812196039360713
2014-02-19,1.0,0.014570069853674249,0.32081470462061545
2014-02-20,1.0,0.005495326982931114,0.32352489392007316
2014-02-21,1.0,0.006788156620741013,0.3242055881687204
2014-02-24,0.0,-0.021478401217721953,0.2982318668284524
2014-02-25,0.0,-0.02204421762606804,0.2996830198591407
2014-02-26,0.0,-0.020117278806445843,0.30561478865722497
2014-02-27,0.0,-0.030962745252798574,0.2860654688743083
2014-02-28,0.0,-0.024992331817907006,0.27484879799998296
2014-03-03,0.0,-0.04999333404448518,0.2831832576974947
2014-03-04,0.0,-0.04233480943617072,0.290790642630307
2014-03-05,0.0,-0.035316011925909684,0.2827169275096435
2014-03-06,0.0,-0.04862990755124005,0.26056060045695906
2014-03-07,0.0,-0.028215654756919804,0.2500799647698116
2014-03-10,0.0,-0.0324761248801899,0.2607662565809465
2014-03-11,0.0,-0.030635684531743354,0.2540512982158894
2014-03-12,0.0,-0.0406607120898275,0.26811555847590196
2014-03-13,0.0,-0.038981920009187904,0.28233309718264693
2014-03-14,0.0,-0.046906171936452655,0.297510821884447
2014-03-17,0.0,-0.029436614736576446,0.2815375844594895
2014-03-18,0.0,-0.04007518008213397,0.2883852841468307
2014-03-19,0.0,-0.021816450649802928,0.2996170576329043
2014-03-20,0.0,-0.027343220973128583,0.3136090891625637
2014-03-21,0.0,-0.02945530501000298,0.31397197762497514
2014-03-24,0.0,-0.014199700624072985,0.3102250284933077
2014-03-25,0.0,-0.021239518243179996,0.3185254884408863
2014-03-26,0.0,-0.015891630550628477,0.3042335795532916
2014-03-27,1.0,0.0023911145546360348,0.32821520816638744
2014-03-28,1.0,0.007546624449700165,0.3309669052492446
2014-03-31,1.0,0.008502576015828173,0.3800664210452314
2014-04-01,1.0,0.013018569617141715,0.38901821558479444
2014-04-02,1.0,0.0007823302219675182,0.4010187806091434
2014-04-03,0.0,-0.0015788883397281357,0.4167296716978059
2014-04-04,0.0,-0.002382508908573195,0.4058020284920092
2014-04-07,1.0,0.00963032646459805,0.41713205951170607
2014-04-08,0.0,-0.0006881681236854196,0.41644266640306404
2014-04-09,0.0,-0.017312456257824748,0.44026378142915107
2014-04-10,0.0,-0.021300165994424143,0.44881417590170797
2014-04-11,0.0,-0.022169434777137106,0.4779625414969178
2014-04-14,0.0,-0.02365204516025167,0.4739375272468283
2014-04-15,0.0,-0.006554774122498518,0.45222562735631733
2014-04-16,1.0,0.0024008694545031095,0.47573499140803216
2014-04-17,1.0,0.0012739592897938776,0.4878961313771221
2014-04-18,0.0,-0.0016234397288254975,0.4994953224069982
2014-04-21,1.0,0.0019514014462617016,0.48162512593677254
2014-04-22,1.0,0.0077511648157945045,0.4870816077358314
2014-04-23,1.0,0.006801849360998893,0.48931698495576026
2014-04-24,0.0,-0.00021643515919042626,0.4547157966483933
2014-04-25,0.0,-0.008629377842410788,0.47798386236427853
2014-04-28,0.0,-0.0025888431517449542,0.48414658855414805
2014-04-29,0.0,-0.02618509398694796,0.5041308832728385
2014-04-30,0.0,-0.026082057662600817,0.5166533991969792
2014-05-01,0.0,-0.02288778939565644,0.5401163207591996
2014-05-02,0.0,-0.03851305347727141,0.5390094663145913
2014-05-05,0.0,-0.05177331813261492,0.5396484423467955
2014-05-06,0.0,-0.049122948602781824,0.549696148946191
2014-05-07,0.0,-0.034892214565767646,0.5502163335224166
2014-05-08,0.0,-0.02899186915023221,0.5670682930827313
2014-05-09,0.0,-0.02880047984997046,0.5743127389138226
2014-05-12,0.0,-0.0340977815858762,0.5615710858868169
2014-05-13,0.0,-0.02813466765745551,0.5583117823304041
2014-05-14,0.0,-0.034703404490124816,0.5383981401973098
2014-05-15,0.0,-0.017513582492708357,0.5347162061814469
2014-05-16,0.0,-0.012354533915079114,0.5382626602346962
2014-05-19,0.0,-0.016615176414403073,0.5329995172329126
2014-05-20,0.0,-0.017377912088998665,0.5388878792115142
2014-05-21,0.0,-0.011205732514037505,0.5383713010952649
2014-05-22,1.0,0.019953439655955144,0.5366391495687471
2014-05-23,1.0,0.01672844411844673,0.5462543756807087
2014-05-26,1.0,0.019167614324158685,0.5456876019202074
2014-05-27,1.0,0.04323309166720923,0.4899268496866039
2014-05-28,1.0,0.04641560998742795,0.49230025914077324
2014-05-29,1.0,0.04748357294711336,0.5009181942105012
2014-05-30,1.0,0.050445273984241805,0.4866703878672476
2014-06-02,1.0,0.06464960239815107,0.48790783460179354
2014-06-03,1.0,0.06342317292783535,0.49380565650689373
2014-06-04,1.0,0.06365484498752229,0.5025261487333204
2014-06-05,1.0,0.052066308651020916,0.49592310017073366
2014-06-06,1.0,0.051879901798418435,0.48588878562235005
2014-06-09,1.0,0.0528290889121509,0.4960356283156876
2014-06-10,1.0,0.04734556927396742,0.49028435988989383
2014-06-11,1.0,0.05025685792172798,0.4800014587398466
2014-06-12,1.0,0.04750678635286358,0.4586200947960972
2014-06-13,1.0,0.047251077205109196,0.4434888306512307
2014-06-16,1.0,0.028435435930862375,0.44013827798302874
2014-06-17,1.0,0.01798831130129693,0.44532265898027706
2014-06-18,1.0,0.016199934348779595,0.4443176603522118
2014-06-19,0.0,-0.000826336684437095,0.38768392181973826
2014-06-20,0.0,-0.002972223351816244,0.4049764535884526
2014-06-23,0.0,-0.00414567485449273,0.3999230581617763
2014-06-24,0.0,-0.0077075194392188795,0.37169988481051286
2014-06-25,0.0,-0.010479206315327264,0.36612569921841187
2014-06-26,0.0,-0.017498741876431877,0.36546764480320165
2014-06-27,0.0,-0.00564240917473993,0.3660404995217384
2014-06-30,0.0,-0.017093003543653357,0.35966847952389863
2014-07-01,0.0,-0.020761464152007122,0.358041119758865
2014-07-02,0.0,-0.023881458843566006,0.3497624779958747
2014-07-03,0.0,-0.02865626878289062,0.3427803097302016
2014-07-04,0.0,-0.01951766827984584,0.3442192777074061
2014-07-07,0.0,-0.023870995553059465,0.34908466505020014
2014-07-08,0.0,-0.023470214640670044,0.3256444574099003
2014-07-09,0.0,-0.015277684340506555,0.3198205194381543
2014-07-10,0.0,-0.017243043592440416,0.33044290120272746
2014-07-11,0.0,-0.021982227438906668,0.3402000482443819
2014-07-14,0.0,-2.2935867492864275e-05,0.3565308493137666
2014-07-15,1.0,0.010587719533854296,0.385090254855214
2014-07-16,1.0,0.010348657459875765,0.37628386293595345
2014-07-17,0.0,-0.0016775152424278923,0.38104083234552877
2014-07-18,0.0,-0.004436632382611821,0.39917546163542045
2014-07-21,0.0,-0.010728894393271293,0.3988316274286015
2014-07-22,0.0,-0.0093404782410423,0.39495350963736037
2014-07-23,0.0,-0.010288037661537698,0.40550927628294237
2014-07-24,0.0,-0.01302255700064072,0.4225511426135268
2014-07-25,0.0,-0.020939532695149476,0.3903480597915315
2014-07-28,0.0,-0.021856039753466238,0.41631072369723787
2014-07-29,0.0,-0.014055747981697174,0.4289314087709643
2014-07-30,0.0,-0.01051906371504323,0.42247044319092036
2014-07-31,1.0,0.0054190139724512865,0.4273386019690272
2014-08-01,0.0,-0.005261926036174669,0.41492106690168123
2014-08-04,0.0,-0.00119581943401611,0.43070856916125755
2014-08-05,0.0,-0.017947673790190515,0.4361010770974914
2014-08-06,0.0,-0.028440954815979403,0.4380348812773834
2014-08-07,0.0,-0.03996910950902917,0.4457500529706565
2014-08-08,0.0,-0.03181522216032371,0.4380587289668986
2014-08-11,0.0,-0.04028919000852604,0.44103175036517855
2014-08-12,0.0,-0.04155757222161529,0.4387189654356236
2014-08-13,0.0,-0.04923987472348561,0.43664370781334066
2014-08-14,0.0,-0.059672134801966745,0.4400115201416079
2014-08-15,0.0,-0.06027490529882575,0.4541048483141603
2014-08-18,0.0,-0.05164615325780482,0.46818437388990164
2014-08-19,0.0,-0.048657049606791666,0.44784851949048804
2014-08-20,0.0,-0.054594530406814584,0.4504187326960226
2014-08-21,0.0,-0.04143848485616652,0.47453492817704074
2014-08-22,0.0,-0.05184001990591378,0.48287132946968864
2014-08-25,0.0,-0.04906141183981535,0.49052204305324976
2014-08-26,0.0,-0.04666799726610623,0.5011721066308286
2014-08-27,0.0,-0.05240538482952519,0.5116593818934968
2014-08-28,0.0,-0.05449376799330279,0.49646721795607024
2014-08-29,0.0,-0.05445493046215632,0.5121774110931461
2014-09-01,0.0,-0.05773216551722499,0.5132800453307145
2014-09-02,0.0,-0.046306328040826523,0.5321588784760982
2014-09-03,0.0,-0.04534656077865908,0.5599170327723082
2014-09-04,0.0,-0.03821709389021336,0.5652058392679107
2014-09-05,0.0,-0.06301008323415185,0.5717823019674869
2014-09-08,0.0,-0.04057892180135121,0.5927754421839357
2014-09-09,0.0,-0.03774277942438653,0.5706037604426238
2014-09-10,0.0,-0.023095265909332596,0.5687854849641558
2014-09-11,0.0,-0.013329634149642654,0.5750960101369772
2014-09-12,0.0,-0.003997884001485787,0.5387866390182765
2014-09-15,1.0,0.002956916270267197,0.544441478441423
2014-09-16,0.0,-0.001418871222127094,0.5436111817179621
2014-09-17,1.0,0.014255264162513107,0.5437357653457241
2014-09-18,1.0,0.010885068614551305,0.5280074400946625
2014-09-19,1.0,0.018011162900533492,0.5084267031004405
2014-09-22,1.0,0.026027413894762767,0.5181916559405566
2014-09-23,1.0,0.021486711086782673,0.5180131269571682
2014-09-24,1.0,0.020570146069811505,0.527697311407258
2014-09-25,1.0,0.009510027791057082,0.5338359395500879
2014-09-26,1.0,0.009878841004696253,0.527011315016055
2014-09-29,1.0,0.008875179644389697,0.5461473878574452
2014-09-30,1.0,0.016245037094507333,0.5257815990137628
2014-10-01,0.0,-0.0008414175907234794,0.529733093766686
2014-10-02,0.0,-0.01185838690583848,0.5349457974168449
2014-10-03,0.0,-0.01545236040278996,0.4916008588461647
2014-10-06,0.0,-0.03472310448520844,0.49210971481375976
2014-10-07,0.0,-0.0338941339701317,0.49953763710054455
2014-10-08,0.0,-0.06815177393966,0.4890557665472899
2014-10-09,0.0,-0.0694336875584781,0.49339499718443325
2014-10-10,0.0,-0.03799190664024084,0.4773188501636253
2014-10-13,0.0,-0.07145327161589267,0.48693701926788874
2014-10-14,0.0,-0.05731115190877734,0.49589021335755323
2014-10-15,0.0,-0.06438798512154527,0.4861797836145868
2014-10-16,0.0,-0.06355946321426008,0.48613908854733723
2014-10-17,0.0,-0.040970081838193145,0.4797300942500967
2014-10-20,0.0,-0.04950028461884593,0.48745007823878217
2014-10-21,0.0,-0.042960372696414506,0.4878570742459194
2014-10-22,0.0,-0.04957701945886591,0.48459453326646734
2014-10-23,0.0,-0.032510590350954556,0.47547674980782084
2014-10-24,0.0,-0.024466177915046013,0.4598087250156279
2014-10-27,0.0,-0.023092741054037042,0.46471673926741663
2014-10-28,0.0,-0.022679397905754344,0.45858734513161487
2014-10-29,0.0,-0.011312121888749159,0.46778291883310336
2014-10-30,0.0,-0.0068590816802668415,0.4531549571534081
2014-10-31,0.0,-0.004581557022187091,0.41812850758426867
2014-11-03,1.0,0.03917284964020579,0.44508890748858027
2014-11-04,1.0,0.024759828689529306,0.4518351417192353
2014-11-05,1.0,0.05885979368207308,0.466531675509934
2014-11-06,1.0,0.054099954969876095,0.48466166856485376
2014-11-07,1.0,0.012237988749344186,0.4489306259281929
2014-11-10,1.0,0.04433805239076036,0.46670672024519244
2014-11-11,1.0,0.05579275835319835,0.47141486311449404
2014-11-12,1.0,0.05309796122890666,0.4874307879727003
2014-11-13,1.0,0.05449274741260239,0.4873463007295186
2014-11-14,1.0,0.028126465194764447,0.49070839724043375
2014-11-17,1.0,0.005211847708805212,0.5174609614423601
2014-11-18,1.0,0.0003760419539998933,0.5204548893660091
2014-11-19,1.0,0.005853938591735923,0.5069965710279666
2014-11-20,1.0,0.004280620871436233,0.5103965293019037
2014-11-21,0.0,-0.0047149233028247325,0.5118597172303578
2014-11-24,0.0,-0.01764664967220952,0.5094106598525259
2014-11-25,0.0,-0.020405007591314774,0.49129623867683225
2014-11-26,0.0,-0.02066102081708138,0.4826852726622321
2014-11-27,0.0,-0.015002014928264057,0.4764993064900774
2014-11-28,1.0,0.023554605080229774,0.4607085325476226
2014-12-01,0.0,-0.023842963328895263,0.4176574312600448
2014-12-02,1.0,0.0022768319351408536,0.4382253604588315
2014-12-03,0.0,-0.021386496985379453,0.4233780043980217
2014-12-04,0.0,-0.017766412286595857,0.42139844196704274
2014-12-05,0.0,-0.002721592970825331,0.4298797330394274
2014-12-08,1.0,0.0008806327832179675,0.42249114660024867
2014-12-09,0.0,-0.009577420699475342,0.41955049802451316
2014-12-10,0.0,-0.01267377505149227,0.42786119528537897
2014-12-11,0.0,-0.015409359056672688,0.4241981257604832
2014-12-12,1.0,0.000678817248395354,0.45062543816600586
2014-12-15,1.0,0.03350629177037886,0.44310062131886996
2014-12-16,1.0,0.027750722060313718,0.447979316418222
2014-12-17,1.0,0.03364135522589492,0.45231748345126843
2014-12-18,1.0,0.05130372273179018,0.4520755619860608
2014-12-19,1.0,0.06826431952699212,0.4693929441547591
2014-12-22,1.0,0.08133422022580451,0.4560149487262203
2014-12-23,1.0,0.09500487464171656,0.4703119365339673
2014-12-24,1.0,0.09709021448194542,0.4741705639058614
2014-12-25,1.0,0.10341342422918857,0.4791728407912837
2014-12-26,1.0,0.0797742567400229,0.43675697091064947
2014-12-29,1.0,0.07944961561763111,0.4737328733743766
2014-12-30,1.0,0.07372231203929046,0.4584430555957916
2014-12-31,1.0,0.0819123767415319,0.4784405406960308
2015-01-01,1.0,0.0601489753295997,0.49160438811467233
2015-01-02,1.0,0.07629974727599202,0.4754388896859692
2015-01-05,1.0,0.05713027143476292,0.4789193970769395
2015-01-06,1.0,0.0330359160935818,0.4834081731728991
2015-01-07,1.0,0.04786296935511674,0.488482899397006
2015-01-08,1.0,0.04511447373088285,0.4866490517557688
2015-01-09,1.0,0.008345221054598784,0.48314747868273106
2015-01-12,1.0,0.004966000451540134,0.47600664064297077
2015-01-13,1.0,0.0025808141450118544,0.46534479711196614
2015-01-14,0.0,-0.008846181688590965,0.439344871397295
2015-01-15,0.0,-0.03183076895955462,0.48293741885788005
2015-01-16,0.0,-0.04010738382574453,0.516099970621724
2015-01-19,0.0,-0.03667815748670065,0.512430583377433
2015-01-20,0.0,-0.06743750547900139,0.5209992341269223
2015-01-21,0.0,-0.06439934767308714,0.5053050684165876
2015-01-22,0.0,-0.07529485414390043,0.508147920207413
2015-01-23,0.0,-0.07390889261365724,0.4951799365811145
2015-01-26,0.0,-0.06401824600435105,0.475220657346253
2015-01-27,0.0,-0.0743306276488446,0.4820423940888914
2015-01-28,0.0,-0.06441970758158286,0.459841629113755
2015-01-29,0.0,-0.03918444273247352,0.4436318238716334
2015-01-30,0.0,-0.056148519169882886,0.4572229867846858
2015-02-02,0.0,-0.05499007982564626,0.45224572514291866
2015-02-03,0.0,-0.0455098157039512,0.4474453482426354
2015-02-04,0.0,-0.056791155580788386,0.4504467213989733
2015-02-05,0.0,-0.05368067280063101,0.44601486540476376
2015-02-06,0.0,-0.05536486061898077,0.45069276373256645
2015-02-09,0.0,-0.060298429339312086,0.46734492430480506
2015-02-10,0.0,-0.06042302269914104,0.4590131346183126
2015-02-11,0.0,-0.05399794160556157,0.4476721223803431
2015-02-12,0.0,-0.05884818601685849,0.4708797290288218
2015-02-13,0.0,-0.06000979345866358,0.47380036821521787
2015-02-16,0.0,-0.06401366479072589,0.4820462454190042
2015-02-17,0.0,-0.05098736135142509,0.47936077409135824
2015-02-18,0.0,-0.03833046135107432,0.49327538448744324
2015-02-19,0.0,-0.03013139827578236,0.5014487684900255
2015-02-20,0.0,-0.0166762802305813,0.5080354061655713
2015-02-23,0.0,-0.010490923018690061,0.5158299821620224
2015-02-24,0.0,-0.005910721267652532,0.5227231041188132
2015-02-25,0.0,-0.007950571915764398,0.5228825169559405
2015-02-26,0.0,-0.0041362962499581785,0.5139052312733619
2015-02-27,0.0,-0.011825036416731351,0.5230919574630669
2015-03-02,0.0,-0.018136782678975002,0.5272086595765295
2015-03-03,0.0,-0.01716776766090828,0.5367658690126758
2015-03-04,1.0,0.003245270166696396,0.5556153662355946
2015-03-05,1.0,0.0025667536342689453,0.5662700297581471
2015-03-06,1.0,0.030025847391007606,0.5018697420653575
2015-03-09,1.0,0.039914260146648735,0.5058346736197626
2015-03-10,1.0,0.03952963733968405,0.495218720761384
2015-03-11,1.0,0.04061760570272984,0.4724743314288497
2015-03-12,1.0,0.03573954843042247,0.4682419109393673
2015-03-13,1.0,0.04184045638576446,0.48124385995222874
2015-03-16,1.0,0.03754681136653099,0.4715018458125672
2015-03-17,1.0,0.03697165076619851,0.45536248132879165
2015-03-18,1.0,0.02921764872331433,0.4675507691284994
2015-03-19,1.0,0.022622725570024343,0.4760548411316076
2015-03-20,1.0,0.018355290507904014,0.4941725139201949
2015-03-23,1.0,0.006028584775983763,0.4991838701733854
2015-03-24,1.0,0.00817544501524186,0.5047421531228035
2015-03-25,0.0,-0.006792038569639038,0.5010322730811884
2015-03-26,0.0,-0.008349403535596513,0.5065452862060174
2015-03-27,0.0,-0.01667988052149502,0.5121391721250109
2015-03-30,1.0,0.013843487150984156,0.49430680113587816
2015-03-31,1.0,0.02391523606284118,0.5033476943404647
2015-04-01,1.0,0.0008470283928748813,0.5044275926282755
2015-04-02,0.0,-0.014697577891418852,0.5159025373642184
2015-04-03,0.0,-0.02060126964670579,0.5059306585192411
2015-04-06,0.0,-0.02206179953539162,0.5041323650025493
2015-04-07,0.0,-0.012685124308453121,0.5056650659464598
2015-04-08,0.0,-0.009490701746389722,0.4896731739764334
2015-04-09,0.0,-0.00832392244694487,0.48707232062298855
2015-04-10,0.0,-0.01670184961793147,0.4935191545790531
2015-04-13,0.0,-0.012427213963760788,0.4873772784032518
2015-04-14,1.0,0.0006287858353089318,0.4818494087446303
2015-04-15,1.0,0.010834898177080608,0.4919441289164297
2015-04-16,1.0,0.0189332264648513,0.4889786079481254
2015-04-17,1.0,0.016146656093449296,0.4911345363844604
2015-04-20,1.0,0.02378999570523026,0.4774965358736958
2015-04-21,1.0,0.004282270832693029,0.48016204295782977
2015-04-22,1.0,0.018686048867970626,0.4764508544700679
2015-04-23,1.0,0.010299490247811405,0.46570651775180677
2015-04-24,1.0,0.022170286127930643,0.4499519899012632
2015-04-27,1.0,0.004351298966782345,0.42626724471883265
2015-04-28,0.0,-0.0206669048301027,0.42650390212295275
2015-04-29,0.0,-0.014060132483070009,0.4311390804337397
2015-04-30,1.0,0.003355934209692531,0.39738159280811847
2015-05-01,1.0,0.010135221894043148,0.39364136980803144
2015-05-04,1.0,0.0008245965834188335,0.4102664470028499
2015-05-05,0.0,-5.867634548637255e-05,0.391116691025284
2015-05-06,0.0,-0.005336173992655533,0.3951209405024183
2015-05-07,0.0,-0.0067348879006510305,0.39556103185553376
2015-05-08,0.0,-0.013565277960945915,0.4037298940299028
2015-05-11,0.0,-0.008570268833200395,0.39458427097506654
2015-05-12,0.0,-0.014435503077672912,0.3670620777254779
2015-05-13,0.0,-0.024450810577709432,0.3486769091693232
2015-05-14,0.0,-0.032504578223814674,0.36011567884806156
2015-05-15,0.0,-0.03568688114541447,0.3702817858991461
2015-05-18,0.0,-0.03277485755940805,0.3699723658142652
2015-05-19,0.0,-0.021935661227456008,0.38261387819649284
2015-05-20,0.0,-0.02021198801691304,0.3805775103569288
2015-05-21,0.0,-0.004153692368693404,0.3859669858732501
2015-05-22,0.0,-0.004489905272852079,0.3747992575063057
2015-05-25,0.0,-0.01764645955447831,0.37623950716587407
2015-05-26,0.0,-0.008034549310877243,0.40814096528927774
2015-05-27,0.0,-0.011174246465653697,0.4024378435498103
2015-05-28,0.0,-0.012707189495775298,0.39432319567729457
2015-05-29,0.0,-0.012651117553558803,0.37923325777570976
2015-06-01,0.0,-0.007683252926523334,0.37399471376987736
2015-06-02,0.0,-0.01707781286268654,0.3818197819958133
2015-06-03,0.0,-0.013894128465872286,0.3953103012332531
2015-06-04,0.0,-0.00887946068908387,0.3937036176503682
2015-06-05,0.0,-0.0027523972619733898,0.3973810367654664
2015-06-08,0.0,-0.003132430876076096,0.4011933690328937
2015-06-09,0.0,-0.018364097831648794,0.4272758388315514
2015-06-10,0.0,-0.024250857561123412,0.4341512825421305
2015-06-11,0.0,-0.019306113665900425,0.4463715700892365
2015-06-12,0.0,-0.015490292450577833,0.45987813299100366
2015-06-15,0.0,-0.02398749242987111,0.44359503680163953
2015-06-16,0.0,-0.02251421924728738,0.4434290572969412
2015-06-17,0.0,-0.031192280758515614,0.4391042434276536
2015-06-18,0.0,-0.04835113464648833,0.40684485525402114
2015-06-19,0.0,-0.05628820434678927,0.4170813860697462
2015-06-22,0.0,-0.0773861789327261,0.44260245024541334
2015-06-23,0.0,-0.06743831865319291,0.4511219831636971
2015-06-24,0.0,-0.07121779673148854,0.4665045766154952
2015-06-25,0.0,-0.07320664156496481,0.46872609064723764
2015-06-26,0.0,-0.06699251009913779,0.46501015062036405
2015-06-29,0.0,-0.07554660775345647,0.45372725882929854
2015-06-30,0.0,-0.06873405064281654,0.48891819003438886
2015-07-01,0.0,-0.06363756366682256,0.4873024339332187
2015-07-02,0.0,-0.06932677716017019,0.4648827190911004
2015-07-03,0.0,-0.06476908605688468,0.46354887214549045
2015-07-06,0.0,-0.07408429934352145,0.46658682790171285
2015-07-07,0.0,-0.06005372431490745,0.44495003242439224
2015-07-08,0.0,-0.06452987775904725,0.4516166786990081
2015-07-09,0.0,-0.06246192772662414,0.4518547554049067
2015-07-10,0.0,-0.06119030021002257,0.4658571941218116
2015-07-13,0.0,-0.04741524044239752,0.47387401394948736
2015-07-14,0.0,-0.04104567507649277,0.4799747281407175
2015-07-15,0.0,-0.02120065330243052,0.4657593176973958
2015-07-16,0.0,-0.026560810651072606,0.46992148394525246
2015-07-17,0.0,-0.01759158871355699,0.45580022845167134
2015-07-20,1.0,0.01797050346543,0.4571031405869084
2015-07-21,1.0,0.014966695098250226,0.48142707364697157
2015-07-22,1.0,0.03582392230794347,0.4872293405214561
2015-07-23,1.0,0.055488034122442284,0.47311305130381376
2015-07-24,1.0,0.054308581855540036,0.4644060121837844
2015-07-27,1.0,0.05395656374797722,0.48409335800984477
2015-07-28,1.0,0.04071786524640791,0.487515506207796
2015-07-29,1.0,0.025391901267767754,0.4821154022037961
2015-07-30,1.0,0.03379890688707383,0.48718270292073496
2015-07-31,1.0,0.03416726736784751,0.4907749185542159
2015-08-03,1.0,0.043328402063267726,0.4993535738063404
2015-08-04,1.0,0.047065396678554326,0.49669048923612885
2015-08-05,1.0,0.043920494421294955,0.5032473084464303
2015-08-06,1.0,0.03216321322691614,0.5033928335804743
2015-08-07,1.0,0.024923633530012944,0.506885633005286
2015-08-10,1.0,0.013345349758371823,0.5117051946108061
2015-08-11,1.0,0.011524532833130565,0.49833619919762995
2015-08-12,0.0,-0.01651255762966537,0.4950608639007112
2015-08-13,0.0,-0.0030552209594636383,0.5015387557590698
2015-08-14,0.0,-0.006553268569160966,0.4909281004392015
2015-08-17,0.0,-0.008475426755932616,0.47068121764523196
2015-08-18,0.0,-0.011249218698117697,0.4521546312533041
2015-08-19,0.0,-0.013228175845131527,0.45274386206794504
2015-08-20,0.0,-0.019187552034174285,0.46175429530285056
2015-08-21,0.0,-0.018555377028113024,0.4654287171380724
2015-08-24,0.0,-0.018972417302337147,0.45250517229999077
2015-08-25,0.0,-0.014396998362140475,0.45026399828141045
2015-08-26,1.0,0.00461259521853184,0.44163649080971495
2015-08-27,1.0,0.02475004564701262,0.44114289435477605
2015-08-28,1.0,0.011233410797888158,0.4373719237448893
2015-08-31,0.0,-0.002383054967134782,0.41822617467218987
2015-09-01,0.0,-0.01147155752279316,0.4121047747189883
2015-09-02,0.0,-0.016727112723424198,0.4035121313950118
2015-09-03,0.0,-0.010366954637029292,0.3956000878429661
2015-09-04,1.0,0.014415238372498473,0.3943286704301812
2015-09-07,1.0,0.014791554624196632,0.40734552410367764
2015-09-08,1.0,0.022134942518162143,0.4125628208167145
2015-09-09,1.0,0.034225392948089836,0.4113365265252821
2015-09-10,1.0,0.024272173076696033,0.419468387613013
2015-09-11,1.0,0.042713887269074505,0.4131788449948997
2015-09-14,1.0,0.048647458451590755,0.41255236597382317
2015-09-15,1.0,0.0557068175212215,0.4121300348873156
2015-09-16,1.0,0.056550019720866936,0.41000381191130625
2015-09-17,1.0,0.045226451988932125,0.41959818306854135
2015-09-18,1.0,0.03252354292158396,0.42810863734948185
2015-09-21,1.0,0.03247799892834663,0.41377891564358055
2015-09-22,1.0,0.04479788871696491,0.40294779656378243
2015-09-23,1.0,0.03196301005325453,0.39495255398952084
2015-09-24,1.0,0.01017732705292182,0.3905139507120369
2015-09-25,1.0,0.015534931932599725,0.4086453647148567
2015-09-28,1.0,0.02728313565734294,0.406775679085436
2015-09-29,1.0,0.0345418318238074,0.4160843337275544
2015-09-30,1.0,0.03612568510243851,0.4205567795596149
2015-10-01,1.0,0.028603738795104732,0.42029744021283494
2015-10-02,1.0,0.003571573400542516,0.37626359261836234
2015-10-05,0.0,-0.0016307824757024155,0.3903529417796047
2015-10-06,0.0,-0.02562759230642447,0.3750102711325075
2015-10-07,0.0,-0.033330942546261705,0.363128867565881
2015-10-08,0.0,-0.031017637355697573,0.3655097591681561
2015-10-09,0.0,-0.05967317164821659,0.34326837809403504
2015-10-12,0.0,-0.0630934925310932,0.337825154119396
2015-10-13,0.0,-0.06946683050601407,0.34029282396177035
2015-10-14,0.0,-0.08649479393319569,0.37175386083076367
2015-10-15,0.0,-0.08640972484858231,0.36988972505759526
2015-10-16,0.0,-0.08238065591873502,0.37651551377777737
2015-10-19,0.0,-0.07777104141804708,0.36669134776235845
2015-10-20,0.0,-0.09387188836871624,0.36325575431747
2015-10-21,0.0,-0.08547824520403263,0.3716065636714265
2015-10-22,0.0,-0.07404394589897505,0.37995876354339125
2015-10-23,0.0,-0.07682357110008371,0.35938304150297706
2015-10-26,0.0,-0.08411464672144962,0.35178738644027013
2015-10-27,0.0,-0.08114933424856766,0.3540486099970264
2015-10-28,0.0,-0.07568488808819392,0.338258759227604
2015-10-29,0.0,-0.06620621387300188,0.3604803636709876
2015-10-30,0.0,-0.07604169407041692,0.38684341727031735
2015-11-02,0.0,-0.06278619762708791,0.398249709619653
2015-11-03,0.0,-0.04415366839892953,0.40470441178169786
2015-11-04,0.0,-0.04963490188796258,0.41807468016742705
2015-11-05,0.0,-0.03830782176017727,0.42437291460831067
2015-11-06,0.0,-0.0018204390629428368,0.402262993899496
2015-11-09,0.0,-0.020033966379586654,0.42088807828953845
2015-11-10,0.0,-0.014193941689521346,0.42625496082145503
2015-11-11,0.0,-0.012006147220835204,0.4283562438301107
2015-11-12,0.0,-0.012512975215940409,0.43082955848208454
2015-11-13,0.0,-0.008238660585226145,0.4350348670142675
2015-11-16,0.0,-0.018690738977436134,0.43341320244329706
2015-11-17,0.0,-0.009067164307672855,0.44531386101141696
2015-11-18,1.0,0.0015300080418013493,0.4444214229699594
2015-11-19,0.0,-0.02866471130983827,0.44996636249037386
2015-11-20,0.0,-0.010905925307168976,0.4601013207538863
2015-11-23,1.0,0.008521945390393304,0.46557612564340595
2015-11-24,0.0,-0.002886703622071545,0.47421638626093493
2015-11-25,0.0,-0.0012702684215725897,0.47441041244682436
2015-11-26,1.0,0.0034732118327869353,0.47703508652311866
2015-11-27,1.0,0.017288256489093278,0.4740878071685611
2015-11-30,1.0,0.003993817711952801,0.4751232105696372
2015-12-01,0.0,-0.0005238589816618073,0.4755656902659698
2015-12-02,1.0,0.007073716891736095,0.46827649155019624
2015-12-03,0.0,-0.0010549716512912525,0.4711193121960951
2015-12-04,0.0,-0.011262641319499408,0.4459937821070741
2015-12-07,1.0,0.00677836135044944,0.46354961128862027
2015-12-08,1.0,0.018287035396188634,0.46423165254419496
2015-12-09,1.0,0.032973797543218906,0.45848136848297283
2015-12-10,1.0,0.029993238108045057,0.4665214355990369
2015-12-11,1.0,0.017928436387034726,0.47027644409316316
2015-12-14,1.0,0.02255293988387871,0.4727307184431771
2015-12-15,1.0,0.03027551406586689,0.46697947512266313
2015-12-16,1.0,0.004743047784730951,0.4560262368179212
2015-12-17,1.0,0.034864382033879815,0.47399714472167065
2015-12-18,1.0,0.021235136676289356,0.4641957442699677
2015-12-21,1.0,0.008036029685890025,0.4531078117001268
2015-12-22,1.0,0.026303017341724817,0.4620672710904954
2015-12-23,1.0,0.028960833248767807,0.4563627294627143
2015-12-24,1.0,0.02008873912047257,0.45211000931192824
2015-12-25,1.0,0.028653313823908944,0.4484212505298524
2015-12-28,1.0,0.04699835668076375,0.45243602926745646
2015-12-29,1.0,0.05151737123515152,0.4583336526538324
2015-12-30,1.0,0.04933837019916148,0.44078082755693776
2015-12-31,1.0,0.052263061881862916,0.45283570319614647
2016-01-04,1.0,0.04904318687259029,0.4428698545730695
2016-01-05,1.0,0.046354659025271375,0.4399464017740628
2016-01-06,1.0,0.04319070529436716,0.44978959519597245
2016-01-07,1.0,0.041206067920861365,0.4579677666463496
2016-01-08,1.0,0.06105239785902982,0.44508029817770717
2016-01-11,1.0,0.08490613954071391,0.44597450735296645
2016-01-12,1.0,0.08967655581759745,0.4375516892267024
2016-01-13,1.0,0.09086279422666141,0.41729832344658063
2016-01-14,1.0,0.14555281325487301,0.42211768264816113
2016-01-15,1.0,0.1281826506706702,0.4139526201863147
2016-01-18,1.0,0.10448956510914054,0.42108200333720297
2016-01-19,1.0,0.09884334527553955,0.4243977512839641
2016-01-20,1.0,0.09335784038645945,0.4072586854943229
2016-01-21,1.0,0.11153715176885098,0.39445759474316733
2016-01-22,1.0,0.11194846283596709,0.3937176771800258
2016-01-25,1.0,0.0870911157474475,0.37741087628850056
2016-01-26,1.0,0.0910315478210455,0.3682944583517641
2016-01-27,1.0,0.08838573096550441,0.366324131410418
2016-01-28,1.0,0.10185705421800773,0.36847296940370555
2016-01-29,1.0,0.08974018410482344,0.3659224590739807
2016-02-01,1.0,0.0925836240600566,0.3686451943853909
2016-02-02,1.0,0.08750146164237099,0.3736725712304989
2016-02-03,1.0,0.0818358944496828,0.41191773462945147
2016-02-04,1.0,0.08940049607909717,0.4638240872228415
2016-02-05,1.0,0.07017782650278226,0.5109747786370257
2016-02-08,1.0,0.062094857222655904,0.5411561321855549
2016-02-09,1.0,0.05876311782887404,0.5367305720246249
2016-02-10,1.0,0.045429703085883934,0.5459686873196338
2016-02-11,1.0,0.019477318352065547,0.5634131116871056
2016-02-12,1.0,0.008542935299937706,0.576951852844819
2016-02-15,1.0,0.02085020461432666,0.5340992233995293
2016-02-16,1.0,0.02627055047073242,0.5213363357365521
2016-02-17,1.0,0.04315410941282246,0.5351509103159601
2016-02-18,1.0,0.020966611154743877,0.5444975559895555
2016-02-19,1.0,0.02208957510725972,0.5292338610072022
2016-02-22,1.0,0.028235461535672718,0.4893749125370685
2016-02-23,1.0,0.016874354863748654,0.523171653582613
2016-02-24,0.0,-0.0077094961546907,0.5178191942229176
2016-02-25,0.0,-0.014327804440882422,0.503310106680607
2016-02-26,0.0,-0.005131789759580605,0.48297208199633757
2016-02-29,0.0,-0.013843697086368128,0.5068952161171707
2016-03-01,1.0,0.007560631968450075,0.48699130954992675
2016-03-02,0.0,-0.012472014796296045,0.5001701913878916
2016-03-03,0.0,-0.025259574742283724,0.4974128394399524
2016-03-04,0.0,-0.029785078654401585,0.48838584157473114
2016-03-07,0.0,-0.04219362018383589,0.5132315583007744
2016-03-08,0.0,-0.024047453515475554,0.4926596666943269
2016-03-09,0.0,-0.024589846434668206,0.48715648383282445
2016-03-10,0.0,-0.024567738386220988,0.5192361691821755
2016-03-11,0.0,-0.007339939777104022,0.49577219845057774
2016-03-14,1.0,0.018382280332242675,0.4811396049604305
2016-03-15,1.0,0.018259838094583994,0.4948122072539829
2016-03-16,0.0,-0.015894903332872433,0.5075861752102564
2016-03-17,0.0,-0.024554445667611113,0.5147783092231013
2016-03-18,0.0,-0.02025848265447661,0.5135367927193212
2016-03-21,0.0,-0.008847291433896669,0.513633541039807
2016-03-22,1.0,0.0012413656614631461,0.5183841626950796
2016-03-23,1.0,0.01856003893364681,0.49854968157562024
2016-03-24,1.0,0.024491550206531695,0.5029551549917903
2016-03-25,1.0,0.012317800688829605,0.507134621219677
2016-03-28,1.0,0.01354477602757754,0.5149774140598805
2016-03-29,1.0,0.0015696378969766748,0.534970168480506
2016-03-30,1.0,0.017009870163104034,0.5294780580650503
2016-03-31,1.0,0.026983222343191823,0.5572893978824491
2016-04-01,1.0,0.05642928378984569,0.5459993315680485
2016-04-04,1.0,0.06125625657347306,0.5547331773069283
2016-04-05,1.0,0.04398365110936496,0.5664794837285333
2016-04-06,1.0,0.04577229364102445,0.5724077483803399
2016-04-07,1.0,0.02990275810119489,0.5887179545667923
2016-04-08,1.0,0.03855107723540212,0.5925635195736881
2016-04-11,1.0,0.004919278377408349,0.5918835647822669
2016-04-12,1.0,0.008413749678246296,0.5876991159359627
2016-04-13,1.0,0.027632866997738367,0.5948882248219665
2016-04-14,1.0,0.028839656367417595,0.5968272309073093
2016-04-15,1.0,0.03401131067348855,0.6067016148380383
2016-04-18,1.0,0.03233943841753109,0.6038062374057709
2016-04-19,1.0,0.023102293273156795,0.6058673679111333
2016-04-20,1.0,0.01128327899150548,0.5985601547450753
2016-04-21,1.0,0.005278745361774442,0.5869395402547243
2016-04-22,1.0,0.016225821507397313,0.5859792079496292
2016-04-25,1.0,0.009073129389555007,0.589836208083098
2016-04-26,0.0,-0.013563784682795937,0.5960235541913718
2016-04-27,0.0,-0.01745089530868543,0.5942718144864164
2016-04-28,0.0,-0.03722089715798554,0.6013469605109559
2016-04-29,0.0,-0.06268530774041281,0.6005392943924336
2016-05-02,0.0,-0.06947961331321445,0.5998244057480508
2016-05-03,0.0,-0.05706695642017298,0.5918075870090326
2016-05-04,0.0,-0.054234388171618644,0.5933814974790255
2016-05-05,0.0,-0.05422155416663893,0.6139458034239013
2016-05-06,0.0,-0.03492663002241334,0.608468124528558
2016-05-09,0.0,-0.014750705979704855,0.6103600124576893
2016-05-10,0.0,-0.017461773612165936,0.6124257544681984
2016-05-11,0.0,-0.0115002645907732,0.600940445469564
2016-05-12,1.0,0.004897517589632803,0.591754132306308
2016-05-13,1.0,0.0008876565273755028,0.5839353681042431
2016-05-16,1.0,0.008528002237700245,0.5800911047601003
2016-05-17,1.0,0.005382018373317756,0.5843816308489002
2016-05-18,1.0,0.02731509591479627,0.5939334208205608
2016-05-19,1.0,0.01849416499072838,0.6034268743605211
2016-05-20,1.0,0.03626094777366002,0.5965997452967137
2016-05-23,1.0,0.03231754632267928,0.6115864191683198
2016-05-24,1.0,0.03252547452876656,0.6108353385701716
2016-05-25,1.0,0.03353660605942103,0.6183829178162231
2016-05-26,1.0,0.02940913191404433,0.6363964285573395
2016-05-27,1.0,0.08149747437931358,0.6410612105915529
2016-05-30,1.0,0.0947819377062398,0.6312133870850778
2016-05-31,1.0,0.07681927856989691,0.6372459751088767
2016-06-01,1.0,0.0830432818395369,0.6343447031597386
2016-06-02,1.0,0.08770022040340378,0.6440434582636625
2016-06-03,1.0,0.07701642453666545,0.6232028196971771
2016-06-06,1.0,0.0815498185758469,0.6175585958492458
2016-06-07,1.0,0.08622012630294207,0.625971991845807
2016-06-08,1.0,0.07664556404778641,0.621335879555607
2016-06-09,1.0,0.06928963739729227,0.617102900881781
2016-06-10,1.0,0.06994511298873331,0.6288234194337754
2016-06-13,1.0,0.05450175970301842,0.6158916562969332
2016-06-14,1.0,0.0358340796135805,0.6254144194057282
2016-06-15,1.0,0.038498274706011346,0.6083320206818882
2016-06-16,1.0,0.043743330152221094,0.5999802151247182
2016-06-17,1.0,0.029681894563109462,0.5968704534087792
2016-06-20,1.0,0.0292599461355228,0.606613154841342
2016-06-21,1.0,0.04957530144912443,0.5930740849072218
2016-06-22,1.0,0.038281444831950326,0.5835683966868447
2016-06-23,1.0,0.05777305152155293,0.5771860181107682
2016-06-24,1.0,0.0036220118251144434,0.5186878963168752
2016-06-27,0.0,-0.007272759329079697,0.5203061218658286
2016-06-28,1.0,0.0057306747089850745,0.5222462185147472
2016-06-29,1.0,0.018059181538397466,0.514854043760208
2016-06-30,1.0,0.010193722142272491,0.5194533916775119
2016-07-01,1.0,0.005323011711212856,0.5395239134500283
2016-07-04,1.0,0.0017530692439739941,0.5346947958168282
2016-07-05,1.0,0.006105878387853132,0.5266130348069138
2016-07-06,0.0,-0.003970301517153373,0.519650406548176
2016-07-07,1.0,0.000955355575143456,0.5129793098846926
2016-07-08,0.0,-0.02170024242179862,0.48837286746867814
2016-07-11,0.0,-0.015314007277033482,0.4937739189143613
2016-07-12,1.0,0.006210038287990907,0.49496480958364136
2016-07-13,1.0,0.0035030473628628656,0.49942179176559803
2016-07-14,1.0,0.0032926767756468293,0.4907377341479952
2016-07-15,0.0,-0.0013469124074004827,0.49222524332919093
2016-07-18,1.0,0.007986394410981928,0.4871733014681201
2016-07-19,1.0,0.010831104950686222,0.4752317105653666
2016-07-20,1.0,0.02477976316529605,0.46969826772076084
2016-07-21,1.0,0.015065917425938808,0.48451906108143816
2016-07-22,1.0,0.013276575905723342,0.5043869953019569
2016-07-25,1.0,0.017672898124832335,0.5120317531275926
2016-07-26,1.0,0.013399778935372106,0.518942017555849
2016-07-27,0.0,-0.013211421703719342,0.5129845585274574
2016-07-28,0.0,-0.009974300280165067,0.5280618463663357
2016-07-29,0.0,-0.022448119127790274,0.5388107586127482
2016-08-01,0.0,-0.022760956418787157,0.5442871571240322
2016-08-02,0.0,-0.03949357766014334,0.5493934974194181
2016-08-03,0.0,-0.03638401547198433,0.5617746410200964
2016-08-04,0.0,-0.03490507931129247,0.5534397787688496
2016-08-05,0.0,-0.0070052431399290835,0.5863391601916396
2016-08-08,0.0,-0.006063744051524453,0.593140225681021
2016-08-09,1.0,0.006727524490880862,0.5736226456349871
2016-08-10,0.0,-0.0019694189149817892,0.554885104249198
2016-08-11,0.0,-0.0008221533405289444,0.5577741312375925
2016-08-12,0.0,-0.005624214653329865,0.5609822745298552
2016-08-15,0.0,-0.007610015920332993,0.5583685799556618
2016-08-16,0.0,-0.020983859594711284,0.533130951274587
2016-08-17,0.0,-0.019282848438883105,0.5362595179244487
2016-08-18,0.0,-0.03095766308420082,0.5418577292487197
2016-08-19,0.0,-0.020488054382151972,0.5432637511373446
2016-08-22,0.0,-0.017901026333874692,0.5374102643009562
2016-08-23,0.0,-0.0008228913873738699,0.5577548994379422
2016-08-24,1.0,0.010448473300791752,0.5571977512731139
2016-08-25,1.0,0.011508645584267329,0.5783437457878478
2016-08-26,1.0,0.01264882420369163,0.5824482696231073
2016-08-29,1.0,0.002605003832741829,0.5869035438663099
2016-08-30,1.0,0.008054754794671277,0.6024094857607043
2016-08-31,1.0,0.008444646782742843,0.5975757873441803
2016-09-01,1.0,0.0010643151377192992,0.595975589269513
2016-09-02,0.0,-0.012815341265695212,0.5868534471621988
2016-09-05,0.0,-0.04527292136930852,0.5880587796002602
2016-09-06,0.0,-0.0639780805721889,0.5713269452118717
2016-09-07,0.0,-0.06965729684991932,0.5859083743097471
2016-09-08,0.0,-0.06239735263623142,0.5899027301979601
2016-09-09,0.0,-0.052879840809509644,0.5930691573103907
2016-09-12,0.0,-0.05941881263240691,0.59109456788805
2016-09-13,0.0,-0.04921702207491875,0.5869827012895114
2016-09-14,0.0,-0.05063489514907158,0.5890268471779778
2016-09-16,0.0,-0.04666982259508801,0.6791818994260062
2016-09-19,0.0,-0.0449540149233598,0.7239264910632418
2016-09-20,0.0,-0.04090438694273407,0.7226002630040993
2016-09-21,0.0,-0.051600575776989316,0.6704658672916948
2016-09-22,0.0,-0.05542244344725706,0.678260484630974
2016-09-23,0.0,-0.05486986008705365,0.673973508729949
2016-09-26,0.0,-0.0566043752805234,0.6809753774606193
2016-09-27,0.0,-0.04063034810416341,0.6957073033008986
2016-09-28,0.0,-0.04299077162176849,0.7026987557876112
2016-09-29,0.0,-0.040348621730350524,0.7109947010740085
2016-09-30,0.0,-0.03141296295910663,0.7171746106681974
2016-10-03,0.0,-0.025938332082786307,0.7380326966424331
2016-10-04,1.0,0.015182636297037328,0.6566297311173981
2016-10-05,1.0,0.02411259579023646,0.6710000887482026
2016-10-06,1.0,0.037261668221015565,0.6526531599930879
2016-10-07,1.0,0.036876297685086316,0.6484121429498982
2016-10-10,1.0,0.017291678573547693,0.6521099957812961
2016-10-11,1.0,0.018893116500904205,0.6523674783642835
2016-10-12,1.0,0.01781212551368813,0.6555677953228739
2016-10-13,1.0,0.0011685355288581904,0.6593749216636849
2016-10-14,0.0,-0.018383954089061093,0.6536956795332065
2016-10-17,0.0,-0.028008327424584777,0.661316961114037
2016-10-18,0.0,-0.02742054170180579,0.664271322633313
2016-10-19,0.0,-0.03563126066736557,0.6765791333014972
2016-10-20,0.0,-0.03976211798551474,0.6862026483624389
2016-10-21,0.0,-0.04669196478427168,0.6897201734929265
2016-10-24,0.0,-0.04048246784354709,0.6974136264033213
2016-10-25,0.0,-0.04950509806850126,0.7044699356177612
2016-10-26,0.0,-0.06330360410064456,0.7073605832122863
2016-10-27,0.0,-0.06850282864064168,0.7056170424733605
2016-10-28,0.0,-0.07453025162454675,0.694179247333638
2016-10-31,0.0,-0.06759520815214327,0.6591286516534343
2016-11-01,0.0,-0.08030487795949273,0.642545294810982
2016-11-02,0.0,-0.10031884721314786,0.6295979938965391
2016-11-03,0.0,-0.10519831034823483,0.6235776292707957
2016-11-04,0.0,-0.10249246519884984,0.6261078718752132
2016-11-07,0.0,-0.09110778136299315,0.6523221775770979
2016-11-08,0.0,-0.08709901744152589,0.6496978951021116
2016-11-09,0.0,-0.08439989908304693,0.6342180901864599
2016-11-10,0.0,-0.07257889372381199,0.6671410628157329
2016-11-11,0.0,-0.056546510064643674,0.6342296552891199
2016-11-14,0.0,-0.04884466313037988,0.6278369426712644
2016-11-15,0.0,-0.05882766883010592,0.6326822060677925
2016-11-16,0.0,-0.06894154325221141,0.6351154386556498
2016-11-17,0.0,-0.07502194138797477,0.6103861691779955
2016-11-18,0.0,-0.062396723442201055,0.5991079803133632
2016-11-21,0.0,-0.06412223637960882,0.6074777931594305
2016-11-22,0.0,-0.06794421490832908,0.6116826114055918
2016-11-23,0.0,-0.04912227324821742,0.5697201652672664
2016-11-24,0.0,-0.0480682110650239,0.5872551516641469
2016-11-25,0.0,-0.043313551128237114,0.5990779998405557
2016-11-28,0.0,-0.05097137308791265,0.6133864062551838
2016-11-29,0.0,-0.04259803806141706,0.6308036639128636
2016-11-30,0.0,-0.02741815268773842,0.6226879530902867
2016-12-01,0.0,-0.011927956242559504,0.6337788374586526
2016-12-02,0.0,-0.021995903548866942,0.6525347082708011
2016-12-05,0.0,-0.01643386246297863,0.6392928263735426
2016-12-06,0.0,-0.009450242151802823,0.6550548288972261
2016-12-07,0.0,-0.009259721620691188,0.655404298974366
2016-12-08,1.0,0.007998000602589931,0.6579288017771213
2016-12-09,1.0,0.010566861050415531,0.6312183224114003
2016-12-12,1.0,0.015989277284910026,0.6268627925076175
2016-12-13,1.0,0.02473684644423227,0.6403639212278005
2016-12-14,1.0,0.04138876301050472,0.619550178702925
2016-12-15,1.0,0.05802633889645675,0.593540872476877
2016-12-16,1.0,0.05329059354905639,0.5977199697853548
2016-12-19,1.0,0.054468484978954027,0.6069970693549618
2016-12-20,1.0,0.0720207271110041,0.6238237228537921
2016-12-21,1.0,0.06242497816527188,0.5990999555574766
2016-12-22,1.0,0.06546039068773259,0.591371718874542
2016-12-23,1.0,0.06471658523946455,0.6004212941623045
2016-12-26,1.0,0.07121262822526432,0.6110739211902245
2016-12-27,1.0,0.0597459643484298,0.5991185714683522
2016-12-28,1.0,0.04992131455478576,0.6040914143061514
2016-12-29,1.0,0.026293523118363117,0.5991928220866449
2016-12-30,1.0,0.034301957993553685,0.6045672058669482
2017-01-02,1.0,0.05040663849970083,0.6083249291770837
2017-01-03,1.0,0.042998303966681785,0.5897705655065552
2017-01-04,1.0,0.04398438635626193,0.5901118961356628
2017-01-05,1.0,0.032844496014005256,0.5856956089819818
2017-01-06,1.0,0.052291021869020064,0.566771262036994
2017-01-09,1.0,0.04325804931813623,0.5684800108857994
2017-01-10,1.0,0.04481435145944241,0.5736531495351075
2017-01-11,1.0,0.03066736176135203,0.5453035421752911
2017-01-12,1.0,0.031407485756896225,0.5200732659396239
2017-01-13,1.0,0.023268961102470342,0.5258837110666513
2017-01-16,1.0,0.021587272491088976,0.5348382894968629
2017-01-17,1.0,0.013510133858378752,0.5322617383354888
2017-01-18,1.0,0.02883351073288446,0.4986999055589546
2017-01-19,1.0,0.024282930187729874,0.4957062262188445
2017-01-20,1.0,0.02328375816991261,0.5038462123584346
2017-01-23,1.0,0.014609034868577916,0.5050199165100064
2017-01-24,1.0,0.02314369152707662,0.5029529102820877
2017-01-25,1.0,0.040265126438580226,0.4979676135641459
2017-01-26,1.0,0.05588137303264619,0.5023803678579766
2017-01-27,1.0,0.05012158904444972,0.48852355692721056
2017-01-31,1.0,0.030703559650758154,0.475207087430807
2017-02-01,1.0,0.03245902559867082,0.47198441627919047
2017-02-02,1.0,0.015260615653988886,0.45509278608764553
2017-02-03,1.0,0.012226087575235418,0.4073715365990232
2017-02-06,0.0,-0.007958712204020117,0.4050330747868437
2017-02-07,0.0,-0.014376983463089374,0.4034575007858517
2017-02-08,0.0,-0.027251066726002783,0.41915610636117145
2017-02-09,0.0,-0.022724508247415245,0.42468448145616283
2017-02-10,0.0,-0.02411435853271043,0.42685847760624174
2017-02-13,0.0,-0.017953212172368817,0.42965016340515744
2017-02-14,0.0,-0.02450333371180273,0.4270460716157473
2017-02-15,0.0,-0.011252564915967447,0.4267846857306497
2017-02-16,0.0,-0.011027420361370254,0.4047799695784972
2017-02-17,0.0,-0.004580086290036045,0.40382915990413826
2017-02-20,0.0,-0.0033986114603457183,0.3948974181334059
2017-02-21,1.0,0.00708061764194222,0.39733378506798517
2017-02-22,1.0,0.0090134201074547,0.39158972145560134
2017-02-23,0.0,-0.003849860385441548,0.39602701969672766
2017-02-24,0.0,-0.010856844899281674,0.39839618255586556
2017-02-27,1.0,0.0015158166371237107,0.39607007581034775
2017-02-28,1.0,0.0024086852308261176,0.402782417789112
2017-03-01,1.0,0.003124865180711399,0.404872126064982
2017-03-02,1.0,0.007073273089166261,0.4161703997100667
2017-03-03,1.0,0.011582052649263793,0.43208909223933395
2017-03-06,1.0,0.02218896399208881,0.4400196790160306
2017-03-07,1.0,0.032580126072920206,0.4386753979230258
2017-03-08,1.0,0.03806804652062376,0.4365092976568441
2017-03-09,1.0,0.04127492324501107,0.41974480511025536
2017-03-10,1.0,0.040174019419701154,0.40961313372683894
2017-03-13,1.0,0.04145068168138613,0.40954948055024826
2017-03-14,1.0,0.061718528668742216,0.40663324512588683
2017-03-15,1.0,0.05309568714158965,0.4046602067262632
2017-03-16,1.0,0.048774622584034616,0.41326737018362864
2017-03-17,1.0,0.046562931263513734,0.4233702645596347
2017-03-20,1.0,0.04031282706289191,0.4313530888151148
2017-03-21,1.0,0.03513565538725186,0.4282953289441834
2017-03-22,1.0,0.024845015575420116,0.4386696593696453
2017-03-23,1.0,0.029065597838905975,0.4429002968003545
2017-03-24,1.0,0.032371176741125114,0.4445468374896142
2017-03-27,1.0,0.01691606221171143,0.4397864249147364
2017-03-28,1.0,0.009664216480261084,0.4435435208118515
2017-03-29,1.0,0.012520929095892567,0.44204788822496954
2017-03-30,1.0,0.016399370020189957,0.4272134834152143
2017-03-31,1.0,0.015202800861923677,0.427177922430645
2017-04-03,1.0,0.002670654302841286,0.4120208324007459
2017-04-04,1.0,0.0005175262361970409,0.4031096484137954
2017-04-05,0.0,-0.014367947935558994,0.39635887415281723
2017-04-06,0.0,-0.01977226176712597,0.3936742291263346
2017-04-07,0.0,-0.019820178307796452,0.38841062059700415
2017-04-10,0.0,-0.02333424417608331,0.38809090624057363
2017-04-11,0.0,-0.04328292201298875,0.4189534461497313
2017-04-12,0.0,-0.05424435809165154,0.45513165804091776
2017-04-13,0.0,-0.049917573153391855,0.4546996801561338
2017-04-14,0.0,-0.047108416168329205,0.45573966137570615
2017-04-17,0.0,-0.043316441773847594,0.4533098179249644
2017-04-18,0.0,-0.0411808920297699,0.46328631394785125
2017-04-19,0.0,-0.014959730996353187,0.4631738847620713
2017-04-20,0.0,-0.027860923557570326,0.4676113113499003
2017-04-21,0.0,-0.02286799689705819,0.4551103973854262
2017-04-24,0.0,-0.012779222580985442,0.47147324859701356
2017-04-25,0.0,-0.010583793539644892,0.4724341556634441
2017-04-26,0.0,-0.008785524869560956,0.47178969445763996
2017-04-27,0.0,-0.006670926898715774,0.4765158602070168
2017-04-28,0.0,-0.0008363711450320748,0.48149598425522533
2017-05-01,1.0,0.0053200061951745765,0.49115251454460473
2017-05-02,1.0,0.009703622885968743,0.49732644802728465
2017-05-03,1.0,0.022463872780656414,0.5000151561530743
2017-05-04,1.0,0.04140801562009592,0.49568142891940964
2017-05-05,1.0,0.039802677895134836,0.49671944315842304
2017-05-08,1.0,0.05420035904874659,0.49057653555337516
2017-05-09,1.0,0.052263498554477164,0.48449717535389636
2017-05-10,1.0,0.049255261369449604,0.48815308617306014
2017-05-11,1.0,0.03349576222581325,0.49411872059963147
2017-05-12,1.0,0.029663242828484794,0.4944046475721376
2017-05-15,1.0,0.0287691622763195,0.4930846104675465
2017-05-16,1.0,0.01905887285625964,0.4940978553477989
2017-05-17,0.0,-0.005807725461533089,0.486388119788705
2017-05-18,1.0,0.005762320866421693,0.49508453397742935
2017-05-19,0.0,-0.009366437606992429,0.4907998519869728
2017-05-22,0.0,-0.013829710007238245,0.4835961159446152
2017-05-23,0.0,-0.003365657476301687,0.4831714634857802
2017-05-24,0.0,-0.00694031743590314,0.49075633201692426
2017-05-25,1.0,0.0011149160986072722,0.48322979518430115
2017-05-26,0.0,-0.018161317997650805,0.47202595199961694
2017-05-30,0.0,-0.012912146874546272,0.46576246742095956
2017-05-31,0.0,-0.016011784499716478,0.4615495051734416
2017-06-01,0.0,-0.016177585154688628,0.44645163830794776
2017-06-02,0.0,-0.029715292976630878,0.4368325741202129
2017-06-05,0.0,-0.04797332552389556,0.442269836339556
2017-06-06,0.0,-0.0561608236531284,0.4454958820530159
2017-06-07,0.0,-0.047401484114656944,0.4436516921586334
2017-06-08,0.0,-0.0438924402063525,0.44425916073978455
2017-06-09,0.0,-0.04310723528783494,0.4587777610514817
2017-06-12,0.0,-0.04127832704796148,0.45678245041824267
2017-06-13,0.0,-0.03906589458295852,0.45088076153234896
2017-06-14,0.0,-0.03302120254127722,0.45470124476636864
2017-06-15,0.0,-0.029473431274722118,0.4787031871412419
2017-06-16,0.0,-0.01978586899752969,0.4799574239259335
2017-06-19,0.0,-0.007710823211200487,0.4907269150404054
2017-06-20,0.0,-0.00012075107181237092,0.49094912338790386
2017-06-21,0.0,-0.003981265186751796,0.4868928070355924
2017-06-22,0.0,-0.004050780600700236,0.4877913382558034
2017-06-23,0.0,-0.0011866318175282815,0.4826014628493103
2017-06-26,1.0,0.008723544717319044,0.4963757287470014
2017-06-27,1.0,0.0023237189943271855,0.5052577016593762
2017-06-28,1.0,0.009526728753572996,0.5066357693114343
2017-06-29,1.0,0.011304068763091769,0.5067009812580985
2017-06-30,1.0,0.021809368705950266,0.524729564579033
2017-07-03,1.0,0.04024097417312203,0.5471303990286848
2017-07-04,1.0,0.03664648626265413,0.5694840031298265
2017-07-05,1.0,0.03153342142499678,0.5647992129259626
2017-07-06,1.0,0.034746334174036074,0.5712000988412722
2017-07-07,1.0,0.03716497638912041,0.5589307183679848
2017-07-10,1.0,0.035291590959187706,0.5667863606205408
2017-07-11,1.0,0.03498934489701065,0.5680889879166954
2017-07-12,1.0,0.046063409514960824,0.5656701253293588
2017-07-13,1.0,0.055268863947826485,0.5678960996506888
2017-07-14,1.0,0.04785366295071892,0.5633537031504893
2017-07-17,1.0,0.0378558978738671,0.5585063646600849
2017-07-18,1.0,0.023078253387345843,0.5481880573715335
2017-07-19,1.0,0.03328753666340723,0.5490683980820854
2017-07-20,1.0,0.03436628579787333,0.5501119055244752
2017-07-21,1.0,0.022589192089413578,0.5447657511206586
2017-07-24,1.0,0.028282650294929917,0.5384433510153671
2017-07-25,1.0,0.02786069240439613,0.5369112105097794
2017-07-26,1.0,0.023446537878639002,0.529000672467173
2017-07-27,1.0,0.021065821242977758,0.5442403645572674
2017-07-28,1.0,0.017610242823619216,0.5336544207712939
2017-07-31,1.0,0.03164649245341618,0.5255596172883392
2017-08-01,1.0,0.03134834032760344,0.5235731666507443
2017-08-02,1.0,0.03286498392575417,0.5315775138772051
2017-08-03,1.0,0.040722616578763846,0.5241683581061969
2017-08-04,1.0,0.051307200838852755,0.5224118025426814
2017-08-07,1.0,0.05872573961923737,0.5224617746694914
2017-08-08,1.0,0.060552299970189946,0.5204305090854807
2017-08-09,1.0,0.043360168164275015,0.5050291366147661
2017-08-10,1.0,0.047602732281763455,0.5054758840499297
2017-08-11,1.0,0.04350838967807487,0.49690467340579975
2017-08-14,1.0,0.03511957624785282,0.5040377336505006
2017-08-15,1.0,0.04653431897293462,0.5158087160529169
2017-08-16,1.0,0.030326291452949,0.5032154660739069
2017-08-17,1.0,0.031735835652739616,0.4986172981971319
2017-08-18,1.0,0.027751389086406935,0.5049244692633356
2017-08-21,1.0,0.011552363834584793,0.5050565476813295
2017-08-22,1.0,0.019737761730042734,0.5078008423823227
2017-08-23,1.0,0.008181898910371787,0.5035733940319416
2017-08-24,1.0,0.003959017746757032,0.5037636543612474
2017-08-25,1.0,0.004528006376455624,0.4981537880404585
2017-08-28,1.0,0.000763213164313141,0.5189543506913149
2017-08-29,0.0,-0.012065931813313953,0.5307739786338871
2017-08-30,0.0,-0.02001788338907926,0.5437804750876626
2017-08-31,0.0,-0.025981065808559946,0.5524138439317173
2017-09-01,0.0,-0.03450696959852909,0.547290470194103
2017-09-04,0.0,-0.048345160453411765,0.5538454668420921
2017-09-05,0.0,-0.05159000376485939,0.5626660268552535
2017-09-06,0.0,-0.045633252698426816,0.5659295261627586
2017-09-07,0.0,-0.06201344491374331,0.5607333500015079
2017-09-08,0.0,-0.0533019166365366,0.5662658746638481
2017-09-11,0.0,-0.0335755236616619,0.5623372433705122
2017-09-12,0.0,-0.03371513377280895,0.5564513621365624
2017-09-13,0.0,-0.023567409290286848,0.5582579787234054
2017-09-14,0.0,-0.02739625737521184,0.5632879554191168
2017-09-15,0.0,-0.011661273107619611,0.5610937059126585
2017-09-18,0.0,-0.00861311896028877,0.5562630263216285
2017-09-19,0.0,-0.019659928604225097,0.5570882016082412
2017-09-20,0.0,-0.015728223814783365,0.5604660235230582
2017-09-21,0.0,-0.0010076739090010985,0.5600963458986161
2017-09-22,0.0,-0.013239675921235585,0.5660445633966854
2017-09-25,0.0,-0.022217136292669765,0.5571246076055675
2017-09-26,0.0,-0.013466382374112984,0.5633479168206094
2017-09-27,0.0,-0.004117884993914553,0.5686861222982525
2017-09-28,0.0,-0.0162016642870428,0.5753719676067687
2017-09-29,0.0,-0.004636745047126457,0.571925640892394
2017-10-02,1.0,0.004170845516117198,0.5820242598507658
2017-10-03,0.0,-0.001140497616495437,0.5877340663887827
2017-10-04,0.0,-0.00028253686901641764,0.588165142445857
2017-10-05,1.0,0.006244023998469908,0.6149097845756458
2017-10-06,0.0,-0.005295257651384001,0.6281529282275
2017-10-09,0.0,-0.0011929221376230947,0.6313316817629006
2017-10-10,0.0,-0.009638158699339665,0.6368994068789826
2017-10-11,0.0,-0.008045908724359426,0.6420454135860304
2017-10-12,0.0,-0.006718828614597545,0.651328212327323
2017-10-13,0.0,-0.022624452187899657,0.6412003601119198
2017-10-16,0.0,-0.012943026166332215,0.6434813904456652
2017-10-17,0.0,-0.003789714615011409,0.6622477174268308
2017-10-18,0.0,-0.0021419980359517307,0.6620733924548873
2017-10-19,0.0,-0.00877075616697906,0.6484248549676773
2017-10-20,1.0,0.01087778005877304,0.6598833816326465
2017-10-23,0.0,-0.004103732333667131,0.6632447015225255
2017-10-24,1.0,0.003114146049005906,0.6637829211958385
2017-10-25,1.0,0.011560372404777069,0.6532576641069971
2017-10-26,1.0,0.019165916975531917,0.6645373135445367
2017-10-27,1.0,0.010542442728323376,0.6445338590369124
2017-10-30,1.0,0.014489511057562167,0.6431779452031012
2017-10-31,1.0,0.018055044064215417,0.6621693196906163
2017-11-01,1.0,0.007437013503455791,0.660382824176363
2017-11-02,0.0,-0.0010353510529320124,0.6538931184437913
2017-11-03,1.0,0.008299649136160355,0.6640090519438718
2017-11-06,0.0,-0.004712286839740901,0.6537748412503915
2017-11-07,0.0,-0.00731969739316801,0.6640901013002476
2017-11-08,0.0,-0.014228121955073659,0.6600633095379816
2017-11-09,0.0,-0.029779130266486403,0.6609352120578383
2017-11-10,0.0,-0.021312054674588805,0.6847228919585688
2017-11-13,0.0,-0.02892540613404901,0.6743807747655785
2017-11-14,0.0,-0.028198779359663077,0.6656069297025287
2017-11-15,0.0,-0.017613775490833632,0.6701830921210142
2017-11-16,0.0,-0.020079932814771696,0.6702364504312396
2017-11-17,0.0,-0.03078494080188365,0.6325667899152743
2017-11-20,0.0,-0.011691800902663474,0.6731342129104554
2017-11-21,0.0,-0.012380724976572562,0.674818920480174
2017-11-22,0.0,-0.021174620680397122,0.6489161142054378
2017-11-23,0.0,-0.018890305327181257,0.6533408963433248
2017-11-24,0.0,-0.009796920730323573,0.6640088518852514
2017-11-27,0.0,-0.015493322488057138,0.6590241354919422
2017-11-28,0.0,-0.008538435790885177,0.6631697952131147
2017-11-29,1.0,0.0024356756641866024,0.6833600136291685
2017-11-30,1.0,0.015903225318672342,0.6969094660908275
2017-12-01,1.0,0.01748615805770612,0.6737025930687187
2017-12-04,1.0,0.020816890806232717,0.6808465500637336
2017-12-05,1.0,0.03968697983133163,0.6933708281579065
2017-12-06,1.0,0.038897889847508235,0.6874934178886678
2017-12-07,1.0,0.05870914852352026,0.6526293024358919
2017-12-08,1.0,0.055249155139942024,0.6428808438697479
2017-12-11,1.0,0.06140978948153576,0.6272002488268247
2017-12-12,1.0,0.053257372038211154,0.6227926987568883
2017-12-13,1.0,0.047442800338724354,0.6066200042122439
2017-12-14,1.0,0.054083185637807854,0.6110498359039868
2017-12-15,1.0,0.06356379516468176,0.6136725154823561
2017-12-18,1.0,0.059560266469434575,0.5972356574051433
2017-12-19,1.0,0.056822637186280264,0.5792103064089597
2017-12-20,1.0,0.04775022863381815,0.583775391696852
2017-12-21,1.0,0.04648527221896397,0.5865196452638278
2017-12-22,1.0,0.04336826952247005,0.5637532471799362
2017-12-25,1.0,0.04546307151777652,0.5614940763595166
2017-12-26,1.0,0.04459410408904472,0.5304679213854199
2017-12-27,1.0,0.05392035601479253,0.5227051613327818
2017-12-28,1.0,0.040486261171882046,0.5028643020752533
2017-12-29,1.0,0.03530291175237058,0.49501324761656257
2018-01-01,1.0,0.028247429737874887,0.49270268595755523
2018-01-02,1.0,0.01585511587460234,0.5217485255460922
2018-01-03,1.0,0.023704033202386742,0.5211921271518394
2018-01-04,1.0,0.019586165131233024,0.5277190667396143
2018-01-05,1.0,0.010142142075493178,0.5248414046000612
2018-01-08,1.0,0.01428063929302287,0.5218160048841577
2018-01-09,1.0,0.008542651146774749,0.5127423155236874
2018-01-10,1.0,0.0011766716735976334,0.5148749578178093
2018-01-11,0.0,-0.0026881227734541022,0.5137369192761246
2018-01-12,0.0,-0.016188239136965592,0.5427598348465613
2018-01-15,0.0,-0.0127071401301749,0.5524207457956092
2018-01-16,0.0,-0.006779015965439715,0.5413568945754565
2018-01-17,1.0,0.017433870796612568,0.5306354161981981
2018-01-18,1.0,0.0197921339391766,0.5261154829080243
2018-01-19,1.0,0.011806089390443579,0.5309160988747176
2018-01-22,1.0,0.008971615420271016,0.5311218483481487
2018-01-23,0.0,-0.009122223817283288,0.5400721988638126
2018-01-24,0.0,-0.025050653275675797,0.5384770815098906
2018-01-25,0.0,-0.012164716800107458,0.536080755583713
2018-01-26,0.0,-0.015600087537118128,0.5408970617663619
2018-01-29,0.0,-0.005110316654861745,0.5350994939257365
2018-01-30,0.0,-0.01506584386113234,0.5392314132966712
2018-01-31,0.0,-0.020199671973979375,0.5444375284608284
2018-02-01,0.0,-0.023834773068272964,0.5557089027196782
2018-02-02,0.0,-0.010255092270262925,0.5544138857402306
2018-02-05,0.0,-0.014470008127266095,0.5615034674638468
2018-02-06,1.0,0.00810318063611085,0.5569415090488846
2018-02-07,1.0,0.005560929044164709,0.5568909497060961
2018-02-08,1.0,0.0018037330260240057,0.5689350511744959
2018-02-09,1.0,0.005806677682257777,0.5763501967391731
2018-02-12,1.0,0.0004619358520541931,0.5696326081294634
2018-02-13,0.0,-0.0022287014485096613,0.574429046024331
2018-02-14,0.0,-0.019014865402364904,0.5572467785030757
2018-02-15,0.0,-0.02774553031067991,0.5663810574829564
2018-02-16,0.0,-0.02469632438441141,0.567056923766232
2018-02-19,0.0,-0.02186002539191957,0.5747213910674597
2018-02-20,0.0,-0.013764241074381123,0.5852865797725205
2018-02-21,1.0,0.005935611264580706,0.594382759585488
2018-02-22,0.0,-0.0023972146973236935,0.5900288920181086
2018-02-23,1.0,0.013732382483140727,0.5967454252272418
2018-02-26,1.0,0.01518677293472456,0.5896112515168046
2018-02-27,1.0,0.01983698754735191,0.585258669673883
2018-02-28,1.0,0.005667581030788022,0.5919479022829982
2018-03-01,1.0,0.006329182968378824,0.578697093882581
2018-03-02,1.0,0.00449223767559324,0.5681848172624876
2018-03-05,1.0,0.01596967825713254,0.5697393525387235
2018-03-06,0.0,-0.0016499178784125568,0.572023071600399
2018-03-07,1.0,0.005717740524582042,0.5697686079123029
2018-03-08,1.0,0.003753832175382721,0.5708985594026704
2018-03-09,1.0,0.007573170388601246,0.580835360413888
2018-03-12,1.0,0.009927879376421252,0.5818370444980393
2018-03-13,1.0,0.009904042541182514,0.5823977390984743
2018-03-14,1.0,0.02106441791909872,0.5948626399485685
2018-03-15,1.0,0.01403267085520009,0.6047937634530219
2018-03-16,1.0,0.0239091157409055,0.6020349059237478
2018-03-19,1.0,0.021711403856385467,0.6166232028804375
2018-03-20,1.0,0.02720130568814191,0.622690254709333
2018-03-21,1.0,0.012605992465692252,0.5978251504431096
2018-03-22,1.0,0.012564670569698268,0.6181704812948084
2018-03-23,0.0,-0.008499775304415874,0.5951025860953045
2018-03-26,0.0,-0.021553105663860043,0.6019797754986204
2018-03-27,0.0,-0.010541759617192423,0.6077735671406067
2018-03-28,0.0,-0.0016613808382677407,0.6399292850345808
2018-03-29,0.0,-0.0061697048412253895,0.6505616744933179
2018-03-30,0.0,-0.0007776431764879255,0.6535851956187229
2018-04-02,0.0,-0.01942247142769714,0.6306422391036514
2018-04-03,0.0,-0.021470308479567966,0.6517734459089426
2018-04-04,0.0,-0.0213056317105074,0.6438828623798113
2018-04-05,0.0,-0.01076501943073297,0.6460770571169795
2018-04-06,0.0,-0.014077825409610594,0.6355305595891456
2018-04-09,0.0,-0.016753844446821153,0.6358014281336211
2018-04-10,0.0,-0.018841464752891446,0.6322382621523975
2018-04-11,0.0,-0.030392914522367972,0.6104977248355061
2018-04-12,0.0,-0.010241053360584246,0.6325135433747608
2018-04-13,0.0,-0.02037708647131267,0.6260302821327042
2018-04-16,0.0,-0.024296956627569345,0.6214447502450438
2018-04-17,0.0,-0.04315688860638087,0.6169319150927638
2018-04-18,0.0,-0.04425299660362926,0.6079864841968299
2018-04-19,0.0,-0.04158098432581849,0.6123807005033618
2018-04-20,0.0,-0.032378831455884785,0.6367229510839811
2018-04-23,0.0,-0.02433031562366494,0.662284848898485
2018-04-24,0.0,-0.029982792902059532,0.6490651103217712
2018-04-25,0.0,-0.02278037662716663,0.6522582192614121
2018-04-26,0.0,-0.00946066413939135,0.6694935628905281
2018-04-27,0.0,-0.01698635502453878,0.6505080717234525
2018-04-30,0.0,-0.013685004167695561,0.6654633443897523
2018-05-01,0.0,-0.004072699370553641,0.6517154228060715
2018-05-02,0.0,-0.0028394938690048358,0.64599815958452
2018-05-03,0.0,-0.01080511681032095,0.6382692014487168
2018-05-04,0.0,-0.016735316107330287,0.6425954814450069
2018-05-07,0.0,-0.017271586508660595,0.6437769059355881
2018-05-08,0.0,-0.01386623511706122,0.644109725336386
2018-05-09,0.0,-0.01226632981955421,0.6557742134949699
2018-05-10,0.0,-0.01840941117000734,0.6447774890377638
2018-05-11,0.0,-0.015550392630557231,0.6488151183145241
2018-05-14,0.0,-0.009871144161363844,0.6623009087853613
2018-05-15,1.0,0.004176663199032757,0.6338155151504216
2018-05-16,1.0,0.006871817953803131,0.6464912528732043
2018-05-17,1.0,0.00902400940713395,0.6519508887457665
2018-05-18,0.0,-0.011293491010125384,0.6476288710997299
2018-05-21,0.0,-0.01143580862916231,0.6424872701306401
2018-05-22,0.0,-0.012939614635490669,0.6429793739966545
2018-05-23,0.0,-0.019992856476517606,0.6391008269735096
2018-05-24,0.0,-0.029089000771920642,0.625991782451487
2018-05-25,0.0,-0.024811694736065246,0.6296665058053222
2018-05-28,0.0,-0.025143539599867874,0.6349841051372005
2018-05-29,0.0,-0.031204877925792893,0.6289530416479363
2018-05-30,0.0,-0.03841685557714876,0.6235693656965103
2018-05-31,0.0,-0.03920530376434035,0.6271874344234888
2018-06-01,0.0,-0.03186471881166481,0.6262146087465748
2018-06-04,0.0,-0.03948400758767394,0.6303117245266971
2018-06-05,0.0,-0.03413300636945847,0.6232999741506602
2018-06-06,0.0,-0.03022702915798942,0.6236305398685875
2018-06-07,0.0,-0.030925860671685308,0.6246564562709824
2018-06-08,0.0,-0.034369043722221694,0.6190674885973099
2018-06-11,0.0,-0.03346676675480835,0.6089782066200334
2018-06-12,0.0,-0.031440008699534505,0.6192457330734983
2018-06-13,0.0,-0.045414059840958206,0.6107808618981823
2018-06-14,0.0,-0.04330767750470912,0.6016160613173487
2018-06-15,0.0,-0.0295133576173169,0.6488436339378862
2018-06-18,0.0,-0.029618267275339564,0.6495818107441281
2018-06-19,0.0,-0.037571360134612646,0.6300272884064122
2018-06-20,0.0,-0.03214319119910003,0.6107857633528527
2018-06-21,0.0,-0.03566929665471811,0.611064963995085
2018-06-22,0.0,-0.030618349030081392,0.6112625136371017
2018-06-25,0.0,-0.03293734964152649,0.6076705952171447
2018-06-26,0.0,-0.027626288798029353,0.5887062116473496
2018-06-27,0.0,-0.016718326544937927,0.5750230368452617
2018-06-28,0.0,-0.020726130517116855,0.5615959605567747
2018-06-29,0.0,-0.023117281096981974,0.571619414673786
2018-07-02,0.0,-0.016404460771178533,0.5136594690755988
2018-07-03,0.0,-0.023501990244916084,0.5140845647135597
2018-07-04,0.0,-0.03396186679478082,0.49509895282374494
2018-07-05,0.0,-0.04065303614821429,0.4920695904254428
2018-07-06,0.0,-0.03259058073921595,0.4901557740636653
2018-07-09,0.0,-0.040818681336600354,0.5010705195241861
2018-07-10,0.0,-0.03625260145007619,0.4985866328377322
2018-07-11,0.0,-0.022886530552232248,0.49335930971634956
2018-07-12,0.0,-0.02838165699102917,0.5067706796702337
2018-07-13,0.0,-0.025324624847101462,0.4871559322450257
2018-07-16,0.0,-0.038966715755066585,0.49103520520870686
2018-07-17,0.0,-0.027584538632688997,0.517394114079955
2018-07-18,0.0,-0.04404824791574074,0.5141434710307979
2018-07-19,0.0,-0.040474463520058866,0.5203922346515407
2018-07-20,0.0,-0.03738498003945458,0.5222933653360563
2018-07-23,0.0,-0.028329567860505746,0.5159738144669508
2018-07-24,0.0,-0.023717179945418387,0.5035855832477443
2018-07-25,0.0,-0.02958722557873045,0.5055047644098712
2018-07-26,0.0,-0.030735869058518283,0.5000308954306653
2018-07-27,0.0,-0.01553955401654087,0.5072626208066093
2018-07-30,0.0,-0.008304261493858421,0.49888366846466076
2018-07-31,0.0,-0.0188910546723703,0.5049831057745492
2018-08-01,0.0,-0.007430068029716138,0.5130695366253801
2018-08-02,0.0,-0.006430569753303152,0.5255337232765683
2018-08-03,0.0,-0.0106793514648419,0.5249507358799133
2018-08-06,0.0,-0.005065404229166422,0.5267514743035253
2018-08-07,0.0,-0.01673992869043413,0.5187979508346414
2018-08-08,0.0,-0.014104606181541935,0.508927556709014
2018-08-09,0.0,-0.010264493865433605,0.5235369395922401
2018-08-10,0.0,-0.011434869267868564,0.5209877832253786
2018-08-13,1.0,0.001858534302520219,0.5519420807583114
2018-08-14,1.0,0.003510828650063021,0.5441869620186112
2018-08-15,1.0,0.02629630245729044,0.5627471312169899
2018-08-16,1.0,0.02282556337792189,0.5529588961315233
2018-08-17,1.0,0.0061178717826827385,0.5605056589767731
2018-08-20,1.0,0.008616776450556099,0.558609382980009
2018-08-21,1.0,0.0020050132030206046,0.5570936452148783
2018-08-22,1.0,0.007001779042601412,0.5533265222348466
2018-08-23,1.0,0.01822335809990133,0.545604186295686
2018-08-24,0.0,-0.004366692042441745,0.5403003037758548
2018-08-27,0.0,-0.0103739674701302,0.5463941717066774
2018-08-28,1.0,8.327434738562481e-05,0.5475759839076757
2018-08-29,0.0,-0.010579464745567093,0.5577637556665499
2018-08-30,0.0,-0.014321576516353341,0.5467551890585144
2018-08-31,0.0,-0.00928139109769614,0.5455911037333028
2018-09-03,0.0,-0.010124338665642149,0.543314881100828
2018-09-04,1.0,0.010526412986987383,0.5395451170699581
2018-09-05,1.0,0.0002506370371113798,0.5439435757603467
2018-09-06,0.0,-0.0001833623662216773,0.5323592962822961
2018-09-07,1.0,0.005683917025940441,0.5114717256975122
2018-09-10,0.0,-0.006124437113802092,0.5013473472682324
2018-09-11,0.0,-0.0073702176170099155,0.49699635615004123
2018-09-12,0.0,-0.009497696988925225,0.4736247575533483
2018-09-13,1.0,0.019528215970819815,0.4837926286472053
2018-09-14,1.0,0.020318317256416828,0.4995042772102524
2018-09-17,1.0,0.02173622475591726,0.4920486745802431
2018-09-18,1.0,0.02179382939402951,0.5022482362332009
2018-09-19,1.0,0.015168042842236228,0.484397626822376
2018-09-20,1.0,0.015126891532687575,0.4603858762285951
2018-09-21,1.0,0.021392336690040727,0.48486785179886555
2018-09-24,1.0,0.01986887334137646,0.4911319852899385
2018-09-25,1.0,0.02386158958172716,0.4852030692265904
2018-09-26,1.0,0.033030223347627716,0.5029821387831048
2018-09-27,1.0,0.04067655399587164,0.5228664194082281
2018-09-28,1.0,0.03522571938139361,0.49491715869379815
2018-10-01,1.0,0.03292274184701848,0.49360808660255495
2018-10-02,1.0,0.01623907424305548,0.456341424991326
2018-10-03,1.0,0.014842111517324704,0.4668598143443384
2018-10-04,1.0,0.027540891491112978,0.46173376491518514
2018-10-05,1.0,0.024009495461334615,0.44752831966875034
2018-10-08,1.0,0.035644260725375576,0.4746777279033206
2018-10-09,1.0,0.030615953773678005,0.47035591577332475
2018-10-10,1.0,0.02626349327964516,0.46462866193691005
2018-10-11,0.0,-0.001225240096101021,0.3963677073321724
2018-10-12,0.0,-0.007333283800610191,0.4102398524451275
2018-10-15,0.0,-0.021811196329230658,0.4060558118175126
2018-10-16,0.0,-0.018685661917377194,0.4057522333032945
2018-10-17,0.0,-0.009621529477792963,0.4056688211666408
2018-10-18,0.0,-0.010086599928499458,0.4018803745885683
2018-10-19,0.0,-0.003648946966987526,0.39772746190111335
2018-10-22,1.0,0.0009686537084974152,0.40299350749667945
2018-10-23,0.0,-0.007017000071322108,0.4056681531965965
2018-10-24,0.0,-0.006907614103873275,0.4054418639220967
2018-10-25,0.0,-0.004021714842389092,0.38737207403035545
2018-10-26,0.0,-0.008330904518301442,0.39246221825221145
2018-10-29,0.0,-0.005548769846596803,0.38779116100921235
2018-10-30,0.0,-0.006727402515578673,0.39668749101836615
2018-10-31,1.0,0.004844214900160989,0.40005718018086517
2018-11-01,0.0,-0.007243164932125658,0.39306571430485204
2018-11-02,0.0,-0.00844590944540026,0.39878129589264455
2018-11-05,0.0,-0.0007067511271165973,0.3792457307528054
2018-11-06,1.0,0.009461984583777444,0.3795838883145342
2018-11-07,1.0,0.00852122763765604,0.35840398954444774
2018-11-08,1.0,0.011377611560119016,0.3859061943137548
2018-11-09,1.0,0.03173551802593438,0.4199521798359132
2018-11-12,1.0,0.03582958799292499,0.4315304423887942
2018-11-13,1.0,0.0334383003924155,0.42061833212085115
2018-11-14,1.0,0.02829176970406838,0.4057096470063224
2018-11-15,1.0,0.023141515094399014,0.39732583793214316
2018-11-16,1.0,0.014151693522163208,0.38926090367817884
2018-11-19,1.0,0.017513276105093324,0.3835256653328106
2018-11-20,1.0,0.02258347866223088,0.38329953930938065
2018-11-21,1.0,0.013767035523537401,0.37998434482911186
2018-11-22,1.0,0.026410859518163188,0.377233535155795
2018-11-23,1.0,0.026463592014820646,0.38313944198995753
2018-11-26,1.0,0.03767425858753069,0.38306251769740046
2018-11-27,1.0,0.044279953564755746,0.3837145528589009
2018-11-28,1.0,0.036984679933197866,0.3723417322831289
2018-11-29,1.0,0.040969006501996454,0.37566539698681134
2018-11-30,1.0,0.0467556354633914,0.3771781472044693
2018-12-03,1.0,0.04111612865891747,0.3627514275417032
2018-12-04,1.0,0.036406638693649115,0.3622893106518049
2018-12-05,1.0,0.04506479110640033,0.3650061891668826
2018-12-06,1.0,0.03734949965531964,0.3647282055227854
2018-12-07,1.0,0.03206670829572448,0.37446937852876566
2018-12-10,1.0,0.03242159516078406,0.36287449118552767
2018-12-11,1.0,0.03959820125296524,0.36547063949083924
2018-12-12,1.0,0.03236531007517729,0.3661696863240415
2018-12-13,1.0,0.03596368244065428,0.36637094350730876
2018-12-14,1.0,0.04132891463630436,0.36936451816778
2018-12-17,1.0,0.034355861081037574,0.36734854483584917
2018-12-18,1.0,0.03477506617321877,0.3660889890011982
2018-12-19,1.0,0.038831594659624775,0.364883766629394
2018-12-20,1.0,0.017020454929993236,0.37366809264733025
2018-12-21,1.0,0.01925134769400278,0.37298699068514146
2018-12-24,1.0,0.012591587281609862,0.39462479089958313
2018-12-25,1.0,0.009881712407567446,0.3881996453721855
2018-12-26,1.0,0.011068051288726604,0.3863056879609312
2018-12-27,1.0,0.021172930344455238,0.4042509669623079
2018-12-28,1.0,0.01744408487843968,0.41312773311140977
2018-12-31,1.0,0.02255070512419157,0.40654990713612316
2019-01-02,1.0,0.027173919372677553,0.4151781582481489
2019-01-03,1.0,0.02095518709826398,0.43628158079782536
2019-01-04,1.0,0.025376774293234917,0.448107568285355
2019-01-07,1.0,0.01769696361539145,0.45903893458986483
2019-01-08,1.0,0.02305158658107689,0.4492880031191274
2019-01-09,1.0,0.010299446354226605,0.45140290339154204
2019-01-10,1.0,0.018348855968659098,0.44472479028742357
2019-01-11,1.0,0.020638978937663286,0.4412098248070903
2019-01-14,1.0,0.01332881075046077,0.4443890379630821
2019-01-15,1.0,0.01661704517644089,0.44660811392945127
2019-01-16,1.0,0.009675478221063504,0.44498101950425517
2019-01-17,1.0,0.01562921816615353,0.43483088378977663
2019-01-18,1.0,0.030321971752206165,0.45105117596158134
2019-01-21,1.0,0.03529791755260153,0.4496404590979388
2019-01-22,1.0,0.042579067968583025,0.4520338645656578
2019-01-23,1.0,0.042688919876478486,0.4520689146033416
2019-01-24,1.0,0.03233644515163108,0.4552791526109628
2019-01-25,1.0,0.01906948425650574,0.41856838159509857
2019-01-28,1.0,0.01832402534432123,0.4279350941107314
2019-01-29,1.0,0.013223474660113603,0.445041134883764
2019-01-30,0.0,-2.2735626348492456e-05,0.45779697132347985
2019-01-31,0.0,-0.0061872694490672136,0.4762801682852631
2019-02-01,0.0,-0.018490959921789688,0.4808784360100095
2019-02-04,0.0,-0.019532821120554565,0.47492298067554856
2019-02-05,0.0,-0.02110825354304229,0.471170761754181
2019-02-06,0.0,-0.015494666041414201,0.4692809510831714
2019-02-07,0.0,-0.019079901318249225,0.4686890100015842
2019-02-08,0.0,-0.01203238016433624,0.45972417051156744
2019-02-11,0.0,-0.011393900507068783,0.45916208789523966
2019-02-12,0.0,-0.007120737564616166,0.46504412870175926
2019-02-13,1.0,0.002313598676343939,0.46353736058392453
2019-02-14,0.0,-0.012537786691040342,0.4688717654241032
2019-02-15,0.0,-0.014337264280536657,0.46772435588148015
2019-02-18,0.0,-0.01714410282978818,0.4680896622807985
2019-02-19,0.0,-0.026140341625423096,0.4961345684315438
2019-02-20,0.0,-0.019572517933448788,0.4966168509253152
2019-02-21,0.0,-0.010561204421339709,0.4890321618566808
2019-02-22,0.0,-0.011144226964475108,0.5059985465812838
2019-02-25,0.0,-0.0042280168683955155,0.5060603396454626
2019-02-26,0.0,-0.010210730470211414,0.5133413379387928
2019-02-27,0.0,-0.007683859936387649,0.5224106338527859
2019-02-28,0.0,-0.01770909624001316,0.5205164550566906
2019-03-01,0.0,-0.0012067859961190836,0.5308138093717326
2019-03-04,1.0,0.0006993278967167127,0.5298909338326334
2019-03-05,1.0,0.003643273670605014,0.5229864965267123
2019-03-06,1.0,0.0027948158864207345,0.51520966993495
2019-03-07,1.0,0.005384741796065977,0.5178927695849371
2019-03-08,0.0,-0.005406253513601839,0.5252824636812752
2019-03-11,1.0,0.003165170357756565,0.5234771282584753
2019-03-12,1.0,0.0019958554257144124,0.5261930321218804
2019-03-13,0.0,-0.0008406894147931243,0.5351061590281891
2019-03-14,0.0,-0.0027044794910256503,0.5400591481994574
2019-03-15,0.0,-0.008825583422758633,0.558064589310523
2019-03-18,0.0,-0.012195273093818243,0.572531115860754
2019-03-19,0.0,-0.02346671091632479,0.5769982616287785
2019-03-20,0.0,-0.02993147149123279,0.5747327148065313
2019-03-21,0.0,-0.026070165013172074,0.5764941249268515
2019-03-22,0.0,-0.029090347604498606,0.5790615453655765
2019-03-25,0.0,-0.03605104261968439,0.5683231353659913
2019-03-26,0.0,-0.03315733244257291,0.5748378776591535
2019-03-27,0.0,-0.026701272862914457,0.5713539682530138
2019-03-28,0.0,-0.01028446930045526,0.5918754991678323
2019-03-29,0.0,-0.004740650765904761,0.578495234959116
2019-04-01,0.0,-0.00599900517496531,0.5875561067230121
2019-04-02,0.0,-0.0069881486339282515,0.5869935583495294
2019-04-03,0.0,-0.010442738289551948,0.5828703728227014
2019-04-04,0.0,-0.017013052770926858,0.5765144719802696
2019-04-05,0.0,-0.009649129413331455,0.5838376299761174
2019-04-08,0.0,-0.013736586335404857,0.5932929202741722
2019-04-09,0.0,-0.015066925936660048,0.6006475435678214
2019-04-10,0.0,-0.02117217085552679,0.6053831202362583
2019-04-11,0.0,-0.00644287111311507,0.613236978661852
2019-04-12,0.0,-0.003819702484318041,0.6151460733352065
2019-04-15,1.0,0.009583503288384747,0.6171669484969236
2019-04-16,1.0,0.016168249601765203,0.6186472050423729
2019-04-17,1.0,0.017742275383005164,0.6167309888859386
2019-04-18,1.0,0.008656981363046486,0.6142876916542195
2019-04-19,1.0,0.0012457838883628452,0.6267419011131531
2019-04-22,1.0,0.0022721050241662436,0.6288689027314379
2019-04-23,1.0,0.001727387364197719,0.6256913405241347
2019-04-24,0.0,-0.0013343277361388345,0.6217898715930993
2019-04-25,1.0,0.004765820185001004,0.6120179517870622
2019-04-26,0.0,-0.0009414914385594307,0.6042457174141835
2019-04-29,1.0,0.003977388748946838,0.6119136999431425
2019-04-30,0.0,-0.0031997529934257606,0.6165519397201294
2019-05-01,1.0,0.0025818580238212456,0.6135700249794351
2019-05-02,1.0,0.014068227332200962,0.6139795245483664
2019-05-03,1.0,0.020355952279891253,0.6106349184933691
2019-05-06,1.0,0.03456034324666559,0.6094637139447385
2019-05-07,1.0,0.03089196708105686,0.6027226419866192
2019-05-08,1.0,0.03770272622308021,0.6063482165532219
2019-05-09,1.0,0.03902300951039715,0.5918148011846429
2019-05-10,1.0,0.04166793406114824,0.59048180728592
2019-05-13,1.0,0.02100693733373337,0.5574865071102876
2019-05-14,1.0,0.022642476749759752,0.5772626427847021
2019-05-15,1.0,0.028138738643349967,0.5789447756734112
2019-05-16,1.0,0.042381480516690447,0.5874819052765755
2019-05-17,1.0,0.049039954924372034,0.6034006413192085
2019-05-20,1.0,0.04715656081642053,0.6066853044174754
2019-05-21,1.0,0.054426374415797465,0.6053355377873086
2019-05-22,1.0,0.06617184723144648,0.6068987340438627
2019-05-23,1.0,0.07844661476132835,0.5852272832108144
2019-05-24,1.0,0.08503213500073946,0.5810799624505352
2019-05-27,1.0,0.09941980364799465,0.5745422581248633
2019-05-28,1.0,0.10631370775131092,0.5832268662469365
2019-05-29,1.0,0.09610544235387118,0.5845298465303116
2019-05-30,1.0,0.08954341637466293,0.5697735503334885
2019-05-31,1.0,0.07659491698189355,0.5517264915474382
2019-06-03,1.0,0.04234570663739929,0.5435905886841957
2019-06-04,1.0,0.06833847061791085,0.5700160644430634
2019-06-05,1.0,0.06464662238624581,0.5819715304165991
2019-06-06,1.0,0.05809790647077851,0.5923220502247091
2019-06-07,1.0,0.0432215604710573,0.6070750843788596
2019-06-10,1.0,0.049732990603279945,0.614734798707387
2019-06-11,1.0,0.05199408902689489,0.6128176978408366
2019-06-12,1.0,0.06172241113792917,0.6208942665862768
2019-06-13,1.0,0.04458455630834687,0.6208236186818102
2019-06-14,1.0,0.053709685313204907,0.6058594711511877
2019-06-17,1.0,0.05384323202082318,0.608300665408678
2019-06-18,1.0,0.04354043588118866,0.5996819680824232
2019-06-19,1.0,0.04751862801417033,0.5863140907068489
2019-06-20,1.0,0.04080758207943591,0.5456609454737135
2019-06-21,1.0,0.018966708550415535,0.5387170697674488
2019-06-24,1.0,0.003938397382694042,0.5338988943430262
2019-06-25,0.0,-0.004155374504118971,0.5264743983663144
2019-06-26,1.0,0.011923801624297094,0.5178631049106163
2019-06-27,1.0,0.0034711188466481162,0.5211508360654461
2019-06-28,1.0,0.006437259168837192,0.5272512120669155
2019-07-01,1.0,0.031902449157121225,0.5233228045806959
2019-07-02,1.0,0.008633753135956525,0.5393432291572651
2019-07-03,0.0,-0.00338959437591911,0.5345745571693864
2019-07-04,1.0,0.020999523485880855,0.5288308407210716
2019-07-05,1.0,0.02893772192353044,0.511849531932507
2019-07-08,1.0,0.047308009514987995,0.5057750541191538
2019-07-09,1.0,0.053637760237263306,0.5007393117994918
2019-07-10,1.0,0.056602076873463816,0.5151724177177252
2019-07-11,1.0,0.06709581136033202,0.515803249352535
2019-07-12,1.0,0.056241815932489975,0.5240887362413581
2019-07-15,1.0,0.0666982204142279,0.522674587375523
2019-07-16,1.0,0.06572033905304027,0.515329047631764
2019-07-17,1.0,0.06111521298862511,0.5073060580202862
2019-07-18,1.0,0.052226791438761105,0.4870673718435352
2019-07-19,1.0,0.05982781922318837,0.5142020864090532
2019-07-22,1.0,0.048499333846816914,0.5400609802151712
2019-07-23,1.0,0.061715887855449375,0.546654817855317
2019-07-24,1.0,0.05239732772583469,0.5373500793565404
2019-07-25,1.0,0.05750407850153594,0.5490785683896859
2019-07-26,1.0,0.07374628135108194,0.5518168914861079
2019-07-29,1.0,0.06793633747439932,0.5306651400153091
2019-07-30,1.0,0.07523557611503606,0.5475373988572407
2019-07-31,1.0,0.08505242003845509,0.5545581546829709
2019-08-01,1.0,0.055453888741465715,0.5373526447669614
2019-08-02,1.0,0.053881242158226615,0.5453016909027095
2019-08-05,1.0,0.04420982418547516,0.5236806818391347
2019-08-06,1.0,0.04813108336940934,0.5195605174707031
2019-08-07,1.0,0.033670567861289316,0.5216951481811644
2019-08-08,1.0,0.011855621195378117,0.5286256192858287
2019-08-09,1.0,0.006257515196658807,0.5369980014792541
2019-08-12,0.0,-0.008039643317116762,0.5370633903801342
2019-08-13,0.0,-0.010713909903705928,0.5241515907253376
2019-08-14,0.0,-0.012809201186388928,0.5589574081920834
2019-08-15,0.0,-0.015883854792564153,0.5650305626402622
2019-08-16,0.0,-0.016443618650514108,0.5461746632705595
2019-08-19,1.0,0.0018037884437797794,0.5377098947674005
2019-08-20,0.0,-0.0039224861647648174,0.5392453658880068
2019-08-21,0.0,-0.0057402373610909215,0.5369299806962164
2019-08-22,1.0,0.0006674231042656294,0.5285240916389735
2019-08-23,0.0,-0.006358514400552556,0.5366277349292723
2019-08-26,0.0,-0.0033452525375046735,0.5293248507947279
2019-08-27,0.0,-0.007156363896759322,0.5244752183875424
2019-08-28,0.0,-0.023334063383167618,0.5082056130576792
2019-08-29,0.0,-0.01517179497565047,0.5124782733318364
2019-08-30,0.0,-0.01561786000524464,0.5143313101438176
2019-09-02,0.0,-0.03800899344163223,0.5224231117802264
2019-09-03,0.0,-0.04494841604769865,0.513755657136641
2019-09-04,0.0,-0.03473709242578953,0.5302356240169601
2019-09-05,0.0,-0.009061208199330298,0.5429565411567514
2019-09-06,0.0,-0.0012805408713379865,0.5444375276685237
2019-09-09,0.0,-0.0038097830393748026,0.5562704270663539
2019-09-10,1.0,0.013374547365235566,0.5639381716884629
2019-09-11,1.0,0.0055287401446408235,0.5769991419783157
2019-09-12,0.0,-0.0035419557863509833,0.5775888434663433
2019-09-13,1.0,3.224497583252937e-05,0.5794712048085742
2019-09-16,0.0,-0.0035438504542380954,0.574241008666468
2019-09-17,0.0,-0.013682306001578081,0.5791669590326232
2019-09-18,0.0,-0.0026140301087668096,0.5698654964307213
2019-09-19,0.0,-0.004748378759647462,0.5767827317621375
2019-09-20,0.0,-0.01740095954767464,0.5847899170611238
2019-09-23,0.0,-0.02501460923518858,0.5792966139209951
2019-09-24,0.0,-0.029081637439941497,0.5882036876867487
2019-09-25,0.0,-0.007811235764568273,0.5895334852661468
2019-09-26,0.0,-0.0003988831325324749,0.5911934701288485
2019-09-27,1.0,0.005000238670588265,0.5847663655230173
2019-09-30,1.0,0.013762613502789898,0.5921450488372433
2019-10-01,1.0,0.005663063742460625,0.611745343494181
2019-10-02,0.0,-0.002604428998959009,0.6187857883499095
2019-10-03,1.0,0.005168997592472524,0.5986377067656155
2019-10-04,1.0,0.006252964485018247,0.5871513062225174
2019-10-07,1.0,0.01085627899111758,0.5840916170642009
2019-10-08,0.0,-0.014654482869555143,0.5774111990015571
2019-10-09,0.0,-0.010014103313052887,0.5872149010802421
2019-10-10,0.0,-0.017150994347354898,0.5937331249784104
2019-10-11,0.0,-0.02008922752933642,0.5882217761044786
2019-10-14,0.0,-0.0253023503215398,0.5982230732820496
2019-10-15,0.0,-0.01675217929867696,0.5980826421656286
2019-10-16,0.0,-0.018013624489575216,0.5910199917981678
2019-10-17,0.0,-0.013838014869773466,0.586459793290627
2019-10-18,0.0,-0.015530198969050455,0.5951306860292881
2019-10-21,0.0,-0.009000229930276585,0.6046136822894316
2019-10-22,0.0,-0.010541350399230617,0.6148314235730253
2019-10-23,0.0,-0.013835213090178733,0.6083350822445588
2019-10-24,0.0,-0.026704909191228778,0.5997462253577548
2019-10-25,0.0,-0.028251127245039098,0.6078950564866823
2019-10-28,0.0,-0.02537793950052424,0.6235178607379691
2019-10-29,0.0,-0.017838842498657397,0.6402748192270986
2019-10-30,0.0,-0.027935913886338207,0.6382657299635501
2019-10-31,0.0,-0.038486499311846036,0.6069796562643085
2019-11-01,0.0,-0.03391412333757056,0.6096142329614351
2019-11-04,0.0,-0.03183417643650705,0.6174805600024409
2019-11-05,0.0,-0.004216494051825842,0.6508530015367611
2019-11-06,0.0,-0.010821899501366975,0.6499919097750525
2019-11-07,1.0,0.005027184500511919,0.6636642940127452
2019-11-08,1.0,0.0007796710429969881,0.6513152811320383
2019-11-11,1.0,0.003976693619112736,0.6365837694841345
2019-11-12,1.0,0.005547009600600683,0.6300219583102233
2019-11-13,1.0,0.007548315420301119,0.6288665299770649
2019-11-14,0.0,-0.001088139389195488,0.621596114536837
2019-11-15,1.0,0.005272474875406165,0.6271898775023903
2019-11-18,1.0,0.0033171757899017676,0.6237293635241337
2019-11-19,1.0,0.0026864229767491754,0.6313904805395807
2019-11-20,1.0,0.0025112851288019637,0.6254656006975406
2019-11-21,1.0,0.009894409829326795,0.6273779539778785
2019-11-22,1.0,0.010542029665286425,0.6337577905712216
2019-11-25,1.0,0.020596004991620294,0.6378417181909701
2019-11-26,1.0,0.025740316579730076,0.642003012000151
2019-11-27,1.0,0.030473647317192896,0.6427236979572737
2019-11-28,1.0,0.037150423075815765,0.64013826415058
2019-11-29,1.0,0.031745452887067524,0.6358822193210293
2019-12-02,1.0,0.03532568926773117,0.6373902128159894
2019-12-03,1.0,0.02666304539734274,0.5954757275476202
2019-12-04,1.0,0.028628730409475448,0.6042479536275632
2019-12-05,1.0,0.035408220286193594,0.6024828950559733
2019-12-06,1.0,0.060870213577499756,0.62276947825579
2019-12-09,1.0,0.06891066382899246,0.6227182705622495
2019-12-10,1.0,0.07219010413249624,0.6187242478545322
2019-12-11,1.0,0.053955418854584526,0.6022245219755936
2019-12-12,1.0,0.054695909373620656,0.6153765079537543
2019-12-13,1.0,0.056788044664708326,0.6210715931443915
2019-12-16,1.0,0.04731312951268335,0.6264711960164512
2019-12-17,1.0,0.046423932145657876,0.6228440209221793
2019-12-18,1.0,0.05332485193600745,0.6150329234815103
2019-12-19,1.0,0.048528339929291765,0.6029427670815336
2019-12-20,1.0,0.05219729048900743,0.6078143998892701
2019-12-23,1.0,0.04950865745397138,0.5765140078608634
2019-12-24,1.0,0.03834042801752559,0.5473701276366623
2019-12-25,1.0,0.038975697017550694,0.5693189523766028
2019-12-26,1.0,0.03375162780396232,0.5579996704761346
2019-12-27,1.0,0.039294970201303965,0.5688226736342966
2019-12-30,1.0,0.04325565939795599,0.56107877052304
2019-12-31,1.0,0.03237606545277687,0.5734992588543708
2020-01-01,1.0,0.0387363462980247,0.5792310904001837
2020-01-02,1.0,0.02918429919014768,0.5949592559678729
2020-01-03,1.0,0.023618223640034984,0.6092659138523329
2020-01-06,1.0,0.006939714066217055,0.6054866385374086
2020-01-07,0.0,-0.01350251186866502,0.6036035338722213
2020-01-08,0.0,-0.00012531066619015,0.5885232447870821
2020-01-09,1.0,0.009157667117709888,0.599654232740949
2020-01-10,1.0,0.005257286838003067,0.6135059383832442
2020-01-13,1.0,0.0158606285329794,0.5982532844446541
2020-01-14,1.0,0.013806079797300478,0.5983119001356273
2020-01-15,1.0,0.006150711343529448,0.5976499374836483
2020-01-16,1.0,0.01507551782674381,0.5966451213672169
2020-01-17,1.0,0.01705086943918436,0.5870795292617944
2020-01-20,1.0,0.01262523255905021,0.5813452902736546
2020-01-21,1.0,0.02742520458089733,0.5804157729867266
2020-01-22,1.0,0.03321187034311643,0.585923437075361
2020-01-23,1.0,0.035603792236503604,0.5844996512414001
2020-01-24,1.0,0.044648167248154146,0.5904547882098538
2020-01-27,1.0,0.047380779896608265,0.5772691370346584
2020-01-28,1.0,0.0422784026535157,0.5828085726852745
2020-01-29,1.0,0.03948528261070765,0.5772628507216867
2020-01-30,1.0,0.04375762727041256,0.5766210812462149
2020-01-31,0.0,-0.0019296250590438559,0.5686085275458037
2020-02-03,1.0,0.008172355710778801,0.5803878732328149
2020-02-04,1.0,0.05492397709673834,0.610172477768471
2020-02-05,1.0,0.050418895882610094,0.6061301046554045
2020-02-06,1.0,0.06507859231724003,0.6045042041282421
2020-02-07,1.0,0.06377049869062397,0.6057474476758145
2020-02-10,1.0,0.06647099479216571,0.5952686668219243
2020-02-11,1.0,0.05092644657902049,0.593877040889109
2020-02-12,1.0,0.043128989000162855,0.6036174625389816
2020-02-13,1.0,3.489908612342807e-05,0.5899120759918198
2020-02-14,0.0,-0.0347785675518859,0.5823744540365468
2020-02-17,0.0,-0.04291727510166864,0.5997907089670155
2020-02-18,0.0,-0.046673392885813944,0.575757231132907
2020-02-19,0.0,-0.08103066109700091,0.5788197356950465
2020-02-20,0.0,-0.09617322422992766,0.5798389460423267
2020-02-21,0.0,-0.09198967883062682,0.5751264723099452
2020-02-24,0.0,-0.06610613237249509,0.5747485859388269
2020-02-25,0.0,-0.007709598686429593,0.5804570870336735
2020-02-26,0.0,-0.0145622643584507,0.5974373019946874
2020-02-27,0.0,-0.009393503441900224,0.6008886450118612
2020-02-28,1.0,0.02510988183497331,0.5452849297273743
2020-03-02,1.0,0.020550555615139136,0.5520097576129199
2020-03-03,0.0,-0.039654826678345016,0.5577922936985036
2020-03-04,0.0,-0.02725470649491679,0.5503492296180412
2020-03-05,0.0,-0.03719147373218752,0.5626538566925586
2020-03-06,0.0,-0.0347319211681235,0.5527090679289971
2020-03-09,0.0,-0.011733148671188843,0.5359372202098052
2020-03-10,0.0,-0.001516668474065405,0.5511961555215795
2020-03-11,1.0,0.00622067017881659,0.5467691441905017
2020-03-12,1.0,0.06497465698097318,0.5366953339514628
2020-03-13,1.0,0.11293581609292948,0.5565537253023135
2020-03-16,1.0,0.13230887838857194,0.5417383357654477
2020-03-17,1.0,0.11555571734285477,0.5715651227390708
2020-03-18,1.0,0.1444233431329518,0.5657530852848174
2020-03-19,1.0,0.13388969745144735,0.5486689823063009
2020-03-20,1.0,0.12137229542363041,0.5678664884025042
2020-03-23,1.0,0.08207705467434047,0.5972736079632104
2020-03-24,1.0,0.05480083919722785,0.6249543033355718
2020-03-25,1.0,0.06789964832963007,0.6267146408519709
2020-03-26,1.0,0.058528291071927765,0.6523468736915262
2020-03-27,1.0,0.05213726473702214,0.646056876864058
2020-03-30,1.0,0.05065210273559983,0.6477147032779802
2020-03-31,1.0,0.08127626747841894,0.6486189811588714
2020-04-01,1.0,0.05634175393339267,0.669101737005598
2020-04-02,1.0,0.05284674943082923,0.6932861825224843
2020-04-03,1.0,0.05142629717307244,0.6921441308897158
2020-04-06,1.0,0.026736383434119795,0.7014775099623582
2020-04-07,1.0,0.02304608988548547,0.6748597920603236
2020-04-08,1.0,0.04214407738187949,0.6751978642487494
2020-04-09,1.0,0.01111648155289461,0.6660511254891053
2020-04-13,0.0,-0.008738289775503701,0.6419370965057146
2020-04-14,0.0,-0.015157104910452903,0.6351660685012667
2020-04-15,0.0,-0.0010498688628369258,0.632964336238631
2020-04-16,1.0,0.007542826594349171,0.6026985272588274
2020-04-17,1.0,0.03469550499144446,0.5700878941782573
2020-04-20,1.0,0.02336418410165351,0.5853018130452353
2020-04-21,1.0,0.03463903160388184,0.5872341862956924
2020-04-22,1.0,0.019761433499959527,0.6184828489606037
2020-04-23,0.0,-0.0022562272739766924,0.6213054667669355
2020-04-24,1.0,0.0039864859103548285,0.617277464968673
2020-04-27,0.0,-0.001740969890980527,0.6136560154343822
2020-04-28,1.0,0.0012881318017460917,0.6012425777787112
2020-04-29,1.0,0.004492291910545058,0.5761350627468933
2020-04-30,1.0,0.026084874824395317,0.5601007547000434
2020-05-01,1.0,0.02384753795881686,0.5796139262329597
2020-05-04,1.0,0.014120902159966421,0.5722571740833814
2020-05-05,0.0,-0.005644085769033979,0.585607945845846
2020-05-06,1.0,0.01653416501936885,0.5773776256283216
2020-05-07,0.0,-0.020017152520038713,0.5605284273881312
2020-05-08,0.0,-0.002413824727407195,0.5846606404167635
2020-05-11,1.0,0.010080376045513663,0.6017392219930171
2020-05-12,1.0,0.018968393233634324,0.6064265909769079
2020-05-13,1.0,0.0079630750057544,0.5985046145673115
2020-05-14,0.0,-0.00020291075840607302,0.5988586989846584
2020-05-15,0.0,-0.009348559053511018,0.575270994053856
2020-05-18,0.0,-0.003470016783590943,0.5774199533414208
2020-05-19,0.0,-0.010486383255809093,0.580200534049942
2020-05-20,0.0,-0.014581130305630307,0.5878456496139942
2020-05-21,1.0,0.009525896262490036,0.5917195001337189
2020-05-22,1.0,0.01055358232259021,0.5974787239432285
2020-05-26,1.0,0.033238641475733716,0.5726823731342202
2020-05-27,1.0,0.02980305311680757,0.5742275350136558
2020-05-28,1.0,0.026084438781477943,0.5770317015219001
2020-05-29,1.0,0.023504273649133177,0.5667964653788277
2020-06-01,1.0,0.018909322958389485,0.5720947555002545
2020-06-02,1.0,0.03114557018047497,0.5760781876181097
2020-06-03,1.0,0.04247854279934591,0.5735188166064961
2020-06-04,1.0,0.03520400221603194,0.5592823278651939
2020-06-05,1.0,0.05366589381643954,0.5734973272650339
2020-06-08,1.0,0.05040283025539834,0.5509197980331727
2020-06-09,1.0,0.04537166172556061,0.5289227758347542
2020-06-10,1.0,0.04149035901119304,0.5300765647933217
2020-06-11,1.0,0.0429479100830838,0.53681562958034
2020-06-12,1.0,0.03892327643773264,0.5244483328821422
2020-06-15,1.0,0.0440080084033568,0.5209161522535576
2020-06-16,1.0,0.046854397314945874,0.5363163271745287
2020-06-17,1.0,0.04612502412207476,0.5520414482692092
2020-06-18,1.0,0.042174925050712714,0.5772019885541286
2020-06-19,1.0,0.03703887264367708,0.5714132463628778
2020-06-22,1.0,0.03619442700808527,0.5697136777595332
2020-06-23,1.0,0.04040561825492774,0.5549553429509619
2020-06-24,1.0,0.06076159004169109,0.5567266597589614
2020-06-25,1.0,0.06743018493780101,0.5505343326091036
2020-06-26,1.0,0.07093361492397517,0.560058836005349
2020-06-29,1.0,0.09128081761071,0.5719970235989502
2020-06-30,1.0,0.09533570856886169,0.5750888286118012
2020-07-01,1.0,0.10742652712918895,0.5739513987230088
2020-07-02,1.0,0.09720339294687642,0.5859031751126172
2020-07-03,1.0,0.10710614920281451,0.5778874083489629
2020-07-06,1.0,0.10240806146240039,0.5725926980650244
2020-07-07,1.0,0.1171326895564419,0.5738735936502982
2020-07-08,1.0,0.11932394841473833,0.5806817602410644
2020-07-09,1.0,0.13470230021157747,0.5705739331080294
2020-07-10,1.0,0.12360490344899233,0.5710247024674746
2020-07-13,1.0,0.11738842212588414,0.5569837690931947
2020-07-14,1.0,0.0551170321244899,0.553758052457451
2020-07-15,1.0,0.057705216135397086,0.5553824133372703
2020-07-16,1.0,0.08356860097239957,0.5541129194785553
2020-07-17,1.0,0.07182814290250532,0.5592495455353513
2020-07-20,1.0,0.08826703103407522,0.5521819107935003
2020-07-21,1.0,0.08374223704414382,0.536521339836302
2020-07-22,1.0,0.030165738451469807,0.5255735874591934
2020-07-23,1.0,0.03156976060762041,0.5302824977836275
2020-07-24,1.0,0.02033637196076815,0.5248502487319228
2020-07-27,0.0,-0.006924734404577251,0.5221260683391967
2020-07-28,0.0,-0.015902349883148398,0.5182358354801538
2020-07-29,0.0,-0.009228403117571664,0.5278311528316434
2020-07-30,0.0,-0.013898406661575699,0.5133313727622538
2020-07-31,0.0,-0.005280004143426292,0.5138404205833821
2020-08-03,0.0,-0.004665322863425861,0.5064617289232246
2020-08-04,0.0,-0.024028644713914898,0.5018007764360267
2020-08-05,0.0,-0.04789739894171175,0.49953882778112263
2020-08-06,0.0,-0.06653427476007055,0.4943935413117456
2020-08-07,0.0,-0.051476948879647814,0.46930439044968075
2020-08-10,0.0,-0.05005545688962568,0.46516113768182615
2020-08-11,1.0,0.010460945274256603,0.3860044292293004
2020-08-12,1.0,0.016003656161010377,0.3937058143486453
2020-08-13,0.0,-0.003949837139078282,0.41876281911593033
2020-08-14,0.0,-0.0021684217396486143,0.4132656318554257
2020-08-17,0.0,-0.0145639800540245,0.4254726334884896
2020-08-18,0.0,-0.024220625277818188,0.4172752272361559
2020-08-19,1.0,0.01569325510260303,0.42769381146362473
2020-08-20,0.0,-0.0014907345912319628,0.4546811742799897
2020-08-21,1.0,0.005477209140549563,0.4511428132947554
2020-08-24,0.0,-0.008488529032553583,0.47279306216581396
2020-08-25,0.0,-0.014578964947463606,0.4959337898730347
2020-08-26,0.0,-0.047142186151637774,0.4629658935273961
2020-08-27,0.0,-0.03250477118784451,0.4532461598892941
2020-08-28,0.0,-0.05466127229126751,0.4820810762633101
2020-08-31,0.0,-0.04549429015874178,0.4865405338989594
2020-09-01,0.0,-0.03718784987025587,0.5124830031250758
2020-09-02,0.0,-0.029784321903129206,0.5322395494383395
2020-09-03,0.0,-0.012878511632793936,0.5450637059451452
2020-09-04,0.0,-0.01780028729112639,0.5350476782646288
2020-09-07,0.0,-0.007727112364957531,0.5408465311648798
2020-09-08,0.0,-0.02819602428188895,0.48272104705456786
2020-09-09,0.0,-0.030941867879979098,0.45762908732071783
2020-09-10,0.0,-0.027196258077056952,0.47097347395113637
2020-09-11,0.0,-0.00516957313399267,0.4776953703984339
2020-09-14,0.0,-0.0177406540269072,0.4714980119782938
2020-09-15,0.0,-0.03356980413956992,0.482394657660541
2020-09-16,0.0,-0.029794178112621906,0.4702593509182245
2020-09-17,0.0,-0.018431069726115242,0.5051129027568865
2020-09-18,0.0,-0.02686959465915055,0.5256008865426538
2020-09-21,0.0,-0.004350225681708837,0.5528048885237662
2020-09-22,1.0,0.0034155730638489373,0.5727778735519696
2020-09-23,1.0,0.032540373688533,0.5825893169529117
2020-09-24,1.0,0.019198722904770753,0.5622389378862419
2020-09-25,1.0,0.021895102365773723,0.5570008581689823
2020-09-28,1.0,0.011529639038314547,0.5631089934022218
2020-09-29,1.0,0.005308119151174554,0.577050303326682
2020-09-30,0.0,-0.0045185202998458485,0.5676037843918603
2020-10-01,0.0,-0.020303382376001336,0.5801827085600717
2020-10-02,0.0,-0.01101531023520874,0.5731163276046215
2020-10-05,0.0,-0.00920010270066507,0.5774924813684028
2020-10-06,1.0,0.016609615944046405,0.5905907537494036
2020-10-07,1.0,0.008477477939126277,0.6126598830794711
2020-10-08,1.0,0.028947396635933546,0.6207453017183845
2020-10-09,1.0,0.011109409956214759,0.6245789656842422
2020-10-12,0.0,-0.03132588631587288,0.638625663654925
2020-10-13,0.0,-0.006463440891385191,0.6352915706835929
2020-10-14,0.0,-0.019255362146443883,0.6465347854910573
2020-10-15,0.0,-0.01703805986610171,0.6393132962521992
2020-10-16,0.0,-0.004960153197420149,0.6612391767841791
2020-10-19,0.0,-0.008116683670850174,0.6512258166675372
2020-10-20,0.0,-0.013972204113149306,0.6504183916923022
2020-10-21,0.0,-0.027334873678493476,0.6297179434563489
2020-10-22,0.0,-0.02020056326736581,0.6368922390211224
2020-10-23,0.0,-0.016213424248807326,0.6311645346864525
2020-10-26,0.0,-0.034396694120864324,0.6324225202070914
2020-10-27,0.0,-0.05412226000051996,0.6444519894248246
2020-10-28,0.0,-0.03766020725664812,0.6650268057374445
2020-10-29,0.0,-0.03220590579399914,0.6765158964015278
2020-10-30,0.0,-0.049336135645997925,0.65217536650197
2020-11-02,0.0,-0.06457580153930344,0.646633783958216
2020-11-03,0.0,-0.05073522597868472,0.5911277112446998
2020-11-04,0.0,-0.039215353392755316,0.5932467068275848
2020-11-05,0.0,-0.05749076446295041,0.5632730140964245
2020-11-06,0.0,-0.05965134122905675,0.5860871620871171
2020-11-09,0.0,-0.00013637576591558055,0.6356663676484344
2020-11-10,0.0,-0.003751043833212893,0.6336285742764769
2020-11-11,0.0,-0.013554973167997463,0.6168358034350419
2020-11-12,0.0,-0.0214744572507165,0.6219547889451424
2020-11-13,0.0,-0.026932600965812528,0.6088122065008559
2020-11-16,0.0,-0.0332241448637166,0.5946658899252829
2020-11-17,0.0,-0.01444000711841265,0.6015840652622928
2020-11-18,0.0,-0.003955208067699442,0.6053940902044233
2020-11-19,1.0,0.01031841310187109,0.5910643050796075
2020-11-20,1.0,0.005489561547135251,0.5918727384042148
2020-11-23,1.0,0.020630394228929396,0.6080872891627488
2020-11-24,1.0,0.028640469333509156,0.6006975972267331
2020-11-25,1.0,0.03552675933025205,0.5800286609795268
2020-11-26,1.0,0.0384361229156438,0.561959213533089
2020-11-27,1.0,0.049905758778516246,0.5522051338278414
2020-11-30,1.0,0.0528059030256633,0.5412063031570779
2020-12-01,1.0,0.034333278319911446,0.55650478868381
2020-12-02,1.0,0.03449340074777464,0.5669213816533912
2020-12-03,1.0,0.03072225355370965,0.5918128351592412
2020-12-04,1.0,0.05545794178451946,0.5998227559689298
2020-12-07,1.0,0.04556188368774977,0.5725277895083134
2020-12-08,1.0,0.025280643505666528,0.5866463671030774
2020-12-09,1.0,0.039399842719931126,0.5799241951412839
2020-12-10,1.0,0.006930132447168307,0.58649963238483
2020-12-11,1.0,0.002000175587082243,0.5922155845612221
2020-12-14,1.0,0.014936882714229596,0.5936381446461665
2020-12-15,0.0,-0.004278121882630435,0.5860680334167141
2020-12-16,0.0,-0.010095134416661428,0.5708729811840378
2020-12-17,0.0,-0.030812359528975146,0.5560909196704416
2020-12-18,0.0,-0.023619364829178206,0.5624486673628142
2020-12-21,0.0,-0.019270700766247813,0.5513981955003018
2020-12-22,1.0,0.006316176076201765,0.5471540164836524
2020-12-23,0.0,-0.0019026043620424284,0.5517732948053965
2020-12-24,0.0,-0.012721544994469465,0.5540837480382113
2020-12-25,0.0,-0.01002361837021584,0.5461955213584733
2020-12-28,0.0,-0.012299088948819542,0.5315214329961407
2020-12-29,0.0,-0.018534125033375207,0.5298588361486628
2020-12-30,0.0,-0.02772900065923261,0.5275491349763239
2020-12-31,0.0,-0.02688206138119811,0.5332183127767162
2021-01-04,0.0,-0.04316479923275195,0.5051068850202916
2021-01-05,0.0,-0.058953529271431916,0.5271720369301106
2021-01-06,0.0,-0.04476226997798209,0.526680608877164
2021-01-07,0.0,-0.0649003666539711,0.5259716580864626
2021-01-08,0.0,-0.019215163939853324,0.5415648286513685
2021-01-11,0.0,-0.006643898729324533,0.5527093253437586
2021-01-12,0.0,-0.008574073189564997,0.5493242108600063
2021-01-13,0.0,-0.0010639862305947658,0.5609342295046441
2021-01-14,0.0,-0.011304172126602367,0.5675700866071874
2021-01-15,0.0,-0.00217713167538712,0.5795717537820639
2021-01-18,0.0,-0.010688440629776187,0.5726333427785153
2021-01-19,0.0,-0.025073956013767967,0.5780170505523713
2021-01-20,0.0,-0.05247216352791423,0.5825180069047887
2021-01-21,0.0,-0.05135129571258736,0.585315010721639
2021-01-22,0.0,-0.03925180432244526,0.5934270931018923
2021-01-25,0.0,-0.0277601058514124,0.5974456844255498
2021-01-26,0.0,-0.024626065223502268,0.6041323250827428
2021-01-27,0.0,-0.021255936458973168,0.6068110059704226
2021-01-28,0.0,-0.03997874885635252,0.6190321481849563
2021-01-29,0.0,-0.06296908783079472,0.6279674470328344
2021-02-01,0.0,-0.07608981985803402,0.6432570415160576
2021-02-02,0.0,-0.055840426969782836,0.6255019978172184
2021-02-03,0.0,-0.06966609273567745,0.6212257751358558
2021-02-04,0.0,-0.055306091449839334,0.6481918884787901
2021-02-05,0.0,-0.06495704896792301,0.6155213613612985
2021-02-08,0.0,-0.08382098248887129,0.6097703902612444
2021-02-09,0.0,-0.06893731108549575,0.6085746214315318
2021-02-10,0.0,-0.06524181431974262,0.6111234000411225
2021-02-11,0.0,-0.05811442067413025,0.622696444171262
2021-02-12,0.0,-0.05490678139011333,0.6022646549745507
2021-02-15,0.0,-0.048451837069917694,0.6142531436166743
2021-02-16,0.0,-0.03618065386596304,0.6086183393393183
2021-02-17,0.0,-0.01751256773451292,0.6209944746989827
2021-02-18,0.0,-0.022477719311086327,0.6200960825164132
2021-02-19,0.0,-0.022077228062556964,0.6144470096633212
2021-02-22,0.0,-0.03972755688112706,0.5990793452133686
2021-02-23,0.0,-0.04399246015874122,0.6036537968646533
2021-02-24,0.0,-0.039914611860831825,0.6020534739870019
2021-02-25,0.0,-0.02469077653759675,0.6194162664225269
2021-02-26,0.0,-0.0020603867771378276,0.6128345183561146
2021-03-01,0.0,-0.007208187455657499,0.6153782328151578
2021-03-02,0.0,-0.030783167537215782,0.6151563412242295
2021-03-03,0.0,-0.0018021607395864564,0.6125101278531209
2021-03-04,1.0,0.018234712336129916,0.5836217641720924
2021-03-05,1.0,0.020393064536709332,0.5922833373925193
2021-03-08,1.0,0.026034891755700496,0.5878552359846563
2021-03-09,1.0,0.015728578499012852,0.5978845273422027
2021-03-10,1.0,0.00616412704445274,0.6189024265546452
2021-03-11,1.0,0.019008753635293443,0.6077713945335342
2021-03-12,1.0,0.010275059641112565,0.5887721640295813
2021-03-15,1.0,0.0005196454979950597,0.5814041396796754
2021-03-16,1.0,0.008297943216210827,0.5801685868242944
2021-03-17,0.0,-0.0051591816099687176,0.5644028859284466
2021-03-18,1.0,0.015544058326014557,0.562807479328246
2021-03-19,1.0,0.01760600455854762,0.5628510502621474
2021-03-22,1.0,0.018444809710448703,0.5759568895158186
2021-03-23,1.0,0.02893296494454267,0.5598255699039164
2021-03-24,1.0,0.033230546844841544,0.5585083949412607
2021-03-25,1.0,0.03217638909126518,0.5621573016157331
2021-03-26,1.0,0.026341317759087362,0.5220936187727694
2021-03-29,1.0,0.03951272658797415,0.5359637140087172
2021-03-30,1.0,0.05278021296772398,0.5393088750088135
2021-03-31,1.0,0.04202067611418551,0.47529536037442094
2021-04-01,1.0,0.0246766658699166,0.4600193249639406
2021-04-02,1.0,0.01937507448457771,0.4485013816252644
2021-04-05,1.0,0.036820249293039016,0.44991169299400585
2021-04-06,1.0,0.02016140074471984,0.4563076844979318
2021-04-07,1.0,0.027870237626094335,0.4656624873703473
2021-04-08,1.0,0.03340254289202271,0.4354262043153158
2021-04-09,1.0,0.04863180369150755,0.4477014922503445
2021-04-12,1.0,0.057880016476595623,0.4676782126331358
2021-04-13,1.0,0.051531661391351596,0.4602552619309759
2021-04-14,1.0,0.04467562763972834,0.4752469058427376
2021-04-15,1.0,0.03501896890543458,0.4413584510079138
2021-04-16,1.0,0.03716975503182205,0.44100116046904075
2021-04-19,1.0,0.052407736400266115,0.4440689018010031
2021-04-20,1.0,0.049847211359973234,0.44176336119926335
2021-04-21,1.0,0.04175635623971101,0.4385647929506299
2021-04-22,1.0,0.0511264642783945,0.4437259381281062
2021-04-23,1.0,0.05639533195301007,0.4418711093833891
2021-04-26,1.0,0.05446904365837081,0.430940576412892
2021-04-27,1.0,0.06673150447258118,0.4114188667060433
2021-04-28,1.0,0.06294738060767331,0.41905301969119835
2021-04-29,1.0,0.06807232892309661,0.4102591695660601
2021-04-30,1.0,0.07350486591623616,0.4185969252800409
2021-05-03,1.0,0.06078672205839797,0.42097230240833944
2021-05-04,1.0,0.06584312069383359,0.43424892230424894
2021-05-05,1.0,0.06595272723724188,0.4010692143601988
2021-05-06,1.0,0.030143818364087985,0.37886419027774093
2021-05-07,1.0,0.03235248378964397,0.37544913473059977
2021-05-10,1.0,0.03388702431430394,0.38229424620449604
2021-05-11,1.0,0.029760430783698704,0.38639096615992635
2021-05-12,1.0,0.03947660762447616,0.3771047682336704
2021-05-13,1.0,0.03866038047796719,0.3890221197516075
2021-05-14,1.0,0.018337695431386202,0.39746501663109196
2021-05-17,0.0,-0.0002732760185152376,0.4039412694788668
2021-05-18,0.0,-0.005847813011176295,0.4209456286231026
2021-05-19,0.0,-0.03165638137060242,0.4122044682283555
2021-05-20,0.0,-0.056918691916230835,0.3961543298120742
2021-05-21,0.0,-0.06424894848776887,0.38294720291677986
2021-05-24,0.0,-0.0534308404982093,0.3843251310700454
2021-05-25,0.0,-0.0654488688183644,0.38283562625798195
2021-05-26,0.0,-0.06406548074073068,0.3747861257182463
2021-05-27,0.0,-0.06627322460584349,0.37574626239145587
2021-05-28,0.0,-0.0668635431784627,0.37372323841729277
2021-05-31,0.0,-0.06890887845832336,0.3796329275732846
2021-06-01,0.0,-0.07595820142697467,0.3701003606424379
2021-06-02,0.0,-0.07507391245063832,0.37986084427229144
2021-06-03,0.0,-0.05156881373552173,0.3825494441232225
2021-06-04,0.0,-0.05657418407770408,0.3820867185002583
2021-06-07,0.0,-0.05813220674077249,0.38994541223270396
2021-06-08,0.0,-0.051922475213229694,0.3892016013034478
2021-06-09,0.0,-0.04604205331826429,0.3828983721641511
2021-06-10,0.0,-0.05191619306074903,0.3759292157508849
2021-06-11,0.0,-0.03746028706267528,0.3918221611982691
2021-06-14,0.0,-0.032599771983819414,0.4084346332018367
2021-06-15,0.0,-0.027880362269451398,0.42085935374480005
2021-06-16,1.0,0.008883181579920199,0.4435117317968497
2021-06-17,1.0,0.031285948151301333,0.43262036872433834
2021-06-18,1.0,0.027088954970787053,0.418205320965793
2021-06-21,1.0,0.016328369338137007,0.4119038625016438
2021-06-22,1.0,0.017261459176324823,0.4149628493709409
2021-06-23,1.0,0.01370699010554532,0.4197640051923777
2021-06-24,1.0,0.017770948117914347,0.420600382766384
2021-06-25,1.0,0.012004846907592962,0.43158960095206955
2021-06-28,1.0,0.010868729786698533,0.43902063684476517
2021-06-29,1.0,0.021241526903280163,0.4487902743211375
2021-06-30,1.0,0.020514830245651684,0.4644646125543238
2021-07-01,1.0,0.029787229900645917,0.45545262412921134
2021-07-02,1.0,0.014910937247535042,0.4643240367809323
2021-07-05,1.0,0.012011340061432257,0.4527565957237977
2021-07-06,1.0,0.007202672661523435,0.44862237789781567
2021-07-07,1.0,0.004489391930211538,0.4669343063582938
2021-07-08,1.0,0.0007432181687336577,0.4723220038852128
2021-07-09,0.0,-0.025525006451166937,0.46799384357325285
2021-07-12,0.0,-0.0435330975588271,0.45562135138222287
2021-07-13,0.0,-0.04457751614931772,0.47640074612903177
2021-07-14,0.0,-0.042858990752072654,0.43468238494174083
2021-07-15,0.0,-0.04303480475049501,0.43835653110865924
2021-07-16,0.0,-0.01804421871590616,0.443511680205021
2021-07-19,0.0,-0.013891427473023948,0.44806390754800596
2021-07-20,0.0,-0.012510936351219174,0.4489599344100751
2021-07-21,0.0,-0.008996965913111978,0.45326048077216113
2021-07-22,0.0,-0.015266620515039108,0.44749007470319146
2021-07-23,0.0,-0.011940823652527691,0.4512708465216232
2021-07-26,1.0,0.004202724906433016,0.4609826156315215
2021-07-27,1.0,0.0021661259823562095,0.464444620911891
2021-07-28,0.0,-0.009268721121364747,0.45221970285841
2021-07-29,0.0,-0.02106161708601508,0.44128258025815803
2021-07-30,1.0,0.0013055443411977064,0.46371032182907057
2021-08-02,0.0,-0.0022636185587320925,0.46917214430028653
2021-08-03,1.0,0.0025382124756570474,0.48498783970681236
2021-08-04,1.0,0.0010895696174988072,0.475410553845156
2021-08-05,1.0,0.0028844390502179365,0.49460449632860176
2021-08-06,1.0,0.0360315619477011,0.5727415633700668
2021-08-09,1.0,0.052846563498554065,0.5267616697489351
2021-08-10,1.0,0.03719167110680091,0.5179077840646619
2021-08-11,1.0,0.021379553691537996,0.5158557590763215
2021-08-12,1.0,0.02346719315499225,0.5130095673697447
2021-08-13,1.0,0.0046552424051946525,0.5108346613123017
2021-08-16,1.0,0.003424077434997254,0.517705334809758
2021-08-17,1.0,0.00936403280967068,0.5277848722632714
2021-08-18,1.0,0.003547845972053473,0.5251921600064866
2021-08-19,0.0,-0.01463599566731184,0.5257154093620249
2021-08-20,0.0,-0.01491416514351278,0.5296487517767877
2021-08-23,0.0,-0.02320341728319875,0.5271019992607016
2021-08-24,0.0,-0.01580894821187749,0.5295042312088446
2021-08-25,0.0,-0.012885704002909129,0.5244919315662862
2021-08-26,0.0,-0.028160034995128404,0.5177561103697133
2021-08-27,0.0,-0.03732050924726179,0.511737144421046
2021-08-30,0.0,-0.033429938627439745,0.5156747850759511
2021-08-31,0.0,-0.04567180854933457,0.5113552327635503
2021-09-01,0.0,-0.04998157955526507,0.5220767324952317
2021-09-02,0.0,-0.029387448374378778,0.5148243849480054
2021-09-03,0.0,-0.03714984138997965,0.4853681739222558
2021-09-06,0.0,-0.029842324964980835,0.4697145900953155
2021-09-07,0.0,-0.019294245312943617,0.4410372960890904
2021-09-08,0.0,-0.014565168780066931,0.4393481626863626
2021-09-09,0.0,-0.021466217653456514,0.41314272087860093
2021-09-10,0.0,-0.01743198353257527,0.418123570218623
2021-09-13,0.0,-0.02240340899623704,0.4243948217639224
2021-09-14,0.0,-0.024984504362967102,0.4136619009501472
2021-09-15,0.0,-0.0006257672405913058,0.4205096472019531
2021-09-16,1.0,0.023794947086524524,0.455748927689831
2021-09-17,1.0,0.006903664226495729,0.44613177372928275
2021-09-20,1.0,0.0005260580236323364,0.4464495045353359
2021-09-21,0.0,-0.002937579164580191,0.4353247926907346
2021-09-22,1.0,0.00822173319609917,0.4253026555202565
2021-09-23,1.0,0.022746876350062575,0.43534363852600305
2021-09-24,1.0,0.02388647879131203,0.45466618197111225
2021-09-27,1.0,0.032429001201996425,0.452548295023491
2021-09-28,1.0,0.0334738307370674,0.45575244044517105
2021-09-29,1.0,0.04038021158850163,0.4636259949322057
2021-09-30,1.0,0.023321043318056303,0.46211382052948835
2021-10-01,1.0,0.012481348953877395,0.4833652545454052
2021-10-04,1.0,0.013243256157324058,0.48006244304892476
2021-10-05,1.0,0.015625520531714288,0.4675680567468414
2021-10-06,1.0,0.004946414603855851,0.4705436772276067
2021-10-07,1.0,0.0202603626973887,0.4781329908859126
2021-10-08,1.0,0.0340223628388253,0.47177920027540343
2021-10-11,1.0,0.03909130065294995,0.48414585153461465
2021-10-12,1.0,0.04021481960453136,0.4841761625099642
2021-10-13,1.0,0.031214262292724285,0.45008707384655555
2021-10-14,1.0,0.0361953752152442,0.45010384891554783
2021-10-15,1.0,0.05414805201011004,0.46655761086045494
2021-10-18,1.0,0.054018720468526474,0.47162202028162725
2021-10-19,1.0,0.045045461754993,0.47181403257267684
2021-10-20,1.0,0.04672305034126142,0.46598403293629365
2021-10-21,1.0,0.04206209799196509,0.4643945422098035
2021-10-22,1.0,0.0290855715959542,0.4535399275011562
2021-10-25,0.0,-0.0017266197714081444,0.4492675569071258
2021-10-26,0.0,-0.0021522642535635053,0.4565874882355903
2021-10-27,0.0,-0.004514992711070879,0.43992552198710577
2021-10-28,0.0,-0.005247599462316372,0.4563448982918452
2021-10-29,1.0,0.004944667346425115,0.45763636492009124
2021-11-01,0.0,-0.004966499127989639,0.4548268054466833
2021-11-02,0.0,-0.007475016191434122,0.45595172556590385
2021-11-03,1.0,0.005775612191131885,0.459466535472299
2021-11-04,0.0,-0.01321875149276544,0.4489786352407282
2021-11-05,0.0,-0.019217574229767987,0.4356127707145682
2021-11-08,0.0,-0.025035101866830337,0.4373621206927032
2021-11-09,0.0,-0.02665107222312092,0.4486023463695445
2021-11-10,0.0,-0.036516062093182214,0.46812074679652677
2021-11-11,0.0,-0.04767103449186019,0.4927971733750793
2021-11-12,0.0,-0.04502622159303206,0.49530460403912707
2021-11-15,0.0,-0.041662586319665344,0.4990191918163422
2021-11-16,0.0,-0.04419671924991123,0.49656358950211416
2021-11-17,0.0,-0.04966473641647107,0.5161487371088374
2021-11-18,0.0,-0.03278358245857077,0.5119636329674963
2021-11-19,0.0,-0.02593700840846883,0.5110247551297084
2021-11-22,0.0,-0.007611969496391826,0.5061272189467748
2021-11-23,1.0,4.025085226125326e-05,0.5000698128537171
2021-11-24,1.0,0.008392118719268142,0.5011357551766047
2021-11-25,1.0,0.0111204926930803,0.5034875356960149
2021-11-26,1.0,0.0057325883996235324,0.4837039221281902
2021-11-29,1.0,0.015049739652479308,0.4928040811966496
2021-11-30,1.0,0.017859891863257843,0.47367791958945177
2021-12-01,1.0,0.01267659844572619,0.4684388704247007
2021-12-02,1.0,0.0259190495789776,0.4762836503206987
2021-12-03,1.0,0.02569859063462366,0.49380431219381665
2021-12-06,1.0,0.012630596433666779,0.4965959065428798
2021-12-07,1.0,0.01698833444905227,0.5015154665999303
2021-12-08,1.0,0.015068515196489314,0.5034011145674813
2021-12-09,1.0,0.008780889244270635,0.47733048610609347
2021-12-10,1.0,0.007422013861500016,0.4704763799388225
2021-12-13,1.0,0.00828813485186004,0.4744603661601535
2021-12-14,1.0,0.02840058159801797,0.4756757971341816
2021-12-15,1.0,0.02738966411135282,0.47918130731824987
2021-12-16,1.0,0.012969012287421528,0.46387418325871116
2021-12-17,1.0,0.011050374044917167,0.46522914048809355
2021-12-20,1.0,0.015477723203917531,0.4648052672593125
2021-12-21,1.0,0.013597734974094573,0.4543267864399848
2021-12-22,1.0,0.02027629281995547,0.44749824131630067
2021-12-23,1.0,0.016743205113714427,0.48195856935367004
2021-12-24,1.0,0.01788669149898398,0.49903125585258024
2021-12-27,1.0,0.01718800866596779,0.5026074822258102
2021-12-28,1.0,0.022895141337955928,0.5088800546269084
2021-12-29,1.0,0.008423117150325583,0.5158074307214809
2021-12-30,0.0,-0.00979132347060482,0.5028628632884616
2021-12-31,0.0,-0.02103712539061272,0.49804409507006864
2022-01-03,0.0,-0.002383701244982471,0.5163766669066678
2022-01-04,0.0,-0.007297996059632771,0.522290269925572
2022-01-05,0.0,-0.001979826333551234,0.5277350798096269
2022-01-06,1.0,0.007750139757154236,0.5459999189902218
2022-01-07,1.0,0.006449379361673001,0.5398028838024277
2022-01-10,1.0,0.010506782200231513,0.5350492303194825
2022-01-11,1.0,0.0022867932631343733,0.5095795423240573
2022-01-12,1.0,0.0039680856614278965,0.5099286817313992
2022-01-13,1.0,0.002378656797426567,0.5199834111429463
2022-01-14,1.0,0.022049936554564647,0.525420672512227
2022-01-17,1.0,0.02846594358333259,0.529533934178171
2022-01-18,1.0,0.021987682378318284,0.5247713175862274
2022-01-19,1.0,0.01586348634362845,0.4990657150877004
2022-01-20,1.0,0.03170723549262143,0.5223004951249057
2022-01-21,1.0,0.03395010353649174,0.5267141596084502
2022-01-24,1.0,0.032443127716849166,0.5262678554234707
2022-01-25,1.0,0.026891362860027846,0.517294845624543
2022-01-26,1.0,0.047805663687211127,0.5262701851687104
2022-01-27,1.0,0.057701005538923614,0.5444920700346637
2022-01-28,1.0,0.0532211898214057,0.5505163286839084
2022-01-31,1.0,0.060432752679764855,0.5296653633734939
2022-02-01,1.0,0.07704504933278652,0.5250037498019758
2022-02-02,1.0,0.06548779226724001,0.5186451555422313
2022-02-03,1.0,0.07011380876095293,0.5186123249669986
2022-02-04,1.0,0.08654885519547847,0.5222701578442338
2022-02-07,1.0,0.09294721769369786,0.5313072501518248
2022-02-08,1.0,0.1160130408863372,0.5366513083235989
2022-02-09,1.0,0.08270825343702994,0.5380767521778921
2022-02-10,1.0,0.08895831800966164,0.5280018598684834
2022-02-11,1.0,0.06750736957337207,0.516312863764088
2022-02-14,1.0,0.04148878089122697,0.5212396911212571
2022-02-15,1.0,0.03403821184520873,0.5231798630993411
2022-02-16,1.0,0.030197732597967,0.5394469990113918
2022-02-17,1.0,0.02307906896974169,0.561489789374747
2022-02-18,1.0,0.012270491005851392,0.5718661127375823
2022-02-21,1.0,0.016744945626022033,0.5795231393830865
2022-02-22,1.0,0.011943832276752567,0.5747268491606992
2022-02-23,1.0,0.017987181582598245,0.5761581398547074
2022-02-24,1.0,0.027714083691273293,0.5475718994791895
2022-02-25,1.0,0.035680562275856,0.5473044412731723
2022-02-28,1.0,0.0072145563975376924,0.5517578082722706
2022-03-01,0.0,-0.013472486741054944,0.5233210118659543
2022-03-02,1.0,0.002030383932349816,0.5148538014678727
2022-03-03,1.0,0.0006249047998244021,0.5094728399115733
2022-03-04,0.0,-0.02370502360120599,0.4867292428019163
2022-03-07,0.0,-0.033270498181111,0.465960806753346
2022-03-08,0.0,-0.0638792803328271,0.4213221200636654
2022-03-09,0.0,-0.033918868532602946,0.4302984368188714
2022-03-10,0.0,-0.03409015838048345,0.4301779204722167
2022-03-11,0.0,-0.020989995453617145,0.4328996524314793
2022-03-14,1.0,0.001659904475555558,0.43897424894850273
2022-03-15,1.0,0.025015593169839458,0.42967689927356795
2022-03-16,1.0,0.025839218918494267,0.4374885006256154
2022-03-17,1.0,0.015730661454836165,0.44013150795620065
2022-03-18,1.0,0.027315604936972812,0.42051317001358557
2022-03-21,1.0,0.022064264683174496,0.4259549797934459
2022-03-22,1.0,0.014791172748616887,0.4162507391658883
2022-03-23,1.0,0.007178413637820392,0.4257266774112836
2022-03-24,0.0,-0.003649424263416771,0.42736840759667094
2022-03-25,0.0,-0.013789349203870378,0.4303687176102343
2022-03-28,0.0,-0.013136692847026227,0.430797313925021
2022-03-29,0.0,-0.007321825502812366,0.44915449608140207
2022-03-30,0.0,-0.024557210426984465,0.4460220521388939
2022-03-31,0.0,-0.02207416082362862,0.441685637967477
2022-04-01,0.0,-0.015255179080355886,0.456723008013699
2022-04-04,0.0,-0.03388013736771064,0.46688367480813725
2022-04-05,0.0,-0.022185748562346397,0.4938495188904124
2022-04-06,0.0,-0.025460483656951034,0.47818671811481883
2022-04-07,0.0,-0.02453470386633776,0.4885082819441608
2022-04-08,0.0,-0.04928696643257388,0.4881223347653573
2022-04-11,0.0,-0.06096944000505562,0.47100090401762346
2022-04-12,0.0,-0.0599281526832955,0.45338638780831514
2022-04-13,0.0,-0.08212251301441417,0.4612075165833442
2022-04-14,0.0,-0.08605658266751981,0.47965284818169845
2022-04-15,0.0,-0.07939715028828215,0.4844725335465234
2022-04-18,0.0,-0.08689560402579533,0.49321061651977033
2022-04-19,0.0,-0.07091106956203981,0.4945715767331078
2022-04-20,0.0,-0.060878000360702796,0.4942253239365204
2022-04-21,0.0,-0.05503735074910678,0.4916183082555104
2022-04-22,0.0,-0.04103608217960991,0.4880900815703556
2022-04-25,0.0,-0.016258792883115974,0.4901073538171694
2022-04-26,0.0,-0.02767458825142604,0.4933386741349542
2022-04-27,0.0,-0.019138920074833622,0.4939038653069908
2022-04-28,0.0,-0.022296078357069336,0.48800528586476916
2022-04-29,0.0,-0.021401255815150053,0.4905833847577373
2022-05-03,0.0,-0.016751497701225533,0.5139165183966595
2022-05-04,0.0,-0.01888974868442051,0.5067340882810012
2022-05-05,0.0,-0.004432939136327198,0.5023788906307651
2022-05-06,0.0,-0.017492613881628122,0.5256266696736522
2022-05-09,0.0,-0.0060453230168880535,0.5379448521343659
2022-05-10,1.0,0.007635660468424577,0.5337361715366356
2022-05-11,1.0,0.0006423422501499713,0.539506985869349
2022-05-12,1.0,0.014425237315362433,0.5315132790209453
2022-05-13,1.0,0.033044230882169144,0.5329680562203131
2022-05-16,0.0,-0.002509039618896359,0.5373671774505507
2022-05-17,0.0,-0.0034237153107713855,0.5448394246918324
2022-05-18,1.0,0.009472968313956035,0.5283844854482775
2022-05-19,1.0,0.008220458458774626,0.538927679504097
2022-05-20,0.0,-0.0029831996161911955,0.5450792284336031
2022-05-23,0.0,-0.008114863420925194,0.5475402633468035
2022-05-24,0.0,-0.018425624225335023,0.5458740339294198
2022-05-25,0.0,-0.008406070273253633,0.5478859160938809
2022-05-26,0.0,-0.015031325379452723,0.5412557672958405
2022-05-27,0.0,-0.014646596875646524,0.5476670035744716
2022-05-30,0.0,-0.017863812781900856,0.549575080854006
2022-05-31,0.0,-0.00951763009980402,0.5469412777059234
2022-06-01,0.0,-0.015560055153307694,0.5508055750941064
2022-06-02,0.0,-0.03336273072096328,0.5238884014860543
2022-06-03,0.0,-0.021711147652445018,0.5379747169258948
2022-06-06,0.0,-0.019127224504761606,0.5273587138780573
2022-06-07,0.0,-0.0486120019927907,0.5089514295794356
2022-06-08,0.0,-0.06400085432878001,0.507205244389096
2022-06-09,0.0,-0.06021885252911674,0.49859812439153234
2022-06-10,0.0,-0.07166004980668764,0.47536693812681624
2022-06-13,0.0,-0.047927486463402995,0.5156320394858152
2022-06-14,0.0,-0.04671548408672283,0.5291904615748781
2022-06-15,0.0,-0.05508241516202502,0.512161430485248
2022-06-16,0.0,-0.0826267784270185,0.5024858210459887
2022-06-17,0.0,-0.07469117650426155,0.5291658320711151
2022-06-20,0.0,-0.07297502327724326,0.536535347826553
2022-06-21,0.0,-0.06860523208212954,0.5286308761438957
2022-06-22,0.0,-0.08065311414262019,0.5193172296405562
2022-06-23,0.0,-0.05881888374021834,0.5296990205313721
2022-06-24,0.0,-0.055907338931829226,0.5240498720047494
2022-06-27,0.0,-0.05825102221925871,0.5272028590803427
2022-06-28,0.0,-0.05787949233756967,0.5320236305025708
2022-06-29,0.0,-0.047206737039097384,0.5184732927859724
2022-06-30,0.0,-0.02897288725548505,0.5293420256275213
2022-07-01,0.0,-0.025315570448669625,0.5186056183141705
2022-07-04,0.0,-0.019556645699740506,0.514626621894429
2022-07-05,0.0,-0.002383520792469172,0.5203072546257487
2022-07-06,1.0,0.015163742980581381,0.501899877250048
2022-07-07,1.0,0.02885156453782961,0.5006229796973295
2022-07-08,1.0,0.01855599521736173,0.5046823418627457
2022-07-11,1.0,0.03103026700586755,0.4777175328205465
2022-07-12,1.0,0.03899686842745718,0.4607711529252211
2022-07-13,1.0,0.03200005403430039,0.459677207570125
2022-07-14,1.0,0.045721654615657505,0.4813354371845382
2022-07-15,1.0,0.05367568948549767,0.4851280345846095
2022-07-18,1.0,0.04047579380738082,0.48106440006317586
2022-07-19,1.0,0.03688719461494676,0.47751198795761496
2022-07-20,1.0,0.03840472889656247,0.497086266777764
2022-07-21,1.0,0.022978447496321486,0.49224955946267496
2022-07-22,1.0,0.011712552618092226,0.4950119088403396
2022-07-25,1.0,0.00948664437501094,0.48982426434971715
2022-07-26,1.0,0.017731677395522196,0.484262320766851
2022-07-27,1.0,0.009815536716737381,0.4866179864725745
2022-07-28,1.0,0.001707650688193058,0.48863653873583257
2022-07-29,0.0,-0.01598755030385457,0.48457336990238004
2022-08-01,0.0,-0.017272502695681254,0.4802601320244519
2022-08-02,0.0,-0.020898682290514593,0.46312338546092785
2022-08-03,0.0,-0.03150782363495505,0.4661510928840172
2022-08-04,0.0,-0.05358527068228069,0.4448810957757989
2022-08-05,0.0,-0.03583324197037506,0.4529347037024689
2022-08-08,0.0,-0.0450964380971702,0.4578052443582288
2022-08-09,0.0,-0.05255861379993692,0.46240855919037754
2022-08-10,0.0,-0.041914952149420044,0.4692181847700046
2022-08-11,0.0,-0.04643434003618215,0.4574697656634804
2022-08-12,0.0,-0.04885537270844396,0.4557534315687104
2022-08-15,0.0,-0.03162050727843854,0.46348987580163997
2022-08-16,0.0,-0.042266879974882376,0.46973370686882376
2022-08-17,0.0,-0.037343470616425546,0.4524125600854141
2022-08-18,0.0,-0.05450076611863348,0.4585391990380936
2022-08-19,0.0,-0.04264921506875934,0.4724201125558953
2022-08-22,0.0,-0.03547406815479428,0.4707569958098565
2022-08-23,0.0,-0.0487149337763177,0.45102630646883185
2022-08-24,0.0,-0.044967013917887134,0.46576709287275325
2022-08-25,0.0,-0.05087132504140193,0.48030332743518817
2022-08-26,0.0,-0.05546631551456392,0.47788396089703616
2022-08-29,0.0,-0.0713678363925493,0.47744231465421616
2022-08-30,0.0,-0.05663297616216775,0.4970638220029113
2022-08-31,0.0,-0.030107452242936025,0.509616821264916
2022-09-01,0.0,-0.022092547010193832,0.5301113421591334
2022-09-02,0.0,-0.030551030356947333,0.5077573785839418
2022-09-05,0.0,-0.0060894596797435654,0.5014724494864496
2022-09-06,1.0,0.014002154032469159,0.49163154242249385
2022-09-07,0.0,-0.0014263048751931551,0.4839601317751445
2022-09-08,1.0,0.002326928511784188,0.47702090926358776
2022-09-09,0.0,-0.01252530492003402,0.48724276210051665
2022-09-12,0.0,-0.032816117080481086,0.4801218454279482
2022-09-13,0.0,-0.021389649681472105,0.4839927904484501
2022-09-14,0.0,-0.014201724118528707,0.49149228855164334
2022-09-15,1.0,0.0008104920129923923,0.523954423194343
2022-09-16,0.0,-0.018328009890341276,0.5170576122043208
2022-09-19,0.0,-0.014967611674746056,0.5129662900670343
2022-09-20,0.0,-0.007706261002481766,0.5186423411254493
2022-09-21,0.0,-0.02693504562080941,0.5016023722503805
2022-09-22,0.0,-0.026191410396964095,0.5059214111501532
2022-09-23,1.0,0.008271860954067177,0.5287984369498846
2022-09-26,1.0,0.016916346376715952,0.5523642851233357
2022-09-27,1.0,0.01456765468756891,0.5270822436091179
2022-09-28,1.0,0.0030867100529342103,0.5049674547994912
2022-09-29,1.0,0.0016548872586394268,0.5076154990094087
2022-09-30,0.0,-0.009942503000886829,0.513184683157037
2022-10-03,0.0,-0.039636004741496846,0.49840856801210714
2022-10-04,0.0,-0.04663727343042882,0.5007311671656484
2022-10-05,0.0,-0.04813878526820545,0.5132900024665135
2022-10-06,0.0,-0.04968404639424959,0.5066845652512985
2022-10-07,0.0,-0.007896843513364771,0.5173572912694215
2022-10-10,1.0,0.0042106332694944616,0.5295693685617427
2022-10-11,1.0,0.027347709125340843,0.5250495917024405
2022-10-12,1.0,0.01966702141752164,0.5146128072231282
2022-10-13,1.0,0.052147202267480056,0.491456380274745
2022-10-14,1.0,0.07475624425676496,0.5077316263556403
2022-10-17,1.0,0.07046002773787054,0.4971676350982568
2022-10-18,1.0,0.07399684593259731,0.4861853700879578
2022-10-19,1.0,0.08492592175398198,0.4868949230337208
2022-10-20,1.0,0.07797229152403805,0.4868622811504787
2022-10-21,1.0,0.05468358850953016,0.46726298159664215
2022-10-24,1.0,0.05196027608627985,0.4666951902683651
2022-10-25,1.0,0.051362879283420655,0.46848764406154
2022-10-26,1.0,0.04963003140139782,0.47046610758590585
2022-10-27,1.0,0.05330615490490021,0.4791764394308406
2022-10-28,1.0,0.06473235383775441,0.47976856389197464
2022-10-31,1.0,0.06376297803672817,0.5003137946429972
2022-11-01,1.0,0.060234626547148465,0.5011149072285649
2022-11-02,1.0,0.07825535333837007,0.4998141224532284
2022-11-03,1.0,0.10096274128256272,0.5119656496767009
2022-11-04,1.0,0.0666536163329657,0.45572782320468946
2022-11-07,1.0,0.053975491581269346,0.45087311333487257
2022-11-08,1.0,0.03354521932481981,0.4132610284614211
2022-11-09,1.0,0.045427209653772636,0.42692236611619444
2022-11-10,1.0,0.018662385301220878,0.41029194884499187
2022-11-11,1.0,0.014523665267334606,0.4392789130309841
2022-11-14,1.0,0.00571486430732152,0.45162606538366135
2022-11-15,1.0,0.017801251737982523,0.46370717461745925
2022-11-16,1.0,0.018755716127442767,0.45858233500483425
2022-11-17,1.0,0.009275559969674715,0.4529554606562802
2022-11-18,1.0,0.023817195082609915,0.44758136040116586
2022-11-21,1.0,0.028231177239693258,0.44287622093680834
2022-11-22,1.0,0.04329522258411765,0.43496649661689707
2022-11-23,1.0,0.03636151899056488,0.4286017572718959
2022-11-24,1.0,0.021531675971991713,0.4232638442200417
2022-11-25,1.0,0.02445427927607243,0.4148549995676034
2022-11-28,1.0,0.03183324152684727,0.39899176295636163
2022-11-29,1.0,0.03571547560568289,0.399154966346251
2022-11-30,1.0,0.020010409413539577,0.39390516685817134
2022-12-01,1.0,0.006635357494020835,0.3869078352811769
2022-12-02,1.0,0.01411168825716272,0.40471307521408034
2022-12-05,1.0,0.03914676265223297,0.4076795858498229
2022-12-06,1.0,0.04608093092685895,0.40784947525437115
2022-12-07,1.0,0.02592011312126881,0.3833596235960247
2022-12-08,1.0,0.04208895408373572,0.3988900784161491
2022-12-09,1.0,0.04050699479870153,0.41032750567803233
2022-12-12,1.0,0.05220240576579417,0.4139785120473174
2022-12-13,1.0,0.03497782060392892,0.4056945957403856
2022-12-14,1.0,0.04832024770866176,0.41278079166820053
2022-12-15,1.0,0.07747904598485504,0.41048367688936355
2022-12-16,1.0,0.06741401840653363,0.3966303355475741
2022-12-19,1.0,0.06545428812141277,0.3910499714932366
2022-12-20,1.0,0.04679145377712064,0.38534690031949875
2022-12-21,1.0,0.06291785907011364,0.39575999751950086
2022-12-22,1.0,0.07154757371985142,0.39869861456203265
2022-12-23,1.0,0.07132944058050744,0.400464051841189
2022-12-26,1.0,0.07490492201547616,0.4013997023922403
2022-12-27,1.0,0.0705145352798539,0.38004193177664247
2022-12-28,1.0,0.06704196749338917,0.38545753301661584
2022-12-29,1.0,0.060302847977347224,0.38819037075943463
2022-12-30,1.0,0.05357017300751646,0.3786122114636477
2023-01-03,1.0,0.04726125056616993,0.3507216659022105
2023-01-04,1.0,0.050517145141253675,0.35024402144343864
2023-01-05,1.0,0.04263209976066807,0.3670362555764686
2023-01-06,0.0,-0.0003147126584158172,0.3757643789114596
2023-01-09,0.0,-0.0022414757111802203,0.3772794900017077
2023-01-10,0.0,-0.002069709379333708,0.3814060502250671
2023-01-11,0.0,-2.1330148032032752e-05,0.39432052887338526
2023-01-12,0.0,-0.018668457613407578,0.3940828982816469
2023-01-13,0.0,-0.028675477906038492,0.3908486354333924
2023-01-16,0.0,-0.03396628986368204,0.40929655316266367
2023-01-17,0.0,-0.02861537360254993,0.4057558965571887
2023-01-18,0.0,-0.036427957391064664,0.40798917180820266
2023-01-19,0.0,-0.05073220815348938,0.42433653249151115
2023-01-20,0.0,-0.0443754136687796,0.41869232344522306
2023-01-23,0.0,-0.047576252961998286,0.4176191185916664
2023-01-24,0.0,-0.054194000372774984,0.4161871019363744
2023-01-25,0.0,-0.06397335488658625,0.4269647478844905
2023-01-26,0.0,-0.05716847654431868,0.40885932281124465
2023-01-27,0.0,-0.06285777615443071,0.41135730310683644
2023-01-30,0.0,-0.05691679887210221,0.42722726951405765
2023-01-31,0.0,-0.053977610255494975,0.4256729621503201
2023-02-01,0.0,-0.060163870719927556,0.439585132726279
2023-02-02,0.0,-0.041044264684015716,0.4303001008121835
2023-02-03,0.0,-0.00487000860383466,0.46466842029169647
2023-02-06,0.0,-0.011175045677580334,0.47248801773666776
2023-02-07,0.0,-0.0322104415205144,0.47630613756402534
2023-02-08,0.0,-0.033411440927684034,0.47294791778158307
2023-02-09,0.0,-0.017524629583209342,0.4732522092430505
2023-02-10,1.0,0.0010877982805156052,0.4699676657027036
2023-02-13,1.0,0.031653437891479466,0.4684016322148538
2023-02-14,1.0,0.026327883491647767,0.45404937698437164
2023-02-15,1.0,0.043765576864339316,0.45342995198517005
2023-02-16,1.0,0.04400604564958745,0.47006604054069057
2023-02-17,1.0,0.07681603812369317,0.47404669635308067
2023-02-20,1.0,0.07187715020058555,0.4810492874236728
2023-02-21,1.0,0.05563849092522158,0.47553055529193816
2023-02-22,1.0,0.07614090637694146,0.491180463342733
2023-02-23,1.0,0.08971095176766582,0.48832966322315996
2023-02-24,1.0,0.08899298019704016,0.49466250512930815
2023-02-27,1.0,0.07393102658761423,0.5249515868572507
2023-02-28,1.0,0.07702429866790128,0.5239810109051649
2023-03-01,1.0,0.06723562402600937,0.5500717235185808
2023-03-02,1.0,0.0757030815500309,0.5543659187454918
2023-03-03,1.0,0.05894964756457811,0.5367614970021749
2023-03-06,1.0,0.07189511834737261,0.5400576391324967
2023-03-07,1.0,0.10774770244059868,0.5487341944029094
2023-03-08,1.0,0.10805862146347148,0.5601494418534071
2023-03-09,1.0,0.09291790558604023,0.5441128450784305
2023-03-10,1.0,0.07241643681452765,0.5240817504433364
2023-03-13,1.0,0.03987547291622424,0.5018783781630233
2023-03-14,1.0,0.05092292158076348,0.5216344281326789
2023-03-15,1.0,0.04928368412356298,0.5218003432307475
2023-03-16,1.0,0.06086094869101152,0.5300541740463949
2023-03-17,1.0,0.007339326218307414,0.5451339909858017
2023-03-20,1.0,0.008361930423416989,0.55369337430961
2023-03-21,1.0,0.03288460695220785,0.5376020625776539
2023-03-22,1.0,0.012562915915272367,0.545996355282434
2023-03-23,1.0,0.005753899746264367,0.5501851085304916
2023-03-24,1.0,0.0023023336434823964,0.5481566191942581
2023-03-27,1.0,0.016729580078701286,0.5354060218182528
2023-03-28,1.0,0.012076108940355792,0.5446729980927599
2023-03-29,1.0,0.012492857364312233,0.5551121715872106
2023-03-30,1.0,0.0038617288623193956,0.5581857390482553
2023-03-31,1.0,0.010656594412340323,0.5505138256868154
2023-04-03,0.0,-0.0010892478207798373,0.5454921905009034
2023-04-04,0.0,-0.0018435925530965785,0.5191642708744799
2023-04-05,1.0,0.008785406701343807,0.5010615411158693
2023-04-06,1.0,0.020809178751648148,0.4955966329909121
2023-04-07,1.0,0.004245235463903139,0.5019890096628749
2023-04-10,1.0,0.014599090586426756,0.5244896789037365
2023-04-11,1.0,0.015306800403889084,0.507782581009736
2023-04-12,1.0,0.007363865436231933,0.5109957503424992
2023-04-13,0.0,-0.01222093532414462,0.4865538926581674
2023-04-14,1.0,0.0035724733624968334,0.5121395128438588
2023-04-17,1.0,0.010547279584663906,0.5129153899855223
2023-04-18,0.0,-0.00801346536485845,0.5014665386621544
2023-04-19,0.0,-0.006609914756344946,0.511879119640817
2023-04-20,0.0,-0.02390652670570282,0.5206415674408907
2023-04-21,0.0,-0.0007668557274478221,0.5237556356581224
2023-04-24,0.0,-0.00892310738361362,0.5170884956299819
2023-04-25,0.0,-0.011219890283784941,0.5143184178970044
2023-04-26,0.0,-0.016170672982547648,0.5138093607917507
2023-04-27,0.0,-0.02391765381597092,0.5100688825368044
2023-04-28,0.0,-0.022100880495904623,0.4819069885351952
2023-05-01,0.0,-0.019174147877864856,0.4917649865329866
2023-05-02,0.0,-0.0287892838189917,0.5013910548820517
2023-05-03,0.0,-0.03810341837671661,0.499940444161839
2023-05-04,0.0,-0.036134745319021756,0.49396158043469934
2023-05-05,0.0,-0.034297783170387876,0.5115766881351484
2023-05-08,0.0,-0.029613301122981994,0.52145405980591
2023-05-09,0.0,-0.03557776477750821,0.5328932697864511
2023-05-10,0.0,-0.04534916611004977,0.5349393326534186
2023-05-11,0.0,-0.024889083596915825,0.5473882566404361
2023-05-12,0.0,-0.025090831727837045,0.5358511290209748
2023-05-15,0.0,-0.029469861086922965,0.5334130182776042
2023-05-16,0.0,-0.022980981442599007,0.5349662615158506
2023-05-17,0.0,-0.01996727524244728,0.5258790462404308
2023-05-18,1.0,0.0002196943192309868,0.5398912095037101
2023-05-19,0.0,-0.01214087183454415,0.5284498510548636
2023-05-22,0.0,-0.011386309612882754,0.5437297865256818
2023-05-23,0.0,-0.019798272081420282,0.5409903059862727
2023-05-24,0.0,-0.012682289017700629,0.5334420112610441
2023-05-25,0.0,-0.013965120118942359,0.5372525434220133
2023-05-26,0.0,-0.013382191694095132,0.544564678523016
2023-05-29,0.0,-0.01098434775169921,0.5466178840089622
2023-05-30,0.0,-0.023487710639759775,0.5470029963386086
2023-05-31,0.0,-0.028608086759645015,0.5525401421686491
2023-06-01,0.0,-0.03548017738443688,0.5764919731656063
2023-06-02,0.0,-0.014796007552625775,0.5795557159974356
2023-06-05,0.0,-0.020672823736971598,0.588313597060609
2023-06-06,0.0,-0.019702790193573204,0.6036418684922109
2023-06-07,0.0,-0.012926640322510145,0.6060784449859993
2023-06-08,0.0,-0.02821668024163848,0.6244901523415057
2023-06-09,0.0,-0.018520287023068217,0.641169453067124
2023-06-12,0.0,-0.01698283321080102,0.6435325352229903
2023-06-13,0.0,-0.005934827402599848,0.6351069269313414
2023-06-14,1.0,0.007714005970446436,0.6342835635357482
2023-06-15,1.0,0.001414084411933629,0.6236978306318224
2023-06-16,0.0,-0.0014058767955960167,0.6338188972459688
2023-06-19,1.0,0.002899681325166013,0.6253865762070011
2023-06-20,1.0,0.02165005887599831,0.6382711433977158
2023-06-21,1.0,0.022446402392605872,0.6336484883098672
2023-06-22,1.0,0.028642264561676848,0.6370856862531896
2023-06-23,1.0,0.02099905310192123,0.6241764246561172
2023-06-26,1.0,0.016160456920515376,0.6241482143705662
2023-06-27,1.0,0.026485158937638788,0.6341317913084563
2023-06-28,1.0,0.03342771621360799,0.6364024991908154
2023-06-29,1.0,0.019535804343958303,0.6372530669110461
2023-06-30,1.0,0.0205035956906206,0.6219830742149084
2023-07-03,1.0,0.022353941617537666,0.6309555762544945
2023-07-04,1.0,0.009874198147652858,0.6362181363028445
2023-07-05,1.0,0.010148889442565288,0.6302480317855489
2023-07-06,1.0,0.012185311099461174,0.6410683314948998
2023-07-07,1.0,0.009251544335908978,0.6344805573692378
2023-07-10,1.0,0.006087392031660568,0.6375809235577098
2023-07-11,0.0,-0.0037181414811784355,0.6325094377638976
2023-07-12,0.0,-0.022491667401096094,0.6235328670462251
2023-07-13,0.0,-0.024848982422944504,0.6280850531957048
2023-07-14,0.0,-0.021543129171198754,0.6287142333178994
2023-07-17,0.0,-0.02489854036928551,0.6267014706119006
2023-07-18,0.0,-0.0395738058627946,0.6177151215345638
2023-07-19,0.0,-0.04372029478873871,0.6298245095491647
2023-07-20,0.0,-0.0415709172644467,0.6279845260728648
2023-07-21,0.0,-0.03746499758463193,0.6279432212009594
2023-07-24,0.0,-0.03105455547759155,0.6285909192566055
2023-07-25,0.0,-0.03485613175667032,0.6313795082721356
2023-07-26,0.0,-0.02900670534709517,0.6303657558611405
2023-07-27,0.0,-0.015059371315629512,0.6319169530220302
2023-07-28,0.0,-0.023028454356626836,0.6216869460456107
2023-07-31,0.0,-0.023056874438296505,0.6117071354509714
2023-08-01,0.0,-0.003375204492436871,0.6178623992087161
2023-08-02,1.0,0.004096801560944424,0.6174305789993659
2023-08-03,1.0,0.0031031792447997752,0.6113785681916053
2023-08-04,0.0,-0.0013495556756794916,0.6116365821225777
2023-08-07,1.0,0.0011253414636981896,0.6045153387267787
2023-08-08,1.0,0.0004986287812112266,0.6076953749188534
2023-08-09,1.0,0.0014098850929476691,0.6224667532488192
2023-08-10,1.0,0.0037375025237456525,0.6073071386183189
2023-08-11,1.0,0.002625872339995546,0.603749064412857
2023-08-14,1.0,0.008044339242686554,0.6058814806251918
2023-08-15,1.0,0.006107921776153794,0.6095596981624404
2023-08-16,1.0,0.008596441192033103,0.5977435245221497
2023-08-17,1.0,0.011589908412124516,0.5851042188707342
2023-08-18,1.0,0.01818818548616452,0.5820276712572671
2023-08-21,1.0,0.020153092177924426,0.5751373553589031
2023-08-22,1.0,0.017424292786986758,0.581612277729892
2023-08-23,1.0,0.007449229878162697,0.5847906128967685
2023-08-24,1.0,0.0013452846679833463,0.5795959387372647
2023-08-25,1.0,0.0052927816827036496,0.5731104796834805
2023-08-28,0.0,-0.0024981042532988963,0.5863380994414346
2023-08-29,0.0,-0.019340865908792484,0.5690794941357682
2023-08-30,0.0,-0.03537511474549494,0.5532667520557006
2023-08-31,0.0,-0.03980797757724343,0.5595470312120631
2023-09-01,0.0,-0.048371194904979375,0.5642483866859098
2023-09-04,0.0,-0.05879735116970142,0.573222056768007
2023-09-05,0.0,-0.055111510118812504,0.5842282880586483
2023-09-06,0.0,-0.051172461076955326,0.5819536883375918
2023-09-07,0.0,-0.053233931289242024,0.584669948731274
2023-09-08,0.0,-0.0456164895015124,0.5860263151294076
2023-09-11,0.0,-0.032384965746311355,0.5959842542847529
2023-09-12,0.0,-0.028303050903308674,0.5917927112466441
2023-09-13,0.0,-0.018030323087206042,0.5847749570514229
2023-09-14,0.0,-0.022517931785091913,0.5826951111934977
2023-09-15,1.0,0.0045799191563130545,0.5781549173766046
2023-09-18,0.0,-0.007122344964405595,0.5720091539430673
2023-09-19,0.0,-0.004152269468523029,0.5652950174062503
2023-09-20,1.0,0.00912569945553485,0.5736465096377427
2023-09-21,1.0,0.028229930683015915,0.5870137502374861
2023-09-22,1.0,0.028741083352989964,0.5887945556698045
2023-09-25,1.0,0.029583237791742704,0.5988794478194619
2023-09-26,1.0,0.03625637383949031,0.6300509241825498
2023-09-27,1.0,0.05436394705642157,0.6519322852141363
2023-09-28,1.0,0.06263626074102895,0.6343897530852914
2023-09-29,1.0,0.08178982954621639,0.6146545542309346
2023-10-02,1.0,0.08799123528482335,0.5999230432266757
2023-10-03,1.0,0.0846890666008575,0.5830405969166194
2023-10-04,1.0,0.08507766542807785,0.5825290629376656
2023-10-05,1.0,0.08715927607876311,0.5855531255053342
2023-10-06,1.0,0.0834763363544364,0.593615204631573
2023-10-09,1.0,0.060815218629999196,0.5957751488173363
2023-10-10,1.0,0.057133022495856424,0.5944255638234766
2023-10-11,1.0,0.039673024669816724,0.6018187626074304
2023-10-12,1.0,0.04695830884741585,0.6010177526037987
2023-10-13,1.0,0.0029701242436801253,0.5673257553973139
2023-10-16,1.0,0.013694945902443082,0.5716496764450958
2023-10-17,1.0,0.020854944815604348,0.5734018358482462
2023-10-18,1.0,0.0060208453351623045,0.5739005502392847
2023-10-19,1.0,0.003515510891333243,0.5701884479876688
2023-10-20,0.0,-4.543721965377012e-05,0.5819843774018447
2023-10-23,1.0,0.0026397783214189706,0.5799679715928071
2023-10-24,1.0,0.013959160248354288,0.5495398852336308
2023-10-25,1.0,0.005164230414241811,0.5515071917567921
2023-10-26,1.0,0.003837386236716891,0.5492485002913906
2023-10-27,0.0,-0.0020959137369624442,0.5621016267273086
2023-10-30,1.0,0.009052453758322898,0.5323233862348071
2023-10-31,1.0,0.028344650653162627,0.5160933536343443
2023-11-01,1.0,0.03055406348944542,0.5072559898012079
2023-11-02,1.0,0.025149350105960356,0.49992909098093874
2023-11-03,1.0,0.03917476089998134,0.49651706841419624
2023-11-06,1.0,0.025724040409169854,0.498703761038606
2023-11-07,1.0,0.02510932067072406,0.4910232246280935
2023-11-08,1.0,0.0379268693115053,0.48805391415497673
2023-11-09,1.0,0.03519527827643527,0.47583542267612283
2023-11-10,1.0,0.0335435341948832,0.4917129992784236
2023-11-13,1.0,0.01816744861795175,0.49794156402982637
2023-11-14,1.0,0.008186236534906277,0.49357940690295254
2023-11-15,1.0,0.03426160118829227,0.5050053454036163
2023-11-16,1.0,0.027510568708857566,0.5014102643903342
2023-11-17,1.0,0.019387162124175385,0.4930212403343212
2023-11-20,1.0,0.024577004152494274,0.49498434151894805
2023-11-21,1.0,0.02080554904724955,0.49621260507961373
2023-11-22,1.0,0.020982630567049503,0.508812234572241
2023-11-23,1.0,0.02659644955169461,0.5126160766385218
2023-11-24,1.0,0.025181808627894688,0.5247440389589961
2023-11-27,1.0,0.026358122285388093,0.5115783807078549
2023-11-28,1.0,0.017919938851004704,0.5265597859938327
2023-11-29,1.0,0.010283063401220044,0.5391039082081915
2023-11-30,1.0,0.012931606949559197,0.5360512815674873
2023-12-01,0.0,-0.006325510956038021,0.5378704641376894
2023-12-04,1.0,0.005962789041386264,0.5173964356560405
2023-12-05,1.0,0.011768710821363855,0.5200100390819516
2023-12-06,1.0,0.010051051937989879,0.5136005343819384
2023-12-07,0.0,-0.0002726674561166794,0.5147273577687604
2023-12-08,1.0,0.012702729066026996,0.5053433065989995
2023-12-11,1.0,0.02121091700520435,0.5019737366667768
2023-12-12,1.0,0.02464190393692893,0.5016485233120274
2023-12-13,1.0,0.010446457418068752,0.504073171209259
2023-12-14,1.0,0.008774141324295522,0.5127481986201856
2023-12-15,1.0,0.004283984375929346,0.5024622006321948
2023-12-18,0.0,-0.010433702583019656,0.5055378663297049
2023-12-19,0.0,-0.00850128429712976,0.5120315982951337
2023-12-20,0.0,-0.0011622439508703077,0.50183414647459
2023-12-21,0.0,-0.01216651553404912,0.5018638657462671
2023-12-22,0.0,-0.01167813080998786,0.5031550579915496
2023-12-26,0.0,-0.026176397177379736,0.5153909403194126
2023-12-27,0.0,-0.027815360837380353,0.522712127977475
2023-12-28,0.0,-0.023125957136105352,0.5217871560167119
2023-12-29,0.0,-0.014476438449696961,0.5213218874749088
2024-01-02,0.0,-0.010798376031919488,0.5345513744767779
2024-01-03,0.0,-0.0010244345674494664,0.5222577590180829
2024-01-04,1.0,0.005574403191002797,0.5247817795068338
2024-01-05,0.0,-0.0029770160285732305,0.5277159725179343
2024-01-08,0.0,-0.001396551780953151,0.5437506510753938
2024-01-09,1.0,0.0026960227879214765,0.5564767374322581
2024-01-10,1.0,0.005272363657423593,0.5476274286670255
2024-01-11,1.0,0.0025058598016403032,0.5348788678477856
2024-01-12,0.0,-0.01204091319750049,0.5548841985139206
2024-01-15,0.0,-0.01684589865013616,0.5611299808626269
2024-01-16,0.0,-0.01755822884592472,0.5619025291964783
2024-01-17,0.0,-0.0069234028004984405,0.5828265645354993
2024-01-18,0.0,-0.009302415763047155,0.580816580109724
2024-01-19,0.0,-0.008074395186197438,0.580042796552514
2024-01-22,0.0,-0.0015622469323534616,0.5895932791738586
2024-01-23,0.0,-0.0024277665380709624,0.5837413383106967
2024-01-24,1.0,0.0057825333666932065,0.5906394021879621
2024-01-25,1.0,0.0019821915855728544,0.5975878924290596
2024-01-26,1.0,0.008536664287011655,0.5887365621872268
2024-01-29,0.0,-0.0010187409834177346,0.5804228015306666
2024-01-30,0.0,-0.003212134004284426,0.5807727970501645
2024-01-31,0.0,-0.002464899767347239,0.5720086883426998
2024-02-01,0.0,-0.005216681750400734,0.5598740611688087
2024-02-02,1.0,0.02092432108715071,0.5639978169850312
2024-02-05,1.0,0.043149253905746955,0.5701908967984245
2024-02-06,1.0,0.0443311701553739,0.5615696416411878
2024-02-07,1.0,0.054125546637772734,0.5682250660096098
2024-02-08,1.0,0.060077679554968955,0.5696786486400801
2024-02-09,1.0,0.07369766389881964,0.5898039632757931
2024-02-12,1.0,0.07739377374845799,0.5921613293394443
2024-02-13,1.0,0.07963443531719816,0.611772027269356
2024-02-14,1.0,0.08743579599407914,0.6004441710667001
2024-02-15,1.0,0.0757797113330171,0.5912100224174388
2024-02-16,1.0,0.06842723602019225,0.5857726331744765
2024-02-19,1.0,0.06813162706350899,0.5858591371431379
2024-02-20,1.0,0.06374773181452147,0.5839771077308876
2024-02-21,1.0,0.07599547813097243,0.5798557567674396
2024-02-22,1.0,0.07436898839241395,0.5852982204081593
2024-02-23,1.0,0.06183737261483162,0.584796002027697
2024-02-26,1.0,0.066824471444826,0.5938875215182416
2024-02-27,1.0,0.07062539311701063,0.5967160005100072
2024-02-28,1.0,0.076017502155805,0.5801838847237125
2024-02-29,1.0,0.08892329280971231,0.5815781465588088
2024-03-01,1.0,0.07802024618793735,0.5438097244266314
2024-03-04,1.0,0.07579606612784093,0.5289427032806303
2024-03-05,1.0,0.0777962613761301,0.5302783991321411
2024-03-06,1.0,0.06433627533548283,0.5184373522939667
2024-03-07,1.0,0.07570743264386283,0.5229078455368084
2024-03-08,1.0,0.07080722435097368,0.5161765427473971
2024-03-11,1.0,0.0751377527915546,0.519496393736209
2024-03-12,1.0,0.07835553579313403,0.5022607597689607
2024-03-13,1.0,0.08711256186460099,0.5107679949152392
2024-03-14,1.0,0.08057650266006518,0.5138622653347157
2024-03-15,1.0,0.10039111118149843,0.5088342907408456
2024-03-18,1.0,0.09798527203251811,0.5083520840345918
2024-03-19,1.0,0.09006234981666153,0.505091484386636
2024-03-20,1.0,0.0846883072591024,0.5089864408539324
2024-03-21,1.0,0.09233501747284635,0.4999125549987375
2024-03-22,1.0,0.07205939375885824,0.49617733734816266
2024-03-25,1.0,0.06693247473692927,0.4899409494244731
2024-03-26,1.0,0.06109447537479143,0.4852183614623126
2024-03-27,1.0,0.06054903718130806,0.46481067860237396
2024-03-28,1.0,0.045385127944602574,0.4080078088449581
2024-04-01,1.0,0.03669564459253937,0.3988842591936986
2024-04-02,1.0,0.0021928954536162876,0.3906356134826951
2024-04-03,1.0,0.008501624549180875,0.3952367400877068
2024-04-04,1.0,0.005483234842121288,0.4139639831340184
2024-04-05,0.0,-0.011935799693283726,0.4168163977064095
2024-04-08,0.0,-0.006554143208180376,0.44395105991051653
2024-04-09,0.0,-0.016638989526739374,0.44097540246606615
2024-04-10,0.0,-0.011038267837673019,0.4250495508015169
2024-04-11,0.0,-0.010938539964441623,0.437950905653037
2024-04-12,1.0,0.007201043979055611,0.42357015598010256
2024-04-15,0.0,-0.019798473341296776,0.43019859495368307
2024-04-16,0.0,-0.010372094950269172,0.4395151561895366
2024-04-17,1.0,0.010631068984714926,0.4406597132755235
2024-04-18,0.0,-0.0010816949850841928,0.4551848920472448
2024-04-19,1.0,0.00945854871230552,0.44454949602924193
2024-04-22,1.0,0.041733213617559155,0.4241061233289289
2024-04-23,1.0,0.04186119746279083,0.4302974360126476
2024-04-24,1.0,0.02673463208719253,0.4384514139586059
2024-04-25,0.0,-0.0012479183314740199,0.44306026106388663
2024-04-26,0.0,-0.0016697353710259611,0.4588504289002412
2024-04-29,1.0,0.00650411572737213,0.4501588461861107
2024-04-30,1.0,0.03242823871821652,0.46768301799105483
2024-05-01,1.0,0.007746531675204958,0.47866235763181847
2024-05-02,1.0,0.017033759674225924,0.48442038095860784
2024-05-03,1.0,0.010819090604478773,0.4888112869661638
2024-05-06,1.0,0.011484579170371621,0.49258766056748693
2024-05-07,1.0,0.0055651146805101035,0.4964989627456192
2024-05-08,1.0,0.020037725246814186,0.4874125877213479
2024-05-09,1.0,0.012353633248533717,0.4913157606862406
2024-05-10,0.0,-0.028671439837926575,0.48882932663649376
2024-05-13,0.0,-0.011146636211113828,0.511277789744634
2024-05-14,0.0,-0.01780837535941471,0.5149694880413792
2024-05-15,0.0,-0.0259835933762583,0.5131143112001992
2024-05-16,0.0,-0.031092801773776935,0.5253610252289785
2024-05-17,0.0,-0.03463732117729851,0.5107485483305501
2024-05-20,0.0,-0.04514929013437321,0.5014295093673201
2024-05-21,0.0,-0.0385735279813943,0.5124204208245208
2024-05-22,0.0,-0.021342761934460316,0.5150927226237775
2024-05-23,1.0,0.01321216234764697,0.5224946990975298
2024-05-24,0.0,-0.005284425426734779,0.5367933801056953
2024-05-27,0.0,-0.006953795498717946,0.5540487901511715
2024-05-28,0.0,-0.017881831212966846,0.5411331661392631
2024-05-29,0.0,-0.0169963418006021,0.552512377914535
2024-05-30,0.0,-0.006532091768576164,0.5616540984278663
2024-05-31,0.0,-0.0003524516919779162,0.5500707204759354
2024-06-03,0.0,-0.008082250113572593,0.557157491689982
2024-06-04,1.0,0.0010845883225371715,0.5626608093499532
2024-06-05,1.0,0.0003226600804076484,0.5546058251991892
2024-06-06,0.0,-0.0079693652505862,0.5666533016876938
2024-06-07,1.0,0.04172866465652657,0.5805207683409825
2024-06-10,1.0,0.020552115787685024,0.5733414597293792
2024-06-11,1.0,0.02023922868254366,0.5869157688533568
2024-06-12,1.0,0.019729453943941787,0.5982477834402299
2024-06-13,1.0,0.04703513876266135,0.5946373174501773
2024-06-14,1.0,0.03302492235415127,0.6070525925726667
2024-06-17,1.0,0.04350736202681886,0.6134221805296078
2024-06-18,1.0,0.058094404412007555,0.621065005013472
2024-06-19,1.0,0.0544805876320954,0.6161953228732733
2024-06-20,1.0,0.035390540612153305,0.6000642050332158
2024-06-21,1.0,0.033522550028110235,0.6390388940469868
2024-06-24,1.0,0.026095091311817416,0.6541230661752655
2024-06-25,1.0,0.03803794950371827,0.6671433668227131
2024-06-26,1.0,0.04216980330903095,0.6709013720467336
2024-06-27,1.0,0.01562681991797301,0.6569403500775467
2024-06-28,1.0,0.025776722936257233,0.651598978184261
2024-07-01,1.0,0.022148498739424954,0.6560607914132253
2024-07-02,1.0,0.03428041494448359,0.653343167942666
2024-07-03,1.0,0.0380069314375696,0.6368802761117568
2024-07-04,1.0,0.03729465640146443,0.6481394863520012
2024-07-05,1.0,0.021038075334318736,0.594234943913625
2024-07-08,1.0,0.021531327728708964,0.628228716884136
2024-07-09,1.0,0.01113597722545866,0.6373330246709912
2024-07-10,1.0,0.004937190871387783,0.6396394485885498
2024-07-11,1.0,0.005126702802564787,0.6142717977574897
2024-07-12,1.0,0.008303568237527623,0.6321915593852611
2024-07-15,1.0,0.0204097057391834,0.6146462280664606
2024-07-16,0.0,-0.001500010416459315,0.6126334389275221
2024-07-17,0.0,-0.00451877524985179,0.6128712070773005
2024-07-18,1.0,0.004788480909128195,0.6268027102229657
2024-07-19,1.0,0.04331005099703207,0.6099160458406546
2024-07-22,1.0,0.04386569699330587,0.6189301075693563
2024-07-23,1.0,0.04242721385058597,0.6047899631853885
2024-07-24,1.0,0.046799301313818216,0.5975992636705141
2024-07-25,1.0,0.04958380877308441,0.6017255905425116
2024-07-26,1.0,0.0510919661442159,0.6032264099349224
2024-07-29,1.0,0.05474550291956076,0.6146189790325955
2024-07-30,1.0,0.046122350490763575,0.5959897430181391
2024-07-31,1.0,0.023127940067784552,0.5962607396272227
2024-08-01,1.0,0.03013536970988233,0.6038302794867471
2024-08-02,1.0,0.02463188682153263,0.6154302648787802
2024-08-05,1.0,0.03642454924611169,0.606192294491476
2024-08-06,1.0,0.04190046758201022,0.6200116964917263
2024-08-07,1.0,0.04615606199923584,0.6286818529809619
2024-08-08,1.0,0.03615057421558714,0.6218327600095929
2024-08-09,1.0,0.026942658154156224,0.6230048280850496
2024-08-12,1.0,0.013636757587090856,0.6228624919744536
2024-08-13,1.0,0.020655055495737356,0.6338461091277308
2024-08-14,1.0,0.0257129194123321,0.6199220124773354
2024-08-15,1.0,0.04065939523061955,0.6036038387557853
2024-08-16,1.0,0.027839961318290366,0.5778886146942085
2024-08-19,1.0,0.030909630066227663,0.5900407520221838
2024-08-20,1.0,0.02182979456289177,0.6001773597430105
2024-08-21,1.0,0.018526608202094026,0.5953158056175154
2024-08-22,1.0,0.04023280080837996,0.5798230331080131
2024-08-23,1.0,0.04275498998914526,0.5852476048823447
2024-08-26,1.0,0.042977793059634735,0.5835471425428778
2024-08-27,1.0,0.05113831209887933,0.5897042772971743
2024-08-28,1.0,0.05911091095194324,0.6100395818229533
2024-08-29,1.0,0.05819780190959941,0.6164314515432849
2024-08-30,1.0,0.06008065153943532,0.6005843330395866
2024-09-02,1.0,0.05254634996868099,0.5980377685977054
2024-09-03,1.0,0.06617783557839957,0.5956296866675502
2024-09-04,1.0,0.06332148692142507,0.589358273148954
2024-09-05,1.0,0.05388063900295667,0.5867252988775089
2024-09-06,1.0,0.060666787656574746,0.5965052316584125
2024-09-09,1.0,0.053136761703665866,0.598814032912727
2024-09-10,1.0,0.04104960985640778,0.5921135265404663
2024-09-11,1.0,0.0375260152073557,0.5916082980070997
2024-09-12,1.0,0.0274145555006068,0.5112988145771276
2024-09-13,1.0,0.030276657745460216,0.5324465132952632
2024-09-16,1.0,0.02564015116059312,0.5521801077229365
2024-09-17,1.0,0.03565556277758059,0.5618042150473037
2024-09-18,1.0,0.04381403964152401,0.563005447547682
2024-09-19,1.0,0.04024497786590118,0.5585126103711348
2024-09-20,1.0,0.03698849478882023,0.5586313006165637
2024-09-23,1.0,0.034045101186115714,0.5770170808253637
2024-09-24,1.0,0.033940507497807894,0.5771410509254395
2024-09-25,1.0,0.021670954910512838,0.5881720212093611
2024-09-26,1.0,0.023637529052367483,0.5899761647976371
2024-09-27,1.0,0.032994056801572594,0.5834383048903377
2024-09-30,1.0,0.040126590221282135,0.5789771404066243
2024-10-01,1.0,0.040971436048531644,0.5853511455767771
2024-10-02,1.0,0.04725566268876701,0.589766765730746
2024-10-03,1.0,0.032516910891397986,0.5888756024593703
2024-10-04,1.0,0.030631056116636107,0.5862587173306222
2024-10-07,1.0,0.034806491887986304,0.5827860398209802
2024-10-08,1.0,0.04548985395781174,0.5899520862535625
2024-10-09,1.0,0.01958007839890316,0.5831986889228239
2024-10-10,1.0,0.0286398400649495,0.5869604905615583
2024-10-11,1.0,0.010180048726908808,0.5845707885449322
2024-10-14,0.0,-0.011359714463530337,0.5944866007460609
2024-10-15,0.0,-0.024398037891315737,0.5734341507445166
2024-10-16,0.0,-0.03860454242570706,0.5568528796318085
2024-10-17,0.0,-0.0489100335722792,0.5243672024953601
2024-10-18,0.0,-0.05975947088377554,0.5192932931394805
2024-10-21,0.0,-0.04045732466019864,0.5384835759834804
2024-10-22,0.0,-0.04328049786332281,0.5415619850429487
2024-10-23,0.0,-0.024182754428013636,0.5488047888009686
2024-10-24,0.0,-0.024608822067907783,0.5629208757433453
2024-10-25,0.0,-0.01146831998821773,0.5599435997170659
2024-10-28,0.0,-0.04376199048767157,0.5541258499516548
2024-10-29,0.0,-0.05240129724647495,0.5491298327613494
2024-10-30,0.0,-0.055799050407397396,0.5460629255584656
2024-10-31,0.0,-0.03930834260817789,0.5472221145430998
2024-11-01,0.0,-0.03173973712619467,0.5555886805550946
2024-11-04,0.0,-0.03634781439763376,0.5602663645944557
2024-11-05,0.0,-0.03730542507803951,0.5453406251720843
2024-11-06,0.0,-0.0036057323805491733,0.542125234661043
2024-11-07,0.0,-0.027852956274066695,0.5547407522749824
2024-11-08,0.0,-0.019324997981689067,0.5707468277899658
2024-11-11,1.0,0.015147496458980194,0.5998939634755348
2024-11-12,1.0,0.03601139664249954,0.6038626629845154
2024-11-13,1.0,0.054914080825607205,0.5989362476100185
2024-11-14,1.0,0.0444248865675126,0.5832750897700275
2024-11-15,1.0,0.032505116961153394,0.5777596456253716
2024-11-18,1.0,0.015613014365366015,0.5856131343984976
2024-11-19,1.0,0.0051045267041819236,0.6020957603275294
2024-11-20,0.0,-0.025053658007675447,0.6021237191202169
2024-11-21,0.0,-0.02880140099864974,0.6051349824047548
2024-11-22,0.0,-0.03498513488785801,0.6164896722528631
2024-11-25,0.0,-0.004969186816258265,0.610421213321509
2024-11-26,0.0,-0.006189769147307619,0.6264341750706222
2024-11-27,0.0,-0.0073285982125883675,0.6346466900043688
2024-11-28,0.0,-0.0019106551844225428,0.6335405841166841
2024-11-29,0.0,-0.010995471268920283,0.6340780363606778
2024-12-02,0.0,-0.012528146835480626,0.6163437420210184
2024-12-03,0.0,-0.007238917699576817,0.6242064839014302
2024-12-04,1.0,0.0029661645560962917,0.616724372911599
2024-12-05,1.0,0.0025597372648066084,0.6301773178532598
2024-12-06,1.0,0.0012644585439351248,0.6177474292951597
2024-12-09,0.0,-0.004208736473458011,0.6066008181814572
2024-12-10,0.0,-0.012079222062542349,0.5985017096853212
2024-12-11,0.0,-0.017773146848394438,0.5923832851395016
2024-12-12,1.0,0.0034001351099664217,0.6009605350028089
2024-12-13,1.0,0.005683780975007245,0.6090496166528968
2024-12-16,1.0,0.009072080158472752,0.6090904573147043
2024-12-17,1.0,0.018776526142702688,0.620732318526561
2024-12-18,1.0,0.04876890226509082,0.6580075793364057
2024-12-19,1.0,0.04099556158329107,0.6522371440288636
2024-12-20,1.0,0.03299959106859308,0.6593845612310423
2024-12-23,1.0,0.04943842571794931,0.6359168655307427
2024-12-24,1.0,0.05183900012071058,0.6361280846848971
2024-12-25,1.0,0.05125459748334104,0.634703911298607
2024-12-26,1.0,0.05083548546063902,0.6342573524414599
2024-12-27,1.0,0.044179811065638765,0.6417959154697763
2024-12-30,1.0,0.058615583578827894,0.6477938649039062
2024-12-31,1.0,0.049967897352618765,0.6347477558227251
2025-01-02,1.0,0.05001170562598513,0.630138901313383
2025-01-03,1.0,0.05877487393049541,0.6360153542520124
2025-01-06,1.0,0.06539243538352456,0.6440977392842792
2025-01-07,1.0,0.07042238877311863,0.645349300692304
2025-01-08,1.0,0.07425787179035837,0.6486808923801649
2025-01-09,1.0,0.06745496168981364,0.6641166912100533
2025-01-10,1.0,0.06141871511597285,0.6425623346212055
2025-01-13,1.0,0.08805466084727587,0.6517216638076154
2025-01-14,1.0,0.0791050387232734,0.645811000656903
2025-01-15,1.0,0.07441552897881906,0.643133548729729
2025-01-16,1.0,0.07575260479618051,0.6128599647566914
2025-01-17,1.0,0.06447734045091869,0.6230245385199888
2025-01-20,1.0,0.06712499526654594,0.6293048144262755
2025-01-21,1.0,0.06747312848940581,0.6202019274561139
2025-01-22,1.0,0.0623991157380816,0.6354840561761413
2025-01-23,1.0,0.06496063656603172,0.6291139482595761
2025-01-24,1.0,0.05784480076565821,0.6344611241667464
2025-01-27,1.0,0.07485997244664615,0.6354895263366763
2025-01-28,1.0,0.05338628515358498,0.6299845370394167
2025-01-29,1.0,0.05549264531258285,0.6274763937280495
2025-01-30,1.0,0.029286301883808086,0.6090602521267704
2025-01-31,1.0,0.020820086291014953,0.6047093419583532
2025-02-03,1.0,0.027098034226342816,0.5946740082103956
2025-02-04,1.0,0.026130237429246195,0.5678800538638928
2025-02-05,1.0,0.01815098137808223,0.563049339351028
2025-02-06,1.0,0.019137713858265078,0.5563537812938202
2025-02-07,1.0,0.017062580616040553,0.5549335040326047
2025-02-10,0.0,-0.006576927938684872,0.5373383486304744
2025-02-11,1.0,0.006395975735302468,0.5473547108980128
2025-02-12,1.0,0.009919730470677962,0.5526959392611577
2025-02-13,1.0,0.020609073674638868,0.552429705080543
2025-02-14,1.0,0.034681989699911875,0.5493133694574273
2025-02-17,1.0,0.03452608349472302,0.5457519835351768
2025-02-18,1.0,0.033105921736564896,0.5388520977409337
2025-02-19,1.0,0.037988162916203085,0.5415364692666149
2025-02-20,1.0,0.03521315793395934,0.5406874259768605
2025-02-21,1.0,0.029488125002969198,0.5391102858445633
2025-02-24,1.0,0.019688236550050454,0.5237095359572308
2025-02-25,1.0,0.03549208624101946,0.5220970921707437
2025-02-26,1.0,0.034730761716425876,0.5168947803045879
2025-02-27,1.0,0.06037909188394198,0.5304096852758532
2025-02-28,1.0,0.07656303065423631,0.5349769891143636
2025-03-03,1.0,0.0770124689348247,0.5325615882403767
2025-03-04,1.0,0.06536693974355894,0.5258094607305726
2025-03-05,1.0,0.07160294608627348,0.5369018729562951
2025-03-06,1.0,0.06757539620009767,0.5431147568952268
2025-03-07,1.0,0.043040848138927036,0.5368225199702191
2025-03-10,1.0,0.03218725044412929,0.5568269494437182
2025-03-11,1.0,0.022599055953460585,0.5473051130462759
2025-03-12,1.0,0.04957851831717937,0.5404956976307147
2025-03-13,1.0,0.06062422811882494,0.491297667421839
2025-03-14,1.0,0.08178149305498611,0.49721197097119135
2025-03-17,1.0,0.06753568325502207,0.5057462745412037
2025-03-18,1.0,0.062443306655523605,0.5038015588270848
2025-03-19,1.0,0.09263431552878494,0.5131336712741028
2025-03-20,1.0,0.08873905453601788,0.5290882526511349
2025-03-21,1.0,0.12456203715822467,0.5337743889242684
2025-03-24,1.0,0.11527259224908143,0.5421543401819189
2025-03-25,1.0,0.08506400189078771,0.5302913219575975
2025-03-26,1.0,0.10339606901229396,0.5319335101664657
2025-03-27,1.0,0.08264306466529657,0.5296341322803398
2025-03-28,1.0,0.08070165375019202,0.5074823993511015
2025-03-31,1.0,0.06017499585893321,0.4990391797016976
2025-04-01,1.0,0.05456296330260064,0.5086666534566363
2025-04-02,1.0,0.03231841145765362,0.509502195930735
2025-04-03,1.0,0.03969295797623865,0.49876255691479476
2025-04-04,1.0,0.09285553854250488,0.4965462119328729
2025-04-07,1.0,0.13996124205786808,0.4962090176283484
2025-04-08,1.0,0.12040141065590848,0.5101054536502165
2025-04-09,1.0,0.07001354877466869,0.5039859698425128
2025-04-10,1.0,0.046593169147571646,0.5153171545914615
2025-04-11,0.0,-0.000769272395880146,0.5036929847127829
2025-04-14,1.0,0.01220535498425661,0.5177402637934975
2025-04-15,0.0,-0.01663209822673198,0.5426005413253858
2025-04-16,0.0,-0.03125546406578823,0.531934253678888
2025-04-17,0.0,-0.03831299349038238,0.5403543295108586
2025-04-21,0.0,-0.05850630621746109,0.536831776529894
2025-04-22,0.0,-0.027017565572704443,0.5246943706983522
2025-04-23,1.0,0.008003314306618204,0.5232932017291563
2025-04-24,0.0,-0.016096842221419574,0.5280715081792127
2025-04-25,1.0,0.011611089185446774,0.5293277262558898
2025-04-28,0.0,-0.0004038427939781186,0.5390097747170636
2025-04-29,0.0,-0.004878316472826701,0.5426077346160441
2025-04-30,0.0,-0.0005825454052016809,0.5375323984545478
2025-05-01,1.0,0.024228744872679876,0.531677610607034
2025-05-02,1.0,0.014694276975916605,0.5304244262796686
2025-05-05,1.0,0.01428753194265268,0.5106504584558256
2025-05-06,0.0,-0.023061197478674064,0.5180654063279594
2025-05-07,1.0,0.0023218675625089748,0.5036934943441275
2025-05-08,1.0,0.013941030313989492,0.4983944240705069
2025-05-09,0.0,-0.005120619754636105,0.5150441882205049
2025-05-12,1.0,0.02726748821853889,0.5259661639306318
2025-05-13,1.0,0.02228874107225106,0.5179391572873276
2025-05-14,1.0,0.05464811437619392,0.5441729390211992
2025-05-15,1.0,0.0441976080030206,0.5672901000554531
2025-05-16,1.0,0.06982955576863369,0.5687811805644699
2025-05-19,1.0,0.04671016538578339,0.5858584203305197
2025-05-20,1.0,0.029284647610328483,0.5794649610845168
2025-05-21,1.0,0.01619409217878466,0.569617949785091
2025-05-22,1.0,0.022780055677505847,0.5671557718424023
2025-05-23,1.0,0.0030098939343738106,0.5564189354543028
2025-05-26,1.0,0.0075561816917525376,0.5685453892927966
2025-05-27,1.0,0.006694795414041797,0.5697109546857875
2025-05-28,1.0,0.01382675177667191,0.5759635889712262
2025-05-29,1.0,0.0029824715509438595,0.5608682130179815
2025-05-30,0.0,-0.004646517801113826,0.569489745268453
2025-06-02,0.0,-0.023540040111113297,0.5829955056383568
2025-06-03,0.0,-0.004650083152531955,0.6008982752274235
2025-06-04,0.0,-0.004446552188606304,0.5941007825459839
2025-06-05,0.0,-0.007737379318708746,0.5953624321633996
2025-06-06,1.0,0.008266163663496076,0.6101804016133403
2025-06-09,1.0,0.0034106977549578543,0.5986633492692327
2025-06-10,0.0,-0.006667335549970971,0.5998832014656473
2025-06-11,0.0,-0.012593100611332887,0.5797729835572102
2025-06-12,0.0,-0.018684889046362063,0.5868962078593434
2025-06-13,0.0,-0.02315920892569989,0.5557865861178407
2025-06-16,0.0,-0.012137363149277467,0.5445265396587464
2025-06-17,0.0,-0.019047769139471534,0.5604666876306945
2025-06-18,0.0,-0.006697515747804057,0.57588497823344
2025-06-19,0.0,-0.00940499536007805,0.5722307163624476
2025-06-20,0.0,-0.005354846847045763,0.5912082958662311
2025-06-23,1.0,0.008607093404718966,0.5856182055664141
2025-06-24,1.0,0.032154921050584845,0.5987043316904188
2025-06-25,1.0,0.01625476065075821,0.5949100600434589
2025-06-26,1.0,0.01205997186398397,0.5995273046343851
2025-06-27,1.0,0.01902908670117802,0.6117580506702958
2025-06-30,1.0,0.0036349469125618477,0.6064836765037493
2025-07-01,0.0,-0.003385672368980419,0.5815573921046345
2025-07-02,0.0,-0.024693729683100296,0.5915830361570632
2025-07-03,0.0,-0.010996521672327165,0.6181526983295993
2025-07-04,1.0,0.0076721603631139,0.618780655209106
2025-07-07,1.0,0.010717513237569221,0.6267201161343054
2025-07-08,1.0,0.02391019662394621,0.6366443911256923
2025-07-09,1.0,0.016699406153061015,0.6345223627157809
2025-07-10,1.0,0.021801685841927685,0.6467534773530308
2025-07-11,1.0,0.012980151084959307,0.6556560109714153
2025-07-14,0.0,-0.00031415727569870515,0.6566435943154036
2025-07-15,1.0,0.0073470054764174396,0.6594593614222484
2025-07-16,1.0,0.0027368494685594213,0.6284453908423151
2025-07-17,0.0,-0.001182243117852883,0.6421910021114334
2025-07-18,0.0,-0.004300721594722119,0.6350863658674251
2025-07-21,0.0,-0.019278339366013288,0.6027866060106137
2025-07-22,0.0,-0.03429859626196747,0.5964201448969194
2025-07-23,0.0,-0.011691489100410573,0.6117510998954823
2025-07-24,0.0,-0.0086909552013287,0.612254877648633
2025-07-25,1.0,0.01044071650941223,0.60558177275581
2025-07-28,1.0,0.01539750635575563,0.6335072212742272
2025-07-29,1.0,0.020066109542714115,0.6389212132960237
2025-07-30,1.0,0.036410881398254186,0.6520015750343144
2025-07-31,1.0,0.037610847420400724,0.6319253982227536
2025-08-01,1.0,0.024721335254339713,0.6277172601911399
2025-08-04,1.0,0.0301200669158494,0.6075111341137021
2025-08-05,1.0,0.043952356393238315,0.601420706374824
2025-08-06,1.0,0.05477251602321771,0.6057092203267472
2025-08-07,1.0,0.04266602676231099,0.6095321574896969
2025-08-08,1.0,0.053679972099051655,0.6171904060548109
2025-08-11,1.0,0.08439505498071409,0.6492556248276588
2025-08-12,1.0,0.07936829698152856,0.6400325505899509
2025-08-13,1.0,0.08143213972666827,0.6476943444944657
2025-08-14,1.0,0.08576181040908287,0.6535216881687
2025-08-15,1.0,0.08815068699323135,0.6551291082482577
2025-08-18,1.0,0.0990925165856266,0.6593978671258885
2025-08-19,1.0,0.10690388280946178,0.6662769606296798
2025-08-20,1.0,0.08899531587340512,0.6508369082681008
2025-08-21,1.0,0.08736696608659815,0.6452016623247796
2025-08-22,1.0,0.08889639540953412,0.6267355914955602
2025-08-25,1.0,0.10703948678424843,0.6364330722356968
2025-08-26,1.0,0.10336100214890218,0.6254376031210754
2025-08-27,1.0,0.09521930659908331,0.6203213327062732
2025-08-28,1.0,0.09292015375316014,0.6050135845777664
2025-08-29,1.0,0.08664672166225015,0.5997166039194677
2025-09-01,1.0,0.09790686122258437,0.6060358046115134
2025-09-02,1.0,0.08812461108467712,0.6131790449807107
2025-09-03,1.0,0.0827369678428246,0.6163506204608948
2025-09-04,1.0,0.08410418466094227,0.6281615741649296
2025-09-05,1.0,0.08025547837787235,0.6353441509944528
2025-09-08,1.0,0.08510558010222093,0.6216836893276018
2025-09-09,1.0,0.09474776050083906,0.6159519215908622
2025-09-10,1.0,0.10441853818051328,0.6148640007810504
2025-09-11,1.0,0.09005770964871802,0.6098664728245037
2025-09-12,1.0,0.09803836838495107,0.6061327319109374
2025-09-15,1.0,0.11081696099659556,0.5940734875536883
2025-09-16,1.0,0.1155511512967515,0.5697327848257316
2025-09-17,1.0,0.13948895467282507,0.5640186738847198
2025-09-18,1.0,0.1717354184273812,0.5554861517445557
2025-09-19,1.0,0.14308408930837993,0.5494163808789204
2025-09-22,1.0,0.1508346627098153,0.5400815452050728
2025-09-23,1.0,0.09169711850209568,0.5437856517239036
2025-09-24,1.0,0.09252108427750648,0.5430341776601202
2025-09-25,1.0,0.09609675051735643,0.533489842347701
2025-09-26,1.0,0.089706865786778,0.5364224393104409
2025-09-29,1.0,0.0381483547694014,0.5126521211502777
2025-09-30,1.0,0.024104309620308056,0.49648253669871295
2025-10-01,1.0,0.016482585624918042,0.4966574353512694
2025-10-02,1.0,0.04284854179252516,0.4925174139986537
2025-10-03,1.0,0.029673781532281868,0.5111053958351222
2025-10-06,1.0,0.010565318729269102,0.5148102889407082
2025-10-07,0.0,-0.01323619141735231,0.517147144345214
2025-10-08,0.0,-0.015128387352947645,0.5128042196003245
2025-10-09,1.0,0.00024142258374031353,0.5094260606863189
2025-10-10,0.0,-0.00437908073249654,0.5315694897064566
2025-10-13,1.0,0.0013591682719481671,0.5328778622687015
2025-10-14,0.0,-0.0038853273924104106,0.5433217757410428
2025-10-15,0.0,-0.0028496016273733484,0.515324908638091
2025-10-16,0.0,-0.036630830027755246,0.48283019165987556
2025-10-17,0.0,-0.04063361566818024,0.47916436417645325
2025-10-20,0.0,-0.07412271868447949,0.48896611116545374
2025-10-21,0.0,-0.014101144902511322,0.45833218796998904
2025-10-22,0.0,-0.005116852642999539,0.41960000419959764
2025-10-23,0.0,-0.01216017948887121,0.424820527963277
2025-10-24,0.0,-0.011564942957743813,0.4141103896914015
2025-10-27,1.0,0.037640186669659945,0.43411257788259
2025-10-28,1.0,0.04452706662750016,0.44506323056430575
2025-10-29,1.0,0.05757983503206657,0.4567249552252791
2025-10-30,1.0,0.03237405250308218,0.4549780712853201
2025-10-31,1.0,0.052524832014433566,0.4535613105354959
2025-11-03,1.0,0.05593806368000002,0.4521330285204218
2025-11-04,1.0,0.0673040731679278,0.45489775855643694
2025-11-05,1.0,0.054561641501242264,0.46874080468095325
2025-11-06,1.0,0.05644906907369394,0.4439290446934651
2025-11-07,1.0,0.048099868684097595,0.4620274741068399
2025-11-10,1.0,0.01788744084820568,0.4897317286543738
2025-11-11,1.0,0.019471178566890568,0.5001994006794582
2025-11-12,1.0,0.007845924661697309,0.5288203946045725
2025-11-13,1.0,0.0256192587558567,0.5432202862613797
2025-11-14,1.0,0.051822714680423335,0.5397792138618427
2025-11-17,1.0,0.06218449142691034,0.5759380933227088
2025-11-18,1.0,0.05646677078299683,0.5452123998735456
2025-11-19,1.0,0.06189254842551354,0.5363700762674535
2025-11-20,1.0,0.060586657072719145,0.5428910414991066
2025-11-21,1.0,0.06588173771036056,0.549577304839308
2025-11-24,1.0,0.0721287513821866,0.5285636602603921
2025-11-25,1.0,0.08197680988774195,0.5448608077954471
2025-11-26,1.0,0.0733554056416412,0.5373713689139706
2025-11-27,1.0,0.08650997390775315,0.5574009568999667
2025-11-28,1.0,0.026528166693356788,0.5568893071090993
2025-12-01,1.0,0.025405201403309045,0.5586076918121679
2025-12-02,1.0,0.026412520994845912,0.5462116841872174
2025-12-03,1.0,0.030363995561162906,0.5542333484330362
2025-12-04,1.0,0.055250545649435566,0.5554219320420848
2025-12-05,1.0,0.06853033596194699,0.561015685958735
2025-12-08,1.0,0.06159392440111544,0.5857020339096501
2025-12-09,1.0,0.062424795278451115,0.5832350803645147
2025-12-10,1.0,0.06443362567976979,0.5874056237913857
2025-12-11,1.0,0.07200028644119244,0.5716043700844959
2025-12-12,1.0,0.06448422284432322,0.5602754032110168
2025-12-15,1.0,0.07217116786872223,0.5599437498297719
2025-12-16,1.0,0.0701492678589854,0.567130611289448
2025-12-17,1.0,0.05858661211219565,0.5527245570515196
2025-12-18,1.0,0.0756736679528007,0.5559718474445511
2025-12-19,1.0,0.09275437580723793,0.5524762430468412
2025-12-22,1.0,0.08391306443950824,0.5406396122711478
2025-12-23,1.0,0.09631952800956435,0.5485692746190729
2025-12-24,1.0,0.10620583146090923,0.5643363176733657
2025-12-26,1.0,0.10013719592388805,0.5609018332971278
2025-12-29,1.0,0.17882982302918804,0.5792417857852896
2025-12-30,1.0,0.2210483320466905,0.5813211264265984
2025-12-31,1.0,0.2193082735626839,0.5796560686645521
2026-01-02,1.0,0.11900629037885128,0.5766634020873017
2026-01-05,1.0,0.04665832544508102,0.5742864132968913
2026-01-06,1.0,0.09561672656157606,0.5779261041881502
2026-01-07,1.0,0.10811184557541134,0.5809259824676178
2026-01-08,1.0,0.06462673503511364,0.5777825838168964
2026-01-09,1.0,0.09665878870885579,0.5794323879465196
2026-01-12,1.0,0.09536515598977609,0.5803678864604853
2026-01-13,1.0,0.09082461662009678,0.5826251595487358
2026-01-14,1.0,0.09415985649698974,0.5916631067999041
2026-01-15,1.0,0.0642152387855451,0.5584216727913148
2026-01-16,1.0,0.09199677009225696,0.5608250505865194
2026-01-19,1.0,0.06696815625015896,0.5479017999988468
2026-01-20,1.0,0.024044852034374422,0.5326211905442934
2026-01-21,1.0,0.029107893357954873,0.5127132802422831
2026-01-22,1.0,0.012450644156592111,0.51328834063302
2026-01-23,1.0,0.025726828637682192,0.5131734826790534
2026-01-26,1.0,0.04216914294907176,0.5121726626524691
2026-01-27,0.0,-0.009352061520515155,0.4800649141775235
2026-01-28,0.0,-0.047180670645306746,0.4933117827808202
2026-01-29,0.0,-0.037114978871643625,0.44978974712257686
2026-01-30,1.0,0.07844431089768926,0.40373853182837594
2026-02-02,1.0,0.13287898821210445,0.39945059720663845
2026-02-03,1.0,0.028336142707560227,0.4613964513929916
2026-02-04,1.0,0.03088143088231501,0.4444949139758487
2026-02-05,1.0,0.06253019047085598,0.43213211553718756
2026-02-06,1.0,0.03974941264809612,0.4647297006517744
2026-02-09,1.0,0.015861268841209294,0.48327412666825176
2026-02-10,1.0,0.03299481752292721,0.4495163895955653
2026-02-11,1.0,0.01948523609568029,0.4462478357771905
2026-02-12,1.0,0.03126589108798939,0.4430371848079612
2026-02-13,0.0,-0.004792508961423089,0.4583219081040668
2026-02-16,1.0,0.001706152261391979,0.4762783623527192
2026-02-17,1.0,0.02584570902594121,0.47807932470567344
2026-02-18,0.0,-0.03313775294631709,0.5000863896450805
2026-02-19,0.0,-0.0725065256740267,0.5215019324852752
2026-02-20,0.0,-0.1291949662987842,0.5325183852705427
2026-02-23,0.0,-0.1703075038508932,0.5425842057256074
2026-02-24,0.0,-0.13765718719484696,0.5671085618686142
2026-02-25,0.0,-0.13651480104287503,0.5919638100440089
2026-02-26,0.0,-0.16803774722942377,0.6042495758908683
2026-02-27,0.0,-0.1609961915363621,0.5433052330230818
2026-03-02,0.0,-0.1646647273293485,0.5036304748184266
2026-03-03,0.0,-0.08597692360273489,0.5463616595108696
2026-03-04,0.0,-0.07337948372381735,0.5472383691721794
2026-03-05,0.0,-0.08360711944614951,0.5230845085536804
2026-03-06,0.0,-0.1060875592319402,0.5457558322594762
2026-03-09,0.0,-0.0891090816787532,0.5586275738597237
2026-03-10,0.0,-0.09508130854129138,0.5611496872866735
2026-03-11,0.0,-0.08438772598423284,0.5709917947355427
2026-03-12,0.0,-0.06741431545400002,0.5625160412746184
2026-03-13,0.0,-0.05646968602176082,0.5787627608498086
2026-03-16,0.0,-0.0327766996019739,0.571616516999898
2026-03-17,0.0,-0.0426278566958579,0.5518733098819699
2026-03-18,0.0,-0.005437384060410587,0.6051570179701954
2026-03-19,1.0,0.03942060537819898,0.6058848323432966
2026-03-20,1.0,0.07102497084007858,0.6016915338835882
2026-03-23,1.0,0.06847163644316329,0.5930430257580551
2026-03-24,1.0,0.058097766557837084,0.5592683133845628
2026-03-25,1.0,0.04331444768023538,0.5714299029577696
2026-03-26,1.0,0.07238724381324904,0.5772273727416468
2026-03-27,1.0,0.04102467316354677,0.62375819572812
2026-03-30,1.0,0.018204753929025735,0.6465989505948948
2026-03-31,0.0,-0.02632849961547941,0.6486031520672493
2026-04-01,0.0,-0.029196298062430924,0.6674630086121988
2026-04-02,0.0,-0.013484104991712426,0.668856682462169
2026-04-06,0.0,-0.027624134708582194,0.6912617978958638
2026-04-07,0.0,-0.0315013352043351,0.7086111437180286
2026-04-08,0.0,-0.005995454966060784,0.7066813248246019
2026-04-09,0.0,-0.016653239415925707,0.7272848935221328
2026-04-10,0.0,-0.00704789091587514,0.7309987686088042
2026-04-13,0.0,-0.0015045323437393899,0.7312266780626727
2026-04-14,0.0,-0.026828720843469003,0.7410177109926442
2026-04-15,0.0,-0.023203786592088414,0.7586863915848262
2026-04-16,0.0,-0.02923425493415073,0.7347645332271809
2026-04-17,0.0,-0.0636033493778036,0.7369751362605135
2026-04-20,0.0,-0.054526582692699645,0.7053514217561789
2026-04-21,0.0,-0.05176511273174363,0.6774920206785218
2026-04-22,0.0,-0.04233057739373491,0.6946395384764055
2026-04-23,0.0,-0.03507821761773588,0.698638144250147
2026-04-24,0.0,-0.04333499665483515,0.6598335887915693
2026-04-27,0.0,-0.024534402260335778,0.6184621081217853
2026-04-28,0.0,-0.01964590958600485,0.5958218706819509
2026-04-29,0.0,-0.020415198485492256,0.6429849441496601
2026-04-30,0.0,-0.027534405840646228,0.6443102919251004
2026-05-01,0.0,-0.01662119602688158,0.6077718263151609
2026-05-04,0.0,-0.008112549142368928,0.610870734318085
2026-05-05,0.0,-0.014167826964341665,0.6258440957250844
2026-05-06,0.0,-0.05627202874136635,0.6287375183473884
2026-05-07,0.0,-0.04592210768514683,0.6389857336160505
2026-05-08,0.0,-0.08512537289673718,0.6306495251576443
2026-05-11,0.0,-0.0895743462083765,0.6383776927901179
2026-05-12,0.0,-0.10113457026851905,0.6484291353676039
2026-05-13,0.0,-0.14087815607770587,0.6315165132625808
2026-05-14,0.0,-0.09876986230951612,0.6242297328400437
2026-05-15,0.0,-0.07320161936531361,0.6374555150960324
2026-05-18,0.0,-0.05788714765183112,0.648792752963214
2026-05-19,0.0,-0.03418628117304142,0.6488663330406024
2026-05-20,0.0,-0.06462701108312387,0.6386222178892644
2026-05-21,0.0,-0.07377984849997055,0.6334813356363098
2026-05-22,0.0,-0.08107186248839966,0.6408143178463256
2026-05-25,0.0,-0.08857121846735098,0.6378771048583967
2026-05-26,0.0,-0.09170962988599546,0.6309795286186641
2026-05-27,0.0,-0.11001185539676858,0.600110873451058
2026-05-28,0.0,-0.11093102638236386,0.6149003638153617
2026-05-29,0.0,-0.10425299529615875,0.6178262694924379
2026-06-01,0.0,-0.1104012027064459,0.6041939885966128
2026-06-02,0.0,-0.11402606435541902,0.6069660136340156
2026-06-03,0.0,-0.09544914694044465,0.6229071014430467
2026-06-04,0.0,-0.08195890472452746,0.6168225018144666
2026-06-05,0.0,-0.036398000334058656,0.6238092548184611
2026-06-08,0.0,-0.038934287483356395,0.6191053287451971
2026-06-09,0.0,-0.037135309733192116,0.6136301880593417
2026-06-10,1.0,0.0006825335516594398,0.5975788849922148
2026-06-11,0.0,-0.02127538178740231,0.5825599218092499
2026-06-12,0.0,-0.02365412470749016,0.5492399035687017
2026-06-15,0.0,-0.074216502418421,0.5382595586308002
2026-06-16,0.0,-0.06618600223118136,0.5321777259523787
2026-06-17,0.0,-0.047797412582048636,0.542947437947735
2026-06-18,0.0,-0.059082228990633326,0.5451005833231303
2026-06-19,0.0,-0.03409424470871249,0.542273860269649
2026-06-22,0.0,-0.042207035187882574,0.5659100907188109
2026-06-23,0.0,-0.008496451925905193,0.5596550596909609
2026-06-24,1.0,0.03432408934498911,0.570178274201781
2026-06-25,1.0,0.0063346307693213115,0.5579693975151732
2026-06-26,0.0,-0.008909997813686434,0.5747123382864946
2026-06-29,1.0,0.015213990104203047,0.5626339637275778
2026-06-30,1.0,0.005179340555187773,0.5714745577115709
2026-07-01,1.0,0.00909255118352525,0.5858038968892402
2026-07-02,0.0,-0.0047877754181317195,0.6199740793785461
2026-07-03,0.0,-0.03238335940239563,0.6019301667559251
2026-07-06,0.0,-0.02601589252281024,0.6012300889694532
