date,up,fret,p
2011-03-28,1.0,0.04390360360261251,0.5801876420210952
2011-03-29,1.0,0.05918350417092989,0.6755190704308057
2011-03-30,1.0,0.05521434679613805,0.8444177914854727
2011-03-31,1.0,0.05140116880523697,0.8250595173852656
2011-04-01,1.0,0.0399988395635768,0.885130482408966
2011-04-06,1.0,0.02254471816390007,0.8421288963522462
2011-04-07,1.0,0.013177135892657146,0.7876820119773689
2011-04-08,1.0,0.010021095659929194,0.8437931485873277
2011-04-11,1.0,0.014914086239332198,0.7932958438048753
2011-04-12,1.0,0.028203567922746337,0.7786474802218275
2011-04-13,1.0,0.009688836506614108,0.8878546783822933
2011-04-14,1.0,0.02106424255373523,0.8415064488069455
2011-04-15,1.0,0.008333112398651905,0.7943227038479064
2011-04-18,0.0,-0.002019846473087855,0.8412513284952456
2011-04-19,0.0,-0.0012537977241653992,0.8161546611424673
2011-04-20,0.0,-0.006922871438127792,0.7621633717232361
2011-04-21,0.0,-0.006047314651162504,0.730132121990453
2011-04-22,0.0,-0.004763577237947986,0.6814249066332158
2011-04-25,1.0,0.001262267831457745,0.6868854629108295
2011-04-26,1.0,0.014063054170955984,0.8079255453862946
2011-04-27,1.0,0.014384178559181069,0.707696487920363
2011-04-28,0.0,-0.0017620041057329412,0.5837801699584613
2011-04-29,1.0,0.006563166330921515,0.692633293104082
2011-05-03,1.0,0.00897739722559499,0.614893902346519
2011-05-04,1.0,0.010510749881066475,0.8319442431752079
2011-05-05,1.0,0.022547374276773436,0.9368026911085466
2011-05-06,1.0,0.03171738519907937,0.947260570674285
2011-05-09,1.0,0.03290394905710476,0.9526826340387613
2011-05-10,1.0,0.02518562583709896,0.895555370466944
2011-05-11,1.0,0.013761974661290562,0.876231473840648
2011-05-12,1.0,0.033174640221485745,0.893492299084756
2011-05-13,1.0,0.013465449846117014,0.8855372789407239
2011-05-16,1.0,0.019777399775476164,0.9428685987425425
2011-05-17,1.0,0.01781274235711205,0.9195360300505432
2011-05-18,1.0,0.023180319624049067,0.9121469962663613
2011-05-19,1.0,0.01679324578255735,0.85660290901095
2011-05-20,1.0,0.022194720154103075,0.7922095098514661
2011-05-23,1.0,0.02256764278313395,0.6303748380432114
2011-05-24,1.0,0.012878336818693832,0.3906086030103689
2011-05-25,1.0,0.012032105050242235,0.2510733065155298
2011-05-26,0.0,-0.0034030786560523196,0.22830848379609991
2011-05-27,0.0,-0.01914025302547597,0.1897089766332801
2011-05-30,0.0,-0.023210097548429075,0.20103754079678476
2011-05-31,0.0,-0.020329624670576498,0.19552781052648188
2011-06-01,0.0,-0.0106062319862012,0.284587613992012
2011-06-02,0.0,-0.026739984153167442,0.27402619607578715
2011-06-03,0.0,-0.02344476145080295,0.5730920256772237
2011-06-07,0.0,-0.03181094737308343,0.6593974199161995
2011-06-08,0.0,-0.010964436510843632,0.7419438820758368
2011-06-09,1.0,0.001722653311446156,0.8588409046497631
2011-06-10,0.0,-0.004282929563779529,0.7749181743721719
2011-06-13,1.0,0.010494193378130765,0.7729886271190306
2011-06-14,1.0,0.015520196382506303,0.8224888848336239
2011-06-15,1.0,0.02941891121244854,0.7787244625525633
2011-06-16,1.0,0.03556918444814133,0.7535724767826192
2011-06-17,1.0,0.03236728960823516,0.7920604902519573
2011-06-20,1.0,0.03741531787402245,0.7684679628833652
2011-06-21,1.0,0.03906389087509847,0.7798894537559747
2011-06-22,1.0,0.02881495482295828,0.7873244254346522
2011-06-23,1.0,0.037833761185961004,0.6875409408299356
2011-06-24,1.0,0.04136474222532293,0.6346065991429315
2011-06-27,1.0,0.07594519310717061,0.6549872913111471
2011-06-28,1.0,0.0718377872159389,0.8507364488005761
2011-06-29,1.0,0.07093207706309547,0.8500184295511888
2011-06-30,1.0,0.06476129853613426,0.7934237078783832
2011-07-01,1.0,0.07027492294460698,0.8785482456550749
2011-07-04,1.0,0.06682993135683807,0.9282478075629511
2011-07-05,1.0,0.07529605931282216,0.9466026538266655
2011-07-06,1.0,0.08690080731877774,0.8968388326711284
2011-07-07,1.0,0.07842614952955484,0.788451180624738
2011-07-08,1.0,0.07508765171137133,0.7138082968077712
2011-07-11,1.0,0.09650704776669902,0.5546364489278839
2011-07-12,1.0,0.11814521015601441,0.5690512487555186
2011-07-13,1.0,0.10211641764849548,0.7143545416975674
2011-07-14,1.0,0.10844067019257936,0.6604627648052976
2011-07-15,1.0,0.10102636766078144,0.7665460041780908
2011-07-18,1.0,0.08027404242983904,0.7023301859888801
2011-07-19,1.0,0.09241909477891035,0.6226547729621043
2011-07-20,1.0,0.11075746285250355,0.788792669381888
2011-07-21,1.0,0.1050365765555442,0.47233746639607627
2011-07-22,1.0,0.1504230520875719,0.760847596397146
2011-07-25,1.0,0.15482202326162264,0.635160310773878
2011-07-26,1.0,0.1551170465130064,0.5485312493188208
2011-07-27,1.0,0.12358217578653821,0.4743805962251298
2011-07-28,1.0,0.081079438303613,0.526725307620456
2011-07-29,1.0,0.09490243260193751,0.6368758220230232
2011-08-01,1.0,0.12201515315827031,0.7495370565371541
2011-08-02,1.0,0.10383960281711972,0.6990482458821359
2011-08-03,1.0,0.09625752336613572,0.9548188065514489
2011-08-04,1.0,0.0851796558546954,0.9579928903864839
2011-08-05,1.0,0.10255490959394423,0.9560445905439603
2011-08-08,1.0,0.09706030228553064,0.9926549598398576
2011-08-09,1.0,0.08660435271087652,0.9232477244146228
2011-08-10,1.0,0.04570804263426035,0.9055426182379642
2011-08-11,1.0,0.03888778428705355,0.4910013571941283
2011-08-12,1.0,0.06742870401352963,0.5113789984586216
2011-08-15,1.0,0.04960007498479076,0.3658692608055255
2011-08-16,1.0,0.031877455783863785,0.10360588993061035
2011-08-17,1.0,0.016728590416596596,0.08482240439257302
2011-08-18,0.0,-0.012142104110602845,0.051594028859488904
2011-08-19,0.0,-0.01535967183541391,0.0865109943797712
2011-08-22,0.0,-0.06197626631024392,0.01919865642650205
2011-08-23,0.0,-0.04301149347167699,0.010660619004041352
2011-08-24,0.0,-0.03714777784480359,0.013233307486746382
2011-08-25,0.0,-0.00626424952894284,0.266604933182996
2011-08-26,0.0,-0.07290402909525762,0.11383235711355946
2011-08-29,0.0,-0.098516034958515,0.004341474591392635
2011-08-30,0.0,-0.08708463437950173,0.015337468736239536
2011-08-31,0.0,-0.12627197530235154,0.0006682714085951847
2011-09-01,0.0,-0.10632048501253039,0.001433259166826906
2011-09-02,0.0,-0.10970081799708617,0.0007301124681160564
2011-09-05,0.0,-0.12144757599144398,2.94429453643117e-05
2011-09-06,0.0,-0.13068372973424147,5.929432795342923e-06
2011-09-07,0.0,-0.08909242316561497,0.00015542834174600627
2011-09-08,0.0,-0.0987217517661137,5.2848559387650986e-05
2011-09-09,0.0,-0.11147107255066523,5.434693117035053e-06
2011-09-13,0.0,-0.09869422406558666,5.34102858420387e-05
2011-09-14,0.0,-0.10529296962003652,3.1836077615468426e-05
2011-09-15,0.0,-0.11938201265200334,6.723073848749035e-05
2011-09-16,0.0,-0.0875108793614688,0.00044867028267445055
2011-09-19,0.0,-0.10082875261693952,1.7044712368024004e-05
2011-09-20,0.0,-0.07807880225783871,0.00011933562889554113
2011-09-21,0.0,-0.05776690195399879,9.022933259801787e-05
2011-09-22,0.0,-0.03203263701210168,0.0005590753567683693
2011-09-23,0.0,-0.009205120826779361,0.0028943870702571716
2011-09-26,1.0,0.03075570677765084,0.06435570678250072
2011-09-27,1.0,0.03233245186638899,0.06741094810724803
2011-09-28,1.0,0.04175342873256526,0.09980439417469349
2011-09-29,1.0,0.06047539703887598,0.2037075086187932
2011-09-30,1.0,0.06752800485216577,0.2209644180746939
2011-10-10,1.0,0.06507258217222382,0.22213632337467826
2011-10-11,1.0,0.0623355065672815,0.04964587579745546
2011-10-12,1.0,0.05658159612718858,0.06179497212337574
2011-10-13,1.0,0.03886869959323768,0.07749668624339635
2011-10-14,1.0,0.0474284573785632,0.13869877608242268
2011-10-17,1.0,0.056009376552257,0.039401206808101864
2011-10-18,1.0,0.05810222325728286,0.22813957439221988
2011-10-19,1.0,0.06343298249732035,0.34059213291154217
2011-10-20,1.0,0.08508922358667069,0.8101397388970215
2011-10-21,1.0,0.05317668003095932,0.800036460708659
2011-10-24,1.0,0.03454420923788426,0.5935126796004886
2011-10-25,1.0,0.015966835738436633,0.7259393557292857
2011-10-26,0.0,-0.008906091712204894,0.07042492756859653
2011-10-27,0.0,-0.018857766592828392,0.10419728447968925
2011-10-28,0.0,-0.032454617925860706,0.05021562724660026
2011-10-31,0.0,-0.0038642998590246156,0.0659570565772419
2011-11-01,0.0,-8.507138912543477e-05,0.0421708040800972
2011-11-02,0.0,-0.007334306501929916,0.033779858769855224
2011-11-03,1.0,0.008447838989672028,0.04651060222477841
2011-11-04,0.0,-0.00823757587749359,0.0075503994212675445
2011-11-07,0.0,-0.015589900576834844,0.0061396426477517705
2011-11-08,0.0,-0.04281235828549262,0.002626492894362329
2011-11-09,0.0,-0.02983975282647374,0.005570445548686006
2011-11-10,0.0,-0.006322876655976585,0.028357853952489194
2011-11-11,0.0,-0.03234443658081784,0.021997725930913488
2011-11-14,0.0,-0.057132794164036174,0.003713386105961656
2011-11-15,0.0,-0.0679167072405649,0.006882537472010054
2011-11-16,0.0,-0.07225244826208643,0.018202776276389783
2011-11-17,0.0,-0.11849633562925314,0.0262896363630299
2011-11-18,0.0,-0.07290772152257351,0.21148325384379085
2011-11-21,0.0,-0.07427544191440316,0.543523539865761
2011-11-22,0.0,-0.04995937508535145,0.9671667901050244
2011-11-23,0.0,-0.04820913641755619,0.5975390545396779
2011-11-24,0.0,-0.05084071695137059,0.7424539228307873
2011-11-25,0.0,-0.04600616430797568,0.9103161985080755
2011-11-28,0.0,-0.07049675510648908,0.8680244328672315
2011-11-29,0.0,-0.07781669451482749,0.8815151897588254
2011-11-30,0.0,-0.08573555164577544,0.7610821400805382
2011-12-01,0.0,-0.12758017490136672,0.5789797958779521
2011-12-02,0.0,-0.1168887383943305,0.4194400998123378
2011-12-05,0.0,-0.092333780160593,0.3470801473267555
2011-12-06,0.0,-0.06077523556775503,0.8949338279185873
2011-12-07,0.0,-0.06620362578797222,0.8774415262754921
2011-12-08,0.0,-0.08019640228265121,0.8454619022857388
2011-12-09,0.0,-0.05604568045901238,0.9690781624698295
2011-12-12,0.0,-0.03150327855259555,0.9930533902914881
2011-12-13,0.0,-0.007921535866384334,0.9985852582959525
2011-12-14,0.0,-0.0026105802598003617,0.9992625298813028
2011-12-15,1.0,0.039002327333887137,0.9998829034412561
2011-12-16,1.0,0.03312343744233009,0.9998554007477266
2011-12-19,1.0,0.030765199216185268,0.9999610430736313
2011-12-20,1.0,0.03276047019519472,0.9999739183971873
2011-12-21,1.0,0.015103024264128786,0.9999299476259531
2011-12-22,1.0,0.06340480581633891,0.9999788444415167
2011-12-23,1.0,0.07029747159467542,0.9999608905298605
2011-12-26,1.0,0.07846469881166908,0.9999935552591164
2011-12-27,1.0,0.089684847969758,0.9999930704023577
2011-12-28,1.0,0.10085287008325164,0.9999959351222621
2011-12-29,1.0,0.11166025084432672,0.9999985892156823
2011-12-30,1.0,0.0988185815422998,0.9999977572374996
2012-01-04,1.0,0.08870563295275531,0.9999853658171227
2012-01-05,1.0,0.06738692330595751,0.9999486907171171
2012-01-06,1.0,0.05737833906625831,0.9999178535064668
2012-01-09,1.0,0.06521948813698758,0.9999735368313352
2012-01-10,1.0,0.05305273302424669,0.9999750887906902
2012-01-11,1.0,0.046436187558116696,0.9999296435682178
2012-01-12,1.0,0.04022118495287238,0.9999449002432508
2012-01-13,1.0,0.04838695119324443,0.9999449348300711
2012-01-16,1.0,0.05395571745272506,0.9998751425705984
2012-01-17,1.0,0.04550946364701481,0.999767802972881
2012-01-18,1.0,0.05618019713620005,0.9999136878546903
2012-01-19,1.0,0.062053267434446426,0.9998379682999116
2012-01-20,1.0,0.06459925787420516,0.9998948825536724
2012-01-30,1.0,0.021538130748949877,0.9997374681874676
2012-01-31,1.0,0.019055635395479113,0.9993337995403038
2012-02-01,1.0,0.02971755370412558,0.9994868422721889
2012-02-02,0.0,-0.01984017984523156,0.999047630807944
2012-02-03,0.0,-0.022819611770114413,0.9991183568987502
2012-02-06,0.0,-0.012846434590716374,0.998724750456609
2012-02-07,0.0,-0.016786450590212547,0.9996296301815927
2012-02-08,0.0,-0.0468795597368499,0.9975437069414174
2012-02-09,0.0,-0.029957935645703378,0.9990516446340895
2012-02-10,0.0,-0.015497548919931376,0.9993758486033363
2012-02-13,0.0,-0.013133289894391593,0.9997509746795854
2012-02-14,0.0,-0.007881390656946213,0.9999313421079957
2012-02-15,0.0,-0.03111688975535752,0.9998989775116238
2012-02-16,0.0,-0.03909415692480722,0.9999478988667759
2012-02-17,0.0,-0.03642844151761343,0.9999177701726915
2012-02-20,0.0,-0.03688606460259478,0.9999448218114085
2012-02-21,0.0,-0.04919520695761353,0.9999047477927812
2012-02-22,0.0,-0.05632785309807753,0.9997964644369922
2012-02-23,0.0,-0.06998057846079266,0.9997032664364237
2012-02-24,0.0,-0.07157348750816328,0.9997979775741811
2012-02-27,0.0,-0.057363803861649736,0.9994330656120732
2012-02-28,0.0,-0.045253520952760536,0.9992638795173809
2012-02-29,0.0,-0.0632617491692767,0.9990413430350256
2012-03-01,0.0,-0.028589943777224187,0.9996988468034311
2012-03-02,0.0,-0.029798495435405366,0.9998080169509138
2012-03-05,0.0,-0.04587314535895155,0.9999539680958179
2012-03-06,0.0,-0.03629501678989309,0.9999696794628432
2012-03-07,0.0,-0.014342875359404131,0.9999777795508603
2012-03-08,0.0,-0.020521959689228715,0.9999824174568185
2012-03-09,0.0,-0.022955404660640822,0.9999717315925376
2012-03-12,0.0,-0.024908177839214077,0.9999652129052471
2012-03-13,0.0,-0.014286578244182457,0.9999785443276721
2012-03-14,0.0,-0.016509774133833977,0.9999934662619457
2012-03-15,0.0,-0.0031469906920805154,0.9999980805975914
2012-03-16,0.0,-0.006596407686981138,0.9999953748296698
2012-03-19,0.0,-0.014566448038548853,0.9999991465257719
2012-03-20,0.0,-0.00657955605568127,0.9999996460960969
2012-03-21,0.0,-0.007976202758819665,0.9999997118422999
2012-03-22,0.0,-0.008736534827354082,0.9999998277970187
2012-03-23,0.0,-0.002999660703965004,0.999999929978272
2012-03-26,0.0,-0.00810245884632925,0.9999998265682238
2012-03-27,0.0,-0.022279669037837554,0.9999991017697719
2012-03-28,0.0,-0.01246085421266944,0.9999993046043216
2012-03-29,0.0,-0.011954573497659469,0.9999998997384186
2012-03-30,0.0,-0.01671744428143791,0.9999998366568272
2012-04-05,1.0,0.006342768990612082,0.9999999830805507
2012-04-06,0.0,-0.002425187194429406,0.9999999862911195
2012-04-09,0.0,-0.03173910973189739,0.9999999908370766
2012-04-10,0.0,-0.033767760046241956,0.9999999861603097
2012-04-11,0.0,-0.047061128293449904,0.9998417445135506
2012-04-12,0.0,-0.04986764485580934,0.9999203488131576
2012-04-13,0.0,-0.07171302998553433,0.9998814006165843
2012-04-16,0.0,-0.06721830470083127,0.999841748439247
2012-04-17,0.0,-0.05488362474451572,0.9998296724205387
2012-04-18,0.0,-0.04616553140572887,0.9997942341076439
2012-04-19,0.0,-0.025501743682109973,0.9997874066753102
2012-04-20,0.0,-0.03337875624592221,0.9998010863736374
2012-04-23,0.0,-0.04845977309948686,0.9998427439126414
2012-04-24,0.0,-0.0415933211157676,0.9998374407770568
2012-04-25,0.0,-0.04396245501235339,0.9998384461445836
2012-04-26,0.0,-0.03531744534148875,0.9992482068478413
2012-04-27,0.0,-0.03833410967291479,0.9990666226382054
2012-05-02,0.0,-0.05560618395822422,0.9992571199406098
2012-05-03,0.0,-0.03925048170281098,0.9996919306141653
2012-05-04,0.0,-0.03631007989259322,0.9997150517972113
2012-05-07,1.0,0.0011028810155565936,0.999484899990016
2012-05-08,1.0,0.0023055628148383116,0.9995231734822833
2012-05-09,1.0,0.03153101483987613,0.9987434168797967
2012-05-10,1.0,0.02511098512732895,0.99933631810041
2012-05-11,1.0,0.0023725534554369316,0.9993215561344538
2012-05-14,1.0,0.02132629772456336,0.9994123727733576
2012-05-15,1.0,0.02914072554959393,0.999245588069081
2012-05-16,1.0,0.057643126816218235,0.9988827473519885
2012-05-17,1.0,0.04685265205279633,0.9988706212801574
2012-05-18,1.0,0.03666596462892091,0.9980968191832913
2012-05-21,1.0,0.018063211422240356,0.996790809147835
2012-05-22,1.0,0.030997093911434737,0.9979410327533755
2012-05-23,1.0,0.041229386057894286,0.9986130569421838
2012-05-24,1.0,0.026830353615982818,0.9991490311095081
2012-05-25,1.0,0.010450578987900524,0.9991278873231598
2012-05-28,1.0,0.0018371101308899075,0.9980106558059182
2012-05-29,0.0,-0.0035701133573956276,0.9983278051850375
2012-05-30,1.0,0.017141062842494746,0.9989147447214501
2012-05-31,1.0,0.004664029087651237,0.9988711904858616
2012-06-01,1.0,0.016812284179325756,0.99911700601552
2012-06-04,0.0,-0.011807149452929207,0.9990705743954807
2012-06-05,0.0,-0.0031752715172613396,0.9988954760376011
2012-06-06,0.0,-0.007610273243880101,0.9988823346598551
2012-06-07,0.0,-0.012355671321715951,0.9994944238676852
2012-06-08,1.0,0.006044539214409356,0.9997983857443025
2012-06-11,0.0,-0.007760824161745079,0.9995918150501579
2012-06-12,0.0,-0.006845574071098549,0.999559365432396
2012-06-13,0.0,-0.02403888765002718,0.9991590072038026
2012-06-14,0.0,-0.02169584842186206,0.9992823462384808
2012-06-15,0.0,-0.01939586162040088,0.9992305356796486
2012-06-18,0.0,-0.011641715460495696,0.9991677639014641
2012-06-19,0.0,-0.025264311001124824,0.9984840127196487
2012-06-20,0.0,-0.019805625891337945,0.9988712578525242
2012-06-21,0.0,-0.008028751844088316,0.999496868458479
2012-06-25,1.0,0.003163053292042569,0.9996824491443772
2012-06-26,0.0,-0.0012243650136791423,0.9997882043492728
2012-06-27,1.0,0.009665171966750612,0.9999015216262561
2012-06-28,1.0,0.022757601769466368,0.9998650537437748
2012-06-29,1.0,0.03270930116187511,0.9998643794812011
2012-07-02,1.0,0.01916895159736104,0.9997120540007681
2012-07-03,1.0,0.011538993026741263,0.9994806005543787
2012-07-04,1.0,0.0024572245740114417,0.9989803833851806
2012-07-05,0.0,-0.006974535246892938,0.999000786665805
2012-07-06,0.0,-0.002240931226684927,0.9992727717903098
2012-07-09,1.0,0.018187830850814306,0.9994264883553234
2012-07-10,1.0,0.01930526838155496,0.9995145296068706
2012-07-11,1.0,0.019586141935156613,0.9994610363045103
2012-07-12,1.0,0.030661527638718534,0.999683393242297
2012-07-13,1.0,0.022864195344057942,0.9996752548071621
2012-07-16,1.0,0.021660193418525524,0.9995928670440729
2012-07-17,1.0,0.013229659407192038,0.9993682576022603
2012-07-18,1.0,0.01221379952037681,0.9996108025184008
2012-07-19,1.0,0.014453839215135033,0.9996310285984813
2012-07-20,1.0,0.02347794854150934,0.9996352830160865
2012-07-23,1.0,0.02716111800876166,0.9994684332717573
2012-07-24,1.0,0.02954393423229639,0.9994184437456273
2012-07-25,1.0,0.036075335167639395,0.999212499976152
2012-07-26,1.0,0.038627808231271196,0.9972409008268432
2012-07-27,1.0,0.027909882576594075,0.9967309986816993
2012-07-30,1.0,0.03577053707816287,0.9956574102503142
2012-07-31,1.0,0.024257886551795955,0.9916231347035497
2012-08-01,1.0,0.033492433320019104,0.9948331988378547
2012-08-02,1.0,0.035270229668224067,0.9983812933198012
2012-08-03,1.0,0.04022882181136877,0.9987358581671136
2012-08-06,1.0,0.04926209501887147,0.9982233382181892
2012-08-07,1.0,0.04860748031475133,0.9973070929710078
2012-08-08,1.0,0.05159996815220982,0.9983569890018625
2012-08-09,1.0,0.05177106321625102,0.99851026240437
2012-08-10,1.0,0.04567725451458307,0.9989128186409655
2012-08-13,1.0,0.06400455621214675,0.9979986624661923
2012-08-14,1.0,0.06868746306069454,0.9992865759847308
2012-08-15,1.0,0.07765423168506418,0.9996818731380903
2012-08-16,1.0,0.07103473951113233,0.9996927939897169
2012-08-17,1.0,0.08545176247279858,0.9993429170189554
2012-08-20,1.0,0.0837336491349365,0.9990587524213194
2012-08-21,1.0,0.07331114835728908,0.9987941828197582
2012-08-22,1.0,0.07348715541255782,0.9991458020373628
2012-08-23,1.0,0.04501332002179864,0.9996909988437486
2012-08-24,1.0,0.05331132697701901,0.99954964066922
2012-08-27,1.0,0.03817938059769626,0.998738829969175
2012-08-28,1.0,0.04837180686680484,0.9902793272558641
2012-08-29,1.0,0.04349742827242773,0.9795537714483861
2012-08-30,1.0,0.04812706636873227,0.9784379003302452
2012-08-31,1.0,0.0623447306501713,0.9867142474057219
2012-09-03,1.0,0.03282579668383411,0.9730368285307455
2012-09-04,1.0,0.032301642757753615,0.9617892643832391
2012-09-05,1.0,0.026463056665863162,0.9515801664640159
2012-09-06,1.0,0.019518979584733195,0.947534895766654
2012-09-07,1.0,0.02914688542402829,0.9770606116513509
2012-09-10,0.0,-0.011341745900146494,0.9845862735768458
2012-09-11,0.0,-0.011723661456481618,0.9712470899575671
2012-09-12,0.0,-0.008671426180628139,0.9742698971022741
2012-09-13,0.0,-0.0047003281065587195,0.9703290422044163
2012-09-14,0.0,-0.03772453021949398,0.9747660296084035
2012-09-17,0.0,-0.04006190110075894,0.977865133678446
2012-09-18,0.0,-0.034209387236740905,0.9772335435064874
2012-09-19,0.0,-0.050831051088147804,0.9381078793997099
2012-09-20,0.0,-0.04008315391393997,0.9705836020254528
2012-09-21,0.0,-0.052702445994436194,0.9410581053267735
2012-09-24,0.0,-0.03547122567258914,0.963414145058775
2012-09-25,0.0,-0.03835870048881439,0.9769612573137906
2012-09-26,0.0,-0.03838749611188159,0.9685568268601964
2012-09-27,0.0,-0.023333596419701043,0.9740039121807476
2012-09-28,0.0,-0.049296475972523617,0.9504253540848235
2012-10-08,0.0,-0.05506082139877706,0.9646318223305598
2012-10-09,0.0,-0.05074065552297429,0.9679858849056406
2012-10-10,0.0,-0.021278893746438203,0.9737980464000233
2012-10-11,0.0,-0.024979122828118178,0.9841184693361508
2012-10-12,0.0,-0.015143958329673617,0.9776574239759438
2012-10-15,0.0,-0.0010451830727887473,0.9934206225813639
2012-10-16,0.0,-0.005899554791443761,0.9742855592411471
2012-10-17,0.0,-0.0068441116729413215,0.9637948248791856
2012-10-18,0.0,-0.009097283979038069,0.9567881790192123
2012-10-19,0.0,-0.007764590406960008,0.9737632276590342
2012-10-22,1.0,0.0035356884371114585,0.976589132178862
2012-10-23,1.0,0.010100377495306616,0.9650981603164871
2012-10-24,1.0,0.012162988895142023,0.9862071596454086
2012-10-25,1.0,0.01410766751067923,0.9830952370319296
2012-10-26,1.0,0.024339068305267622,0.9896876804044433
2012-10-29,1.0,0.026293394321070647,0.9796849805629135
2012-10-30,1.0,0.026343111482974677,0.979746309588136
2012-10-31,1.0,0.019702683112382147,0.9706117401434508
2012-11-01,0.0,-0.005926618669639336,0.9595171019653713
2012-11-02,1.0,0.011943340344939676,0.9813695261097697
2012-11-05,1.0,0.021061936927878746,0.9648608100926832
2012-11-06,1.0,0.004728552680112501,0.9675583257824085
2012-11-07,0.0,-0.01577812100695902,0.9558342543487748
2012-11-08,0.0,-0.020395936610284483,0.8634919491149947
2012-11-09,0.0,-0.023573478238065285,0.9141345738902356
2012-11-12,0.0,-0.018685733872197022,0.8950989160997769
2012-11-13,0.0,-0.010983777940571666,0.9073409850426375
2012-11-14,0.0,-0.011157995481050311,0.828348779646997
2012-11-15,0.0,-0.017982789543929994,0.8328722093850367
2012-11-16,0.0,-0.010138627702990694,0.804853147732507
2012-11-19,0.0,-0.021404113927127624,0.8417570820859367
2012-11-20,0.0,-0.016785527272345502,0.8245565884739798
2012-11-21,0.0,-0.02800915730940091,0.8762204483566671
2012-11-22,0.0,-0.034269289349855195,0.9043940474240477
2012-11-23,0.0,-0.05101044896068959,0.9037844082090658
2012-11-26,0.0,-0.05181999960783825,0.7611964251598292
2012-11-27,0.0,-0.055679639419837675,0.755379079098916
2012-11-28,0.0,-0.048595366948487706,0.8222975345362685
2012-11-29,0.0,-0.03477701164381376,0.8503083643413596
2012-11-30,0.0,-0.03726851858508792,0.8774145501039238
2012-12-03,0.0,-0.026132956573725396,0.8996350599812496
2012-12-04,0.0,-0.025471429956541537,0.9423093107805653
2012-12-05,0.0,-0.023153981034154624,0.9419939295265515
2012-12-06,0.0,-0.02079089195315219,0.9580631463152934
2012-12-07,0.0,-0.020304081408038917,0.9265806103823778
2012-12-10,0.0,-0.025046866594194316,0.9024794339116275
2012-12-11,0.0,-0.018285759397297922,0.928213531074674
2012-12-12,0.0,-0.023577643387472345,0.8940344732498917
2012-12-13,0.0,-0.011926251960168086,0.9367481934249358
2012-12-14,0.0,-0.005602906097765868,0.9007416856320727
2012-12-17,0.0,-0.004079378599282988,0.898959417139508
2012-12-18,0.0,-0.008935214511017689,0.9469121115144148
2012-12-19,1.0,0.006473269433123698,0.9174529688226138
2012-12-20,1.0,0.013814226033084857,0.9413082227614291
2012-12-21,1.0,0.02612050431322671,0.9440439100171122
2012-12-24,1.0,0.008581473299010954,0.956096949978469
2012-12-25,1.0,0.008444848958674823,0.9280497264388796
2012-12-26,1.0,0.0032255706001558283,0.9316748029441709
2012-12-27,1.0,0.003279030455263706,0.9659777521653116
2012-12-28,1.0,0.0008840430810028907,0.9508571800234831
2012-12-31,1.0,0.0029636606736004253,0.9527584933073429
2013-01-04,1.0,0.005418141779773899,0.9394708339294071
2013-01-07,1.0,0.004744443030118534,0.9047726410136917
2013-01-08,1.0,0.015684746202854916,0.9138366220568725
2013-01-09,1.0,0.004440204310388724,0.9024521146583203
2013-01-10,1.0,0.008965242805853967,0.9210562820316524
2013-01-11,0.0,-0.0008791466982841074,0.9175242338249074
2013-01-14,0.0,-0.031609382751811604,0.9160428644982591
2013-01-15,0.0,-0.033315041394938544,0.9280061728330254
2013-01-16,0.0,-0.043220550465008716,0.9244037189945902
2013-01-17,0.0,-0.06529990369702128,0.9008034182937499
2013-01-18,0.0,-0.059724597077583735,0.9367675944606764
2013-01-21,0.0,-0.059949095806602674,0.8800340640488867
2013-01-22,0.0,-0.06258384809633394,0.905851595046678
2013-01-23,0.0,-0.0497055796992365,0.8131383991395944
2013-01-24,0.0,-0.04589732848997853,0.872864930756085
2013-01-25,0.0,-0.05127781918269718,0.8664368453205027
2013-01-28,0.0,-0.04814629668937202,0.8949606589819451
2013-01-29,0.0,-0.04710020180241933,0.9089726911340321
2013-01-30,0.0,-0.05189808152867141,0.8600024327548148
2013-01-31,0.0,-0.05495474590848693,0.8853558901896401
2013-02-01,0.0,-0.05265091581975245,0.8986954853428566
2013-02-04,0.0,-0.052539651277863454,0.9351064337345028
2013-02-05,0.0,-0.05947894224564916,0.8543546858514695
2013-02-06,0.0,-0.049714805936650494,0.8651057430669127
2013-02-07,0.0,-0.05652343910144875,0.8655658679230749
2013-02-08,0.0,-0.05081660841044663,0.8854028273365313
2013-02-18,0.0,-0.016973663158964935,0.34514678511029423
2013-02-19,0.0,-0.0122053204054927,0.23914157303388067
2013-02-20,0.0,-0.006373430128083435,0.24184219219806716
2013-02-21,1.0,0.01620019353563622,0.3159047743848548
2013-02-22,1.0,0.006178456601945876,0.30094055139717474
2013-02-25,1.0,0.004741242218073117,0.44930941217484294
2013-02-26,1.0,9.243425620098954e-05,0.3873948276871776
2013-02-27,0.0,-0.015728521337782575,0.38737619810335266
2013-02-28,0.0,-0.004206137327999708,0.3789904344891585
2013-03-01,1.0,0.0010826696595417973,0.34278680524223315
2013-03-04,1.0,0.0013012363579719556,0.34282273447975986
2013-03-05,1.0,0.0008034611062636984,0.29265886188898294
2013-03-06,0.0,-0.01907444648164932,0.21396036997346313
2013-03-07,0.0,-0.01170732928311179,0.17211075927894073
2013-03-08,0.0,-0.007748585916312244,0.14059667943295573
2013-03-11,0.0,-0.007745104736362568,0.15306317237375058
2013-03-12,0.0,-0.02438608728508371,0.10785793379887977
2013-03-13,0.0,-0.030716734180681302,0.1137979656781382
2013-03-14,0.0,-0.07728808020906289,0.13149959490436874
2013-03-15,0.0,-0.15955303329320525,0.23975465305609917
2013-03-18,0.0,-0.16429313713137736,0.17508095417014885
2013-03-19,0.0,-0.16646537092983107,0.1295067219703149
2013-03-20,0.0,-0.14669364493668252,0.11391883793668842
2013-03-21,0.0,-0.14275648533481528,0.19621890809103215
2013-03-22,0.0,-0.14136743482174935,0.1212907836025223
2013-03-25,0.0,-0.12790457564869043,0.07731586371381989
2013-03-26,0.0,-0.11141413754953272,0.07360044467578025
2013-03-27,0.0,-0.08669335692917127,0.0590907563817915
2013-03-28,0.0,-0.11093792026079635,0.06496155723684671
2013-03-29,0.0,-0.09068032056217394,0.10577876932792811
2013-04-01,0.0,-0.09350056049045613,0.10801471136529141
2013-04-02,0.0,-0.11009787995870421,0.12307828971567775
2013-04-03,0.0,-0.08568989466892886,0.422606300626826
2013-04-08,0.0,-0.08637095616858154,0.26867160646214144
2013-04-09,0.0,-0.08924368007099735,0.17352329528029434
2013-04-10,0.0,-0.11510512563117802,0.09982354963187333
2013-04-11,0.0,-0.09343187493819641,0.12533101825559784
2013-04-12,0.0,-0.10968370986563229,0.1777878887358591
2013-04-15,0.0,-0.07194104609043464,0.01056603632085424
2013-04-16,0.0,-0.004605712687440361,0.0007963340755759758
2013-04-17,0.0,-0.020529926502754696,0.0016200466821154381
2013-04-18,1.0,0.013434623716848284,0.01979625200875254
2013-04-19,0.0,-0.012189622365754387,0.009754882902184892
2013-04-22,0.0,-0.023152412678502723,0.0017269078016507395
2013-04-23,0.0,-0.01762646450723704,0.0023954747483330386
2013-04-24,0.0,-0.025345553553838895,0.03828982886046825
2013-04-25,0.0,-0.04188449551759329,0.027961494124033023
2013-04-26,0.0,-0.06518930407039465,0.00520274774110534
2013-05-02,0.0,-0.03149811704233411,0.021671956562568064
2013-05-03,0.0,-0.040905215657908035,0.044203631088682936
2013-05-06,0.0,-0.05101599492471857,0.013704974172865174
2013-05-07,0.0,-0.030532446642946187,0.020639836639363984
2013-05-08,0.0,-0.033810083353651384,0.008439456367415336
2013-05-09,0.0,-0.0484812010795284,0.005171413409877447
2013-05-10,0.0,-0.034114430867544475,0.0044430995290323716
2013-05-13,0.0,-0.025512764539692617,0.028044394349685624
2013-05-14,0.0,-0.03251626402506012,0.3946947646268406
2013-05-15,0.0,-0.015159389339264986,0.4000925239156833
2013-05-16,0.0,-0.0079762220218084,0.3115612197922991
2013-05-17,0.0,-0.0022926191377039464,0.09766843336589666
2013-05-20,0.0,-0.00954447630304649,0.18431851702538818
2013-05-21,0.0,-0.06736889760387632,0.13601130328567954
2013-05-22,0.0,-0.08202295965103722,0.1805347144779354
2013-05-23,0.0,-0.06866193913374298,0.2273038785521712
2013-05-24,0.0,-0.10326311749593484,0.15936214197305526
2013-05-27,0.0,-0.10889915745291506,0.2496583762299528
2013-05-28,0.0,-0.13285437925329446,0.1230210252215594
2013-05-29,0.0,-0.0946616479855213,0.15870562371503733
2013-05-30,0.0,-0.10100252476081344,0.29792500333033123
2013-05-31,0.0,-0.11664199348364113,0.10743865589814354
2013-06-03,0.0,-0.09790728146738803,0.09456132546158023
2013-06-04,0.0,-0.11263206389255508,0.05277647407837363
2013-06-05,0.0,-0.1318731777245011,0.059506558352666085
2013-06-06,0.0,-0.09647569155103403,0.05019746782231252
2013-06-07,0.0,-0.112832037668287,0.04505073019478168
2013-06-13,0.0,-0.06934206577603792,0.136756837941455
2013-06-14,0.0,-0.07509376159396966,0.10819482453027725
2013-06-17,0.0,-0.06870213529197823,0.06675307698942706
2013-06-18,0.0,-0.06558991251512745,0.10605250317210743
2013-06-19,0.0,-0.05669989775278511,0.08281016407339835
2013-06-20,0.0,-0.03950546186446926,0.3204116527980583
2013-06-21,0.0,-0.010580073684336317,0.49166894528379534
2013-06-24,1.0,0.028208720634509157,0.35772707948913857
2013-06-25,1.0,0.031675993073712216,0.23913160914288348
2013-06-26,1.0,0.06440158684714356,0.5679712376522996
2013-06-27,1.0,0.05267955862802266,0.6188209573227994
2013-06-28,1.0,0.08677208120180284,0.756349727076715
2013-07-01,1.0,0.04227893583520573,0.7874553522124108
2013-07-02,1.0,0.03357444428340871,0.31424789596115477
2013-07-03,1.0,0.05230328546270275,0.41976767283455696
2013-07-04,1.0,0.03888680306305868,0.15102357883237982
2013-07-05,1.0,0.022817669722297273,0.272149534844209
2013-07-08,1.0,0.06493232445695987,0.411255881162841
2013-07-09,1.0,0.019930319720129444,0.7085606991738893
2013-07-10,1.0,0.017131461606807948,0.426766188064149
2013-07-11,0.0,-0.005794878105366773,0.7928030994926376
2013-07-12,1.0,0.017160355544776202,0.19466799265649937
2013-07-15,1.0,0.02627721640666278,0.2578762171495187
2013-07-16,1.0,0.03497790519734193,0.03652859595744081
2013-07-17,1.0,0.01701273948580492,0.28939791749486016
2013-07-18,1.0,0.04365507809201063,0.22173282054749435
2013-07-19,1.0,0.05052912702673918,0.477152641062716
2013-07-22,1.0,0.03841986858352374,0.45902263297775475
2013-07-23,1.0,0.018608650105229226,0.12345408905715773
2013-07-24,1.0,0.02015041836877678,0.09933934470759034
2013-07-25,1.0,0.030949524676741266,0.30254607782276255
2013-07-26,1.0,0.032741295034756666,0.31374639495126094
2013-07-29,1.0,0.056303509964560794,0.30160027334863676
2013-07-30,1.0,0.058054069967893106,0.3285201615258652
2013-07-31,1.0,0.06673383438167134,0.545522863557853
2013-08-01,1.0,0.06412334957679014,0.6000879783470967
2013-08-02,1.0,0.0858600597394496,0.6814519685163114
2013-08-05,1.0,0.05953698876851588,0.6415325327017236
2013-08-06,1.0,0.0714789769906013,0.6987520270438853
2013-08-07,1.0,0.09100573175727134,0.493584459609342
2013-08-08,1.0,0.06886371423782119,0.7403685047759746
2013-08-09,1.0,0.04595504141311021,0.8104951170449558
2013-08-12,1.0,0.03961096270113627,0.8014188376341608
2013-08-13,1.0,0.027272742482076992,0.5397051296666648
2013-08-14,1.0,0.033914187431078345,0.4908571552362794
2013-08-15,1.0,0.0018635860779215065,0.6854847633005873
2013-08-16,0.0,-0.03460552917747561,0.8176254789587136
2013-08-19,0.0,-0.039177014180928574,0.3462644209994356
2013-08-20,0.0,-0.0331770659335196,0.3803036368634376
2013-08-21,0.0,-0.04798521736222082,0.455021681420976
2013-08-22,0.0,-0.03000318221944001,0.4307462948321003
2013-08-23,0.0,-0.04048083343205383,0.4505707054335152
2013-08-26,0.0,-0.05213446848929342,0.4389061703722351
2013-08-27,0.0,-0.05105772867540606,0.2894455481548568
2013-08-28,0.0,-0.07314774054242054,0.3582004319634583
2013-08-29,0.0,-0.04943105289036445,0.2850721295615141
2013-08-30,0.0,-0.05597277773326953,0.20715953087673145
2013-09-02,0.0,-0.05573397981152983,0.392731564132768
2013-09-03,0.0,-0.06281090769319356,0.30604579707981117
2013-09-04,0.0,-0.08419570446578299,0.3342098109324691
2013-09-05,0.0,-0.0801632694917547,0.42130512931534386
2013-09-06,0.0,-0.0742624763010611,0.5206116933811629
2013-09-09,0.0,-0.07324684902935552,0.3871093111646814
2013-09-10,0.0,-0.07686651733605586,0.31902914449194175
2013-09-11,0.0,-0.0361912282631306,0.3738560996353961
2013-09-12,0.0,-0.02107321631611526,0.3778776525855446
2013-09-13,0.0,-0.0024773714433188434,0.6787362648288155
2013-09-16,1.0,0.003968634142037635,0.7352170147635485
2013-09-17,1.0,0.012688362633046945,0.6160154252556537
2013-09-18,1.0,0.01600034134644134,0.6856471201016607
2013-09-23,1.0,0.0056593246689013565,0.24501618811378686
2013-09-24,1.0,0.00905495717195788,0.28917869434668275
2013-09-25,1.0,0.0033981531661627816,0.4479203116975154
2013-09-26,0.0,-0.00794555825981917,0.5323797612189369
2013-09-27,0.0,-0.00893457136272812,0.6010169463933005
2013-09-30,0.0,-0.0213558149171965,0.20274144775461778
2013-10-08,0.0,-0.011771542802224304,0.12697764334750178
2013-10-09,0.0,-0.008003091496363843,0.08863381334411231
2013-10-10,1.0,0.0070712191444123945,0.19809710015170298
2013-10-11,1.0,0.00984088983744613,0.2823940791141143
2013-10-14,1.0,0.0039108379919991585,0.2584686909224188
2013-10-15,1.0,0.0025532764534003656,0.2665813105437298
2013-10-16,0.0,-0.014881809795800699,0.4485054896174121
2013-10-17,1.0,0.0031360276583478975,0.34660450657074493
2013-10-18,0.0,-0.02715098906595086,0.19021516862315396
2013-10-21,0.0,-0.025810369582735165,0.1815521306695558
2013-10-22,0.0,-0.03435563497815422,0.12532228463311404
2013-10-23,0.0,-0.04277284627644333,0.14689105386962395
2013-10-24,0.0,-0.06591947672706557,0.15768070339479912
2013-10-25,0.0,-0.06177087564215328,0.1006857200146861
2013-10-28,0.0,-0.07842938725186907,0.1935328713712195
2013-10-29,0.0,-0.062374979089420836,0.20455176058914634
2013-10-30,0.0,-0.06441288510499191,0.43304322438803067
2013-10-31,0.0,-0.06088581451877105,0.4124634965165152
2013-11-01,0.0,-0.053939930027741445,0.3375281223993191
2013-11-04,0.0,-0.0489334409086985,0.2602098099204154
2013-11-05,0.0,-0.06509890221135593,0.21428167414138505
2013-11-06,0.0,-0.06480639707434711,0.2469004113129585
2013-11-07,0.0,-0.057416101042723516,0.27097309144978105
2013-11-08,0.0,-0.05688737440205124,0.38888210046381044
2013-11-11,0.0,-0.037582711149042894,0.38238913189390855
2013-11-12,0.0,-0.02241490254012207,0.27574623855195074
2013-11-13,0.0,-0.009713625786574389,0.36277812448290325
2013-11-14,0.0,-0.021361571760185733,0.41063062940123973
2013-11-15,0.0,-0.04552592897459142,0.3944031452438672
2013-11-18,0.0,-0.041838771425342036,0.3223881710204301
2013-11-19,0.0,-0.020750944105038863,0.3695792579091611
2013-11-20,0.0,-0.03342650840387934,0.3389916625359185
2013-11-21,0.0,-0.02030526616074557,0.3806431635402252
2013-11-22,0.0,-0.042708194387867535,0.45209046234558803
2013-11-25,0.0,-0.02284284938139285,0.4817608106379883
2013-11-26,0.0,-0.0455971860027034,0.6801147269518544
2013-11-27,0.0,-0.03206646641787646,0.3311948857318966
2013-11-28,0.0,-0.029082532954735327,0.3594889047636756
2013-11-29,0.0,-0.02138792190600149,0.1933065779531069
2013-12-02,0.0,-0.03345202799031642,0.2579462797200291
2013-12-03,0.0,-0.024346158140570864,0.2321601863500217
2013-12-04,0.0,-0.00204331905992922,0.20225012136825787
2013-12-05,0.0,-0.006069207381780059,0.34863134586127353
2013-12-06,1.0,0.0036518604187710177,0.2894657225266109
2013-12-09,1.0,0.0008102086730427538,0.32391779101686463
2013-12-10,0.0,-0.02210819179477648,0.1846346014288886
2013-12-11,0.0,-0.029309829253827302,0.161215917459637
2013-12-12,0.0,-0.021010873925451232,0.10056297179805827
2013-12-13,1.0,0.010971259987275302,0.09762155087925234
2013-12-16,1.0,0.007903577468037826,0.07769890560507534
2013-12-17,0.0,-0.010131798930406952,0.10119316730078103
2013-12-18,1.0,0.0004070004126187052,0.11988700104779872
2013-12-19,1.0,0.008985153363392307,0.14503899061274872
2013-12-20,1.0,0.03968856451414746,0.23660790448051572
2013-12-23,1.0,0.029534550312504473,0.29061615438701743
2013-12-24,1.0,0.024794658613216274,0.17747453129317559
2013-12-25,1.0,0.014424317676614562,0.211456866726405
2013-12-26,1.0,0.03130049938470357,0.1428007215029408
2013-12-27,1.0,0.027415667703518852,0.2207050600485841
2013-12-30,1.0,0.02781934361495154,0.15249078953999445
2013-12-31,1.0,0.03347678868355927,0.20538577854150303
2014-01-02,1.0,0.01421632391048833,0.2194910143634467
2014-01-03,1.0,0.009291119149994188,0.3571247959442472
2014-01-06,1.0,0.01607105702124277,0.22552000258858154
2014-01-07,1.0,0.023017127407514666,0.16145788056111735
2014-01-08,1.0,0.037436450503907225,0.22339732595434464
2014-01-09,1.0,0.03941793236307164,0.1929634765836859
2014-01-10,1.0,0.04764229295515478,0.2729663855560441
2014-01-13,1.0,0.05407785600438102,0.3559482199635228
2014-01-14,1.0,0.044995751072750584,0.22464979955908246
2014-01-15,1.0,0.05488155356283409,0.309086955961685
2014-01-16,1.0,0.050580934921207917,0.2968893449475192
2014-01-17,1.0,0.05382109903188932,0.29884473249925597
2014-01-20,1.0,0.052814314469157415,0.27780664817333084
2014-01-21,1.0,0.06057706730706961,0.21357352026293236
2014-01-22,1.0,0.07847161544149531,0.3131477125179714
2014-01-23,1.0,0.06896559342805639,0.29201600195911664
2014-01-24,1.0,0.056005237158586275,0.3408985357412772
2014-01-27,1.0,0.061943510373135585,0.2583686480085328
2014-01-28,1.0,0.06293596680304232,0.2667737734935234
2014-01-29,1.0,0.0611116299923558,0.23604209467339374
2014-01-30,1.0,0.057975896821917595,0.2059843061330246
2014-02-07,1.0,0.06555579605904928,0.12654355209695659
2014-02-10,1.0,0.040806051786554304,0.20463651201523436
2014-02-11,1.0,0.04166058226114624,0.18862272918577808
2014-02-12,1.0,0.053089388859400066,0.18261869032956746
2014-02-13,1.0,0.061749187904656055,0.13621220937075063
2014-02-14,1.0,0.048076133435774916,0.17470058429423718
2014-02-17,1.0,0.04290252396979451,0.16790115980477288
2014-02-18,1.0,0.036009196521072866,0.09133690503125926
2014-02-19,1.0,0.03150165604198102,0.12393473764199164
2014-02-20,1.0,0.024079130114369268,0.13258443867184425
2014-02-21,1.0,0.020214265717297647,0.117214176008033
2014-02-24,1.0,0.007240885295258912,0.10338285070562937
2014-02-25,0.0,-0.007254709176034921,0.1320914918068642
2014-02-26,0.0,-0.013678024796100677,0.10723721940046983
2014-02-27,0.0,-0.009786128180877988,0.08470611709987128
2014-02-28,0.0,-0.013613478384330613,0.09918548187614656
2014-03-03,0.0,-0.02748789213521455,0.1682540753014082
2014-03-04,0.0,-0.02707278715378742,0.06936267676818698
2014-03-05,0.0,-0.022287185701024222,0.04891206360918361
2014-03-06,0.0,-0.015147447130314915,0.09457595423024916
2014-03-07,0.0,-0.029037379177749387,0.13494518791295226
2014-03-10,1.0,0.0019113155665659049,0.1830456200755282
2014-03-11,0.0,-0.00532827140711946,0.19893344506056576
2014-03-12,0.0,-0.014339868364231205,0.2596131235728692
2014-03-13,0.0,-0.02629753345419005,0.13234533685364036
2014-03-14,0.0,-0.01646127705407185,0.1013618953748401
2014-03-17,0.0,-0.040608067896270854,0.14749040292290136
2014-03-18,0.0,-0.03485201220679381,0.13299825659237027
2014-03-19,0.0,-0.034397690501632966,0.1057869026405584
2014-03-20,0.0,-0.025434012737195193,0.18685716129603777
2014-03-21,0.0,-0.03281499462051026,0.11682726888169859
2014-03-24,0.0,-0.021687828271079092,0.14066072423287027
2014-03-25,0.0,-0.015641913973584408,0.23025945264003445
2014-03-26,0.0,-0.01775422937431538,0.19609952449203089
2014-03-27,0.0,-0.0021233479650399323,0.23434245474095877
2014-03-28,1.0,0.011898048629823037,0.22655073362132827
2014-03-31,1.0,0.00617405009653096,0.27190147853680924
2014-04-01,1.0,0.013339975493070269,0.28261408148517037
2014-04-02,1.0,0.02285704040350005,0.24774964423960696
2014-04-03,1.0,0.021974706723395136,0.2334301518278088
2014-04-04,1.0,0.023183335455657282,0.1903866744989838
2014-04-08,0.0,-0.006129113230418546,0.11343213401566153
2014-04-09,0.0,-0.008046020418450593,0.13293272526636743
2014-04-10,0.0,-0.012814558066910326,0.21735383733718905
2014-04-11,0.0,-0.00879378635708002,0.11634259794734915
2014-04-14,0.0,-0.01635328324248204,0.20200177181297774
2014-04-15,1.0,0.0003818980378665956,0.1416810661268657
2014-04-16,1.0,0.004231589311078109,0.21846188880294876
2014-04-17,1.0,0.010386706188809623,0.16725978904470978
2014-04-18,1.0,0.0071408196898696775,0.17514900215915666
2014-04-21,1.0,0.016062270821175017,0.13188801865715963
2014-04-22,1.0,0.012724289664374073,0.36250554319729344
2014-04-23,1.0,0.015833503206855514,0.2395024762034714
2014-04-24,1.0,0.014880939398308732,0.18337171566002922
2014-04-25,1.0,0.0013517429884855442,0.5617318188204138
2014-04-28,0.0,-0.026874502819380267,0.37053825094175985
2014-04-29,0.0,-0.029672292043453407,0.25087157736169546
2014-04-30,0.0,-0.02745232260127857,0.3003353776256402
2014-05-05,0.0,-0.04664662195271726,0.47366175493016544
2014-05-06,0.0,-0.050984973193993734,0.4539333971327201
2014-05-07,0.0,-0.049898732950262474,0.27208809717413684
2014-05-08,0.0,-0.02608166525405013,0.3190044130017585
2014-05-09,0.0,-0.02749515115380524,0.24614663351496754
2014-05-12,0.0,-0.027912420062946097,0.25376876504946877
2014-05-13,0.0,-0.024097551579060416,0.24059169284474716
2014-05-14,0.0,-0.027601363447261794,0.31090507137430184
2014-05-15,0.0,-0.023762346681930266,0.36744711740402997
2014-05-16,0.0,-0.010030948306122637,0.3541568916988045
2014-05-19,0.0,-0.025779119195953222,0.354965717218048
2014-05-20,0.0,-0.019418085857101627,0.30961985799586345
2014-05-21,0.0,-0.010032883694232497,0.3601603330418992
2014-05-22,1.0,0.013509862027447282,0.48423717212787404
2014-05-23,1.0,0.018223738956451654,0.32930306881490573
2014-05-26,1.0,0.017682749929579182,0.21999879075777426
2014-05-27,1.0,0.020627163730289708,0.21935016040847685
2014-05-28,1.0,0.03523321410026303,0.36710746863844207
2014-05-29,1.0,0.04947869079686753,0.3157644346771976
2014-05-30,1.0,0.0409956865016488,0.3391834010750753
2014-06-03,1.0,0.05534397305273235,0.258926720787862
2014-06-04,1.0,0.05626302503217939,0.3566914010920485
2014-06-05,1.0,0.05443388811565367,0.28700846196798435
2014-06-06,1.0,0.04548866703287585,0.48440342922347496
2014-06-09,1.0,0.03877957805991587,0.4562734817327103
2014-06-10,1.0,0.04470991369393409,0.31933095875299905
2014-06-11,1.0,0.04255141873873883,0.4072999933639389
2014-06-12,1.0,0.0475317944371423,0.3725818403535113
2014-06-13,1.0,0.04827800026579074,0.600105564294325
2014-06-16,1.0,0.02451290872294462,0.5713479017225572
2014-06-17,1.0,0.030170534367695,0.4486791029833619
2014-06-18,1.0,0.019418085857101516,0.43375577798809867
2014-06-19,1.0,0.01405626300800965,0.6104061142487153
2014-06-20,0.0,-0.004926118336055889,0.7255527677711548
2014-06-23,0.0,-0.009450079776881207,0.404309136570707
2014-06-24,0.0,-0.012135150814333275,0.32386305458349457
2014-06-25,0.0,-0.009878499784687909,0.4814443542914278
2014-06-26,0.0,-0.01640319059471585,0.4023930388450768
2014-06-27,0.0,-0.02540000963465507,0.4422363369258456
2014-06-30,0.0,-0.011433051366595589,0.30232117796493463
2014-07-01,0.0,-0.017662599512856626,0.5465244983280996
2014-07-02,0.0,-0.02358869120898977,0.5308121469283377
2014-07-03,0.0,-0.023656196612169608,0.577857078044278
2014-07-04,0.0,-0.033531257092367914,0.6043615057817051
2014-07-07,0.0,-0.015331844978343522,0.5677960997025017
2014-07-08,0.0,-0.023170016885756484,0.6772516523782398
2014-07-09,0.0,-0.02810086460679355,0.8089691700506495
2014-07-10,0.0,-0.021081399848956697,0.8224009898444952
2014-07-11,0.0,-0.02089487783206945,0.6332485244754926
2014-07-14,0.0,-0.014290040255019896,0.6688876972469022
2014-07-15,0.0,-0.005540180375615356,0.7154884794911415
2014-07-16,1.0,0.004030328841033761,0.6957973714971735
2014-07-17,1.0,0.0005734493132390911,0.6468876121412993
2014-07-18,0.0,-0.007052349823963446,0.8027211775852273
2014-07-21,0.0,-0.016852179744771857,0.7063548706498417
2014-07-22,0.0,-0.015185299003702666,0.5924104484048538
2014-07-23,0.0,-0.01597262861659681,0.5256652970367933
2014-07-24,0.0,-0.021184350667182616,0.5418737513396114
2014-07-25,0.0,-0.01324006880071816,0.6044154022431715
2014-07-28,0.0,-0.02463991179433758,0.5887258696027349
2014-07-29,0.0,-0.015252733194202416,0.42284409891353886
2014-07-30,0.0,-0.014737517075744553,0.5186322897426102
2014-07-31,0.0,-0.010479428329512281,0.5187204144397792
2014-08-01,1.0,0.000584396627131478,0.44714727614532296
2014-08-04,0.0,-0.010678676372280689,0.42249828312564275
2014-08-05,0.0,-0.016997576368571136,0.28835723734413365
2014-08-06,0.0,-0.021953057240286844,0.4399270105256653
2014-08-07,0.0,-0.03138965188849696,0.456489342378779
2014-08-08,0.0,-0.044538231109310114,0.7618403107530091
2014-08-11,0.0,-0.0427348444086054,0.4522713875935364
2014-08-12,0.0,-0.04486111140707513,0.37182311355047587
2014-08-13,0.0,-0.050678557823111633,0.5023318336095597
2014-08-14,0.0,-0.06066045276601841,0.5826809029165402
2014-08-15,0.0,-0.0619405216629881,0.3983213496894598
2014-08-18,0.0,-0.04928275360610519,0.7087307236689409
2014-08-19,0.0,-0.044759946620786174,0.4011909116380613
2014-08-20,0.0,-0.0535931446333745,0.46500567592244546
2014-08-21,0.0,-0.04355931971718454,0.49169767524964203
2014-08-22,0.0,-0.055614652516779634,0.4227266817917488
2014-08-25,0.0,-0.05138634216765277,0.33102066592984314
2014-08-26,0.0,-0.05354854905947788,0.4684659959767305
2014-08-27,0.0,-0.061638517154473806,0.253675440267364
2014-08-28,0.0,-0.04836107169342119,0.3090521961343938
2014-08-29,0.0,-0.05545301280054076,0.20923559644114378
2014-09-01,0.0,-0.0533192415934574,0.20161773134229313
2014-09-02,0.0,-0.04596656806461212,0.15207053807758503
2014-09-03,0.0,-0.033655569385165965,0.2517831952110972
2014-09-04,0.0,-0.03815176596437617,0.13578965570983306
2014-09-05,0.0,-0.02517502805890478,0.2428655623866738
2014-09-09,0.0,-0.019209972988496245,0.08735027429736661
2014-09-10,0.0,-0.025775145823606366,0.18063155011035031
2014-09-11,0.0,-0.010329205760462446,0.2202612783993711
2014-09-12,0.0,-0.0018290829202637414,0.28173190748313426
2014-09-15,1.0,0.0004069176048010877,0.5963076325885996
2014-09-16,1.0,0.0022292034765905248,0.47011522426052477
2014-09-17,1.0,0.0004050222817619175,0.5015086891242408
2014-09-18,1.0,0.006731284977653908,0.5570349127334167
2014-09-19,1.0,0.00041025641601061464,0.7510783372176788
2014-09-22,1.0,0.007843177461025879,0.8321583801581267
2014-09-23,1.0,0.003096936510533191,0.6805911650957195
2014-09-24,0.0,-0.0026718749838299427,0.6799020141584835
2014-09-25,0.0,-0.010652842256301368,0.7681011646443371
2014-09-26,0.0,-0.04501964025965832,0.881078339193833
2014-09-29,0.0,-0.05500540423899099,0.7196580657681387
2014-09-30,0.0,-0.05067581983875587,0.5139580431713386
2014-10-08,0.0,-0.07206280334865192,0.5525465473852472
2014-10-09,0.0,-0.07687086278788856,0.8921897737970051
2014-10-10,0.0,-0.07031649841745971,0.710115829529163
2014-10-13,0.0,-0.05491740241005746,0.7815050332798973
2014-10-14,0.0,-0.0710658346677797,0.5940966898665779
2014-10-15,0.0,-0.048224945646047415,0.6613654977465873
2014-10-16,0.0,-0.06453852113757118,0.8253734476217548
2014-10-17,0.0,-0.07232574702787029,0.7243619297804547
2014-10-20,0.0,-0.04068639210632448,0.685243759932655
2014-10-21,0.0,-0.04534468963568137,0.7183269877455847
2014-10-22,0.0,-0.041969983976783094,0.7278719706824531
2014-10-23,0.0,-0.04852591772759876,0.7093418586398331
2014-10-24,0.0,-0.029977265502884785,0.781362936282789
2014-10-27,0.0,-0.01993421490081714,0.6004661392220911
2014-10-28,0.0,-0.016419365027409868,0.6876394050090947
2014-10-29,0.0,-0.01932527674721543,0.6307239275134071
2014-10-30,0.0,-0.0010505306145266492,0.7368650615345084
2014-10-31,1.0,0.011075725575349726,0.8643850812286336
2014-11-03,0.0,-0.002395210725954933,0.8855618469585512
2014-11-04,1.0,0.04032804538697181,0.5442979345092295
2014-11-05,1.0,0.060233257908236824,0.7279498783574063
2014-11-06,1.0,0.06325117227516087,0.7930652653273035
2014-11-07,1.0,0.05914319781933464,0.8785834235906753
2014-11-10,1.0,0.025947861559684485,0.8945421333322057
2014-11-11,1.0,0.059153596866343985,0.6097759216342847
2014-11-12,1.0,0.06797113430109335,0.8527481068916957
2014-11-13,1.0,0.0637238571413949,0.6362313797183401
2014-11-14,1.0,0.06824910053410693,0.6264110456494236
2014-11-17,1.0,0.03722230305897363,0.6163767376005909
2014-11-18,1.0,0.019092156548282644,0.23561524579830737
2014-11-19,1.0,0.016335441779175574,0.1987083074115475
2014-11-20,1.0,0.031094942195687248,0.36485907577480337
2014-11-21,1.0,0.024630758833251533,0.27484850243515985
2014-11-24,1.0,0.015607433658043488,0.19695568011936135
2014-11-25,0.0,-0.0002095777016996369,0.11788022189354194
2014-11-26,1.0,0.000838926223699341,0.1972962487543764
2014-11-27,1.0,0.0008405127622373451,0.14984781677846082
2014-11-28,1.0,0.014509769858674122,0.13276116198500396
2014-12-01,1.0,0.05203424501747887,0.22396625015288713
2014-12-02,0.0,-0.0014572709979783426,0.1439620593845015
2014-12-03,1.0,0.00893698144012308,0.0530868999509286
2014-12-04,1.0,0.006213773100119845,0.07671327009686811
2014-12-05,1.0,0.01712264628223119,0.07422490113252446
2014-12-08,1.0,0.029377371198603147,0.15682010066479513
2014-12-09,1.0,0.01027758275824023,0.12068662507824342
2014-12-10,0.0,-0.011760070649815615,0.1258077220167871
2014-12-11,1.0,0.009530640933286256,0.0714622169479998
2014-12-12,1.0,0.017011345826536538,0.09250185492480335
2014-12-15,1.0,0.01197133095656102,0.15023642518255984
2014-12-16,1.0,0.02523987477301245,0.10797412455684421
2014-12-17,1.0,0.052404019223672806,0.17940278997442044
2014-12-18,1.0,0.06468073278753073,0.1586182560290441
2014-12-19,1.0,0.060600364396695305,0.12239754163172349
2014-12-22,1.0,0.07955020248036127,0.0653221672129009
2014-12-23,1.0,0.08244216129868137,0.1257231455027911
2014-12-24,1.0,0.09168249086172552,0.14869869862932447
2014-12-25,1.0,0.09433588394251598,0.07607097322478827
2014-12-26,1.0,0.08174352479647463,0.06906992529292723
2014-12-29,1.0,0.07647036399183797,0.08136584292892457
2014-12-30,1.0,0.07734676920262752,0.12325177766071806
2014-12-31,1.0,0.053969206077842495,0.16423590228396667
2015-01-05,1.0,0.06765671871882613,0.10289498205683469
2015-01-06,1.0,0.059360482857688926,0.20058842952440112
2015-01-07,1.0,0.0442655997842373,0.12650762107182442
2015-01-08,1.0,0.05180441118886418,0.11315511450297781
2015-01-09,1.0,0.046037819779852475,0.12605036625744037
2015-01-12,1.0,0.014625122946049738,0.18928688326987572
2015-01-13,1.0,0.012174584063932297,0.15845856333100464
2015-01-14,1.0,0.01163036971762082,0.1291870550901049
2015-01-15,1.0,0.004448046152991908,0.1044632561621628
2015-01-16,0.0,-0.016696869705652723,0.14173258573450984
2015-01-19,0.0,-0.029717822059239517,0.09901012031957589
2015-01-20,0.0,-0.034149178309525595,0.05384018619031725
2015-01-21,0.0,-0.06255726620310721,0.08502362470474986
2015-01-22,0.0,-0.049861960109410595,0.09011353793894682
2015-01-23,0.0,-0.058081473510374224,0.08192617558539757
2015-01-26,0.0,-0.04815962905353146,0.04394581160882366
2015-01-27,0.0,-0.050706196355685386,0.05596877262920164
2015-01-28,0.0,-0.055580806517186984,0.0421761997631394
2015-01-29,0.0,-0.05407793392996149,0.06935261609516029
2015-01-30,0.0,-0.04020139382420867,0.11709669259755569
2015-02-02,0.0,-0.07699191772241543,0.10205836462051901
2015-02-03,0.0,-0.08820364840764747,0.08999470327208621
2015-02-04,0.0,-0.0732231556953982,0.11597807092198353
2015-02-05,0.0,-0.07706978491259617,0.09379140719780585
2015-02-06,0.0,-0.07900442075352432,0.08028178801552155
2015-02-09,0.0,-0.054774622484672346,0.2312931890876394
2015-02-10,0.0,-0.06473691415478781,0.0906481721109738
2015-02-11,0.0,-0.07083153961233052,0.09953898216819858
2015-02-12,0.0,-0.04160402304108318,0.134361552194464
2015-02-13,0.0,-0.04951201213147869,0.1512608900772078
2015-02-16,0.0,-0.04160469521052112,0.10297568193355852
2015-02-17,0.0,-0.032241111277582266,0.05140983122297086
2015-02-25,0.0,-0.021131158611511387,0.05758273354001032
2015-02-26,0.0,-0.010400827929512068,0.13781624992480945
2015-02-27,0.0,-0.013880606613632834,0.11238421862110966
2015-03-02,0.0,-0.03635278786845976,0.1416713470602494
2015-03-03,0.0,-0.03795052241346864,0.150276491671905
2015-03-04,0.0,-0.03443284188447635,0.13438159320571055
2015-03-05,0.0,-0.011052097762745327,0.4177478446405761
2015-03-06,0.0,-0.013354076211323326,0.34704679119922166
2015-03-09,1.0,0.016536135376225614,0.6659703617229398
2015-03-10,1.0,0.025975486403260736,0.5612416554830901
2015-03-11,1.0,0.0093995470115043,0.5856167300017956
2015-03-12,1.0,0.0077301126592070465,0.7237116719548119
2015-03-13,1.0,0.022716408727654926,0.5375284070732779
2015-03-16,1.0,0.008993054439358657,0.52337816561846
2015-03-17,1.0,0.01616493685335536,0.565789576221339
2015-03-18,1.0,0.0340798651869684,0.8226422381019282
2015-03-19,1.0,0.012954631650729987,0.6345918905312046
2015-03-20,1.0,0.022285624995866556,0.5649822434165491
2015-03-23,0.0,-0.000833333381558564,0.5686356358629258
2015-03-24,1.0,0.0004146796659050597,0.44277703531046236
2015-03-25,0.0,-0.01567266433941318,0.4875854775087845
2015-03-26,0.0,-0.020713250890110693,0.3461029542438379
2015-03-27,0.0,-0.027930118988957312,0.26180018808565997
2015-03-30,1.0,0.001454848017182311,0.3504958415636911
2015-03-31,1.0,0.019155280673070665,0.34237963230199725
2015-04-01,1.0,0.01188628320219576,0.3820993788012542
2015-04-02,0.0,-0.02247753321898161,0.4061667676932819
2015-04-03,0.0,-0.013534824005007818,0.35988526886246264
2015-04-07,0.0,-0.017161591458326988,0.17419188497692215
2015-04-08,0.0,-0.015295874901007157,0.3444872071415832
2015-04-09,1.0,0.002284291305815441,0.525695692681031
2015-04-10,1.0,0.00373909866457904,0.3816162174390576
2015-04-13,0.0,-0.008484272310646792,0.40479515764407303
2015-04-14,1.0,0.010562384621722166,0.44671463139025164
2015-04-15,1.0,0.028939936525760865,0.44035475330630214
2015-04-16,1.0,0.023304407064491217,0.42923156864977025
2015-04-17,1.0,0.0340814538370682,0.4081471556152961
2015-04-20,1.0,0.020388066038662972,0.46753348738052136
2015-04-21,1.0,0.01797012107724311,0.4903480060934204
2015-04-22,1.0,0.01603982568103658,0.4699955070428082
2015-04-23,1.0,0.02987774107750433,0.5925688101876941
2015-04-24,1.0,0.021942507344840476,0.5324411732465477
2015-04-27,1.0,0.02484210830038078,0.5610532076448995
2015-04-28,1.0,0.0014527345088904211,0.6907992565329504
2015-04-29,0.0,-0.005791122699729943,0.5727653438885935
2015-04-30,0.0,-0.0016597514183642856,0.5533545025385996
2015-05-04,1.0,0.012549840512532466,0.3633118307872003
2015-05-05,1.0,0.00980502274783385,0.5101843333743438
2015-05-06,1.0,0.005822432751433229,0.5071042302396122
2015-05-07,0.0,-0.0035472129004728323,0.296147173055855
2015-05-08,0.0,-0.011264199200796656,0.3109738923758067
2015-05-11,0.0,-0.014409772148832748,0.31944633410595674
2015-05-12,0.0,-0.008347293876762765,0.3718478435801777
2015-05-13,0.0,-0.012646587126915304,0.43868104925602835
2015-05-14,0.0,-0.02893993652576078,0.44254186546189767
2015-05-15,0.0,-0.032655124546925075,0.35661378519533243
2015-05-18,0.0,-0.03865907314975043,0.3777436953513406
2015-05-19,0.0,-0.02949220506463465,0.3623279152792887
2015-05-20,0.0,-0.023194247470986574,0.37987099104319527
2015-05-21,0.0,-0.019778147791643632,0.33331051103482395
2015-05-22,0.0,-0.008416348561846405,0.4148047464530114
2015-05-25,0.0,-0.017973833728531313,0.4090551145116552
2015-05-26,0.0,-0.016213200713722228,0.38306265229428654
2015-05-27,0.0,-0.011891242652813801,0.4885599346757679
2015-05-28,0.0,-0.015468535854304358,0.4031580433013425
2015-05-29,0.0,-0.006457683101602421,0.48437457128924954
2015-06-01,0.0,-0.010447232504934909,0.3758091053634558
2015-06-02,0.0,-0.013164958710081531,0.5051355339599708
2015-06-03,0.0,-0.022011160101351575,0.38859228145300095
2015-06-04,0.0,-0.010506505556538441,0.4283855348138344
2015-06-05,0.0,-0.008426424411589329,0.48555854372775276
2015-06-08,0.0,-0.0033712632014083394,0.5986916305498589
2015-06-09,0.0,-0.02934507822548526,0.502292873898569
2015-06-10,0.0,-0.017893330779463902,0.6437080575423373
2015-06-11,0.0,-0.020619287202735703,0.6163633502743758
2015-06-12,0.0,-0.018329808459912902,0.511938921207836
2015-06-15,0.0,-0.02727153473616326,0.5377409162578203
2015-06-16,0.0,-0.029745891036510777,0.5477541007905513
2015-06-17,0.0,-0.030418169925616835,0.42437508521810985
2015-06-18,0.0,-0.038172573505029714,0.586740504907872
2015-06-19,0.0,-0.07222274841821534,0.5720962866618784
2015-06-23,0.0,-0.07261776637379905,0.3771723915542426
2015-06-24,0.0,-0.07821077394825945,0.4440897190973335
2015-06-25,0.0,-0.07470545467091087,0.4396568616062105
2015-06-26,0.0,-0.07909518957348448,0.35925382749763307
2015-06-29,0.0,-0.06720316183697976,0.5553928279864597
2015-06-30,0.0,-0.0709301144508389,0.4256102734704307
2015-07-01,0.0,-0.06900789654122971,0.40301932958220776
2015-07-02,0.0,-0.07410797215372185,0.37618975304746277
2015-07-03,0.0,-0.08161061695031951,0.4123633649629157
2015-07-06,0.0,-0.06443980236611664,0.2676599874120866
2015-07-07,0.0,-0.07719745574089719,0.36418314419226033
2015-07-08,0.0,-0.05568700457351224,0.688153279160464
2015-07-09,0.0,-0.07358526714345429,0.7549591162160648
2015-07-10,0.0,-0.06136894637629213,0.4214799232093153
2015-07-13,0.0,-0.05957531074555842,0.3445586962068966
2015-07-14,0.0,-0.030463626387892618,0.3668978705620732
2015-07-15,1.0,0.008316499580611427,0.3971886114179566
2015-07-16,1.0,0.011809047592242819,0.40965194921352804
2015-07-17,1.0,0.006678900190992696,0.30209088032761994
2015-07-20,1.0,0.03140934315537602,0.7059835078093827
2015-07-21,1.0,0.041279186562319894,0.5144682241954828
2015-07-22,1.0,0.05681845123256082,0.6066365833474762
2015-07-23,1.0,0.06923406055019675,0.6346237924781772
2015-07-24,1.0,0.09352605801082355,0.7586820453066301
2015-07-27,1.0,0.07033305484590748,0.8289452159798352
2015-07-28,1.0,0.07700279566128104,0.6496155869690445
2015-07-29,1.0,0.06521442518493217,0.6104854645327222
2015-07-30,1.0,0.06922110382846472,0.7530670519263323
2015-07-31,1.0,0.07546587889587043,0.7677511615517683
2015-08-03,1.0,0.06104925027292138,0.7145921788261261
2015-08-04,1.0,0.07656407664234499,0.7648386157241435
2015-08-05,1.0,0.07661452467946821,0.6814046761816935
2015-08-06,1.0,0.06226398847445441,0.7147483757304401
2015-08-07,1.0,0.048747108045768116,0.7378719720232587
2015-08-10,1.0,0.049960879244796766,0.6433520172713296
2015-08-11,1.0,0.01534781277516362,0.7365750830556202
2015-08-12,0.0,-0.025159912244152226,0.5417863005489849
2015-08-13,0.0,-0.021575809981957315,0.32462575603217814
2015-08-14,0.0,-0.015363279564527387,0.2737038406009218
2015-08-17,0.0,-0.015363279564527387,0.2764755877387808
2015-08-18,0.0,-0.0021533169388411053,0.1913615255052847
2015-08-19,0.0,-0.001071007920732765,0.13395941881950188
2015-08-20,0.0,-0.005289338471511927,0.19166993045156455
2015-08-21,0.0,-0.02672436789907078,0.15963558876201583
2015-08-24,0.0,-0.027028672387919374,0.1541197361897785
2015-08-25,0.0,-0.016842503394497464,0.2017324550505659
2015-08-26,1.0,0.0016877641137196147,0.22532536030374423
2015-08-27,0.0,0.0,0.23168298284699285
2015-08-28,0.0,-0.012834400771541132,0.23052628435658343
2015-08-31,0.0,-0.01950549462425662,0.2635413793677419
2015-09-01,0.0,-0.007844840401320469,0.27663522500345816
2015-09-02,0.0,-0.006572694074146759,0.3068257961757493
2015-09-07,1.0,0.023355626377135057,0.28456429630954705
2015-09-08,1.0,0.017922391395936942,0.31727834674456223
2015-09-09,1.0,0.031487017449674345,0.3513801347261638
2015-09-10,1.0,0.05028103287643767,0.4347626890487471
2015-09-11,1.0,0.04825077864093045,0.35980217079382065
2015-09-14,1.0,0.046658798509308944,0.42601956056848905
2015-09-15,1.0,0.045399378440395724,0.3688369407259263
2015-09-16,1.0,0.04644071978202429,0.3581340966351499
2015-09-17,1.0,0.03161396192612018,0.42103321637491287
2015-09-18,1.0,0.03205673059344133,0.39285198860296605
2015-09-21,1.0,0.012647723402699079,0.3614726586609941
2015-09-22,1.0,0.019011979488572,0.27828623549582493
2015-09-23,1.0,0.028901916769599714,0.3684718120024196
2015-09-24,1.0,0.009508787969027356,0.4622431765269453
2015-09-25,0.0,-0.009956654650566247,0.43375712656641735
2015-09-28,0.0,-0.00533904097942032,0.22219448455151392
2015-09-29,1.0,0.0012908779761581736,0.31564099178823424
2015-09-30,0.0,-0.007604599385219304,0.3276923897146461
2015-10-08,0.0,-0.03244931034843142,0.21384323504758695
2015-10-09,0.0,-0.031330206457057766,0.26920318172253666
2015-10-12,0.0,-0.058776907018142525,0.35699165699454927
2015-10-13,0.0,-0.05052565107034862,0.35715710429358616
2015-10-14,0.0,-0.056265507492973425,0.5048830336368338
2015-10-15,0.0,-0.06540792440912553,0.29495701192029644
2015-10-16,0.0,-0.06715659564814293,0.3009624099745011
2015-10-19,0.0,-0.04884220549025238,0.2807691405137119
2015-10-20,0.0,-0.06655486112194554,0.38503030235965086
2015-10-21,0.0,-0.07385180820739631,0.2867232496262621
2015-10-22,0.0,-0.06470561947533157,0.33455414969656977
2015-10-23,0.0,-0.06428948614686812,0.3273696947469846
2015-10-26,0.0,-0.0682600022712988,0.3956563896916068
2015-10-27,0.0,-0.06863422358568035,0.305759586548711
2015-10-28,0.0,-0.0666340124364903,0.32371987312358785
2015-10-29,0.0,-0.06158459874551003,0.5239721854706638
2015-10-30,0.0,-0.051999481399518474,0.4282789313903465
2015-11-02,0.0,-0.06342565024413384,0.3733332455687655
2015-11-03,0.0,-0.03678978506865752,0.3066992604245744
2015-11-04,0.0,-0.02808987074475101,0.46455856323829875
2015-11-05,0.0,-0.033083034964074144,0.5263682061301123
2015-11-06,0.0,-0.02601591973303757,0.512149702378143
2015-11-09,1.0,0.012826358946481944,0.6969782441193098
2015-11-10,1.0,0.0022217294186626384,0.443514501139552
2015-11-11,0.0,-0.0039691342075045466,0.4812063247695903
2015-11-12,0.0,-0.0028757900584776607,0.4304264129369153
2015-11-13,1.0,0.0028808884190897684,0.8782844636371495
2015-11-16,0.0,-0.00789997525315616,0.9099212410234392
2015-11-17,1.0,0.0015578060344074347,0.9160172744826577
2015-11-18,1.0,0.009590795049960462,0.9133446293354025
2015-11-19,1.0,0.0064408884520718145,0.8907900696899108
2015-11-20,0.0,-0.007553912835898079,0.8704361208388813
2015-11-23,1.0,0.019103201984102525,0.8670921064607707
2015-11-24,1.0,0.025009602717143798,0.8757619644893649
2015-11-25,1.0,0.012150817782512528,0.8762712441210748
2015-11-26,1.0,0.019491203979460775,0.8436756748212468
2015-11-27,1.0,0.023932008557522345,0.675731265101204
2015-11-30,1.0,0.03805293491597281,0.8818798782999969
2015-12-01,1.0,0.01834508293430127,0.8729628776889864
2015-12-02,1.0,0.023280066981588386,0.7840154421332962
2015-12-03,1.0,0.027128667388252696,0.861285743037476
2015-12-04,1.0,0.02777030614793096,0.8711863012935552
2015-12-07,1.0,0.012012812363988499,0.8801377173074352
2015-12-08,1.0,0.026714967321377472,0.7278981077234694
2015-12-09,1.0,0.04450939890479454,0.7680858416653857
2015-12-10,1.0,0.04800921918636066,0.8244901736071304
2015-12-11,1.0,0.04964333913784222,0.8207190253543336
2015-12-14,1.0,0.03315220731690055,0.7594406758189395
2015-12-15,1.0,0.032380864477231465,0.6666906898346234
2015-12-16,1.0,0.038323871257632376,0.6677195666646725
2015-12-17,1.0,0.029449177983950883,0.7189920055491649
2015-12-18,1.0,0.04064356647089243,0.7954406301622362
2015-12-21,1.0,0.025845721418749024,0.7130072068179222
2015-12-22,1.0,0.02183634488233739,0.6058301359434028
2015-12-23,1.0,0.036861593304158204,0.5590685406787643
2015-12-24,1.0,0.03130990936502147,0.5615060305061511
2015-12-25,1.0,0.032104448472262695,0.4898361035679214
2015-12-28,1.0,0.04823569255097274,0.4613892160281125
2015-12-29,1.0,0.04726636230276807,0.5582294293148305
2015-12-30,1.0,0.04562307414503555,0.5553838739607975
2015-12-31,1.0,0.052774170364082267,0.6216786040686059
2016-01-04,1.0,0.049999732417673616,0.6193943010324364
2016-01-05,1.0,0.04354516131882325,0.724759206505026
2016-01-06,1.0,0.04251459755997471,0.6930359735824632
2016-01-07,1.0,0.030592334717559785,0.734206787623215
2016-01-08,1.0,0.03770904621229616,0.649799173567313
2016-01-11,1.0,0.07580613539008042,0.6285676734312142
2016-01-12,1.0,0.07590273133170322,0.6613585564408776
2016-01-13,1.0,0.0936452266749878,0.6225300732766874
2016-01-14,1.0,0.08514036903997106,0.6440860406150151
2016-01-15,1.0,0.10363934483705332,0.6586405100892192
2016-01-18,1.0,0.09277631235368172,0.6614268525976073
2016-01-19,1.0,0.09445217889368815,0.601699404711197
2016-01-20,1.0,0.10023620260408019,0.6746897129595615
2016-01-21,1.0,0.10154371713112538,0.7336376492011488
2016-01-22,1.0,0.10733560470102503,0.6546734177286139
2016-01-25,1.0,0.09538728377907287,0.6466883806305368
2016-01-26,1.0,0.09629907384505249,0.6515932145072412
2016-01-27,1.0,0.08217762561593295,0.3961508112394608
2016-01-28,1.0,0.09290894372972829,0.2859390492322586
2016-01-29,1.0,0.10846103349758243,0.37121027282702734
2016-02-01,1.0,0.1019574830513033,0.3060680710224154
2016-02-02,1.0,0.10319646304250579,0.206331251905233
2016-02-03,1.0,0.08947606683339127,0.19283301855891075
2016-02-04,1.0,0.07099946525182002,0.22351361423712077
2016-02-05,1.0,0.07763106799991033,0.1335281928062736
2016-02-15,1.0,0.024487871646467315,0.03650618613057332
2016-02-16,1.0,0.018593352945889745,0.06733593766418089
2016-02-17,1.0,0.017104401444813032,0.06672101272792597
2016-02-18,1.0,0.03261892971621301,0.0365621976007166
2016-02-19,1.0,0.020524361007781,0.041690123992108995
2016-02-22,1.0,0.013568729206068796,0.02669916608071273
2016-02-23,1.0,0.019703167820095947,0.021287772763401196
2016-02-24,0.0,-0.0003869969088545328,0.01628268219744034
2016-02-25,0.0,-0.024778658357211863,0.020150634656433165
2016-02-26,0.0,-0.02220382752001715,0.018101226712174665
2016-02-29,0.0,-0.01691166751340778,0.040545167058277945
2016-03-01,0.0,-0.028143723345080435,0.0202453671124313
2016-03-02,0.0,-0.004822075116693749,0.03284666597046006
2016-03-03,0.0,-0.022772114862964057,0.016600091147446053
2016-03-04,0.0,-0.03213742523881464,0.01291511004089403
2016-03-07,0.0,-0.03680691498839281,0.021388333443298838
2016-03-08,0.0,-0.03802158237930093,0.01171648507034164
2016-03-09,0.0,-0.02920476531766478,0.023495380291001473
2016-03-10,0.0,-0.015003166592048735,0.02916625186207619
2016-03-11,0.0,-0.019761235866833593,0.03217570412730714
2016-03-14,0.0,-0.0026702285558788097,0.04035936020531719
2016-03-15,1.0,0.00984088983744613,0.09077608202561953
2016-03-16,0.0,-0.006379915308661554,0.09181413572637986
2016-03-17,0.0,-0.02344007413879952,0.11078732217231284
2016-03-18,0.0,-0.023046919830634855,0.0691456567870578
2016-03-21,1.0,0.0005774227857481683,0.08138095730445154
2016-03-22,0.0,-0.0028732899760065948,0.10299551384479624
2016-03-23,1.0,0.021633848413122533,0.13197722865008668
2016-03-24,1.0,0.02133103954297905,0.1991503221059113
2016-03-25,1.0,0.009907803244044434,0.12773495033549617
2016-03-28,1.0,0.011887502355632735,0.20202899585891132
2016-03-29,1.0,0.021468767694830967,0.13156157789717998
2016-03-30,1.0,0.014015780938649329,0.19169608714051012
2016-03-31,1.0,0.039423398357580006,0.1621219588373302
2016-04-01,1.0,0.054108147010525916,0.10487076929382919
2016-04-05,1.0,0.05545373533442755,0.07705921733180139
2016-04-06,1.0,0.05124460771065007,0.10575946418222086
2016-04-07,1.0,0.0542621720458226,0.07738832996448385
2016-04-08,1.0,0.0456475421172827,0.09186251873944669
2016-04-11,1.0,0.026698546898849894,0.11750384915539808
2016-04-12,1.0,0.02675870979901926,0.08529265130840029
2016-04-13,1.0,0.029141134907499623,0.07103114841395919
2016-04-14,1.0,0.046608170293482944,0.07689295758689157
2016-04-15,1.0,0.0561318805684701,0.0784189240173463
2016-04-18,1.0,0.04835523469980638,0.05710924045531492
2016-04-19,1.0,0.03905788407164754,0.09855932855576578
2016-04-20,1.0,0.02012980997421176,0.0866850545684867
2016-04-21,1.0,0.007923074837327427,0.11334352040449129
2016-04-22,1.0,0.01843983433893571,0.14013726726227296
2016-04-25,1.0,0.01895700617882827,0.14179013393669723
2016-04-26,1.0,0.006180011944134472,0.051500876510337155
2016-04-27,0.0,-0.002298851587110824,0.09874800515541907
2016-04-28,0.0,-0.010541544670463183,0.12409455801584826
2016-04-29,0.0,-0.03825289490751386,0.13224821893844205
2016-05-03,0.0,-0.047327146504089736,0.06268334300082232
2016-05-04,0.0,-0.04264797244557753,0.09423601263836723
2016-05-05,0.0,-0.04001288622898979,0.09528633385265672
2016-05-06,0.0,-0.04572008943157595,0.1892624721875915
2016-05-09,0.0,-0.021144019061369083,0.16013153663831411
2016-05-10,0.0,-0.010329700263537682,0.13552446655821676
2016-05-11,0.0,-0.0087777200060488,0.43796240657114266
2016-05-12,1.0,0.022315356608143697,0.30697020888169546
2016-05-13,1.0,0.011960764542438482,0.4888424811385121
2016-05-16,1.0,0.011512233127254268,0.4655458584513671
2016-05-17,1.0,0.0358187549963322,0.4436191909601038
2016-05-18,1.0,0.011041702170536523,0.3243104546507826
2016-05-19,1.0,0.028906959942383955,0.5093932920045118
2016-05-20,1.0,0.02633194971299128,0.43450851808965163
2016-05-23,1.0,0.015512880008471681,0.42877509593790525
2016-05-24,1.0,0.02306280150989178,0.3813717186034466
2016-05-25,1.0,0.08326608436106865,0.43739765383331264
2016-05-26,1.0,0.0878900344576349,0.49070405514121135
2016-05-27,1.0,0.08792618000968505,0.5149976984644707
2016-05-30,1.0,0.10309630482167668,0.5853256177528567
2016-05-31,1.0,0.08881190477333711,0.5653294010562783
2016-06-01,1.0,0.10182622651289615,0.6668167297305738
2016-06-02,1.0,0.11793279871011811,0.73175602769353
2016-06-03,1.0,0.1171599492098403,0.6464924661827393
2016-06-06,1.0,0.11525841931924498,0.7066037872329726
2016-06-07,1.0,0.11018179886789574,0.5828214405746652
2016-06-08,1.0,0.09392793881838646,0.6461402396039287
2016-06-13,1.0,0.07329995448976243,0.6166309904088874
2016-06-14,1.0,0.07146527139935228,0.6338394191692281
2016-06-15,1.0,0.055137639600175696,0.5158323188208245
2016-06-16,1.0,0.03129650643237232,0.5857685548190923
2016-06-17,1.0,0.05604953506715203,0.7317868637667798
2016-06-20,1.0,0.05126589675196473,0.2690446696511489
2016-06-21,1.0,0.05518395897225451,0.267239906860588
2016-06-22,1.0,0.06445737912161119,0.36124332163201267
2016-06-23,1.0,0.05358908151750812,0.2488326022653677
2016-06-24,1.0,0.014247009074298019,0.6056661203477053
2016-06-27,1.0,0.0005268241407299226,0.283493146822055
2016-06-28,1.0,0.006507805924512607,0.17450595554340845
2016-06-29,1.0,0.0024591616116963963,0.17105009171508972
2016-06-30,1.0,0.021844468430548266,0.17831842623920952
2016-07-01,1.0,0.0010442047589945339,0.07500215719594405
2016-07-04,0.0,-0.008594071457812843,0.09053693840245672
2016-07-05,1.0,0.0012028526237645072,0.10947078781653131
2016-07-06,0.0,-0.01391503871075209,0.1128012073770759
2016-07-07,0.0,-0.0203269446385704,0.0927412864280094
2016-07-08,1.0,0.001706193896248874,0.08761250341015396
2016-07-11,0.0,-0.027318939726173972,0.08662222408933765
2016-07-12,0.0,-0.023433188014895287,0.07960670432596575
2016-07-13,1.0,0.0003438198417916375,0.1994985672885113
2016-07-14,0.0,-0.0012124362791203509,0.162617234854397
2016-07-15,0.0,-0.002425503614618511,0.1811021827701478
2016-07-18,0.0,-0.0015629073251730494,0.17055427497303025
2016-07-19,1.0,0.0010386014435427066,0.2014886980738686
2016-07-20,1.0,0.0001738676871285557,0.15933011491404492
2016-07-21,1.0,0.016379526326337393,0.26871810376183647
2016-07-22,1.0,0.010423999878019983,0.2918896130331549
2016-07-25,1.0,0.006649193351503294,0.24723681495672833
2016-07-26,1.0,0.007162228188724304,0.2217939334453429
2016-07-27,1.0,0.008385793376273964,0.26604730499809753
2016-07-28,0.0,-0.015679763746494404,0.29882954934297384
2016-07-29,0.0,-0.009261752531479114,0.3636029977936301
2016-08-01,0.0,-0.020051234063707693,0.3728859988279775
2016-08-02,0.0,-0.022578242886038075,0.2552515479645484
2016-08-03,0.0,-0.03194716132944406,0.2603517949394601
2016-08-04,0.0,-0.02445536722363124,0.3235412538456032
2016-08-05,0.0,-0.03521918342359146,0.24755707369258872
2016-08-08,0.0,-0.0013944572592541906,0.40499968697761524
2016-08-09,1.0,0.0005228758289062747,0.2546154183426228
2016-08-10,0.0,-0.00017189514438532255,0.4115784539497861
2016-08-11,1.0,0.006736358490387288,0.4299877074856808
2016-08-12,1.0,0.0013867223577740757,0.34381167774022414
2016-08-15,0.0,-0.0006954103200970963,0.5147980718505176
2016-08-16,0.0,-0.005377756043132269,0.32940434848968797
2016-08-17,0.0,-0.00557881502703911,0.2929626475746979
2016-08-18,0.0,-0.016555226932956545,0.3369451063173141
2016-08-19,0.0,-0.01550148605568484,0.2224446536844099
2016-08-22,0.0,-0.004719875906606995,0.27719346682253165
2016-08-23,1.0,0.001565353828637018,0.132477852276948
2016-08-24,1.0,0.002606204237750774,0.1586037632255258
2016-08-25,1.0,0.011696039763191456,0.24520344776204453
2016-08-26,1.0,0.010131091019681394,0.21052860151773495
2016-08-29,1.0,0.005444818931342835,0.4615838574988886
2016-08-30,1.0,0.0003512469302006317,0.19205446692742006
2016-08-31,1.0,0.00668193096287439,0.2638258422046081
2016-09-01,0.0,-0.03143500860815961,0.18916094416155885
2016-09-02,0.0,-0.03321371629078153,0.18361051046398866
2016-09-05,0.0,-0.0476918664203693,0.25081089925543537
2016-09-06,0.0,-0.045450217426157596,0.13832558136591414
2016-09-07,0.0,-0.061688880563988864,0.29855046772636196
2016-09-08,0.0,-0.05939882839190816,0.23925146545106077
2016-09-09,0.0,-0.04771677544775398,0.23920547040718243
2016-09-12,0.0,-0.043724754178216564,0.23444824310833554
2016-09-13,0.0,-0.03612930583882351,0.22229063858049813
2016-09-14,0.0,-0.03450457889048174,0.1978680476337152
2016-09-19,0.0,-0.026710989735774283,0.14779698465281457
2016-09-20,0.0,-0.024701389177946727,0.48146615561202166
2016-09-21,0.0,-0.021788126094499836,0.6078719908330048
2016-09-22,0.0,-0.03339828040184803,0.5876864019143238
2016-09-23,0.0,-0.03406311851533656,0.5933326788191673
2016-09-26,0.0,-0.029768820822885924,0.5259585601125437
2016-09-27,0.0,-0.026236208605232847,0.5274025572973562
2016-09-28,0.0,-0.00879667882173537,0.572136891903948
2016-09-29,0.0,-0.0035180335316790613,0.5288956011142796
2016-09-30,0.0,-0.010216752600367425,0.5625110641666627
2016-10-10,1.0,0.02824690813951386,0.06394931340943666
2016-10-11,1.0,0.026303083667477373,0.07206690234485318
2016-10-12,1.0,0.06498436026562414,0.05677764850202595
2016-10-13,1.0,0.0426583817268972,0.09253057474704439
2016-10-14,1.0,0.029901363127103946,0.05076106287079558
2016-10-17,0.0,-0.0027439878188667563,0.17004194353584456
2016-10-18,1.0,0.0027215838263217394,0.16107385367525945
2016-10-19,1.0,0.006699889254170089,0.1068703243133068
2016-10-20,0.0,-0.002708805268086904,0.10953312207684841
2016-10-21,0.0,-0.010368442136589233,0.11606867568144734
2016-10-24,0.0,-0.005428894984114364,0.07663280223721339
2016-10-25,0.0,-0.005955083916495378,0.10028068796036047
2016-10-26,0.0,-0.009355951657559498,0.09066655942374693
2016-10-27,0.0,-0.016487374109020816,0.09221769017666649
2016-10-28,0.0,-0.025824311966570014,0.09120576776543472
2016-10-31,0.0,-0.021140908413248352,0.09020175494102377
2016-11-01,0.0,-0.02712643723908914,0.04440372847083593
2016-11-02,0.0,-0.04296689788218553,0.07671500392051973
2016-11-03,0.0,-0.052453252759114485,0.06194422002305114
2016-11-04,0.0,-0.04917090236339975,0.05931402699819322
2016-11-07,0.0,-0.04759343508571152,0.030259645061595074
2016-11-08,0.0,-0.04751963450757566,0.02870832674417232
2016-11-09,0.0,-0.0856875026733398,0.30666763478374476
2016-11-10,0.0,-0.05902054471686722,0.3159924894140321
2016-11-11,0.0,-0.04445176257083381,0.4651321832980584
2016-11-14,0.0,-0.01848823228690735,0.6590933370549337
2016-11-15,0.0,-0.028486719037932175,0.4323098399869393
2016-11-16,0.0,-0.02707317353012278,0.16864944533013748
2016-11-17,0.0,-0.03514944601619432,0.19181780215577873
2016-11-18,0.0,-0.030069080518877658,0.3700743261233274
2016-11-21,0.0,-0.033019692584636,0.44772825486151563
2016-11-22,0.0,-0.040633475337870026,0.3325854085330262
2016-11-23,0.0,-0.0434087912401221,0.2891206777077688
2016-11-24,0.0,-0.03873854954436958,0.4847691045648168
2016-11-25,0.0,-0.02935064409955274,0.5014613319539246
2016-11-28,0.0,-0.03361192837283269,0.4412641727315841
2016-11-29,0.0,-0.02468344672953661,0.3308341434964955
2016-11-30,0.0,-0.013931682561473839,0.30452774654099124
2016-12-01,0.0,-0.0018587365946254378,0.45669684833686136
2016-12-02,1.0,0.009255897253726737,0.36535410590940914
2016-12-05,1.0,0.0037140246963713874,0.3243687682942706
2016-12-06,1.0,0.008355818739874874,0.36093113912755476
2016-12-07,1.0,0.006701439822745103,0.4539072909118301
2016-12-08,0.0,-0.0033420008825568556,0.49091682877914045
2016-12-09,1.0,0.0009272137891922675,0.46913960452938286
2016-12-12,1.0,0.013161743433130825,0.3587387724243529
2016-12-13,1.0,0.013517472744351578,0.3291255763810019
2016-12-14,1.0,0.009595940029833976,0.44629651701894985
2016-12-15,1.0,0.015979529908474024,0.5220890646344813
2016-12-16,1.0,0.02823891895386257,0.3285196384688573
2016-12-19,1.0,0.02956608558926237,0.31724451417613625
2016-12-20,1.0,0.030628844367943466,0.2736995104516558
2016-12-21,1.0,0.02184756862971961,0.35352393805632787
2016-12-22,1.0,0.0302996808985049,0.28367780541934984
2016-12-23,1.0,0.03431252141196431,0.28080929059895093
2016-12-26,1.0,0.028302019348167808,0.2874900440079528
2016-12-27,1.0,0.013067201054508454,0.30054340211996106
2016-12-28,1.0,0.0011217051092001736,0.31615894661787936
2016-12-29,1.0,0.010548816242668665,0.4209576949837981
2016-12-30,1.0,0.010812897434143777,0.4201871338074255
2017-01-03,1.0,0.02471521682414547,0.3275620629350526
2017-01-04,1.0,0.023212227419937344,0.44443011045348146
2017-01-05,1.0,0.03177188914029065,0.4674734903409792
2017-01-06,1.0,0.023526172347102123,0.3491491457195102
2017-01-09,1.0,0.024353487755270617,0.2803242521166955
2017-01-10,1.0,0.01643872634315994,0.3318947558246511
2017-01-11,1.0,0.011338819361893973,0.32070221869855076
2017-01-12,1.0,0.014947416466202242,0.5882963740384083
2017-01-13,1.0,0.022599831917240992,0.4238320350403525
2017-01-16,1.0,0.01418721504120968,0.3962295740569935
2017-01-17,1.0,0.010505439852618398,0.3215579578792051
2017-01-18,1.0,0.013437645453712187,0.310315397869343
2017-01-19,1.0,0.025710231899483894,0.3503252848893392
2017-01-20,1.0,0.035294587337441896,0.3308645185422965
2017-01-23,1.0,0.03388321970196879,0.35064275716191623
2017-01-24,1.0,0.03197815610682617,0.26514654703275947
2017-01-25,1.0,0.03480989271821722,0.41301713858891
2017-01-26,1.0,0.04333005746163355,0.4244158599162232
2017-02-03,1.0,0.021130112196190078,0.20383918123841654
2017-02-06,1.0,0.011418338828352713,0.24056846315150518
2017-02-07,0.0,-0.00036172906887475554,0.2015698530648978
2017-02-08,0.0,-0.007981177863864557,0.21670689297479578
2017-02-09,0.0,-0.017953152432694602,0.5041641741509723
2017-02-10,0.0,-0.015376469896442157,0.6213309567636609
2017-02-13,0.0,-0.009999174303587698,0.5602168729530963
2017-02-14,0.0,-0.013312861887466441,0.8722866537083735
2017-02-15,0.0,-0.008950648850524934,0.8829424255975824
2017-02-16,1.0,0.0028906975865416,0.9052453510903546
2017-02-17,0.0,-0.001442741458551534,0.8748746091784353
2017-02-20,1.0,0.005762666766701211,0.8732493480410896
2017-02-21,0.0,-0.0005406866852455394,0.8172608496601761
2017-02-22,1.0,0.009335794915632741,0.8676208355638209
2017-02-23,1.0,0.007174918672295264,0.8576081290358175
2017-02-24,0.0,-0.007855780446673292,0.8731906405149916
2017-02-27,0.0,-0.0005317734770354012,0.8429419420049612
2017-02-28,0.0,0.0,0.8108335941715994
2017-03-01,1.0,0.005180895911991375,0.8078329992114572
2017-03-02,1.0,0.004106781952653502,0.7131480243746945
2017-03-03,1.0,0.004316553464974221,0.7477828686398802
2017-03-06,1.0,0.013603216746719724,0.6933163112558496
2017-03-07,1.0,0.017394861625115204,0.6232501202015306
2017-03-08,1.0,0.032078729442925016,0.6705642031237986
2017-03-09,1.0,0.032228912362065626,0.6960539423755532
2017-03-10,1.0,0.0422598092898826,0.6977410326551238
2017-03-13,1.0,0.04361728012005332,0.7505562504649788
2017-03-14,1.0,0.05291672348062184,0.5861262769588977
2017-03-15,1.0,0.05427965645420351,0.6427428625744134
2017-03-16,1.0,0.03561996130825547,0.808060173321346
2017-03-17,1.0,0.0333660055412281,0.6811377954922276
2017-03-20,1.0,0.02780170206839183,0.6450156113063176
2017-03-21,1.0,0.031061153554821103,0.6909976099705767
2017-03-22,1.0,0.021567037096885303,0.7710579519565981
2017-03-23,1.0,0.014725716286890914,0.6472641494394841
2017-03-24,1.0,0.017589509187388178,0.70812267753138
2017-03-27,1.0,0.0015944728331574547,0.7767466569664639
2017-03-28,1.0,0.005850561852654967,0.717283479130137
2017-03-29,1.0,0.009223194151204045,0.6843566496446749
2017-03-30,1.0,0.01169189581056467,0.6083657917480201
2017-03-31,1.0,0.01672934549076553,0.7155466654563761
2017-04-05,0.0,-0.005705132251032986,0.5707009780542812
2017-04-06,0.0,-0.008749274632261071,0.8029038918314445
2017-04-07,0.0,-0.01779406380046805,0.883936895292662
2017-04-10,0.0,-0.013377529383036005,0.8591686432843324
2017-04-11,0.0,-0.020365119682871094,0.813823385512374
2017-04-12,0.0,-0.03018695120873675,0.8855869451095804
2017-04-13,0.0,-0.03202396607038626,0.834931186524809
2017-04-14,0.0,-0.029273823734640863,0.7455546240571707
2017-04-17,0.0,-0.025389234004819464,0.8148412902442569
2017-04-18,0.0,-0.01938728329637965,0.8055379414721308
2017-04-19,0.0,-0.010710312195953692,0.822194478120165
2017-04-20,0.0,-0.012132016934764877,0.8290882454470389
2017-04-21,0.0,-0.009135692491795093,0.7721434586201942
2017-04-24,1.0,0.004568625061215358,0.8208587579694012
2017-04-25,0.0,-0.007247048951341295,0.7177060712406447
2017-04-26,1.0,0.0030048630651998893,0.7861043080255531
2017-04-27,1.0,0.0017661608264636522,0.7470963239212186
2017-04-28,0.0,-0.005488196478841772,0.7679969100268331
2017-05-02,0.0,-0.007247048951341295,0.6434485883335628
2017-05-03,0.0,-0.008685687858029112,0.5681493479734608
2017-05-04,1.0,0.017370163781536142,0.7877824004810883
2017-05-05,1.0,0.026545533217700507,0.7634848079403822
2017-05-08,1.0,0.028669456026732907,0.7291172237546726
2017-05-09,1.0,0.02587879263924237,0.7690175726047529
2017-05-10,1.0,0.01948055527313703,0.731640235543971
2017-05-11,1.0,0.013252342946840382,0.7002054926594653
2017-05-12,1.0,0.010907573498291464,0.7011727034205903
2017-05-15,1.0,0.008198228059465539,0.7258734487770416
2017-05-16,0.0,-0.0005358578318809316,0.6917394200771423
2017-05-17,0.0,-0.005711241653049355,0.6870487912217914
2017-05-18,0.0,-0.015655897072552907,0.7435453848382718
2017-05-19,0.0,-0.01568939296564556,0.770637682789303
2017-05-22,0.0,-0.01834587031516877,0.7248469107705825
2017-05-23,0.0,-0.01875829201873313,0.7611769807992645
2017-05-24,0.0,-0.0049795585732382045,0.7641886699432628
2017-05-25,0.0,-0.009576239168110227,0.725620704034155
2017-05-26,0.0,-0.014038435792766972,0.6900946398328155
2017-05-31,0.0,-0.010349842566394329,0.5162140643621635
2017-06-01,0.0,-0.013214478006281984,0.5501067741766741
2017-06-02,0.0,-0.01923309038547261,0.5643750535233253
2017-06-05,0.0,-0.035593491715262146,0.715659872135277
2017-06-06,0.0,-0.04903469284163707,0.7438639051870897
2017-06-07,0.0,-0.05081594111871434,0.7084049012660588
2017-06-08,0.0,-0.04619510904267905,0.7518196043499562
2017-06-09,0.0,-0.03714146036912994,0.7672794617570116
2017-06-12,0.0,-0.04456498079908946,0.6672042228825031
2017-06-13,0.0,-0.04046637573983589,0.5948891791582465
2017-06-14,0.0,-0.03872385400262598,0.592420403850525
2017-06-15,0.0,-0.029371219336049824,0.6282345645161563
2017-06-16,0.0,-0.031639002662171005,0.5756983802284108
2017-06-19,0.0,-0.02120220765060305,0.5193457367960667
2017-06-20,0.0,-0.016487374109020816,0.5078922770522569
2017-06-21,0.0,-0.01484996502917671,0.4512661144736098
2017-06-22,0.0,-0.020574629393193797,0.6175573528514593
2017-06-23,0.0,-0.016719490595144427,0.5497695273810009
2017-06-26,0.0,-0.014900194884418691,0.4238422050413444
2017-06-27,0.0,-0.009349223079346804,0.4870598090526572
2017-06-28,0.0,-0.015728426922598435,0.4046270477685212
2017-06-29,0.0,-0.0019793078886526424,0.3093196713375895
2017-06-30,1.0,0.006331997637507326,0.35085844437788843
2017-07-03,1.0,0.012485460299702196,0.3329164577324917
2017-07-04,1.0,0.01961559442820483,0.5256672628446349
2017-07-05,1.0,0.020169667124121198,0.44908360158638033
2017-07-06,1.0,0.014734236544675119,0.49040441408886537
2017-07-07,1.0,0.02270141981831199,0.3856480515089407
2017-07-10,1.0,0.02625208123651576,0.5798564525706469
2017-07-11,1.0,0.020891359031376268,0.47903269632255935
2017-07-12,1.0,0.019911151904240976,0.5251136757700555
2017-07-13,1.0,0.02435598403435867,0.5242480016051376
2017-07-14,1.0,0.033427272094381746,0.44958594172868077
2017-07-17,1.0,0.024424552007074794,0.49907991879140723
2017-07-18,1.0,0.015048783679296976,0.43596834130771733
2017-07-19,1.0,0.010526412986987383,0.3419140778805643
2017-07-20,1.0,0.02075324866668826,0.3062478259060969
2017-07-21,1.0,0.01689775960354961,0.4491134097378243
2017-07-24,1.0,0.011687627423972044,0.3219457510789505
2017-07-25,1.0,0.00827491679876213,0.310232640568545
2017-07-26,1.0,0.017162375904639326,0.34583799524427816
2017-07-27,1.0,0.005926209316660577,0.4309263393491994
2017-07-28,1.0,0.006471351003966198,0.35955558454029907
2017-07-31,1.0,0.008594502320772836,0.3242800094533294
2017-08-01,1.0,0.020648651035305353,0.2405271472399407
2017-08-02,1.0,0.008597581170203171,0.36126495535648623
2017-08-03,1.0,0.010775966344491739,0.33590110325226313
2017-08-04,1.0,0.011959089428902288,0.3382630384851529
2017-08-07,1.0,0.02945852577748992,0.3632616406034321
2017-08-08,1.0,0.028427765742825135,0.2845255324092471
2017-08-09,1.0,0.02729631607620045,0.4549355814103162
2017-08-10,1.0,0.016385050446991366,0.3967491676286367
2017-08-11,1.0,0.013663596477436856,0.37299391838084844
2017-08-14,1.0,0.009428158427052418,0.33925515082171853
2017-08-15,1.0,0.01162907818655583,0.33505981667556833
2017-08-16,1.0,0.016295463100632245,0.2536389012557393
2017-08-17,1.0,0.004277318943308385,0.4469520786164753
2017-08-18,1.0,0.006927818808519998,0.33719603466807285
2017-08-21,1.0,0.0005361451294546001,0.4941905772845482
2017-08-22,1.0,0.0025049216891042682,0.35258901007273097
2017-08-23,1.0,0.0032188868994719303,0.3246031958943456
2017-08-24,0.0,-0.006286504762820838,0.25947186632086683
2017-08-25,0.0,-0.003949735834964187,0.2561700831440988
2017-08-28,0.0,-0.01021422732169637,0.5245803059758158
2017-08-29,0.0,-0.007072165261362485,0.5534361336300959
2017-08-30,0.0,-0.004110451681464231,0.466800929478022
2017-08-31,0.0,-0.007891002208653951,0.36894178543943273
2017-09-01,0.0,-0.010344304831136696,0.4949976751453301
2017-09-04,0.0,-0.02656364407425391,0.6733092575062865
2017-09-05,0.0,-0.024987914428457474,0.4924917732367981
2017-09-06,0.0,-0.028563169924033533,0.6397030481962916
2017-09-07,0.0,-0.021245108613736154,0.6268153839975563
2017-09-08,0.0,-0.023178074499057483,0.702255171188595
2017-09-11,0.0,-0.013188571131184454,0.6017786504046128
2017-09-12,0.0,-0.013790851682009822,0.4986964400163173
2017-09-13,0.0,-0.019188251232548605,0.4409381495374577
2017-09-14,0.0,-0.01957501670845963,0.5455792291768021
2017-09-15,0.0,-0.02291953504121745,0.5949204418987648
2017-09-18,0.0,-0.017846350166168777,0.49865498919722295
2017-09-19,0.0,-0.014399096872179338,0.44675374315596184
2017-09-20,0.0,-0.019834764930959647,0.3475970425081219
2017-09-21,0.0,-0.0061449678272877005,0.4621619501301228
2017-09-22,0.0,-0.014495633415053794,0.41195166899554425
2017-09-25,0.0,-0.011958830689091959,0.3215570372512147
2017-09-26,0.0,-0.026246338514994555,0.5948984880962623
2017-09-27,0.0,-0.01916529461918492,0.432789229679444
2017-09-28,0.0,-0.013413287924683635,0.40388258999320803
2017-09-29,0.0,-0.017725188245372992,0.3281303436425704
2017-10-09,0.0,-0.012178647298897192,0.33349943013391814
2017-10-10,0.0,-0.006891576060387949,0.2340498589642735
2017-10-11,0.0,-0.0047195585879144675,0.25819286582585466
2017-10-12,0.0,-0.004883793735320916,0.3315225633363292
2017-10-13,1.0,0.013081451662693772,0.22319629269735636
2017-10-16,1.0,0.003402886779694436,0.38461888577766834
2017-10-17,1.0,0.0073668467206548,0.3241438876588264
2017-10-18,1.0,0.01313086588418427,0.2596961729943846
2017-10-19,1.0,0.012435953726618333,0.29960441697619217
2017-10-20,1.0,0.014564673536009248,0.3123263762249238
2017-10-23,1.0,0.02425777016952285,0.2890035520607197
2017-10-24,1.0,0.014756431162206353,0.29421260562266516
2017-10-25,1.0,0.019477622070020493,0.24669419124759906
2017-10-26,1.0,0.015470716906861534,0.33432270545234144
2017-10-27,1.0,0.023449847969921146,0.3367800526867265
2017-10-30,1.0,0.02217305801078826,0.29969968904603106
2017-10-31,1.0,0.025358790751042245,0.32637813984828534
2017-11-01,1.0,0.02825707665085324,0.314406836318966
2017-11-02,1.0,0.02005306108458406,0.24249353948499824
2017-11-03,1.0,0.013593322131669094,0.24494337341874708
2017-11-06,1.0,0.015065172846321155,0.2691472287372576
2017-11-07,1.0,0.010679801029023024,0.2673251648316126
2017-11-08,1.0,0.004538448381859383,0.2464422613483885
2017-11-09,0.0,-0.005819256283554472,0.30782121037221666
2017-11-10,0.0,-0.030732715148758253,0.4764982911639303
2017-11-13,0.0,-0.025716737757306964,0.44634259229274503
2017-11-14,0.0,-0.026852121312706145,0.39844260256915104
2017-11-15,0.0,-0.028824618639451068,0.5503264720474107
2017-11-16,0.0,-0.01770917260102971,0.5675417439966655
2017-11-17,0.0,-0.021106583110723314,0.5366778460463919
2017-11-20,0.0,-0.026078269488992768,0.6077597480691874
2017-11-21,0.0,-0.0156632961921634,0.616309058704069
2017-11-22,0.0,-0.018021752841078594,0.591105280838536
2017-11-23,0.0,-0.019467089164834833,0.6019897797963153
2017-11-24,0.0,-0.019988060783145977,0.5446950256012655
2017-11-27,0.0,-0.013823036723687978,0.6006116583586172
2017-11-28,0.0,-0.018099230738238093,0.7349998224570115
2017-11-29,0.0,-0.016461277054072077,0.7329630087663422
2017-11-30,0.0,-0.005380213839081341,0.7459490349378123
2017-12-01,1.0,0.00018000180050395438,0.6611466066923666
2017-12-04,1.0,0.006643349686691018,0.6401085880990083
2017-12-05,1.0,0.009497428256927697,0.5634698125723031
2017-12-06,1.0,0.010629773091311995,0.6698677741811762
2017-12-07,1.0,0.020578343487311336,0.5641225161930989
2017-12-08,1.0,0.02841563007322313,0.48008106234538495
2017-12-11,1.0,0.028929878686691068,0.4812948841338837
2017-12-12,1.0,0.029176664156477326,0.37568952103368025
2017-12-13,1.0,0.032570275386512026,0.35626017994635134
2017-12-14,1.0,0.026269952545287897,0.5994301634875636
2017-12-15,1.0,0.0280442610306456,0.502679296611174
2017-12-18,1.0,0.02607826948899271,0.5516453486814703
2017-12-19,1.0,0.018873571822411724,0.5275077587368965
2017-12-20,1.0,0.015518174995486467,0.4038726649955125
2017-12-21,1.0,0.01319972152828866,0.3932800656264457
2017-12-22,1.0,0.013010664196138777,0.32877592473148826
2017-12-25,1.0,0.010072027592203502,0.4035980148091768
2017-12-26,1.0,0.015075662405447178,0.2727287307797661
2017-12-27,1.0,0.01646127705407215,0.3835653003739049
2017-12-28,1.0,0.0068100621613291345,0.4287836952565536
2017-12-29,1.0,0.0032345041676590976,0.3621411264373986
2018-01-02,0.0,-0.010976268543589372,0.2774807674880659
2018-01-03,0.0,-0.013466403339023747,0.47631999515501994
2018-01-04,0.0,-0.010629773091312019,0.4360914946513055
2018-01-05,0.0,-0.012404653443853903,0.4881426525515971
2018-01-08,0.0,-0.022375527514836385,0.5070453361248555
2018-01-09,0.0,-0.01635109647983109,0.43002081555295846
2018-01-10,0.0,-0.027706616115188255,0.439527684010663
2018-01-11,0.0,-0.03312220254613979,0.45374177521248354
2018-01-12,0.0,-0.030655123102464852,0.45542012617029765
2018-01-15,0.0,-0.03297893247169247,0.5545240860548807
2018-01-16,0.0,-0.026625066185383246,0.36300960827919776
2018-01-17,0.0,-0.01687955321554721,0.4242957532586192
2018-01-18,0.0,-0.020257520359383035,0.40111965131821253
2018-01-19,0.0,-0.01356382129564607,0.3495371160425938
2018-01-22,0.0,-0.009560819648898886,0.2459552639246023
2018-01-23,0.0,-0.018057550971131292,0.3146182918314262
2018-01-24,0.0,-0.031300610435902335,0.4110232145698682
2018-01-25,0.0,-0.0363216364875837,0.4933918405360054
2018-01-26,0.0,-0.02623872594335949,0.4373434476397393
2018-01-29,0.0,-0.01828601689797539,0.2826248555700009
2018-01-30,0.0,-0.011098085345249645,0.3408329097177367
2018-01-31,0.0,-0.007621158281072601,0.2928675382622709
2018-02-01,0.0,-0.007453902341983428,0.22920708561594982
2018-02-02,0.0,-0.014027008383224874,0.20840546687952624
2018-02-05,0.0,-0.00548949228477148,0.4574591456388366
2018-02-06,0.0,-0.01349646603743599,0.5098980775355384
2018-02-07,1.0,0.001651225033466294,0.34948136779219247
2018-02-08,1.0,0.0029400976709966567,0.3269042036167361
2018-02-09,0.0,-0.006245428088748788,0.3193774977366691
2018-02-12,0.0,-0.010498300675392539,0.3338352188338404
2018-02-13,0.0,-0.011183543089099118,0.2481068596071824
2018-02-14,0.0,-0.0180909456490393,0.3084167268202913
2018-02-22,0.0,-0.0005482957278912145,0.20332546172053237
2018-02-23,1.0,0.006895327628518768,0.22911343748672247
2018-02-26,1.0,0.001086956628756703,0.3019521461492405
2018-02-27,1.0,0.005089069507471449,0.23899612756395716
2018-02-28,1.0,0.007871894196279613,0.24052548305796545
2018-03-01,0.0,-0.002395210725954822,0.1736927128360106
2018-03-02,0.0,-0.004226005370688505,0.26009002085846666
2018-03-05,0.0,-0.006967391588608264,0.224501859340434
2018-03-06,1.0,0.0016451881966881474,0.1600710766641931
2018-03-07,0.0,-0.004015336659736223,0.26457174847307224
2018-03-08,0.0,-0.005306022877780288,0.21457005074767715
2018-03-09,1.0,0.0005502063412529128,0.15849612791089066
2018-03-12,1.0,0.006583783840258849,0.17196744467170696
2018-03-13,1.0,0.010593706379474613,0.11470232969193543
2018-03-14,1.0,0.0014654701285463532,0.16546747902978926
2018-03-15,1.0,0.006401485052040889,0.1041482399322411
2018-03-16,1.0,0.012088059279215304,0.15384590301220882
2018-03-19,1.0,0.016344133910685142,0.22688722927211707
2018-03-20,1.0,0.014641549992948187,0.21776775564384926
2018-03-21,1.0,0.00990833794266075,0.2906262904447637
2018-03-22,0.0,-0.0034795383517459673,0.4156211212859448
2018-03-23,0.0,-0.016960377370459783,0.5708574921174207
2018-03-26,0.0,-0.016613800662655335,0.40308945557464365
2018-03-27,0.0,-0.014241613720776524,0.25896761812007535
2018-03-28,0.0,-0.011185593841144375,0.2833640747076786
2018-03-29,0.0,-0.002400961537538262,0.41888526330613
2018-03-30,1.0,0.009529117369203047,0.22832728666084542
2018-04-02,1.0,0.00933987194223878,0.2402940791649256
2018-04-03,1.0,0.005101122375057238,0.3551309187563045
2018-04-04,1.0,0.005653338663974594,0.39667930789582173
2018-04-09,1.0,0.007493409823580911,0.19784660912966523
2018-04-10,1.0,0.007671270496651489,0.3044990012896386
2018-04-11,1.0,0.0032757081156309883,0.3660848167062784
2018-04-12,0.0,-0.0001817025534208598,0.4039248719690215
2018-04-13,1.0,0.0023768180126219943,0.38664106762953904
2018-04-16,0.0,-0.01099919430067037,0.3680422515331943
2018-04-17,0.0,-0.017631310723977393,0.29692444161182596
2018-04-18,0.0,-0.015418807667183395,0.277052790182272
2018-04-19,0.0,-0.020929715710136704,0.3105859570340799
2018-04-20,0.0,-0.013233054710412731,0.2683327803737502
2018-04-23,0.0,-0.00754998522375368,0.334277642084614
2018-04-24,1.0,0.0014703182211401656,0.34967940724341157
2018-04-25,1.0,0.007154024825293842,0.26492122118254435
2018-04-26,1.0,0.0016536521912586517,0.31006206924504415
2018-04-27,1.0,0.007714953769578466,0.42596377744633945
2018-05-02,1.0,0.01377305768124837,0.3061998640701032
2018-05-03,1.0,0.0012758590995278472,0.583803693478157
2018-05-04,0.0,-0.0016418867138271879,0.5440558952908044
2018-05-07,0.0,-0.010044829230410472,0.6138541415911422
2018-05-08,0.0,-0.011154911315398777,0.6006167624131302
2018-05-09,0.0,-0.008043919058513524,0.6758836846921025
2018-05-10,0.0,-0.009690175467985316,0.6128689684068205
2018-05-11,0.0,-0.011328460269987866,0.5743929306481297
2018-05-14,0.0,-0.008944113654224877,0.49709971768162187
2018-05-15,0.0,-0.005126338578991368,0.5010370436616725
2018-05-16,1.0,0.0031287409345312767,0.4432359927105247
2018-05-17,1.0,0.01288677627635643,0.3014357887198883
2018-05-18,1.0,0.012317464307525087,0.2971482932377386
2018-05-21,1.0,0.0070253570517168455,0.3196802400316309
2018-05-22,0.0,-0.00018503099321922497,0.33887288415673017
2018-05-23,0.0,-0.003889253907030605,0.34337747665140606
2018-05-24,0.0,-0.006263837724325538,0.5833386314516112
2018-05-25,0.0,-0.008812247222765421,0.5949331691794125
2018-05-28,0.0,-0.004047098975014303,0.4960572740018275
2018-05-29,0.0,-0.006056731372106776,0.456995754161079
2018-05-30,0.0,-0.011925652759008084,0.672532106821808
2018-05-31,0.0,-0.011357513548816688,0.5998276603789693
2018-06-01,0.0,-0.00641086544052972,0.6280984905300264
2018-06-04,0.0,-0.0018372226369322306,0.5062068729004578
2018-06-05,1.0,0.002754569733645596,0.4422744438131754
2018-06-06,1.0,0.0012840504378229915,0.47689460942704515
2018-06-07,1.0,0.004033742176439022,0.36846324913994727
2018-06-08,1.0,0.003668382690458638,0.4189445950468159
2018-06-11,0.0,-0.002570223555545505,0.4907367991749697
2018-06-12,1.0,0.0016506193568838017,0.4513052085546657
2018-06-13,0.0,-0.0007352941507757214,0.3676626413980681
2018-06-14,0.0,-0.006054508908706372,0.5462095095303817
2018-06-15,0.0,-0.005864044657992729,0.5564638245649027
2018-06-19,1.0,0.0005525370800856683,0.366739116210966
2018-06-20,0.0,-0.004265189590669719,0.3351792877758818
2018-06-21,1.0,0.0031496089028962013,0.36094165494396724
2018-06-22,1.0,0.0003695491542425049,0.3623916079589731
2018-06-25,1.0,0.002762178351355405,0.4276353264323863
2018-06-26,1.0,0.0016576115776326047,0.4187458324617998
2018-06-27,1.0,0.0003681207477607708,0.4729776348780268
2018-06-28,1.0,0.0044198966981512855,0.4363003412118583
2018-06-29,1.0,0.00036839197322138996,0.46071822711401117
2018-07-02,0.0,-0.0020233613083464087,0.4656320966324206
2018-07-03,0.0,-0.000919878640893003,0.4909257544734299
2018-07-04,0.0,-0.004410961020610492,0.4986723589621418
2018-07-05,0.0,-0.007359738832080157,0.39502485583430563
2018-07-06,0.0,-0.011224701530549481,0.43494710879066056
2018-07-09,0.0,-0.010490571960341775,0.4068226430923748
2018-07-10,0.0,-0.007009805497427292,0.41550215755117526
2018-07-11,0.0,-0.012353803283189168,0.45146748886623267
2018-07-12,0.0,-0.008680449740747128,0.4689444728709676
2018-07-13,0.0,-0.008501252456038517,0.4016533438845879
2018-07-16,0.0,-0.007193612133364385,0.422393865418644
2018-07-17,0.0,-0.014466127641464113,0.5294931288639321
2018-07-18,0.0,-0.006151571267585958,0.587085245976555
2018-07-19,0.0,-0.023583350136085805,0.5085665858054392
2018-07-20,0.0,-0.027152683933806262,0.565441182100578
2018-07-23,0.0,-0.025138648055286036,0.513593503805844
2018-07-24,0.0,-0.019887283069293774,0.5211342897525766
2018-07-25,0.0,-0.02026279940866716,0.4646349291652744
2018-07-26,0.0,-0.02192173982818944,0.48246492845344763
2018-07-27,0.0,-0.01933864655410351,0.5037787747270043
2018-07-30,0.0,-0.015213651503595209,0.48224140197949944
2018-07-31,0.0,-0.012408715565953493,0.45003524734019923
2018-08-01,0.0,-0.01634205356568065,0.5840981285004927
2018-08-02,0.0,-0.012263252903840949,0.49760981349315137
2018-08-03,0.0,-0.008921992269026222,0.47588396685162276
2018-08-06,0.0,-0.013598048774709243,0.5294557899368263
2018-08-07,0.0,-0.016800843196291135,0.40346195480617125
2018-08-08,0.0,-0.014576972746772998,0.49136734408830063
2018-08-09,0.0,-0.011754963231443843,0.40831691080319116
2018-08-10,0.0,-0.008199822313772878,0.34224928711226144
2018-08-13,0.0,-0.0143565437749351,0.460866068418927
2018-08-14,0.0,-0.0024314984391407076,0.43999925184624716
2018-08-15,0.0,-0.0022463506263739703,0.3631903891873012
2018-08-16,1.0,0.015410942095597532,0.5164507591565242
2018-08-17,1.0,0.019735627865649707,0.376451177808934
2018-08-20,1.0,0.008262957811601803,0.3490219917877471
2018-08-21,1.0,0.004868923476381884,0.3331320661466244
2018-08-22,1.0,0.006364678917224283,0.33828911669027667
2018-08-23,1.0,0.007485064886566927,0.3034983206237212
2018-08-24,1.0,0.010273743115542121,0.31862032570771
2018-08-27,1.0,0.001867762963600232,0.4060521369638351
2018-08-28,1.0,0.00018634119125951603,0.254328463761425
2018-08-29,1.0,0.0013097578820632882,0.32051040266570163
2018-08-30,0.0,-0.009580236699235137,0.2870357483418489
2018-08-31,1.0,0.003168983917758249,0.3533787673716941
2018-09-03,1.0,0.004864368805954611,0.3275517067009984
2018-09-04,1.0,0.00862235894828399,0.2755793644314929
2018-09-05,1.0,0.014391426777226846,0.3330683070323685
2018-09-06,1.0,0.023923254966007154,0.32012593949688173
2018-09-07,1.0,0.030045574046000063,0.31710781029377305
2018-09-10,1.0,0.03324405857915443,0.3658285446828098
2018-09-11,1.0,0.02770260254933575,0.26377020438766635
2018-09-12,1.0,0.029362279242262125,0.28372644498121646
2018-09-13,1.0,0.029221963488139987,0.27970673747942953
2018-09-14,1.0,0.02644782254360957,0.2998166119672875
2018-09-17,1.0,0.035278323084372225,0.2741819721812148
2018-09-18,1.0,0.034878719026423345,0.2378542541953115
2018-09-19,1.0,0.038617663426479404,0.24014505854780677
2018-09-20,1.0,0.03696669768426692,0.24484401703873584
2018-09-21,1.0,0.03218416379050167,0.24881616447230592
2018-09-25,1.0,0.0341192302896171,0.20497786561644915
2018-09-26,1.0,0.024115296548361954,0.22692141336563243
2018-09-27,1.0,0.02911574748071897,0.3201779521169356
2018-09-28,1.0,0.03887219001653038,0.4286458374752695
2018-10-08,1.0,0.02554112196467312,0.27603011059699956
2018-10-09,1.0,0.02924346316787685,0.35444154473101186
2018-10-10,1.0,0.029424704672677375,0.3747415354653109
2018-10-11,1.0,0.03626160244335565,0.4593273618327662
2018-10-12,1.0,0.021213740855661363,0.4786030645454871
2018-10-15,1.0,0.00434862073219642,0.3842211200705503
2018-10-16,1.0,0.0007263483159362054,0.34939793669317176
2018-10-17,1.0,0.0036363676433839335,0.342250992375278
2018-10-18,1.0,0.008336402029628008,0.3156322713493726
2018-10-19,1.0,0.005238924456435551,0.3902835391206498
2018-10-22,1.0,0.008662750437214367,0.2679083538422681
2018-10-23,1.0,0.008449488472018159,0.3592912837871053
2018-10-24,1.0,0.006652905955551951,0.3787632520897936
2018-10-25,1.0,0.004120761900258165,0.35218871458301826
2018-10-26,1.0,0.004839152735751796,0.308556184903718
2018-10-29,1.0,0.005920892869223462,0.3729431903471443
2018-10-30,1.0,0.0059336684029667386,0.31819457277937857
2018-10-31,1.0,0.009593701964970416,0.40308141372341605
2018-11-01,1.0,0.015319755324092785,0.40027979139181785
2018-11-02,1.0,0.014598799421152631,0.3367895630423741
2018-11-05,1.0,0.00992877549001317,0.2903136544643334
2018-11-06,1.0,0.009022074911076908,0.27082777449461626
2018-11-07,1.0,0.010814813410202923,0.33673660233873765
2018-11-08,1.0,0.001787949698546347,0.2066700344234874
2018-11-09,1.0,0.005546127464366761,0.25150258642192974
2018-11-12,1.0,0.023408555677167035,0.4214777768962134
2018-11-13,1.0,0.025803259202574147,0.42766022358981515
2018-11-14,1.0,0.0204785313435407,0.4208164050569444
2018-11-15,1.0,0.013444676838297472,0.36018443572070225
2018-11-16,1.0,0.010217889383192447,0.37672916637053394
2018-11-19,1.0,0.0069836437472523836,0.35547027035807727
2018-11-20,1.0,0.00926592516893574,0.3071462902602897
2018-11-21,1.0,0.012643744254486751,0.34253638798115776
2018-11-22,1.0,0.008900023147552066,0.26208675573574286
2018-11-23,1.0,0.01824835827022385,0.20542662095580305
2018-11-26,1.0,0.021064589815114356,0.2817313361494548
2018-11-27,1.0,0.028977292493575058,0.2575018617260654
2018-11-28,1.0,0.035221763101234704,0.3478250470365539
2018-11-29,1.0,0.023859044631415062,0.3489213656192568
2018-11-30,1.0,0.029616125406111585,0.2584097337640816
2018-12-03,1.0,0.035122290014839755,0.3118960400584865
2018-12-04,1.0,0.04341249293531325,0.2693444410766663
2018-12-05,1.0,0.040922383887671346,0.2283654573121073
2018-12-06,1.0,0.030782484985534746,0.2426224246023369
2018-12-07,1.0,0.02467085477659574,0.24995253448593094
2018-12-10,1.0,0.010890675004496421,0.24604771286338017
2018-12-11,1.0,0.014924339866019275,0.18895468694943443
2018-12-12,1.0,0.013247566344498736,0.2168394125758906
2018-12-13,1.0,0.015021931325934837,0.18547428263708904
2018-12-14,1.0,0.013991196087272475,0.19546865473119115
2018-12-17,1.0,0.01558105175284541,0.20273693544377852
2018-12-18,1.0,0.011287597798559559,0.19162487430193945
2018-12-19,1.0,0.008809077401738462,0.19973523882225125
2018-12-20,1.0,0.0037145174044157163,0.3275689729908987
2018-12-21,0.0,-0.005457279629705029,0.2954157335030699
2018-12-24,0.0,-0.006502087752295662,0.2571273263594141
2018-12-25,0.0,-0.013324180290547485,0.22337378364330168
2018-12-26,0.0,-0.016129381929883755,0.1753556250311758
2018-12-27,0.0,-0.0024479816386400017,0.2579899662132306
2018-12-28,0.0,-0.0043519957277471395,0.3425700494416322
2019-01-02,0.0,-0.002604846484593253,0.2398281036493352
2019-01-03,0.0,-0.009852296443011483,0.3110865264207976
2019-01-04,0.0,-0.004657188236504981,0.31602963466904305
2019-01-07,1.0,0.00034638032906070276,0.46765548317627864
2019-01-08,1.0,0.005554605498409447,0.36931263746255616
2019-01-09,1.0,0.007137292026817988,0.3802137861324468
2019-01-10,1.0,0.002436902859572601,0.3546564655671064
2019-01-11,1.0,0.01618693423055275,0.36683097472267345
2019-01-14,1.0,0.020486827625087897,0.35961707991002223
2019-01-15,1.0,0.024495274932129118,0.3569816651585357
2019-01-16,1.0,0.03028174971611692,0.32459217743143143
2019-01-17,1.0,0.022200009871920577,0.2947082164408948
2019-01-18,1.0,0.01583605703397038,0.33806163809416484
2019-01-21,1.0,0.021310850162524896,0.38852338767000977
2019-01-22,1.0,0.020096788204316554,0.3522966390207432
2019-01-23,1.0,0.017650086848970094,0.3325266355090634
2019-01-24,1.0,0.012453024211409236,0.32576376953402997
2019-01-25,1.0,0.010373719402458997,0.31314941554217046
2019-01-28,0.0,-0.013394631000849543,0.399968571693778
2019-01-29,0.0,-0.02044484324241542,0.3413737030300436
2019-01-30,0.0,-0.018249322040917483,0.3821856450401658
2019-01-31,0.0,-0.024440777011620764,0.35425465983673765
2019-02-01,0.0,-0.019730015824572535,0.3639149670742248
2019-02-11,0.0,-0.013949659508711817,0.2934784491854488
2019-02-12,0.0,-0.016229306564274452,0.3358328540181597
2019-02-13,0.0,-0.00906087397869699,0.318804037367873
2019-02-14,0.0,-0.008730629928265314,0.339640265693776
2019-02-15,0.0,-0.016362419007698796,0.38326816589272245
2019-02-18,0.0,-0.019960742562538058,0.36463636216329437
2019-02-19,0.0,-0.0187083232277581,0.26065759804156535
2019-02-20,0.0,-0.026949290260996964,0.344959878711879
2019-02-21,0.0,-0.014165032145622586,0.3283897150191282
2019-02-22,0.0,-0.011285821671694942,0.3427262400554437
2019-02-25,0.0,-0.0043301358036972794,0.3598341112901237
2019-02-26,0.0,-0.002425083468075587,0.33714827813131815
2019-02-27,0.0,-0.0013867223577741364,0.3157211361294704
2019-02-28,1.0,0.0020895010214197402,0.44909348829647755
2019-03-01,0.0,-0.01356012677186679,0.42430589898684756
2019-03-04,1.0,0.0010640185433706969,0.5090043509769665
2019-03-05,1.0,0.0047961722634930135,0.4136792491149339
2019-03-06,1.0,0.001946042188675636,0.43975460346588724
2019-03-07,1.0,0.00727146947833498,0.381609404218297
2019-03-08,1.0,0.0021137932830934095,0.4893510628031239
2019-03-11,0.0,-0.0012299043982057548,0.45325828447748107
2019-03-12,1.0,0.00561404983276692,0.42389837611010067
2019-03-13,1.0,0.0017488636846396904,0.38295102557696165
2019-03-14,0.0,-0.006333589082155513,0.3862758811670981
2019-03-15,0.0,-0.011118088583976823,0.4672548752105727
2019-03-18,0.0,-0.013058240960395777,0.3833875311466525
2019-03-19,0.0,-0.021027367192075506,0.3678456133794554
2019-03-20,0.0,-0.026076865621529503,0.3260332100630287
2019-03-21,0.0,-0.02787268104977063,0.5193155682012817
2019-03-22,0.0,-0.021354380669123724,0.4354950244015123
2019-03-25,0.0,-0.031922294357026565,0.4470803450571736
2019-03-26,0.0,-0.033327601808793725,0.3993189684736034
2019-03-27,0.0,-0.027611003988733458,0.4148700951096461
2019-03-28,0.0,-0.02109412015926428,0.48451340126504505
2019-03-29,0.0,-0.0024853554423023426,0.49068339365016533
2019-04-01,0.0,-0.0019515663073231763,0.3379210606177119
2019-04-02,1.0,0.014426710453300507,0.30347827221822976
2019-04-03,1.0,0.009848830929205844,0.27416946893874067
2019-04-04,1.0,0.01473452372177275,0.2639461066597446
2019-04-08,1.0,0.010676569430938558,0.1993015091530556
2019-04-09,1.0,0.009971218799779377,0.2594690001557548
2019-04-10,1.0,0.01182622478884241,0.27092060708600113
2019-04-11,1.0,0.022802853622715426,0.2599807871427218
2019-04-12,1.0,0.027675598043439307,0.3601760072073236
2019-04-15,1.0,0.03693156170179387,0.2842808318911989
2019-04-16,1.0,0.035593429293930647,0.25257720368821074
2019-04-17,1.0,0.03302021102813389,0.3535428589976125
2019-04-18,1.0,0.0386053051148847,0.3081101558811922
2019-04-19,1.0,0.03307831487703558,0.2720502565809529
2019-04-22,1.0,0.03177656984910527,0.2775972413637774
2019-04-23,1.0,0.04245506893021206,0.29018797052926487
2019-04-24,1.0,0.04350800204434746,0.3374830081620926
2019-04-25,1.0,0.03710611201105753,0.3909674066024445
2019-04-26,1.0,0.03491365258152329,0.3860963113157853
2019-04-29,1.0,0.030803975631547187,0.3031373961825993
2019-04-30,1.0,0.041397215303715804,0.30330227057482395
2019-05-06,1.0,0.0358559724283267,0.26773681246780373
2019-05-07,1.0,0.04800648467089626,0.25401915591134205
2019-05-08,1.0,0.04942841885470986,0.30269061844681766
2019-05-09,1.0,0.04925430899094631,0.34608865994074245
2019-05-10,1.0,0.046258884937495866,0.3784230269140439
2019-05-13,1.0,0.035162858245324384,0.3473348681349426
2019-05-14,1.0,0.03309279887642894,0.393883942889436
2019-05-15,1.0,0.04021064888830625,0.36189514769105
2019-05-16,1.0,0.05133605044288325,0.323051187165665
2019-05-17,1.0,0.04163071780964331,0.3788111954364848
2019-05-20,1.0,0.05626536372657997,0.3935265813710555
2019-05-21,1.0,0.051068472298698195,0.3488897745445952
2019-05-22,1.0,0.07451584030672793,0.36552014919572157
2019-05-23,1.0,0.08048126045640502,0.3232831249806071
2019-05-24,1.0,0.08144225106996414,0.38930165154413393
2019-05-27,1.0,0.09974822967837259,0.30085100597007614
2019-05-28,1.0,0.08368396872200622,0.24334833758522065
2019-05-29,1.0,0.07960712448016047,0.39279727748892407
2019-05-30,1.0,0.08820278464216762,0.36662625103901886
2019-05-31,1.0,0.05114845513756468,0.39712543332669675
2019-06-03,1.0,0.050441904083276055,0.39522602403627466
2019-06-04,1.0,0.06880380718784469,0.31548062570394436
2019-06-05,1.0,0.05151700154752671,0.2916336412850031
2019-06-06,1.0,0.05261823661516138,0.3355816373322119
2019-06-10,1.0,0.050237393926532495,0.2236178101988363
2019-06-11,1.0,0.04535850919004346,0.295180402397075
2019-06-12,1.0,0.034430162762392295,0.36231350241894117
2019-06-13,1.0,0.050798449016627965,0.27252004675693065
2019-06-14,1.0,0.028509297897876238,0.2827228793586477
2019-06-17,1.0,0.043908315386244415,0.3171321132428672
2019-06-18,1.0,0.0371897321456001,0.26958433819198246
2019-06-19,1.0,0.037095044918616295,0.3594875190133311
2019-06-20,1.0,0.02490808550528045,0.2666995424600201
2019-06-21,1.0,0.030462396255134687,0.21064128044908345
2019-06-24,1.0,0.015241083773330177,0.22317761704023498
2019-06-25,0.0,-0.00968001313499221,0.16887959943887892
2019-06-26,1.0,0.01021941131923711,0.20990918487380833
2019-06-27,1.0,0.014782467643393289,0.17301451779782712
2019-06-28,1.0,0.007076057514671803,0.20543778334541965
2019-07-01,1.0,0.0342144917502114,0.20181814286796632
2019-07-02,1.0,0.027810292816472317,0.1771285623921659
2019-07-03,1.0,0.003575040723828533,0.25127884524366095
2019-07-04,0.0,-0.003311000265630367,0.20536121648631894
2019-07-05,1.0,0.019463440416376397,0.14993256418307901
2019-07-08,1.0,0.05429179738380703,0.39531874591701244
2019-07-09,1.0,0.06813111888427084,0.24718585009959315
2019-07-10,1.0,0.0873838065648425,0.3054954883937892
2019-07-11,1.0,0.07646747920586272,0.359819371220629
2019-07-12,1.0,0.08835265298068379,0.3248586136989123
2019-07-15,1.0,0.08010322753920088,0.2872329730795828
2019-07-16,1.0,0.10321817527762865,0.3040105460855322
2019-07-17,1.0,0.08247556212378851,0.3471362270800944
2019-07-18,1.0,0.08497232052280666,0.32346224430038517
2019-07-19,1.0,0.07290314607216496,0.29685450122697005
2019-07-22,1.0,0.07724399109340807,0.35806019818286566
2019-07-23,1.0,0.07856929525012056,0.3410928910841091
2019-07-24,1.0,0.07733174832224622,0.34508450516791456
2019-07-25,1.0,0.07848045145827773,0.3205618949765086
2019-07-26,1.0,0.08165652421735034,0.36347206030743134
2019-07-29,1.0,0.11416085281616153,0.3107946382159509
2019-07-30,1.0,0.1115126603417124,0.31036831571420914
2019-07-31,1.0,0.10757683205678426,0.29215818135631594
2019-08-01,1.0,0.1362125707940697,0.3971836238566832
2019-08-02,1.0,0.09538026916829248,0.3779403588060045
2019-08-05,1.0,0.0632277822550344,0.2282307763243744
2019-08-06,1.0,0.06322451560861242,0.21024031821575678
2019-08-07,1.0,0.049096617806788305,0.16361435854904147
2019-08-08,1.0,0.04694232965803556,0.18828988078108513
2019-08-09,1.0,0.009495108022324245,0.13904020264642442
2019-08-12,1.0,0.018277834878369856,0.09184773580808907
2019-08-13,0.0,-0.02137354546989171,0.08989491732199309
2019-08-14,1.0,0.008709591999489652,0.13184950873881082
2019-08-15,0.0,-0.0036046466829701344,0.11709542451669426
2019-08-16,0.0,-0.004322773302004027,0.10814780806935044
2019-08-19,0.0,-0.004194697696162355,0.1276862190842247
2019-08-20,1.0,0.0050633019565466345,0.09420023969904091
2019-08-21,1.0,0.001880379522742225,0.13851646545339147
2019-08-22,1.0,0.000721344617587367,0.12244001392692955
2019-08-23,1.0,0.011628872701892995,0.14584196462032303
2019-08-26,0.0,-0.017457855743139,0.1714820435834625
2019-08-27,0.0,-0.013613290016443071,0.13217556925274537
2019-08-28,0.0,-0.026257860918086774,0.18619259436420976
2019-08-29,0.0,-0.04640189377236748,0.1536492617726039
2019-08-30,0.0,-0.03320575829823491,0.22772797796483304
2019-09-02,0.0,-0.032274684778021506,0.1988015961588827
2019-09-03,0.0,-0.022491930538995814,0.13880223763859004
2019-09-04,0.0,-0.03198234947446322,0.21484122376264078
2019-09-05,0.0,-0.042595756602149065,0.16876843859220705
2019-09-06,0.0,-0.024642499298526282,0.3353233194739657
2019-09-09,0.0,-0.025859151260347015,0.32071203229453704
2019-09-10,0.0,-0.01357585991553892,0.3587386318329274
2019-09-11,0.0,-0.009438827064256916,0.3272796737334014
2019-09-12,0.0,-0.012061470061429153,0.3178238725626301
2019-09-16,0.0,-0.013081581897489276,0.31776680785238776
2019-09-17,0.0,-0.01313120706314205,0.36768376900355926
2019-09-18,0.0,-0.013218291085852957,0.4033533578166376
2019-09-19,0.0,-0.013091096046879453,0.44431826408913794
2019-09-20,0.0,-0.005930443359316945,0.36606180325025084
2019-09-23,0.0,-0.01640560610961187,0.36307629445655043
2019-09-24,0.0,-0.03218403182128492,0.33107963153192765
2019-09-25,0.0,-0.03831113683446635,0.365255048201404
2019-09-26,0.0,-0.024470923533394102,0.43059036793972794
2019-09-27,0.0,-0.006662828820125208,0.38824627617443974
2019-09-30,0.0,-0.003920150210822729,0.4011837745578371
2019-10-08,0.0,-0.0090392800933731,0.22202819875130891
2019-10-09,0.0,-0.0377568352171428,0.2619056557649412
2019-10-10,0.0,-0.027259176335581073,0.33428511060568705
2019-10-11,0.0,-0.040569026663892865,0.45450749556204567
2019-10-14,0.0,-0.027374515041003657,0.5182538915390716
2019-10-15,0.0,-0.0398589967192402,0.3878226525344695
2019-10-16,0.0,-0.012124945230701362,0.3964050050180429
2019-10-17,0.0,-0.01662414158111527,0.3697597522794645
2019-10-18,0.0,-0.017104516088089935,0.3466548648511573
2019-10-21,0.0,-0.01637325462954371,0.3818498367736811
2019-10-22,0.0,-0.006335196142312818,0.4095005451619049
2019-10-23,0.0,-0.008222040152016531,0.37235545235110334
2019-10-24,0.0,-0.00793771623294542,0.34133272337596715
2019-10-25,0.0,-0.01977941561141659,0.39309247749907505
2019-10-28,0.0,-0.027060474704720852,0.40989309058416223
2019-10-29,0.0,-0.016861810535929375,0.46850950144973064
2019-10-30,0.0,-0.014046213043886925,0.4823723638051897
2019-10-31,0.0,-0.01864235080927983,0.4508514928917068
2019-11-01,0.0,-0.024569091662499678,0.33934456917472144
2019-11-04,0.0,-0.02206296288127298,0.2921560607010376
2019-11-05,0.0,-0.013417082953671203,0.31168185617268174
2019-11-06,1.0,0.01927522340768199,0.5106885069226105
2019-11-07,1.0,0.00941321849962385,0.420683014334955
2019-11-08,1.0,0.020858920748891986,0.6122532775855574
2019-11-11,1.0,0.014821740008409766,0.5358400250988578
2019-11-12,1.0,0.02544268596191629,0.5624803367488442
2019-11-13,1.0,0.0025554942145506036,0.5059167233143675
2019-11-14,1.0,0.0055918132657779345,0.42401227407022585
2019-11-15,0.0,-0.004710661344997821,0.44260727383211274
2019-11-18,1.0,0.00604948170735772,0.4130473518355188
2019-11-19,0.0,-0.0007096812646311124,0.5110440459460506
2019-11-20,0.0,-0.0016820861829848262,0.426182873341739
2019-11-21,0.0,-0.0022457311016177823,0.4092682164174532
2019-11-22,1.0,0.003545055411348824,0.4835092713826109
2019-11-25,1.0,0.014092245764474862,0.4981103407191459
2019-11-26,1.0,0.019264319675490086,0.5745374874403053
2019-11-27,1.0,0.02348617325657026,0.5469709411446009
2019-11-28,1.0,0.027457095137827094,0.5512032151214086
2019-11-29,1.0,0.028195700409957503,0.4842771325988831
2019-12-02,1.0,0.02717064129062303,0.4879389657805129
2019-12-03,1.0,0.031069381985050885,0.4709244593049549
2019-12-04,1.0,0.00911022635365798,0.44553738579609414
2019-12-05,1.0,0.027747878880149776,0.45017928212763897
2019-12-06,1.0,0.05518720724015889,0.4437100438851901
2019-12-09,1.0,0.053499211472091864,0.6690177251958468
2019-12-10,1.0,0.06862062816224276,0.5746936362375592
2019-12-11,1.0,0.03235318675221314,0.5601918523835385
2019-12-12,1.0,0.030108051247560597,0.5458258269114976
2019-12-13,1.0,0.04327907741678119,0.6860709598174255
2019-12-16,1.0,0.01891877084094678,0.6920319400932906
2019-12-17,1.0,0.027656371772076766,0.6140485930287047
2019-12-18,1.0,0.02732712943023627,0.6007185510912832
2019-12-19,1.0,0.028405864277641107,0.6001833217250353
2019-12-20,1.0,0.025735001984811285,0.6125930739748264
2019-12-23,1.0,0.03233832043165363,0.5971554522738892
2019-12-24,1.0,0.019129909202819376,0.5584907330045714
2019-12-25,1.0,0.019986266419585317,0.5224668999555555
2019-12-26,1.0,0.0431672603663256,0.5336403477387723
2019-12-27,1.0,0.0310787664596145,0.544979863585895
2019-12-30,1.0,0.025041326763348016,0.5077559520884171
2019-12-31,1.0,0.014059784670304578,0.5178534644129476
2020-01-02,1.0,0.023011835653364218,0.449989691775474
2020-01-03,1.0,0.0124520513154662,0.5967146231125638
2020-01-06,0.0,-0.010491862731644205,0.5929117065933798
2020-01-07,0.0,-0.0026518479726443654,0.5765222321604389
2020-01-08,0.0,-0.011600799369189417,0.5668816504090314
2020-01-09,1.0,0.0248019296252978,0.4372081418023205
2020-01-10,1.0,0.024322465959193764,0.3948776808212029
2020-01-13,1.0,0.028940110218973077,0.32153309218055093
2020-01-14,1.0,0.05464421569493304,0.4513057336990854
2020-01-15,1.0,0.04918195734052982,0.37669279648189075
2020-01-16,1.0,0.06653747029168439,0.46991228010034536
2020-01-17,1.0,0.08781137128383379,0.4615870260842789
2020-01-20,1.0,0.06616463406380259,0.4580428652132928
2020-01-21,1.0,0.0631963274644056,0.4848000589283889
2020-01-22,1.0,0.07193601742414606,0.4574900865834766
2020-01-23,1.0,0.05346076580364698,0.4535935019003443
2020-02-03,1.0,0.0053848632631249985,0.44125195186830296
2020-02-04,1.0,0.011333622139851098,0.4951011512364514
2020-02-05,1.0,0.039631064878228726,0.4708540081906609
2020-02-06,1.0,0.04499940906145237,0.5437870422600137
2020-02-07,1.0,0.05965787484444875,0.4185273686524018
2020-02-10,1.0,0.04900978016371548,0.3718249745413479
2020-02-11,1.0,0.03883016442736405,0.32054818701584864
2020-02-12,1.0,0.04749796563717804,0.2996933987766652
2020-02-13,1.0,0.029679704828516985,0.34880948523507216
2020-02-14,0.0,-0.001065649726467218,0.2580103165822679
2020-02-17,0.0,-0.030410240331576962,0.24083749712087382
2020-02-18,0.0,-0.08345897538526197,0.2619246427936543
2020-02-19,0.0,-0.07108262147754806,0.24889108554936412
2020-02-20,0.0,-0.08110702593661802,0.2350343659093901
2020-02-21,0.0,-0.09032665157725572,0.24146842338474242
2020-02-24,0.0,-0.11155412171960152,0.239638726745422
2020-02-25,0.0,-0.036377607376755654,0.31194288395785386
2020-02-26,0.0,-0.02669857766383922,0.3055248809092453
2020-02-27,0.0,-0.029718579899784436,0.2972114727014379
2020-02-28,0.0,-0.006507968085915116,0.42519293041361284
2020-03-02,1.0,0.009532540432036439,0.3971644056901116
2020-03-03,1.0,0.012797350446989465,0.4546148662480253
2020-03-04,0.0,-0.027285921842497084,0.3483457322228879
2020-03-05,0.0,-0.021719715213983394,0.286715300380358
2020-03-06,0.0,-0.0340776118887288,0.4215808989491907
2020-03-09,1.0,0.0012310987771928965,0.5168468501558401
2020-03-10,1.0,0.0042228420719253295,0.475149485581239
2020-03-11,1.0,0.0006463079882432122,0.447698280051413
2020-03-12,1.0,0.017490324403075727,0.5520271316476021
2020-03-13,1.0,0.04622153215832926,0.7268254190700169
2020-03-16,1.0,0.08399205683094267,0.8565847770866921
2020-03-17,1.0,0.12868407339019786,0.9241025440326405
2020-03-18,1.0,0.11230227355837201,0.8574403861106231
2020-03-19,1.0,0.10042291051506103,0.8797540307270382
2020-03-20,1.0,0.08736448433793158,0.8663156333215433
2020-03-23,1.0,0.09755081646196724,0.8164325756654849
2020-03-24,1.0,0.04024379916565173,0.8339270789902138
2020-03-25,1.0,0.04139263299238225,0.7328833004077052
2020-03-26,1.0,0.05212137659932817,0.5218783984968351
2020-03-27,1.0,0.03359862388536346,0.4282955993688126
2020-03-30,1.0,0.03343530644967704,0.5178111109725035
2020-03-31,1.0,0.037226610392357126,0.34356022089843513
2020-04-01,1.0,0.05864449142661173,0.5666530991474306
2020-04-02,1.0,0.0523351689691725,0.5162386602798644
2020-04-03,1.0,0.03964599792592749,0.44207982037944654
2020-04-07,1.0,0.025091774095631528,0.45003289249863604
2020-04-08,1.0,0.030696348462349126,0.30577053652767555
2020-04-09,1.0,0.025043178127067547,0.3751008837653676
2020-04-10,1.0,0.02149368079120927,0.35183867880535524
2020-04-13,1.0,0.029564524569730813,0.36331388260341446
2020-04-14,1.0,0.032721477130451634,0.27282704025363724
2020-04-15,1.0,0.06392050494980023,0.3056458106272791
2020-04-16,1.0,0.03908079898735216,0.30998437568032994
2020-04-17,1.0,0.06888180794595256,0.38143440111767896
2020-04-20,1.0,0.06337481840815429,0.4449462169819265
2020-04-21,1.0,0.05193674952341755,0.4064699379111963
2020-04-22,1.0,0.05312183756459614,0.4641600397177755
2020-04-23,1.0,0.04010135577559798,0.420978366791018
2020-04-24,1.0,0.021758526550735176,0.456426260650147
2020-04-27,1.0,0.0362680518416569,0.4118141556873053
2020-04-28,1.0,0.044905927117611405,0.4599707267537642
2020-04-29,1.0,0.049602051449678684,0.40520677500156815
2020-04-30,1.0,0.04292769645266113,0.3703082170749711
2020-05-06,1.0,0.033529630981726906,0.3134154137040848
2020-05-07,1.0,0.03010957738291459,0.42713372682855283
2020-05-08,1.0,0.017581506699101312,0.44461920505644603
2020-05-11,1.0,0.011822746496970802,0.44879327262907515
2020-05-12,1.0,0.014129904785972255,0.42496914119958773
2020-05-13,1.0,0.022117805253618974,0.4297442032541894
2020-05-14,1.0,0.023749445624977616,0.4649359610043097
2020-05-15,1.0,0.008829065493494142,0.42493618508311964
2020-05-18,0.0,-0.02172190736207466,0.34856113991167564
2020-05-19,0.0,-0.005337412594720939,0.4190198182229707
2020-05-20,0.0,-0.01480610185290339,0.36295285362373414
2020-05-21,0.0,-0.007316734028483775,0.3765605575132354
2020-05-22,0.0,-0.003657983045522579,0.46651884895956913
2020-05-25,1.0,0.010012219560687406,0.29990446322586706
2020-05-26,1.0,0.004089365789707394,0.3595711188479787
2020-05-27,1.0,0.022395597698444552,0.3556544485962235
2020-05-28,1.0,0.015006828107921618,0.45243021593307925
2020-05-29,1.0,0.0158465976674384,0.42043941918023403
2020-06-01,1.0,0.012732664838682347,0.3957043805564496
2020-06-02,1.0,0.0052762615808940785,0.38126096059005415
2020-06-03,1.0,0.018902248816884803,0.46846474730015325
2020-06-04,1.0,0.02513433551715468,0.46048043792814713
2020-06-05,1.0,0.025656056169430883,0.4120313307772599
2020-06-08,1.0,0.04078471516742043,0.42335676147261664
2020-06-09,1.0,0.04712463831113454,0.3315597712644293
2020-06-10,1.0,0.028981682055176237,0.24484019195535248
2020-06-11,1.0,0.02518190847858995,0.2100391892334741
2020-06-12,1.0,0.023600211611536928,0.1687353617353692
2020-06-15,1.0,0.02783539840763651,0.3259693238647403
2020-06-16,1.0,0.02446882384601146,0.29963028851679224
2020-06-17,1.0,0.017411052729819177,0.29727775824953645
2020-06-18,1.0,0.024183757062632552,0.27272022503203597
2020-06-19,1.0,0.029093690666932424,0.33258044164116557
2020-06-22,1.0,0.041202299553618274,0.7144483776773493
2020-06-23,1.0,0.04809895971820436,0.6769278673324158
2020-06-24,1.0,0.049592103143689184,0.6388861195937275
2020-06-29,1.0,0.0721102479649728,0.5214525585416643
2020-06-30,1.0,0.07038273501862817,0.5930124523217751
2020-07-01,1.0,0.06780470207110784,0.6061594267244182
2020-07-02,1.0,0.07220526748243057,0.6807049700898598
2020-07-03,1.0,0.07760071340910565,0.553159290992816
2020-07-06,1.0,0.0764215483019129,0.47727223848901756
2020-07-07,1.0,0.0760687640860126,0.541906788309355
2020-07-08,1.0,0.09861247817129246,0.56093415733451
2020-07-09,1.0,0.10007169895615024,0.6151231903378852
2020-07-10,1.0,0.11247163028744539,0.6373800270270419
2020-07-13,1.0,0.10039950076775747,0.6389966779819972
2020-07-14,1.0,0.08080969739111862,0.6376303506832532
2020-07-15,1.0,0.03299599998744264,0.6135267946810197
2020-07-16,1.0,0.03571197460483476,0.5667150016105894
2020-07-17,1.0,0.05010437497512142,0.6499219305243807
2020-07-20,1.0,0.0548659778713864,0.5675142773584808
2020-07-21,1.0,0.07015565657027613,0.6197126619255846
2020-07-22,1.0,0.03543257612054056,0.6793906338549675
2020-07-23,1.0,0.004216585068692828,0.6359173966110643
2020-07-24,0.0,-0.0021907900365915603,0.587695929007336
2020-07-27,0.0,-0.03434585462060256,0.5443532984119542
2020-07-28,0.0,-0.0317592024610922,0.5748519410661205
2020-07-29,0.0,-0.03712175380330087,0.49828030176784965
2020-07-30,0.0,-0.019777449266526997,0.5285967838043848
2020-07-31,0.0,-0.029207711083587322,0.5489193711380606
2020-08-03,0.0,-0.02042034238222586,0.40961986654646027
2020-08-04,0.0,-0.011595817640380937,0.43377517042908054
2020-08-05,0.0,-0.049533583255473634,0.4934076411736582
2020-08-06,0.0,-0.07480945630281256,0.4438813378286553
2020-08-07,0.0,-0.07664267147068875,0.36786392972483367
2020-08-10,0.0,-0.06962033654877155,0.5074306807281859
2020-08-11,0.0,-0.04776537704330299,0.5730048184565225
2020-08-12,0.0,-0.0015833796461147789,0.3957856024871427
2020-08-13,1.0,0.00650564360989454,0.3469802095728865
2020-08-14,0.0,-0.004674242985297246,0.3790737873989435
2020-08-17,0.0,-0.014237142529829475,0.28955085975013434
2020-08-18,0.0,-0.03312786830869308,0.30772846984823404
2020-08-19,0.0,-0.02481844770459324,0.3475717492642182
2020-08-20,0.0,-0.006379683467819288,0.47871938284448184
2020-08-21,0.0,-0.006121492095082823,0.3917879034210082
2020-08-24,1.0,0.0036032612432105923,0.3636381897663758
2020-08-25,0.0,-0.02164922917563186,0.3338025957167652
2020-08-26,0.0,-0.03615559874246592,0.2983938560705328
2020-08-27,0.0,-0.05866181356962914,0.3300578776258424
2020-08-28,0.0,-0.04709559695390852,0.37160541428177846
2020-08-31,0.0,-0.05480090570056021,0.24489930794577403
2020-09-01,0.0,-0.050630349879326034,0.23721283837069046
2020-09-02,0.0,-0.03982667048970422,0.24897809429262466
2020-09-03,0.0,-0.024225589469053514,0.3271179430242542
2020-09-04,0.0,-0.01577655641444117,0.2668369753662587
2020-09-07,0.0,-0.01896044192433733,0.26900460144669675
2020-09-08,0.0,-0.030516625893660144,0.15122774708769593
2020-09-09,0.0,-0.031412620341327926,0.17802990717117553
2020-09-10,0.0,-0.03513048658082539,0.14296205833055992
2020-09-11,0.0,-0.03265437598765849,0.14252949893269704
2020-09-14,0.0,-0.03615877723782202,0.1334513014504732
2020-09-15,0.0,-0.03673119903548413,0.1305536595995141
2020-09-16,0.0,-0.033470033730521036,0.14946980071267912
2020-09-17,0.0,-0.029396648024830697,0.13878071053129362
2020-09-18,0.0,-0.03753739504779571,0.1386546515514408
2020-09-21,0.0,-0.028554606825587622,0.1311606716836904
2020-09-22,0.0,-0.0054616712636112,0.48782402910634426
2020-09-23,0.0,-0.002797623845960516,0.4505165337328959
2020-09-24,1.0,0.0013103519665466031,0.4986047138672294
2020-09-25,0.0,-0.0009479383053240192,0.4092577328195215
2020-09-28,1.0,0.006129027333421228,0.36305901046473144
2020-09-29,0.0,-0.0039991166383902665,0.3938878440777548
2020-09-30,0.0,-0.004640150491628575,0.3689413732679706
2020-10-09,1.0,0.007226637157875794,0.3880635065656843
2020-10-12,0.0,-0.006361344607017488,0.4038005228556613
2020-10-13,0.0,-0.0298129100125138,0.4194067117938878
2020-10-14,0.0,-0.021009176089343547,0.46631700879930416
2020-10-15,0.0,-0.02163871055772903,0.41754920604625895
2020-10-16,0.0,-0.02020371517832994,0.42081632115063483
2020-10-19,0.0,-0.020611054751235043,0.4467964728834103
2020-10-20,0.0,-0.018506079803203027,0.44763510844334065
2020-10-21,0.0,-0.027610422320263853,0.43573119367969826
2020-10-22,0.0,-0.03227948854296874,0.41374137536453454
2020-10-23,0.0,-0.028653815166367246,0.4157153194450195
2020-10-26,0.0,-0.022056385343014934,0.42872283434490377
2020-10-27,0.0,-0.055757384158701497,0.46148249965879934
2020-10-28,0.0,-0.0666063111178959,0.39985899991979595
2020-10-29,0.0,-0.050164363239019995,0.573566892946152
2020-10-30,0.0,-0.041021376436975905,0.5742796826009853
2020-11-02,0.0,-0.07604501876423844,0.550459191179205
2020-11-03,0.0,-0.07315309936570197,0.43620218985625886
2020-11-04,0.0,-0.06288427194417033,0.3906812602332165
2020-11-05,0.0,-0.052098286947716885,0.435847740201138
2020-11-06,0.0,-0.0601624460008159,0.3901169604900514
2020-11-09,0.0,-0.06081792997939734,0.3556509641939031
2020-11-10,0.0,-0.01873495718040667,0.7055588636627677
2020-11-11,0.0,-0.02208001384185815,0.49543296785138086
2020-11-12,0.0,-0.03012152066749126,0.682387277585061
2020-11-13,0.0,-0.03617355638286641,0.6511514394334692
2020-11-16,0.0,-0.035464163468916725,0.6080743236747375
2020-11-17,0.0,-0.02691250114307596,0.5887251237947784
2020-11-18,0.0,-0.013401049613614912,0.6693426261564215
2020-11-19,0.0,-0.0038338705107219006,0.7087196297679109
2020-11-20,1.0,0.003563432807572947,0.679323061342725
2020-11-23,1.0,0.014055542583127885,0.7057745023627755
2020-11-24,1.0,0.02432858882552791,0.8595686800470038
2020-11-25,1.0,0.03166299693110967,0.8383099741685741
2020-11-26,1.0,0.03316135529691221,0.7614985864387646
2020-11-27,1.0,0.03571900320089195,0.7594292574765042
2020-11-30,1.0,0.06374041634143252,0.8945425734388381
2020-12-01,1.0,0.051205102364061,0.8612042249994473
2020-12-02,1.0,0.03636576268740044,0.811916468777497
2020-12-03,1.0,0.02897413345493362,0.7822971531137042
2020-12-04,1.0,0.03972478978360117,0.7393903796673424
2020-12-07,1.0,0.04822112745369503,0.8029444237951223
2020-12-08,1.0,0.03459678932597248,0.7655892951599795
2020-12-09,1.0,0.030687088494602926,0.723168576562044
2020-12-10,1.0,0.03285210488838524,0.7652626257916683
2020-12-11,1.0,0.005782922677857155,0.7529586407283119
2020-12-14,1.0,0.011944471048466916,0.751341483580011
2020-12-15,1.0,0.004862916980977387,0.7600735687893871
2020-12-16,0.0,-0.008013484785057846,0.7130026579239502
2020-12-17,0.0,-0.006680394833819252,0.6692985230247357
2020-12-18,0.0,-0.017324882328359843,0.6271719494893772
2020-12-21,0.0,-0.027072689439031506,0.649840154976333
2020-12-22,0.0,-0.01008222670859572,0.6048040220828429
2020-12-23,1.0,0.003264642768929049,0.6447085487452373
2020-12-24,0.0,-0.005459615061483796,0.5882680965699906
2020-12-25,0.0,-0.015306421282675545,0.5746469632896594
2020-12-28,0.0,-0.014352852253971024,0.5354744632544722
2020-12-29,0.0,-0.015144827713904685,0.6075030573717488
2020-12-30,0.0,-0.01897492827745618,0.5516845758423332
2020-12-31,0.0,-0.01695388614153274,0.5723673199525162
2021-01-04,0.0,-0.018671380585768754,0.4658219575547918
2021-01-05,0.0,-0.0323839265529064,0.5104176310575722
2021-01-06,0.0,-0.045135710035119035,0.5152269438859772
2021-01-07,0.0,-0.04301077616793294,0.6231046540643046
2021-01-08,0.0,-0.04704195828356249,0.5542412345242279
2021-01-11,0.0,-0.010443959161083262,0.7926031772492669
2021-01-12,0.0,-0.00470881313004007,0.7161644003117027
2021-01-13,0.0,-0.004862916980977354,0.6891487183084639
2021-01-14,0.0,-0.02928528657483941,0.6544465344259955
2021-01-15,0.0,-0.04061792494256172,0.7395473208372132
2021-01-18,0.0,-0.026616544783982586,0.7962866265691437
2021-01-19,0.0,-0.018376841364769275,0.6195420793493478
2021-01-20,0.0,-0.02399844485672093,0.6824410449813056
2021-01-21,0.0,-0.04366733356134783,0.7152424672180339
2021-01-22,0.0,-0.05630103241065262,0.6324964624360612
2021-01-25,0.0,-0.05565946222080906,0.6351703999078981
2021-01-26,0.0,-0.07557992733741727,0.6459578504752486
2021-01-27,0.0,-0.06507139151657163,0.6765625214858021
2021-01-28,0.0,-0.06956623948468157,0.7105880619832984
2021-01-29,0.0,-0.0852665391372675,0.7656680243830991
2021-02-01,0.0,-0.08578962973930733,0.8302845017957601
2021-02-02,0.0,-0.08143006241652609,0.7830272189301632
2021-02-03,0.0,-0.059375726601838714,0.7837011590715045
2021-02-04,0.0,-0.0437955945682881,0.8257123112171108
2021-02-05,0.0,-0.04631083934766454,0.8881739081945405
2021-02-08,0.0,-0.0460301968580434,0.7965083708245152
2021-02-09,0.0,-0.05610941578076347,0.8155567706944892
2021-02-10,0.0,-0.051776520051048776,0.8084610097112098
2021-02-18,0.0,-0.01329012593532178,0.8546213402619535
2021-02-19,0.0,-0.012971051448634058,0.865536856502405
2021-02-22,0.0,-0.02952959861126573,0.8473390170756917
2021-02-23,0.0,-0.03708984787732819,0.7557902773015818
2021-02-24,0.0,-0.03582921053151623,0.7028282983177616
2021-02-25,0.0,-0.02346843269440838,0.8077141631965306
2021-02-26,0.0,-0.008861884183999904,0.8766420162882342
2021-03-01,0.0,-0.004085084250629286,0.8940486425207577
2021-03-02,0.0,-0.0006636801305498647,0.8989455008125102
2021-03-03,0.0,-0.016979655523058856,0.8585863405125029
2021-03-04,1.0,0.012794527373114971,0.905063792984054
2021-03-05,1.0,0.03683424469420311,0.8947947752885905
2021-03-08,1.0,0.01907542104238244,0.8396271779819875
2021-03-09,1.0,0.027633807141676132,0.8596693121062112
2021-03-10,1.0,0.01959188426410452,0.8072481083237225
2021-03-11,1.0,0.016480910821832728,0.7822918244901165
2021-03-12,1.0,0.023071412682946487,0.814984565118086
2021-03-15,1.0,0.005317557688107827,0.8272696647931732
2021-03-16,1.0,0.013567841971379812,0.7710363656970658
2021-03-17,1.0,0.009079356686596733,0.7557907679574103
2021-03-18,1.0,0.009756174945364656,0.6956336337380082
2021-03-19,1.0,0.02109987314946367,0.7347024680016603
2021-03-22,1.0,0.01734931019724145,0.6855738298244926
2021-03-23,1.0,0.024719210103505643,0.6740874359542809
2021-03-24,1.0,0.027363551506967992,0.6797443119442292
2021-03-25,1.0,0.021498093638028654,0.6837031796563529
2021-03-26,1.0,0.018664828139596194,0.7636220428096052
2021-03-29,1.0,0.019029658468717216,0.7823443816427325
2021-03-30,1.0,0.027017607319785947,0.8578025425056632
2021-03-31,1.0,0.041920501131709094,0.8410558375863054
2021-04-01,1.0,0.015712395446962815,0.8484085510328725
2021-04-02,1.0,0.01688459698050743,0.801885359775066
2021-04-06,1.0,0.03504437784561363,0.5563461837732306
2021-04-07,1.0,0.03372452887359828,0.5905340151167279
2021-04-08,1.0,0.030496496024242474,0.6935978930684077
2021-04-09,1.0,0.027785456607248866,0.620168556512807
2021-04-12,1.0,0.03067479722368878,0.5586388635815819
2021-04-13,1.0,0.045843809127488276,0.6454502193427959
2021-04-14,1.0,0.04694059759369949,0.6463057815957151
2021-04-15,1.0,0.05378518083406383,0.725283869888037
2021-04-16,1.0,0.0457126601192539,0.6703486393518153
2021-04-19,1.0,0.03891338333474798,0.620695732427146
2021-04-20,1.0,0.04800921918636045,0.6009896326536833
2021-04-21,1.0,0.04085816600287489,0.6050238084128189
2021-04-22,1.0,0.03503268640927014,0.564029178926764
2021-04-23,1.0,0.04736768882288906,0.5859189824663406
2021-04-26,1.0,0.04665156861804638,0.6451108493147815
2021-04-27,1.0,0.046814499420334416,0.5958328956225711
2021-04-28,1.0,0.060035262584934475,0.5890603505411323
2021-04-29,1.0,0.06296421720679539,0.5344593242078537
2021-04-30,1.0,0.05054050274980886,0.5668392956865523
2021-05-06,1.0,0.02938230168965106,0.47705596731585115
2021-05-07,1.0,0.005818998884000115,0.46114870058691887
2021-05-10,1.0,0.009282018979871635,0.4979353017824776
2021-05-11,1.0,0.01653187993854997,0.44624607559435253
2021-05-12,1.0,0.013660066459637979,0.43210686417662825
2021-05-13,1.0,0.015069242582711561,0.4183756430623738
2021-05-14,1.0,0.018011044792642514,0.40586768452893335
2021-05-17,0.0,-0.012052720063849831,0.37580952214801994
2021-05-18,0.0,-0.019995486183571325,0.390352623090175
2021-05-19,0.0,-0.03823119520129516,0.49337546815791616
2021-05-20,0.0,-0.04930002773432882,0.551563319949934
2021-05-21,0.0,-0.04843930359705439,0.4047774028024114
2021-05-24,0.0,-0.04763676739049923,0.413633428094785
2021-05-25,0.0,-0.041375822199920746,0.39650654740727614
2021-05-26,0.0,-0.0560943550130756,0.3760989037104271
2021-05-27,0.0,-0.051325604043294004,0.2750292056214986
2021-05-28,0.0,-0.05035508570575992,0.4244395408559945
2021-05-31,0.0,-0.06165207781183972,0.39030921492367066
2021-06-01,0.0,-0.07696104113612832,0.35853823181874206
2021-06-02,0.0,-0.0477931742784428,0.4652633346705064
2021-06-03,0.0,-0.03910304265737087,0.4355600084470504
2021-06-04,0.0,-0.023107439240852554,0.5891260264669926
2021-06-07,0.0,-0.020609555079429655,0.4207700031235078
2021-06-08,0.0,-0.02770694747565665,0.3711061633627178
2021-06-09,0.0,-0.028995123119388056,0.42520865051401746
2021-06-10,0.0,-0.022716354183180822,0.49657680448770214
2021-06-11,0.0,-0.033696402428885365,0.46396615087988036
2021-06-15,0.0,-0.01013850514493351,0.45559589917475807
2021-06-16,0.0,-0.007194086741814761,0.4521460517919918
2021-06-17,1.0,0.01799188533257384,0.6431411263497903
2021-06-18,1.0,0.026186597906103126,0.735529632891396
2021-06-21,1.0,0.01573827464597849,0.6903832549834271
2021-06-22,1.0,0.01920177810595149,0.6384945339347615
2021-06-23,1.0,0.013965446673288905,0.5836251266555335
2021-06-24,1.0,0.011654146657508527,0.6814587838788009
2021-06-25,1.0,0.01766745535420491,0.710100067197584
2021-06-28,1.0,0.018317871080175605,0.4915727216506586
2021-06-29,1.0,0.013500687218902524,0.4234572418936509
2021-06-30,1.0,0.03318474154068841,0.4979978851331004
2021-07-01,1.0,0.024916953000989558,0.5057476178937572
2021-07-02,1.0,0.026115847130559727,0.46311709944346546
2021-07-05,1.0,0.01053593527347893,0.46046671981071474
2021-07-06,1.0,0.00095328891871301,0.3935383454362342
2021-07-07,1.0,0.0035980778539384545,0.47081965243819707
2021-07-08,1.0,0.003763288569360004,0.3911323813879732
2021-07-09,0.0,-0.004988865033541223,0.4549916081655277
2021-07-12,0.0,-0.030705347868015813,0.40201428041103576
2021-07-13,0.0,-0.040074298050174546,0.35908920952280704
2021-07-14,0.0,-0.04302028074295288,0.4152529213972706
2021-07-15,0.0,-0.040878643966957624,0.3666987334806013
2021-07-16,0.0,-0.03586679679655114,0.3245957294870581
2021-07-19,0.0,-0.01762207186066951,0.41451368947838285
2021-07-20,0.0,-0.014979769322570193,0.408604716309912
2021-07-21,0.0,-0.010282594441454487,0.437540338189032
2021-07-22,0.0,-0.005382517191679522,0.4241789356842224
2021-07-23,0.0,-0.006688633068620802,0.4060764737178558
2021-07-26,0.0,-0.011035765650989859,0.4321752115880686
2021-07-27,1.0,0.004883755327428731,0.430231718960165
2021-07-28,0.0,-0.011543070028914677,0.4832145221524798
2021-07-29,0.0,-0.019070394656872644,0.48811100399112756
2021-07-30,0.0,-0.012416637662916997,0.418343741582067
2021-08-02,1.0,0.0031709148226137605,0.44457641473861986
2021-08-03,1.0,0.002696060629194128,0.36826344201822514
2021-08-04,1.0,0.0012140728351295465,0.29658752092147594
2021-08-05,1.0,0.00232509088047846,0.3647551717888962
2021-08-06,1.0,0.006998597040640948,0.2918214355464155
2021-08-09,1.0,0.041154543158557565,0.5364359512843939
2021-08-10,1.0,0.041709707662650704,0.4978566791679227
2021-08-11,1.0,0.03098503752171888,0.45322389594328744
2021-08-12,1.0,0.016316748622298347,0.4291495217864793
2021-08-13,1.0,0.02006684329002895,0.38622598361929483
2021-08-16,1.0,0.005533632193346132,0.42860668902091403
2021-08-17,0.0,-0.003204959743540671,0.33718226808383617
2021-08-18,0.0,-0.0015462134188748305,0.3495494118643593
2021-08-19,0.0,-0.006755695630989277,0.35124883667699397
2021-08-20,0.0,-0.02055604020153778,0.3560403958962116
2021-08-23,0.0,-0.006315247106028535,0.43415796699371784
2021-08-24,0.0,-0.022546273270434347,0.4368999283472674
2021-08-25,0.0,-0.023602776895976212,0.38180248228783586
2021-08-26,0.0,-0.01644640882046324,0.4049280978233256
2021-08-27,0.0,-0.036553934935999816,0.4324016030620113
2021-08-30,0.0,-0.03917006015165798,0.42769616813997074
2021-08-31,0.0,-0.04331736242807719,0.32664645121758096
2021-09-01,0.0,-0.031020621392054512,0.42652083109647754
2021-09-02,0.0,-0.034254704661947064,0.3514839000115061
2021-09-03,0.0,-0.027641161981712428,0.3320264540316651
2021-09-06,0.0,-0.03433974235357709,0.2875204716043518
2021-09-07,0.0,-0.016422126558578096,0.16070336034112276
2021-09-08,0.0,-0.006367573752888169,0.2892342740794904
2021-09-09,0.0,-0.015173486935860805,0.20158365462205144
2021-09-10,0.0,-0.018112445273795897,0.14868407199970587
2021-09-13,0.0,-0.015223787865812462,0.12247021424221101
2021-09-14,0.0,-0.011515409211024813,0.11171299123474046
2021-09-15,0.0,-0.010028237948462776,0.14749419285776524
2021-09-16,0.0,-0.0043671723271205805,0.15754039303569148
2021-09-17,1.0,0.0102232127704601,0.2616301713921114
2021-09-22,0.0,-0.009710909285938882,0.15821534413314195
2021-09-23,1.0,0.008897095706524707,0.22039391563768132
2021-09-24,1.0,0.010037248903807543,0.23542904090876746
2021-09-27,1.0,0.0024978292743669584,0.22407024000798692
2021-09-28,1.0,0.01914454511340335,0.27437617221831434
2021-09-29,1.0,0.009719947655343071,0.30358059919038566
2021-09-30,1.0,0.010420188613878539,0.36316227545834306
2021-10-08,1.0,0.011362528912928523,0.24049638022946102
2021-10-11,1.0,0.026252754224745625,0.34811230312583635
2021-10-12,1.0,0.024784017180932545,0.3321656784005055
2021-10-13,1.0,0.025109962425017767,0.3538179391592874
2021-10-14,1.0,0.02675285112120853,0.5116062604081792
2021-10-15,1.0,0.02914856314772079,0.3341512087902816
2021-10-18,1.0,0.039003049768844604,0.4120762257700414
2021-10-19,1.0,0.04054860863437675,0.34271077907066005
2021-10-20,1.0,0.03894240730172616,0.3479868629910598
2021-10-21,1.0,0.03718492891836273,0.33350972516104355
2021-10-22,1.0,0.0309382346968483,0.35121410037374856
2021-10-25,1.0,0.02402421756381661,0.3737489901826124
2021-10-26,1.0,0.0003766377058863128,0.24898755342121104
2021-10-27,1.0,0.0022743281585524576,0.3243081487920862
2021-10-28,0.0,-0.007489864471915061,0.3540061027893335
2021-10-29,1.0,0.0059743443127161225,0.30096672511336986
2021-11-01,1.0,0.0071332374878884785,0.2861638231585872
2021-11-02,0.0,-0.002751181775765355,0.2394313280394899
2021-11-03,1.0,0.0019001607280842246,0.22791185501611608
2021-11-04,1.0,0.0011450695108685541,0.20229502844590422
2021-11-05,0.0,-0.015779954905735846,0.30930823938519864
2021-11-08,0.0,-0.019394091444668776,0.31549874117916604
2021-11-09,0.0,-0.025707804775496397,0.23362007830650608
2021-11-10,0.0,-0.02462108439034817,0.41736204814542405
2021-11-11,0.0,-0.04437588140070972,0.48149834415095466
2021-11-12,0.0,-0.048005800330344066,0.3898623003745205
2021-11-15,0.0,-0.03748073120159672,0.388647418326552
2021-11-16,0.0,-0.041199650324039216,0.3923369796741523
2021-11-17,0.0,-0.047958615479842676,0.45991254266661036
2021-11-18,0.0,-0.04114361199815645,0.347645274152514
2021-11-19,0.0,-0.02636747417826159,0.3732177086027998
2021-11-22,0.0,-0.018098114669667972,0.479819383028769
2021-11-23,0.0,-0.005556319082420994,0.4981524671333992
2021-11-24,0.0,-0.0023285419234407145,0.4913658436574476
2021-11-25,1.0,0.008080199101450707,0.440049258848241
2021-11-26,1.0,0.0023048277563043596,0.4742193226091157
2021-11-29,1.0,0.00542385133328418,0.6126060234951801
2021-11-30,1.0,0.011333544168694835,0.5847887478265772
2021-12-01,1.0,0.010359991219317742,0.6319644066794856
2021-12-02,1.0,0.010300985637129858,0.5349625230289938
2021-12-03,1.0,0.02371097552517053,0.5468145981351928
2021-12-06,1.0,0.008265626054743508,0.5644155235635401
2021-12-07,1.0,0.01408968219261544,0.5094548790209975
2021-12-08,1.0,0.006387722688747935,0.5558609622909084
2021-12-09,1.0,0.0038646865182558076,0.5245425791628322
2021-12-10,1.0,0.008008977948722365,0.5050418921584575
2021-12-13,1.0,0.010269250337306968,0.53761133129223
2021-12-14,1.0,0.014546886549816522,0.44080885123079405
2021-12-15,1.0,0.028570280001676048,0.5044986454045751
2021-12-16,1.0,0.017505092454494657,0.49286002088585074
2021-12-17,0.0,-0.0006977056502003705,0.5272135322585697
2021-12-20,0.0,-0.001558930567028039,0.5526668951027484
2021-12-21,1.0,0.008993302219839544,0.44952596202238104
2021-12-22,1.0,0.025426232575093313,0.429149719327294
2021-12-23,1.0,0.014487603595469505,0.4813225084597117
2021-12-24,1.0,0.009696916517785188,0.4821312803066105
2021-12-27,1.0,0.011925183910806292,0.3988630170139587
2021-12-28,1.0,0.010942423004066759,0.45496519935137586
2021-12-29,0.0,-0.002687595683537992,0.4479287695619568
2021-12-30,0.0,-0.0018895942995897836,0.43006444069628136
2021-12-31,0.0,-0.006855578240146391,0.440677761988356
2022-01-04,1.0,0.008197865184060186,0.30239549924046477
2022-01-05,1.0,0.009284027841170026,0.39347683471034267
2022-01-06,1.0,0.018074391826056885,0.4496225284449097
2022-01-07,1.0,0.019102520653174287,0.4873629118119235
2022-01-10,1.0,0.03503143912352252,0.4315141179535623
2022-01-11,1.0,0.03601614322943971,0.43594707871539135
2022-01-12,1.0,0.015708240630755342,0.4128599565795057
2022-01-13,1.0,0.022731247967084502,0.4447721404031681
2022-01-14,1.0,0.031688629235120946,0.4352401147680343
2022-01-17,1.0,0.0355466418113738,0.3923854235945509
2022-01-18,1.0,0.04974270614561711,0.2799518196121
2022-01-19,1.0,0.03818301448168678,0.45714970393847604
2022-01-20,1.0,0.04556337907659078,0.4539782169301421
2022-01-21,1.0,0.034305115377696226,0.4576957513264154
2022-01-24,1.0,0.03085520541924356,0.4827722615824998
2022-01-25,1.0,0.029256643034232376,0.4943508091691202
2022-01-26,1.0,0.041191729107855624,0.47130149698574886
2022-01-27,1.0,0.056554204094987,0.3749000418037844
2022-01-28,1.0,0.06420071753337234,0.39528694198204767
2022-02-07,1.0,0.08041057431982719,0.32831458021510745
2022-02-08,1.0,0.09511611809209146,0.38235809679972815
2022-02-09,1.0,0.10233933318472989,0.39004488745090865
2022-02-10,1.0,0.06810924502670027,0.4538647153826518
2022-02-11,1.0,0.0757778883803093,0.4856704540169755
2022-02-14,1.0,0.05306013710743409,0.4301810796860486
2022-02-15,1.0,0.022769046804034576,0.36985134901116484
2022-02-16,1.0,0.02905974512187271,0.37984265988173116
2022-02-17,1.0,0.030555151153334195,0.38459972237638596
2022-02-18,1.0,0.02366762657525631,0.451201165038201
2022-02-21,1.0,0.02244061583897545,0.3908033255036199
2022-02-22,1.0,0.016348031243053514,0.3226321058326543
2022-02-23,1.0,0.018254373682943328,0.5032227475376422
2022-02-24,1.0,0.00749632469260105,0.5399206921930573
2022-02-25,1.0,0.02592438908841343,0.6115282115523059
2022-02-28,1.0,0.02201690560787122,0.6224119249111533
2022-03-01,1.0,0.01631274385064899,0.5312459091782751
2022-03-02,1.0,0.0006081800400325825,0.597907097268165
2022-03-03,1.0,0.0028950930651101578,0.5401541876560116
2022-03-04,1.0,0.004096604540630157,0.5719321766330296
2022-03-07,0.0,-0.02206156159339353,0.4441074716854795
2022-03-08,0.0,-0.04277481382719515,0.3066679332534451
2022-03-09,0.0,-0.05195462499869817,0.2461901504730179
2022-03-10,0.0,-0.010950831186751515,0.26480305898829415
2022-03-11,0.0,-0.007439034504056287,0.3021433079314823
2022-03-14,1.0,0.002976931000276952,0.3136370038260164
2022-03-15,1.0,0.024688902664526828,0.3568263907295638
2022-03-16,1.0,0.037099854996302285,0.4014898859646845
2022-03-17,1.0,0.03131712381187912,0.44174316439404404
2022-03-18,1.0,0.02297229609656003,0.44356469649292396
2022-03-21,1.0,0.01333655055530049,0.451905452088161
2022-03-22,1.0,0.01969598211644064,0.4499447788716611
2022-03-23,1.0,0.030145011393358352,0.4359562152684083
2022-03-24,1.0,0.01344240096066845,0.37520456421858983
2022-03-25,0.0,-0.0009962640923653844,0.40254431833054943
2022-03-28,1.0,0.008064357862043929,0.3975588379979011
2022-03-29,1.0,0.013260528831403388,0.3907504475466699
2022-03-30,1.0,0.027682391213516594,0.4457209770308639
2022-03-31,1.0,0.025487697695847886,0.3812971433547564
2022-04-01,1.0,0.018353727013341044,0.3686728432077953
2022-04-06,1.0,0.02715642088172539,0.37546499023045476
2022-04-07,1.0,0.01846422432657902,0.45643419693764176
2022-04-08,1.0,0.00979931960254296,0.49486499501926423
2022-04-11,1.0,0.011544714209254691,0.39126223411947497
2022-04-12,0.0,-0.005290489480860062,0.4116085879843684
2022-04-13,0.0,-0.01966193865477204,0.4002881855645074
2022-04-14,0.0,-0.015804890874364447,0.34532959385252526
2022-04-15,0.0,-0.03128618162752277,0.34253054900415836
2022-04-18,0.0,-0.032531698859975706,0.26239487558150876
2022-04-19,0.0,-0.019744371772626283,0.2708497152964366
2022-04-20,0.0,-0.007275313693713429,0.3221103849276509
2022-04-21,0.0,-0.017382214171074172,0.3300711839882197
2022-04-22,0.0,-0.01976133021381281,0.33256856569267235
2022-04-25,0.0,-0.010089799556765476,0.3581370317224394
2022-04-26,1.0,0.0020910094246301236,0.4148396385684414
2022-04-27,0.0,-0.0024474925431462362,0.39662340157750847
2022-04-28,0.0,-0.004450786233610568,0.3968647073937077
2022-04-29,0.0,-0.02358682234877961,0.4032718219259058
2022-05-05,0.0,-0.0137898887137048,0.28090776620065533
2022-05-06,0.0,-0.013972283195016257,0.4135013454268847
2022-05-09,0.0,-0.023361349913173762,0.4446640747722199
2022-05-10,0.0,-0.010695823677575624,0.5082063000511569
2022-05-11,0.0,-0.0028043485753114373,0.3769759252556845
2022-05-12,0.0,-0.016713203021200117,0.4738664812487592
2022-05-13,1.0,0.011345098547480451,0.48055007200026134
2022-05-16,1.0,0.0026742705848967156,0.5826541850821824
2022-05-17,0.0,-0.008884011790162327,0.536259265817404
2022-05-18,1.0,0.006184437007497662,0.5459896320372093
2022-05-19,1.0,0.009123736954597457,0.5339466989642626
2022-05-20,0.0,-0.0004532977488281454,0.5180560277452166
2022-05-23,0.0,-0.0022686606992805528,0.45868656062663166
2022-05-24,0.0,-0.004733855846309364,0.40868271527935623
2022-05-25,0.0,-0.005380006440307697,0.4656274486754438
2022-05-26,0.0,-0.016927356320033355,0.46564699435688467
2022-05-27,0.0,-0.014578320956451717,0.43347114149854504
2022-05-30,0.0,-0.015269010901264713,0.49763111726037845
2022-05-31,0.0,-0.014387284691163882,0.47846992567844504
2022-06-01,0.0,-0.00927692760673478,0.5341620561275536
2022-06-02,0.0,-0.025486200243528614,0.5573637365262051
2022-06-06,0.0,-0.017949069813802638,0.3367896231425999
2022-06-07,0.0,-0.013935026897009848,0.44805201612111456
2022-06-08,0.0,-0.038832868169856406,0.37021620223314994
2022-06-09,0.0,-0.055098571622180556,0.34473628979722126
2022-06-10,0.0,-0.052944275346977515,0.5899250658837661
2022-06-13,0.0,-0.06971409675261284,0.6522494875183587
2022-06-14,0.0,-0.04826120356466253,0.6293162403125141
2022-06-15,0.0,-0.04899299364124938,0.6484728459477668
2022-06-16,0.0,-0.05095290144316238,0.5472943616333807
2022-06-17,0.0,-0.06531156309602329,0.5922606639282862
2022-06-20,0.0,-0.0570635894723857,0.583563313237354
2022-06-21,0.0,-0.058242663073942165,0.5218009803475212
2022-06-22,0.0,-0.058947583601769,0.5521802633846907
2022-06-23,0.0,-0.06881283079726938,0.556420834302455
2022-06-24,0.0,-0.0459008355449693,0.6004653132625843
2022-06-27,0.0,-0.04949943865683034,0.5768955214851602
2022-06-28,0.0,-0.04253091339405707,0.6028743330096014
2022-06-29,0.0,-0.043384553728595926,0.5929853450058642
2022-06-30,0.0,-0.030981764771108766,0.6121062872540378
2022-07-01,0.0,-0.007328686806545432,0.6934557320283151
2022-07-04,0.0,-0.0131838349990063,0.6844864727042552
2022-07-05,0.0,-0.0034886142502437534,0.6170972214847973
2022-07-06,1.0,0.011530199412395975,0.7173200901738461
2022-07-07,1.0,0.027335958786556504,0.7720612534177876
2022-07-08,1.0,0.03661199914599295,0.7488709298437397
2022-07-11,1.0,0.030562650410166668,0.7214773196606059
2022-07-12,1.0,0.03190237503029907,0.7218148449649232
2022-07-13,1.0,0.04064306477526373,0.7228075272773535
2022-07-14,1.0,0.03516283161670768,0.7503958039692922
2022-07-15,1.0,0.04667339378903185,0.7732568541513182
2022-07-18,1.0,0.04438914857565786,0.7505918681554952
2022-07-19,1.0,0.04620870130219088,0.662240657325674
2022-07-20,1.0,0.04291874532586998,0.6085301693705162
2022-07-21,1.0,0.04601909481410538,0.6583299969222526
2022-07-22,1.0,0.030334725030987882,0.6724311985254893
2022-07-25,1.0,0.02378819076023423,0.5905595181165872
2022-07-26,1.0,0.02578662193333715,0.5425589647229234
2022-07-27,1.0,0.033676731729841994,0.4989795381503036
2022-07-28,1.0,0.026182899118942313,0.5482727866495025
2022-07-29,1.0,0.013327012960910906,0.5227128867126611
2022-08-01,1.0,0.005531588018516964,0.47444031695408523
2022-08-02,1.0,0.00035968450918307367,0.4528891185009472
2022-08-03,0.0,-0.0009816332063602383,0.46383964812273526
2022-08-04,0.0,-0.010886577193014741,0.41634602075130467
2022-08-05,0.0,-0.020876074623055033,0.3300113327934757
2022-08-08,0.0,-0.004744967384225749,0.33803592147483236
2022-08-09,0.0,-0.0037976028396968257,0.3742927583674621
2022-08-10,0.0,-0.012398234798276508,0.38859313756829444
2022-08-11,0.0,-0.00025673281956632574,0.3935320498948547
2022-08-12,0.0,-0.004354849723767979,0.41437541773232245
2022-08-15,0.0,-0.0059872757727213845,0.4425511200969042
2022-08-16,0.0,-0.011095244291939593,0.4793762827773449
2022-08-17,0.0,-0.012023779295888017,0.5132593494325949
2022-08-18,0.0,-0.010786248527837309,0.5016157268663243
2022-08-19,0.0,-0.007406865758553934,0.5197138172073045
2022-08-22,0.0,-0.001087942083736923,0.5542303385118351
2022-08-23,0.0,-0.0008782126355475911,0.5759382492706101
2022-08-24,0.0,-0.009025564762818508,0.5634084890311751
2022-08-25,0.0,-0.0081700220654481,0.5445846430768325
2022-08-26,0.0,-0.017791769624843093,0.5573627222716783
2022-08-29,0.0,-0.007919091098947445,0.5548333060977734
2022-08-30,0.0,-0.008771986072837105,0.48678780667796423
2022-08-31,1.0,0.007056610703395011,0.45065723517176776
2022-09-01,1.0,0.018386098678890725,0.5528878019666357
2022-09-02,1.0,0.026332905360309997,0.5639350248517243
2022-09-05,1.0,0.015034019275845505,0.5872618441640083
2022-09-06,1.0,0.010383459445433533,0.5488353671583597
2022-09-07,1.0,0.017040034558166,0.5482215659644797
2022-09-08,1.0,0.00757153051852341,0.6055916622108964
2022-09-09,1.0,0.001949218365303833,0.6314162293076572
2022-09-13,1.0,0.0028701777686237903,0.4969086929673382
2022-09-14,1.0,0.007666815706693549,0.5972666925791995
2022-09-15,1.0,0.0073965216821970095,0.6055503774274077
2022-09-16,1.0,0.010012274649516527,0.5916091335180163
2022-09-19,1.0,0.02063307999154767,0.5696574448552009
2022-09-20,1.0,0.020471176356307776,0.5499785391566714
2022-09-21,1.0,0.0170129647875085,0.5611530378046546
2022-09-22,1.0,0.017104970545028523,0.5517880873291373
2022-09-23,1.0,0.013172584820727619,0.5763796669950363
2022-09-26,1.0,0.01876246988243184,0.6151121581201316
2022-09-27,1.0,0.016951741683179557,0.5673208959094306
2022-09-28,1.0,0.015938640754713008,0.5378942239405469
2022-09-29,1.0,0.003126043491689157,0.687159521878676
2022-09-30,0.0,-5.117576316964062e-05,0.6243886813736185
2022-10-10,1.0,0.0019307967992103475,0.49913145736401177
2022-10-11,1.0,0.0053330750877246735,0.6150901401499325
2022-10-12,1.0,0.025670127349536682,0.645634837335351
2022-10-13,1.0,0.026466003517270645,0.549305018554112
2022-10-14,1.0,0.035792293209133685,0.6741018880943692
2022-10-17,1.0,0.03316334752872069,0.5921206614603689
2022-10-18,1.0,0.035643555010448726,0.5403104729020456
2022-10-19,1.0,0.042499811171461725,0.48773418254561557
2022-10-20,1.0,0.049268571450347055,0.5347637077172526
2022-10-21,1.0,0.05023197673061177,0.49663939204929597
2022-10-24,1.0,0.031283882624731106,0.6587486002116849
2022-10-25,1.0,0.0276473762164072,0.6419002789888844
2022-10-26,1.0,0.027661231455757176,0.6464556557962859
2022-10-27,1.0,0.0342919346803081,0.625728332285308
2022-10-28,1.0,0.03703664266149299,0.6379779338641091
2022-10-31,1.0,0.040922076321892625,0.6629914151062898
2022-11-01,1.0,0.037848180497476284,0.679661012073895
2022-11-02,1.0,0.035131773134735984,0.6878655284941977
2022-11-03,1.0,0.04065824799950297,0.724468210643607
2022-11-04,1.0,0.047278079399706165,0.7163985034133195
2022-11-07,1.0,0.02931235720986118,0.6934999888281621
2022-11-08,1.0,0.017474710296481403,0.6275238291034648
2022-11-09,0.0,-0.00537074243392222,0.5933266249085359
2022-11-10,0.0,-0.002729597962682081,0.538845344639749
2022-11-11,0.0,-0.008047637794884743,0.4125224047106284
2022-11-14,0.0,-0.00034707588914741067,0.48104520643457216
2022-11-15,0.0,-0.0035126814102819023,0.5396588358074843
2022-11-16,1.0,0.002404260131182919,0.5807013999384827
2022-11-17,0.0,-0.00699028149177639,0.5681663815825727
2022-11-18,0.0,-0.011156202192109986,0.5854787389921311
2022-11-21,1.0,0.0002467612597345525,0.6342956301833638
2022-11-22,1.0,0.0013822384587069906,0.6289887906194572
2022-11-23,1.0,0.01188969494207549,0.5804754788089393
2022-11-24,1.0,0.008477741707540912,0.5916124903909462
2022-11-25,0.0,-0.0019646371741648544,0.5332239711205732
2022-11-28,0.0,-0.0019135005715880389,0.5960367163828566
2022-11-29,1.0,0.003437610810463331,0.5789978556313334
2022-11-30,1.0,0.00608799995049973,0.5666630197115152
2022-12-01,1.0,0.003090282791881578,0.5706480042026332
2022-12-02,1.0,0.002437717554496426,0.5254349896347636
2022-12-05,1.0,0.013416447633160378,0.5932558612762511
2022-12-06,1.0,0.02817225970145534,0.5285460921545346
2022-12-07,1.0,0.028025432998728502,0.4569224346207051
2022-12-08,1.0,0.017488561196564226,0.45194338639903814
2022-12-09,1.0,0.0257886236191099,0.49491774722357296
2022-12-12,1.0,0.02546037158804336,0.5045048536765355
2022-12-13,1.0,0.027520860968840277,0.472216283907799
2022-12-14,1.0,0.015753717159605142,0.6066233530431505
2022-12-15,1.0,0.02526717191497179,0.5150751807235786
2022-12-16,1.0,0.03506906710093176,0.5340974962415854
2022-12-19,1.0,0.03324338628787494,0.505850394151198
2022-12-20,1.0,0.03151434595857475,0.4501420590310152
2022-12-21,1.0,0.024507956333424827,0.5276106430407671
2022-12-22,1.0,0.03273787612029607,0.5467515676148019
2022-12-23,1.0,0.03829372739842511,0.5269009334531585
2022-12-26,1.0,0.029613156727209447,0.5021569506998322
2022-12-27,1.0,0.0328404273894313,0.4346030468558153
2022-12-28,1.0,0.03902302050821596,0.5023696047966509
2022-12-29,1.0,0.026532908416277867,0.4449200941965551
2022-12-30,1.0,0.007471048188612295,0.4517976830419697
2023-01-03,1.0,0.003447358418844386,0.4135352841749911
2023-01-04,0.0,-0.0013559980769224573,0.4788019774118163
2023-01-05,1.0,0.0024696751130481075,0.48585501608049836
2023-01-06,1.0,0.0029745237096800675,0.4738118669707026
2023-01-09,0.0,-0.0022246950221111624,0.5225000968928114
2023-01-10,0.0,-0.0023232187013879756,0.4746850630188495
2023-01-11,0.0,-0.0075987104245177385,0.47608708904142877
2023-01-12,0.0,-0.007505543308535888,0.5262968274801916
2023-01-13,0.0,-0.012017395194412375,0.5168889835287664
2023-01-16,0.0,-0.012006219585379013,0.4805389859128703
2023-01-17,0.0,-0.017575991146278724,0.4508282711060004
2023-01-18,0.0,-0.013135608793979747,0.4858571073406825
2023-01-19,0.0,-0.01856715195021737,0.5078942491735461
2023-01-20,0.0,-0.02476699552200244,0.4567798866576316
2023-01-30,0.0,-0.02510672311647146,0.29835374944449544
2023-01-31,0.0,-0.01644030683316977,0.42188937470622795
2023-02-01,0.0,-0.01804697025619905,0.442339702111034
2023-02-02,0.0,-0.02681202496720737,0.46258509185302427
2023-02-03,0.0,-0.009006911845358578,0.45257430700912626
2023-02-06,1.0,0.011150745164117347,0.5647978174863352
2023-02-07,1.0,0.014914160788206418,0.5286739384904939
2023-02-08,1.0,0.003338255113945008,0.5364510752949309
2023-02-09,1.0,0.00120840094942359,0.5521952946373464
2023-02-10,1.0,0.014501414213888657,0.5507784946158132
2023-02-13,1.0,0.01761293280729434,0.51750306328969
2023-02-14,1.0,0.03246620505495835,0.5124735429976421
2023-02-15,1.0,0.035508383238592324,0.5894720523303335
2023-02-16,1.0,0.0451404489183349,0.5555937377616
2023-02-17,1.0,0.05265248337057981,0.6188728606051406
2023-02-20,1.0,0.0763679852636674,0.5965232691872903
2023-02-21,1.0,0.07001898237429198,0.4914150074742355
2023-02-22,1.0,0.05300877856136741,0.5632691671427689
2023-02-23,1.0,0.06216278291885998,0.5368782097929012
2023-02-24,1.0,0.06457785327783463,0.6139520863237506
2023-02-27,1.0,0.06102982555099467,0.5652689846136543
2023-02-28,1.0,0.05547946005604551,0.5785524347075863
2023-03-01,1.0,0.055708227478581465,0.517828703271776
2023-03-02,1.0,0.05932391876965793,0.5116467750091582
2023-03-03,1.0,0.05982315250761334,0.5509548676918634
2023-03-06,1.0,0.0402367932115217,0.4447403713321246
2023-03-07,1.0,0.05092313849993507,0.42527739171533796
2023-03-08,1.0,0.07690200624917642,0.49384735613107994
2023-03-09,1.0,0.07735994032278003,0.458433193869899
2023-03-10,1.0,0.06060768429049897,0.4827140996070854
2023-03-13,1.0,0.056460455340143524,0.4922872725336914
2023-03-14,1.0,0.05138241697572948,0.44322828770710465
2023-03-15,1.0,0.050915767325983755,0.417388562319405
2023-03-16,1.0,0.046566474321514124,0.4540442801579043
2023-03-17,1.0,0.031054719707533616,0.39018853665057385
2023-03-20,0.0,-0.0017092483470453018,0.13229037117994316
2023-03-21,1.0,0.005465605222470263,0.1511586048999313
2023-03-22,1.0,0.02072895713851999,0.20697170972441598
2023-03-23,1.0,0.009399973852792756,0.1959621471654134
2023-03-24,1.0,0.001043249590005012,0.18132575180034974
2023-03-27,1.0,0.015490843328658402,0.21012524354575374
2023-03-28,1.0,0.023025991242224816,0.26380975564091125
2023-03-29,1.0,0.021513981724258873,0.27350740485509595
2023-03-30,1.0,0.011643051770258067,0.3010412658210508
2023-03-31,1.0,0.03137039693989523,0.2944815965456073
2023-04-03,1.0,0.04992419268100423,0.38540723588079684
2023-04-04,1.0,0.026113951155185007,0.41054433970129883
2023-04-06,1.0,0.01332819943175419,0.28925522329711867
2023-04-07,1.0,0.01680339241597085,0.3592088353693855
2023-04-10,1.0,0.026783535448801417,0.3549464783273721
2023-04-11,1.0,0.014860705906399027,0.523219620239081
2023-04-12,1.0,0.010152371464018128,0.5178349716354747
2023-04-13,1.0,0.007635319199417405,0.46207591035884044
2023-04-14,0.0,-0.0016865655766541345,0.46251754784580945
2023-04-17,1.0,0.007415051619124316,0.5821189264592765
2023-04-18,1.0,0.007534681562506941,0.5108514605741783
2023-04-19,1.0,0.01244532134406001,0.49624813809533896
2023-04-20,1.0,0.006904618535362648,0.4957494564303415
2023-04-21,1.0,0.016584871399142432,0.47864355889995386
2023-04-24,1.0,0.015385610977038871,0.5253565879754278
2023-04-25,1.0,0.0011679095748521767,0.4884697734974602
2023-04-26,0.0,-0.0015246639724826865,0.4745827200345955
2023-04-27,0.0,-0.005964811944544263,0.5131906821463705
2023-04-28,1.0,0.015242221561540238,0.5168602273949653
2023-05-04,0.0,-0.009445691697876943,0.4378639705520685
2023-05-05,0.0,-0.012348819884288662,0.3866440319953367
2023-05-08,0.0,-0.011338242004555184,0.41394428147270707
2023-05-09,0.0,-0.0064197860668083785,0.3797831344244967
2023-05-10,0.0,-0.008388570161608114,0.4528937011623424
2023-05-11,0.0,-0.014082244937898624,0.3952772345513934
2023-05-12,1.0,0.001858736594625342,0.4400424540933595
2023-05-15,0.0,-0.002031085120702717,0.4861651150060628
2023-05-16,1.0,0.0031348680109246703,0.4320198143777299
2023-05-17,1.0,0.0014648115010140982,0.4908973252848179
2023-05-18,0.0,-0.005041615069115721,0.432219845781815
2023-05-19,1.0,0.006413418856409274,0.46688978736271675
2023-05-22,1.0,0.003774511020038463,0.4212050022519458
2023-05-23,1.0,0.009206407172597872,0.4500321801703793
2023-05-24,0.0,-0.0001333718631803533,0.4410835318124985
2023-05-25,1.0,0.0025414107354100536,0.4620685189773471
2023-05-26,1.0,0.007513788201504523,0.4895845748463074
2023-05-29,1.0,0.0032259537811127337,0.4816955428879566
2023-05-30,1.0,0.00645655294106454,0.4624516825587388
2023-05-31,0.0,-0.00502524793987868,0.5020918229275929
2023-06-01,0.0,-0.0032426458174228093,0.44092554662612804
2023-06-02,0.0,-0.00523143594244445,0.4625712519425236
2023-06-05,1.0,0.007661848698031467,0.5013281671176228
2023-06-06,1.0,0.003060072902554991,0.5101724427659543
2023-06-07,0.0,-0.0006208976605360583,0.4806494074760924
2023-06-08,1.0,0.008039663976203376,0.5742469792645357
2023-06-09,0.0,-0.0003095496077959652,0.5631004719641252
2023-06-12,0.0,-0.0008401318174504868,0.6483990356845714
2023-06-13,1.0,0.005802214080103873,0.6237871863362711
2023-06-14,1.0,0.006851612614309594,0.6064547916649344
2023-06-15,1.0,0.018172647961763346,0.5973439389908393
2023-06-16,1.0,0.014194014197944077,0.6835528808623232
2023-06-19,1.0,0.024603964037501157,0.6676964120265164
2023-06-20,1.0,0.022327241882305393,0.585402615659245
2023-06-21,1.0,0.020811627347801558,0.6800131482358895
2023-06-26,1.0,0.02193340810478111,0.5813336006312685
2023-06-27,1.0,0.01753462322943186,0.6669041996243655
2023-06-28,1.0,0.025570515930168642,0.7245391394643064
2023-06-29,1.0,0.02702807648457606,0.6344100791591305
2023-06-30,1.0,0.01701886584724886,0.6311708063104716
2023-07-03,1.0,0.014268602099458145,0.6454497545686756
2023-07-04,1.0,0.016837492275380835,0.6098604883359129
2023-07-05,1.0,0.014275256735299557,0.5254151008759134
2023-07-06,1.0,0.007455642785663209,0.681065908308352
2023-07-07,1.0,0.007909720653127348,0.7328169814599583
2023-07-10,1.0,0.007843868710123367,0.6884052955027125
2023-07-11,1.0,0.007578464187841688,0.6925016220579182
2023-07-12,1.0,0.0071406835789571636,0.6676411818558301
2023-07-13,0.0,-0.005934474633586597,0.6579153761941456
2023-07-14,1.0,0.0034302333648023216,0.641242332464693
2023-07-17,1.0,0.0008780788200834163,0.6288858027611081
2023-07-18,0.0,-0.0023663464153451186,0.6270428075015235
2023-07-19,0.0,-0.011701127436521925,0.6648005373517106
2023-07-20,0.0,-0.011101309019163032,0.6753402471549929
2023-07-21,0.0,-0.009186416309151534,0.7054450202030745
2023-07-24,0.0,-0.00440962097666341,0.7071699725669021
2023-07-25,0.0,-0.0006569583067773367,0.6927493511896793
2023-07-26,0.0,-0.0017456581198281138,0.690184220948643
2023-07-27,1.0,0.0006088280248945642,0.7160189954425532
2023-07-28,1.0,0.004809803763162751,0.7846571927817448
2023-07-31,1.0,0.005773031559441154,0.8016487376618157
2023-08-01,1.0,0.005579058188088999,0.8060581181766001
2023-08-02,1.0,0.009361529627186855,0.8368910595248676
2023-08-03,1.0,0.017687239569251004,0.8425070540021015
2023-08-04,1.0,0.017582199318880085,0.8091811271217177
2023-08-07,1.0,0.019000158542508423,0.8291240222649865
2023-08-08,1.0,0.020291369877968018,0.796987984838601
2023-08-09,1.0,0.019313344980865243,0.7855349577723598
2023-08-10,1.0,0.022883296327054877,0.7893401155832787
2023-08-11,1.0,0.02445915513800241,0.7978994449493119
2023-08-14,1.0,0.02342129005645028,0.7833326474356761
2023-08-15,1.0,0.0236294621069148,0.780729035453217
2023-08-16,1.0,0.022839350827548465,0.8049629584986493
2023-08-17,1.0,0.03260198735783175,0.8000366937284187
2023-08-18,1.0,0.03161959747428425,0.75090294960272
2023-08-21,1.0,0.022155817570434617,0.7787628074164831
2023-08-22,1.0,0.02871837218978927,0.7261430318687728
2023-08-23,1.0,0.029057421737966216,0.7482403546356574
2023-08-24,1.0,0.023289842260782023,0.7467118026398119
2023-08-25,1.0,0.025793158455181004,0.7438320987170746
2023-08-28,1.0,0.027654702895526694,0.7407042721385323
2023-08-29,1.0,0.02247768528843935,0.740758362391557
2023-08-30,1.0,0.01167638591780227,0.7727692489443306
2023-08-31,0.0,-0.007933624948330645,0.7091992645297228
2023-09-01,0.0,-0.016702304849440554,0.7488485282329543
2023-09-04,0.0,-0.03016754082522289,0.7481702605840153
2023-09-05,0.0,-0.031858317084198715,0.7295175892136815
2023-09-06,0.0,-0.023053641084119298,0.7750274767815278
2023-09-07,0.0,-0.020021560163100877,0.7900152868585572
2023-09-08,0.0,-0.012154798149248953,0.8022216397407119
2023-09-11,0.0,-0.006753149522134207,0.8277359931648565
2023-09-12,1.0,0.0025248756325550914,0.7904320031566
2023-09-13,1.0,0.007668422530980033,0.8080430001414077
2023-09-14,1.0,0.009866420637050136,0.821847734322664
2023-09-15,1.0,0.013281081734539653,0.825374020161348
2023-09-18,1.0,0.016721520199487562,0.7950950693376121
2023-09-19,1.0,0.00873145885462151,0.7437115030584736
2023-09-20,1.0,0.011138885685810429,0.7553008132456464
2023-09-21,1.0,0.012871276802971171,0.7415958342862631
2023-09-22,1.0,0.016108296858079543,0.7924028500451956
2023-09-25,1.0,0.01569864524640325,0.7831982269307335
2023-09-26,1.0,0.013885301903836652,0.8237372668716877
2023-09-27,1.0,0.025000773369166583,0.8491104256782357
2023-09-28,1.0,0.03989011322848252,0.7959113916250045
2023-10-09,1.0,0.0454760552105717,0.7844006254932215
2023-10-10,1.0,0.05067167994607972,0.7762549274451199
2023-10-11,1.0,0.04650386824148551,0.7405618702040438
2023-10-12,1.0,0.03304150729730693,0.7392694671681039
2023-10-13,1.0,0.035500553958021694,0.7538776324395172
2023-10-16,1.0,0.018858352212298365,0.7795064201920464
2023-10-17,1.0,0.01737090699110877,0.7906629267405855
2023-10-18,1.0,0.010713021729410214,0.8366039005500434
2023-10-19,1.0,0.0012723727223399092,0.826887897399083
2023-10-20,0.0,-0.006820217570705875,0.763694149458231
2023-10-23,0.0,-0.01694955831377332,0.7800858199942989
2023-10-24,0.0,-0.017449337849083327,0.7408834914873964
2023-10-25,0.0,-0.016638327700738694,0.7090408049556078
2023-10-26,0.0,-0.02377728455753321,0.7285898250928731
2023-10-27,0.0,-0.023503542465382832,0.7015103688311984
2023-10-30,0.0,-0.016958854024267715,0.6669916359262744
2023-10-31,0.0,-0.015444159941555992,0.6622664273338359
2023-11-01,0.0,-0.0036110217269723407,0.6776664557148258
2023-11-02,0.0,-0.006286429487013114,0.6607748614505198
2023-11-03,0.0,-0.005073492507104134,0.6157829155496234
2023-11-06,1.0,0.011821604284587787,0.6679151162098982
2023-11-07,1.0,0.0021074823395647994,0.6164640735980246
2023-11-08,1.0,0.004736138758289086,0.6599813102318062
2023-11-09,1.0,0.012672614443420334,0.7061238667707832
2023-11-10,1.0,0.008113634774169631,0.6910999717086859
2023-11-13,1.0,0.0034410280560137566,0.7556343071271429
2023-11-14,0.0,-0.003441612880614606,0.7030477705206489
2023-11-15,0.0,-0.00840769283957792,0.7199786260200206
2023-11-16,1.0,0.009155602634195027,0.7281877615315903
2023-11-17,1.0,0.004257567818227129,0.7006368398368223
2023-11-20,1.0,0.014635959637429367,0.6605169921433633
2023-11-21,1.0,0.018921317927712934,0.6602785274940283
2023-11-22,1.0,0.022948558559235933,0.6408090515530913
2023-11-23,1.0,0.024532254814012073,0.6219102610101178
2023-11-24,1.0,0.02885629225087374,0.5353487612060592
2023-11-27,1.0,0.022548490235485417,0.6798315870457029
2023-11-28,1.0,0.020567356685755597,0.6474462692432131
2023-11-29,1.0,0.014905396720804829,0.6885919758209925
2023-11-30,1.0,0.016428672881593116,0.6489202426765505
2023-12-01,1.0,0.012365951119054735,0.6850652570712424
2023-12-04,1.0,0.003523538787566875,0.5997880377476065
2023-12-05,1.0,0.017901957357823607,0.6619907900253533
2023-12-06,1.0,0.015820863198763264,0.636254772654223
2023-12-07,1.0,0.015670044644733643,0.6070003537632217
2023-12-08,1.0,0.013627264343844044,0.584897501106896
2023-12-11,1.0,0.019777680619699336,0.6523286117485536
2023-12-12,1.0,0.020974488583505323,0.6540993295292846
2023-12-13,1.0,0.023640567483293615,0.6603487520906528
2023-12-14,1.0,0.009571850965271784,0.583479956342258
2023-12-15,1.0,0.0169340049223383,0.602713066056929
2023-12-18,1.0,0.017616084199758627,0.6039625467236155
2023-12-19,1.0,0.007869771454954645,0.5245105448872478
2023-12-20,1.0,0.0037671134081266352,0.5487423504983976
2023-12-21,1.0,0.006977404061951686,0.552444008541584
2023-12-22,0.0,-0.001377266969235973,0.5765245999944786
2023-12-25,0.0,-0.0033750735177839053,0.5779372604926409
2023-12-26,0.0,-0.0057079920825029076,0.5061407344473636
2023-12-27,0.0,-0.012007148341130622,0.472495940763655
2023-12-28,0.0,-0.010142243394579906,0.5050798676150345
2023-12-29,0.0,-0.0034520798729344455,0.5505781506980207
2024-01-02,0.0,-0.004811690053346296,0.4313646400564667
2024-01-03,0.0,-0.004144396499377423,0.5540645356835299
2024-01-04,1.0,0.0024883888089079565,0.6332636563462063
2024-01-05,1.0,0.005045502845894609,0.6050290254252336
2024-01-08,0.0,-0.000581419510544099,0.693853944142508
2024-01-09,0.0,-0.000748689827834734,0.6524507460028753
2024-01-10,1.0,0.004657166719301298,0.6936993479184251
2024-01-11,1.0,0.006848062620887382,0.644478356829836
2024-01-12,0.0,-0.00016641011811910342,0.6615744825183494
2024-01-15,0.0,-0.006556040079867302,0.697649808921771
2024-01-16,0.0,-0.006059618442237175,0.606019414186014
2024-01-17,1.0,0.0008335765080681607,0.7177562499648187
2024-01-18,1.0,0.0005012112710388628,0.7156707403525345
2024-01-19,1.0,0.0024534787232001537,0.6440983332685962
2024-01-22,1.0,0.005290025873906752,0.6458251228282251
2024-01-23,1.0,0.0043729116182062685,0.6517581192800168
2024-01-24,1.0,0.006580067053159747,0.6112116949664762
2024-01-25,1.0,0.014490593326126145,0.6947162478834161
2024-01-26,1.0,0.023493576569444004,0.6933846382934584
2024-01-29,1.0,0.03544467619784148,0.7094780787028534
2024-01-30,1.0,0.04013984923013788,0.6696403997605949
2024-01-31,1.0,0.04922712211868817,0.697180023612535
2024-02-01,1.0,0.04740454009132124,0.6619521530614553
2024-02-02,1.0,0.04729413642326769,0.5975310931403427
2024-02-05,1.0,0.0512164386592164,0.5991843347467216
2024-02-06,1.0,0.05062523955723657,0.5834333324039126
2024-02-07,1.0,0.04905681898635344,0.5507126905096346
2024-02-08,1.0,0.04966231705424122,0.5597951253025089
2024-02-19,1.0,0.04741225510157753,0.5911892478206062
2024-02-20,1.0,0.05033325666201192,0.6269762936879593
2024-02-21,1.0,0.05136198192484842,0.6316172142524176
2024-02-22,1.0,0.07161410496682566,0.5665122417846385
2024-02-23,1.0,0.06764459924375157,0.6137110684379714
2024-02-26,1.0,0.06410492214233568,0.6719501195566918
2024-02-27,1.0,0.06587222485349355,0.6709015563607229
2024-02-28,1.0,0.07047116656801773,0.7087888933702395
2024-02-29,1.0,0.0762582112558446,0.6465948822334144
2024-03-01,1.0,0.09365523528097061,0.6436033701774162
2024-03-04,1.0,0.08586129060639236,0.6064688302437148
2024-03-05,1.0,0.07246653749932383,0.6537516150438708
2024-03-06,1.0,0.07837288086445313,0.6303096699698605
2024-03-07,1.0,0.09220004850055491,0.6300566379514299
2024-03-08,1.0,0.09533172711683717,0.6138711012382214
2024-03-11,1.0,0.09468401130876464,0.6557040971828837
2024-03-12,1.0,0.09136638005758368,0.6005760718000217
2024-03-13,1.0,0.12072777028981341,0.6145467314984261
2024-03-14,1.0,0.10763308250479446,0.5806373689308322
2024-03-15,1.0,0.10956294510903573,0.6010595490251437
2024-03-18,1.0,0.11907838974670375,0.626955322494834
2024-03-19,1.0,0.11275168388808926,0.6340092649907638
2024-03-20,1.0,0.11662674506562984,0.6110420520257828
2024-03-21,1.0,0.07958616636876077,0.5495480377246192
2024-03-22,1.0,0.061230487718292884,0.6069644386208526
2024-03-25,1.0,0.07064058549489607,0.658671278939624
2024-03-26,1.0,0.06781494476100565,0.6064280454263866
2024-03-27,1.0,0.07129068261530336,0.6327468133361993
2024-03-28,1.0,0.058740495022600085,0.5531510803386931
2024-03-29,1.0,0.03368194038677867,0.4140971734456245
2024-04-01,1.0,0.02638831560440455,0.4250247210305781
2024-04-02,1.0,0.02781030447343156,0.3643926305527109
2024-04-03,1.0,0.01371844130917849,0.3387765375823287
2024-04-08,0.0,-0.012041783460259772,0.24147453148821632
2024-04-09,1.0,0.008012060886697333,0.23299185235165648
2024-04-10,0.0,-0.0020781089528099494,0.25975604540707736
2024-04-11,0.0,-0.001081237040390828,0.3131018882491913
2024-04-12,0.0,-0.02032791861174182,0.15306507705902384
2024-04-15,1.0,0.0009571923091903301,0.2156683031407688
2024-04-16,0.0,-0.0037813908963527584,0.1908713810775774
2024-04-17,1.0,0.019292081121595698,0.22325514200026972
2024-04-18,1.0,0.011777870956177395,0.27104794866462356
2024-04-19,1.0,0.00879457675193928,0.2209887965990777
2024-04-22,1.0,0.0023252912618386664,0.22038825588798447
2024-04-23,1.0,0.017538564030588278,0.278749567386328
2024-04-24,1.0,0.008637723341076542,0.3261322177439272
2024-04-25,1.0,0.01026910962376261,0.3221005322706638
2024-04-26,1.0,0.009189855392572562,0.29624537205048673
2024-04-29,1.0,0.004956325830804845,0.37533235458041136
2024-04-30,1.0,0.013305087991680316,0.36751355393865887
2024-05-06,1.0,0.005891568847241495,0.40119919959655787
2024-05-07,1.0,0.01160890385692473,0.42045604985207286
2024-05-08,1.0,0.008380089308988758,0.3713425068754384
2024-05-09,1.0,0.025293177139081104,0.37828162276009797
2024-05-10,1.0,0.00160185137037378,0.35953465559086656
2024-05-13,0.0,-0.02329568336689395,0.41243000875468533
2024-05-14,0.0,-0.011934917573236465,0.432217925977119
2024-05-15,0.0,-0.019107366201934217,0.3710870828648864
2024-05-16,0.0,-0.028647839242554703,0.32838308860740595
2024-05-17,0.0,-0.02764193508588447,0.3013631956862436
2024-05-20,0.0,-0.05096237867530753,0.22642613748339654
2024-05-21,0.0,-0.035251111283739076,0.2509953765776803
2024-05-22,0.0,-0.028591573235184423,0.2612749735554084
2024-05-23,1.0,3.57315134119623e-05,0.26677230734913127
2024-05-24,0.0,-0.005969303038824579,0.2744353593557204
2024-05-27,0.0,-0.0065346731442979126,0.24258269808706878
2024-05-28,0.0,-0.013144505151627585,0.29739675935703314
2024-05-29,0.0,-0.02588145548582585,0.30191743432662205
2024-05-30,0.0,-0.0048475296603229,0.3681783903574196
2024-05-31,0.0,-0.009817092594053974,0.3735236037379735
2024-06-03,1.0,0.0016666066681418233,0.41592853270172575
2024-06-04,0.0,-0.0009712755048868019,0.408416604962276
2024-06-05,1.0,0.00848956499976036,0.4331285478945145
2024-06-06,0.0,-0.0044214727049605,0.39707895228686024
2024-06-07,0.0,-0.0027781753158807707,0.365949804179769
2024-06-11,1.0,0.02515901568657585,0.4301422997356481
2024-06-12,1.0,0.023550865772018523,0.42696132877048143
2024-06-13,1.0,0.030561674702125917,0.45683315593750745
2024-06-14,1.0,0.03592085534410466,0.4499213981652855
2024-06-17,1.0,0.03378385344047304,0.35347478390660125
2024-06-18,1.0,0.04420196533216588,0.37873240267103053
2024-06-19,1.0,0.05144172652808766,0.32531433946121313
2024-06-20,1.0,0.04272412573829367,0.365089716822907
2024-06-21,1.0,0.011015675315974227,0.2911264035670667
2024-06-24,1.0,0.025472010688585237,0.38201748527758106
2024-06-25,1.0,0.018731036706063346,0.37157224766933306
2024-06-26,1.0,0.03745273828629725,0.42947383890356233
2024-06-27,1.0,0.01867311858427575,0.4183197807848175
2024-06-28,1.0,0.010569130760065345,0.39266041901780496
2024-07-01,1.0,0.017651852284492568,0.42244332501250187
2024-07-02,1.0,0.017120202807412038,0.4260806497315804
2024-07-03,1.0,0.018860075240420757,0.4552286675238151
2024-07-04,1.0,0.02224596715193356,0.42791605440074554
2024-07-05,1.0,0.02536962381653976,0.38955813207960877
2024-07-08,0.0,-0.0014277048504289824,0.40847970782522014
2024-07-09,0.0,-0.008051515405658818,0.3471495633537617
2024-07-10,0.0,-0.009022940659540476,0.33424420204103494
2024-07-11,0.0,-0.016691424997061843,0.3608958717181604
2024-07-12,0.0,-0.013885668183837999,0.3220984548705565
2024-07-15,0.0,-0.005363267504742708,0.3483527065818385
2024-07-16,0.0,-0.009577144156194506,0.31012932925596426
2024-07-17,0.0,-0.023205480388966908,0.2656286111681224
2024-07-18,0.0,-0.025252547821098648,0.2825911817212659
2024-07-19,1.0,0.0031755019274778175,0.37329352253571907
2024-07-22,1.0,0.014573166348335538,0.3980678630792099
2024-07-23,1.0,0.0204785313435407,0.3978015330040874
2024-07-24,1.0,0.011450240299201178,0.35418890703209016
2024-07-25,1.0,0.03323788010752912,0.4583887389492045
2024-07-26,1.0,0.026905230128597055,0.5441947986425456
2024-07-29,1.0,0.026306201124632916,0.484770605215538
2024-07-30,1.0,0.024466052154406424,0.49258794119983257
2024-07-31,1.0,0.01555960743324372,0.42987150527640455
2024-08-01,1.0,0.007260320209368063,0.4225543991512311
2024-08-02,1.0,3.4840170720242744e-05,0.45881468556623217
2024-08-05,1.0,0.019244288399396525,0.5311733795430177
2024-08-06,1.0,0.03185921586386483,0.5471906778679353
2024-08-07,1.0,0.021632465576872033,0.6062344259972571
2024-08-08,1.0,0.028260784811216116,0.5970160910840125
2024-08-09,1.0,0.02288574644469241,0.5286157858957408
2024-08-12,1.0,0.00691043895159541,0.5981210028802755
2024-08-13,1.0,0.006615933819414987,0.5606051364950705
2024-08-14,1.0,0.013807304656591517,0.5119423535196804
2024-08-15,1.0,0.014428546579934679,0.5237121859756126
2024-08-16,1.0,0.02751797856904428,0.3959618987329693
2024-08-19,1.0,0.01604626883690183,0.3792657831501612
2024-08-20,1.0,0.01376660391222582,0.35885461482213465
2024-08-21,1.0,0.024718009953279902,0.3630087069816206
2024-08-22,1.0,0.035366202882664496,0.29195612462022774
2024-08-23,1.0,0.03713081450712342,0.32230467735339385
2024-08-26,1.0,0.03773775685583193,0.31321537247568965
2024-08-27,1.0,0.04075948605554665,0.29425517022176456
2024-08-28,1.0,0.04131425806639994,0.2803495348440353
2024-08-29,1.0,0.036973608467326204,0.3215550661847722
2024-08-30,1.0,0.03787580599787575,0.3104668065599572
2024-09-02,1.0,0.03060495209276625,0.23394521814004796
2024-09-03,1.0,0.0319595147264903,0.207015136360739
2024-09-04,1.0,0.05004475914090942,0.285001746616356
2024-09-05,1.0,0.053205666441981374,0.26422063026115283
2024-09-06,1.0,0.05090624417603044,0.23751983030831728
2024-09-09,1.0,0.07243259960692915,0.3093700037885971
2024-09-10,1.0,0.06911381409517957,0.2729178476203418
2024-09-11,1.0,0.071886226189404,0.30165798757356427
2024-09-12,1.0,0.0843102134995024,0.28227454273718594
2024-09-13,1.0,0.07096722832270196,0.25673837791498105
2024-09-18,1.0,0.07750344486165263,0.17329174484026802
2024-09-19,1.0,0.07020134744390896,0.2079948582506868
2024-09-20,1.0,0.056130716750711546,0.21485364752113384
2024-09-23,1.0,0.051479787733555035,0.20714924906491122
2024-09-24,1.0,0.06128961020364374,0.20059463353928333
2024-09-25,1.0,0.06511701879324622,0.16524502024801924
2024-09-26,1.0,0.057900854541286274,0.1719526189501367
2024-09-27,1.0,0.0493127551204882,0.17526053990005172
2024-09-30,1.0,0.04691147333237815,0.21640366270759925
2024-10-08,1.0,0.047173922753085316,0.19083198109773722
2024-10-09,1.0,0.05856764196908786,0.3470028990326639
2024-10-10,1.0,0.03431227934644608,0.31440509417244894
2024-10-11,1.0,0.029849024374010297,0.30455552044796974
2024-10-14,1.0,0.020475171438961885,0.24872006861377727
2024-10-15,1.0,0.003340778762481985,0.26463357545299676
2024-10-16,0.0,-0.012364104763030055,0.262094680555857
2024-10-17,0.0,-0.03505527244036954,0.23967601228468324
2024-10-18,0.0,-0.042502025255655884,0.21831984834120707
2024-10-21,0.0,-0.0411336342672328,0.18994367539947998
2024-10-22,0.0,-0.026952146656104594,0.2292083861844695
2024-10-23,0.0,-0.0312142450056025,0.2123877406983655
2024-10-24,0.0,-0.011012476053578378,0.3333863714321287
2024-10-25,1.0,0.005045516052586483,0.2663173407095812
2024-10-28,0.0,-0.011912739013835605,0.2846445359506815
2024-10-29,0.0,-0.03373782928300391,0.2427045714001556
2024-10-30,0.0,-0.03531616020071016,0.20598470747864622
2024-10-31,0.0,-0.03597268220267458,0.25273489992348525
2024-11-01,0.0,-0.017493157447517345,0.3726377946722231
2024-11-04,0.0,-0.01953786334704105,0.3984581207914602
2024-11-05,0.0,-0.00916154727577624,0.3706928177852503
2024-11-06,0.0,-0.009402136428747631,0.5832528478659259
2024-11-07,1.0,0.01151494361357649,0.6531470157682213
2024-11-08,1.0,0.0007471050029987865,0.5781291493469489
2024-11-11,1.0,0.00540935807652567,0.6368254842836423
2024-11-12,1.0,0.025720593150073707,0.7232336796589047
2024-11-13,1.0,0.0367067323577276,0.7295715402537076
2024-11-14,1.0,0.0625448811360948,0.8098507399392062
2024-11-15,1.0,0.05301101596650387,0.7836154327841244
2024-11-18,1.0,0.03133860757886115,0.7713063271041303
2024-11-19,1.0,0.01513479067565956,0.6954719330039315
2024-11-20,1.0,0.012855111531765148,0.6942839914389833
2024-11-21,0.0,-0.00679003924524976,0.6563732883762937
2024-11-22,0.0,-0.022451861904467983,0.6945525475624087
2024-11-25,1.0,0.0015815382946338808,0.7031953558246894
2024-11-26,1.0,0.010973555681542166,0.7650282180733121
2024-11-27,1.0,0.004111834585799897,0.7454903106954024
2024-11-28,1.0,0.010608888248938032,0.7471584274801389
2024-11-29,1.0,0.002292135109537552,0.6902031635840628
2024-12-02,1.0,0.007116542618608114,0.7360559186464616
2024-12-03,0.0,-0.0027811032380696808,0.715071635405187
2024-12-04,1.0,0.006738591699832811,0.7088615935890048
2024-12-05,1.0,0.015340972898904666,0.6910654082476675
2024-12-06,1.0,0.014474085351525983,0.7494759712642617
2024-12-09,1.0,0.009484534262208678,0.7686963954122841
2024-12-10,1.0,0.010437104509211242,0.7085632297518224
2024-12-11,1.0,0.006738955539112669,0.6600905150780582
2024-12-12,1.0,0.006441246102857075,0.5662513101480801
2024-12-13,1.0,0.018278222412707806,0.6731904781202654
2024-12-16,1.0,0.019779846350162056,0.7024921210188775
2024-12-17,1.0,0.028187028272125953,0.7028280604373011
2024-12-18,1.0,0.032795038341243844,0.6996645120850382
2024-12-19,1.0,0.04331724884349125,0.7985023309849122
2024-12-20,1.0,0.04125842401287936,0.7817067389223719
2024-12-23,1.0,0.031179108257832603,0.7356671967945219
2024-12-24,1.0,0.04415462613303151,0.6934539344691869
2024-12-25,1.0,0.04300378070580191,0.6758226922610973
2024-12-26,1.0,0.04597858638052562,0.6446918532299074
2024-12-27,1.0,0.04310631391895809,0.6912128558875216
2024-12-30,1.0,0.08229433607874903,0.6983523699548813
2024-12-31,1.0,0.07913556058871367,0.7015953918110018
2025-01-02,1.0,0.07354547465004008,0.5879835577182074
2025-01-03,1.0,0.07826247077031598,0.6216101649808917
2025-01-06,1.0,0.09287490559385933,0.6753518179880238
2025-01-07,1.0,0.08610165908614993,0.716106106746328
2025-01-08,1.0,0.08629982593768246,0.6780042818320603
2025-01-09,1.0,0.0865888789638044,0.6684417574033025
2025-01-10,1.0,0.06346982640796675,0.6262081171677518
2025-01-13,1.0,0.06924187000157048,0.6535214834798513
2025-01-14,1.0,0.08445048851991274,0.6633682079892989
2025-01-15,1.0,0.08017315096350111,0.698409409923972
2025-01-16,1.0,0.06850875548998327,0.7126616180830655
2025-01-17,1.0,0.06831836048183842,0.6659661196331262
2025-01-20,1.0,0.06910956781406706,0.7038549086938428
2025-01-21,1.0,0.06011512577424025,0.7217405833523505
2025-01-22,1.0,0.04770803201272029,0.6699976956153105
2025-01-23,1.0,0.03932784261934325,0.6876619684961999
2025-01-24,1.0,0.035574779907337845,0.6860575552948479
2025-01-27,1.0,0.0442247909554132,0.6564357273138577
2025-02-05,1.0,0.017031754104192227,0.3847446352839291
2025-02-06,1.0,0.018056972712592205,0.4173942870675519
2025-02-07,1.0,0.014199352236888427,0.44235450649268726
2025-02-10,1.0,0.0035573101941544024,0.4578634244544112
2025-02-11,0.0,-0.012000437419380568,0.4287354838072417
2025-02-12,0.0,-0.0024397783968484973,0.4286100037912508
2025-02-13,0.0,-8.765138129574916e-05,0.46460791061722656
2025-02-14,1.0,0.00948422561428085,0.436183227638422
2025-02-17,1.0,0.027444477230240145,0.5937126613312844
2025-02-18,1.0,0.025848553731108642,0.551785389684648
2025-02-19,1.0,0.02801335753392531,0.49767547391191586
2025-02-20,1.0,0.02645846153943009,0.4769384481636231
2025-02-21,1.0,0.03237310154597937,0.5500951680045582
2025-02-24,1.0,0.030380193313286157,0.5624311466149259
2025-02-25,1.0,0.030425950418964624,0.5355531004034747
2025-02-26,1.0,0.04264424184659574,0.6141512479525547
2025-02-27,1.0,0.0480161430914892,0.6220891998257401
2025-02-28,1.0,0.07269566270833203,0.7075902429570234
2025-03-03,1.0,0.0819171224678868,0.7108822005262537
2025-03-04,1.0,0.08423228569185137,0.6164367417512309
2025-03-05,1.0,0.07269968650846094,0.5739507420196989
2025-03-06,1.0,0.08231851467042287,0.5819724602054615
2025-03-07,1.0,0.055392434256857755,0.5908984898801931
2025-03-10,1.0,0.05387104031047622,0.5635526872766242
2025-03-11,1.0,0.07199522768205867,0.5542139084604426
2025-03-12,1.0,0.09124045818262456,0.48209654760423787
2025-03-13,1.0,0.10107083139127336,0.4723984835159912
2025-03-14,1.0,0.09424218397479331,0.38944615764177976
2025-03-17,1.0,0.09388008989894067,0.345274123060185
2025-03-18,1.0,0.10926326535208482,0.301385753125978
2025-03-19,1.0,0.10953366041386423,0.25007204211816764
2025-03-20,1.0,0.11017319276733559,0.21421056225339186
2025-03-21,1.0,0.1299427215927724,0.24952077382774893
2025-03-24,1.0,0.1619064162434589,0.2636457660623867
2025-03-25,1.0,0.10407495369877165,0.2583672686285469
2025-03-26,1.0,0.11093015030883714,0.22502385414808626
2025-03-27,1.0,0.1027949297342796,0.23184216734452615
2025-03-28,1.0,0.0762126417019667,0.25262522946669397
2025-03-31,1.0,0.07309152182771439,0.22097713866471677
2025-04-01,1.0,0.05804081674804436,0.20496740230567104
2025-04-02,1.0,0.08012658973540651,0.2402346325158619
2025-04-03,1.0,0.08362513849527199,0.23177116547731824
2025-04-07,1.0,0.09629956612396082,0.2727622155375385
2025-04-08,1.0,0.09186365134333056,0.37095210013113844
2025-04-09,1.0,0.058853841167376325,0.34788031801190394
2025-04-10,1.0,0.030686991554991265,0.3134042247662725
2025-04-11,1.0,0.005819557970839118,0.21041037156380404
2025-04-14,0.0,-0.031689560559922156,0.20443752141451088
2025-04-15,0.0,-0.01667320849070296,0.19195191053104457
2025-04-16,0.0,-0.03348692688311872,0.13116709372216198
2025-04-17,0.0,-0.04514889611281049,0.11233807053436398
2025-04-18,0.0,-0.015594659263931793,0.11999232179091406
2025-04-21,0.0,-0.03149469220825396,0.062569887475002
2025-04-22,0.0,-0.06371296574441115,0.043768228251809864
2025-04-23,0.0,-0.008939723211047114,0.025523586635440604
2025-04-24,0.0,-0.02634760415624224,0.03074048150074306
2025-04-25,0.0,-0.019135167170427785,0.037147808465534594
2025-04-28,0.0,-0.020358650778388197,0.03957996602075191
2025-04-29,0.0,-0.01713659672654317,0.03286423986291017
2025-04-30,1.0,0.003581940634176464,0.05931107519225264
2025-05-06,0.0,-0.01569882991157798,0.03410308973690727
2025-05-07,0.0,-0.024925371475001217,0.03821742609405812
2025-05-08,0.0,-0.009580637696802362,0.06186802485765018
2025-05-09,0.0,-0.017529269040700353,0.08905776413362564
2025-05-12,1.0,0.00359326714384607,0.17934559635603312
2025-05-13,1.0,0.012762110024048368,0.19196135045147386
2025-05-14,1.0,0.030308484579031715,0.23607477276554015
2025-05-15,1.0,0.07112984562942756,0.4880266855145178
2025-05-16,1.0,0.052469776841118636,0.3677396835187031
2025-05-19,1.0,0.03792944957242417,0.37475133493249946
2025-05-20,1.0,0.04032238671789058,0.35237366706179085
2025-05-21,1.0,0.00315380833455168,0.3102994237585709
2025-05-22,0.0,-0.00195036887857961,0.28270623392841304
2025-05-23,1.0,0.0015370824084311792,0.293042226383885
2025-05-26,0.0,-0.00702318980703955,0.1355764319424464
2025-05-27,1.0,0.00302807017352571,0.1377090493325219
2025-05-28,1.0,0.00387707585867871,0.12660683197587197
2025-05-29,1.0,0.0027176770149988892,0.15536876009513745
2025-05-30,0.0,-0.005482740546519621,0.12512578410642838
2025-06-03,0.0,-0.008979023896798827,0.091109959640618
2025-06-04,0.0,-0.008187615519582152,0.0796578337739127
2025-06-05,0.0,-0.003118213389215965,0.08403662658767778
2025-06-06,0.0,-0.007921594971575633,0.11000012409657985
2025-06-09,0.0,-0.0044242708097402845,0.15232034004740158
2025-06-10,1.0,0.0014955394464036013,0.1297669475347221
2025-06-11,0.0,-0.013882996423580382,0.12496181657944044
2025-06-12,0.0,-0.015220447054657906,0.12003726425172519
2025-06-13,0.0,-0.026533522501866198,0.07520485941307967
2025-06-16,0.0,-0.013852925350225939,0.08076852819326226
2025-06-17,0.0,-0.005979014668922148,0.10348667558899764
2025-06-18,0.0,-0.01121593238722618,0.09981378668846802
2025-06-19,0.0,-0.006369121124796213,0.09432168490453671
2025-06-20,0.0,-0.0020056576535692158,0.0906837302706307
2025-06-23,1.0,0.0005118362235862789,0.09345770378991558
2025-06-24,1.0,0.01667668892276656,0.1278909951302872
2025-06-25,1.0,0.02420275907325337,0.15967798663028163
2025-06-26,1.0,0.004452974501428047,0.15205044776452603
2025-06-27,1.0,0.01414787933985189,0.1837177138466882
2025-06-30,1.0,0.009336409529616457,0.20372443999537893
2025-07-01,0.0,-0.0060224796579640815,0.17150943292487864
2025-07-02,0.0,-0.0029164697860714866,0.14429450420567788
2025-07-03,0.0,-0.014179515201663004,0.12770264249065638
2025-07-04,0.0,-0.008192424581640033,0.1595344524939528
2025-07-07,1.0,0.01303537443921157,0.16834283103914094
2025-07-08,1.0,0.008057937256442597,0.19282801077879552
2025-07-09,1.0,0.02174868051200517,0.24414166451820174
2025-07-10,1.0,0.015042123549873877,0.21663292266395406
2025-07-11,1.0,0.018241014042707723,0.2537918968966928
2025-07-14,0.0,-0.0024601519250365017,0.2643847581569911
2025-07-15,0.0,-0.0056025435024544806,0.2502508368665315
2025-07-16,1.0,0.0013638880638156099,0.2964672060477055
2025-07-17,1.0,0.003112582739046077,0.24212694945675292
2025-07-18,0.0,-0.00157133505625193,0.2266113163503263
2025-07-21,0.0,-0.005181624562946173,0.1760391820143077
2025-07-22,0.0,-0.012539429640438828,0.4774563958030904
2025-07-23,0.0,-0.025832118940260763,0.4484381725556988
2025-07-24,0.0,-0.004659372850973891,0.5393940441859646
2025-07-25,0.0,-0.005055726823306064,0.45302991395967657
2025-07-28,1.0,0.005662966561168562,0.5079977233122419
2025-07-29,1.0,0.012469889002466147,0.5784293491523507
2025-07-30,1.0,0.009492398954151464,0.5810253365783059
2025-07-31,1.0,0.016659542040060173,0.6077097871247431
2025-08-01,1.0,0.018511429459682538,0.5251355686982041
2025-08-04,1.0,0.024198705403035477,0.5569734680923147
2025-08-05,1.0,0.027503277529956998,0.4533271444458347
2025-08-06,1.0,0.03904008937249162,0.43335746389729785
2025-08-07,1.0,0.03499731383435364,0.3702725924983074
2025-08-08,1.0,0.03467978816349468,0.5474660565473245
2025-08-11,1.0,0.054159046154884094,0.5253459630923467
2025-08-12,1.0,0.07260471112121397,0.5339854912187824
2025-08-13,1.0,0.06917115455293227,0.5827977057124699
2025-08-14,1.0,0.06473915594677832,0.6665592300846227
2025-08-15,1.0,0.07260240153551227,0.6827723388192589
2025-08-18,1.0,0.06706214532051932,0.6994727749989064
2025-08-19,1.0,0.0829345758940069,0.7154372375425454
2025-08-20,1.0,0.07766253730666663,0.7403485741208682
2025-08-21,1.0,0.06127402569258929,0.6547624570500118
2025-08-22,1.0,0.0713037929057222,0.6713490640989649
2025-08-25,1.0,0.08286811692540616,0.6849052239417647
2025-08-26,1.0,0.09088716924380597,0.6623740905110498
2025-08-27,1.0,0.09615239483297182,0.6433062159670617
2025-08-28,1.0,0.0873603027698488,0.6849287569449879
2025-08-29,1.0,0.08650389480166099,0.6716990653418926
2025-09-01,1.0,0.07917370746888991,0.7089569656948013
2025-09-02,1.0,0.08354073691806366,0.6565658122719733
2025-09-03,1.0,0.11513975645304811,0.6893678936406012
2025-09-04,1.0,0.1034200871698524,0.703638523593768
2025-09-05,1.0,0.12863344371593466,0.6863431268314679
2025-09-08,1.0,0.13200810287608677,0.695396785317992
2025-09-09,1.0,0.14047861205862322,0.6220018629492957
2025-09-10,1.0,0.1480608055500855,0.6485484943212787
2025-09-11,1.0,0.18519024044975124,0.5921620482359224
2025-09-12,1.0,0.15112875745924612,0.5825363907985676
2025-09-15,1.0,0.1784460110240316,0.5646203191350587
2025-09-16,1.0,0.12327807553745074,0.5324693789200855
2025-09-17,1.0,0.12077494167964666,0.5566382821726733
2025-09-18,1.0,0.1295646713625675,0.6715867647437378
2025-09-19,1.0,0.11752614785071938,0.700104416095984
2025-09-22,1.0,0.06281672072919721,0.6345493922003679
2025-09-23,1.0,0.06279520875437042,0.6141965979773927
2025-09-24,1.0,0.05888302403571825,0.6576849382945006
2025-09-25,1.0,0.07568452197456751,0.7205919677604368
2025-09-26,1.0,0.07483362587859957,0.6892307328080145
2025-09-29,1.0,0.05507255398892091,0.6666046540087265
2025-09-30,1.0,0.042387100301518855,0.5581022138740608
2025-10-09,1.0,0.003798882371390482,0.1884958535789445
2025-10-10,1.0,0.021615702092388746,0.33190187243218877
2025-10-13,1.0,0.00903662631170109,0.2984139383463673
2025-10-14,1.0,0.010488161994115789,0.28384028585836346
2025-10-15,0.0,-0.015298551350279596,0.2156806004112568
2025-10-16,0.0,-0.00539521136062017,0.14157690842824153
2025-10-17,0.0,-0.04773051375488288,0.08343594289544502
2025-10-20,0.0,-0.04302214165429848,0.13733748324988523
2025-10-21,0.0,-0.07903388795722008,0.09912370319687269
2025-10-22,0.0,-0.01646981490449737,0.22639276542745213
2025-10-23,0.0,-0.010368977712828858,0.25089979141381674
2025-10-24,0.0,-0.01196771457989192,0.22824944255869475
2025-10-27,0.0,-0.004097706944850317,0.28687313667815106
2025-10-28,1.0,0.04884404834699028,0.48826154671128624
2025-10-29,1.0,0.03859221372561232,0.45292985558319354
2025-10-30,1.0,0.037652620225039686,0.5705934919071614
2025-10-31,1.0,0.03412135859354292,0.4743521137886551
2025-11-03,1.0,0.04317003456210956,0.5061548100107682
2025-11-04,1.0,0.04572835101695972,0.5549372776999348
2025-11-05,1.0,0.047564825520274086,0.571789877115779
2025-11-06,1.0,0.03807601814398359,0.507024225890798
2025-11-07,1.0,0.04227373315166133,0.49483495322176935
2025-11-10,1.0,0.02398409135501523,0.429482367505563
2025-11-11,1.0,0.0027993830175440625,0.3497847281315356
2025-11-12,1.0,0.011187398508110381,0.2987321773835131
2025-11-13,0.0,-0.003459922581176568,0.2650876031641042
2025-11-14,1.0,0.018151507268425966,0.28797988334167257
2025-11-17,1.0,0.05616810159539697,0.3763230088912899
2025-11-18,1.0,0.05599523948987577,0.44028110590126407
2025-11-19,1.0,0.04458353431637843,0.3207568981636708
2025-11-20,1.0,0.05012915302482406,0.3256910302196537
2025-11-21,1.0,0.055561687089759317,0.3820954477664819
2025-11-24,1.0,0.0730862964092313,0.3787788694940631
2025-11-25,1.0,0.0691238718864788,0.28392478655467107
2025-11-26,1.0,0.06932519190321351,0.29064564113960506
2025-11-27,1.0,0.06300909928569501,0.32067942121739856
2025-11-28,1.0,0.06334404965401413,0.31111962690325606
2025-12-01,1.0,0.044565497919631936,0.3114809084059059
2025-12-02,1.0,0.027193096172649346,0.32200920432018176
2025-12-03,1.0,0.021569808365826827,0.3271958350880708
2025-12-04,1.0,0.042687217053876146,0.35239306023880085
2025-12-05,1.0,0.044706888384526446,0.2958196169332176
2025-12-08,1.0,0.041076473455153015,0.3600541145921919
2025-12-09,1.0,0.04761142952512443,0.4152531085726991
2025-12-10,1.0,0.051038138458705765,0.3935249947762368
2025-12-11,1.0,0.0689525045936447,0.3769127090197526
2025-12-12,1.0,0.0565962098481485,0.29074187266176754
2025-12-15,1.0,0.056800094410737044,0.2699200151552676
2025-12-16,1.0,0.06359100520609083,0.2826231037752768
2025-12-17,1.0,0.05229715894198878,0.2789818767763888
2025-12-18,1.0,0.06741556155474554,0.2632826416193046
2025-12-19,1.0,0.07872459346975835,0.2718040541179074
2025-12-22,1.0,0.08742593445547843,0.20809583997953351
2025-12-23,1.0,0.06981548093973274,0.1912568123776491
2025-12-24,1.0,0.09485493942416938,0.20475930184799493
2025-12-25,1.0,0.12521445682228985,0.21202614904072722
2025-12-26,1.0,0.12218367241687915,0.22082574072135686
2025-12-29,1.0,0.1636005739010307,0.2420434795588436
2025-12-30,1.0,0.23771539094236008,0.4358311187051006
2025-12-31,1.0,0.17233900233556093,0.513201529110034
2026-01-05,1.0,0.013575772484032248,0.49141276070226153
2026-01-06,1.0,0.08467194606945022,0.4350747512995807
2026-01-07,1.0,0.13361898514417744,0.3778781844241416
2026-01-08,1.0,0.10259500607939515,0.49622889243557966
2026-01-09,1.0,0.0798286868637818,0.49856051958975944
2026-01-12,1.0,0.09267762832936902,0.4615647513441512
2026-01-13,1.0,0.08760019482105738,0.4946540295372784
2026-01-14,1.0,0.08275486301785724,0.4644038068291577
2026-01-15,1.0,0.08418345121067089,0.5021790296720635
2026-01-16,1.0,0.07264140484181202,0.48064524627514976
2026-01-19,1.0,0.09247370228427408,0.4276572802583174
2026-01-20,1.0,0.08226341683554413,0.42832471591662596
2026-01-21,1.0,0.048410813900318636,0.3328158190354419
2026-01-22,1.0,0.0539791415958621,0.4438562725709379
2026-01-23,1.0,0.07057397122974766,0.2728885183146681
2026-01-26,1.0,0.03327160834974733,0.1781883016115628
2026-01-27,1.0,0.004067024515839238,0.21582275870193837
2026-01-28,0.0,-0.02925535814878976,0.10249958278166396
2026-01-29,0.0,-0.09070953271194933,0.02677713404177032
2026-01-30,0.0,-0.018615131996968296,0.03865041767264247
2026-02-02,1.0,0.13119871171467082,0.06216519845950361
2026-02-03,1.0,0.051842614126923356,0.1388087756578194
2026-02-04,1.0,0.005590022417484602,0.043431894282737984
2026-02-05,1.0,0.024336100684922063,0.08664580234614794
2026-02-06,1.0,0.025557661065109833,0.2331489928166164
2026-02-09,0.0,-0.008688182957526474,0.25969390460418773
2026-02-10,0.0,-0.006891209243073811,0.08787829563923129
2026-02-11,0.0,-0.06241762956843364,0.06054077686898794
2026-02-12,0.0,-0.08030766421259292,0.0805085609166808
2026-02-13,0.0,-0.16632550507455177,0.1552803880726659
2026-02-24,0.0,-0.16317870688520775,0.08087588917924456
2026-02-25,0.0,-0.12681980030578452,0.07908419660092153
2026-02-26,0.0,-0.14072448068811538,0.09536250470002318
2026-02-27,0.0,-0.13927508469215574,0.10619697192010649
2026-03-02,0.0,-0.16523182359992758,0.08980945455530787
2026-03-03,0.0,-0.14730725727757027,0.10856926741504505
2026-03-04,0.0,-0.09060511938012959,0.21069792728668338
2026-03-05,0.0,-0.11799790248860804,0.1879670973700651
2026-03-06,0.0,-0.09926258054039296,0.2339530465570573
2026-03-09,0.0,-0.09732272994123303,0.12402785855628996
2026-03-10,0.0,-0.07960801955541164,0.03235608855147038
2026-03-11,0.0,-0.10099306188183714,0.023694682603325645
2026-03-12,0.0,-0.09088136375494746,0.026430214260999712
2026-03-13,0.0,-0.08238437043971392,0.0387568519620552
2026-03-16,0.0,-0.06037316462066806,0.06036439485687336
2026-03-17,0.0,-0.05332290856090531,0.04829950941708892
2026-03-18,0.0,-0.0478431667758343,0.0475290469117272
2026-03-19,0.0,-0.007542497548537506,0.22221687450965008
2026-03-20,1.0,0.015032419754729479,0.3621472022866259
2026-03-23,1.0,0.1122833062619333,0.8470213750988115
2026-03-24,1.0,0.07310468579513489,0.8338989399366142
2026-03-25,1.0,0.025414947137682678,0.6625252572630439
2026-03-26,1.0,0.03564304128968753,0.6997692595930205
2026-03-27,1.0,0.04000376388023357,0.7019414512141297
2026-03-30,1.0,0.007088955449443545,0.7321176548596713
2026-03-31,0.0,-0.008090674946978346,0.595440007418917
2026-04-01,0.0,-0.03582270629612659,0.33860349458154904
2026-04-02,1.0,0.004580324341864507,0.40582289309240227
2026-04-03,1.0,0.007695387014902485,0.30307234735854544
2026-04-07,1.0,0.003802175871231109,0.28221607856726444
2026-04-08,0.0,-0.033706752804898855,0.24185938589001782
2026-04-09,0.0,-0.01081383882029569,0.2333262777644516
2026-04-10,0.0,-0.017124694546238186,0.25012794772226593
2026-04-13,0.0,-0.01331423430637557,0.20696590316646277
2026-04-14,0.0,-0.04710184265142709,0.1831351141690114
2026-04-15,0.0,-0.056807170813958065,0.12973859023121664
2026-04-16,0.0,-0.06010309038587746,0.15076267580934127
2026-04-17,0.0,-0.0688221113191916,0.16194177962960862
2026-04-20,0.0,-0.06078933356827975,0.19166828310840567
2026-04-21,0.0,-0.05709017930776769,0.09223095367857413
2026-04-22,0.0,-0.051423455136258775,0.15162152747777596
2026-04-23,0.0,-0.04429094562038071,0.1284674367556309
2026-04-24,0.0,-0.04819157577405289,0.1664569651998818
2026-04-27,0.0,-0.07825644793786865,0.13720458004652428
2026-04-28,0.0,-0.0325159145414224,0.09865179813547548
2026-04-29,0.0,-0.028366289075074862,0.09881204207936017
2026-04-30,0.0,-0.025435911246045495,0.1477667604315607
2026-05-06,0.0,-0.0512687311022918,0.09514699141553175
2026-05-07,0.0,-0.06246953767494463,0.06802769157004628
2026-05-08,0.0,-0.06383115000591798,0.08300642807302241
2026-05-11,0.0,-0.08598488273104454,0.21551892828918048
2026-05-12,0.0,-0.08408924834947192,0.1995410384424095
2026-05-13,0.0,-0.11422335648185057,0.1639540626706435
2026-05-14,0.0,-0.14010193800706147,0.13342799227520125
2026-05-15,0.0,-0.09690247812168302,0.2992000530505646
2026-05-18,0.0,-0.06280367957633434,0.32490431113297036
2026-05-19,0.0,-0.0596272002806839,0.30004566910895397
2026-05-20,0.0,-0.04254193904818705,0.8146484109760506
2026-05-21,0.0,-0.05676149275745816,0.2992001867662365
2026-05-22,0.0,-0.08005277477073942,0.28420878724810733
2026-05-25,0.0,-0.10639572972232614,0.2494940326311297
2026-05-26,0.0,-0.10475768232298212,0.27521337482196095
2026-05-27,0.0,-0.12038921866835593,0.34088674536282276
2026-05-28,0.0,-0.08449680257057388,0.48618301654259494
2026-05-29,0.0,-0.10731647352014125,0.4686708343858508
2026-06-01,0.0,-0.10986897012205561,0.3383747993914758
2026-06-02,0.0,-0.13002452646327617,0.3667505324205865
2026-06-03,0.0,-0.09260577107632781,0.34532976288167133
2026-06-04,0.0,-0.07046643962981436,0.35360136481934257
2026-06-05,0.0,-0.07038571624851736,0.32100820255746065
2026-06-08,0.0,-0.04165372784726748,0.586637765318971
2026-06-09,0.0,-0.04788459358228442,0.4082825022485135
2026-06-10,0.0,-0.022506972559384348,0.7161336536111839
2026-06-11,1.0,0.003279532650347032,0.7721717916943259
2026-06-12,0.0,-0.028574008356310243,0.6419222756251192
2026-06-15,0.0,-0.06453426102352802,0.5606374512664963
2026-06-16,0.0,-0.06767245309698339,0.3252350920567902
2026-06-17,0.0,-0.07001299900797923,0.25136233004804637
2026-06-18,0.0,-0.07094734597908572,0.3205278808154322
2026-06-22,0.0,-0.04766528994515969,0.8086805366378881
2026-06-23,0.0,-0.009219336261661607,0.8952265268508939
2026-06-24,1.0,0.0034759393286091116,0.9035477523905954
2026-06-25,1.0,0.030582594367646942,0.9350193403708058
2026-06-26,0.0,-0.0024029754036595553,0.919063579452084
2026-06-29,1.0,0.004938725074490374,0.8783026782627653
2026-06-30,1.0,0.004370626430466873,0.9209011718005057
2026-07-01,1.0,0.016396987701281635,0.916454859238387
2026-07-02,0.0,-0.010451208522586948,0.910925876767658
2026-07-03,0.0,-0.02567235505412695,0.8601399181620187
2026-07-06,0.0,-0.023607083596706418,0.8037038236022993
2026-07-07,0.0,-0.01930527379060328,0.773792409751921
2026-07-08,1.0,0.008427326011935916,0.8677930297182264
2026-07-09,1.0,0.03071839112444145,0.8318816877251258
2026-07-10,1.0,0.04232386189844704,0.7549003098263941
2026-07-13,1.0,0.06791622224633935,0.8447161108843557
2026-07-14,1.0,0.0761815063256983,0.8952376605954122
2026-07-15,1.0,0.08537575610790044,0.8442493201194771
