date,up,fret,p
2011-05-26,1.0,0.18838471565684267,0.7760685191373515
2011-05-27,1.0,0.21162696334331726,0.8574992287686983
2011-05-30,1.0,0.2037447361805164,0.8414595534382585
2011-05-31,1.0,0.17418462817905725,0.7833152276472596
2011-06-01,1.0,0.1352345048535459,0.9419648741332889
2011-06-02,1.0,0.1384373713933772,0.8764907887098792
2011-06-03,1.0,0.1654003230643053,0.9401232034034981
2011-06-07,1.0,0.14732471475685852,0.9068133426281385
2011-06-08,1.0,0.17219389417407008,0.9677481408760196
2011-06-09,1.0,0.1653284586956965,0.9883636605300011
2011-06-10,1.0,0.17335963174153593,0.9834066836756662
2011-06-13,1.0,0.2040615434303606,0.9884658983405541
2011-06-14,1.0,0.22026975924939723,0.9959087670825035
2011-06-15,1.0,0.17724337149520422,0.9975979419285167
2011-06-16,1.0,0.1828976389277742,0.9937448211029416
2011-06-17,1.0,0.20082236128254605,0.9954702809273969
2011-06-20,1.0,0.1672894352886521,0.9834693554568291
2011-06-21,1.0,0.1633604414378727,0.9723190219475205
2011-06-22,1.0,0.15630100809205863,0.9798398858376127
2011-06-23,1.0,0.13072823363090236,0.9715249033185737
2011-06-24,1.0,0.17642812247748116,0.9028216436064638
2011-06-27,1.0,0.16879095005854935,0.9992838656379882
2011-06-28,1.0,0.18394334025726844,0.9996192071634374
2011-06-29,1.0,0.15736647500483017,0.9994663848803184
2011-06-30,1.0,0.13957648731080424,0.9996547062358795
2011-07-01,1.0,0.0922733264512871,0.9998934351264864
2011-07-04,1.0,0.09032904955659331,0.9998983119998446
2011-07-05,1.0,0.09205102775044002,0.9999737993551294
2011-07-06,1.0,0.05688635538256204,0.9992321937614027
2011-07-07,1.0,0.057285320371719975,0.9935178910711923
2011-07-08,1.0,0.0679417433082294,0.9935728366662351
2011-07-11,1.0,0.07211977406078579,0.9473696961516423
2011-07-12,1.0,0.0740658331326495,0.9400249065508521
2011-07-13,1.0,0.05873203711714078,0.7367223604014302
2011-07-14,1.0,0.04860670271351909,0.5039298219626673
2011-07-15,1.0,0.056983999123645754,0.7763204038641685
2011-07-18,1.0,0.031179893349042895,0.3038948694108752
2011-07-19,1.0,0.01900358094273765,0.26778850789924413
2011-07-20,1.0,0.008104040617096834,0.7545271798769644
2011-07-21,1.0,0.005383593083472679,0.439228100210425
2011-07-22,1.0,0.034234627635218555,0.8610643133097154
2011-07-25,1.0,0.014766954693540113,0.36636995829136637
2011-07-26,1.0,0.05433865108733071,0.5910610882311303
2011-07-27,1.0,0.054401760929632954,0.4013483855707659
2011-07-28,1.0,0.06561006794789064,0.5687567371162846
2011-07-29,1.0,0.05275411028433095,0.7028051749990174
2011-08-01,1.0,0.055831570066144254,0.8955297425755014
2011-08-02,1.0,0.05850839717018329,0.559875791246079
2011-08-03,1.0,0.03046094510266015,0.22561612033412884
2011-08-04,1.0,0.04638717569433079,0.13886056955761097
2011-08-05,1.0,0.05792667376908189,0.1570185537705808
2011-08-08,1.0,0.03794823286136817,0.056614509175101004
2011-08-09,1.0,0.01250221910382365,0.016931940011488615
2011-08-10,0.0,-0.004515680938117027,0.023096335358413322
2011-08-11,0.0,-0.012405510100497098,0.005081039718397419
2011-08-12,1.0,0.01196700801512152,0.005030063278266592
2011-08-15,1.0,0.009008074176486944,0.026202773843865865
2011-08-16,0.0,-0.009982531338852439,0.004136161095095828
2011-08-17,0.0,-0.01756419864873594,0.003828598954792324
2011-08-18,0.0,-0.04647630344111229,0.002545551799695863
2011-08-19,0.0,-0.08164421521446909,8.436928659739904e-05
2011-08-22,0.0,-0.12408823282964584,1.2498630291709885e-05
2011-08-23,0.0,-0.10968448713788084,7.711237578341176e-05
2011-08-24,0.0,-0.08803818144973373,5.6838334448102005e-05
2011-08-25,0.0,-0.0479239882815829,0.002625142647758989
2011-08-26,0.0,-0.04601262217663124,0.0028011950951089787
2011-08-29,0.0,-0.06626865448125138,0.00021337535348942368
2011-08-30,0.0,-0.05266551214886629,0.00021997050928560126
2011-08-31,0.0,-0.05734873927380358,8.434780326201712e-05
2011-09-01,0.0,-0.04703005603785822,6.997516793491242e-05
2011-09-02,0.0,-0.06021813640169722,1.72045287216072e-05
2011-09-05,0.0,-0.10192442770965522,5.012436094145803e-06
2011-09-06,0.0,-0.1039418864335267,3.703217020849168e-07
2011-09-07,0.0,-0.056546600228353935,6.628253794577194e-06
2011-09-08,0.0,-0.08363773096836837,5.695324381975637e-07
2011-09-09,0.0,-0.11259449016244441,8.686096211559312e-07
2011-09-13,0.0,-0.10850870804886872,5.000762561864334e-06
2011-09-14,0.0,-0.11411243538480259,1.1404302785245476e-05
2011-09-15,0.0,-0.1527891246945857,1.1553221830655996e-05
2011-09-16,0.0,-0.10724192085308294,0.0001482953773705973
2011-09-19,0.0,-0.1405599852934583,1.2726273142420228e-05
2011-09-20,0.0,-0.11207134160475339,7.182249897190712e-05
2011-09-21,0.0,-0.11488213008376,4.679295178140631e-05
2011-09-22,0.0,-0.10173112055630062,0.00022739435817712258
2011-09-23,0.0,-0.08766590306061582,0.0006042797789738375
2011-09-26,0.0,-0.0436053481878627,0.09932271342122366
2011-09-27,0.0,-0.0455693140375639,0.1659875848127294
2011-09-28,0.0,-0.05131642941514012,0.7106981574874124
2011-09-29,0.0,-0.05865693887281881,0.8353288156425089
2011-09-30,0.0,-0.05759830941965844,0.8427205728856487
2011-10-10,0.0,-0.04285109856520411,0.6456108502893877
2011-10-11,0.0,-0.04125208728596622,0.566836701421716
2011-10-12,0.0,-0.03946178248725756,0.31277097599125553
2011-10-13,0.0,-0.04765057934539011,0.6302401319214517
2011-10-14,0.0,-0.040961659661267025,0.6371528004078586
2011-10-17,0.0,-0.032626696164374774,0.5325226646732547
2011-10-18,0.0,-0.01773601984966633,0.8378307558759025
2011-10-19,0.0,-0.011430046024566392,0.9267535509557098
2011-10-20,1.0,0.005595215291304945,0.992681697080239
2011-10-21,1.0,0.013392395950715836,0.9932811504732787
2011-10-24,0.0,-0.008966033460333514,0.9884391798128875
2011-10-25,0.0,-0.0012320691517199566,0.99668886701776
2011-10-26,0.0,-0.042012203865632244,0.6736275367127786
2011-10-27,0.0,-0.006293677727859995,0.6187144593203177
2011-10-28,0.0,-0.008163310639160981,0.34923218166032105
2011-10-31,1.0,0.004103643846155433,0.6254683151993911
2011-11-01,1.0,0.011783082065805132,0.39870303562866866
2011-11-02,1.0,0.007783011935546348,0.5136397802647559
2011-11-03,0.0,-0.007472085067368081,0.5548109633973486
2011-11-04,0.0,-0.026307732729524275,0.11821964354424896
2011-11-07,0.0,-0.019218047784672516,0.013756811882509082
2011-11-08,0.0,-0.03620067054729009,0.016291696555994016
2011-11-09,0.0,-0.03866503954818763,0.01812221305188033
2011-11-10,0.0,-0.02129979080164034,0.13602312381228707
2011-11-11,0.0,-0.0353373840155834,0.08140611272670449
2011-11-14,0.0,-0.04219988515851497,0.03323504519864486
2011-11-15,0.0,-0.03561705815407681,0.06236382665190077
2011-11-16,0.0,-0.02647607732864214,0.14872294230982758
2011-11-17,0.0,-0.025538290842640785,0.12237725178001026
2011-11-18,1.0,0.0057251795667714565,0.4188163053606384
2011-11-21,1.0,0.012669954437982132,0.565778761904325
2011-11-22,1.0,0.044854362544289664,0.6280338080934521
2011-11-23,1.0,0.031493145720777736,0.9478460665797674
2011-11-24,1.0,0.03410221961391822,0.9444438700250517
2011-11-25,1.0,0.04334694268217876,0.982861335076471
2011-11-28,1.0,0.03768549740930545,0.9300052854915787
2011-11-29,0.0,-0.007972026390300986,0.9712900001670699
2011-11-30,0.0,-0.007702293332638211,0.935989798244545
2011-12-01,0.0,-0.028766358647756427,0.8613064209873045
2011-12-02,0.0,-0.03485660744224316,0.5747169309053423
2011-12-05,0.0,-0.05050770694468749,0.7161588146618667
2011-12-06,0.0,-0.023346247907500825,0.9529754038337296
2011-12-07,0.0,-0.024322835641645325,0.915961709710636
2011-12-08,0.0,-0.0281102040400553,0.9327846267421401
2011-12-09,0.0,-0.010874338091711845,0.9825875843723922
2011-12-12,0.0,-0.016183980749836218,0.9951919440066161
2011-12-13,0.0,-0.006794507838319196,0.9996090448118105
2011-12-14,1.0,0.009347929415830755,0.9999368326489215
2011-12-15,1.0,0.05607198018401746,0.9999970862221648
2011-12-16,1.0,0.02943769413173141,0.9999910705153057
2011-12-19,1.0,0.03061754325430769,0.9999982608555785
2011-12-20,1.0,0.024833159168848443,0.9999928570521086
2011-12-21,1.0,0.008128794630170555,0.9999761468358129
2011-12-22,1.0,0.02757913270363907,0.999987026297035
2011-12-23,1.0,0.04409958603739403,0.9999894519477572
2011-12-26,1.0,0.044920503346517815,0.9999991826726923
2011-12-27,1.0,0.04125472434730227,0.9999993044273465
2011-12-28,1.0,0.04823476287773194,0.9999995885380327
2011-12-29,1.0,0.052940670894658655,0.9999996390503618
2011-12-30,1.0,0.04573711416219422,0.9999997956622637
2012-01-04,1.0,0.02748319785650145,0.9999975874505576
2012-01-05,1.0,0.01690702797102544,0.9999860578164412
2012-01-06,1.0,0.018925385485686185,0.9999908908499082
2012-01-09,1.0,0.027178020403381898,0.999992945939488
2012-01-10,1.0,0.03088476412311808,0.9999935785542451
2012-01-11,0.0,-0.0011904763310747021,0.9999941168721063
2012-01-12,0.0,-0.002019962664015329,0.9999955779352333
2012-01-13,1.0,0.005362101988649772,0.9999965984940213
2012-01-16,1.0,0.0025032048115813986,0.9999956437746012
2012-01-17,0.0,-0.010265299366279847,0.9999848639677431
2012-01-18,0.0,-0.008123858720697177,0.9999965678396155
2012-01-19,0.0,-0.01666384585370044,0.999989910555525
2012-01-20,0.0,-0.009973890337923239,0.9999923808903955
2012-01-30,0.0,-0.043928131959029317,0.9990947602806269
2012-01-31,0.0,-0.04847755459511897,0.997185828953676
2012-02-01,0.0,-0.046005049677820674,0.9988842512065721
2012-02-02,0.0,-0.06038469712011512,0.9952407762933061
2012-02-03,0.0,-0.06933555148695775,0.9945200127990691
2012-02-06,0.0,-0.05237681095905589,0.998765246147483
2012-02-07,0.0,-0.055506654574535054,0.9996648874858912
2012-02-08,0.0,-0.09296154482815147,0.9971744448673531
2012-02-09,0.0,-0.084247655381174,0.9982493507903273
2012-02-10,0.0,-0.08551408187402214,0.999036828015629
2012-02-13,0.0,-0.08790911258941504,0.9993768361548266
2012-02-14,0.0,-0.09388099888666307,0.9998561217004502
2012-02-15,0.0,-0.1148449685900228,0.9996752976881931
2012-02-16,0.0,-0.0971247723614034,0.9998495215374973
2012-02-17,0.0,-0.08919038061032353,0.999613755741077
2012-02-20,0.0,-0.07695425632325362,0.9990264889700758
2012-02-21,0.0,-0.08915351925921686,0.9982391001980846
2012-02-22,0.0,-0.11276382895638398,0.9963651192662037
2012-02-23,0.0,-0.12031043440391434,0.9741900378372684
2012-02-24,0.0,-0.11853560322448163,0.9810767076622668
2012-02-27,0.0,-0.10078370804946787,0.9703543093678482
2012-02-28,0.0,-0.10586729966351288,0.9659334214309228
2012-02-29,0.0,-0.1313287873401703,0.9680843353840489
2012-03-01,0.0,-0.07979499897769463,0.9975235645089753
2012-03-02,0.0,-0.0828260196094365,0.999569878138831
2012-03-05,0.0,-0.03842749535278288,0.9997943173596091
2012-03-06,0.0,-0.036414641169484195,0.999899707667188
2012-03-07,0.0,-0.014550970251425467,0.9999790595083705
2012-03-08,0.0,-0.029178734608141726,0.9999559979105973
2012-03-09,0.0,-0.06764397949865393,0.9999417471241085
2012-03-12,0.0,-0.05344952497045995,0.9999250026959726
2012-03-13,0.0,-0.05685888268012285,0.9999002722235917
2012-03-14,0.0,-0.026084952018447148,0.9999841763769535
2012-03-15,0.0,-0.011177963383799975,0.9999969285519921
2012-03-16,0.0,-0.01609597446378907,0.9999942473103746
2012-03-19,0.0,-0.02200498029841848,0.9999984163237656
2012-03-20,0.0,-0.008961218390168743,0.9999995454499736
2012-03-21,0.0,-0.015206589800412196,0.9999990368132705
2012-03-22,0.0,-0.02349950232713896,0.9999997319581803
2012-03-23,0.0,-0.03651153672841784,0.9999998731349694
2012-03-26,0.0,-0.04158279405692813,0.9999993714937425
2012-03-27,0.0,-0.06418389206814804,0.9999967466843992
2012-03-28,0.0,-0.05092597532839875,0.9999975393924675
2012-03-29,0.0,-0.046541026112819135,0.9999996898621204
2012-03-30,0.0,-0.036215239994705314,0.9999996645810637
2012-04-05,0.0,-0.004361499446760573,0.9999999924821535
2012-04-06,0.0,-0.0032948958968524265,0.9999999968527271
2012-04-09,0.0,-0.007818368135901518,0.9999999980481704
2012-04-10,0.0,-0.02101244624062895,0.9999999972162028
2012-04-11,0.0,-0.03864403562360369,0.9999999933649564
2012-04-12,0.0,-0.03630217129299103,0.9999999927566965
2012-04-13,0.0,-0.04941787850703895,0.9999999779753908
2012-04-16,0.0,-0.033614065534640185,0.9999999984476557
2012-04-17,0.0,-0.029726821113581457,0.9999999985195249
2012-04-18,0.0,-0.02889542839720873,0.999999997446388
2012-04-19,0.0,-0.019080247720365314,0.9999999986311199
2012-04-20,0.0,-0.027645973335612323,0.9999999991590895
2012-04-23,0.0,-0.027036012932930408,0.9999999987824895
2012-04-24,0.0,-0.022791719343873102,0.9999999994998667
2012-04-25,0.0,-0.030348822732410304,0.9999999989823443
2012-04-26,0.0,-0.03470470022427803,0.9999999798075565
2012-04-27,0.0,-0.03223905106355993,0.999999978723001
2012-05-02,0.0,-0.015707519346263035,0.9999999532621251
2012-05-03,0.0,-0.0018771514532846321,0.999999983756577
2012-05-04,0.0,-0.0003288441159064305,0.9999999899952788
2012-05-07,1.0,0.0008347245893687421,0.9999999961799806
2012-05-08,1.0,0.0015875158715884154,0.9999999967445654
2012-05-09,1.0,0.016946206349102856,0.9999999992579705
2012-05-10,1.0,0.010514382578928092,0.99999999705642
2012-05-11,1.0,0.02660492352066064,0.9999999986454111
2012-05-14,1.0,0.0328707419443734,0.9999999992524371
2012-05-15,1.0,0.041881293413652036,0.9999999998132851
2012-05-16,1.0,0.06426576680490963,0.9999999999795923
2012-05-17,1.0,0.048020998974992075,0.9999999999137903
2012-05-18,1.0,0.038930296427045444,0.9999999998318798
2012-05-21,1.0,0.019651155368936635,0.999999998810871
2012-05-22,1.0,0.01794658243068658,0.9999999991306179
2012-05-23,1.0,0.035877599381691515,0.9999999998666376
2012-05-24,1.0,0.04227955031340379,0.9999999999135851
2012-05-25,1.0,0.04077475028870474,0.9999999998986995
2012-05-28,1.0,0.030156679349507068,0.9999999995070132
2012-05-29,1.0,0.04217039377699426,0.9999999995537976
2012-05-30,1.0,0.07852647284323236,0.9999999998536253
2012-05-31,1.0,0.06528321282612055,0.9999999999114051
2012-06-01,1.0,0.07175177285484964,0.9999999999080871
2012-06-04,1.0,0.02398973012560801,0.9999999995220215
2012-06-05,1.0,0.03277438637676921,0.9999999976758145
2012-06-06,1.0,0.020685421177451063,0.9999999941059916
2012-06-07,1.0,0.02563221926296788,0.9999999992758177
2012-06-08,1.0,0.07349446508409524,0.9534651199679004
2012-06-11,1.0,0.06015192453456131,0.9291561949778009
2012-06-12,1.0,0.06434053601626785,0.9508176453818135
2012-06-13,1.0,0.058393703204942526,0.8877877499529809
2012-06-14,1.0,0.04684560143677913,0.8720071631053173
2012-06-15,1.0,0.06626888801027116,0.7972347092953407
2012-06-18,1.0,0.07027540700739102,0.8044476693706929
2012-06-19,1.0,0.0646037202043161,0.7550254427073001
2012-06-20,1.0,0.06568295283492936,0.8479672573797739
2012-06-21,1.0,0.10090095917021981,0.9176704066925907
2012-06-25,1.0,0.11405782043574074,0.9760495172933771
2012-06-26,1.0,0.10163071757590615,0.9773909854948586
2012-06-27,1.0,0.11922766254694779,0.9842364540917183
2012-06-28,1.0,0.10639873002253622,0.9885903964684001
2012-06-29,1.0,0.11393051071548807,0.9861876200785753
2012-07-02,1.0,0.09311886927322002,0.956397194641685
2012-07-03,1.0,0.08416868644534205,0.8557533066129954
2012-07-04,1.0,0.07944708616645829,0.8403010616854696
2012-07-05,1.0,0.0764227607900633,0.7794456109268016
2012-07-06,1.0,0.10033262123485485,0.8712840492213921
2012-07-09,1.0,0.10027572255351978,0.9672636977168504
2012-07-10,1.0,0.10021439145405983,0.9723508412030517
2012-07-11,1.0,0.09764916675322947,0.9553318243545621
2012-07-12,1.0,0.10195157043970277,0.9762039437716316
2012-07-13,1.0,0.09768833528266947,0.9535047384347453
2012-07-16,1.0,0.0743230037305255,0.9191723297498753
2012-07-17,1.0,0.07019346101140513,0.9154166486211543
2012-07-18,1.0,0.08119660502481274,0.9341398144378491
2012-07-19,1.0,0.08078825061970867,0.9559696915223815
2012-07-20,1.0,0.07120518079481411,0.9554811016552336
2012-07-23,1.0,0.07083286604293937,0.9658296540508674
2012-07-24,1.0,0.06864569535284437,0.9649283833504557
2012-07-25,1.0,0.05873143949204963,0.9482846303588475
2012-07-26,1.0,0.04355797433912994,0.5315474054667665
2012-07-27,1.0,0.02851876355917683,0.3052066841044404
2012-07-30,1.0,0.03847869200326991,0.23479744274056336
2012-07-31,1.0,0.034270992929786435,0.17269372969934044
2012-08-01,1.0,0.03860236548056528,0.27887779056226747
2012-08-02,1.0,0.0600636996172552,0.6466339695688259
2012-08-03,1.0,0.05327707648901627,0.8379295018888866
2012-08-06,1.0,0.027027070303928567,0.6684572440332851
2012-08-07,1.0,0.030168467549530658,0.6298852557641715
2012-08-08,1.0,0.05678413107163482,0.7492291956910381
2012-08-09,1.0,0.046310919972866085,0.6788776571820764
2012-08-10,1.0,0.05968018160893784,0.8026008268565119
2012-08-13,1.0,0.0516176272392114,0.4736477930694071
2012-08-14,1.0,0.05106424681276928,0.7869664257706757
2012-08-15,1.0,0.06213869383149482,0.9618090959257015
2012-08-16,1.0,0.05723712742553545,0.9697702018773071
2012-08-17,1.0,0.03996264184634467,0.8070704209560332
2012-08-20,1.0,0.04720743647128887,0.8055292421822363
2012-08-21,1.0,0.04920213861585481,0.7516821584087489
2012-08-22,1.0,0.034819093219552025,0.7253102431619479
2012-08-23,1.0,0.01903783361853797,0.5306111834202166
2012-08-24,1.0,0.02494794928785036,0.7883080187244245
2012-08-27,1.0,0.029001549246177878,0.6478044768152678
2012-08-28,1.0,0.0363562178609653,0.46416929461948014
2012-08-29,1.0,0.024812615272928374,0.3386519857897617
2012-08-30,1.0,0.018866851279391837,0.5351552914641023
2012-08-31,1.0,0.02499159502258721,0.6311851694749284
2012-09-03,0.0,-0.0011730877870643386,0.5352311341416912
2012-09-04,0.0,-0.01371046008510835,0.5276450321597944
2012-09-05,0.0,-0.010593958087534078,0.5809777524480414
2012-09-06,0.0,-0.02585607985366955,0.37454753928742524
2012-09-07,0.0,-0.009570551143710635,0.554290103113167
2012-09-10,0.0,-0.031072662845132194,0.6480241216992797
2012-09-11,0.0,-0.02860699418849703,0.60360456205919
2012-09-12,0.0,-0.02667353333461983,0.7243614810793398
2012-09-13,0.0,-0.031780401629526854,0.796130000632449
2012-09-14,0.0,-0.05562774832944477,0.6976314125993717
2012-09-17,0.0,-0.05793032659077529,0.7908130673068783
2012-09-18,0.0,-0.04089453701377968,0.8535797520434281
2012-09-19,0.0,-0.06667721950240672,0.8012276998159888
2012-09-20,0.0,-0.06024477575311595,0.8897989722845704
2012-09-21,0.0,-0.0793738266498581,0.8475640908680409
2012-09-24,0.0,-0.06099783095935668,0.9673982635736406
2012-09-25,0.0,-0.06769522842567743,0.9848899244075413
2012-09-26,0.0,-0.06728017994798709,0.9861567353543296
2012-09-27,0.0,-0.06403722673315408,0.9880030958242073
2012-09-28,0.0,-0.07462165421267193,0.9755405006732519
2012-10-08,0.0,-0.0601318410446238,0.9789852922894272
2012-10-09,0.0,-0.07148353279940345,0.9861976220339622
2012-10-10,0.0,-0.06021099578755183,0.9972905693205223
2012-10-11,0.0,-0.06616595139155491,0.997816943959114
2012-10-12,0.0,-0.059021517975777864,0.9962594789232398
2012-10-15,0.0,-0.04477778353917999,0.9968584803723032
2012-10-16,0.0,-0.03516909212931331,0.9982588082146003
2012-10-17,0.0,-0.041579750541464,0.9980900745040168
2012-10-18,0.0,-0.03900632548313627,0.9977600263068462
2012-10-19,0.0,-0.02350612420771662,0.9982358968810567
2012-10-22,0.0,-0.021947804089299215,0.9989443415944229
2012-10-23,0.0,-0.015620364288056436,0.9992324814441225
2012-10-24,0.0,-0.009372898981135231,0.9994041786444416
2012-10-25,0.0,-0.006347395806091107,0.9996639546551671
2012-10-26,0.0,-0.0005508763421952398,0.99982848180349
2012-10-29,0.0,-0.01694513198775661,0.9996627263577675
2012-10-30,0.0,-0.020891678978188166,0.9996379761379253
2012-10-31,0.0,-0.025667113235949727,0.9997399687197446
2012-11-01,0.0,-0.03742459985818935,0.9987945151721381
2012-11-02,0.0,-0.024441135159145463,0.9984690568177353
2012-11-05,0.0,-0.0021073589722462897,0.9994883164503993
2012-11-06,0.0,-0.015324735496655108,0.9995233919847855
2012-11-07,0.0,-0.03418765901099516,0.9954700422533092
2012-11-08,0.0,-0.02550208236058187,0.9968854522510779
2012-11-09,0.0,-0.03943735533571546,0.9906683981542309
2012-11-12,0.0,-0.03476735766053735,0.994712195254589
2012-11-13,0.0,-0.030148684036153752,0.996036798057766
2012-11-14,0.0,-0.06634502162033422,0.9953654607916311
2012-11-15,0.0,-0.06322408289903673,0.9972747897050949
2012-11-16,0.0,-0.05896208426576521,0.9980067805757594
2012-11-19,0.0,-0.09078339622343186,0.9972336909766338
2012-11-20,0.0,-0.0854453388609469,0.9981197276667895
2012-11-21,0.0,-0.08148498368287986,0.99942870134001
2012-11-22,0.0,-0.08303891141310427,0.9995775876800672
2012-11-23,0.0,-0.07459552434669946,0.9994741590261426
2012-11-26,0.0,-0.08913585479880573,0.9982281615881147
2012-11-27,0.0,-0.09851260964385997,0.9979430292837903
2012-11-28,0.0,-0.09351609303770392,0.9986033538661595
2012-11-29,0.0,-0.07859818299096932,0.9996931365588634
2012-11-30,0.0,-0.08828255703275643,0.9995073217083089
2012-12-03,0.0,-0.07812404180861184,0.9998380976972157
2012-12-04,0.0,-0.07270420399652006,0.9999169044168827
2012-12-05,0.0,-0.07094918928189964,0.9999138220958967
2012-12-06,0.0,-0.06458508799594646,0.9999678830029333
2012-12-07,0.0,-0.06557868303430062,0.9999238370747914
2012-12-10,0.0,-0.07260506288978912,0.9999254919529248
2012-12-11,0.0,-0.06998151450602862,0.9982962995947794
2012-12-12,0.0,-0.07216068929824901,0.997824592641236
2012-12-13,0.0,-0.05744661376059935,0.9991142043269055
2012-12-14,0.0,-0.05519688669085798,0.9991292141900093
2012-12-17,0.0,-0.05317908876066802,0.9992778293991539
2012-12-18,0.0,-0.062481354986655635,0.9984175389031835
2012-12-19,0.0,-0.04873458415540564,0.9993839265900437
2012-12-20,0.0,-0.048677187807047946,0.9993763288557204
2012-12-21,0.0,-0.039313596723792435,0.9997880775403366
2012-12-24,0.0,-0.04152199251896725,0.9994254267013527
2012-12-25,0.0,-0.04175030056448052,0.9994205894836496
2012-12-26,0.0,-0.043619489731244396,0.9993051076040252
2012-12-27,0.0,-0.04301771024089204,0.9992777254890964
2012-12-28,0.0,-0.0700884849293179,0.9992629676706586
2012-12-31,0.0,-0.0636984145179982,0.9985738492764873
2013-01-04,0.0,-0.05498135995629078,0.9994891174583183
2013-01-07,0.0,-0.055540312984107644,0.998974065602443
2013-01-08,0.0,-0.06818028332787808,0.9990055937857629
2013-01-09,0.0,-0.07599133580694294,0.9982334472527048
2013-01-10,0.0,-0.1248462765046577,0.99758736186093
2013-01-11,0.0,-0.2112487884019359,0.9973941244179545
2013-01-14,0.0,-0.21287618304215394,0.9969697055015696
2013-01-15,0.0,-0.21198573273026233,0.9978076746642446
2013-01-16,0.0,-0.1962876255297746,0.9960220499813445
2013-01-17,0.0,-0.19185619549620034,0.9963340546379087
2013-01-18,0.0,-0.19491357529738734,0.9973090790608741
2013-01-21,0.0,-0.1831124292372198,0.9966497345425233
2013-01-22,0.0,-0.17390555138966565,0.995400782370989
2013-01-23,0.0,-0.1521274579661904,0.9952591885291701
2013-01-24,0.0,-0.1610413860787745,0.9980756090570546
2013-01-25,0.0,-0.14087547008532939,0.99808770505208
2013-01-28,0.0,-0.1403456208218562,0.9988653635954484
2013-01-29,0.0,-0.15639462065485996,0.9986295084913883
2013-01-30,0.0,-0.15666242267924965,0.9981618372313273
2013-01-31,0.0,-0.15303303136018037,0.9980797368284471
2013-02-01,0.0,-0.1496431818070621,0.9989311900468236
2013-02-04,0.0,-0.1753898816454041,0.9994462667753398
2013-02-05,0.0,-0.17729690446892934,0.9990192907145583
2013-02-06,0.0,-0.19011524998296403,0.9991609132437256
2013-02-07,0.0,-0.2057525654009463,0.9989082065653155
2013-02-08,0.0,-0.2149753543910921,0.9984191192968914
2013-02-18,0.0,-0.20179672679309701,0.9683147633422897
2013-02-19,0.0,-0.16523606761847548,0.941470837556566
2013-02-20,0.0,-0.16525669743052038,0.9137474622313402
2013-02-21,0.0,-0.1497087044776818,0.9909601425203199
2013-02-22,0.0,-0.15281544272704056,0.9789707916361758
2013-02-25,0.0,-0.14850888698445608,0.9811832456027504
2013-02-26,0.0,-0.153206198810925,0.9814420360309953
2013-02-27,0.0,-0.16761118233734856,0.9734176125249497
2013-02-28,0.0,-0.14664217463113016,0.971793688115945
2013-03-01,0.0,-0.13050286656054014,0.985849484071423
2013-03-04,0.0,-0.14321531905720275,0.9803957175167397
2013-03-05,0.0,-0.1398268654953868,0.9427957733477319
2013-03-06,0.0,-0.13857442450422958,0.9382260447761477
2013-03-07,0.0,-0.14655948653122172,0.8794343165450674
2013-03-08,0.0,-0.13110669685485404,0.8824609837582301
2013-03-11,0.0,-0.14836299490723331,0.8234483535212314
2013-03-12,0.0,-0.15033422624834025,0.7360044513985253
2013-03-13,0.0,-0.1555598333855787,0.6631426975394202
2013-03-14,0.0,-0.15720534832130606,0.7344437847530311
2013-03-15,0.0,-0.1664513651183495,0.7307695154337238
2013-03-18,0.0,-0.19436753993717845,0.8357290060241618
2013-03-19,0.0,-0.22039964481685925,0.701276071805766
2013-03-20,0.0,-0.24090622695347416,0.6662496644858861
2013-03-21,0.0,-0.23457083714706092,0.7344385764529221
2013-03-22,0.0,-0.26225701682492114,0.6611375212163234
2013-03-25,0.0,-0.2621492866554443,0.40258584502256545
2013-03-26,0.0,-0.2861530123204205,0.41488871957202667
2013-03-27,0.0,-0.24654430898508722,0.24010412811366405
2013-03-28,0.0,-0.2434385620639439,0.20422205831684376
2013-03-29,0.0,-0.24822752970372305,0.18172768936061087
2013-04-01,0.0,-0.2424238368825626,0.257057126694042
2013-04-02,0.0,-0.2532623904942054,0.2865668120382777
2013-04-03,0.0,-0.2513731557470813,0.9046620570915216
2013-04-08,0.0,-0.231327848799144,0.8532307484991585
2013-04-09,0.0,-0.2361901486068289,0.7036326172575431
2013-04-10,0.0,-0.20995995594690867,0.6127892833918556
2013-04-11,0.0,-0.20104190055722632,0.8887677314093329
2013-04-12,0.0,-0.19354523449687558,0.8532871099330803
2013-04-15,0.0,-0.1455071806273705,0.3680634419410408
2013-04-16,0.0,-0.06359822957792934,0.23322079460069794
2013-04-17,0.0,-0.06957986467027033,0.32081972343313125
2013-04-18,0.0,-0.06451434757136452,0.1075810032997134
2013-04-19,0.0,-0.06600386138228237,0.048209018639106135
2013-04-22,0.0,-0.06013835873853342,0.05881015060334804
2013-04-23,0.0,-0.05648799515602814,0.04989969115152713
2013-04-24,0.0,-0.08156515237873115,0.016948871229707615
2013-04-25,0.0,-0.08796679356908486,0.005007553710624729
2013-04-26,0.0,-0.11757201622071038,0.0031402707621298286
2013-05-02,0.0,-0.0989261975197388,0.0029954514685228383
2013-05-03,0.0,-0.10524392367884637,0.0007279710954355716
2013-05-06,0.0,-0.11003647332904791,0.0004889515258379394
2013-05-07,0.0,-0.12034684081320395,0.0010532623600264571
2013-05-08,0.0,-0.1007509366211925,0.0006448716947495588
2013-05-09,0.0,-0.12502657291043284,0.0005212275031500702
2013-05-10,0.0,-0.12981500692902345,0.0002233076501490834
2013-05-13,0.0,-0.10064970842109724,0.002622298848156905
2013-05-14,0.0,-0.09044967007425359,0.007681722448084266
2013-05-15,0.0,-0.05758430822458032,0.025690336583453276
2013-05-16,0.0,-0.038588229339593966,0.04802458624383989
2013-05-17,0.0,-0.041979777404684046,0.1494551533772978
2013-05-20,0.0,-0.0053948600755051,0.15185930450632612
2013-05-21,0.0,-0.02741984426147357,0.11054776671889623
2013-05-22,0.0,-0.015394370433004192,0.05022925331086576
2013-05-23,0.0,-0.018377295954801497,0.025150183875151604
2013-05-24,0.0,-0.018711112280014392,0.04579897110958066
2013-05-27,0.0,-0.02527007414815093,0.019505299038096877
2013-05-28,0.0,-0.013341003016734994,0.015880570594862017
2013-05-29,1.0,0.0039207978142450795,0.012676906442216834
2013-05-30,0.0,-0.009374010509511645,0.007922728318226453
2013-05-31,1.0,0.002395126360732987,0.0038814899000493676
2013-06-03,1.0,0.005102871172460794,0.0063006267737935285
2013-06-04,0.0,-0.003954334430808207,0.01092373505905683
2013-06-05,0.0,-0.007403864499025358,0.006856673238444314
2013-06-06,0.0,-0.005066394840303273,0.005925714730023661
2013-06-07,0.0,-0.004694844304207729,0.006520574012833012
2013-06-13,0.0,-0.006273229643583445,0.017199626876988935
2013-06-14,0.0,-0.011978364636083183,0.025990467621066906
2013-06-17,0.0,-0.0028139561841791965,0.029057887307279002
2013-06-18,0.0,-0.00333926483570854,0.030629968874001958
2013-06-19,0.0,-0.00577297083590165,0.04375546428518602
2013-06-20,1.0,0.006013202305462911,0.27045149860379997
2013-06-21,1.0,0.005343524164927202,0.3787342379373127
2013-06-24,1.0,0.02745157503710448,0.77622552491923
2013-06-25,1.0,0.017107577245421775,0.6502592037110252
2013-06-26,1.0,0.036566787853699476,0.9196261213257635
2013-06-27,1.0,0.05362590108532414,0.704221590622667
2013-06-28,1.0,0.07903254280450582,0.8029360271033399
2013-07-01,1.0,0.04644797731047311,0.7238022956808083
2013-07-02,1.0,0.040570785575895676,0.5483359005857421
2013-07-03,1.0,0.04588937930195345,0.548677531620957
2013-07-04,1.0,0.05357909974948449,0.43731736298391105
2013-07-05,1.0,0.05270495172847741,0.43411041288478197
2013-07-08,1.0,0.06873533341394603,0.44553906115894487
2013-07-09,1.0,0.028598389017537213,0.08649835131205215
2013-07-10,1.0,0.02394148889829642,0.15931056162605836
2013-07-11,0.0,-0.017094433359300294,0.03133037632670747
2013-07-12,0.0,-0.011147079343174536,0.07101572112148889
2013-07-15,0.0,-0.007358669921556504,0.032683338778262426
2013-07-16,0.0,-0.01461586965663697,0.02921408754328648
2013-07-17,1.0,0.014735698653752747,0.35188379781929496
2013-07-18,1.0,0.024445447853816932,0.5532249789268233
2013-07-19,1.0,0.013446226405944886,0.4895794929987794
2013-07-22,1.0,0.0032114885446328377,0.1741728765496814
2013-07-23,0.0,-0.00188005319524339,0.21433302707175894
2013-07-24,0.0,-0.011834457647002796,0.21734540754063766
2013-07-25,1.0,0.006605667126202845,0.4146266959164182
2013-07-26,1.0,0.0013154187746607757,0.37684256158916635
2013-07-29,1.0,0.007567194641430312,0.37515467412717574
2013-07-30,0.0,-0.0009492169673321593,0.3349682551127368
2013-07-31,0.0,-0.01534847752347725,0.2723896135459403
2013-08-01,0.0,-0.006663518230770735,0.39115846603256865
2013-08-02,1.0,0.018115739203955636,0.5763258223320948
2013-08-05,0.0,-0.004200082539377764,0.4424204078569957
2013-08-06,1.0,0.015739288441820133,0.48181164915630187
2013-08-07,1.0,0.01665091712893444,0.37177368998664045
2013-08-08,0.0,-0.007388717261934406,0.30176935940907773
2013-08-09,0.0,-0.025754158434550367,0.2458137442835334
2013-08-12,0.0,-0.04851769612402006,0.18397514509108912
2013-08-13,0.0,-0.04645774719563111,0.24631393118883135
2013-08-14,0.0,-0.029428029898003107,0.30989585748793325
2013-08-15,0.0,-0.045019999820928816,0.24218548663419676
2013-08-16,0.0,-0.0714385355989487,0.11490999957628695
2013-08-19,0.0,-0.07798122631533416,0.1495796505123305
2013-08-20,0.0,-0.08640818002753825,0.178406677110242
2013-08-21,0.0,-0.09375575165793275,0.1509070529671259
2013-08-22,0.0,-0.10277324480240765,0.17316484221990142
2013-08-23,0.0,-0.09380085534951672,0.14623519964631745
2013-08-26,0.0,-0.11314920042812236,0.05896113246172118
2013-08-27,0.0,-0.1198891014539963,0.09961111597593747
2013-08-28,0.0,-0.1360222419328901,0.06064555907865198
2013-08-29,0.0,-0.11972030871625948,0.0998958523185906
2013-08-30,0.0,-0.13284322274684976,0.15364079292263
2013-09-02,0.0,-0.1285434683822407,0.14960685391961284
2013-09-03,0.0,-0.1131557895915047,0.23681135901815148
2013-09-04,0.0,-0.13124218903038826,0.20562457276376117
2013-09-05,0.0,-0.11383514264879854,0.29049125505560575
2013-09-06,0.0,-0.0941241023877827,0.33102106102769846
2013-09-09,0.0,-0.09784228461173067,0.28817477793781177
2013-09-10,0.0,-0.09509206143789375,0.2164455922776072
2013-09-11,0.0,-0.1088681463036729,0.21638866851843516
2013-09-12,0.0,-0.0887223573241925,0.23392886463675236
2013-09-13,0.0,-0.05758395052651192,0.3709800550316984
2013-09-16,0.0,-0.07223072053828491,0.21621054784470214
2013-09-17,0.0,-0.07353638025476435,0.22702140885322797
2013-09-18,0.0,-0.08847872868357942,0.30276276332874313
2013-09-23,0.0,-0.09561291196436048,0.182650616825839
2013-09-24,0.0,-0.09891720792016633,0.22135123912408694
2013-09-25,0.0,-0.09308119835670539,0.18373201194038521
2013-09-26,0.0,-0.0979139057333256,0.18262013187821297
2013-09-27,0.0,-0.08426242329647103,0.3093864129338453
2013-09-30,0.0,-0.10374128381621132,0.18063230499981797
2013-10-08,0.0,-0.10121660315415118,0.25192402486888665
2013-10-09,0.0,-0.07485280763064017,0.23260481605480374
2013-10-10,0.0,-0.056414089280091215,0.2717178094463268
2013-10-11,0.0,-0.04339462414583418,0.2721540016459325
2013-10-14,0.0,-0.032861664484001,0.35507622793554955
2013-10-15,0.0,-0.041969817881498096,0.5343114040525561
2013-10-16,0.0,-0.05390526483620242,0.3005640706991833
2013-10-17,0.0,-0.039236418027289166,0.20512699966237496
2013-10-18,0.0,-0.06170565805326711,0.1215209132544849
2013-10-21,0.0,-0.059745563540039286,0.1407956029124186
2013-10-22,0.0,-0.06523837801360009,0.16429056582207158
2013-10-23,0.0,-0.07579235426770398,0.16981998328468753
2013-10-24,0.0,-0.07723958952441898,0.1627010367021789
2013-10-25,0.0,-0.06479050551587327,0.14051393622735023
2013-10-28,0.0,-0.0717376863207574,0.11431726637149779
2013-10-29,0.0,-0.08317750647890793,0.13743053382130913
2013-10-30,0.0,-0.08205503384625368,0.13279510308131623
2013-10-31,0.0,-0.05866784808880285,0.1138236109792154
2013-11-01,0.0,-0.04791218423022422,0.10515899775917069
2013-11-04,0.0,-0.054566125284063356,0.10471358948223164
2013-11-05,0.0,-0.05596827166836744,0.12389859233528523
2013-11-06,0.0,-0.05263339222378811,0.1215982133922302
2013-11-07,0.0,-0.05419418927450946,0.1430710328680319
2013-11-08,0.0,-0.037164456962037455,0.2337434877978955
2013-11-11,0.0,-0.013755375068485344,0.2836427250404021
2013-11-12,0.0,-0.00708664383099145,0.20811614662621042
2013-11-13,1.0,0.0003944773226697263,0.25498149988194146
2013-11-14,1.0,0.005269847269517897,0.23544090406514684
2013-11-15,1.0,0.019523187017064753,0.15389063641075296
2013-11-18,1.0,0.011060557115446363,0.1377379296097343
2013-11-19,1.0,0.023998810527388226,0.1385351880019985
2013-11-20,1.0,0.017561426929947208,0.08224136439564465
2013-11-21,1.0,0.042500986234535826,0.17442867633870446
2013-11-22,1.0,0.04979468459543736,0.09604788399259791
2013-11-25,1.0,0.06726876823818116,0.14201927218638882
2013-11-26,1.0,0.05766908805200814,0.04964847109717885
2013-11-27,1.0,0.05132344468679464,0.05175879707962338
2013-11-28,1.0,0.05822320358855441,0.047038259836014194
2013-11-29,1.0,0.06797125617065297,0.01919806339303147
2013-12-02,1.0,0.05730328242767749,0.02384225311940712
2013-12-03,1.0,0.07024226053534414,0.030913951851548015
2013-12-04,1.0,0.07014890167247682,0.023813304445563347
2013-12-05,1.0,0.06877770782726346,0.01644206739404883
2013-12-06,1.0,0.06052896922656813,0.025231187574851065
2013-12-09,1.0,0.06548791834170377,0.02160469435207271
2013-12-10,1.0,0.0684176475685306,0.018918411941548707
2013-12-11,1.0,0.07185729101390025,0.027000214599827127
2013-12-12,1.0,0.07470755246547844,0.024590479668813923
2013-12-13,1.0,0.10795163996145067,0.027098022494493102
2013-12-16,1.0,0.08890852506186127,0.016435123574230787
2013-12-17,1.0,0.07625141067440801,0.017518629260590737
2013-12-18,1.0,0.07506706544819593,0.024803471884858305
2013-12-19,1.0,0.08302051811257918,0.05237371824270572
2013-12-20,1.0,0.09974376427856371,0.18399722625713386
2013-12-23,1.0,0.08285690844353902,0.13852732091917572
2013-12-24,1.0,0.08958824925861085,0.12640022388561573
2013-12-25,1.0,0.07360378292379297,0.09103321664287856
2013-12-26,1.0,0.07369225815895929,0.11466734305658255
2013-12-27,1.0,0.061871285941439924,0.09554492806882837
2013-12-30,1.0,0.06368252326420641,0.08280429544308622
2013-12-31,1.0,0.0723012329748908,0.1341385217447796
2014-01-02,1.0,0.05704477360209093,0.06257050016043889
2014-01-03,1.0,0.0458095360312942,0.07133789830049073
2014-01-06,1.0,0.05878842437436293,0.0768148000837349
2014-01-07,1.0,0.05934943826154159,0.0796677873775591
2014-01-08,1.0,0.07618597099907601,0.0639171498693545
2014-01-09,1.0,0.07486958681353753,0.0639051271519257
2014-01-10,1.0,0.0792571493368578,0.06420392074023844
2014-01-13,1.0,0.05637231207790459,0.14082053233613653
2014-01-14,1.0,0.04615293538702956,0.13759598999257952
2014-01-15,1.0,0.0519855191031819,0.21177847593126098
2014-01-16,1.0,0.049226052298382124,0.17359212499954876
2014-01-17,1.0,0.041220370128676694,0.17907880155336112
2014-01-20,1.0,0.03836737149333716,0.15533935003268237
2014-01-21,1.0,0.03768044415745033,0.18789014381569652
2014-01-22,1.0,0.04703936127107925,0.22539194081836628
2014-01-23,1.0,0.057056117282138476,0.20784991492641172
2014-01-24,1.0,0.05428980740407867,0.18569046653204624
2014-01-27,1.0,0.040629668334452064,0.14949752857618495
2014-01-28,1.0,0.04920315514232536,0.20501628490289958
2014-01-29,1.0,0.06168148469483158,0.1220150204197233
2014-01-30,1.0,0.06480315641499786,0.15661466013225805
2014-02-07,1.0,0.059701752336957174,0.11465532895056814
2014-02-10,1.0,0.03658825412270159,0.09399153917960945
2014-02-11,1.0,0.02828629043557614,0.08069359284750213
2014-02-12,1.0,0.025934962428258455,0.1214158587924738
2014-02-13,1.0,0.026657868093385956,0.11377301986853239
2014-02-14,1.0,0.015261573139220882,0.0878123024684416
2014-02-17,1.0,0.002676354111390257,0.06868554305862846
2014-02-18,1.0,0.005388773625357277,0.0985197268354434
2014-02-19,1.0,0.007490671729157659,0.092446569235351
2014-02-20,1.0,0.0057859370670439265,0.13670698366122905
2014-02-21,1.0,0.003461541917962448,0.07725645048517747
2014-02-24,0.0,-0.0017226533114461818,0.08125961734301242
2014-02-25,0.0,-0.007063119942763722,0.059018313362475976
2014-02-26,0.0,-0.01655131477210738,0.05300197311377065
2014-02-27,0.0,-0.010557733157432416,0.07217241799782724
2014-02-28,0.0,-0.028589932573887818,0.05087003468461991
2014-03-03,0.0,-0.05098613408213685,0.04725712308584102
2014-03-04,0.0,-0.04118513426199562,0.06801637269351847
2014-03-05,0.0,-0.04607676725024138,0.07248095237519478
2014-03-06,0.0,-0.044157713600913404,0.09761327114835193
2014-03-07,0.0,-0.055752776672354454,0.07504517264455764
2014-03-10,0.0,-0.03029946291790281,0.12327246780057145
2014-03-11,0.0,-0.04086944297937525,0.10199577330117103
2014-03-12,0.0,-0.055066846494087635,0.06014881114676796
2014-03-13,0.0,-0.05918887139033065,0.04433070555804318
2014-03-14,0.0,-0.06041592374381573,0.03935646849220175
2014-03-17,0.0,-0.06398851654033468,0.024410273457346764
2014-03-18,0.0,-0.040651371201838246,0.047502143401753
2014-03-19,0.0,-0.04979010350877657,0.042839025912173936
2014-03-20,0.0,-0.037711278904427055,0.09156163463240118
2014-03-21,0.0,-0.026785607493567738,0.04802475989366537
2014-03-24,1.0,0.004546323420742415,0.08326817395646752
2014-03-25,1.0,0.018415328189722788,0.10147860240540874
2014-03-26,1.0,0.014809459953572579,0.07793512315142348
2014-03-27,1.0,0.01985555875373522,0.16698924753881503
2014-03-28,1.0,0.02025675991070575,0.16303337458727996
2014-03-31,1.0,0.02598044884994525,0.18536005150869014
2014-04-01,1.0,0.02688333939344045,0.21673855624244975
2014-04-02,1.0,0.031554391503515355,0.14706450654019002
2014-04-03,1.0,0.027252758561581044,0.18767973851464156
2014-04-04,1.0,0.02771849062104848,0.15437708028978098
2014-04-08,1.0,0.013277888548407384,0.146228536585679
2014-04-09,1.0,0.0032384064876601463,0.19558498394670548
2014-04-10,1.0,0.003982935564077633,0.10594743490646057
2014-04-11,1.0,0.009660080802598362,0.14004750303272262
2014-04-14,1.0,0.0035771477473983547,0.08744732648819858
2014-04-15,1.0,0.024897551621727087,0.1632565660949287
2014-04-16,1.0,0.018713549727900177,0.1563858154986266
2014-04-17,1.0,0.014778121360551613,0.18113942253421783
2014-04-18,1.0,0.0071408196898696775,0.17570199121751182
2014-04-21,1.0,0.020085650134952015,0.1385831487332537
2014-04-22,1.0,0.021308033355765466,0.15089119513983806
2014-04-23,1.0,0.024607162386425876,0.18087708304593814
2014-04-24,1.0,0.020428538513554483,0.15750390617480148
2014-04-25,1.0,0.01210040693408727,0.10023302718311557
2014-04-28,0.0,-0.008044479313833012,0.24043601021309963
2014-04-29,0.0,-0.005593610881240952,0.3867378022499985
2014-04-30,1.0,0.002110312533774396,0.4523854142760367
2014-05-05,0.0,-0.008965248412841595,0.5285398738898698
2014-05-06,0.0,-0.01831063937080404,0.6546536661639052
2014-05-07,0.0,-0.019121041446778397,0.5742842494724304
2014-05-08,0.0,-0.014124255313542085,0.4417368518051068
2014-05-09,0.0,-0.004047418072232826,0.3226548425740251
2014-05-12,0.0,-0.006372523254768502,0.28514234530179583
2014-05-13,0.0,-0.009646997447115106,0.22410839507062255
2014-05-14,0.0,-0.0011509688590763002,0.19365885338256805
2014-05-15,1.0,0.003620775751790978,0.26671916012983404
2014-05-16,1.0,0.00019192016180200706,0.23161890427747092
2014-05-19,0.0,-0.0011487652038734818,0.21537084780075935
2014-05-20,1.0,0.004030328841033761,0.23594619392448446
2014-05-21,1.0,0.004596828627016164,0.24945957464696256
2014-05-22,1.0,0.0015313938674280428,0.2639505300143553
2014-05-23,0.0,-0.008078520565201548,0.28720424327200755
2014-05-26,0.0,-0.009637699888456848,0.2082983714692734
2014-05-27,0.0,-0.005223964670995018,0.13256901913967337
2014-05-28,0.0,-0.0023543271616353724,0.24737675791847907
2014-05-29,1.0,0.010838612361494224,0.23568536653234623
2014-05-30,1.0,0.004922723340715537,0.16739744167527826
2014-06-03,1.0,0.02242864034567334,0.07871953867771163
2014-06-04,1.0,0.017936816747445114,0.13482067217154295
2014-06-05,1.0,0.02029826317397173,0.09381247289410272
2014-06-06,1.0,0.0125418065676395,0.16889621877963384
2014-06-09,1.0,0.01276905670929177,0.187593892684813
2014-06-10,1.0,0.004542320439606277,0.14420420434163436
2014-06-11,0.0,-0.007502503108341476,0.15587962886842904
2014-06-12,0.0,-0.004939257300311469,0.12641717973123076
2014-06-13,0.0,-0.017155108675588778,0.19646909516949354
2014-06-16,0.0,-0.03251197594068071,0.2133529050008514
2014-06-17,0.0,-0.02023075741499531,0.1666810292501225
2014-06-18,0.0,-0.02723014312497633,0.13098907366479817
2014-06-19,0.0,-0.04603074044476974,0.19348599898840768
2014-06-20,0.0,-0.0739189898230074,0.1308710602912099
2014-06-23,0.0,-0.07558501312775827,0.23515464006310516
2014-06-24,0.0,-0.0720803964388222,0.22068408663291
2014-06-25,0.0,-0.07944427303465926,0.2378895620565009
2014-06-26,0.0,-0.08114686097908311,0.2870119797172598
2014-06-27,0.0,-0.09425473095215278,0.2966754339472748
2014-06-30,0.0,-0.08745930532858598,0.29111796538855
2014-07-01,0.0,-0.08646388176653698,0.34235091497156206
2014-07-02,0.0,-0.09996472543920812,0.48860242095602
2014-07-03,0.0,-0.08249669663510319,0.5214018410545721
2014-07-04,0.0,-0.08839987326577717,0.5206288253766861
2014-07-07,0.0,-0.07932976294408166,0.4779281598454182
2014-07-08,0.0,-0.08613416131893983,0.5352196037387351
2014-07-09,0.0,-0.08370949123224634,0.8291101590268705
2014-07-10,0.0,-0.09062281770182991,0.8632376990906048
2014-07-11,0.0,-0.09060813700028439,0.7801415864250983
2014-07-14,0.0,-0.07623485765212147,0.6510561334993247
2014-07-15,0.0,-0.07617643760629685,0.6652683370314328
2014-07-16,0.0,-0.056977434742540314,0.7169965173177265
2014-07-17,0.0,-0.0619160863730431,0.6648733394005962
2014-07-18,0.0,-0.06858595388215044,0.642305152355244
2014-07-21,0.0,-0.06390572987428661,0.4646328015292902
2014-07-22,0.0,-0.05954022334272694,0.5149819005882134
2014-07-23,0.0,-0.06283448827231733,0.45071934519291
2014-07-24,0.0,-0.06433341396835655,0.4014290899525037
2014-07-25,0.0,-0.061011543856471936,0.3078799171147093
2014-07-28,0.0,-0.07292931745145706,0.3993300039515319
2014-07-29,0.0,-0.07147315723751023,0.34891088125767766
2014-07-30,0.0,-0.08702887648651976,0.3733503731831233
2014-07-31,0.0,-0.1038601402825917,0.29431817686934647
2014-08-01,0.0,-0.10987402041240021,0.23945401919598835
2014-08-04,0.0,-0.11467373780449397,0.27432474323963696
2014-08-05,0.0,-0.1350269477818352,0.21588439326432685
2014-08-06,0.0,-0.1324794894133414,0.22230010080447496
2014-08-07,0.0,-0.13985791627033284,0.33212456573677057
2014-08-08,0.0,-0.12463066157827225,0.4567877956572461
2014-08-11,0.0,-0.1330106520648813,0.3830298778128108
2014-08-12,0.0,-0.11886120287672881,0.27676399512712924
2014-08-13,0.0,-0.12554628472114515,0.37961294239518667
2014-08-14,0.0,-0.13481528271415247,0.3457697416928542
2014-08-15,0.0,-0.10221999616451136,0.21173827472729484
2014-08-18,0.0,-0.09239823976519605,0.245648529910401
2014-08-19,0.0,-0.08632490831580736,0.17436922258052137
2014-08-20,0.0,-0.09538777738331926,0.14171150859772458
2014-08-21,0.0,-0.07312632880405874,0.13134180256164427
2014-08-22,0.0,-0.067705689956571,0.08027923747139105
2014-08-25,0.0,-0.06470877068452939,0.06389039567768645
2014-08-26,0.0,-0.07554570079052332,0.07121355604569783
2014-08-27,0.0,-0.07334189002530178,0.061881058831496326
2014-08-28,0.0,-0.08230498637772968,0.046587852114215775
2014-08-29,0.0,-0.1128536277654867,0.05417330154859696
2014-09-01,0.0,-0.06366701604524147,0.03957936536633006
2014-09-02,0.0,-0.057796113505027114,0.02670115648335252
2014-09-03,0.0,-0.047275259897893676,0.04376985031160448
2014-09-04,0.0,-0.04932506656250133,0.030316721233775976
2014-09-05,0.0,-0.054144568909277664,0.04429284478338932
2014-09-09,0.0,-0.031122210789931964,0.029271139810406917
2014-09-10,0.0,-0.006028957168560357,0.030076071840079176
2014-09-11,0.0,-0.011143869756638763,0.035111265024063774
2014-09-12,0.0,-0.005905729414027228,0.05056902229800415
2014-09-15,0.0,-0.0030571714425496103,0.21364839812475694
2014-09-16,0.0,-0.02402332961080825,0.2577278326561559
2014-09-17,0.0,-0.02522951991584564,0.2805531215301228
2014-09-18,0.0,-0.010699690554257547,0.3461312816900086
2014-09-19,0.0,-0.004936250253622604,0.4499422015406731
2014-09-22,1.0,0.003516396218251981,0.5112572104312201
2014-09-23,0.0,-0.013532006218576273,0.43692559467988507
2014-09-24,0.0,-0.021158225507346053,0.43733515747008095
2014-09-25,0.0,-0.01086286010859054,0.5293895971159146
2014-09-26,0.0,-0.019434144825634343,0.4023484115479527
2014-09-29,0.0,-0.005366369947466945,0.32565160133379717
2014-09-30,0.0,-0.011805045449762477,0.3000624225115461
2014-10-08,0.0,-0.002892564000291887,0.27610876502998005
2014-10-09,0.0,-0.0074059174126079414,0.3088574719653424
2014-10-10,1.0,0.005949345684106116,0.3706078490855804
2014-10-13,1.0,0.0004078303482300998,0.418653244324226
2014-10-14,0.0,-0.001634655043195406,0.32191229514835573
2014-10-15,1.0,0.007986118005230433,0.3459599560468066
2014-10-16,1.0,0.008715976937109949,0.3891422426550508
2014-10-17,1.0,0.012934699332773043,0.3287218179590804
2014-10-20,1.0,0.008507241909210449,0.31929072698999683
2014-10-21,0.0,-0.001012658314386269,0.32125397403593786
2014-10-22,1.0,0.026769477026065136,0.33468042592444347
2014-10-23,1.0,0.04724975725561926,0.3546147091813096
2014-10-24,1.0,0.05525385772706202,0.3160031820562275
2014-10-27,1.0,0.07522342123758753,0.2952753095712359
2014-10-28,1.0,0.06581321856957183,0.317109370682855
2014-10-29,1.0,0.0731961403382096,0.25268230965487715
2014-10-30,1.0,0.09412586609022673,0.40553060734330243
2014-10-31,1.0,0.10732902023049852,0.5488226689061544
2014-11-03,1.0,0.126109398283362,0.5026016927094108
2014-11-04,1.0,0.11621754359162088,0.35357023204080185
2014-11-05,1.0,0.12313944542620257,0.6101693810474313
2014-11-06,1.0,0.13712166409410673,0.47541240932753986
2014-11-07,1.0,0.13562632695925478,0.47546491968484467
2014-11-10,1.0,0.09959083254252483,0.4396612623137311
2014-11-11,1.0,0.12123559081344847,0.528832101974615
2014-11-12,1.0,0.1022488834311302,0.40100954910831615
2014-11-13,1.0,0.0878796210207309,0.4636742350397376
2014-11-14,1.0,0.09743503042457573,0.4795442476054185
2014-11-17,1.0,0.06082400373315557,0.16670336958909693
2014-11-18,1.0,0.048780077474286976,0.13273512963674763
2014-11-19,1.0,0.05204259129719576,0.12074943307602956
2014-11-20,1.0,0.06605785292397846,0.19478576185768745
2014-11-21,1.0,0.05108194492042117,0.11352645206916603
2014-11-24,1.0,0.03260036993529764,0.12353507249318112
2014-11-25,1.0,0.03237062348757098,0.08437845496077422
2014-11-26,1.0,0.034439943575050806,0.08779744382382307
2014-11-27,1.0,0.047016767651221855,0.10627415670800021
2014-11-28,1.0,0.04554709829946337,0.12671211469952426
2014-12-01,1.0,0.07292380249212997,0.19761795963220544
2014-12-02,1.0,0.021811564274687535,0.03924853441360075
2014-12-03,1.0,0.022704793693757098,0.0650869506466434
2014-12-04,0.0,-0.0031214259034695246,0.06776819329591392
2014-12-05,0.0,-0.011720519267727394,0.07599176692556515
2014-12-08,1.0,0.00041981528744196913,0.056312826994807295
2014-12-09,0.0,-0.014987790965491698,0.036208792531808254
2014-12-10,0.0,-0.04472667162348764,0.07805921759862847
2014-12-11,0.0,-0.03061885860533634,0.08108397945792412
2014-12-12,0.0,-0.035550984264318984,0.0733088997313293
2014-12-15,0.0,-0.04722983893814859,0.07219751950094352
2014-12-16,0.0,-0.011916102115078828,0.11490811477062354
2014-12-17,0.0,-0.013804862613458578,0.08883452275504053
2014-12-18,0.0,-0.006641784482229767,0.0713092371829024
2014-12-19,0.0,-0.005789925190412523,0.06550081164916857
2014-12-22,0.0,-0.004138222334257269,0.05088379292495313
2014-12-23,1.0,0.022179373259758616,0.08680426857829948
2014-12-24,1.0,0.019720410737718495,0.060200354844950926
2014-12-25,1.0,0.009823467020524739,0.05189629167644292
2014-12-26,0.0,-0.006913193972679495,0.05861908152815339
2014-12-29,0.0,-0.013543284409825154,0.0661077794815257
2014-12-30,1.0,0.01221673750992062,0.05696387102365139
2014-12-31,1.0,0.0004137360423106665,0.09933982058685807
2015-01-05,1.0,0.00720093637263642,0.04842019000477724
2015-01-06,0.0,-0.0028676791466979846,0.06543306342509381
2015-01-07,0.0,-0.01955800889965664,0.05249569712965546
2015-01-08,0.0,-0.017535261064524816,0.06381766708793934
2015-01-09,0.0,-0.010250192246017063,0.08032923988561166
2015-01-12,0.0,-0.031156445099263956,0.07661554845408745
2015-01-13,0.0,-0.036397393237500145,0.021178159536045602
2015-01-14,0.0,-0.025121304707741092,0.016132461412957218
2015-01-15,0.0,-0.024201345237361234,0.024976852340624748
2015-01-16,0.0,-0.04392325684126468,0.01676482464713422
2015-01-19,0.0,-0.07215585065131914,0.012278998355044065
2015-01-20,0.0,-0.06597560992120288,0.008058321697504563
2015-01-21,0.0,-0.09936108915403172,0.006026284257024829
2015-01-22,0.0,-0.08097603892903342,0.01052823032013896
2015-01-23,0.0,-0.09989219911296439,0.008124210490598612
2015-01-26,0.0,-0.08305756890480874,0.004578219777211037
2015-01-27,0.0,-0.06950143809608327,0.005253938957235534
2015-01-28,0.0,-0.07812736519946764,0.004214596253720869
2015-01-29,0.0,-0.08760756491168838,0.004529638452119503
2015-01-30,0.0,-0.06709029404053968,0.007177964323673372
2015-02-02,0.0,-0.0776173738045168,0.007006523310265022
2015-02-03,0.0,-0.07752403690539397,0.007751856029288332
2015-02-04,0.0,-0.06153931737807835,0.012530691081408649
2015-02-05,0.0,-0.06560057358880994,0.009348534407393614
2015-02-06,0.0,-0.06477228433651624,0.010808098543179394
2015-02-09,0.0,-0.03521918342359146,0.01763425900075279
2015-02-10,0.0,-0.01963204077567157,0.015833541261399568
2015-02-11,0.0,-0.01344726736087061,0.023457171555224646
2015-02-12,1.0,0.005432062446715164,0.02856854052962216
2015-02-13,0.0,-0.0068383210969489615,0.019065001562589962
2015-02-16,0.0,-0.024467907514836414,0.016926904516767392
2015-02-17,0.0,-0.015786605930640765,0.01454890436995045
2015-02-25,0.0,-0.0069260818734202725,0.01313471373926902
2015-02-26,0.0,-0.009171571474782507,0.013301766420119676
2015-02-27,0.0,-0.016968617302209353,0.013126714842687291
2015-03-02,0.0,-0.03344520534238696,0.010698761461617332
2015-03-03,0.0,-0.02458636444012774,0.010399918390572912
2015-03-04,0.0,-0.02420631010064499,0.005629551697268327
2015-03-05,0.0,-0.02097979046919452,0.06054094945497596
2015-03-06,0.0,-0.01708387746849717,0.060806278281780445
2015-03-09,1.0,0.005196976669331894,0.08326203081719444
2015-03-10,1.0,0.007132398601780696,0.08006721281409876
2015-03-11,1.0,0.0004196391165231911,0.06969124162507444
2015-03-12,0.0,-0.0029405608250465554,0.057391326274112364
2015-03-13,1.0,0.005884842540245358,0.09175495235466923
2015-03-16,1.0,0.006908851934165569,0.09194964861219763
2015-03-17,1.0,0.01616493685335536,0.10425451059255482
2015-03-18,1.0,0.02472914770453468,0.13160852120133304
2015-03-19,1.0,0.008377012338047864,0.10218196010553908
2015-03-20,1.0,0.01318148596989508,0.11356523505879058
2015-03-23,0.0,-0.006057459775301952,0.12143871303486366
2015-03-24,0.0,-0.0033236424447020785,0.09753943334368285
2015-03-25,1.0,0.005788728176244745,0.10607239513049492
2015-03-26,0.0,-0.016744577273801665,0.05990804396439405
2015-03-27,0.0,-0.019301211402298724,0.06578066075171012
2015-03-30,0.0,-0.008983660126741013,0.07523199929160124
2015-03-31,0.0,-0.0021043778809634868,0.08535729769157191
2015-04-01,1.0,0.0037688486822290896,0.08055862991163544
2015-04-02,0.0,-0.020374925211384086,0.07919841345910535
2015-04-03,0.0,-0.01689475996725556,0.07119788321127359
2015-04-07,0.0,-0.03335031880824525,0.06689444005726253
2015-04-08,0.0,-0.029349593358018327,0.10559839980350402
2015-04-09,0.0,-0.017406332306570533,0.11541541206252162
2015-04-10,0.0,-0.014041936685662063,0.11819897263358187
2015-04-13,0.0,-0.04617664441289471,0.16310443521353887
2015-04-14,0.0,-0.01997753328465703,0.1682119360962136
2015-04-15,0.0,-0.020619287202735703,0.20349989197460552
2015-04-16,0.0,-0.027680525942346667,0.1654998757429712
2015-04-17,0.0,-0.03184915404884541,0.16685652368663276
2015-04-20,0.0,-0.03885003006248228,0.22866260450024573
2015-04-21,0.0,-0.035642296319360126,0.2773301165218698
2015-04-22,0.0,-0.04191089561563683,0.24726738364391226
2015-04-23,0.0,-0.050761355902557516,0.3322595685359888
2015-04-24,0.0,-0.06864909275749001,0.22054265558634373
2015-04-27,0.0,-0.06958186636160094,0.276640178680657
2015-04-28,0.0,-0.08514396281483438,0.3596004030344139
2015-04-29,0.0,-0.1003548481275187,0.3510244374056621
2015-04-30,0.0,-0.07532059635694649,0.3143744292725058
2015-05-04,0.0,-0.06882750644324155,0.23328566692191172
2015-05-05,0.0,-0.07236783250347739,0.17420665571725688
2015-05-06,0.0,-0.09029669950364011,0.18802677969410503
2015-05-07,0.0,-0.09566433540733077,0.19298373574515415
2015-05-08,0.0,-0.08413042597850262,0.23024123066279642
2015-05-11,0.0,-0.09497849109113832,0.22138952121958885
2015-05-12,0.0,-0.0933793766757603,0.18803446102403112
2015-05-13,0.0,-0.1041251850498335,0.22225473961491507
2015-05-14,0.0,-0.11092817010478866,0.30462068278236476
2015-05-15,0.0,-0.11056024375239651,0.3754888666079712
2015-05-18,0.0,-0.09639423427380628,0.3649801126895073
2015-05-19,0.0,-0.05092159652053384,0.36843376430172525
2015-05-20,0.0,-0.04180336980436056,0.3637250218347683
2015-05-21,0.0,-0.05127182110568067,0.3266791746002756
2015-05-22,0.0,-0.04922975382468576,0.2977732080819376
2015-05-25,0.0,-0.049312413540010584,0.2851710999281187
2015-05-26,0.0,-0.03760552342942079,0.2218791566075151
2015-05-27,0.0,-0.017362636773528062,0.23569124169073222
2015-05-28,0.0,-0.0010376674169653285,0.19559182180720427
2015-05-29,0.0,-0.003327790092674691,0.18195237054282778
2015-06-01,0.0,-0.00437455129449279,0.1918821944092387
2015-06-02,0.0,-0.016958430066379163,0.20757838855236768
2015-06-03,0.0,-0.026898028426608628,0.17748894696939874
2015-06-04,0.0,-0.016651243610987628,0.12312930370318494
2015-06-05,0.0,-0.011816976504784542,0.11412998153913326
2015-06-08,0.0,-0.004004642299960524,0.11120455454955801
2015-06-09,0.0,-0.008417558119529281,0.11443923575702036
2015-06-10,0.0,-0.02921460944846383,0.14609901302604708
2015-06-11,0.0,-0.033241125533259634,0.15799289459206547
2015-06-12,0.0,-0.027944239960674615,0.09264883056508884
2015-06-15,0.0,-0.04238734834889222,0.11808311210937385
2015-06-16,0.0,-0.04658930370005148,0.15504568177269631
2015-06-17,0.0,-0.04018493231533135,0.11123129242088628
2015-06-18,0.0,-0.04685695287856444,0.14306680439434263
2015-06-19,0.0,-0.056176684827366735,0.27404720921989545
2015-06-23,0.0,-0.03349189675032024,0.12179067133140903
2015-06-24,0.0,-0.022463330636431404,0.12373951624868776
2015-06-25,0.0,-0.010760732592226117,0.09770499853760226
2015-06-26,0.0,-0.012293499461731815,0.06644681025713203
2015-06-29,0.0,-0.02389877937899172,0.11687916311319993
2015-06-30,0.0,-0.01076982218405536,0.12454105046008764
2015-07-01,0.0,-0.0021057072425778867,0.0986535401049347
2015-07-02,0.0,-0.004886868325257058,0.08704649219878192
2015-07-03,0.0,-0.01897913882599032,0.09542112143417042
2015-07-06,0.0,-0.022896046717451785,0.08303992030817237
2015-07-07,0.0,-0.008478219499872718,0.08423164383718662
2015-07-08,1.0,0.014354826031809065,0.07197193927930991
2015-07-09,1.0,0.012034347708135084,0.08208364555198655
2015-07-10,1.0,0.0053005530654128335,0.08150252889993134
2015-07-13,1.0,0.021872585948912584,0.0704684383337558
2015-07-14,1.0,0.03516521926370872,0.06246641282636675
2015-07-15,1.0,0.031407365977389766,0.05883198465216403
2015-07-16,1.0,0.036892036119594296,0.051585001994637975
2015-07-17,1.0,0.036714999066860904,0.03528314731976532
2015-07-20,1.0,0.06248678337287296,0.08840025188996341
2015-07-21,1.0,0.07073983154959888,0.22228144064689767
2015-07-22,1.0,0.08780417390526937,0.3754258663265086
2015-07-23,1.0,0.07659244548138387,0.376207067933176
2015-07-24,1.0,0.08581366960032466,0.5295182750915209
2015-07-27,1.0,0.07220629922758783,0.3534854497019574
2015-07-28,1.0,0.06966908023581081,0.4997958325862125
2015-07-29,1.0,0.05694553464808552,0.43423790129419804
2015-07-30,1.0,0.0638820628490445,0.6762652578121031
2015-07-31,1.0,0.0639223561004874,0.7023485472418721
2015-08-03,1.0,0.033939156263445534,0.5701041577066156
2015-08-04,1.0,0.03626992589259317,0.6246255484167266
2015-08-05,1.0,0.03871162414826369,0.6436481891327479
2015-08-06,1.0,0.026842707833446975,0.5779500716695969
2015-08-07,1.0,0.016143848371356424,0.5527371503359051
2015-08-10,1.0,0.02518238920149776,0.6127387537902668
2015-08-11,1.0,0.0002209212424758985,0.5382709124519596
2015-08-12,0.0,-0.04406572925136477,0.07705709095233623
2015-08-13,0.0,-0.02375921696290088,0.12453863919276052
2015-08-14,0.0,-0.03651876224607716,0.10347947285050935
2015-08-17,0.0,-0.042774367989899434,0.1030865353949996
2015-08-18,0.0,-0.035244974488052416,0.07578176951266458
2015-08-19,0.0,-0.033303763474159524,0.06845016191391622
2015-08-20,0.0,-0.06090161734011167,0.06860568020254858
2015-08-21,0.0,-0.0763466119961792,0.10185237533264441
2015-08-24,0.0,-0.06476076805481004,0.0873921238969977
2015-08-25,0.0,-0.0689183141709802,0.14719876090474457
2015-08-26,0.0,-0.060268371936365056,0.12629333254433914
2015-08-27,0.0,-0.06876469122355404,0.1596615188527366
2015-08-28,0.0,-0.048333307864040456,0.16071765231998542
2015-08-31,0.0,-0.05519996475422698,0.1544203986739376
2015-09-01,0.0,-0.07337718571382605,0.12761225858079905
2015-09-02,0.0,-0.06391882026424223,0.15078144846274913
2015-09-07,0.0,-0.022594921694525434,0.24567086430407759
2015-09-08,0.0,-0.030381530255749044,0.2081206012758996
2015-09-09,0.0,-0.028747624250803638,0.19803220711336628
2015-09-10,0.0,-0.018002681591165408,0.21321356542140285
2015-09-11,0.0,-0.016024928588122687,0.23225870771281468
2015-09-14,0.0,-0.01008338223409964,0.1780165392165596
2015-09-15,0.0,-0.01959767664714238,0.206451785468364
2015-09-16,0.0,-0.017820293375411474,0.1862620338681838
2015-09-17,0.0,-0.026650769097139496,0.19555480448229925
2015-09-18,0.0,-0.039786668389324896,0.13225208687324017
2015-09-21,0.0,-0.03650907688449716,0.09850897557981148
2015-09-22,0.0,-0.024612641379964505,0.10702218886028876
2015-09-23,0.0,-0.02558127788437812,0.11756740448052533
2015-09-24,0.0,-0.03258460679702202,0.14260238050735966
2015-09-25,0.0,-0.0380241274925624,0.21885909291605152
2015-09-28,0.0,-0.030711756307581176,0.16145527735128684
2015-09-29,0.0,-0.01715382415819799,0.18895551633622604
2015-09-30,0.0,-0.012414403148381964,0.18681590847846646
2015-10-08,0.0,-0.03840367792425298,0.19380522086271373
2015-10-09,0.0,-0.029575820042164355,0.25284158355704
2015-10-12,0.0,-0.03393773570767193,0.1622250208226822
2015-10-13,0.0,-0.021588954330308493,0.17668018325016052
2015-10-14,0.0,-0.01572524279568328,0.14202015704288887
2015-10-15,0.0,-0.020274495281242456,0.14988820548692772
2015-10-16,0.0,-0.014632368091210947,0.20152119290701662
2015-10-19,0.0,-0.023589973426508024,0.17462481459483653
2015-10-20,0.0,-0.032616190610306614,0.14057740927254592
2015-10-21,0.0,-0.025937141899803475,0.1536678188316501
2015-10-22,0.0,-0.02881555303930872,0.10521816325617052
2015-10-23,0.0,-0.031199832511873728,0.07562955298820165
2015-10-26,0.0,-0.02331107886844711,0.1023437337183977
2015-10-27,0.0,-0.021788275986199035,0.0997825436075984
2015-10-28,0.0,-0.017621601349819445,0.09541660529043697
2015-10-29,0.0,-0.010783485401027854,0.2386493586740445
2015-10-30,1.0,0.0040369756302665125,0.18679440350839369
2015-11-02,1.0,0.0228629772228118,0.0984620520443644
2015-11-03,1.0,0.028821660168412006,0.10992907101970631
2015-11-04,1.0,0.04081327038187275,0.1944069548785477
2015-11-05,1.0,0.04681980278826084,0.22543877410553567
2015-11-06,1.0,0.0517541188325671,0.15582091752975988
2015-11-09,1.0,0.06838433262929368,0.12703089347086866
2015-11-10,1.0,0.07145129430001489,0.08594156185155345
2015-11-11,1.0,0.0711325994148499,0.1047633085853889
2015-11-12,1.0,0.08284247534017931,0.08013954216154053
2015-11-13,1.0,0.12833036294701242,0.5884966587344803
2015-11-16,1.0,0.10115496339544766,0.610723713422648
2015-11-17,1.0,0.12758389718662672,0.6026764279792286
2015-11-18,1.0,0.1330550353475639,0.5826809105538775
2015-11-19,1.0,0.1395294112730761,0.535322632728994
2015-11-20,1.0,0.1258659659886762,0.5332108271779299
2015-11-23,1.0,0.13940110229653982,0.682819975486274
2015-11-24,1.0,0.14708215020356144,0.5907476113788805
2015-11-25,1.0,0.1505561282177964,0.6564557747554725
2015-11-26,1.0,0.15813671804550705,0.6246230611928711
2015-11-27,1.0,0.15142374080885776,0.4975583307724295
2015-11-30,1.0,0.182587701311998,0.6263269324736982
2015-12-01,1.0,0.1477890708530025,0.5538103863009978
2015-12-02,1.0,0.1618120848563521,0.5930551079404826
2015-12-03,1.0,0.18836387124991724,0.623392096653027
2015-12-04,1.0,0.17972752161690803,0.6348523420049909
2015-12-07,1.0,0.15875443672531744,0.5471818596749062
2015-12-08,1.0,0.15870563171474342,0.6042008664567178
2015-12-09,1.0,0.1461011988741743,0.5547281776849639
2015-12-10,1.0,0.16334933339856733,0.6710663974299008
2015-12-11,1.0,0.14993734617438972,0.5289861007071373
2015-12-14,1.0,0.12764829159449356,0.5153116197500464
2015-12-15,1.0,0.14313049259703223,0.6714290570817937
2015-12-16,1.0,0.15608317001381647,0.5395802245616333
2015-12-17,1.0,0.1536128838287852,0.6266151914044129
2015-12-18,1.0,0.14698860803064323,0.6629331014022505
2015-12-21,1.0,0.14000106813253332,0.6409385018336557
2015-12-22,1.0,0.12168555057756306,0.605314580647847
2015-12-23,1.0,0.11362665207807184,0.6103140154541074
2015-12-24,1.0,0.11644168654602921,0.5550142206593357
2015-12-25,1.0,0.11058006473792772,0.6193389630709295
2015-12-28,1.0,0.11639104305094485,0.5984448775365377
2015-12-29,1.0,0.12462191280200739,0.5615055573563298
2015-12-30,1.0,0.11575990301179953,0.6081398017229309
2015-12-31,1.0,0.12909777862285,0.6751790751260692
2016-01-04,1.0,0.11515030048058406,0.6085368982920121
2016-01-05,1.0,0.10872004198202803,0.5886398432601986
2016-01-06,1.0,0.10278589907570128,0.5262733451603707
2016-01-07,1.0,0.08658863337733101,0.4569933569495219
2016-01-08,1.0,0.09557887834537303,0.5729922514431782
2016-01-11,1.0,0.09762377848066878,0.5441004114040611
2016-01-12,1.0,0.10433697411503909,0.6121442379751825
2016-01-13,1.0,0.1043697128111391,0.5841018123327811
2016-01-14,1.0,0.09431922461738461,0.5811803543943411
2016-01-15,1.0,0.10111678601419954,0.5877484012969487
2016-01-18,1.0,0.10692246434549903,0.6315571045881044
2016-01-19,1.0,0.11128205673777758,0.5075759231587255
2016-01-20,1.0,0.12148305410834803,0.5067239625360487
2016-01-21,1.0,0.09809609831689263,0.592827023685851
2016-01-22,1.0,0.09503958042505221,0.42815115403751636
2016-01-25,1.0,0.09036311862129767,0.3791166271268242
2016-01-26,1.0,0.08962411819480288,0.3176269480278041
2016-01-27,1.0,0.09137133143788856,0.21161596296572685
2016-01-28,1.0,0.10956022722434412,0.15060643924013625
2016-01-29,1.0,0.13043175526929357,0.18799927723482462
2016-02-01,1.0,0.12060430339733781,0.13503504695282126
2016-02-02,1.0,0.11641948837385485,0.10779895356346197
2016-02-03,1.0,0.11453347356154905,0.07382737344037846
2016-02-04,1.0,0.10164384077705406,0.04555647171042533
2016-02-05,1.0,0.08456837903192656,0.04052823312406404
2016-02-15,1.0,0.04857635288960775,0.0024812936285241102
2016-02-16,1.0,0.057575377690835323,0.005871319879599435
2016-02-17,1.0,0.057332656429634275,0.007122921717347033
2016-02-18,1.0,0.06531073614588372,0.005281471850559832
2016-02-19,1.0,0.04583267587695259,0.0029140115046066267
2016-02-22,1.0,0.05320403606346467,0.01044531955222277
2016-02-23,1.0,0.03695968781830105,0.009851863307873776
2016-02-24,1.0,0.029169926341595313,0.010578043450820585
2016-02-25,1.0,0.01499221552470281,0.012650231277783603
2016-02-26,1.0,0.006660981902855515,0.005820810334555299
2016-02-29,1.0,0.0011558467863592953,0.010119775702527244
2016-03-01,0.0,-0.008973807237360258,0.006243464445652227
2016-03-02,0.0,-0.0013478388485076427,0.015053799033757512
2016-03-03,0.0,-0.021601611412897945,0.009435846175235333
2016-03-04,0.0,-0.025356424732378494,0.004793047722997082
2016-03-07,0.0,-0.0240011520995429,0.011007195166115358
2016-03-08,0.0,-0.026789860897640735,0.004541321686738368
2016-03-09,0.0,-0.020662682703418214,0.008955659759539089
2016-03-10,1.0,0.009500356463865049,0.009969515785869867
2016-03-11,0.0,-0.003392389231521556,0.005740051124706783
2016-03-14,1.0,0.015310761237091733,0.011687555195450174
2016-03-15,1.0,0.06129738135308944,0.022893280714971237
2016-03-16,1.0,0.052189019527259795,0.008502773605227687
2016-03-17,1.0,0.04420403955692476,0.009385324152376601
2016-03-18,1.0,0.06112706986550385,0.01112868844427819
2016-03-21,1.0,0.05067700902793215,0.019655862413471996
2016-03-22,1.0,0.046163479940589176,0.012687242495960979
2016-03-23,1.0,0.05588887296344127,0.03398400270830924
2016-03-24,1.0,0.05528375389038632,0.04600261002760331
2016-03-25,1.0,0.051927610932764476,0.031408879976059796
2016-03-28,1.0,0.10133359866083586,0.03800862451758226
2016-03-29,1.0,0.10705995056535486,0.03468951440850048
2016-03-30,1.0,0.09140041627787114,0.043898036031211715
2016-03-31,1.0,0.10426680827174288,0.056186428593283606
2016-04-01,1.0,0.09559290527977332,0.030801734615901032
2016-04-05,1.0,0.11463198940174615,0.028352708849574828
2016-04-06,1.0,0.12916452019177835,0.027845499975111446
2016-04-07,1.0,0.125702031824087,0.04214498906533297
2016-04-08,1.0,0.13976194237515863,0.03848028779915447
2016-04-11,1.0,0.12655064550320774,0.05076807741507493
2016-04-12,1.0,0.11190892861135684,0.05193344784088303
2016-04-13,1.0,0.12475644600540571,0.06161262001219418
2016-04-14,1.0,0.1300342062352736,0.05739493120866011
2016-04-15,1.0,0.12278175329590003,0.04165892955989485
2016-04-18,1.0,0.11547049612851108,0.052610880427464014
2016-04-19,1.0,0.10614912130933592,0.04709230045594444
2016-04-20,1.0,0.10030266666856036,0.07551071608274502
2016-04-21,1.0,0.0894389835225732,0.05414868777407665
2016-04-22,1.0,0.0984100934690184,0.14172211554526887
2016-04-25,1.0,0.095608889206228,0.13303405195372786
2016-04-26,1.0,0.10369310537950108,0.09378749778911544
2016-04-27,1.0,0.0861180070112539,0.08165835656061436
2016-04-28,1.0,0.08389244126373432,0.10244128205908655
2016-04-29,1.0,0.06730257152585924,0.11936216745875056
2016-05-03,1.0,0.06332922669979582,0.05369435172071583
2016-05-04,1.0,0.06022245882631298,0.10447648836644323
2016-05-05,1.0,0.06932584102331545,0.1536497189435009
2016-05-06,1.0,0.07264271240202878,0.1343696922707938
2016-05-09,1.0,0.0801993615471239,0.17133765301158105
2016-05-10,1.0,0.07952515396578771,0.1403873608048303
2016-05-11,1.0,0.08685641270858657,0.6481962048477322
2016-05-12,1.0,0.06829637137173217,0.6347454787063019
2016-05-13,1.0,0.059992847926895396,0.7620779413176497
2016-05-16,1.0,0.0669936925692215,0.7305065527114474
2016-05-17,1.0,0.06590282514958426,0.8046715848461954
2016-05-18,1.0,0.0646657336230699,0.7294792643172597
2016-05-19,1.0,0.07860994936917572,0.824970275883298
2016-05-20,1.0,0.08255451012878849,0.7482070094551798
2016-05-23,1.0,0.08014412681721134,0.7710647134379733
2016-05-24,1.0,0.09303140935373731,0.7496543517167826
2016-05-25,1.0,0.10793709331338663,0.7573042417105024
2016-05-26,1.0,0.0950660519498682,0.7302337451734452
2016-05-27,1.0,0.1015962141229217,0.6740681192793576
2016-05-30,1.0,0.11394125980964703,0.6418173717499689
2016-05-31,1.0,0.0949766094573912,0.6431577229906196
2016-06-01,1.0,0.0936086787404115,0.6832139079124968
2016-06-02,1.0,0.08928749318859755,0.6365670750856066
2016-06-03,1.0,0.09578455894756673,0.5655137969505011
2016-06-06,1.0,0.06939621927904888,0.6410888247055863
2016-06-07,1.0,0.06539948700569397,0.6689190909884928
2016-06-08,1.0,0.06041494929104391,0.6153393697297961
2016-06-13,1.0,0.04458655750433419,0.35553529355762187
2016-06-14,1.0,0.04855495921336315,0.3981429462227637
2016-06-15,1.0,0.05530956429758207,0.4070802455765093
2016-06-16,1.0,0.03682042864363932,0.23794759277868793
2016-06-17,1.0,0.05501075381030748,0.4769747911085911
2016-06-20,1.0,0.04900757910669461,0.26291886854310864
2016-06-21,1.0,0.050844804372664844,0.21387868191128367
2016-06-22,1.0,0.05905243178170056,0.283959049507694
2016-06-23,1.0,0.05341338091088883,0.28643019633722283
2016-06-24,1.0,0.009169522896633319,0.1472580434756118
2016-06-27,1.0,0.0024561415856264204,0.05614548520207642
2016-06-28,1.0,0.015235387941873868,0.07153387392810072
2016-06-29,1.0,0.013451159225721189,0.08245829932007565
2016-06-30,1.0,0.01786074444724517,0.10495279542846779
2016-07-01,1.0,0.0019135432471966652,0.11210713330551596
2016-07-04,0.0,-0.023200486590177812,0.03979572340520125
2016-07-05,0.0,-0.021024143332072837,0.03511050816577122
2016-07-06,0.0,-0.039180269077321736,0.026772481302141177
2016-07-07,0.0,-0.07621732047036123,0.026978049805314305
2016-07-08,0.0,-0.06672670581812411,0.029404477192864396
2016-07-11,0.0,-0.07640526340579744,0.03544107071735102
2016-07-12,0.0,-0.06836052961214663,0.02771126265708741
2016-07-13,0.0,-0.061516955866582596,0.0628032565764664
2016-07-14,0.0,-0.053874906180641294,0.07998257255080729
2016-07-15,0.0,-0.04875555670459838,0.06991163027990918
2016-07-18,0.0,-0.045983071823486765,0.07587071120152783
2016-07-19,0.0,-0.04046846043841294,0.10331946494503882
2016-07-20,0.0,-0.03990952623039235,0.11659761292129982
2016-07-21,0.0,-0.026886690342393417,0.0806709122569384
2016-07-22,0.0,-0.02977887535561147,0.11327334202886524
2016-07-25,0.0,-0.0198588086496034,0.045304137278059646
2016-07-26,0.0,-0.024670698384486614,0.053429720353788554
2016-07-27,0.0,-0.023071120901311772,0.050329822418054754
2016-07-28,0.0,-0.033752544806189104,0.05600162576937172
2016-07-29,0.0,-0.025366870117030548,0.26915251478724034
2016-08-01,0.0,-0.023403093954100302,0.21482710078954909
2016-08-02,0.0,-0.025745029487516464,0.16631443948200472
2016-08-03,0.0,-0.03548198296693706,0.21471799270640826
2016-08-04,0.0,-0.02764346769227698,0.25444660344729997
2016-08-05,0.0,-0.042129816046895543,0.19654702904899593
2016-08-08,1.0,0.015898036586000582,0.33561323115909236
2016-08-09,0.0,-0.0022689598703541382,0.22213860001536195
2016-08-10,0.0,-0.031959412581270226,0.292142686868986
2016-08-11,0.0,-0.05540645772038765,0.2845542470010737
2016-08-12,0.0,-0.04360846926365813,0.307172964267909
2016-08-15,0.0,-0.03772027524414347,0.4555427316168621
2016-08-16,0.0,-0.044215867150042665,0.24884566711855255
2016-08-17,0.0,-0.05045183605411005,0.24830937070957199
2016-08-18,0.0,-0.04869511165284508,0.24897745634881124
2016-08-19,0.0,-0.046157959150126826,0.1696036445548442
2016-08-22,0.0,-0.03586395365866619,0.2525687212893999
2016-08-23,0.0,-0.04832030068223177,0.13645475439874474
2016-08-24,0.0,-0.057281226244155825,0.11832142911590027
2016-08-25,0.0,-0.039213689472942966,0.205257281832175
2016-08-26,0.0,-0.04323155482464054,0.1739446207256319
2016-08-29,0.0,-0.046318757772578205,0.40456573082646796
2016-08-30,0.0,-0.05562003936059282,0.15853953745209365
2016-08-31,0.0,-0.052705724000892816,0.24724155653628524
2016-09-01,0.0,-0.05078153555435729,0.2025467401862779
2016-09-02,0.0,-0.05443026713087976,0.194623758103084
2016-09-05,0.0,-0.06839500882808484,0.275115204164742
2016-09-06,0.0,-0.06181238041612745,0.2085934045224521
2016-09-07,0.0,-0.07623928000771879,0.4139341503254335
2016-09-08,0.0,-0.08063104849768227,0.4041647734938203
2016-09-09,0.0,-0.0734819106593644,0.3908668629341244
2016-09-12,0.0,-0.06409803845416923,0.40730802669795413
2016-09-13,0.0,-0.07398755712310472,0.3330785134841207
2016-09-14,0.0,-0.0749421015459485,0.29786828765368883
2016-09-19,0.0,-0.06515957730452461,0.23863635978525494
2016-09-20,0.0,-0.07128994843231214,0.7063775980822564
2016-09-21,0.0,-0.07455286899218139,0.7671378373221698
2016-09-22,0.0,-0.0886242040552384,0.7799297195706117
2016-09-23,0.0,-0.0892380745814594,0.7853037455560066
2016-09-26,0.0,-0.084521657608967,0.7636609322151283
2016-09-27,0.0,-0.07804609257385862,0.7795160997948717
2016-09-28,0.0,-0.06569525926539478,0.7853866716133918
2016-09-29,0.0,-0.05783002288541895,0.7253454009481473
2016-09-30,0.0,-0.050131757710040394,0.7859970628635546
2016-10-10,0.0,-0.015632502249826208,0.1533749446986606
2016-10-11,0.0,-0.012860732100223437,0.12967281311672788
2016-10-12,0.0,-0.014001702584970509,0.18371929632856965
2016-10-13,0.0,-0.019704163872526777,0.21094836834883254
2016-10-14,0.0,-0.01362318565453769,0.17294781806108295
2016-10-17,0.0,-0.008070476672643259,0.19384878627926103
2016-10-18,0.0,-0.012247662467258821,0.1867765357629277
2016-10-19,0.0,-0.01077734424611875,0.14948584461426806
2016-10-20,0.0,-0.021878721375807157,0.13456306593348522
2016-10-21,0.0,-0.012198603701604359,0.12583027211586825
2016-10-24,0.0,-0.008882501979487934,0.0879647114931653
2016-10-25,0.0,-0.01595971488642206,0.11589452849550026
2016-10-26,0.0,-0.030917174267961874,0.10069589403325561
2016-10-27,0.0,-0.02492624275488552,0.10276660965590481
2016-10-28,0.0,-0.020862434654158556,0.09930687653061435
2016-10-31,0.0,-0.026450817437913318,0.09898657116071649
2016-11-01,0.0,-0.03874268291411723,0.06143305843688252
2016-11-02,0.0,-0.055776875334459367,0.050612397956639014
2016-11-03,0.0,-0.04376317311107133,0.059167589220155845
2016-11-04,0.0,-0.029102107675529315,0.05193672702681723
2016-11-07,0.0,-0.019164193565194623,0.08300988297285915
2016-11-08,0.0,-0.015951588347763557,0.1278209398700914
2016-11-09,0.0,-0.04721417371030402,0.41889552296573873
2016-11-10,0.0,-0.03883637325232189,0.3834248185064738
2016-11-11,0.0,-0.019171061026370975,0.45590232724072804
2016-11-14,1.0,0.011112237489383447,0.5850160567895291
2016-11-15,0.0,-0.003630426931686617,0.2999441739999189
2016-11-16,0.0,-0.002529817034086607,0.2548039081421557
2016-11-17,1.0,0.0034299158095206822,0.23193108410521507
2016-11-18,1.0,0.012357053476194622,0.35438915461699755
2016-11-21,1.0,0.007051832857244777,0.3021961289158278
2016-11-22,1.0,0.003433014483785627,0.3199581724501677
2016-11-23,1.0,0.004149009289081541,0.23490743733016523
2016-11-24,1.0,0.026855718691577365,0.38940908434344107
2016-11-25,1.0,0.038845097014380325,0.36678904981317756
2016-11-28,1.0,0.026668247082161273,0.3410306159349265
2016-11-29,1.0,0.023193647043189228,0.23484098454364224
2016-11-30,1.0,0.030520080009359792,0.15779330549987067
2016-12-01,1.0,0.02982019184423324,0.26284540834159825
2016-12-02,1.0,0.03148713351622305,0.14883791897900597
2016-12-05,1.0,0.02806751245164218,0.15860899320514563
2016-12-06,1.0,0.02358686829594757,0.13301106489922515
2016-12-07,1.0,0.02052017653034106,0.18521665283379396
2016-12-08,1.0,0.004807701568103299,0.26287769268221917
2016-12-09,1.0,0.015281527240875219,0.24643091943439252
2016-12-12,1.0,0.01628760788882427,0.2537753019196643
2016-12-13,1.0,0.015905643255720563,0.22953309341501582
2016-12-14,1.0,0.0274340540825776,0.27094936625851584
2016-12-15,1.0,0.037136620367163524,0.4326346204687726
2016-12-16,1.0,0.04818880076177343,0.28157484446718295
2016-12-19,1.0,0.03953083875663522,0.2581437668507169
2016-12-20,1.0,0.05340228473728835,0.23781440320160782
2016-12-21,1.0,0.054732719201498796,0.21983223477162364
2016-12-22,1.0,0.057738487789273624,0.23267936934412017
2016-12-23,1.0,0.06766396763689761,0.24183505563909996
2016-12-26,1.0,0.060280175454994034,0.21823425933293106
2016-12-27,1.0,0.053057989684717144,0.22574317540343763
2016-12-28,1.0,0.04855854452348735,0.3272423801835728
2016-12-29,1.0,0.03599548190383289,0.4190949279553289
2016-12-30,1.0,0.035834453009215894,0.4482456111201125
2017-01-03,1.0,0.041748349380385893,0.3865105882462945
2017-01-04,1.0,0.0473097789989978,0.4230729791255025
2017-01-05,1.0,0.046047649069661786,0.3769784488677525
2017-01-06,1.0,0.050409511740542604,0.2476285177581062
2017-01-09,1.0,0.05797159357173636,0.2780884925753888
2017-01-10,1.0,0.056042587936315266,0.34764878576643815
2017-01-11,1.0,0.05666782696557245,0.30796088942634525
2017-01-12,1.0,0.05345807536099924,0.36772948941540934
2017-01-13,1.0,0.054523095999917545,0.24615331152309483
2017-01-16,1.0,0.0477515838763028,0.25185394098787256
2017-01-17,1.0,0.04102590672219394,0.21231100203256065
2017-01-18,1.0,0.044340477466230245,0.19494988588160944
2017-01-19,1.0,0.04761086685866995,0.23869346435553704
2017-01-20,1.0,0.04502831607815668,0.1780686594995871
2017-01-23,1.0,0.034945919058090955,0.2185439750112806
2017-01-24,1.0,0.03782871795948123,0.1574195513989028
2017-01-25,1.0,0.04921398278141259,0.1973090637060878
2017-01-26,1.0,0.059128735224851986,0.1386271067654408
2017-02-03,1.0,0.042176011151929656,0.11180088260607209
2017-02-06,1.0,0.019316423324039322,0.14677917956342476
2017-02-07,1.0,0.008283857923979341,0.1257465211073449
2017-02-08,1.0,0.006303487778592525,0.13400629705827052
2017-02-09,1.0,0.0008982305463351823,0.3730759784923131
2017-02-10,1.0,0.006518219710569411,0.5772111350317908
2017-02-13,1.0,0.0034311546077289844,0.5078344453816535
2017-02-14,1.0,0.007579895522769171,0.8829531448842087
2017-02-15,1.0,0.016055183869037627,0.8847619604545514
2017-02-16,1.0,0.013121424889977674,0.8878113787385499
2017-02-17,1.0,0.012535980786296896,0.8801885235589126
2017-02-20,1.0,0.022854056639139527,0.9002256447964871
2017-02-21,1.0,0.01838844993481042,0.8553524277928317
2017-02-22,1.0,0.021767139520722723,0.8900167927919981
2017-02-23,1.0,0.02646926002040138,0.8952679306725468
2017-02-24,1.0,0.002486679789373377,0.8827089853893353
2017-02-27,1.0,0.004067562421321898,0.854613591767645
2017-02-28,1.0,0.007616722679118615,0.8658381420151446
2017-03-01,1.0,0.008915893584353428,0.8310512216499545
2017-03-02,1.0,0.008551628811876896,0.7051485438303818
2017-03-03,1.0,0.012360211097710716,0.7590775922984191
2017-03-06,1.0,0.025268248277222644,0.6663166173771028
2017-03-07,1.0,0.03519112021055463,0.6207113538810829
2017-03-08,1.0,0.04295412166918982,0.6138213092107625
2017-03-09,1.0,0.04473017561827205,0.6341902188666203
2017-03-10,1.0,0.04137524488014849,0.6884619131364526
2017-03-13,1.0,0.026682671858157047,0.6755200592271198
2017-03-14,1.0,0.03180033090852699,0.5335304318213723
2017-03-15,1.0,0.0332040607790282,0.6083692874190867
2017-03-16,1.0,0.00969486947155507,0.7607843292606306
2017-03-17,1.0,0.00826748059179921,0.6823059611765769
2017-03-20,1.0,0.0014354927998852809,0.6888855639801645
2017-03-21,1.0,0.003239743654410575,0.674814852421998
2017-03-22,0.0,-0.005914525710078717,0.7647830641334377
2017-03-23,1.0,0.0005360493293730862,0.6548222197803829
2017-03-24,1.0,0.005362901662808599,0.6990392300991219
2017-03-27,0.0,-0.004976903269752974,0.796956225487283
2017-03-28,0.0,-0.006421713113648395,0.7158667764385263
2017-03-29,0.0,-0.006614844894032148,0.7156036610803095
2017-03-30,0.0,-0.008769631147058475,0.6046158222706982
2017-03-31,0.0,-0.011189432752736189,0.6871777742388668
2017-04-05,0.0,-0.023928460184759123,0.5955752222632321
2017-04-06,0.0,-0.031238434256197514,0.759185627720458
2017-04-07,0.0,-0.039940548892449586,0.9102796504786532
2017-04-10,0.0,-0.03369384578647253,0.8803230203732554
2017-04-11,0.0,-0.038026024778864145,0.7955712518230984
2017-04-12,0.0,-0.06149958906098589,0.88043556647205
2017-04-13,0.0,-0.061582768311930706,0.8035347778868714
2017-04-14,0.0,-0.05979944967780125,0.743408046084773
2017-04-17,0.0,-0.0552963111727502,0.8367205730075308
2017-04-18,0.0,-0.056737527611599996,0.79079594348233
2017-04-19,0.0,-0.047568416919109686,0.76491995855152
2017-04-20,0.0,-0.04430878400943129,0.7986767514172003
2017-04-21,0.0,-0.04233152783614056,0.7413356377586833
2017-04-24,0.0,-0.034764296350711446,0.783966012111428
2017-04-25,0.0,-0.028946098119723908,0.6334850367502559
2017-04-26,0.0,-0.021471570987329103,0.7408503142300431
2017-04-27,0.0,-0.02162149804565021,0.690532308222378
2017-04-28,0.0,-0.03156646596783453,0.7353758326434154
2017-05-02,0.0,-0.02244083484627593,0.7346045457249877
2017-05-03,0.0,-0.021586780605994473,0.6541726067723876
2017-05-04,0.0,-0.005737867634023904,0.8368144027022109
2017-05-05,0.0,-0.0028735651957318073,0.7846095534375414
2017-05-08,0.0,-0.001976817967860306,0.7419372398699126
2017-05-09,0.0,-0.005582079858761477,0.8080021551321082
2017-05-10,1.0,0.005040514722318767,0.6747262533604838
2017-05-11,0.0,-0.005060556615733384,0.6622874945499244
2017-05-12,0.0,-0.008667443210168187,0.6706682214507522
2017-05-15,0.0,-0.010614474038919382,0.7094023327926793
2017-05-16,0.0,-0.005551093133572021,0.7314591477474104
2017-05-17,0.0,-0.003922972220838517,0.7324966627199453
2017-05-18,0.0,-0.012433552716081046,0.8147607669931974
2017-05-19,0.0,-0.017127983395369424,0.8766537502424281
2017-05-22,0.0,-0.02266942235735806,0.8363237829774299
2017-05-23,0.0,-0.01857967274523858,0.8742116788164292
2017-05-24,0.0,-0.004801289564833116,0.8585044450989239
2017-05-25,0.0,-0.012788806628556875,0.7738259175713045
2017-05-26,0.0,-0.015112742073351776,0.762074429398111
2017-05-31,0.0,-0.008915893584353487,0.5312515845383446
2017-06-01,0.0,-0.009267576578274024,0.5464129204450855
2017-06-02,0.0,-0.006429741743999145,0.43907925719513635
2017-06-05,0.0,-0.01451352909478704,0.6969045765486142
2017-06-06,0.0,-0.008770447378127067,0.7629374166460576
2017-06-07,0.0,-0.022048692824389964,0.722051061358961
2017-06-08,0.0,-0.020684906153512303,0.7786525064894965
2017-06-09,0.0,-0.002480951121915755,0.6892108058784457
2017-06-12,1.0,0.011145626214916103,0.5732361143514355
2017-06-13,1.0,0.00885274903436543,0.49254477108838846
2017-06-14,1.0,0.008483613977815519,0.41761028864297634
2017-06-15,1.0,0.011369815145300225,0.5545309850667669
2017-06-16,1.0,0.015451865909647727,0.2699604013234309
2017-06-19,1.0,0.012650502783524083,0.2440124284087695
2017-06-20,1.0,0.010190487756832138,0.2572514385536965
2017-06-21,1.0,0.011971911058442877,0.21385142038258567
2017-06-22,1.0,0.004455938216802845,0.4357784568394072
2017-06-23,1.0,0.0071060878169252,0.4467700025289139
2017-06-26,0.0,-0.0026764223309920184,0.36051692466321006
2017-06-27,1.0,0.0014306154085194564,0.3454329816608242
2017-06-28,1.0,0.0046528358815127405,0.2550875736045443
2017-06-29,0.0,-0.0023396033348129434,0.16320893722280722
2017-06-30,1.0,0.008853612806509335,0.13389808168785158
2017-07-03,1.0,0.010865735298778734,0.11547644063423736
2017-07-04,1.0,0.03319208020214749,0.362648313518959
2017-07-05,1.0,0.02465679661286008,0.22926512361841012
2017-07-06,1.0,0.017619200680512766,0.20783701584461536
2017-07-07,1.0,0.024316204416077545,0.17271036899726708
2017-07-10,1.0,0.02914696293975172,0.40961674925582686
2017-07-11,1.0,0.02433121034574393,0.3053731048232753
2017-07-12,1.0,0.018644298056407924,0.359920394659651
2017-07-13,1.0,0.019495925867613884,0.3963184225412714
2017-07-14,1.0,0.023912794072761333,0.3123269981275757
2017-07-17,1.0,0.02066413930294272,0.3821281833890823
2017-07-18,1.0,0.012887010183843065,0.35742964378622843
2017-07-19,1.0,0.007633624855070985,0.2598402486099428
2017-07-20,1.0,0.005455550901536959,0.24918131896697232
2017-07-21,1.0,0.0009060433708522317,0.3753681383951453
2017-07-24,0.0,-0.005622577612741967,0.2988605837237417
2017-07-25,0.0,-0.0036192583843130685,0.3007615282654185
2017-07-26,1.0,0.0005464978731515969,0.2956130915696139
2017-07-27,0.0,-0.006505263273448058,0.3768164829771663
2017-07-28,0.0,-0.011974018246051675,0.3998623533928406
2017-07-31,0.0,-0.013578555690015428,0.3304211026549734
2017-08-01,0.0,-0.012669852741051778,0.22421112262926007
2017-08-02,0.0,-0.014678165130445994,0.3292471222543685
2017-08-03,0.0,-0.01052832378884586,0.2989768156687042
2017-08-04,0.0,-0.016110403647607387,0.3105983278626352
2017-08-07,0.0,-0.009283765595661107,0.3147951091587645
2017-08-08,0.0,-0.0034517247460202705,0.23567982594395467
2017-08-09,0.0,-0.005986412435747613,0.37128700643890783
2017-08-10,0.0,-0.00974385190206575,0.34972046673336793
2017-08-11,1.0,0.003566973641073038,0.33137097772539087
2017-08-14,0.0,-0.0003575259244376946,0.29063822534994904
2017-08-15,1.0,0.005205073225200853,0.2549524455450346
2017-08-16,1.0,0.010238077752267902,0.18913628493129186
2017-08-17,0.0,-0.002861744038532854,0.40147177278845
2017-08-18,0.0,-0.0014270426966880904,0.33438355949301535
2017-08-21,1.0,0.006947565132808998,0.5053635026391589
2017-08-22,1.0,0.0028622559791311986,0.28542871873149234
2017-08-23,1.0,0.0028617440385329774,0.29822959616402756
2017-08-24,1.0,0.003039244316752786,0.23632029069951357
2017-08-25,1.0,0.005004478719903314,0.24237810565342532
2017-08-28,0.0,0.0,0.5315447207708692
2017-08-29,0.0,-0.007959713025314803,0.5574569481314174
2017-08-30,1.0,0.004981330350204162,0.43946821285974164
2017-08-31,0.0,-0.0012512290487534062,0.2291900379289095
2017-09-01,0.0,-0.01447617094484049,0.3620714377129032
2017-09-04,0.0,-0.02367711852682991,0.6050961895714735
2017-09-05,0.0,-0.021199689459822244,0.4060326793281147
2017-09-06,0.0,-0.028744280130088725,0.47619276571179053
2017-09-07,0.0,-0.03194815863261159,0.4411349016089379
2017-09-08,0.0,-0.04082933798512205,0.4262740265509067
2017-09-11,0.0,-0.035502422108797,0.3463900011312604
2017-09-12,0.0,-0.03327612627406128,0.33329533180361753
2017-09-13,0.0,-0.03488200398781536,0.22685791836789118
2017-09-14,0.0,-0.024848235582871005,0.3437592298673517
2017-09-15,0.0,-0.029461444615931476,0.42066328045212165
2017-09-18,0.0,-0.019666849485638595,0.2865720269831273
2017-09-19,0.0,-0.015305961902136482,0.3019726889620618
2017-09-20,0.0,-0.01837889570201768,0.2336069641250444
2017-09-21,0.0,-0.01014134008526103,0.3438894006523387
2017-09-22,0.0,-0.011033846228278485,0.27163477833207644
2017-09-25,0.0,-0.003608809401991609,0.1897233026061871
2017-09-26,0.0,-0.018986778502190407,0.5382739353400112
2017-09-27,0.0,-0.00736949502240377,0.4618327163002631
2017-09-28,1.0,0.0012595593208192255,0.358681489119179
2017-09-29,0.0,-0.003951864313199767,0.32228717272937146
2017-10-09,1.0,0.009529875234115184,0.2047365961488437
2017-10-10,1.0,0.013285653225562924,0.14860070116176868
2017-10-11,1.0,0.010448662885256874,0.12609823193428382
2017-10-12,1.0,0.009875293468435825,0.15132863707964772
2017-10-13,1.0,0.010764366587158484,0.12506276400955293
2017-10-16,1.0,0.006616027709078475,0.21167044702537693
2017-10-17,1.0,0.009691389564425931,0.18727374381511297
2017-10-18,1.0,0.016876522631245335,0.12164724782364426
2017-10-19,1.0,0.020996733670876632,0.11720026649321705
2017-10-20,1.0,0.021502351455931556,0.1118600910867363
2017-10-23,1.0,0.02425777016952285,0.1147601645601972
2017-10-24,1.0,0.017966706792454594,0.12153890168740608
2017-10-25,1.0,0.016974044224428386,0.0916682233192626
2017-10-26,1.0,0.009203349270315311,0.15850522887999866
2017-10-27,1.0,0.016472451382913995,0.15329009036304306
2017-10-30,1.0,0.018422048879303706,0.11348913658311514
2017-10-31,1.0,0.022335222418251525,0.14784667875697044
2017-11-01,1.0,0.02825707665085324,0.1492910576111757
2017-11-02,1.0,0.02148290940683197,0.13348693583837767
2017-11-03,1.0,0.017007828099832218,0.14775631889506405
2017-11-06,1.0,0.010732253989423015,0.1755819392641128
2017-11-07,1.0,0.006710825946927248,0.17545997171821984
2017-11-08,1.0,0.004538448381859383,0.20438297949364823
2017-11-09,1.0,0.0023544337599029153,0.27574157324851123
2017-11-10,0.0,-0.024692612590371636,0.6586400458575344
2017-11-13,0.0,-0.013137955550446886,0.637415174433322
2017-11-14,0.0,-0.02538207327141716,0.5061345433235407
2017-11-15,0.0,-0.02937654579907883,0.6130214622748958
2017-11-16,0.0,-0.02209434315820662,0.6342261433011258
2017-11-17,0.0,-0.02604125455177017,0.6335207805721432
2017-11-20,0.0,-0.026625066185383246,0.7171925053908137
2017-11-21,0.0,-0.013669277585298924,0.7631683132504726
2017-11-22,0.0,-0.02276109820497513,0.6657562335721683
2017-11-23,0.0,-0.01983118893219221,0.591153844861601
2017-11-24,0.0,-0.01653821623590603,0.5745945804656808
2017-11-27,0.0,-0.021808560102615848,0.6056967798411155
2017-11-28,0.0,-0.03432417876869311,0.7697063602860934
2017-11-29,0.0,-0.0363216364875837,0.7623612539363946
2017-11-30,0.0,-0.024808877621111607,0.7307091605500944
2017-12-01,0.0,-0.01487151092981226,0.5936750394177697
2017-12-04,0.0,-0.01543100420214802,0.49132825565525695
2017-12-05,0.0,-0.011590133363168553,0.38908276514271245
2017-12-06,0.0,-0.007453902341983428,0.40971690291884866
2017-12-07,0.0,-0.005853318339767416,0.2735444266359239
2017-12-08,1.0,0.0005506102736152095,0.2453239169038125
2017-12-11,0.0,-0.0009176838305759675,0.20321037840674988
2017-12-12,1.0,0.003121273074755242,0.17539723453251027
2017-12-13,1.0,0.0023881705113689305,0.14415844339806308
2017-12-14,0.0,-0.010630598645925731,0.3126203250486007
2017-12-15,0.0,-0.015432972116439455,0.28553644727362204
2017-12-18,0.0,-0.011730339785489605,0.28465522882814986
2017-12-19,0.0,-0.01609692704217478,0.29347350628816804
2017-12-20,0.0,-0.005287641091787738,0.1830658506065345
2017-12-21,1.0,0.006531227861161432,0.1392791365560535
2017-12-22,1.0,0.004536801175996441,0.11805233427323196
2017-12-25,0.0,-0.0028964538714563834,0.18312000652574234
2017-12-26,0.0,-0.008353053834175487,0.13691346455725747
2017-12-27,0.0,-0.022255570159466328,0.1757897739609211
2017-12-28,0.0,-0.023654669152718757,0.28130711280658977
2017-12-29,0.0,-0.022018904318924632,0.1888137098553444
2018-01-02,0.0,-0.02042916569215084,0.1906692407364762
2018-01-03,0.0,-0.025102898279832475,0.29161715978407027
2018-01-04,0.0,-0.0233896983110757,0.22073905099934527
2018-01-05,0.0,-0.02588145548582585,0.21578908682860626
2018-01-08,0.0,-0.021281235959349054,0.2694314606063441
2018-01-09,0.0,-0.01925385613779254,0.25636774035624343
2018-01-10,0.0,-0.02458992095317572,0.2712678616543944
2018-01-11,0.0,-0.023780619823102127,0.31841954006310813
2018-01-12,0.0,-0.024812491911998275,0.304417515502882
2018-01-15,0.0,-0.02713309923639983,0.3788179032040703
2018-01-16,0.0,-0.023167059281534303,0.23481085953987993
2018-01-17,0.0,-0.02506216092192571,0.22311325763589188
2018-01-18,0.0,-0.02428535443902018,0.20843891166061182
2018-01-19,0.0,-0.0236288710375871,0.11547934350452185
2018-01-22,0.0,-0.02508766368279759,0.06311326403811321
2018-01-23,0.0,-0.027210095184436428,0.10298292231522839
2018-01-24,0.0,-0.03461431008076723,0.1758652459559013
2018-01-25,0.0,-0.04111780875107674,0.2955007914601048
2018-01-26,0.0,-0.020935613944844854,0.1815082088949873
2018-01-29,0.0,-0.015913536544344915,0.05942122672070255
2018-01-30,0.0,-0.004351774773504285,0.052299277068316725
2018-01-31,0.0,-0.0059831562768342395,0.041318707554690956
2018-02-01,0.0,-0.005266515396182904,0.020557364202139043
2018-02-02,0.0,-0.0058055315453204,0.019945977563988908
2018-02-05,1.0,0.004369999671118388,0.0654797283630352
2018-02-06,0.0,-0.0030844622113822425,0.10756553594022625
2018-02-07,1.0,0.005493513174634702,0.03935701740839056
2018-02-08,0.0,-0.0016576115776327195,0.024534479616535706
2018-02-09,0.0,-0.011788679533510902,0.04379845484406793
2018-02-12,0.0,-0.009572974431890764,0.043049080670993
2018-02-13,0.0,-0.017471708806287806,0.11880687933415518
2018-02-14,0.0,-0.021415662416791183,0.1677586009724039
2018-02-22,0.0,-0.01157781930339091,0.10632998128141076
2018-02-23,0.0,-0.008594731520800905,0.10392166598825625
2018-02-26,0.0,-0.008372819208604936,0.16661525653035786
2018-02-27,0.0,-0.007498892022046492,0.12763505338813813
2018-02-28,1.0,0.0044012541247134655,0.16398746090265395
2018-03-01,1.0,0.008976885417755362,0.10307574005797016
2018-03-02,1.0,0.0065789710980425605,0.13390150590472813
2018-03-05,1.0,0.0007305936398033257,0.15804491111950142
2018-03-06,0.0,-0.003298518658665159,0.11140053353357957
2018-03-07,0.0,-0.009516909311160386,0.1646452515436883
2018-03-08,0.0,-0.005856532112712983,0.162386401357927
2018-03-09,0.0,-0.0014686986300810258,0.13172366791380902
2018-03-12,0.0,-0.0014689683140980219,0.12559636058584248
2018-03-13,1.0,0.00146789017182891,0.09318697026784661
2018-03-14,0.0,-0.0012840504378230342,0.1391688182754328
2018-03-15,0.0,-0.0014689683140980219,0.07845224516876108
2018-03-16,1.0,0.007343524831594412,0.09561039973509414
2018-03-19,1.0,0.013242790551026921,0.10211793837971893
2018-03-20,1.0,0.0007371913345281344,0.09875179485933624
2018-03-21,0.0,-0.0035097477609711742,0.12521440615375312
2018-03-22,0.0,-0.01491877748253021,0.2155462643496123
2018-03-23,0.0,-0.02175389687364522,0.41943120022134284
2018-03-26,0.0,-0.01827202306012693,0.30480309881208234
2018-03-27,0.0,-0.016635060504532208,0.1778992233567596
2018-03-28,0.0,-0.009527371443672885,0.1890354778801945
2018-03-29,0.0,-0.0005535566152979313,0.2510417084023273
2018-03-30,0.0,-0.0005525370800855884,0.148049352892905
2018-04-02,1.0,0.0012871197878817763,0.1480544120545625
2018-04-03,0.0,-0.006780929492285638,0.20350555883321336
2018-04-04,0.0,-0.0027470029177786254,0.23317549237531524
2018-04-09,1.0,0.0007335412028901824,0.15354366739470313
2018-04-10,1.0,0.002014837205105094,0.2003078501782241
2018-04-11,0.0,-0.0043843694638982175,0.25017394615930644
2018-04-12,0.0,-0.011696039763191187,0.317009447445432
2018-04-13,0.0,-0.001098901209485496,0.3314644401226419
2018-04-16,0.0,-0.008605747516914692,0.2778806769360846
2018-04-17,0.0,-0.010799043356327332,0.25881437259364043
2018-04-18,0.0,-0.008965388017650889,0.24425826325756148
2018-04-19,0.0,-0.013351821578334182,0.26663231562759293
2018-04-20,0.0,-0.01768327529430176,0.2163563619161903
2018-04-23,0.0,-0.008289630227887947,0.20225524809031403
2018-04-24,0.0,-0.004423970348942945,0.20426410154750071
2018-04-25,1.0,0.0011039559538837415,0.15363717360161708
2018-04-26,0.0,-0.000735835206122905,0.18821583563167182
2018-04-27,1.0,0.0020263431452324674,0.24754033234378292
2018-05-02,1.0,0.006267301620391851,0.20206646179102777
2018-05-03,0.0,-0.009713262476067264,0.5593623054457648
2018-05-04,0.0,-0.01007611346270328,0.48657659460653624
2018-05-07,0.0,-0.012801930508235776,0.5262828134871035
2018-05-08,0.0,-0.012811302602363569,0.5127983511850753
2018-05-09,0.0,-0.01411960745277075,0.5598424605005948
2018-05-10,0.0,-0.016881134822095925,0.5358317527542616
2018-05-11,0.0,-0.018150649539870844,0.44473683262957175
2018-05-14,0.0,-0.01852414270719771,0.37678215445492225
2018-05-15,0.0,-0.015829522505296678,0.35426703599117076
2018-05-16,0.0,-0.0062870029569915145,0.256088029219771
2018-05-17,0.0,-0.001668985088388408,0.13689911079809064
2018-05-18,0.0,-0.0007401924838319668,0.1294135288628747
2018-05-21,0.0,-0.006888233509661596,0.13419080996436267
2018-05-22,0.0,-0.01060179185147496,0.14427576283952043
2018-05-23,0.0,-0.02432299514022002,0.1658609793142697
2018-05-24,0.0,-0.03304697250388932,0.3026536548888687
2018-05-25,0.0,-0.031188716926696062,0.3578970528950654
2018-05-28,0.0,-0.022276770466675356,0.27738191825253966
2018-05-29,0.0,-0.02595141003301303,0.27639128185905315
2018-05-30,0.0,-0.029427495889046206,0.4462048168594449
2018-05-31,0.0,-0.03032776812969875,0.41565194575329584
2018-06-01,0.0,-0.023647878252471333,0.41619838576823537
2018-06-04,0.0,-0.015165816843778683,0.28101703460124017
2018-06-05,0.0,-0.017998444852645644,0.24002011693463246
2018-06-06,0.0,-0.018338941298098196,0.25627128658016834
2018-06-07,0.0,-0.01611295162313677,0.1934938809777577
2018-06-08,0.0,-0.020420238044592344,0.19423432657349624
2018-06-11,0.0,-0.026380872249263897,0.24236416519281065
2018-06-12,0.0,-0.025280156673078372,0.21863576907502694
2018-06-13,0.0,-0.02117070712296671,0.14505699562494798
2018-06-14,0.0,-0.022755583678517755,0.23933714731735234
2018-06-15,0.0,-0.027414200566292183,0.27996567458641136
2018-06-19,0.0,-0.016345089000519133,0.2026991203576889
2018-06-20,0.0,-0.012663111484629778,0.1589010194547639
2018-06-21,0.0,-0.005022799137591908,0.1515375000047755
2018-06-22,0.0,-0.007047506913913923,0.16346198463965136
2018-06-25,0.0,-0.014113511892328968,0.26316396281377324
2018-06-26,0.0,-0.013360748015279079,0.2779978339328936
2018-06-27,0.0,-0.013529999743681976,0.3246055203948096
2018-06-28,0.0,-0.010016778243471232,0.3050466830512054
2018-06-29,0.0,-0.008696511465339994,0.36405215658067136
2018-07-02,0.0,-0.015369249848341513,0.41856705264388266
2018-07-03,0.0,-0.013142253015587043,0.5344892429745182
2018-07-04,0.0,-0.01944325670422782,0.5771346647824228
2018-07-05,0.0,-0.02920322843515624,0.4698879102984058
2018-07-06,0.0,-0.016977709881817543,0.5377143217300732
2018-07-09,0.0,-0.019224251929096492,0.49677759453519155
2018-07-10,0.0,-0.015188289745434323,0.39559218451554123
2018-07-11,0.0,-0.012539349252735364,0.45301226535315897
2018-07-12,1.0,0.003487841993816015,0.4662716454960976
2018-07-13,1.0,0.013344499276188533,0.3168992559533971
2018-07-16,1.0,0.01169390267085502,0.3619300772371034
2018-07-17,1.0,0.010804976468731105,0.3504072898040547
2018-07-18,1.0,0.02096435734830211,0.25750678849270525
2018-07-19,1.0,0.021049555447651642,0.25735604572453474
2018-07-20,1.0,0.01903076647545298,0.3405216354505538
2018-07-23,1.0,0.018402632840687962,0.4216857181338612
2018-07-24,1.0,0.01986035943351161,0.4457737847371414
2018-07-25,1.0,0.02471954293503665,0.38516099754603156
2018-07-26,1.0,0.0225300227426445,0.38674262016880473
2018-07-27,1.0,0.023119260351940278,0.4934533709573761
2018-07-30,1.0,0.02077334174962202,0.45281677793043207
2018-07-31,1.0,0.011892922173667903,0.45003688051390417
2018-08-01,1.0,0.014083451797101621,0.4733419933929867
2018-08-02,1.0,0.017028700413454403,0.3518015898761786
2018-08-03,1.0,0.019788113613405125,0.3403786276136299
2018-08-06,1.0,0.020509783199122236,0.3293065487847647
2018-08-07,1.0,0.021246220424670448,0.24924682224663802
2018-08-08,1.0,0.03607605647380959,0.20517571663037626
2018-08-09,1.0,0.03338203259022473,0.1639652211958989
2018-08-10,1.0,0.026194372464423462,0.14177467055215273
2018-08-13,1.0,0.019613863120155627,0.26471083524977307
2018-08-14,1.0,0.028907471753578905,0.15712685792213982
2018-08-15,1.0,0.03545233064551599,0.11521356164860264
2018-08-16,1.0,0.04987183004017294,0.13367617243756014
2018-08-17,1.0,0.054846200846473625,0.08131276691945785
2018-08-20,1.0,0.05199076936799211,0.08344584558396352
2018-08-21,1.0,0.046400548458357366,0.11940077204185831
2018-08-22,1.0,0.04910310424396199,0.12366061407790728
2018-08-23,1.0,0.049290915306585595,0.1318537810082506
2018-08-24,1.0,0.04837879977526734,0.1558441514789066
2018-08-27,1.0,0.04192066165618412,0.16104660774843624
2018-08-28,1.0,0.03389533970459187,0.11121525988890776
2018-08-29,1.0,0.045745260686875025,0.1590985323806754
2018-08-30,1.0,0.043890752738448086,0.1267257030856063
2018-08-31,1.0,0.03863888137244458,0.20116371133609168
2018-09-03,1.0,0.04312990688490841,0.15298374659105998
2018-09-04,1.0,0.04886187703116439,0.12241800867479047
2018-09-05,1.0,0.05244097891912889,0.15952296023958934
2018-09-06,1.0,0.05068312328603539,0.15348033856027496
2018-09-07,1.0,0.05780275045536329,0.1824491487394445
2018-09-10,1.0,0.05977366609766481,0.17101667220862907
2018-09-11,1.0,0.05181750153626018,0.1350381571683846
2018-09-12,1.0,0.05114335811018749,0.15254471921362525
2018-09-13,1.0,0.04467877732776787,0.1512983585868907
2018-09-14,1.0,0.04209421672807618,0.21429453495480938
2018-09-17,1.0,0.052993736725326146,0.18664441787197822
2018-09-18,1.0,0.05417536923646222,0.16293471030872236
2018-09-19,1.0,0.051638448474289875,0.1662940740602987
2018-09-20,1.0,0.060054208690242736,0.15387152139329544
2018-09-21,1.0,0.05916964647483955,0.16813171022110057
2018-09-25,1.0,0.06903019118615923,0.10660963596268315
2018-09-26,1.0,0.0689307616145671,0.12470920536315139
2018-09-27,1.0,0.06829454743622666,0.15841429064450152
2018-09-28,1.0,0.08308711484379484,0.16242838316630667
2018-10-08,1.0,0.07059218746952617,0.1358648926508895
2018-10-09,1.0,0.0816780310142673,0.18101737664922998
2018-10-10,1.0,0.08116190197055166,0.15694891373565847
2018-10-11,1.0,0.06883203712743685,0.19915742245665036
2018-10-12,1.0,0.05143072309662407,0.2992677552222091
2018-10-15,1.0,0.038647851413859895,0.3988157661899032
2018-10-16,1.0,0.041453947384529614,0.38417849235873197
2018-10-17,1.0,0.03736246533142312,0.3545952110678873
2018-10-18,1.0,0.036803010193860244,0.3313442130773094
2018-10-19,1.0,0.029448009926900463,0.3571683650814143
2018-10-22,1.0,0.031227445937312158,0.275453033609211
2018-10-23,1.0,0.02900301143951363,0.34281727628282266
2018-10-24,1.0,0.028105727611777383,0.40804417208738714
2018-10-25,1.0,0.01673530245222597,0.3695753591961865
2018-10-26,1.0,0.0176302313762705,0.3131261912534381
2018-10-29,1.0,0.02048339493204224,0.37804011624102796
2018-10-30,1.0,0.021586780605994473,0.31814753039962124
2018-10-31,1.0,0.028686083136321507,0.31413626727446886
2018-11-01,1.0,0.036730818316867773,0.28400371270667374
2018-11-02,1.0,0.0398629290995171,0.2574711764460097
2018-11-05,1.0,0.04244621902025968,0.21813747364810893
2018-11-06,1.0,0.042582271403378766,0.21216017155056352
2018-11-07,1.0,0.0470800090613693,0.2719364692473403
2018-11-08,1.0,0.03291681501314201,0.3237466635346283
2018-11-09,1.0,0.035771587739372036,0.20870314439492765
2018-11-12,1.0,0.04143652270848134,0.31346266182278687
2018-11-13,1.0,0.04316450192816622,0.2652765974794251
2018-11-14,1.0,0.049913031918592185,0.23507044995099066
2018-11-15,1.0,0.04895343578932027,0.23858973808189313
2018-11-16,1.0,0.04870436040259415,0.26054937911862663
2018-11-19,1.0,0.05284644521621482,0.28887762943394724
2018-11-20,1.0,0.042753532839416006,0.26638092121120216
2018-11-21,1.0,0.03728887869019582,0.29736941850516035
2018-11-22,1.0,0.03392539071449266,0.2179310604142032
2018-11-23,1.0,0.03288786684483521,0.17746178077740873
2018-11-26,1.0,0.03221258891178865,0.20737357615054916
2018-11-27,1.0,0.02810613641443699,0.19259022464847322
2018-11-28,1.0,0.029466100573810047,0.26245147965525417
2018-11-29,1.0,0.008016431991925603,0.228329541958113
2018-11-30,1.0,0.004819286435948922,0.158182564386503
2018-12-03,1.0,0.014268121489328944,0.16225350811595116
2018-12-04,1.0,0.009119419480681092,0.12908585573413872
2018-12-05,1.0,0.01653517982659383,0.10139302670191962
2018-12-06,1.0,0.017179205805883748,0.14779573140611904
2018-12-07,1.0,0.013996153710730937,0.16511354458529187
2018-12-10,1.0,0.008967093052617572,0.18557263051083822
2018-12-11,1.0,0.00863061279732669,0.16223179123803064
2018-12-12,1.0,0.0130720815673527,0.1575749711197844
2018-12-13,1.0,0.015548016388484836,0.12679252670159583
2018-12-14,1.0,0.019778147791643493,0.127891211805068
2018-12-17,1.0,0.0189135112079654,0.12451494776983164
2018-12-18,1.0,0.0193225755248576,0.14236071487403915
2018-12-19,1.0,0.013359312764014083,0.14782999443398784
2018-12-20,1.0,0.020695231763243185,0.24833549028174454
2018-12-21,1.0,0.012214425106535766,0.2373586437016818
2018-12-24,1.0,0.009761276738900187,0.2580604880312392
2018-12-25,1.0,0.0012183449422815376,0.23906171202104812
2018-12-26,0.0,-0.019315789299291522,0.21739851416638817
2018-12-27,0.0,-0.01477859409611872,0.2886624197893123
2018-12-28,0.0,-0.020000666706669654,0.2538229529214219
2019-01-02,0.0,-0.018908126336835154,0.21694133017836878
2019-01-03,0.0,-0.027021603976297385,0.3075349633056447
2019-01-04,0.0,-0.022273410777984164,0.3066879625586118
2019-01-07,0.0,-0.014833183577856793,0.392404374406867
2019-01-08,0.0,-0.005060651233097974,0.3064707529775699
2019-01-09,0.0,-0.00017471826723932225,0.2814526380537381
2019-01-10,0.0,-0.012627316150848089,0.2547630114169987
2019-01-11,0.0,-0.011293573361122843,0.2599001670193958
2019-01-14,0.0,-0.012532155897845813,0.23325092535910827
2019-01-15,0.0,-0.015240415487704521,0.22616215463690145
2019-01-16,0.0,-0.02274440616640961,0.20330186870253575
2019-01-17,0.0,-0.019837703323472573,0.17140503634943383
2019-01-18,0.0,-0.01680414530684826,0.2074676317037138
2019-01-21,0.0,-0.014941579998199027,0.21905765364287025
2019-01-22,0.0,-0.015655897072552907,0.1828659496326063
2019-01-23,0.0,-0.011347639497537615,0.18415094290745646
2019-01-24,0.0,-0.006551594926435316,0.1817981286751637
2019-01-25,0.0,-0.005671762811710169,0.18345831271644206
2019-01-28,0.0,-0.014282178764801865,0.23256786242782382
2019-01-29,0.0,-0.001221960525622115,0.2308417443946929
2019-01-30,0.0,-0.006454448923035911,0.24591822511202793
2019-01-31,0.0,-0.0024347838115131885,0.21898758027324355
2019-02-01,0.0,-0.00693965311054048,0.25187611329931914
2019-02-11,0.0,-0.005208345107138235,0.2694652620587094
2019-02-12,1.0,0.0012109680573350315,0.336833181898195
2019-02-13,1.0,0.015490843328658402,0.32840855744164926
2019-02-14,1.0,0.0126113790330187,0.38445114293777843
2019-02-15,1.0,0.00945105411011823,0.3924268335780107
2019-02-18,1.0,0.002574445770996807,0.3719962169232339
2019-02-19,0.0,-0.006715479391699852,0.3343997611127967
2019-02-20,0.0,-0.014420850767641826,0.390175569161951
2019-02-21,0.0,-0.008959398318357594,0.4012900433049005
2019-02-22,0.0,-0.000863632491713546,0.44574978508769714
2019-02-25,1.0,0.0062026387694880825,0.3435863117384459
2019-02-26,1.0,0.007755316767478224,0.2967159296368961
2019-02-27,1.0,0.008108385664550029,0.2370246774081184
2019-02-28,1.0,0.01590903344367861,0.3276869633117403
2019-03-01,1.0,0.014758493417377986,0.32340311058445964
2019-03-04,1.0,0.04050966753976355,0.400449247428636
2019-03-05,1.0,0.055078855145120086,0.3042918614323559
2019-03-06,1.0,0.05980135778877775,0.2997737441134237
2019-03-07,1.0,0.07143441205481756,0.2819180192205215
2019-03-08,1.0,0.06204467170497834,0.3621252739582734
2019-03-11,1.0,0.05500019933906932,0.37203563941331314
2019-03-12,1.0,0.05260313286693363,0.3490310250270294
2019-03-13,1.0,0.057644516183784175,0.32855651625577975
2019-03-14,1.0,0.06155265784959018,0.33844339891798625
2019-03-15,1.0,0.07714952356070039,0.434668448666252
2019-03-18,1.0,0.06416590614317823,0.36971916707809643
2019-03-19,1.0,0.06825820756263822,0.37355480691843246
2019-03-20,1.0,0.06359691179205344,0.3451444251408317
2019-03-21,1.0,0.07972147413399282,0.4506126602962915
2019-03-22,1.0,0.09090344963638639,0.42402625286924545
2019-03-25,1.0,0.09197502564314969,0.4260759957316677
2019-03-26,1.0,0.10992862991392637,0.4253387924632417
2019-03-27,1.0,0.09317907674433036,0.4345914800507807
2019-03-28,1.0,0.09342665690241929,0.5064251892358083
2019-03-29,1.0,0.11652140483141249,0.4683448866812749
2019-04-01,1.0,0.09059410413395748,0.2904175612169939
2019-04-02,1.0,0.10072458696490302,0.2606899307062784
2019-04-03,1.0,0.12665912278794697,0.21976652368818603
2019-04-04,1.0,0.1156799441240093,0.22451355763077832
2019-04-08,1.0,0.11254911503704643,0.1733615300798327
2019-04-09,1.0,0.10646749766380761,0.2449441152573562
2019-04-10,1.0,0.0923475922242105,0.23910539493623276
2019-04-11,1.0,0.09032581526153675,0.25089175969874755
2019-04-12,1.0,0.11868469594837368,0.3077444726973569
2019-04-15,1.0,0.11677691004255346,0.21618061041778605
2019-04-16,1.0,0.12113246248981845,0.16746454734083865
2019-04-17,1.0,0.1264753069003139,0.24983595792574784
2019-04-18,1.0,0.12676882233219927,0.1966641333392762
2019-04-19,1.0,0.13250224068904412,0.1729315274153336
2019-04-22,1.0,0.14272022656064487,0.21137417201165792
2019-04-23,1.0,0.13913840377350628,0.21905724063050458
2019-04-24,1.0,0.13357621858772784,0.23967398823922118
2019-04-25,1.0,0.13100949205230084,0.29924132495208866
2019-04-26,1.0,0.1293032447050769,0.3016653141426633
2019-04-29,1.0,0.12608281778838676,0.31754449484068137
2019-04-30,1.0,0.12676016219149205,0.3007934104746831
2019-05-06,1.0,0.11410816932807508,0.3445743687692232
2019-05-07,1.0,0.12038533258256943,0.2745681386880834
2019-05-08,1.0,0.09763442013660642,0.3019998928554602
2019-05-09,1.0,0.12133598602248415,0.35196390566265684
2019-05-10,1.0,0.15078807624783544,0.3784054618727195
2019-05-13,1.0,0.14865248631963876,0.38056391573010784
2019-05-14,1.0,0.1549067682036638,0.4665806887750485
2019-05-15,1.0,0.16747657711079691,0.47584549427694695
2019-05-16,1.0,0.16819800132144344,0.4414993937419723
2019-05-17,1.0,0.16564226073508856,0.4434262435956948
2019-05-20,1.0,0.1966732711498086,0.5174517380472821
2019-05-21,1.0,0.1706390793411031,0.4307354632234261
2019-05-22,1.0,0.1843962463348149,0.39332814560638035
2019-05-23,1.0,0.1838468027837044,0.3706728338308024
2019-05-24,1.0,0.1739273259367025,0.4656513558603563
2019-05-27,1.0,0.16863751179350078,0.32072337900651887
2019-05-28,1.0,0.1712351283634894,0.22953648948823527
2019-05-29,1.0,0.17287004358183145,0.3275681067094053
2019-05-30,1.0,0.17693536637418983,0.30820051398087533
2019-05-31,1.0,0.19952379970393783,0.2792190294175513
2019-06-03,1.0,0.18976485724146078,0.3783392146196729
2019-06-04,1.0,0.17995567996845732,0.34026826979151675
2019-06-05,1.0,0.18441857207596626,0.37851131029974144
2019-06-06,1.0,0.1674619461998305,0.4469900832415834
2019-06-10,1.0,0.16775697356537397,0.23615217640656133
2019-06-11,1.0,0.17671414368292676,0.31251302940225395
2019-06-12,1.0,0.17091058713402324,0.3672774892697973
2019-06-13,1.0,0.17420825788052635,0.32514135899926205
2019-06-14,1.0,0.12635705890088417,0.2775915811920305
2019-06-17,1.0,0.14228937780381512,0.35077001523399803
2019-06-18,1.0,0.11903436195333698,0.2977321011967628
2019-06-19,1.0,0.12828019904189458,0.3862863314229804
2019-06-20,1.0,0.10627575934511709,0.20747317964599102
2019-06-21,1.0,0.09904276902529535,0.17010717691231808
2019-06-24,1.0,0.08829037717057586,0.13421169104323113
2019-06-25,1.0,0.07395258407167497,0.09592758236798102
2019-06-26,1.0,0.08943153916422555,0.12582704659826222
2019-06-27,1.0,0.09398426371925842,0.10650783624065581
2019-06-28,1.0,0.10036145443391514,0.13362469530286247
2019-07-01,1.0,0.13091748882323404,0.10176421015051984
2019-07-02,1.0,0.1257096631417418,0.0946679250287495
2019-07-03,1.0,0.08489401186252596,0.08284005870186648
2019-07-04,1.0,0.08649967675607194,0.09317020093571957
2019-07-05,1.0,0.08163795128643396,0.06520033045739733
2019-07-08,1.0,0.08524489486081983,0.15014503052111774
2019-07-09,1.0,0.10886370395388745,0.12097796133750795
2019-07-10,1.0,0.10449807489716761,0.08625602411295562
2019-07-11,1.0,0.08081405226174927,0.08466920609211007
2019-07-12,1.0,0.07320526170448154,0.11663469513514771
2019-07-15,1.0,0.07252191115722385,0.09751667034314224
2019-07-16,1.0,0.06826876989219788,0.10755759749630257
2019-07-17,1.0,0.08174632705902143,0.14964798831912487
2019-07-18,1.0,0.0693062037784072,0.12258359174505808
2019-07-19,1.0,0.05549879087267155,0.087145137092184
2019-07-22,1.0,0.05991808633410369,0.20378742008668785
2019-07-23,1.0,0.07041430612081426,0.14990314868440005
2019-07-24,1.0,0.06612103179810905,0.19801787472693136
2019-07-25,1.0,0.07327135271654818,0.12938098719764998
2019-07-26,1.0,0.07687979080963145,0.17456868611334356
2019-07-29,1.0,0.06451896525173763,0.21088649841192333
2019-07-30,1.0,0.059588233490803076,0.13450166530611293
2019-07-31,1.0,0.056848047605303265,0.13710471110120886
2019-08-01,1.0,0.08314784820157703,0.29302026897003003
2019-08-02,1.0,0.05825436065923485,0.1470484785108907
2019-08-05,1.0,0.02191381738363985,0.12427332043235886
2019-08-06,1.0,0.0029757498524738274,0.21845025066263118
2019-08-07,0.0,-0.010144908003255978,0.12198526404833127
2019-08-08,0.0,-0.03622245360800642,0.15728413662871077
2019-08-09,0.0,-0.04252190631720581,0.08595615820339716
2019-08-12,0.0,-0.04744031310121717,0.10740064979035867
2019-08-13,0.0,-0.04707435061613193,0.06324987348944079
2019-08-14,0.0,-0.017353376645882452,0.13371825170017365
2019-08-15,0.0,-0.032770632832489266,0.04806372092677987
2019-08-16,0.0,-0.033777609829037145,0.03877200552959328
2019-08-19,0.0,-0.023661100901617174,0.04106471487090097
2019-08-20,0.0,-0.01637702928132277,0.049880627828088255
2019-08-21,0.0,-0.019148432757082612,0.045749919653452216
2019-08-22,0.0,-0.024988514353146026,0.04162145908369157
2019-08-23,0.0,-0.031837208112439806,0.05368398870427627
2019-08-26,0.0,-0.06650369810035334,0.052738867576865835
2019-08-27,0.0,-0.06597063989479643,0.061505173099609435
2019-08-28,0.0,-0.06937113526076065,0.06629796695423931
2019-08-29,0.0,-0.07763381425499233,0.06138263558137939
2019-08-30,0.0,-0.05918887139033065,0.09646152315669222
2019-09-02,0.0,-0.05473104782506592,0.09254035885490428
2019-09-03,0.0,-0.0409735423484567,0.044923187689694846
2019-09-04,0.0,-0.04982830731042051,0.11045869097068496
2019-09-05,0.0,-0.06230586251714986,0.06523075316501264
2019-09-06,0.0,-0.037195274331120104,0.20075947570555377
2019-09-09,0.0,-0.040275462017671015,0.156878534069154
2019-09-10,0.0,-0.023145310931689745,0.15429012484196064
2019-09-11,0.0,-0.020471155379594364,0.1501308489277351
2019-09-12,0.0,-0.03387664749451702,0.09844917465147064
2019-09-16,0.0,-0.023405354819675383,0.13626384655389745
2019-09-17,0.0,-0.020176084470085977,0.14033642776635746
2019-09-18,0.0,-0.023122417420854264,0.1428485418908916
2019-09-19,0.0,-0.023274543381442674,0.18196265511068213
2019-09-20,0.0,-0.02216480355938468,0.12231489429998894
2019-09-23,0.0,-0.02937383504985795,0.10393684529997602
2019-09-24,0.0,-0.02978152268172429,0.12411386514305305
2019-09-25,0.0,-0.02887117662178296,0.1426993573140553
2019-09-26,0.0,-0.015656179204846857,0.31982189294934105
2019-09-27,0.0,-0.003036220072667409,0.23313676825774274
2019-09-30,1.0,0.0011875281985273913,0.208710297118291
2019-10-08,1.0,0.00861301893800653,0.11873209915272022
2019-10-09,0.0,-0.009371385455802883,0.159693753403427
2019-10-10,1.0,0.009901921044192403,0.1893905467623608
2019-10-11,1.0,0.035477101325158016,0.23380131973672272
2019-10-14,1.0,0.04094643643949803,0.30602652935984764
2019-10-15,1.0,0.054204317404918705,0.22810442540268788
2019-10-16,1.0,0.022783735736062266,0.34056096178306094
2019-10-17,1.0,0.01907572293222331,0.2874080888946762
2019-10-18,1.0,0.021463899983693448,0.2545377808300785
2019-10-21,1.0,0.008594997918760809,0.22684805789279522
2019-10-22,1.0,0.02061149436513284,0.28685488343908305
2019-10-23,1.0,0.01742300309523503,0.23249958974238338
2019-10-24,1.0,0.018222416943077947,0.16861724969801808
2019-10-25,1.0,0.009500641784743446,0.2007253315766145
2019-10-28,1.0,0.019370091491407636,0.27111137786295525
2019-10-29,1.0,0.021532418342379896,0.24991984127291653
2019-10-30,1.0,0.029426226632268664,0.2665521124837706
2019-10-31,1.0,0.05198200469487294,0.25890931072105106
2019-11-01,1.0,0.03470537520707241,0.25488971265742183
2019-11-04,1.0,0.030149005172698015,0.225388177000484
2019-11-05,1.0,0.0317120837016843,0.257044290029257
2019-11-06,1.0,0.05139728541470423,0.44987776446699906
2019-11-07,1.0,0.04961314869523964,0.3151113707188093
2019-11-08,1.0,0.06555426525740667,0.5211523431541905
2019-11-11,1.0,0.06566910350785723,0.4325167339180805
2019-11-12,1.0,0.08246251475496946,0.4938289273098945
2019-11-13,1.0,0.059710610592061446,0.431715122084648
2019-11-14,1.0,0.060022330472532186,0.4196401955043552
2019-11-15,1.0,0.06750852629075645,0.41747345569556754
2019-11-18,1.0,0.07961246824323763,0.3985816487363644
2019-11-19,1.0,0.07612864784797531,0.4752718576519647
2019-11-20,1.0,0.0921825135389359,0.5079650587719634
2019-11-21,1.0,0.11397150445985732,0.5144988410804114
2019-11-22,1.0,0.09544469145996275,0.513745422854602
2019-11-25,1.0,0.10962689366053412,0.5508982043913053
2019-11-26,1.0,0.1103302463024553,0.6674674939188701
2019-11-27,1.0,0.0969332054798026,0.6402112900567043
2019-11-28,1.0,0.07600921876727776,0.6591464520927226
2019-11-29,1.0,0.07060808900942307,0.527143718364255
2019-12-02,1.0,0.09184303293219968,0.5025526876534354
2019-12-03,1.0,0.0901285757168078,0.5437239879335355
2019-12-04,1.0,0.09177993685147103,0.46055510096614977
2019-12-05,1.0,0.0892097103593313,0.4605266472137668
2019-12-06,1.0,0.08352550893587861,0.4158487729372204
2019-12-09,1.0,0.0983453291366255,0.6059781367962067
2019-12-10,1.0,0.08669953362157025,0.45095812645054256
2019-12-11,1.0,0.05608946665104358,0.5253133325530851
2019-12-12,1.0,0.024020276875177434,0.4711923092446225
2019-12-13,0.0,-0.011239787749507742,0.6323987188277101
2019-12-16,1.0,0.002480365058331925,0.516790481416957
2019-12-17,0.0,-0.004268696824011502,0.502035878706871
2019-12-18,1.0,0.0035379481446647953,0.48668770207185713
2019-12-19,1.0,0.004663113841873386,0.46101510934614764
2019-12-20,1.0,0.05552202867185831,0.4312224504221046
2019-12-23,1.0,0.06883607023221998,0.4746470647477632
2019-12-24,1.0,0.06134734672718095,0.4232070870332255
2019-12-25,1.0,0.06693906413731728,0.39660047742606
2019-12-26,1.0,0.05808466406148704,0.4737070748885164
2019-12-27,1.0,0.05520973904645515,0.4822818932188351
2019-12-30,1.0,0.03738646979907946,0.47255010759497973
2019-12-31,1.0,0.037339478517773445,0.4360513643022775
2020-01-02,1.0,0.04859209860908416,0.3858053446351798
2020-01-03,1.0,0.06269293025637458,0.45446802057156893
2020-01-06,1.0,0.03256114376764519,0.4142636149469754
2020-01-07,1.0,0.04549242565277696,0.4476294635644177
2020-01-08,1.0,0.035569229862403205,0.3867458929696844
2020-01-09,1.0,0.06995781205715969,0.34472943899779035
2020-01-10,1.0,0.07790428245855928,0.1591926054473702
2020-01-13,1.0,0.07416520822390896,0.1366843077848265
2020-01-14,1.0,0.09586386777575719,0.18071605682385297
2020-01-15,1.0,0.06849784191897287,0.15091731261829072
2020-01-16,1.0,0.06357530305236007,0.15360023702494724
2020-01-17,1.0,0.07380806602619955,0.17760092475557218
2020-01-20,1.0,0.07003082585269872,0.15114624554466619
2020-01-21,1.0,0.07789038279294871,0.16372816032127777
2020-01-22,1.0,0.09433881412368982,0.17285857711647715
2020-01-23,1.0,0.08055142160309546,0.1682853093325421
2020-02-03,1.0,0.04835271014483845,0.21373866047592582
2020-02-04,1.0,0.061357582979197786,0.2409207406444756
2020-02-05,1.0,0.07098963446234328,0.2692581185786982
2020-02-06,1.0,0.07561486281664154,0.22651925433720416
2020-02-07,1.0,0.06522626088164747,0.19334168396588336
2020-02-10,1.0,0.07533265303654009,0.20252956055233895
2020-02-11,1.0,0.07374935496163872,0.14857424733664892
2020-02-12,1.0,0.0731874517524888,0.170786568081534
2020-02-13,1.0,0.068663710022802,0.23629436576808535
2020-02-14,1.0,0.07472040700159274,0.2843856883813425
2020-02-17,1.0,0.08630329362981722,0.2516788031584438
2020-02-18,1.0,0.10914560295473595,0.2851229605077821
2020-02-19,1.0,0.08030045106817614,0.32572674776296945
2020-02-20,1.0,0.08819769252439562,0.3060833330888543
2020-02-21,1.0,0.06041265116883029,0.2750668839891401
2020-02-24,1.0,0.037933444265783156,0.30119622915185745
2020-02-25,1.0,0.05698802935349233,0.2348164128566418
2020-02-26,1.0,0.054795411104141,0.26718016964587576
2020-02-27,1.0,0.04416132325027889,0.26579633991546264
2020-02-28,1.0,0.06335870764110513,0.3597167587843649
2020-03-02,1.0,0.08787377399932483,0.45671950754650337
2020-03-03,1.0,0.09962601228902537,0.37840286525493066
2020-03-04,1.0,0.07428626603677596,0.3289962046669507
2020-03-05,1.0,0.06414508473691619,0.2572407231088079
2020-03-06,1.0,0.03567796342011333,0.30647467819646657
2020-03-09,1.0,0.04390437957192585,0.5344331626859687
2020-03-10,1.0,0.04674193703124538,0.29638938055041564
2020-03-11,1.0,0.0398193909012831,0.36227611660355363
2020-03-12,1.0,0.06110181044790399,0.5122775002947191
2020-03-13,1.0,0.09953550235303754,0.6826785398812808
2020-03-16,1.0,0.12554259945488824,0.8548398560859074
2020-03-17,1.0,0.17088267097792345,0.8666098122764759
2020-03-18,1.0,0.14604565995100313,0.8034068825374137
2020-03-19,1.0,0.15449861660811018,0.8379566287857412
2020-03-20,1.0,0.14342256871760228,0.898040993598649
2020-03-23,1.0,0.1458295829398622,0.8550379575894055
2020-03-24,1.0,0.10337785629093543,0.7499495543190761
2020-03-25,1.0,0.08558335455768772,0.745322657666154
2020-03-26,1.0,0.09627550084850793,0.4588994209363563
2020-03-27,1.0,0.08487350383494191,0.4673106733521127
2020-03-30,1.0,0.09418783123472692,0.5263845054049876
2020-03-31,1.0,0.0995613266807183,0.4043970135779121
2020-04-01,1.0,0.10684844946016687,0.5625152123421729
2020-04-02,1.0,0.10476704876778434,0.4401063367121258
2020-04-03,1.0,0.09488991082599675,0.4025689875914582
2020-04-07,1.0,0.06832933696416363,0.36190222130233596
2020-04-08,1.0,0.08330381012674032,0.2710663386571155
2020-04-09,1.0,0.0862977212241744,0.26241998730595656
2020-04-10,1.0,0.07259316810000423,0.1674854068550711
2020-04-13,1.0,0.07849587867329821,0.22759743204649988
2020-04-14,1.0,0.06515075423548244,0.19731766480412946
2020-04-15,1.0,0.07003399599536196,0.22280357411400714
2020-04-16,1.0,0.05821221023864246,0.3028838291358037
2020-04-17,1.0,0.07148675882286842,0.3209892852417133
2020-04-20,1.0,0.08024184144230309,0.3442853746663921
2020-04-21,1.0,0.07737245714482721,0.3277504878788885
2020-04-22,1.0,0.10433635667890202,0.47986996818473276
2020-04-23,1.0,0.0922896812835096,0.354127446376963
2020-04-24,1.0,0.09374622739286896,0.2950844181233243
2020-04-27,1.0,0.12338512791455107,0.3433891643382893
2020-04-28,1.0,0.13113525980367818,0.3919472314027377
2020-04-29,1.0,0.13013941835946893,0.3987099458500506
2020-04-30,1.0,0.12040922551598576,0.3326348320974088
2020-05-06,1.0,0.13003259320771737,0.4205030794741462
2020-05-07,1.0,0.13166546120198222,0.544808045336271
2020-05-08,1.0,0.1193063269545446,0.5647449468771906
2020-05-11,1.0,0.15121993983568385,0.6338186510801973
2020-05-12,1.0,0.16132624205325705,0.5884958403497166
2020-05-13,1.0,0.16357111759624052,0.5188656707534007
2020-05-14,1.0,0.14933085487132505,0.5778717483832001
2020-05-15,1.0,0.11323897449614935,0.5368343134727439
2020-05-18,1.0,0.03910949103300451,0.43674018274720083
2020-05-19,1.0,0.0548433858561253,0.5153029367323467
2020-05-20,1.0,0.05270932585203735,0.4395572489553889
2020-05-21,1.0,0.07173300090553511,0.37242346640014384
2020-05-22,1.0,0.09559136419168589,0.38775048458409217
2020-05-25,1.0,0.08664709523484632,0.3312200920381571
2020-05-26,1.0,0.056404910576604496,0.3031079165779581
2020-05-27,1.0,0.0697969108055421,0.35131770598987094
2020-05-28,1.0,0.052771221452291725,0.3315920495375351
2020-05-29,1.0,0.05447013022497432,0.40188728799009354
2020-06-01,1.0,0.043415613106489497,0.3554875711473563
2020-06-02,1.0,0.057704079796797716,0.29433227551890717
2020-06-03,1.0,0.06729525114240323,0.4272848047455681
2020-06-04,1.0,0.08113554143684154,0.4005543713431942
2020-06-05,1.0,0.09012900261506247,0.29215953789332366
2020-06-08,1.0,0.0898636100832394,0.2386695783593132
2020-06-09,1.0,0.07238688096447231,0.10044279804521264
2020-06-10,1.0,0.06481064087193292,0.054394003788662104
2020-06-11,1.0,0.05596107269757595,0.03918004973820887
2020-06-12,1.0,0.05664453195935228,0.035588186141250096
2020-06-15,1.0,0.059248018748964446,0.27559593263459226
2020-06-16,1.0,0.0666864420607407,0.17853096665815008
2020-06-17,1.0,0.06284118471964348,0.22842936480991183
2020-06-18,1.0,0.06481259240418925,0.24579903694973188
2020-06-19,1.0,0.06612147892851544,0.3925586915662322
2020-06-22,1.0,0.05181642796956575,0.8263668724854886
2020-06-23,1.0,0.045935861319077766,0.7988625050862336
2020-06-24,1.0,0.04127982101201466,0.7490129127241612
2020-06-29,1.0,0.04136765458758074,0.6250013726432201
2020-06-30,1.0,0.016974303381904053,0.6701901912806769
2020-07-01,0.0,-0.0054726504746589405,0.7009329429401566
2020-07-02,0.0,-0.006233995353725527,0.8124173377922171
2020-07-03,1.0,0.001297405371610075,0.7199064083207458
2020-07-06,1.0,0.0012003002191268086,0.6129830617468303
2020-07-07,1.0,0.013842596566305588,0.6784124169042541
2020-07-08,1.0,0.009252224426114602,0.7404411934862883
2020-07-09,1.0,0.0010366531842842443,0.7657404697983613
2020-07-10,1.0,0.02005240240231546,0.7650199095145084
2020-07-13,1.0,0.011818722294648584,0.7673174390257705
2020-07-14,1.0,0.002527694454155358,0.7139705654227411
2020-07-15,0.0,0.0,0.6953757280356684
2020-07-16,1.0,0.007087131633904079,0.6287921916141751
2020-07-17,1.0,0.012775756002165763,0.7412041374117048
2020-07-20,1.0,0.0044700581037347325,0.6535975010367672
2020-07-21,1.0,0.00029658922609898756,0.6803433097578557
2020-07-22,0.0,-0.02285590531457357,0.7416842891175627
2020-07-23,0.0,-0.03155974642395713,0.5912214934649342
2020-07-24,0.0,-0.045849677179470194,0.5664007205011016
2020-07-27,0.0,-0.059297200202979725,0.578671408259138
2020-07-28,0.0,-0.058870102900335224,0.6745418055557939
2020-07-29,0.0,-0.0760749763917273,0.4077186440219824
2020-07-30,0.0,-0.07712891086960962,0.396491177773738
2020-07-31,0.0,-0.07725124634281977,0.37970645886839055
2020-08-03,0.0,-0.06909222074936479,0.3612425936913912
2020-08-04,0.0,-0.06622528415809723,0.26423835931851025
2020-08-05,0.0,-0.09400040423680647,0.22915789327341599
2020-08-06,0.0,-0.09180840861399035,0.22416646926433445
2020-08-07,0.0,-0.09878057249214735,0.23251372714647092
2020-08-10,0.0,-0.11839368848562273,0.3952701380099489
2020-08-11,0.0,-0.09929117902630669,0.5408914535908943
2020-08-12,0.0,-0.05463471054517181,0.6278859000208801
2020-08-13,0.0,-0.04882855814926075,0.4510407156250659
2020-08-14,0.0,-0.05793967372419072,0.4650105921102477
2020-08-17,0.0,-0.06890199957085452,0.3385588273649975
2020-08-18,0.0,-0.09746948966444106,0.29840630849045224
2020-08-19,0.0,-0.09056796997808296,0.4243576620343435
2020-08-20,0.0,-0.06443014665901724,0.7694141169665955
2020-08-21,0.0,-0.06571527248589354,0.3917303603412191
2020-08-24,0.0,-0.08070872974107855,0.4402617794190184
2020-08-25,0.0,-0.09371721155713893,0.5132389411464854
2020-08-26,0.0,-0.08911758582744646,0.3319238719132105
2020-08-27,0.0,-0.09837283804005854,0.3465459490724977
2020-08-28,0.0,-0.12408855402347088,0.5677740362481879
2020-08-31,0.0,-0.12182497773284089,0.3064245827307958
2020-09-01,0.0,-0.11751373846188655,0.3279893070415922
2020-09-02,0.0,-0.09656510792904974,0.4598110772720538
2020-09-03,0.0,-0.07716139831199365,0.6039090527606676
2020-09-04,0.0,-0.08295583100085593,0.4788350593985793
2020-09-07,0.0,-0.0675083091172579,0.4110289539659233
2020-09-08,0.0,-0.07360581582486182,0.32433276793118393
2020-09-09,0.0,-0.0831728515665483,0.35180513607877584
2020-09-10,0.0,-0.09150775814202172,0.2890598371405564
2020-09-11,0.0,-0.0887295942078102,0.35369043158883623
2020-09-14,0.0,-0.08157735818410107,0.31025146943481285
2020-09-15,0.0,-0.0777426709693628,0.2893517794210842
2020-09-16,0.0,-0.06958339278421166,0.30842073138952397
2020-09-17,0.0,-0.054487030383625075,0.30261168389248
2020-09-18,0.0,-0.04553823780768273,0.26356234931148936
2020-09-21,0.0,-0.05998340215876109,0.3016794832293514
2020-09-22,0.0,-0.04040498545039738,0.740575617316417
2020-09-23,0.0,-0.019800631788068342,0.6306146025280548
2020-09-24,0.0,-0.00399202126953745,0.6426084823488288
2020-09-25,0.0,-0.013252540728129989,0.47182500494235824
2020-09-28,0.0,-0.015818969668219555,0.4603748969266859
2020-09-29,0.0,-0.030517625895160223,0.4687292571032631
2020-09-30,0.0,-0.027764303984411758,0.44790829195314835
2020-10-09,0.0,-0.013211019059339002,0.4164170092670218
2020-10-12,0.0,-0.01895814713271968,0.43848482004267725
2020-10-13,0.0,-0.013951077866948004,0.4650963012530143
2020-10-14,0.0,-0.012402101436598692,0.6581787324633274
2020-10-15,0.0,-0.018908126336835043,0.6024397251427912
2020-10-16,0.0,-0.050594348883339135,0.5348837840571358
2020-10-19,0.0,-0.04413074717168474,0.5910302091059261
2020-10-20,0.0,-0.04055566396530161,0.595310237792314
2020-10-21,0.0,-0.049024956718936634,0.617446144584188
2020-10-22,0.0,-0.042793753887509875,0.5402195235975847
2020-10-23,0.0,-0.042415264687154265,0.5639769133612339
2020-10-26,0.0,-0.03507353219891851,0.6278490597117398
2020-10-27,0.0,-0.041511022041769124,0.6266249825302054
2020-10-28,0.0,-0.031678671417857254,0.6920361173664574
2020-10-29,0.0,-0.022462623003591684,0.80812973031072
2020-10-30,0.0,-0.020608794518759493,0.8463221090065169
2020-11-02,0.0,-0.026657454676776885,0.794566817818792
2020-11-03,0.0,-0.03709282471554554,0.7307187406244585
2020-11-04,0.0,-0.04549343753422614,0.5848152203732758
2020-11-05,0.0,-0.040078039634315936,0.6653122518063133
2020-11-06,0.0,-0.03910903680298348,0.6127229083404968
2020-11-09,0.0,-0.04498072907860864,0.5849402037027178
2020-11-10,0.0,-0.02927387788955318,0.8898222064538227
2020-11-11,0.0,-0.034403701515188116,0.7678818507941595
2020-11-12,0.0,-0.04431137406266841,0.8753785718415722
2020-11-13,0.0,-0.04083459286609253,0.8453793547511514
2020-11-16,0.0,-0.028228505550489776,0.8305038397952718
2020-11-17,0.0,-0.02691250114307596,0.8308795046842606
2020-11-18,0.0,-0.05069982097351214,0.8715318128015543
2020-11-19,0.0,-0.051132190287102815,0.8944576666415369
2020-11-20,0.0,-0.040377994304769606,0.8716090371948122
2020-11-23,0.0,-0.03139398822067281,0.888563900573911
2020-11-24,0.0,-0.009752082739788543,0.9640695084300404
2020-11-25,0.0,-0.008739693861309095,0.9280802548444652
2020-11-26,0.0,-0.02859929217522423,0.9066889729559194
2020-11-27,0.0,-0.03524688030259271,0.9042086965031482
2020-11-30,0.0,-0.0261923632499559,0.9661347877527727
2020-12-01,0.0,-0.02901111686641517,0.9112861109127616
2020-12-02,0.0,-0.05217540507473736,0.8834202322321844
2020-12-03,0.0,-0.07324629182386658,0.8862513458644307
2020-12-04,0.0,-0.06473622054147496,0.8741093445711987
2020-12-07,0.0,-0.0655928615157374,0.8728885448831191
2020-12-08,0.0,-0.06991464731098516,0.8277141128004767
2020-12-09,0.0,-0.05611928224161806,0.8032350302351369
2020-12-10,0.0,-0.06050069274284178,0.8673011258499784
2020-12-11,0.0,-0.05069123334126943,0.8296601084644482
2020-12-14,0.0,-0.04887375786233651,0.8224248895123258
2020-12-15,0.0,-0.051776520051048776,0.8005474182107134
2020-12-16,0.0,-0.050588897295219024,0.7412153057627051
2020-12-17,0.0,-0.06026937122501498,0.6939365758268545
2020-12-18,0.0,-0.07347102572360811,0.7024920669099353
2020-12-21,0.0,-0.082539378681129,0.7585705229611688
2020-12-22,0.0,-0.06990988209683285,0.7629370171003399
2020-12-23,0.0,-0.06387112348682714,0.8061274313475163
2020-12-24,0.0,-0.07062253165613624,0.7195970272338419
2020-12-25,0.0,-0.075050967754114,0.7466311855498307
2020-12-28,0.0,-0.09059645972193815,0.8793003341317884
2020-12-29,0.0,-0.0971958747535351,0.8520311719747401
2020-12-30,0.0,-0.07574664038902275,0.7560781915994473
2020-12-31,0.0,-0.06538618058459732,0.7443692097913004
2021-01-04,0.0,-0.08538558928269373,0.7252462635791663
2021-01-05,0.0,-0.08618018182775637,0.7349030663158262
2021-01-06,0.0,-0.08491955237285335,0.7190843814763642
2021-01-07,0.0,-0.07032545991438832,0.8270271935818244
2021-01-08,0.0,-0.07028138494828048,0.7491091839536739
2021-01-11,0.0,-0.05115659833101887,0.9393213970273095
2021-01-12,0.0,-0.04725038693942376,0.824205052829149
2021-01-13,0.0,-0.04756008034542945,0.8082138201585118
2021-01-14,0.0,-0.032819237564796475,0.8434569564208256
2021-01-15,0.0,-0.03248910324173202,0.8269147188582384
2021-01-18,0.0,-0.03879683319800694,0.8834963242140176
2021-01-19,0.0,-0.030747479138591827,0.7969554442824801
2021-01-20,0.0,-0.032464103881269184,0.8172724205214029
2021-01-21,0.0,-0.0456376726177275,0.8085478325637642
2021-01-22,0.0,-0.046498088455056145,0.7537915820900825
2021-01-25,0.0,-0.04071488800272109,0.7976004506888642
2021-01-26,0.0,-0.04922600014818115,0.8030947748351065
2021-01-27,0.0,-0.04013054590792145,0.8207127129181006
2021-01-28,0.0,-0.04105931666460378,0.8053658191610358
2021-01-29,0.0,-0.03154769746255695,0.83735683616161
2021-02-01,0.0,-0.03166983085131139,0.8908737129110003
2021-02-02,0.0,-0.020071726401251638,0.8543165217264082
2021-02-03,0.0,-0.009287346313491825,0.7582840387134703
2021-02-04,1.0,0.0004707728607935948,0.7771283752699555
2021-02-05,1.0,0.00743537055897073,0.8516531799695337
2021-02-08,1.0,0.005131169957552671,0.7394831676424245
2021-02-09,1.0,0.004399023784315942,0.7129956198847442
2021-02-10,1.0,0.01108801746961165,0.6852782461270367
2021-02-18,1.0,0.04217870912929675,0.5324622303806287
2021-02-19,1.0,0.04704220503557752,0.7633400030906171
2021-02-22,1.0,0.03582893077233617,0.7292744513732529
2021-02-23,1.0,0.028487528229052466,0.6758585237037674
2021-02-24,1.0,0.026567027384721706,0.6957593586943164
2021-02-25,1.0,0.04539734976650935,0.7299813152323559
2021-02-26,1.0,0.05645451257364294,0.8361695601906077
2021-03-01,1.0,0.06175907363842233,0.893232110376707
2021-03-02,1.0,0.08638918977417061,0.8686695286402208
2021-03-03,1.0,0.08790506281544548,0.7753867101944718
2021-03-04,1.0,0.07904742556988677,0.8462393629620301
2021-03-05,1.0,0.0831011433643616,0.8578210147084192
2021-03-08,1.0,0.059938797771996004,0.800659802595955
2021-03-09,1.0,0.0706403549951459,0.816748346915447
2021-03-10,1.0,0.06662026022689685,0.779147719671233
2021-03-11,1.0,0.057926433888719764,0.7881035385573292
2021-03-12,1.0,0.06881545248934696,0.85987554776999
2021-03-15,1.0,0.06917241160823859,0.8410465600194917
2021-03-16,1.0,0.048455719501229746,0.8156522680272009
2021-03-17,1.0,0.042869051337089126,0.7689982493909673
2021-03-18,1.0,0.017237639863323367,0.7866944798930668
2021-03-19,1.0,0.010713228749882812,0.7946014772673256
2021-03-22,1.0,0.016919225786547476,0.7699983795224354
2021-03-23,1.0,0.01794060871588128,0.732493358189655
2021-03-24,1.0,0.021020415716317322,0.7891326887997044
2021-03-25,1.0,0.012771427447842019,0.7954117981080492
2021-03-26,1.0,0.013990792714348776,0.8754483206819597
2021-03-29,1.0,0.01548907218329167,0.8082761027221484
2021-03-30,1.0,0.025400792092880837,0.8723935813817137
2021-03-31,1.0,0.027923677202376162,0.8562597278018773
2021-04-01,1.0,0.01845972391832886,0.7734465199336175
2021-04-02,1.0,0.0071638560127876266,0.7809828741381016
2021-04-06,1.0,0.017755937488760948,0.5125409813201457
2021-04-07,1.0,0.02239699277404017,0.5046440475492435
2021-04-08,1.0,0.019321428487135875,0.4922335774946682
2021-04-09,1.0,0.012450399947498806,0.49340864082572167
2021-04-12,1.0,0.023027685623219517,0.4665151557642139
2021-04-13,1.0,0.030158451491245474,0.5615375232974056
2021-04-14,1.0,0.024749372384916216,0.504659705357364
2021-04-15,1.0,0.026595607908677637,0.6103734099537479
2021-04-16,1.0,0.025473350250532403,0.5421842864502501
2021-04-19,1.0,0.015799953506522274,0.5329207313767931
2021-04-20,1.0,0.015308190235284829,0.48394593346730996
2021-04-21,1.0,0.012423176718327296,0.42593659644119913
2021-04-22,1.0,0.0076223108826383315,0.42778994898692135
2021-04-23,1.0,0.002927480467322078,0.39173762653422733
2021-04-26,1.0,0.012993419928957277,0.47739013980706363
2021-04-27,1.0,0.01477728479475021,0.38850397443545037
2021-04-28,1.0,0.011883871991997183,0.4021159129942012
2021-04-29,1.0,0.019187917611355722,0.35358975851422536
2021-04-30,1.0,0.027664281472355664,0.33724523578882754
2021-05-06,1.0,0.016395106162839995,0.35407364669665664
2021-05-07,0.0,-0.0067525050833735925,0.36620048362949215
2021-05-10,0.0,-0.010374247180844978,0.40195905955673045
2021-05-11,0.0,-0.007576989683168285,0.3190822149114384
2021-05-12,0.0,-0.011571768090389888,0.2739939369231425
2021-05-13,0.0,-0.012635976634010395,0.4212565952773192
2021-05-14,0.0,-0.046390705504258514,0.33232550701684543
2021-05-17,0.0,-0.06226552325895784,0.3111920168747388
2021-05-18,0.0,-0.07020985366833894,0.3263186977890551
2021-05-19,0.0,-0.061117953835679,0.41601281970263837
2021-05-20,0.0,-0.05898022662477684,0.5318093126057241
2021-05-21,0.0,-0.05032310081174524,0.3346985754245543
2021-05-24,0.0,-0.043414758607117986,0.2934869628430444
2021-05-25,0.0,-0.0376929699680862,0.22948853462317834
2021-05-26,0.0,-0.049822725547246566,0.21239363343536846
2021-05-27,0.0,-0.04034678175770995,0.18354448620444908
2021-05-28,0.0,-0.04307298027657414,0.29337227951254663
2021-05-31,0.0,-0.04326763526550853,0.2920513702241469
2021-06-01,0.0,-0.05531936962435454,0.26345503759296157
2021-06-02,0.0,-0.041946615934325936,0.40911885826768435
2021-06-03,0.0,-0.02540383318972818,0.30782826096165716
2021-06-04,0.0,-0.009400589144759887,0.3124035959542607
2021-06-07,0.0,-0.016960205531522318,0.28867871806134504
2021-06-08,0.0,-0.022894796786588525,0.2847977315405082
2021-06-09,0.0,-0.02290674366954964,0.2846320375405314
2021-06-10,0.0,-0.02070662217608112,0.3494354422561799
2021-06-11,0.0,-0.023247207138343516,0.3173882236879305
2021-06-15,0.0,-0.008503095532457393,0.2967271650368527
2021-06-16,0.0,-0.019229329963048755,0.31800964829188566
2021-06-17,0.0,-0.006570010012085458,0.6165066439713275
2021-06-18,1.0,0.010386644399580945,0.6322156351749233
2021-06-21,1.0,0.0036498349786550843,0.7146489620529772
2021-06-22,1.0,0.0010170490398406118,0.6138374266805166
2021-06-23,1.0,0.0021366388129596963,0.5924194954226001
2021-06-24,0.0,-0.0004840661651601579,0.7618076406150374
2021-06-25,0.0,-0.00957721791595381,0.8494630831503368
2021-06-28,1.0,0.000966858323157291,0.5403148507340937
2021-06-29,0.0,-0.004161830724103053,0.4664856883737555
2021-06-30,0.0,-0.001961105384202424,0.535835353954565
2021-07-01,0.0,-0.010599850476346297,0.5155868594980254
2021-07-02,0.0,-0.02285472546835707,0.5163415374517392
2021-07-05,0.0,-0.025463210055565306,0.5380740186822688
2021-07-06,0.0,-0.03966801288016988,0.4215482668630705
2021-07-07,0.0,-0.02620847070298649,0.5260392279727324
2021-07-08,0.0,-0.028166325212108684,0.42154806783594795
2021-07-09,0.0,-0.02563142997461284,0.5406114175614835
2021-07-12,0.0,-0.023890547063035245,0.46902437941605757
2021-07-13,0.0,-0.014786716946101966,0.44240941813196594
2021-07-14,0.0,-0.018402816974122126,0.4847099050417663
2021-07-15,0.0,-0.03973538228052001,0.41929272139485796
2021-07-16,0.0,-0.03391239878031816,0.349583705281194
2021-07-19,0.0,-0.027312227533135877,0.4500244397606922
2021-07-20,0.0,-0.02970013827713576,0.4296993623240642
2021-07-21,0.0,-0.02185704580879208,0.4675100801698536
2021-07-22,0.0,-0.016505385149789373,0.3966833793934358
2021-07-23,0.0,-0.017021460499698507,0.363544196675094
2021-07-26,0.0,-0.027061922042957192,0.4051917900496317
2021-07-27,0.0,-0.008765422236480792,0.4767631982765135
2021-07-28,0.0,-0.025108598021083305,0.5140816443777029
2021-07-29,0.0,-0.03301897420296904,0.49818213217386864
2021-07-30,0.0,-0.029826027485513426,0.4641521405602098
2021-08-02,0.0,-0.02627919767370107,0.5089410127997076
2021-08-03,0.0,-0.030201113185004576,0.39034145868609665
2021-08-04,0.0,-0.01844401964399634,0.4060403750597452
2021-08-05,0.0,-0.005676859556723126,0.4824582443312357
2021-08-06,1.0,0.004141452239860912,0.37468229134484926
2021-08-09,1.0,0.03192476322999822,0.5064380031104702
2021-08-10,1.0,0.052040432225281236,0.5014098237728278
2021-08-11,1.0,0.0537660269165515,0.45870439212239916
2021-08-12,1.0,0.04014631145528238,0.4125963278875462
2021-08-13,1.0,0.04250300665060998,0.4014999398770802
2021-08-16,1.0,0.02925225162925978,0.41215431851888207
2021-08-17,1.0,0.022464559963797204,0.3865201510592653
2021-08-18,1.0,0.01936378332951048,0.45223649062369
2021-08-19,1.0,0.012901349605706776,0.43090916358244985
2021-08-20,0.0,-0.009956189725191555,0.4967580501726629
2021-08-23,0.0,-0.013751828233414976,0.5158621501606192
2021-08-24,0.0,-0.021139042035824597,0.49364054267433644
2021-08-25,0.0,-0.007591183679452414,0.4555522934527786
2021-08-26,0.0,-0.006815342058207964,0.4888432559866165
2021-08-27,0.0,-0.020160571598361703,0.4942993941061094
2021-08-30,0.0,-0.02754995176823063,0.5432544285917029
2021-08-31,0.0,-0.03175210430333029,0.4706772102068441
2021-09-01,0.0,-0.03543804738486186,0.4674562213254095
2021-09-02,0.0,-0.02739604188187028,0.4514236606010569
2021-09-03,0.0,-0.028564949576276314,0.47374634371457697
2021-09-06,0.0,-0.033850864318907596,0.4539461014001355
2021-09-07,0.0,-0.03404515683807929,0.329980859326056
2021-09-08,0.0,-0.02522481093551149,0.46370224840519875
2021-09-09,0.0,-0.013651168368612762,0.31248658251143513
2021-09-10,0.0,-0.018763486963458153,0.24467408325229714
2021-09-13,0.0,-0.024239996043929016,0.2112971891949739
2021-09-14,0.0,-0.01547409229081858,0.19965688708297583
2021-09-15,0.0,-0.005457477429876069,0.23884714438250648
2021-09-16,1.0,0.001558930567028058,0.2449136850113666
2021-09-17,1.0,0.005043531393925369,0.305800396394132
2021-09-22,0.0,-0.00976512305082712,0.21293858337404278
2021-09-23,1.0,0.009487430336060318,0.2973990796927834
2021-09-24,1.0,0.0183164209728282,0.39101642927650937
2021-09-27,1.0,0.015054918095539587,0.3220912507905125
2021-09-28,1.0,0.02772690750633283,0.30196030247398403
2021-09-29,1.0,0.02198009960274515,0.32350865475081836
2021-09-30,1.0,0.021866243761876743,0.3633615954586794
2021-10-08,1.0,0.019293549532363324,0.1847581976781508
2021-10-11,1.0,0.015124288834820233,0.317809831456113
2021-10-12,1.0,0.013165894598051467,0.23004795212388915
2021-10-13,1.0,0.006876600723417494,0.2705891707199197
2021-10-14,0.0,-0.013758343761245309,0.31686267149312336
2021-10-15,0.0,-0.010848259233900991,0.2676346875157809
2021-10-18,1.0,0.011791568904555015,0.2856886431291154
2021-10-19,1.0,0.01389584486015423,0.2527266631036883
2021-10-20,1.0,0.019554071823559477,0.27673598225622403
2021-10-21,1.0,0.013546409374700816,0.2500553285031899
2021-10-22,1.0,0.003873054868386366,0.26293246145354515
2021-10-25,1.0,0.004367172327120602,0.3498599835960079
2021-10-26,1.0,0.0038136208433048806,0.23198239577856605
2021-10-27,1.0,0.025372018810205083,0.24718867812392945
2021-10-28,1.0,0.01507793822500519,0.3106631900059829
2021-10-29,1.0,0.017976088586805886,0.2992160521491762
2021-11-01,1.0,0.024482272731979043,0.20341966194461614
2021-11-02,1.0,0.0195247853969963,0.16381112163872755
2021-11-03,1.0,0.00957255626386407,0.1588773636991558
2021-11-04,1.0,0.009556460848408563,0.15840062686365694
2021-11-05,1.0,0.001075442379288321,0.23199583907586288
2021-11-08,0.0,-0.0029306002058650635,0.27249299091838397
2021-11-09,0.0,-0.0023340947417109185,0.2562771445559428
2021-11-10,0.0,-0.00015896987554342583,0.41009279356867184
2021-11-11,0.0,-0.021408674229279667,0.5120137645683003
2021-11-12,0.0,-0.00496538325809918,0.4675365506507777
2021-11-15,1.0,0.00880466236515014,0.3923545310683982
2021-11-16,0.0,-0.01094452314346727,0.44464087093728577
2021-11-17,1.0,0.003342912488917809,0.5265547070118362
2021-11-18,1.0,0.008050109691459102,0.35966152849226585
2021-11-19,1.0,0.00848146198291184,0.37457196380814256
2021-11-22,1.0,0.03008566090892107,0.5103220764534027
2021-11-23,1.0,0.04161999761910533,0.5042571156438671
2021-11-24,1.0,0.06866106972824344,0.4236279591780366
2021-11-25,1.0,0.05687291807461647,0.32465308594863573
2021-11-26,1.0,0.0428569496933333,0.4328452304936347
2021-11-29,1.0,0.04660567827832296,0.6032597570623519
2021-11-30,1.0,0.06346769628061716,0.5228222360107108
2021-12-01,1.0,0.06422659963076678,0.5562148850814921
2021-12-02,1.0,0.07261210887091243,0.4102705157691798
2021-12-03,1.0,0.09726597160485143,0.44406277106139896
2021-12-06,1.0,0.11157960933089511,0.4197159064905341
2021-12-07,1.0,0.12571304321851542,0.3886949962434125
2021-12-08,1.0,0.09257135954150512,0.4176528526805062
2021-12-09,1.0,0.0987450955517393,0.3427720950119592
2021-12-10,1.0,0.09610055417967885,0.35204076358444875
2021-12-13,1.0,0.06905444037078126,0.377367922642584
2021-12-14,1.0,0.05931487230244467,0.31264405589904315
2021-12-15,1.0,0.08185667912209477,0.37608854999042757
2021-12-16,1.0,0.0728613482648717,0.31940492279655835
2021-12-17,1.0,0.05728955200014891,0.3547900346834383
2021-12-20,1.0,0.06453180682164267,0.4872311166710875
2021-12-21,1.0,0.06543069038446962,0.3863451283294641
2021-12-22,1.0,0.07848593634428515,0.3090185939100161
2021-12-23,1.0,0.07471710806157898,0.3564571270235896
2021-12-24,1.0,0.06256902754490012,0.41095049221115637
2021-12-27,1.0,0.05749457079568776,0.36334194011742127
2021-12-28,1.0,0.052742332151955076,0.4132652108156215
2021-12-29,1.0,0.0567617014765592,0.4098935293670033
2021-12-30,1.0,0.06640772777441271,0.3663712293918306
2021-12-31,1.0,0.051493434486287265,0.36714934900747437
2022-01-04,1.0,0.06053916944895654,0.2628286476315318
2022-01-05,1.0,0.05966873602720172,0.34154641256245155
2022-01-06,1.0,0.07523280566600564,0.419675219978279
2022-01-07,1.0,0.08744137452942717,0.35084664081727573
2022-01-10,1.0,0.09106850723123348,0.2974511348246926
2022-01-11,1.0,0.08347409269800111,0.3482668678929617
2022-01-12,1.0,0.08186784074893043,0.31770339631940064
2022-01-13,1.0,0.08460352293229788,0.3942390425561725
2022-01-14,1.0,0.07832855190693726,0.3905315312284452
2022-01-17,1.0,0.07132380820564982,0.33654178046869854
2022-01-18,1.0,0.08578671950511126,0.25485322957498474
2022-01-19,1.0,0.08658239955798827,0.454381467173282
2022-01-20,1.0,0.06650210472986047,0.4832213611015038
2022-01-21,1.0,0.05923324037374411,0.513114558535138
2022-01-24,1.0,0.060936468889158886,0.4808865058391098
2022-01-25,1.0,0.05882991571628468,0.49909035843408406
2022-01-26,1.0,0.06948230036140479,0.4863292871630135
2022-01-27,1.0,0.08493699485594514,0.4123986550036593
2022-01-28,1.0,0.08665104908734365,0.4336629710683534
2022-02-07,1.0,0.0855054336081591,0.4609036656521898
2022-02-08,1.0,0.07080552859147549,0.5210817321463349
2022-02-09,1.0,0.06018402778857449,0.5425966082264128
2022-02-10,1.0,0.06870312804920338,0.5696823127988455
2022-02-11,1.0,0.0630483643953928,0.5739139226072713
2022-02-14,1.0,0.036375129452938915,0.46818996245190164
2022-02-15,1.0,0.03165305859419702,0.4722378134235427
2022-02-16,1.0,0.03487341849065226,0.3753370764430502
2022-02-17,1.0,0.029340576105237832,0.3953413015930627
2022-02-18,1.0,0.02689555089919004,0.4982430858282631
2022-02-21,1.0,0.028501852700562654,0.4615998621149302
2022-02-22,1.0,0.018661799188420064,0.46935014934376906
2022-02-23,1.0,0.028638054862488833,0.5305378440631091
2022-02-24,1.0,0.010848926096504228,0.5520080342538122
2022-02-25,1.0,0.02701913442067803,0.6676274607863472
2022-02-28,1.0,0.027633770926768983,0.516194671665736
2022-03-01,1.0,0.025122486448441724,0.469602584134587
2022-03-02,1.0,0.00470374890476969,0.4990131266100537
2022-03-03,1.0,0.014592902047253421,0.6054888268672011
2022-03-04,1.0,0.008478048358955015,0.6219146005625295
2022-03-07,0.0,-0.018266490624841973,0.4775030311388809
2022-03-08,0.0,-0.035006413178191684,0.2535891645258914
2022-03-09,0.0,-0.04495965397146675,0.19424103005693544
2022-03-10,0.0,-0.016119319998696993,0.2412781305439316
2022-03-11,0.0,-0.0013844254374360283,0.29254317377738764
2022-03-14,0.0,-0.014010737069598446,0.2787146091191151
2022-03-15,0.0,0.0,0.3460889946421875
2022-03-16,1.0,0.011998110376277207,0.3449333273618806
2022-03-17,1.0,0.007909161906500943,0.3608037439888715
2022-03-18,1.0,0.002774626575105608,0.3882493327026456
2022-03-21,1.0,0.003792576162306425,0.39915158777294324
2022-03-22,0.0,-0.0024200879009428655,0.3563793863469097
2022-03-23,1.0,0.005003674739237896,0.4163491322520498
2022-03-24,0.0,-0.013574754916130343,0.37781602381354534
2022-03-25,0.0,-0.013483575624187099,0.4149085717802254
2022-03-28,0.0,-0.009652145582366855,0.4310278368580249
2022-03-29,0.0,-0.005577542093371132,0.42691226593382325
2022-03-30,0.0,-0.005181358741997629,0.39201462477591087
2022-03-31,0.0,-0.013788391261385398,0.3736661314736665
2022-04-01,0.0,-0.013567625995477796,0.3602200014029215
2022-04-06,0.0,-0.010139955928458197,0.3869278050138379
2022-04-07,0.0,-0.031064467520852925,0.3927994460179529
2022-04-08,0.0,-0.04810360059494904,0.4171725758787825
2022-04-11,0.0,-0.05811276415892306,0.4478917102176445
2022-04-12,0.0,-0.06365948768599249,0.520375347118335
2022-04-13,0.0,-0.06524887163453807,0.4957651681693498
2022-04-14,0.0,-0.07368189630577617,0.4619368302712723
2022-04-15,0.0,-0.07605464606318746,0.4547715613804715
2022-04-18,0.0,-0.0887195250014016,0.38488367967544984
2022-04-19,0.0,-0.07726125899384013,0.41491402814110356
2022-04-20,0.0,-0.0677866374669362,0.46393911593487663
2022-04-21,0.0,-0.08106365361915262,0.4220385730560849
2022-04-22,0.0,-0.09395416745138979,0.47993573504555787
2022-04-25,0.0,-0.07291799142176823,0.5501286108784025
2022-04-26,0.0,-0.06198675018865199,0.543271834061308
2022-04-27,0.0,-0.06024741683846794,0.5496382319638808
2022-04-28,0.0,-0.06222262465337045,0.6137402587134915
2022-04-29,0.0,-0.0638455147266231,0.6661357163803835
2022-05-05,0.0,-0.04660477576377889,0.6680929441953569
2022-05-06,0.0,-0.04510518800782517,0.7945739513537756
2022-05-09,0.0,-0.04078499106042739,0.7634802557823605
2022-05-10,0.0,-0.03799849243503607,0.8315019614055341
2022-05-11,0.0,-0.03056696141093539,0.8073621195915087
2022-05-12,0.0,-0.03304547922218468,0.7889018843996958
2022-05-13,0.0,-0.027806347794965647,0.8419592903655765
2022-05-16,0.0,-0.013684557949466842,0.835207468649731
2022-05-17,0.0,-0.017233940656147948,0.7762225575752097
2022-05-18,0.0,-0.009605632818956976,0.7941383817887641
2022-05-19,0.0,-0.009514432352393958,0.7350366010429092
2022-05-20,0.0,-0.013127738645556032,0.7380869947204023
2022-05-23,0.0,-0.014302622471031956,0.6615756752625208
2022-05-24,0.0,-0.020762694122208318,0.5484892200090914
2022-05-25,0.0,-0.028173742423471638,0.5789938913314638
2022-05-26,0.0,-0.03249346683401472,0.6475184035884276
2022-05-27,0.0,-0.04028956885304778,0.641355189686256
2022-05-30,0.0,-0.03201330236198462,0.6975047036746955
2022-05-31,0.0,-0.02409510668991789,0.6609740715236188
2022-06-01,0.0,-0.0140757932589012,0.6849280345040591
2022-06-02,0.0,-0.01948787408916316,0.7672807267183733
2022-06-06,0.0,-0.025601316794292034,0.5341044346478415
2022-06-07,0.0,-0.01706395663807047,0.5784439177518954
2022-06-08,0.0,-0.02828430196382069,0.512892718337344
2022-06-09,0.0,-0.038649190028638834,0.439595146298229
2022-06-10,0.0,-0.03720835082403951,0.6409008494626999
2022-06-13,0.0,-0.043896413726671864,0.7095837697851296
2022-06-14,0.0,-0.02015643137406027,0.789015900224705
2022-06-15,0.0,-0.02074816366426211,0.7852818742352197
2022-06-16,0.0,-0.016046802646021003,0.7112571579680841
2022-06-17,0.0,-0.022993019030759298,0.7027167119022162
2022-06-20,0.0,-0.01866171666944915,0.7707295444415985
2022-06-21,0.0,-0.023129206063690923,0.7185610645838313
2022-06-22,0.0,-0.028052617571786922,0.7224048819629925
2022-06-23,0.0,-0.03357998451100123,0.7179306246189449
2022-06-24,0.0,-0.022972976272535278,0.7279162568052878
2022-06-27,0.0,-0.026799189980333055,0.6820688196320214
2022-06-28,0.0,-0.017622504096267564,0.7103063956505524
2022-06-29,0.0,-0.01873338676157248,0.7046799076759133
2022-06-30,0.0,-0.012968887717614588,0.7269677907328438
2022-07-01,0.0,-0.011793443470477642,0.7465147186288054
2022-07-04,0.0,-0.015571338079436824,0.6789038783574889
2022-07-05,0.0,-0.011900915813897676,0.6657441669158113
2022-07-06,1.0,0.0176051769094306,0.7908878030655797
2022-07-07,1.0,0.03483548027243245,0.7990738493372013
2022-07-08,1.0,0.042068829883248136,0.7254480475780465
2022-07-11,1.0,0.0408517023017864,0.700353416523381
2022-07-12,1.0,0.03848823163603584,0.7553107728803792
2022-07-13,1.0,0.04528486453515328,0.7756505593415225
2022-07-14,1.0,0.042477629315664754,0.7283852990803271
2022-07-15,1.0,0.044267762430567695,0.7847919679818601
2022-07-18,1.0,0.04127205057156039,0.7681905431840732
2022-07-19,1.0,0.042780272716944734,0.73088621247803
2022-07-20,1.0,0.03829148771217905,0.6250300879699979
2022-07-21,1.0,0.045245120935784686,0.6754934663047191
2022-07-22,1.0,0.04356093926398178,0.6459976451714401
2022-07-25,1.0,0.04317142503280502,0.6431067618131597
2022-07-26,1.0,0.04192137408529798,0.6101127766323953
2022-07-27,1.0,0.04175613751205208,0.5464947125627228
2022-07-28,1.0,0.031185461874221908,0.5424513013191599
2022-07-29,1.0,0.014297713218499652,0.5729043108014972
2022-08-01,1.0,0.014564238602748938,0.5394925020710343
2022-08-02,1.0,0.007526339191059119,0.5375233658576919
2022-08-03,1.0,0.009201020988723897,0.6064819976447903
2022-08-04,1.0,0.007448345722706177,0.5425033347768212
2022-08-05,1.0,0.007387627536465233,0.399978442059231
2022-08-08,1.0,0.01562212697934423,0.38894972043196474
2022-08-09,1.0,0.03225598395527324,0.4396886150883635
2022-08-10,1.0,0.03110780327716018,0.4541128425403853
2022-08-11,1.0,0.043107090908090735,0.47386850646781664
2022-08-12,1.0,0.030757716170256515,0.48377657518855915
2022-08-15,1.0,0.03252645700635134,0.49005915731491784
2022-08-16,1.0,0.03907138258621582,0.5620778532921618
2022-08-17,1.0,0.04464131383665606,0.6009865614197998
2022-08-18,1.0,0.04945800285229111,0.6014834052047575
2022-08-19,1.0,0.04451009685772496,0.6173071152523472
2022-08-22,1.0,0.047030610488978,0.6285012397386622
2022-08-23,1.0,0.043795983607718254,0.6774982747257061
2022-08-24,1.0,0.04237134046251824,0.6490747374311492
2022-08-25,1.0,0.04203920541677248,0.6814011548739203
2022-08-26,1.0,0.04189277657948133,0.7083292661162404
2022-08-29,1.0,0.0468808310817082,0.7286787582257943
2022-08-30,1.0,0.042298427816611896,0.6998909590189978
2022-08-31,1.0,0.05084090219458684,0.6849515856526439
2022-09-01,1.0,0.06561300231542733,0.7341189937197934
2022-09-02,1.0,0.057576059369381476,0.7238728515519907
2022-09-05,1.0,0.03784180466005155,0.7504214777486216
2022-09-06,1.0,0.03068284436104787,0.7242990236956602
2022-09-07,1.0,0.040776440112754775,0.7455349686045118
2022-09-08,1.0,0.035316185932772325,0.7621704834392715
2022-09-09,1.0,0.03476549000487697,0.8146797373144269
2022-09-13,1.0,0.035001051368790816,0.6399903737962978
2022-09-14,1.0,0.05257088700933803,0.773181147437891
2022-09-15,1.0,0.04967481164076776,0.7407335194922656
2022-09-16,1.0,0.04908804918801829,0.8049798996837112
2022-09-19,1.0,0.05216372387601343,0.758741623349441
2022-09-20,1.0,0.04950079103142186,0.7146972914550634
2022-09-21,1.0,0.05656389118534141,0.7765150095362604
2022-09-22,1.0,0.05987464693287766,0.74690947777456
2022-09-23,1.0,0.04824459030805564,0.7986219620306154
2022-09-26,1.0,0.05777104563273631,0.8378783625736439
2022-09-27,1.0,0.058237532991119056,0.856682393215422
2022-09-28,1.0,0.05715841383994862,0.8208887297302311
2022-09-29,1.0,0.046874574283073504,0.8519238643794503
2022-09-30,1.0,0.049664621191032855,0.8246812040975117
2022-10-10,1.0,0.04465960164223169,0.715460785238661
2022-10-11,1.0,0.0509800450856614,0.7605673233727157
2022-10-12,1.0,0.04832481791434281,0.7484268025028318
2022-10-13,1.0,0.041224966751152864,0.6952288092987745
2022-10-14,1.0,0.053533279033358756,0.7930773768467984
2022-10-17,1.0,0.05827664322761657,0.8235624668155617
2022-10-18,1.0,0.05965173456900724,0.803534245003022
2022-10-19,1.0,0.060657788462249805,0.7598875355086416
2022-10-20,1.0,0.06754546187354245,0.8205893136854872
2022-10-21,1.0,0.0741448416394336,0.6727466736624018
2022-10-24,1.0,0.0647740301723407,0.7767998754191843
2022-10-25,1.0,0.060543960633689095,0.7996326587176403
2022-10-26,1.0,0.06405888273125772,0.7860072725739121
2022-10-27,1.0,0.0755075525081451,0.757679156191443
2022-10-28,1.0,0.07336573288575306,0.7713219786699038
2022-10-31,1.0,0.06862173247751412,0.77982075110591
2022-11-01,1.0,0.0741262186973708,0.8169859468887515
2022-11-02,1.0,0.08024279359345156,0.7818296425270792
2022-11-03,1.0,0.0702814392076623,0.7928624695097781
2022-11-04,1.0,0.057186845142814975,0.7528404721535071
2022-11-07,1.0,0.04617616326186603,0.7007566326718374
2022-11-08,1.0,0.04429097192101425,0.6920258328975561
2022-11-09,1.0,0.025124365677854452,0.5532872062918288
2022-11-10,1.0,0.017733486943562228,0.5884091047332307
2022-11-11,1.0,0.015516290802113995,0.40655483599312037
2022-11-14,1.0,0.02279007699750802,0.35942055730661654
2022-11-15,1.0,0.016409469134040674,0.41709549860352674
2022-11-16,1.0,0.010652433982252156,0.4846816018989028
2022-11-17,1.0,0.006259495228783153,0.5370121219110607
2022-11-18,1.0,0.011906645323442773,0.5599413452406544
2022-11-21,1.0,0.015914156401330693,0.5442318638793767
2022-11-22,1.0,0.019760975623302007,0.5763963821683838
2022-11-23,1.0,0.01783049932528311,0.5300355082083184
2022-11-24,1.0,0.016448622305834482,0.5434288168217607
2022-11-25,1.0,0.011222367107788893,0.521869313837085
2022-11-28,1.0,0.011259349322451519,0.5921993298486994
2022-11-29,1.0,0.01823106794369549,0.6383986201253867
2022-11-30,1.0,0.018298995491508242,0.5811287585829761
2022-12-01,1.0,0.0206162793628009,0.5562975405608225
2022-12-02,1.0,0.021059510907226117,0.49010185595489036
2022-12-05,1.0,0.03177796684021119,0.5513928013277521
2022-12-06,1.0,0.030154516738477733,0.47183148849730705
2022-12-07,1.0,0.031703509061200334,0.3658755380146376
2022-12-08,1.0,0.034964499120133004,0.3231238800909349
2022-12-09,1.0,0.04117686140429301,0.317328026408857
2022-12-12,1.0,0.055603357941613515,0.32843739201532823
2022-12-13,1.0,0.055430533782914855,0.32060310720107216
2022-12-14,1.0,0.05338862276940425,0.4156508724878109
2022-12-15,1.0,0.06590226009113935,0.3376928554040676
2022-12-16,1.0,0.09943083277922024,0.3708178674548634
2022-12-19,1.0,0.08568637751588801,0.3329786500065027
2022-12-20,1.0,0.07138751572596234,0.31645310820444933
2022-12-21,1.0,0.06810358730206743,0.37012042193064143
2022-12-22,1.0,0.07254873387612824,0.4410283694595129
2022-12-23,1.0,0.0742168298329484,0.4810541023939901
2022-12-26,1.0,0.06865230995008506,0.43664153858877797
2022-12-27,1.0,0.07050168461181351,0.4175199246364426
2022-12-28,1.0,0.07153491431066644,0.47938345521114045
2022-12-29,1.0,0.07734914907853269,0.42970770044313683
2022-12-30,1.0,0.05885858656425151,0.4472782706494584
2023-01-03,1.0,0.06928465770698593,0.41995088326611785
2023-01-04,1.0,0.07888426328619898,0.4368875701815033
2023-01-05,1.0,0.08103801638525186,0.40774602188465103
2023-01-06,1.0,0.07808362221406767,0.4197271303643019
2023-01-09,1.0,0.07184869312532673,0.40089610275763876
2023-01-10,1.0,0.0815254033292996,0.36546992883454044
2023-01-11,1.0,0.0788254401400582,0.35747043898487724
2023-01-12,1.0,0.08420137993131319,0.38216803151979545
2023-01-13,1.0,0.07168980788370123,0.35127823814832076
2023-01-16,1.0,0.06265251733124308,0.2790120301823033
2023-01-17,1.0,0.057908596450483574,0.2831203488599339
2023-01-18,1.0,0.06060212690590759,0.3421320415053758
2023-01-19,1.0,0.05299560482143533,0.3863528185794465
2023-01-20,1.0,0.04085410734583705,0.2752626826458522
2023-01-30,1.0,0.05141394576318169,0.23466379908312252
2023-01-31,1.0,0.062065144465100634,0.3933185952317481
2023-02-01,1.0,0.05917523894664124,0.38222760330003513
2023-02-02,1.0,0.04415494557270873,0.43694319738986076
2023-02-03,1.0,0.08218663760214998,0.5709029468538693
2023-02-06,1.0,0.10131173105664344,0.7108109904610346
2023-02-07,1.0,0.09195125044332658,0.5762946362153872
2023-02-08,1.0,0.09356846079487559,0.5790927887680145
2023-02-09,1.0,0.09537173368817446,0.6390501021203101
2023-02-10,1.0,0.10189263395318895,0.6589303357326274
2023-02-13,1.0,0.08893409405383682,0.6231782659530601
2023-02-14,1.0,0.09400099349470574,0.6235458803351428
2023-02-15,1.0,0.0940594697639935,0.6549169046217437
2023-02-16,1.0,0.09002035766319492,0.6148723826974917
2023-02-17,1.0,0.09112225469723792,0.662847780111451
2023-02-20,1.0,0.08219341847912896,0.6379461518353119
2023-02-21,1.0,0.0879299089408222,0.5747175811163902
2023-02-22,1.0,0.08064235423525004,0.623972758196584
2023-02-23,1.0,0.08814762817079494,0.6457392165518673
2023-02-24,1.0,0.08100671384487863,0.6813940585305497
2023-02-27,1.0,0.07768857845450547,0.6864618085768067
2023-02-28,1.0,0.07698078732578764,0.6527294224438801
2023-03-01,1.0,0.07125739725829607,0.5732736188372873
2023-03-02,1.0,0.0862091921014565,0.5759769040903913
2023-03-03,1.0,0.08174785774963146,0.6984796510053451
2023-03-06,1.0,0.07781216600823736,0.6206441966275767
2023-03-07,1.0,0.06569884765056498,0.6502324189227392
2023-03-08,1.0,0.08381041961412224,0.6716468673800343
2023-03-09,1.0,0.08577476257714269,0.6173415555375065
2023-03-10,1.0,0.07330897480140165,0.6518804422712758
2023-03-13,1.0,0.07317989784116787,0.5865342215642211
2023-03-14,1.0,0.059503703319044705,0.5550213084316259
2023-03-15,1.0,0.06168595453632582,0.5840658382042294
2023-03-16,1.0,0.04634472024587413,0.6415729082057937
2023-03-17,1.0,0.033428156257542425,0.5977008746646547
2023-03-20,1.0,0.012238852071871009,0.10892847114075849
2023-03-21,1.0,0.021685437586568636,0.1372728971804015
2023-03-22,1.0,0.03683998284648061,0.21573388541878705
2023-03-23,1.0,0.0258514733887547,0.1444779326372141
2023-03-24,1.0,0.01897027130245409,0.13770456321444932
2023-03-27,1.0,0.024172541105015235,0.20042243181453542
2023-03-28,1.0,0.024727281050854904,0.2177645974906914
2023-03-29,1.0,0.022005722720779077,0.2456096607875574
2023-03-30,1.0,0.02186002539191984,0.2880422571620403
2023-03-31,1.0,0.01868205942459529,0.25535569771749594
2023-04-03,1.0,0.03234393685427115,0.37471254874892795
2023-04-04,1.0,0.022437557848661256,0.40520981100424946
2023-04-06,1.0,0.009968486267500616,0.3161397239164459
2023-04-07,1.0,0.007793924593826705,0.42984176889918446
2023-04-10,1.0,0.020740954487105938,0.4872419695143282
2023-04-11,1.0,0.016409892893228313,0.5426147959113261
2023-04-12,1.0,0.0072811545258649555,0.4597721926634494
2023-04-13,1.0,0.016572401290446025,0.48307486053416177
2023-04-14,1.0,0.006629858538669582,0.4836735819837345
2023-04-17,1.0,0.02054608451177207,0.5646822619587951
2023-04-18,1.0,0.02814211461686032,0.4831891232197182
2023-04-19,1.0,0.04082379640159934,0.4723966327176221
2023-04-20,1.0,0.03843826759026606,0.502012125855194
2023-04-21,1.0,0.03726312688376362,0.45473043986061584
2023-04-24,1.0,0.039860429817230224,0.4869353910584495
2023-04-25,1.0,0.02621632100578861,0.46844854924396406
2023-04-26,1.0,0.0272718057387987,0.5297950510854184
2023-04-27,1.0,0.027519817481096207,0.6169713662647444
2023-04-28,1.0,0.02723583946891046,0.5160788335027101
2023-05-04,1.0,0.0015802645841582312,0.44872936451716294
2023-05-05,0.0,-0.0007427635513522451,0.4116271841397246
2023-05-08,1.0,0.010598863428776008,0.4414508635512678
2023-05-09,1.0,0.004095929621409833,0.42178434150891664
2023-05-10,0.0,-0.001099747169016765,0.4089641886037702
2023-05-11,1.0,0.0018012877484280287,0.4535455156095353
2023-05-12,1.0,0.009127651174671132,0.47690568053700877
2023-05-15,1.0,0.0042694666408039355,0.49080758397401575
2023-05-16,1.0,0.003002607457441828,0.4528104188030462
2023-05-17,1.0,0.011746657480126108,0.5303031281048592
2023-05-18,1.0,0.014009111712731045,0.49626304729945714
2023-05-19,1.0,0.01824108663900834,0.5504103662623956
2023-05-22,1.0,0.01667734762101754,0.47305914793598136
2023-05-23,1.0,0.02043234003574041,0.5087164661647073
2023-05-24,1.0,0.011491839175469703,0.5432662991591329
2023-05-25,1.0,0.02006519786352785,0.6011193643923545
2023-05-26,1.0,0.024391453124159263,0.6001804983223892
2023-05-29,1.0,0.027050811591453387,0.5781364357806673
2023-05-30,1.0,0.034093457450535124,0.535337049388511
2023-05-31,1.0,0.01680342167053279,0.5955685695105172
2023-06-01,1.0,0.01679898784147648,0.555116158121519
2023-06-02,1.0,0.017185114521025415,0.5726343116918601
2023-06-05,1.0,0.03129863506051782,0.611581073406251
2023-06-06,1.0,0.028202955257469058,0.6348404408736738
2023-06-07,1.0,0.024871022311471227,0.6551287639602511
2023-06-08,1.0,0.0348836912288351,0.723206283910996
2023-06-09,1.0,0.02756028445801382,0.7058209371601675
2023-06-12,1.0,0.025613896742371994,0.8024404610225268
2023-06-13,1.0,0.02275103577357218,0.7862336267727711
2023-06-14,1.0,0.0347410011171144,0.7336094076154261
2023-06-15,1.0,0.04247201683829694,0.697106123326536
2023-06-16,1.0,0.03545712988951393,0.7516864450651055
2023-06-19,1.0,0.035742187428527694,0.766634698610795
2023-06-20,1.0,0.0438279202209741,0.7310817070215039
2023-06-21,1.0,0.04324480851293428,0.7832670739633064
2023-06-26,1.0,0.039679604698552265,0.6709157839580114
2023-06-27,1.0,0.045596037112443866,0.7813242258471631
2023-06-28,1.0,0.05288227954830672,0.8181183134790451
2023-06-29,1.0,0.05092674677025248,0.7486007363124633
2023-06-30,1.0,0.04762182806559254,0.7478890866589705
2023-07-03,1.0,0.04769633655442599,0.7453665012570714
2023-07-04,1.0,0.044894235751909206,0.7179053390929522
2023-07-05,1.0,0.03531317228028876,0.6682797007392504
2023-07-06,1.0,0.017209257406583637,0.8190087084895258
2023-07-07,1.0,0.008789615122566702,0.8223312756799451
2023-07-10,0.0,-0.0033235135725911834,0.8027461268046637
2023-07-11,0.0,-0.003988483018388907,0.783543425036761
2023-07-12,1.0,0.0034003874757031457,0.752362615407284
2023-07-13,0.0,-0.003072738469632552,0.7756330568554586
2023-07-14,1.0,0.015734590353555924,0.7466121297825417
2023-07-17,1.0,0.017546219354399494,0.7515551033102794
2023-07-18,1.0,0.023787991324124846,0.7667583072469022
2023-07-19,1.0,0.018806645922006718,0.784838695808175
2023-07-20,1.0,0.03136709897571867,0.7926832925332455
2023-07-21,1.0,0.03571426289967229,0.7715324853262311
2023-07-24,1.0,0.03446771679325873,0.7920594464715799
2023-07-25,1.0,0.036792872737633604,0.7715189356132174
2023-07-26,1.0,0.038450649303948446,0.7779727219983299
2023-07-27,1.0,0.03676994708864777,0.8222169899133023
2023-07-28,1.0,0.04671125907642329,0.8656971233439809
2023-07-31,1.0,0.04912637970137122,0.8864579363964393
2023-08-01,1.0,0.04194204538036499,0.8909434160678478
2023-08-02,1.0,0.04603868891415558,0.918941567030251
2023-08-03,1.0,0.04964372784940286,0.8945303794655898
2023-08-04,1.0,0.04635594968001121,0.858201456559117
2023-08-07,1.0,0.0395042976633653,0.8684628757268628
2023-08-08,1.0,0.0349369210352549,0.8581562212863091
2023-08-09,1.0,0.029301211194052917,0.8424597292504228
2023-08-10,1.0,0.0383622901219757,0.8283518148684691
2023-08-11,1.0,0.031162709201051752,0.8464005490169147
2023-08-14,1.0,0.03403904752542485,0.8460077693415108
2023-08-15,1.0,0.03686735946888017,0.8490691767337611
2023-08-16,1.0,0.03178014608086859,0.8786663463799813
2023-08-17,1.0,0.03564819042417601,0.887437374255959
2023-08-18,1.0,0.027951120895050502,0.8427609276387646
2023-08-21,1.0,0.021427999920838926,0.8703721698818816
2023-08-22,1.0,0.020811503343672086,0.8474062922036183
2023-08-23,1.0,0.016419022866243378,0.8774276435750843
2023-08-24,1.0,0.012657576598370414,0.8953431216917065
2023-08-25,1.0,0.02494260128899301,0.8849769763303318
2023-08-28,1.0,0.027909188200373934,0.8751933542613941
2023-08-29,1.0,0.03275196546530362,0.8752379443129603
2023-08-30,1.0,0.03039072979995577,0.8851214377214692
2023-08-31,1.0,0.02688299577304801,0.8368431089825739
2023-09-01,1.0,0.04059535464571895,0.8504651583032203
2023-09-04,1.0,0.022611621460421574,0.8600336314063654
2023-09-05,1.0,0.019381689915575852,0.8561335365929515
2023-09-06,1.0,0.022660480656608063,0.8741563200434406
2023-09-07,1.0,0.023592628569090505,0.8840760196440928
2023-09-08,1.0,0.010144582119062946,0.8984815668995629
2023-09-11,1.0,0.00717614458835992,0.9140659192672619
2023-09-12,1.0,0.00483020452238743,0.8902131929255304
2023-09-13,1.0,0.01809639788751521,0.8992888511242072
2023-09-14,1.0,0.007303770884571232,0.9100191722880151
2023-09-15,1.0,0.01096748305819573,0.9167978987692268
2023-09-18,1.0,0.018193500278117107,0.8824595029025089
2023-09-19,1.0,0.01504168971311889,0.8477569589935999
2023-09-20,1.0,0.011893855942289295,0.8828426166272983
2023-09-21,1.0,0.01822402658846221,0.8852372181436143
2023-09-22,1.0,0.021697933069297327,0.9000763080049742
2023-09-25,1.0,0.0208218419906028,0.8899276700171418
2023-09-26,1.0,0.025179676897669354,0.9111521574940905
2023-09-27,1.0,0.03514301676374635,0.9140248869371024
2023-09-28,1.0,0.04718257184043332,0.8520003740190891
2023-10-09,1.0,0.06082119828272635,0.8778668868770952
2023-10-10,1.0,0.07068111964346806,0.8696758989721072
2023-10-11,1.0,0.06706087019853757,0.8034552715232939
2023-10-12,1.0,0.061384166385461035,0.7915185645716888
2023-10-13,1.0,0.05724145307603527,0.7868679229642253
2023-10-16,1.0,0.04207706088801137,0.7950180041953124
2023-10-17,1.0,0.03490378269399949,0.7730264897929287
2023-10-18,1.0,0.025945896373125985,0.842537784686372
2023-10-19,1.0,0.019999826321806843,0.8541245384790089
2023-10-20,1.0,0.014371355169859393,0.7819484299715767
2023-10-23,1.0,0.015302485523414592,0.7872724129488233
2023-10-24,1.0,0.009341751533584111,0.7821085906250783
2023-10-25,1.0,0.010077344266623853,0.75120002059803
2023-10-26,1.0,0.007732374318430409,0.7583442620726895
2023-10-27,1.0,0.003975482816254957,0.732210052785163
2023-10-30,1.0,0.0022145626934336506,0.6845939168591177
2023-10-31,0.0,-0.0005847953383033449,0.7096732734994733
2023-11-01,0.0,-0.0007127733472980857,0.7326865347477886
2023-11-02,0.0,0.0,0.759652731629697
2023-11-03,1.0,0.003840378739016428,0.7935400375096796
2023-11-06,1.0,0.010533453018808547,0.8362420485833888
2023-11-07,1.0,0.015865043198010853,0.8084481114013949
2023-11-08,1.0,0.02304539076596015,0.8186012674459586
2023-11-09,1.0,0.033388161934048546,0.85398645604299
2023-11-10,1.0,0.021159479607469705,0.8250505191529828
2023-11-13,1.0,0.02247001884787824,0.8351946115006801
2023-11-14,1.0,0.022190042422192,0.7846921996908848
2023-11-15,1.0,0.02208093726460315,0.8060818885562496
2023-11-16,1.0,0.018561043481347704,0.8127721728246229
2023-11-17,1.0,0.014635532660697972,0.7859570784451753
2023-11-20,1.0,0.026192425394950807,0.7188718021606146
2023-11-21,1.0,0.027624665890735863,0.6756844498381145
2023-11-22,1.0,0.02721688323840123,0.6544221103041129
2023-11-23,1.0,0.033963137599163945,0.6481440412812989
2023-11-24,1.0,0.032769051155544675,0.5424666139680363
2023-11-27,1.0,0.0235463283359077,0.6759444306751329
2023-11-28,1.0,0.021439431656412353,0.6842867371519923
2023-11-29,1.0,0.01738884170580035,0.7095160572646212
2023-11-30,1.0,0.02978000605645732,0.6656950185007966
2023-12-01,1.0,0.04435854744396192,0.7313298818877858
2023-12-04,1.0,0.038851697964358466,0.6399707251124864
2023-12-05,1.0,0.06298468297713436,0.7386597434912705
2023-12-06,1.0,0.06571379209899254,0.6725489648657648
2023-12-07,1.0,0.06800968391389588,0.6547074820340714
2023-12-08,1.0,0.06426228349251646,0.6527947079323573
2023-12-11,1.0,0.06965423034910107,0.7147627062844041
2023-12-12,1.0,0.07468847428916014,0.7237951905856276
2023-12-13,1.0,0.08015094715842232,0.723141104511652
2023-12-14,1.0,0.056817695948730075,0.6480341388241627
2023-12-15,1.0,0.06071122150448272,0.6772046844651173
2023-12-18,1.0,0.06291844768236966,0.7347544974812904
2023-12-19,1.0,0.08031745292984868,0.6626091031550649
2023-12-20,1.0,0.07191292392291687,0.6634394175984628
2023-12-21,1.0,0.07353580492748736,0.6530102433554437
2023-12-22,1.0,0.06978498375816442,0.6677967392808281
2023-12-25,1.0,0.07146900466844017,0.7016296930342419
2023-12-26,1.0,0.07713028622650145,0.6261224302828731
2023-12-27,1.0,0.09613868026596599,0.5679418126803062
2023-12-28,1.0,0.09921262378125656,0.5852763150434521
2023-12-29,1.0,0.1044591338242309,0.634128676524057
2024-01-02,1.0,0.11370104004124482,0.5403308366207231
2024-01-03,1.0,0.13728277411986567,0.7350014632051128
2024-01-04,1.0,0.14522465601706638,0.7745391022980398
2024-01-05,1.0,0.14702365057792677,0.7472598750895328
2024-01-08,1.0,0.14200139920625598,0.8098231736171276
2024-01-09,1.0,0.17060432001921505,0.7959516429802417
2024-01-10,1.0,0.16134706821044942,0.831767370189656
2024-01-11,1.0,0.16607332478416434,0.7887588085043954
2024-01-12,1.0,0.16632423473016214,0.8166668502443161
2024-01-15,1.0,0.15652890047023366,0.8408532815417751
2024-01-16,1.0,0.16192910854824102,0.7950121308076451
2024-01-17,1.0,0.15203384784365473,0.8324750012490901
2024-01-18,1.0,0.1293762982330832,0.8352272834658101
2024-01-19,1.0,0.13719898636043193,0.7604271181011709
2024-01-22,1.0,0.1389771954884061,0.741609513558517
2024-01-23,1.0,0.14613476080152737,0.7390242019186942
2024-01-24,1.0,0.14157877333160457,0.6843367429007008
2024-01-25,1.0,0.14182776899387534,0.777565369582709
2024-01-26,1.0,0.13574318278024106,0.7659973306659513
2024-01-29,1.0,0.13572151817059694,0.811663306372981
2024-01-30,1.0,0.13223117140376947,0.8072493152297721
2024-01-31,1.0,0.12938538715898334,0.8141324205426501
2024-02-01,1.0,0.15074832809485575,0.8117463882211597
2024-02-02,1.0,0.13990003877922225,0.7793616684860959
2024-02-05,1.0,0.14150158167640917,0.7546479779365605
2024-02-06,1.0,0.15102509123530797,0.7065713572238609
2024-02-07,1.0,0.15764709380033828,0.6806504915201687
2024-02-08,1.0,0.15544387126692427,0.7298032212212887
2024-02-19,1.0,0.185782725969877,0.7187002887407506
2024-02-20,1.0,0.17486281150627853,0.7024151049632468
2024-02-21,1.0,0.17678330374241757,0.7403881116691615
2024-02-22,1.0,0.1535255625974251,0.7020522476127687
2024-02-23,1.0,0.14641365099263268,0.7321585880681457
2024-02-26,1.0,0.1433832309783082,0.7809013809678121
2024-02-27,1.0,0.14395627923826168,0.7797201806753606
2024-02-28,1.0,0.15095170457589366,0.8014426126326931
2024-02-29,1.0,0.1399550321092497,0.7254812756489447
2024-03-01,1.0,0.14064226365942967,0.7330345524474693
2024-03-04,1.0,0.11814117505803844,0.7098676396369247
2024-03-05,1.0,0.11188574582968021,0.7546340394292476
2024-03-06,1.0,0.10047141148262045,0.7313130607257384
2024-03-07,1.0,0.10545144217937616,0.6780585392505992
2024-03-08,1.0,0.10494563937390838,0.6476766644938385
2024-03-11,1.0,0.06931021898906069,0.6617430742693078
2024-03-12,1.0,0.07835022544395623,0.6114635971912465
2024-03-13,1.0,0.08129248547613724,0.6647319814092206
2024-03-14,1.0,0.0799424355714302,0.6369041181681352
2024-03-15,1.0,0.07813961912679859,0.6889430759642856
2024-03-18,1.0,0.08740809219299202,0.7119295254290487
2024-03-19,1.0,0.08927844356052762,0.7216382247777307
2024-03-20,1.0,0.0968297485823847,0.7282092271272728
2024-03-21,1.0,0.08194718914401135,0.5764285173234333
2024-03-22,1.0,0.07279974871005655,0.6959775553101559
2024-03-25,1.0,0.07274363569167487,0.7452836425570252
2024-03-26,1.0,0.06493954923314064,0.7007303443108532
2024-03-27,1.0,0.05459908252205015,0.7626914487464566
2024-03-28,1.0,0.05884929119308211,0.6992400235947897
2024-03-29,1.0,0.037169935784405014,0.46664028947736613
2024-04-01,1.0,0.033946491119788175,0.49940059579545604
2024-04-02,1.0,0.03844793282546972,0.35830471872220826
2024-04-03,1.0,0.030588095617927677,0.2626090735689504
2024-04-08,1.0,0.00882992097386072,0.13410047148988768
2024-04-09,1.0,0.006835736941190599,0.1683436901584229
2024-04-10,0.0,-0.00021477663312803342,0.17458621308660274
2024-04-11,1.0,0.010534711158391242,0.19698636371663678
2024-04-12,0.0,-0.008873610111550143,0.06269140216970052
2024-04-15,1.0,0.008230208410740323,0.17249256437873967
2024-04-16,1.0,0.0023605274582358046,0.10164177587850273
2024-04-17,1.0,0.012531667778454065,0.13836121134225834
2024-04-18,1.0,0.027968486200526152,0.18258376804197718
2024-04-19,1.0,0.022927129255048504,0.15057240713748202
2024-04-22,1.0,0.013376698091224918,0.13605329841986558
2024-04-23,1.0,0.037041271680349076,0.19809648277137673
2024-04-24,1.0,0.020834086902842053,0.20871047785325264
2024-04-25,1.0,0.03457734275843212,0.24306971950742626
2024-04-26,1.0,0.00198151849102257,0.22038944798703736
2024-04-29,1.0,0.010677926930547236,0.2298001829386631
2024-04-30,1.0,0.0211398476821191,0.19695314411267675
2024-05-06,1.0,0.02467837832279541,0.2357737170560428
2024-05-07,1.0,0.02949770359245878,0.23775208632588343
2024-05-08,1.0,0.03911562146068289,0.2389427832412849
2024-05-09,1.0,0.04624132825066033,0.21804934688588726
2024-05-10,0.0,-0.002604028795935873,0.18186062649840778
2024-05-13,0.0,-0.0061881830859769485,0.2316559206487491
2024-05-14,1.0,0.0025930075392416514,0.25959135932074
2024-05-15,0.0,-0.0052371164968701865,0.2318377010584457
2024-05-16,0.0,-0.006612652082288102,0.23715445358551135
2024-05-17,1.0,0.0007786508498457675,0.25652250965588375
2024-05-20,0.0,-0.016337557499336117,0.15446411191023424
2024-05-21,0.0,-0.0070148651446182595,0.15698630712434777
2024-05-22,0.0,-0.01111999531798951,0.17570762748530824
2024-05-23,1.0,0.014226908756864205,0.2200305034727133
2024-05-24,1.0,0.03407587399809622,0.29511398515768417
2024-05-27,1.0,0.03267489490530601,0.26020641335377287
2024-05-28,1.0,0.03575847343387091,0.2982712922047504
2024-05-29,1.0,0.026029543205978927,0.30312788767653925
2024-05-30,1.0,0.03262683122833936,0.36295580144763273
2024-05-31,1.0,0.034140960815071696,0.3883453123209351
2024-06-03,1.0,0.04325286162996029,0.4380734493165189
2024-06-04,1.0,0.03344840716877772,0.3568587119378788
2024-06-05,1.0,0.037995852361062066,0.41047508875663974
2024-06-06,1.0,0.020982991282299454,0.3542232168265435
2024-06-07,1.0,0.01503840823308665,0.34480043471630817
2024-06-11,1.0,0.04896671614478184,0.3621490485657617
2024-06-12,1.0,0.036160390689349994,0.3932590053209144
2024-06-13,1.0,0.042131034516280245,0.4039957560318411
2024-06-14,1.0,0.044920933604958954,0.4335641049178943
2024-06-17,1.0,0.035331024887325625,0.3977623085072373
2024-06-18,1.0,0.04124075499538637,0.35296270230824184
2024-06-19,1.0,0.04204355079571222,0.3366636261564931
2024-06-20,1.0,0.03190012449712967,0.41707940961053225
2024-06-21,1.0,0.041709155812496325,0.40605941853930616
2024-06-24,1.0,0.056091445873822636,0.5299773342935232
2024-06-25,1.0,0.052976171961829605,0.4616935392928289
2024-06-26,1.0,0.07362098853877841,0.5224234427538917
2024-06-27,1.0,0.08727720157446928,0.4966464063543224
2024-06-28,1.0,0.0746051753957857,0.4815769592592059
2024-07-01,1.0,0.08169581026495777,0.5061972137371141
2024-07-02,1.0,0.08234574101736514,0.5078260111046182
2024-07-03,1.0,0.07573394074006447,0.5552286513669672
2024-07-04,1.0,0.06647989582862793,0.5510454037154319
2024-07-05,1.0,0.06328026998513558,0.5307629522232833
2024-07-08,1.0,0.04842153564173382,0.44393982916312563
2024-07-09,1.0,0.055767215184696156,0.5602856455256499
2024-07-10,1.0,0.06265428405824076,0.5721561691288114
2024-07-11,1.0,0.06477502625613583,0.628556606841401
2024-07-12,1.0,0.059906322436884756,0.6197539518763965
2024-07-15,1.0,0.07397977105378196,0.6051735601869331
2024-07-16,1.0,0.06615260375839997,0.5801998985226152
2024-07-17,1.0,0.06248805045702863,0.531153722487039
2024-07-18,1.0,0.07348621225833857,0.5948415072572328
2024-07-19,1.0,0.10166070881922405,0.5182473830757797
2024-07-22,1.0,0.10812288004689012,0.5572061302480982
2024-07-23,1.0,0.10444648269967548,0.5577643304617318
2024-07-24,1.0,0.09229896700319266,0.5441902141248685
2024-07-25,1.0,0.12008387072374858,0.5488421464848359
2024-07-26,1.0,0.12532565483936434,0.5419396481812727
2024-07-29,1.0,0.12916097677371124,0.5520581231900777
2024-07-30,1.0,0.12312639275123963,0.577355624526887
2024-07-31,1.0,0.10618662062013187,0.5420435086876358
2024-08-01,1.0,0.09114540200907245,0.5183767576340552
2024-08-02,1.0,0.0850845689216813,0.6553198752983713
2024-08-05,1.0,0.10841688246125035,0.571468026905633
2024-08-06,1.0,0.09813100993680118,0.4195100049820311
2024-08-07,1.0,0.10152624909179153,0.5615601237187533
2024-08-08,1.0,0.10194162269215953,0.5528470371461349
2024-08-09,1.0,0.07713276938320483,0.4801055901930264
2024-08-12,1.0,0.06697893379549451,0.5425975287096501
2024-08-13,1.0,0.040674475474225036,0.5263124517301838
2024-08-14,1.0,0.0431915055903397,0.5275189258617148
2024-08-15,1.0,0.057605125812204415,0.5533733806861848
2024-08-16,1.0,0.07153306023564161,0.495521377113153
2024-08-19,1.0,0.06233546869295208,0.5336848181338034
2024-08-20,1.0,0.07295547530255646,0.5151526656091284
2024-08-21,1.0,0.08589424275657793,0.5496844932489676
2024-08-22,1.0,0.07493325160238382,0.5156055621188183
2024-08-23,1.0,0.06468259542776343,0.5540691214866563
2024-08-26,1.0,0.06753861544836806,0.5236425728499003
2024-08-27,1.0,0.06268765839415853,0.5364962172873367
2024-08-28,1.0,0.07313385573937083,0.47546332903715954
2024-08-29,1.0,0.06434721845266322,0.552122806524333
2024-08-30,1.0,0.07588818147518474,0.5154280632155415
2024-09-02,1.0,0.07977045763310633,0.4870561718251904
2024-09-03,1.0,0.07778673768651294,0.5096404706650713
2024-09-04,1.0,0.08064088851791838,0.541319316862035
2024-09-05,1.0,0.07909019595746924,0.5446805970312739
2024-09-06,1.0,0.07996761608858607,0.49309622159724703
2024-09-09,1.0,0.09677522720162669,0.5338853251936124
2024-09-10,1.0,0.09660342279090499,0.5141767633031673
2024-09-11,1.0,0.08239521690025203,0.5894077185209863
2024-09-12,1.0,0.07451518681113087,0.5555225297747123
2024-09-13,1.0,0.059149872342256826,0.5020863224882718
2024-09-18,1.0,0.05914431138781524,0.39115983997623405
2024-09-19,1.0,0.0523988321450809,0.45783060700203765
2024-09-20,1.0,0.03872437089882996,0.4401331122796097
2024-09-23,1.0,0.04114858701435318,0.4259934028094041
2024-09-24,1.0,0.03852533660218209,0.4542786902369439
2024-09-25,1.0,0.03391269317833594,0.37136013890976755
2024-09-26,1.0,0.032537060587549675,0.4177233913062812
2024-09-27,1.0,0.0341117327825083,0.4201357172304344
2024-09-30,1.0,0.03449015260394497,0.46151243921380997
2024-10-08,1.0,0.03523127223923943,0.5250277754930599
2024-10-09,1.0,0.05590409724017284,0.6801154991365987
2024-10-10,1.0,0.06116819585892715,0.6586853367886801
2024-10-11,1.0,0.0450702147285351,0.6689121614400586
2024-10-14,1.0,0.035369063777696344,0.5797301889420233
2024-10-15,1.0,0.03949847642176708,0.6218455341647952
2024-10-16,1.0,0.0310815831338101,0.5943736936447679
2024-10-17,1.0,0.03393085479858236,0.5866070653471883
2024-10-18,1.0,0.02878721312355587,0.5092383635271339
2024-10-21,1.0,0.009984819661790312,0.4310211456380014
2024-10-22,1.0,0.01636967229168103,0.5340233398051497
2024-10-23,1.0,0.014435904867406535,0.4926585996253847
2024-10-24,1.0,0.025514733544663205,0.6579481240221783
2024-10-25,1.0,0.023852078160997853,0.44720513464688855
2024-10-28,1.0,0.02084790753863094,0.46981732836225654
2024-10-29,1.0,0.02139035253156984,0.4223423387267598
2024-10-30,1.0,0.011799455090891718,0.3194322877456328
2024-10-31,1.0,0.020614792426788937,0.3620450916582826
2024-11-01,1.0,0.027905291580978136,0.5092804267908134
2024-11-04,1.0,0.06987301535031593,0.5083887084806311
2024-11-05,1.0,0.06719291007486788,0.48181352972810676
2024-11-06,1.0,0.07088192992112519,0.6939213886360565
2024-11-07,1.0,0.10511838728279711,0.7804013420647615
2024-11-08,1.0,0.10809609594838418,0.6503851971615635
2024-11-11,1.0,0.10099555142488431,0.7529367757786188
2024-11-12,1.0,0.12245752359696747,0.8121688339180456
2024-11-13,1.0,0.13003456686064468,0.7995562692955411
2024-11-14,1.0,0.13245595364691878,0.8672141389903437
2024-11-15,1.0,0.14053110838078217,0.8008102212383538
2024-11-18,1.0,0.13556894244893591,0.8163525445521927
2024-11-19,1.0,0.12349496991128661,0.7857714108390196
2024-11-20,1.0,0.11415890536299227,0.8037348359611765
2024-11-21,1.0,0.10484557008008005,0.7409826590644858
2024-11-22,1.0,0.08791612992247853,0.8206815165916863
2024-11-25,1.0,0.09287577232670678,0.8300499361651767
2024-11-26,1.0,0.10283621382729419,0.894840951344142
2024-11-27,1.0,0.08644345791094504,0.8461529254216903
2024-11-28,1.0,0.09216225453680127,0.8706043460367632
2024-11-29,1.0,0.08962323998390864,0.8637592547254648
2024-12-02,1.0,0.10644263280154921,0.8518769087458685
2024-12-03,1.0,0.09441143006323614,0.8696415646726853
2024-12-04,1.0,0.09448341858676143,0.876542398710745
2024-12-05,1.0,0.09716075386337522,0.8497941104428179
2024-12-06,1.0,0.09534855352600484,0.8999813422142272
2024-12-09,1.0,0.09314641495151027,0.8934421064494783
2024-12-10,1.0,0.09664927906559817,0.881033914504994
2024-12-11,1.0,0.10281206011719789,0.8665408448178169
2024-12-12,1.0,0.09735554974106422,0.8400348607206592
2024-12-13,1.0,0.11336864614538693,0.8955614795541839
2024-12-16,1.0,0.13224369240399997,0.8964314678250861
2024-12-17,1.0,0.1348186407750571,0.8773114633520442
2024-12-18,1.0,0.13367689537720648,0.8802758829383197
2024-12-19,1.0,0.14201580263861605,0.93762733547739
2024-12-20,1.0,0.14079394224591116,0.8963761234732543
2024-12-23,1.0,0.13393847587866872,0.8882419606165589
2024-12-24,1.0,0.13987880123724108,0.8351544041108145
2024-12-25,1.0,0.15502728603347735,0.8240070721084426
2024-12-26,1.0,0.16347048875575002,0.8279050303039328
2024-12-27,1.0,0.17156339056622272,0.839176073494573
2024-12-30,1.0,0.1720257766914022,0.8486233896863556
2024-12-31,1.0,0.17951104797172873,0.848708481818995
2025-01-02,1.0,0.14313726114378617,0.8185491909972937
2025-01-03,1.0,0.13569082127494672,0.8512144518392659
2025-01-06,1.0,0.15286969585653748,0.8749055048157351
2025-01-07,1.0,0.17490233887192594,0.883096262090505
2025-01-08,1.0,0.1872830059476602,0.8754309934363071
2025-01-09,1.0,0.19031528855287863,0.8776302143388323
2025-01-10,1.0,0.1847943935371477,0.8670890860985799
2025-01-13,1.0,0.2043536890847638,0.8789608055160719
2025-01-14,1.0,0.2219975064677023,0.8706874125002858
2025-01-15,1.0,0.21680480527026672,0.9023288766025165
2025-01-16,1.0,0.23082457862873498,0.9143486548987745
2025-01-17,1.0,0.2606049700385835,0.8837023119306878
2025-01-20,1.0,0.20361047193180343,0.8998548347456155
2025-01-21,1.0,0.21368951792967325,0.8952168695441539
2025-01-22,1.0,0.1985191048384891,0.8691334804962175
2025-01-23,1.0,0.18823614702964206,0.8725705771828078
2025-01-24,1.0,0.1905834242029388,0.8717707878301579
2025-01-27,1.0,0.18649789339530898,0.8530834173917672
2025-02-05,1.0,0.16985803034805985,0.49361397817053204
2025-02-06,1.0,0.18400062587828703,0.535835756845494
2025-02-07,1.0,0.165891352617707,0.5150401999816752
2025-02-10,1.0,0.14929200184796124,0.5109950036155418
2025-02-11,1.0,0.11884863143005428,0.44418843134910674
2025-02-12,1.0,0.11948767134076728,0.5220299549746357
2025-02-13,1.0,0.10680273798081671,0.5375887318682924
2025-02-14,1.0,0.07203684902915207,0.5228648219270196
2025-02-17,1.0,0.1046513586384779,0.7140863489955358
2025-02-18,1.0,0.10162489220007462,0.6494505437703079
2025-02-19,1.0,0.09239812183497909,0.5997907442372644
2025-02-20,1.0,0.12103699504283391,0.5026245134184248
2025-02-21,1.0,0.13082113093049783,0.5321094449177699
2025-02-24,1.0,0.128573643812334,0.4997263185309245
2025-02-25,1.0,0.1255611809066893,0.4461542379911226
2025-02-26,1.0,0.12722678799919068,0.5401308913599993
2025-02-27,1.0,0.13167590565534104,0.513276033362723
2025-02-28,1.0,0.1285496536319105,0.5819413873014151
2025-03-03,1.0,0.13787204756905785,0.5783448588073956
2025-03-04,1.0,0.1458550430740723,0.44604695856008525
2025-03-05,1.0,0.13712744633228965,0.49464217610194855
2025-03-06,1.0,0.14101828169069372,0.48207730733757914
2025-03-07,1.0,0.14211136268401608,0.477910347932499
2025-03-10,1.0,0.12820542261310633,0.48565452841274087
2025-03-11,1.0,0.13444233599328098,0.4621124735482686
2025-03-12,1.0,0.13468955976166422,0.3921042693437882
2025-03-13,1.0,0.1371988739411441,0.3932479174029827
2025-03-14,1.0,0.13368246904429876,0.2950255041198871
2025-03-17,1.0,0.12967665824935617,0.31388170812232496
2025-03-18,1.0,0.11370578804139012,0.26885774300010434
2025-03-19,1.0,0.10470715101894433,0.2153199365280059
2025-03-20,1.0,0.09773234183795547,0.19660170598700116
2025-03-21,1.0,0.09649766050593894,0.29828529449718666
2025-03-24,1.0,0.09973053290747869,0.3473320328697925
2025-03-25,1.0,0.08811204068068502,0.3636565947132972
2025-03-26,1.0,0.08761061632612063,0.33225192981225726
2025-03-27,1.0,0.08753683842253036,0.3685525394565125
2025-03-28,1.0,0.05857166793857739,0.35319746405908126
2025-03-31,1.0,0.05047218455465137,0.3145246261513575
2025-04-01,1.0,0.05264373348542209,0.2938010675515353
2025-04-02,1.0,0.05624014430424662,0.37852503168033313
2025-04-03,1.0,0.05558155363105489,0.37667208185946766
2025-04-07,1.0,0.0787973334555827,0.4172999061259228
2025-04-08,1.0,0.06991011149288995,0.5815335727228664
2025-04-09,1.0,0.06394264775762581,0.6295164836040413
2025-04-10,1.0,0.029566105155459373,0.5725290554606842
2025-04-11,1.0,0.020907595495212785,0.43614649156358315
2025-04-14,1.0,0.01290676256763907,0.3684760610333187
2025-04-15,1.0,0.021943643000189562,0.4139882796833619
2025-04-16,0.0,-0.0015364919796168985,0.3273606062142223
2025-04-17,0.0,-0.016042441782146102,0.28033823527749596
2025-04-18,0.0,-0.018809972054176363,0.29720025952930956
2025-04-21,0.0,-0.03545071874040271,0.1279718488861834
2025-04-22,0.0,-0.06166404711239385,0.06174432132647834
2025-04-23,1.0,0.0007137759046797241,0.04323583945460836
2025-04-24,1.0,0.0008832250905367778,0.04587107372369093
2025-04-25,0.0,-0.010805116810321062,0.037503620120848735
2025-04-28,0.0,-0.003493094423537194,0.048576543874558606
2025-04-29,0.0,-0.01328292774344628,0.04090906972385908
2025-04-30,0.0,-0.01141956292058643,0.05161383990656305
2025-05-06,0.0,-0.02680291521723151,0.03877510503788842
2025-05-07,0.0,-0.042223100065880204,0.037021937900355656
2025-05-08,0.0,-0.0256946572500181,0.1194322402033684
2025-05-09,0.0,-0.00891816541122897,0.1855248060332581
2025-05-12,1.0,0.013146743846692312,0.20834755156931065
2025-05-13,1.0,0.020627794112473213,0.19146241103832826
2025-05-14,1.0,0.030130161074247583,0.18838346047370835
2025-05-15,1.0,0.06283733717026904,0.4111726420848088
2025-05-16,1.0,0.03615669956585619,0.2663445773918145
2025-05-19,1.0,0.026347891401047534,0.22599097122698145
2025-05-20,1.0,0.03047034239448019,0.2407105287642727
2025-05-21,0.0,-0.00010273005119847706,0.15955721419771432
2025-05-22,0.0,-0.005527361588400737,0.12153525507021558
2025-05-23,0.0,-0.003132705930928804,0.1396774348729929
2025-05-26,0.0,-0.002885930524711893,0.1385281364752474
2025-05-27,1.0,0.0013987103065183372,0.12665449640483753
2025-05-28,1.0,0.003670677509132713,0.15442490246945179
2025-05-29,1.0,0.011809829531544976,0.2716520482267175
2025-05-30,1.0,0.009516635544265559,0.211591291090866
2025-06-03,0.0,-0.0025316145522967888,0.1822946274075778
2025-06-04,0.0,-0.001611686351502278,0.17691052395030532
2025-06-05,0.0,-0.0006381865508188829,0.16586211191780617
2025-06-06,1.0,0.0023974099064669285,0.213475743464083
2025-06-09,1.0,0.032809809032506944,0.33962988751428586
2025-06-10,1.0,0.037056754232803205,0.246454180315783
2025-06-11,1.0,0.04690577346091649,0.28874457449116614
2025-06-12,1.0,0.03481899032956956,0.25176515506136804
2025-06-13,1.0,0.02638727970433617,0.26752478097376003
2025-06-16,1.0,0.03784596887962159,0.23204630129854706
2025-06-17,1.0,0.061023152949837456,0.2705750317389022
2025-06-18,1.0,0.05931911022952186,0.22473852749080395
2025-06-19,1.0,0.06148261756102816,0.26109339358688494
2025-06-20,1.0,0.06902540882569122,0.23350807939480742
2025-06-23,1.0,0.06239235698115922,0.2331514540760831
2025-06-24,1.0,0.08707183517633443,0.2881132480037006
2025-06-25,1.0,0.07603317743965915,0.3135147372935456
2025-06-26,1.0,0.061067627343043364,0.299437283637675
2025-06-27,1.0,0.0803959454222681,0.306267430886876
2025-06-30,1.0,0.09786749301619141,0.3505578844719743
2025-07-01,1.0,0.09733457858830809,0.25936949640851686
2025-07-02,1.0,0.10272832400105168,0.24763240207625026
2025-07-03,1.0,0.08984032960824591,0.22143088554923893
2025-07-04,1.0,0.0968228996797035,0.2820412203935344
2025-07-07,1.0,0.11640778731113707,0.31204571134193104
2025-07-08,1.0,0.1191019517044632,0.3576261476927143
2025-07-09,1.0,0.17592852633754483,0.36135838973518825
2025-07-10,1.0,0.15345952455407982,0.3103968556990641
2025-07-11,1.0,0.18155424592213706,0.3789075191635222
2025-07-14,1.0,0.18370699710593438,0.4315455248923856
2025-07-15,1.0,0.20748077967738288,0.44760616771672285
2025-07-16,1.0,0.21859584816683342,0.47198744327287984
2025-07-17,1.0,0.2530419791355757,0.3829904189905662
2025-07-18,1.0,0.22215982393850656,0.36115569264411956
2025-07-21,1.0,0.2403265317816048,0.3437313941587804
2025-07-22,1.0,0.19367322179101865,0.7166524912689087
2025-07-23,1.0,0.17260536004605243,0.6531982237302622
2025-07-24,1.0,0.18617932420418273,0.6592183229863731
2025-07-25,1.0,0.18377421393313545,0.5617992309684446
2025-07-28,1.0,0.15134780421577215,0.5747878220360819
2025-07-29,1.0,0.1661522670006427,0.6391799216703589
2025-07-30,1.0,0.16452781782284148,0.665596027247831
2025-07-31,1.0,0.17970436678447652,0.6733098949377156
2025-08-01,1.0,0.17984895013994323,0.6009127075149331
2025-08-04,1.0,0.15844496686084644,0.6863120019721216
2025-08-05,1.0,0.15343111474953938,0.6098694643298591
2025-08-06,1.0,0.1579787281969303,0.6059204591618698
2025-08-07,1.0,0.16003310309659477,0.5945397821479989
2025-08-08,1.0,0.1723498581911304,0.7435915653517462
2025-08-11,1.0,0.19665531102508663,0.6285704729537169
2025-08-12,1.0,0.19778477182955762,0.6148488591192602
2025-08-13,1.0,0.21183674874239772,0.684327900234449
2025-08-14,1.0,0.20219888264164673,0.805366385402896
2025-08-15,1.0,0.18070901734045983,0.7941787626918188
2025-08-18,1.0,0.16647426838733095,0.8097233007907177
2025-08-19,1.0,0.1897428365269602,0.7940766077304975
2025-08-20,1.0,0.18806850127348454,0.7946227342534224
2025-08-21,1.0,0.17887098247526462,0.7683224796961587
2025-08-22,1.0,0.18473223381159123,0.7779935243444214
2025-08-25,1.0,0.19452888600159365,0.8021433359462049
2025-08-26,1.0,0.1922745917237888,0.8231847357141613
2025-08-27,1.0,0.19268803909372983,0.8024493205506624
2025-08-28,1.0,0.19716618333795943,0.8182331946209966
2025-08-29,1.0,0.20450755524237021,0.8129966089606331
2025-09-01,1.0,0.1799746124747707,0.8514413798485121
2025-09-02,1.0,0.17349266273985647,0.849945740905787
2025-09-03,1.0,0.15701465696842226,0.8485603484226839
2025-09-04,1.0,0.1673095224139026,0.8507547079218697
2025-09-05,1.0,0.16165416138265085,0.8315623786963456
2025-09-08,1.0,0.14529564788774668,0.8708514428999197
2025-09-09,1.0,0.13636745921645396,0.7942172858077657
2025-09-10,1.0,0.13920567160828878,0.8223697492354365
2025-09-11,1.0,0.15561123396329418,0.7385995753508702
2025-09-12,1.0,0.16427471740034455,0.7434137748717339
2025-09-15,1.0,0.15540736255668758,0.7185616545880398
2025-09-16,1.0,0.1513917949493318,0.6786606815940758
2025-09-17,1.0,0.16053511699164197,0.666770493900712
2025-09-18,1.0,0.17315864387243493,0.7178160731167841
2025-09-19,1.0,0.1865147373151002,0.7931361022469824
2025-09-22,1.0,0.18078464096266625,0.7213158768486156
2025-09-23,1.0,0.1707126143831963,0.6999996879247353
2025-09-24,1.0,0.15954474354645307,0.7453925623511181
2025-09-25,1.0,0.17314993022212466,0.7901898171295959
2025-09-26,1.0,0.16256915836034116,0.7623402713340807
2025-09-29,1.0,0.12799400117853013,0.7585072932678955
2025-09-30,1.0,0.11152173418761967,0.6395330716121044
2025-10-09,1.0,0.08456211756925013,0.09553450532065151
2025-10-10,1.0,0.1085963236285767,0.23548578071313703
2025-10-13,1.0,0.07409719112186917,0.15023609834564508
2025-10-14,1.0,0.060898974536784445,0.13873017292963774
2025-10-15,1.0,0.04692698561653656,0.09229365697306775
2025-10-16,1.0,0.06009737065184802,0.08169582799825721
2025-10-17,1.0,0.0270172033616916,0.03118340171318969
2025-10-20,1.0,0.06994605435183547,0.09578651490290906
2025-10-21,1.0,0.04055235673874658,0.05036850881772953
2025-10-22,1.0,0.08041087835386974,0.21185106851165095
2025-10-23,1.0,0.10717573686674081,0.15796785996967647
2025-10-24,1.0,0.1223185659796259,0.20847457815121645
2025-10-27,1.0,0.15641452391985927,0.1878965330575545
2025-10-28,1.0,0.18778340117320177,0.41741758811903085
2025-10-29,1.0,0.2027723450529953,0.3238749714530913
2025-10-30,1.0,0.22587617633302448,0.4601728809823611
2025-10-31,1.0,0.21964908066443622,0.3101083196562797
2025-11-03,1.0,0.25133610638277226,0.37865564880932917
2025-11-04,1.0,0.3106368381319692,0.3505127643027606
2025-11-05,1.0,0.24147363622166182,0.39621273583782635
2025-11-06,1.0,0.09433900768189195,0.2991984289367928
2025-11-07,1.0,0.17165256760563816,0.3067055863247344
2025-11-10,1.0,0.19867954995434572,0.2531583109008772
2025-11-11,1.0,0.15300581862206383,0.19015188151429277
2025-11-12,1.0,0.14205422383059804,0.19401243155661504
2025-11-13,1.0,0.15817021034183706,0.14107472378967606
2025-11-14,1.0,0.1623479119376317,0.20826007518424558
2025-11-17,1.0,0.19572305902399106,0.3175951805153342
2025-11-18,1.0,0.2037696959066376,0.3309120911723271
2025-11-19,1.0,0.1695220981001792,0.2098170232766197
2025-11-20,1.0,0.21001841686384365,0.2741052749524852
2025-11-21,1.0,0.21654969739506189,0.3404510313740886
2025-11-24,1.0,0.2089230447650282,0.3572307010238145
2025-11-25,1.0,0.19291849442207365,0.2750700078386639
2025-11-26,1.0,0.23475410255713067,0.34454352330755755
2025-11-27,1.0,0.22149516445773212,0.3403826024698866
2025-11-28,1.0,0.18959474658673262,0.3213340387167852
2025-12-01,1.0,0.178910713671873,0.33851225400226637
2025-12-02,1.0,0.17419895440306019,0.5289315208445325
2025-12-03,1.0,0.17529367870441956,0.5061592281665857
2025-12-04,1.0,0.1874617012525791,0.5285254374193132
2025-12-05,1.0,0.18122144858090006,0.49677242783562964
2025-12-08,1.0,0.18028548101681519,0.5931656391103833
2025-12-09,1.0,0.17454253628944177,0.5549308028315293
2025-12-10,1.0,0.15642448638759748,0.5332416392848147
2025-12-11,1.0,0.15294194996548727,0.4989697294431682
2025-12-12,1.0,0.13730519542613215,0.4448223150245631
2025-12-15,1.0,0.07713732786016049,0.5288183371187808
2025-12-16,1.0,0.06746679220416879,0.5488759959325783
2025-12-17,0.0,-0.04138694129075104,0.5306489740850173
2025-12-18,0.0,-0.003289443046188084,0.5334910186788575
2025-12-19,1.0,0.034168209999518126,0.5468195089940315
2025-12-22,0.0,-0.004887732332318347,0.45565655972716923
2025-12-23,0.0,-0.0154804621565608,0.3948578020447078
2025-12-24,1.0,0.0001970870539894334,0.45317062427185467
2025-12-25,1.0,0.011178807894466871,0.4186021588661499
2025-12-26,1.0,0.035645577552588875,0.4207809737333981
2025-12-29,1.0,0.016347313263633065,0.44179833316518863
2025-12-30,1.0,0.04774327769001789,0.7952582052807846
2025-12-31,1.0,0.05640114039735961,0.7637515355181415
2026-01-05,1.0,0.06516646464329137,0.7239829083617872
2026-01-06,1.0,0.035521498314536416,0.6619373954875212
2026-01-07,1.0,0.048327643806714816,0.6639925725841573
2026-01-08,1.0,0.04454673632460345,0.7154780707268082
2026-01-09,1.0,0.04501318330822364,0.6858279907571482
2026-01-12,1.0,0.03066653681093724,0.7186938225307663
2026-01-13,1.0,0.032865818802149296,0.6998528622984406
2026-01-14,1.0,0.012794735900885902,0.6450461299168534
2026-01-15,1.0,0.018908206752807556,0.7080853132478374
2026-01-16,1.0,0.018599206029193478,0.6647499082705922
2026-01-19,1.0,0.0023996811942012222,0.6890484864880451
2026-01-20,0.0,-0.019141436332557736,0.6595429907598743
2026-01-21,0.0,-0.05667062549810902,0.5303003243900805
2026-01-22,0.0,-0.045292179216060095,0.6124414001675406
2026-01-23,0.0,-0.08756889692073631,0.3081508544830668
2026-01-26,0.0,-0.12212632387480142,0.2814739542169976
2026-01-27,0.0,-0.12236080116041706,0.3926257545735288
2026-01-28,0.0,-0.14267293629553315,0.07552805633487816
2026-01-29,0.0,-0.18227672623743965,0.015597807956640675
2026-01-30,0.0,-0.1121356860669701,0.025325302677362695
2026-02-02,1.0,0.01788393935436038,0.05626637163865809
2026-02-03,0.0,-0.05996428657520948,0.024756248748854796
2026-02-04,0.0,-0.10241603588370099,0.007799118586601695
2026-02-05,0.0,-0.07136250406116744,0.02435574041545103
2026-02-06,0.0,-0.0819173462069854,0.03750722769622501
2026-02-09,0.0,-0.1188182623323898,0.012799701078058176
2026-02-10,0.0,-0.11483746640478555,0.014362457206338969
2026-02-11,0.0,-0.1387822384361628,0.01122649232887198
2026-02-12,0.0,-0.12606457802614315,0.011278165606788031
2026-02-13,0.0,-0.1111323781203863,0.04325214600178337
2026-02-24,0.0,-0.1414974762263316,0.019860570076621634
2026-02-25,0.0,-0.1456957987884826,0.026316298174030625
2026-02-26,0.0,-0.15327301517248063,0.02146287444509168
2026-02-27,0.0,-0.17752776874979087,0.01717332197758733
2026-03-02,0.0,-0.19065878269190648,0.0025497813972885507
2026-03-03,0.0,-0.18376422129962353,0.0033848420016846454
2026-03-04,0.0,-0.15186373692230173,0.011508743772170366
2026-03-05,0.0,-0.1646863092490352,0.006432475045678337
2026-03-06,0.0,-0.15403673120043496,0.00722938188650333
2026-03-09,0.0,-0.15735170407591978,0.009305273906697943
2026-03-10,0.0,-0.199299655091355,0.036490611238848975
2026-03-11,0.0,-0.19589614905160474,0.03813362506686279
2026-03-12,0.0,-0.2222294147830363,0.03881438255982745
2026-03-13,0.0,-0.23580054275315088,0.08865893989781999
2026-03-16,0.0,-0.20437748539377806,0.11946780862673786
2026-03-17,0.0,-0.17293375895119764,0.08163909142473529
2026-03-18,0.0,-0.1675734574423957,0.06367747321784689
2026-03-19,0.0,-0.11890654791591614,0.32723419881831106
2026-03-20,0.0,-0.10251840657100834,0.4352429359635168
2026-03-23,0.0,-0.024859647816573984,0.8986100606384244
2026-03-24,0.0,-0.08471449906345,0.6449913703802028
2026-03-25,0.0,-0.1236336808056803,0.33528244411635644
2026-03-26,0.0,-0.13293775315272116,0.42223040807289924
2026-03-27,0.0,-0.12274948662820896,0.41222599593238135
2026-03-30,0.0,-0.13274343261212007,0.24640815755051695
2026-03-31,0.0,-0.14632593414410883,0.3681305620948197
2026-04-01,0.0,-0.19128314400544832,0.1492211829104268
2026-04-02,0.0,-0.139294177836755,0.201157214660558
2026-04-03,0.0,-0.12524059028985637,0.1702323901106369
2026-04-07,0.0,-0.13041469038320422,0.18092790369925058
2026-04-08,0.0,-0.16134536338321084,0.1483620450211148
2026-04-09,0.0,-0.14278768075205206,0.16598373475407052
2026-04-10,0.0,-0.15385502358747324,0.09936631464202446
2026-04-13,0.0,-0.15013663966309018,0.11560392709376437
2026-04-14,0.0,-0.1725783291294203,0.08023939837663782
2026-04-15,0.0,-0.1841451114138203,0.06206542219768593
2026-04-16,0.0,-0.18740274376354468,0.10193260095030648
2026-04-17,0.0,-0.18137704937535784,0.13292045275497288
2026-04-20,0.0,-0.18849817230482369,0.1472346953325168
2026-04-21,0.0,-0.18480824402366697,0.27986873981633137
2026-04-22,0.0,-0.1670385211202465,0.3809203682049555
2026-04-23,0.0,-0.14557268861475384,0.2855701973113652
2026-04-24,0.0,-0.13799820007476185,0.41083815240569116
2026-04-27,0.0,-0.165156225912102,0.2593172703344141
2026-04-28,0.0,-0.13489366298707328,0.11965759413287329
2026-04-29,0.0,-0.1338646327666636,0.11115971657477881
2026-04-30,0.0,-0.13906345000804,0.15901095996260886
2026-05-06,0.0,-0.15432571070120646,0.1971640410046783
2026-05-07,0.0,-0.15860833235888575,0.13578486286328958
2026-05-08,0.0,-0.15782394985114173,0.18524918789832953
2026-05-11,0.0,-0.14694388436891523,0.39166584186800496
2026-05-12,0.0,-0.12354651591982038,0.4146507120085522
2026-05-13,0.0,-0.10601193791679352,0.34459132573288
2026-05-14,0.0,-0.09449854345826754,0.2844053478522254
2026-05-15,0.0,-0.057560264231653994,0.4482799407572001
2026-05-18,0.0,-0.051156434274164025,0.42792776663394716
2026-05-19,0.0,-0.04192389726976671,0.4042827537307538
