date,up,fret,p
2011-03-07,0.0,-0.010138959689686982,0.7765231180476639
2011-03-08,0.0,-0.008448412133150474,0.7924697668181052
2011-03-09,0.0,-0.016572380617833025,0.7565578613969011
2011-03-10,0.0,-0.024610154005149168,0.8233432316669121
2011-03-11,0.0,-0.00023404717829222279,0.8200224183824038
2011-03-14,1.0,0.006089104789088432,0.7425560484420337
2011-03-15,1.0,0.009673152029046415,0.7229947905660418
2011-03-16,1.0,0.018690885216851024,0.7755682893574815
2011-03-17,1.0,0.02503886441783598,0.8313262160606878
2011-03-18,1.0,0.014045687717513147,0.7913960175997998
2011-03-21,0.0,-0.010613698308794217,0.8208486851711583
2011-03-22,0.0,-0.008204526931967406,0.7267109854654253
2011-03-23,0.0,-0.006868318388352611,0.8087055192302994
2011-03-24,0.0,-0.006748735419866408,0.7814890064917719
2011-03-25,0.0,-0.0045937585947277565,0.8131209190885892
2011-03-28,1.0,0.02056076258120654,0.8113468568843137
2011-03-29,1.0,0.018210864331693062,0.7854155642078409
2011-03-30,1.0,0.024501760108608467,0.7203234684296531
2011-03-31,1.0,0.020403842236912342,0.6807343689703149
2011-04-01,1.0,0.01316284758745621,0.7372455608781696
2011-04-06,1.0,0.0031961412636192033,0.8205674029238579
2011-04-07,1.0,0.007699623696504181,0.7776999581077
2011-04-08,1.0,0.0016879832612773983,0.6807443861970003
2011-04-11,1.0,0.015330546016939393,0.6560518686510163
2011-04-12,1.0,0.017370887578109503,0.7593134785553641
2011-04-13,1.0,0.023905264462790322,0.6717812907620676
2011-04-14,1.0,0.023924201921533758,0.6667541158806659
2011-04-15,1.0,0.02346411898677791,0.6296350031490681
2011-04-18,1.0,0.014215309893934321,0.38803256676015063
2011-04-19,1.0,0.004967560892238591,0.47899278513922894
2011-04-20,0.0,-0.0037585647050035796,0.6014767714597715
2011-04-21,1.0,0.009348814221198945,0.5081630273263733
2011-04-22,1.0,0.0055604844394744396,0.37199721913843004
2011-04-25,1.0,0.0014514706574510904,0.464036781601402
2011-04-26,1.0,0.004497543505772253,0.6583119037182446
2011-04-27,0.0,-0.0007981228575058278,0.5809374833938952
2011-04-28,0.0,-0.027795503946579606,0.6283143834358065
2011-04-29,0.0,-0.02069149102760062,0.6039382337827277
2011-05-03,0.0,-0.016083240328992564,0.7149041291611968
2011-05-04,1.0,0.0013675759466256735,0.7557820217899964
2011-05-05,0.0,-0.00965974039366675,0.8142957646224098
2011-05-06,1.0,0.015586730357582184,0.8396016834210576
2011-05-09,0.0,0.0,0.8239501039104533
2011-05-10,0.0,-0.0016033866954806545,0.8698404478054558
2011-05-11,0.0,-0.012086478068802045,0.821269206294378
2011-05-12,1.0,0.007293556518048199,0.7731270367789937
2011-05-13,0.0,-0.0031873552833641557,0.8307032908952406
2011-05-16,1.0,0.010367429350178156,0.7214643933832701
2011-05-17,1.0,0.017497424198479994,0.6868408991324602
2011-05-18,1.0,0.020284412787360213,0.6785837340786105
2011-05-19,1.0,0.01754848529230532,0.6736010598154341
2011-05-20,1.0,0.01363412476662846,0.6712943917777991
2011-05-23,1.0,0.016887228008343937,0.639109304805895
2011-05-24,1.0,0.009166600051588338,0.6723396090911347
2011-05-25,1.0,0.0009452392158827431,0.697779006900324
2011-05-26,1.0,0.007365072860086648,0.6231920665392925
2011-05-27,1.0,0.005683885358232786,0.6059311298646641
2011-05-30,1.0,0.005649291698582472,0.5810611476783503
2011-05-31,1.0,0.00012498828251124308,0.5405101398207642
2011-06-01,1.0,0.004618800726849779,0.5354669745093862
2011-06-02,1.0,0.0009675255510454815,0.6541461378407958
2011-06-03,0.0,-0.0026652049953801503,0.5711180833715734
2011-06-07,0.0,-0.013126549281628635,0.5323699550493872
2011-06-08,0.0,-0.008976270175467569,0.502681478559716
2011-06-09,0.0,-0.0026681331060434566,0.4699624164945913
2011-06-10,0.0,-0.009087837920880049,0.5525596097671692
2011-06-13,1.0,0.005541915024622034,0.5795760007756229
2011-06-14,1.0,0.013157672357836003,0.6829272755076266
2011-06-15,1.0,0.012563018660061629,0.61205634787602
2011-06-16,1.0,0.009136198213553284,0.6544729777033402
2011-06-17,0.0,-0.002647839146304427,0.6133289207740749
2011-06-20,0.0,-0.027700848412950667,0.6562574723862125
2011-06-21,0.0,-0.028890512323218962,0.672639572822126
2011-06-22,0.0,-0.02404136143768197,0.6076765121356865
2011-06-23,0.0,-0.02169309782056063,0.6282879258202221
2011-06-24,0.0,-0.01597183263702847,0.18108029481648225
2011-06-27,1.0,0.0013793769329057705,0.561617366599704
2011-06-28,0.0,-0.0029515581260717173,0.5918777151743292
2011-06-29,1.0,0.009490176442244178,0.6561556772007506
2011-06-30,1.0,0.016947686024497,0.6072594075878461
2011-07-01,1.0,0.023424580140433443,0.6489511319778567
2011-07-04,1.0,0.031273749833553514,0.6658736737137191
2011-07-05,1.0,0.03420459447396112,0.6714428457834756
2011-07-06,1.0,0.03140707754782437,0.7293118568894579
2011-07-07,1.0,0.03117839803065157,0.6682672599482342
2011-07-08,1.0,0.0275623812511346,0.5872498105184895
2011-07-11,1.0,0.032463039520513895,0.6581986696447389
2011-07-12,1.0,0.03670136685042796,0.6049345188402954
2011-07-13,1.0,0.011959062270571566,0.5400781588403699
2011-07-14,1.0,0.011400774951372875,0.3932570401059439
2011-07-15,1.0,0.006349613470783521,0.5278497089627127
2011-07-18,1.0,0.010829026820197332,0.4510778288521276
2011-07-19,1.0,0.0038833840176215836,0.38346482559769357
2011-07-20,1.0,0.018075760802455345,0.5427426307702203
2011-07-21,1.0,0.005234439529612711,0.509466559971513
2011-07-22,1.0,0.0129383480822555,0.5530572344563923
2011-07-25,0.0,-0.0077358848174267775,0.4338686527710125
2011-07-26,1.0,0.0005067139708114992,0.5071986424713872
2011-07-27,1.0,0.025458906697926456,0.4611519561484302
2011-07-28,1.0,0.030612537017917645,0.525941168753216
2011-07-29,1.0,0.028237308907197795,0.4484029086779392
2011-08-01,1.0,0.06095086624341456,0.7274788199743606
2011-08-02,1.0,0.07705374531715321,0.654893843030697
2011-08-03,1.0,0.04662268787754225,0.8526664952981626
2011-08-04,1.0,0.061192918693676095,0.7950954350051731
2011-08-05,1.0,0.053501097200544766,0.876090515446279
2011-08-08,1.0,0.016230034183653593,0.7096038502331505
2011-08-09,1.0,0.010975251473323998,0.7094055275445765
2011-08-10,1.0,0.02060010747457968,0.715595838093541
2011-08-11,1.0,0.007996681314337832,0.4382435304553209
2011-08-12,1.0,0.05574629789757404,0.6726864184042936
2011-08-15,1.0,0.08537700765198115,0.8454157508172193
2011-08-16,1.0,0.06658133575171776,0.6399724704482183
2011-08-17,1.0,0.03090047373648983,0.5379905899347115
2011-08-18,0.0,-0.01872269872231867,0.5231512005939453
2011-08-19,0.0,-0.04258227140337879,0.27963064827102946
2011-08-22,0.0,-0.04054275492077925,0.13570233595823916
2011-08-23,0.0,-0.05077072972507532,0.20548301795392973
2011-08-24,0.0,-0.0018657457224758485,0.31771634046076597
2011-08-25,1.0,0.0347127545690003,0.8274040373657006
2011-08-26,1.0,0.035889785899204364,0.7935401564102768
2011-08-29,1.0,0.0359960153706751,0.6176484841071538
2011-08-30,1.0,0.059818495210910205,0.43787947259381904
2011-08-31,0.0,-0.003926792854333392,0.3128879302590973
2011-09-01,1.0,0.014901047126034109,0.19481116462808318
2011-09-02,1.0,0.018374891620130028,0.17951072937439827
2011-09-05,0.0,-0.03123019311708637,0.024473531461662847
2011-09-06,0.0,-0.04375164545368863,0.018072455041989417
2011-09-07,0.0,-0.008379344743083933,0.023151686137960002
2011-09-08,0.0,-0.04303320708331858,0.01373042159477517
2011-09-09,0.0,-0.02704207795136945,0.02415783115414367
2011-09-13,0.0,-0.026199333643053494,0.026039643864303328
2011-09-14,0.0,-0.008307613503823237,0.04455543287162184
2011-09-15,0.0,-0.02297589452491041,0.02732064821215654
2011-09-16,0.0,-0.012844844140658595,0.036836066235134586
2011-09-19,0.0,-0.10012662866322243,0.012405596416536819
2011-09-20,0.0,-0.0770825235690503,0.03322660097078763
2011-09-21,0.0,-0.09484387063290006,0.008362434226245172
2011-09-22,0.0,-0.0909899431800238,0.019725346183501722
2011-09-23,0.0,-0.06534348091458736,0.011608995257672805
2011-09-26,0.0,-0.000907003002624196,0.2461619519873518
2011-09-27,1.0,0.013064474337746048,0.2178516433441253
2011-09-28,1.0,0.016219399856170526,0.37352000432807986
2011-09-29,1.0,0.0332527592824032,0.6553704159016144
2011-09-30,1.0,0.02249978037245068,0.5544601298305716
2011-10-10,1.0,0.016604637066551013,0.49030274974370724
2011-10-11,0.0,-0.00847684119122896,0.38858667437657524
2011-10-12,0.0,-0.018360885339483667,0.3705100546519729
2011-10-13,0.0,-0.03866893422947234,0.2150494954751321
2011-10-14,0.0,-0.03182233467867355,0.34146472546716894
2011-10-17,0.0,-0.016399758017643914,0.47861314434500735
2011-10-18,0.0,-0.005583911835305474,0.4870249088979747
2011-10-19,1.0,0.03921845416221455,0.6615576959496873
2011-10-20,1.0,0.06437348111499124,0.7580328104631066
2011-10-21,1.0,0.06546091439403068,0.7521882145089313
2011-10-24,1.0,0.03145783073136799,0.45544228488346894
2011-10-25,1.0,0.03332873055517731,0.40109530313234515
2011-10-26,1.0,0.004676460053663966,0.13524032228795393
2011-10-27,1.0,0.0015180908709539103,0.111732373084776
2011-10-28,1.0,0.011389644764357769,0.07914893329803264
2011-10-31,1.0,0.03340987239194873,0.12889202051701867
2011-11-01,1.0,0.04306752903863856,0.16825205156417297
2011-11-02,1.0,0.03104756725079356,0.2800254754900249
2011-11-03,1.0,0.011646061836764858,0.29387312721864023
2011-11-04,1.0,0.0024002328988483044,0.11060186496270381
2011-11-07,1.0,0.007541431446584142,0.04370242514834951
2011-11-08,0.0,-0.012710124501227549,0.0696887845989744
2011-11-09,0.0,-0.011509498969351885,0.0820425153807174
2011-11-10,1.0,0.007551589763960763,0.12570727628539832
2011-11-11,0.0,-0.02607411202627735,0.16344864535723821
2011-11-14,0.0,-0.03786492533201646,0.18415835790275262
2011-11-15,0.0,-0.04771929935415171,0.2060552858372309
2011-11-16,0.0,-0.033120620047310756,0.11613029630491356
2011-11-17,0.0,-0.039573509064507996,0.060401533213025105
2011-11-18,0.0,-0.020170383562789287,0.24301924759349006
2011-11-21,0.0,-0.00695067836554091,0.34277091204075855
2011-11-22,1.0,0.017276823427615298,0.3543235948313782
2011-11-23,1.0,0.0062482452639391894,0.46294135895361077
2011-11-24,1.0,0.028823696453454208,0.6285073518801856
2011-11-25,1.0,0.03560668681272482,0.7462785924135917
2011-11-28,1.0,0.02168427167413838,0.7341383520969477
2011-11-29,1.0,0.00034024214227119893,0.839281271027748
2011-11-30,1.0,0.008542120926249666,0.7712734808958069
2011-12-01,0.0,-0.0031246538088836938,0.530141055070511
2011-12-02,0.0,-0.02170662780447596,0.5859246137632586
2011-12-05,0.0,-0.034001462140617146,0.6772425177815086
2011-12-06,0.0,-0.03781447345629974,0.7399209408555132
2011-12-07,0.0,-0.053922194404964575,0.7180884740295946
2011-12-08,0.0,-0.10462186920931582,0.780001222870829
2011-12-09,0.0,-0.06663739696803304,0.8631390541348167
2011-12-12,0.0,-0.055007573082383396,0.8823555629734726
2011-12-13,0.0,-0.02976196719893831,0.9442687133493174
2011-12-14,0.0,-0.00907730820278045,0.9833963137428734
2011-12-15,1.0,0.02808210961337458,0.9967233359360979
2011-12-16,1.0,0.006731173651808554,0.9888592747060667
2011-12-19,0.0,-0.003171991557626866,0.9860411676611798
2011-12-20,0.0,-0.010580496001860649,0.9781092183692227
2011-12-21,0.0,-0.0312781699642802,0.9833244799791141
2011-12-22,0.0,-0.0479157614965419,0.9781593122866884
2011-12-23,0.0,-0.035275887273629916,0.9897967224450901
2011-12-26,0.0,-0.00015275337996563732,0.9959290860330169
2011-12-27,1.0,0.017381701089343542,0.9980892189192558
2011-12-28,1.0,0.028074046784053043,0.9983307057479299
2011-12-29,1.0,0.044259118809831875,0.9993923070355792
2011-12-30,1.0,0.03913643013084222,0.9992911438534589
2012-01-04,1.0,0.026829039467380317,0.9976147742107101
2012-01-05,1.0,0.015039226245070899,0.9984297293065658
2012-01-06,1.0,0.009670851123207414,0.9987098497034836
2012-01-09,1.0,0.0145768604072227,0.9971881210276637
2012-01-10,1.0,0.022531720933309445,0.9964921568196474
2012-01-11,1.0,0.007260904686397348,0.9953515425331441
2012-01-12,1.0,0.010920038862640855,0.9951617117434165
2012-01-13,1.0,0.00863629632114857,0.9941615412517417
2012-01-16,1.0,0.05248458809582646,0.9948033891435886
2012-01-17,1.0,0.043905207804153856,0.9949412807321906
2012-01-18,1.0,0.04452750803785685,0.9974965742679188
2012-01-19,1.0,0.0463438817727024,0.9965793757932947
2012-01-20,1.0,0.05447167585484266,0.9961235474743395
2012-01-30,1.0,0.00033968353144585447,0.945302508751859
2012-01-31,0.0,-0.006754777326005502,0.9757370286450968
2012-02-01,1.0,0.010088180761120624,0.9803474918738768
2012-02-02,0.0,-0.004916223574456677,0.9340684396730692
2012-02-03,0.0,-0.015400484232940376,0.9076648812819998
2012-02-06,0.0,-0.002181643897507314,0.9831431143108162
2012-02-07,0.0,-0.006629418387211012,0.9902365108949186
2012-02-08,0.0,-0.015440405927258259,0.9763500847429946
2012-02-09,0.0,-0.01212651210801431,0.9866315921933901
2012-02-10,1.0,0.000679463250193511,0.9825386291612326
2012-02-13,1.0,0.0033130897229601943,0.9847111758359829
2012-02-14,1.0,0.01498845155607762,0.9830429032267541
2012-02-15,1.0,0.017004914264480562,0.9881222893484923
2012-02-16,1.0,0.03275212134421497,0.9928304394459351
2012-02-17,1.0,0.02484860300210916,0.9881808749115655
2012-02-20,1.0,0.020067001392051143,0.9903246205014059
2012-02-21,1.0,0.01745137955261809,0.993245550414648
2012-02-22,1.0,0.018064864605782528,0.9912684600248081
2012-02-23,0.0,-0.035549565506975384,0.984781424468414
2012-02-24,0.0,-0.03294719378947672,0.9911914072612076
2012-02-27,0.0,-0.03404488180822034,0.9925297781495035
2012-02-28,0.0,-0.0425968633116971,0.9903110157755827
2012-02-29,0.0,-0.06650893267985471,0.9848751349605507
2012-03-01,0.0,-0.015033979374928572,0.9959333037797126
2012-03-02,0.0,-0.00807842138275738,0.9924132636483141
2012-03-05,0.0,-0.0024684992011825076,0.9936494733107323
2012-03-06,1.0,0.00227564154605527,0.9935653291643886
2012-03-07,1.0,0.00032226405423419505,0.9961865667632821
2012-03-08,0.0,-0.021262733387118146,0.9918521280266547
2012-03-09,0.0,-0.02025142934748856,0.9876297810354505
2012-03-12,0.0,-0.020439684985243043,0.989214686268195
2012-03-13,0.0,-0.026325364744589772,0.9880035234034442
2012-03-14,0.0,-0.008206049078239512,0.9960109230553703
2012-03-15,1.0,0.0018656998082293992,0.9988301411468757
2012-03-16,0.0,-0.010296442988440591,0.8621818833496853
2012-03-19,0.0,-0.0004107378670038975,0.9457161848238536
2012-03-20,1.0,0.02139306555747108,0.9506834478233136
2012-03-21,1.0,0.01113096853458332,0.9228224566719814
2012-03-22,1.0,0.005841069176593044,0.9206212211887106
2012-03-23,1.0,0.00882779828328115,0.9214558658205203
2012-03-26,0.0,-0.022554223305522196,0.925221372812966
2012-03-27,0.0,-0.0336383591488298,0.9170963466123359
2012-03-28,0.0,-0.017590058869982043,0.9627983674956806
2012-03-29,0.0,-0.0069659952869331,0.9521853722322177
2012-03-30,0.0,-0.0012353306079928546,0.9498831430977756
2012-04-05,1.0,0.018496468318554997,0.9853398148783639
2012-04-06,1.0,0.02428408009176589,0.9888580928267874
2012-04-09,0.0,-0.0018446347201956917,0.9771002293030709
2012-04-10,0.0,-0.003887764389969945,0.981639516228276
2012-04-11,0.0,-0.003892432373828921,0.9903031876897119
2012-04-12,0.0,-0.010097955184577817,0.988201691786271
2012-04-13,0.0,-0.018618342556088567,0.9861393597645097
2012-04-16,1.0,0.0003275222967748008,0.9804860551066833
2012-04-17,0.0,-0.0037238443270441487,0.9818330662880329
2012-04-18,0.0,-0.006699696005424471,0.9826244961363206
2012-04-19,1.0,0.006053251325215583,0.9868025253985773
2012-04-20,1.0,0.0056929525753147015,0.9886070968342805
2012-04-23,1.0,0.0066463170807335705,0.9829804064192493
2012-04-24,1.0,0.0026230305062876786,0.974492331085399
2012-04-25,0.0,-0.004889985294191792,0.9809960435625993
2012-04-26,0.0,-0.008108995468580906,0.9413641529813473
2012-04-27,0.0,-0.013783877305421625,0.9599836653021022
2012-05-02,0.0,-0.03686831438921011,0.9326065993970363
2012-05-03,0.0,-0.028779181835515637,0.9147638419805145
2012-05-04,0.0,-0.031579014620004814,0.8990926497489727
2012-05-07,0.0,-0.037713945527866416,0.894519664516608
2012-05-08,0.0,-0.04500376269933894,0.8846212489571007
2012-05-09,0.0,-0.037323829689129666,0.8573020556776272
2012-05-10,0.0,-0.025003629088243565,0.8755394367900016
2012-05-11,0.0,-0.002996835486107748,0.8912005485444064
2012-05-14,1.0,0.014267945989121546,0.8992809345445233
2012-05-15,1.0,0.019715931183523733,0.9397194869118602
2012-05-16,1.0,0.019086053898119414,0.9586390722773552
2012-05-17,1.0,0.009566459301703883,0.9697660971985025
2012-05-18,0.0,-0.004496619612048996,0.9750837342859611
2012-05-21,0.0,-0.0037624503341632137,0.9737294726490267
2012-05-22,1.0,0.0007375991483220427,0.9769826047349348
2012-05-23,0.0,-0.0005000937780038532,0.9787696349734176
2012-05-24,1.0,0.004965869919244498,0.9711661711196824
2012-05-25,1.0,0.002762389825568234,0.9727807344526096
2012-05-28,1.0,0.028311330888464586,0.9739024571315866
2012-05-29,1.0,0.02685579518233149,0.9705199310208665
2012-05-30,1.0,0.050268884408890074,0.9653072341995724
2012-05-31,1.0,0.03558228499462432,0.9910755415869014
2012-06-01,1.0,0.007103618728025309,0.9929597946104541
2012-06-04,0.0,-0.01749052881885959,0.9978784677779968
2012-06-05,0.0,-0.01816859996458331,0.9960564472622614
2012-06-06,0.0,-0.011211717712787547,0.9943911836967909
2012-06-07,0.0,-0.003261962162776382,0.9959910184736541
2012-06-08,1.0,0.03129657568737634,0.9958639951481913
2012-06-11,1.0,0.01100485968679848,0.9955909378685841
2012-06-12,1.0,0.02157229954536435,0.9968678712911039
2012-06-13,1.0,0.002672313139795526,0.9972229544608275
2012-06-14,0.0,-0.010455839135109644,0.9972694393962976
2012-06-15,0.0,-0.030712005253069365,0.9940904113477917
2012-06-18,0.0,-0.01998855162551355,0.9937997413865585
2012-06-19,0.0,-0.03382960812050824,0.9930768300414946
2012-06-20,0.0,-0.024588416993403275,0.9950788961656624
2012-06-21,0.0,-0.01720045460908698,0.9964349993610008
2012-06-25,1.0,0.009124095016993702,0.9979185787085177
2012-06-26,1.0,0.014667071304645413,0.9972257675357122
2012-06-27,1.0,0.02725063702246587,0.9981501638602065
2012-06-28,1.0,0.025517548322515172,0.9968106953341169
2012-06-29,1.0,0.018562584585257166,0.9986682777786687
2012-07-02,0.0,-0.003664126236891192,0.9927580687299825
2012-07-03,0.0,-0.013444203527675384,0.9962960438119083
2012-07-04,0.0,-0.02183890251842052,0.9962757060379235
2012-07-05,0.0,-0.027640332118934453,0.9965035297367859
2012-07-06,0.0,-0.012602139262922432,0.9971991346452735
2012-07-09,1.0,0.005856174852565948,0.9962315062848
2012-07-10,1.0,0.007123968388047832,0.9980150875710965
2012-07-11,1.0,0.003153562615338106,0.9975222419045809
2012-07-12,1.0,0.006905574898484737,0.998005986190636
2012-07-13,1.0,0.0032112574426641245,0.9978046795193086
2012-07-16,0.0,-0.00815309034062603,0.9979777021771946
2012-07-17,0.0,-0.009571201178696974,0.9974868128209295
2012-07-18,1.0,0.001099874847367183,0.9981666667470599
2012-07-19,1.0,0.017974810667400806,0.9979968154273565
2012-07-20,1.0,0.023537598396876216,0.9985660752923373
2012-07-23,1.0,0.025129993322312083,0.9981789567106191
2012-07-24,1.0,0.027430429345065704,0.9981155435033803
2012-07-25,1.0,0.02004268962972674,0.9981945249399582
2012-07-26,0.0,-0.004214588693844082,0.9980287212385984
2012-07-27,0.0,-0.01638764780330297,0.9973815479587965
2012-07-30,0.0,-0.004645246983437826,0.9919698843518224
2012-07-31,0.0,-0.005677928172861691,0.9921779367703346
2012-08-01,0.0,-0.004709985157275366,0.9876282309606742
2012-08-02,1.0,0.009995730766677008,0.993533374099331
2012-08-03,1.0,0.012502987307820406,0.994434332298342
2012-08-06,1.0,0.009328537420277077,0.9938274036756344
2012-08-07,1.0,0.0010483594136850535,0.9907742321055534
2012-08-08,0.0,-0.004218779799441814,0.9911448578339731
2012-08-09,0.0,-0.00930211352509876,0.992475088173983
2012-08-10,1.0,0.0038250106401155758,0.9935278660948718
2012-08-13,0.0,-0.0026521657503896464,0.9936381521384934
2012-08-14,1.0,0.006743073646407174,0.9938784527605369
2012-08-15,1.0,0.024961410494629837,0.9926284244378704
2012-08-16,1.0,0.04214877968353696,0.9939918095712503
2012-08-17,1.0,0.027969532431961056,0.9924935438444324
2012-08-20,1.0,0.03373941239171317,0.9934330183766683
2012-08-21,1.0,0.022144381664565515,0.9926614452829086
2012-08-22,1.0,0.017459787782106422,0.9896854674299349
2012-08-23,0.0,-0.007572167256891193,0.9918583872819726
2012-08-24,0.0,-0.004068708568528401,0.9886086466515507
2012-08-27,1.0,0.008846310957270728,0.9891096290239623
2012-08-28,1.0,0.01867166559009377,0.948324050432474
2012-08-29,1.0,0.013397549674915351,0.9429996781228897
2012-08-30,1.0,0.02649656431470411,0.9551120912734821
2012-08-31,1.0,0.017951420011034835,0.9189713991594323
2012-09-03,1.0,0.02407099861355231,0.9754014654135226
2012-09-04,1.0,0.02112834215962839,0.9456136138833694
2012-09-05,1.0,0.02183548373341277,0.954845009151426
2012-09-06,1.0,0.009961562769782302,0.954471667107763
2012-09-07,1.0,0.04359951859833099,0.9649736093072666
2012-09-10,1.0,0.01707692717240029,0.9700232065074914
2012-09-11,1.0,0.011366758943001652,0.9589851991394449
2012-09-12,1.0,0.02079433422212354,0.9531855343855309
2012-09-13,1.0,0.016127360194203424,0.9541920751702323
2012-09-14,0.0,-0.00417090306381867,0.9229854726988628
2012-09-17,0.0,-0.011814856145527153,0.9490358089203421
2012-09-18,0.0,-0.0027949598259187345,0.5433173128497731
2012-09-19,0.0,-0.012529939358023679,0.5535833902113032
2012-09-20,0.0,-0.004458420909957585,0.5523413344533771
2012-09-21,1.0,0.004964695104623997,0.526916399251289
2012-09-24,1.0,0.003492727043408712,0.5713766285048762
2012-09-25,1.0,0.0026015014810424042,0.5494561960041499
2012-09-26,0.0,-0.003636821931649251,0.6668921480939507
2012-09-27,0.0,-0.0021115224692949976,0.6893434635427662
2012-09-28,0.0,-0.015246425215107978,0.6293782066489474
2012-10-08,0.0,-0.020096543970428257,0.4198076522100172
2012-10-09,0.0,-0.022896962054606982,0.5277964052437257
2012-10-10,0.0,-0.013298999113078677,0.5699180512926545
2012-10-11,0.0,-0.014257744921509483,0.6300627269670381
2012-10-12,0.0,-0.023271897045191187,0.4707573721408662
2012-10-15,0.0,-0.011643228028212221,0.5777165312861565
2012-10-16,0.0,-0.011118966837257714,0.6094921681524849
2012-10-17,0.0,-0.02136529068539607,0.5836870536449676
2012-10-18,0.0,-0.019255465613177904,0.6012079654667606
2012-10-19,0.0,-0.019148818838760902,0.6481024784518509
2012-10-22,0.0,-0.007224180717357282,0.620628067787769
2012-10-23,0.0,-0.006944273077992061,0.6595483858318388
2012-10-24,0.0,-8.63843817575678e-05,0.7333577630886993
2012-10-25,1.0,0.012291136584281378,0.695790011674255
2012-10-26,1.0,0.008370665126536602,0.6113852624330899
2012-10-29,0.0,-0.016096868682779267,0.6726459490859259
2012-10-30,0.0,-0.009780453553117569,0.6630592912696575
2012-10-31,1.0,0.013471780433794073,0.6528519625431426
2012-11-01,0.0,-0.003757048877712288,0.6291439242051287
2012-11-02,1.0,0.018906092427742046,0.584074776268403
2012-11-05,1.0,0.03391909435556008,0.6212092170682517
2012-11-06,1.0,0.021944138676923703,0.660306349137318
2012-11-07,1.0,0.0011357829604182878,0.6963151272952242
2012-11-08,1.0,0.0016240939275705827,0.6766335280307407
2012-11-09,0.0,-0.015892529122477624,0.6968491584954882
2012-11-12,0.0,-0.007062356518312191,0.6105272091414872
2012-11-13,1.0,0.004880965449492676,0.6801316062944945
2012-11-14,0.0,-0.0023581901173127078,0.6995776470616437
2012-11-15,1.0,0.003949485876539489,0.65454619483605
2012-11-16,1.0,0.012954839873466732,0.6791768589067728
2012-11-19,1.0,0.015533525166602022,0.7529890908829677
2012-11-20,1.0,0.009298460909675798,0.7118952094063972
2012-11-21,1.0,0.0074533098354825555,0.6782737978221537
2012-11-22,0.0,-0.007743149596037167,0.6749439796616783
2012-11-23,0.0,-0.004025062833791577,0.6244510723597768
2012-11-26,0.0,-0.02132832607597132,0.6589790444939956
2012-11-27,0.0,-0.03139501235597974,0.6470235600480096
2012-11-28,0.0,-0.022009023685547115,0.6451234816397253
2012-11-29,0.0,-0.01822636681835735,0.7198566650970434
2012-11-30,0.0,-0.01661072615526297,0.7865057930781016
2012-12-03,0.0,-0.0058285764445155635,0.7864382138633126
2012-12-04,1.0,0.006231808056239504,0.7517283789011472
2012-12-05,1.0,0.005755908486327079,0.785111976521726
2012-12-06,1.0,0.004037240993925204,0.7784208092616847
2012-12-07,0.0,-0.002457678587403026,0.7956571211065748
2012-12-10,0.0,-0.009780736573242885,0.7037675083689543
2012-12-11,0.0,-0.0009207838822811111,0.646113374699736
2012-12-12,0.0,-0.01920935194566336,0.7271913489784854
2012-12-13,0.0,-0.012337013929385807,0.6854448882655104
2012-12-14,0.0,-0.027916981384231997,0.6969032941237638
2012-12-17,0.0,-0.014882360514108474,0.7363845250149263
2012-12-18,0.0,-0.029595651237816458,0.7662685849345473
2012-12-19,0.0,-0.013132899803604077,0.7338261844726672
2012-12-20,0.0,-0.008250871889995747,0.69729250087554
2012-12-21,1.0,0.009716867541810113,0.7450426024034951
2012-12-24,1.0,0.004358716958141556,0.7118507162352701
2012-12-25,0.0,-0.001186802892683621,0.754648898226869
2012-12-26,1.0,0.0034323622287857833,0.7177868000099773
2012-12-27,0.0,-0.00424024712769583,0.801392269936323
2012-12-28,1.0,0.00035371102178606594,0.7269013179537538
2012-12-31,0.0,-0.004742486464984438,0.7577724401929721
2013-01-04,1.0,0.01341747861548316,0.6840210476418472
2013-01-07,1.0,0.005332246133009273,0.7196161271199607
2013-01-08,1.0,0.012901880986909234,0.6232393940358376
2013-01-09,1.0,0.012243496722870036,0.7525030228522078
2013-01-10,1.0,0.011186751421668441,0.7357017082069058
2013-01-11,1.0,0.008429761003999182,0.7403005462370715
2013-01-14,1.0,0.010841560874932786,0.7971654097729046
2013-01-15,1.0,0.013403464063867138,0.7999226391398291
2013-01-16,1.0,0.0038064290267604633,0.7893806936410234
2013-01-17,0.0,-0.0022215086158145843,0.7580671723144522
2013-01-18,0.0,-0.012215587768123797,0.8616923646209639
2013-01-21,0.0,-0.01638059863657212,0.8252340122188306
2013-01-22,0.0,-0.01878606746781682,0.8412133583112206
2013-01-23,0.0,-0.015519593690413674,0.7841379815605286
2013-01-24,0.0,-0.0012590956672690226,0.806753207059642
2013-01-25,0.0,-0.00421351007158449,0.7883433273608655
2013-01-28,1.0,0.004951234658748674,0.7762977481357162
2013-01-29,1.0,0.00816546861989519,0.7458649502181008
2013-01-30,1.0,0.003909872251171965,0.7314708268816127
2013-01-31,1.0,0.0012590956672689493,0.7122852773075893
2013-02-01,1.0,0.00712019013742493,0.736337154995968
2013-02-04,0.0,-0.031021579648920827,0.7517449230726219
2013-02-05,0.0,-0.03609790661088429,0.6794735959710237
2013-02-06,0.0,-0.03541725805252741,0.6159800585705457
2013-02-07,0.0,-0.06307839508120672,0.6481017230198313
2013-02-08,0.0,-0.0504156893753005,0.6319647034488984
2013-02-18,0.0,-0.01749815217985831,0.31348086964968847
2013-02-19,0.0,-0.015865342637528146,0.31057589382957074
2013-02-20,0.0,-0.002678600207467365,0.2712120152078751
2013-02-21,1.0,0.01718106659122807,0.29125132201273024
2013-02-22,0.0,-0.0037688098732371984,0.41600464351761585
2013-02-25,0.0,-0.004577799519341394,0.3081684983814231
2013-02-26,0.0,-0.0033024211739022106,0.24402509665328495
2013-02-27,0.0,-0.017712095519848554,0.2511580253736657
2013-02-28,0.0,-0.010316513085777353,0.17914554881072106
2013-03-01,0.0,-0.005586606708639823,0.2052816710835731
2013-03-04,1.0,0.0005578800702571928,0.2388503822571128
2013-03-05,0.0,-0.004213271823334518,0.21421566279705323
2013-03-06,1.0,0.0060931478431928005,0.19860621013429064
2013-03-07,0.0,-0.0003095975256928537,0.23749775856131217
2013-03-08,1.0,0.008954497546730897,0.17187637759626706
2013-03-11,1.0,0.004544408469977571,0.19334064948947613
2013-03-12,1.0,0.011175715229272156,0.2158356172775539
2013-03-13,1.0,0.007924117756039621,0.11967314616613206
2013-03-14,1.0,0.009645237555878353,0.14542992355845166
2013-03-15,1.0,0.006579375637091903,0.196937494775508
2013-03-18,1.0,0.0042167531971797866,0.1901515422938798
2013-03-19,0.0,-0.0035675879758343553,0.22818220261318675
2013-03-20,0.0,-0.012033691417166535,0.26735058676311685
2013-03-21,0.0,-0.0032252642724077147,0.29734991858002785
2013-03-22,0.0,-0.008864596815641314,0.26419594150702264
2013-03-25,0.0,-0.008017805379442767,0.22040827721897224
2013-03-26,0.0,-0.00259139432383968,0.1868458776539593
2013-03-27,0.0,-0.021058020663715284,0.11548501971036906
2013-03-28,0.0,-0.01781770504088952,0.18216871471869836
2013-03-29,0.0,-0.014417862284493887,0.1495655323435669
2013-04-01,0.0,-0.008488461024077309,0.19902390916578358
2013-04-02,0.0,-0.02940282021468182,0.18656931454988335
2013-04-03,0.0,-0.005549139855839061,0.2796619209594818
2013-04-08,0.0,-0.06589034845164392,0.38641501002121237
2013-04-09,0.0,-0.14284994983016203,0.302875462705487
2013-04-10,0.0,-0.1520036239250371,0.2867138279881901
2013-04-11,0.0,-0.13090356841547518,0.4903498600341884
2013-04-12,0.0,-0.10805279299996164,0.3095381792408519
2013-04-15,0.0,-0.05582316756987417,0.20331465255406583
2013-04-16,1.0,0.024764974108547715,0.4466043971032376
2013-04-17,1.0,0.04060531467986685,0.5604885084613195
2013-04-18,1.0,0.051483645404464005,0.6794628693806989
2013-04-19,1.0,0.047966596590344635,0.6707754757023607
2013-04-22,1.0,0.02859330080161127,0.3475075527931275
2013-04-23,1.0,0.041822517443934136,0.24607699712467396
2013-04-24,1.0,0.026386209778791386,0.1720630506300864
2013-04-25,0.0,-0.0012751367330111477,0.18815930459788122
2013-04-26,0.0,-0.020054558403472904,0.16846506184612633
2013-05-02,1.0,0.0067492590513252414,0.3306162908488929
2013-05-03,0.0,-0.012981221793317264,0.4663134948614173
2013-05-06,0.0,-0.030093026164799343,0.43311075646476876
2013-05-07,0.0,-0.01273681519417408,0.5118930350951975
2013-05-08,0.0,-0.029542955052542546,0.5195484725489159
2013-05-09,0.0,-0.05146043837349693,0.4619530485063892
2013-05-10,0.0,-0.05821198244660488,0.5401501049725719
2013-05-13,0.0,-0.057428424796613683,0.618099552151204
2013-05-14,0.0,-0.024037069760430487,0.3446787083370267
2013-05-15,0.0,-0.010558705500083728,0.3962581836178557
2013-05-16,0.0,-0.007034534157942145,0.393848804506738
2013-05-17,1.0,0.011744222288751105,0.308735243366697
2013-05-20,1.0,0.03578968762878275,0.35145378194118027
2013-05-21,0.0,-0.003835473829977508,0.2637283956996573
2013-05-22,0.0,-0.005033085114295615,0.3154379706718643
2013-05-23,1.0,0.020247596437779857,0.3421014187331966
2013-05-24,1.0,0.01854376629326322,0.1871328473586541
2013-05-27,1.0,0.0007157684079117776,0.22830101217772725
2013-05-28,1.0,0.010076912141635922,0.2971201577942301
2013-05-29,1.0,0.011324662313270483,0.3687839183283274
2013-05-30,0.0,-0.010233824985869035,0.47748768510731704
2013-05-31,0.0,-0.006190437002953758,0.42531725103051293
2013-06-03,0.0,-0.004589795779773451,0.4853479946749427
2013-06-04,0.0,-0.014720632576288051,0.3140804405014902
2013-06-05,0.0,-0.010892261038156135,0.40982465100307935
2013-06-06,0.0,-0.010955459315777105,0.45455472078530357
2013-06-07,0.0,-0.02639017071676438,0.40461906518169455
2013-06-13,0.0,-0.04146013655996753,0.6042009165279615
2013-06-14,0.0,-0.05888970333924671,0.5114388736417451
2013-06-17,0.0,-0.07742227581185589,0.580253449501607
2013-06-18,0.0,-0.06772025126987673,0.4134587560856022
2013-06-19,0.0,-0.08922627606947985,0.4740334606534082
2013-06-20,0.0,-0.06356499352108592,0.5577788644788136
2013-06-21,0.0,-0.06932095547939565,0.7345835415173197
2013-06-24,0.0,-0.01767177344877966,0.6735453566962202
2013-06-25,0.0,-0.012092989189290628,0.6096358941288035
2013-06-26,1.0,0.005164890305556848,0.6734740109012906
2013-06-27,1.0,0.011707644393438856,0.6600097360781212
2013-06-28,1.0,0.030299227502375313,0.8226514865072323
2013-07-01,0.0,-0.025886867425709326,0.6988244405735448
2013-07-02,0.0,-0.005706991776089617,0.6077909057601155
2013-07-03,0.0,-0.002380481187599743,0.5107202052691683
2013-07-04,1.0,0.023975419911576784,0.5761842532760105
2013-07-05,1.0,0.022817669722297273,0.5804123043568804
2013-07-08,1.0,0.05227878139436671,0.7450957312081776
2013-07-09,1.0,0.019930319720129444,0.6469397643454704
2013-07-10,1.0,0.029741969198737516,0.7025328556881486
2013-07-11,0.0,-0.011623532648398927,0.700737106252621
2013-07-12,1.0,0.0056239845703866965,0.6603404648206184
2013-07-15,1.0,0.019488580114631483,0.5222971290717867
2013-07-16,1.0,0.02954565431896291,0.5875634105147919
2013-07-17,1.0,0.03187520853044882,0.8450341367075522
2013-07-18,1.0,0.02862002697140605,0.8813482220738381
2013-07-19,1.0,0.028031199406743566,0.8929874260870335
2013-07-22,0.0,-0.0036015582480832613,0.9101136345155264
2013-07-23,0.0,-0.010194537979594166,0.8852934211252915
2013-07-24,0.0,-0.006933411078884108,0.8615196476380497
2013-07-25,0.0,-0.0020851111715251896,0.7925002561654998
2013-07-26,0.0,-0.03365518397713014,0.8568168560382967
2013-07-29,0.0,-0.003233478803955008,0.8821819875689547
2013-07-30,0.0,-0.019351116339368698,0.8306180243423725
2013-07-31,0.0,-0.03755230504349435,0.8272382137904615
2013-08-01,0.0,-0.020706261256848737,0.8486099365427656
2013-08-02,1.0,0.017160355544776202,0.781282217559654
2013-08-05,1.0,0.01362367334406958,0.694379585346056
2013-08-06,1.0,0.03497790519734193,0.7550817201128739
2013-08-07,1.0,0.02962324707773451,0.6950744597941318
2013-08-08,1.0,0.037826423548978555,0.8186885458343048
2013-08-09,1.0,0.038992756052349586,0.7298175521034697
2013-08-12,1.0,0.03163123229149237,0.7941448248130619
2013-08-13,1.0,0.013176399226850299,0.7508921724167636
2013-08-14,1.0,0.03501288741342067,0.5897860893908862
2013-08-15,1.0,0.015914473556136725,0.7899451381951643
2013-08-16,1.0,0.010243367414761045,0.9098771556904119
2013-08-19,1.0,0.014282083132953765,0.8094473607138252
2013-08-20,1.0,0.029250881883069527,0.7016237231418194
2013-08-21,1.0,0.03965000493401056,0.7108293156967587
2013-08-22,1.0,0.03108871372852353,0.7309547479506491
2013-08-23,1.0,0.01946358072756269,0.7093871126994234
2013-08-26,0.0,0.0,0.7686556064215584
2013-08-27,0.0,-0.005926209316660624,0.6019037629228463
2013-08-28,0.0,-0.013280407667894378,0.6041944154817765
2013-08-29,0.0,-0.0159658965958177,0.5096017604247955
2013-08-30,0.0,-0.022744662781563015,0.5175561174955746
2013-09-02,0.0,-0.006302352723309955,0.6415344111664077
2013-09-03,0.0,-0.009228329311182414,0.6651532964661355
2013-09-04,0.0,-0.027468297248458336,0.748833236814922
2013-09-05,0.0,-0.02917370461092108,0.6943386596223459
2013-09-06,0.0,-0.04156781453823631,0.5825909189988656
2013-09-09,0.0,-0.047156744590572286,0.7040561147384262
2013-09-10,0.0,-0.04727340918874627,0.5569522661927132
2013-09-11,0.0,-0.04688651737987858,0.5523004342138454
2013-09-12,0.0,-0.015952294741224816,0.5584430555652851
2013-09-13,1.0,0.004368063160182859,0.5562401530458008
2013-09-16,1.0,0.0013246288245888883,0.6632573627066909
2013-09-17,1.0,0.011370219141183184,0.6124759265040202
2013-09-18,1.0,0.014487481753810722,0.6058103183015612
2013-09-23,1.0,0.011660843057599133,0.4843359557220044
2013-09-24,1.0,0.003971636426346962,0.5937778523673289
2013-09-25,0.0,-0.003599511322236359,0.6552502483232391
2013-09-26,0.0,-0.017679388334448008,0.4686826274262078
2013-09-27,0.0,-0.024328371591256844,0.3786889535807683
2013-09-30,0.0,-0.046698113197207916,0.5546015522868593
2013-10-08,0.0,-0.04103436134935457,0.6009991655627658
2013-10-09,0.0,-0.02381522194113571,0.8116140321052079
2013-10-10,0.0,-0.023283938954044743,0.767200591287166
2013-10-11,1.0,0.020536178954194063,0.8026465219382696
2013-10-14,1.0,0.029916348564718462,0.8509929214003031
2013-10-15,1.0,0.030217290319505877,0.6970637253573045
2013-10-16,1.0,0.03005873858082105,0.7045666814409187
2013-10-17,1.0,0.042281470780356434,0.5383944306664092
2013-10-18,1.0,0.005305052229693319,0.4559064768661631
2013-10-21,1.0,0.010780246243791924,0.4252449512681017
2013-10-22,1.0,0.015900391775459596,0.41122382134241975
2013-10-23,1.0,0.0007541478487140704,0.4862654781391602
2013-10-24,0.0,-0.00926370175168291,0.3885616228056017
2013-10-25,0.0,-0.010447430955358626,0.44789274792548667
2013-10-28,0.0,-0.01535429652849877,0.5170139172991912
2013-10-29,0.0,-0.01685486354783526,0.5189443282605105
2013-10-30,0.0,-0.015000755984763085,0.504351037548032
2013-10-31,0.0,-0.0026626109302164912,0.5216037314150419
2013-11-01,0.0,-0.005552910391082706,0.3829278995036788
2013-11-04,0.0,-0.02143146028801239,0.3281825935640398
2013-11-05,0.0,-0.026709542093729857,0.37089713192261925
2013-11-06,0.0,-0.03069394024057257,0.33741325303380443
2013-11-07,0.0,-0.027219130440109252,0.34498732472899357
2013-11-08,0.0,-0.0164556999492029,0.43892005819047075
2013-11-11,1.0,0.0001951409899840083,0.43766462474028806
2013-11-12,0.0,-0.006691621112048693,0.4248396422702404
2013-11-13,1.0,0.0021677021001782347,0.48146935048544504
2013-11-14,0.0,-0.026774033605057,0.5078690835568919
2013-11-15,0.0,-0.029314834346509024,0.5446637651355603
2013-11-18,0.0,-0.041838771425342036,0.47041366091534015
2013-11-19,0.0,-0.012118952335807036,0.45998025076608545
2013-11-20,0.0,-0.020885890979834395,0.4168435995365163
2013-11-21,0.0,-0.0042300395433883,0.5069620009344106
2013-11-22,0.0,-0.002616485340946854,0.4417996269808733
2013-11-25,1.0,0.014141649814671822,0.4947528495747039
2013-11-26,0.0,-0.019578786669770372,0.4531109230956941
2013-11-27,0.0,-0.015394267954118435,0.38005241519194294
2013-11-28,1.0,0.0008071025458310703,0.3535132376487943
2013-11-29,0.0,-0.008500354765392492,0.2485951240622948
2013-12-02,0.0,-0.010080730528356785,0.22093228713586532
2013-12-03,1.0,0.01597445757750399,0.35071661215528455
2013-12-04,1.0,0.024398831047200215,0.31790567749110776
2013-12-05,1.0,0.00883539884242842,0.3973681251869443
2013-12-06,0.0,-0.005094254521743083,0.3495237024130316
2013-12-09,0.0,-0.004060919286315069,0.412055528269843
2013-12-10,0.0,-0.005027662676965501,0.34631540679980416
2013-12-11,0.0,-0.021545180517126575,0.37970076131074915
2013-12-12,0.0,-0.02571772800561675,0.3527250243860819
2013-12-13,0.0,-0.026497099759785103,0.33547092568675757
2013-12-16,0.0,-0.02284284938139285,0.29556354566595683
2013-12-17,0.0,-0.03696519423347147,0.4309735115429946
2013-12-18,0.0,-0.019525848993831595,0.35839081112233745
2013-12-19,0.0,-0.013007306337378058,0.3671973480383466
2013-12-20,1.0,0.018703787140919106,0.41703401632350734
2013-12-23,1.0,0.003532471205748321,0.3999407663124904
2013-12-24,1.0,0.0016722411923621328,0.41392059445211227
2013-12-25,1.0,0.014628879403828792,0.35355823762617894
2013-12-26,1.0,0.023820428118786298,0.35721769518577834
2013-12-27,1.0,0.016539427559380128,0.4633108238873965
2013-12-30,1.0,0.024181506135002473,0.3969240536398575
2013-12-31,1.0,0.018212423923298485,0.3937742114070825
2014-01-02,0.0,-0.0028676791466979846,0.36969869525491705
2014-01-03,0.0,-0.0061062677012426545,0.45060545001607816
2014-01-06,1.0,0.0022251450467612715,0.49508119364257175
2014-01-07,1.0,0.003032449508680016,0.48206300422960546
2014-01-08,1.0,0.006948730187404141,0.3695412958866972
2014-01-09,1.0,0.008171649149319478,0.463062948851398
2014-01-10,1.0,0.004278299283226711,0.4948167182511183
2014-01-13,1.0,0.002220204767087199,0.47782289451320137
2014-01-14,0.0,-0.0012118765369263124,0.4089770804654024
2014-01-15,0.0,-0.002038736689848317,0.4455430048948506
2014-01-16,0.0,-0.005508531729835639,0.39475264451555026
2014-01-17,1.0,0.009308039683933152,0.3956259312671999
2014-01-20,1.0,0.006430890330290331,0.384072106163027
2014-01-21,1.0,0.0018172645081953127,0.325813388419099
2014-01-22,1.0,0.010354371262705088,0.35930263187216827
2014-01-23,1.0,0.0144208856377026,0.3630207528816033
2014-01-24,1.0,0.0018110478840769714,0.44848553150981424
2014-01-27,1.0,0.005194816877104151,0.39602909362410743
2014-01-28,1.0,0.019379289927565622,0.37838849241889727
2014-01-29,1.0,0.022172085743646344,0.34946437871219094
2014-01-30,1.0,0.022333929305885358,0.42830392589920885
2014-02-07,1.0,0.032244906103918114,0.4226954125050044
2014-02-10,1.0,0.04023194402989927,0.4750920981583614
2014-02-11,1.0,0.025011073173915883,0.37856162524115633
2014-02-12,1.0,0.024393833246330845,0.39440775590327537
2014-02-13,1.0,0.01933465170745563,0.3626812807611839
2014-02-14,1.0,0.010457105359961047,0.33036162468119706
2014-02-17,1.0,0.0009566632318635572,0.3152777457226138
2014-02-18,1.0,0.014369439697392697,0.2842284833981358
2014-02-19,1.0,0.021551325188812854,0.28096593169990836
2014-02-20,1.0,0.0128761267770129,0.2944192066482165
2014-02-21,1.0,0.011492177810630185,0.2757153719371868
2014-02-24,1.0,0.015560086234268673,0.2639869063726047
2014-02-25,1.0,0.004176164004168156,0.20380362249866968
2014-02-26,0.0,-0.007005614186434341,0.21367847541362245
2014-02-27,1.0,0.0034311890315638313,0.22610616762231472
2014-02-28,1.0,0.011361606784539943,0.18921169787537043
2014-03-03,0.0,-0.015942641709477234,0.2048806902241045
2014-03-04,0.0,-0.001896094614330398,0.2143721665252418
2014-03-05,1.0,0.01414984461069056,0.2361166949355495
2014-03-06,1.0,0.026107220388623665,0.27056528837628824
2014-03-07,1.0,0.014765243480643552,0.2851833857970774
2014-03-10,1.0,0.04232841621313955,0.34300212226652005
2014-03-11,1.0,0.01935968743384254,0.25707932850730164
2014-03-12,1.0,0.0028061004289118307,0.26475305632431917
2014-03-13,0.0,-0.01833540608283108,0.26928540806677215
2014-03-14,0.0,-0.017404762358516093,0.2482248627127872
2014-03-17,0.0,-0.034704975442672086,0.20441271917583517
2014-03-18,0.0,-0.028894465999715117,0.22677760258925558
2014-03-19,0.0,-0.02362835564926871,0.2808869976097021
2014-03-20,0.0,-0.02098913151823448,0.36717409973033305
2014-03-21,0.0,-0.022335566290998064,0.2814011758082322
2014-03-24,0.0,-0.019168691196204703,0.3633327782390932
2014-03-25,0.0,-0.015641913973584408,0.33899720936899963
2014-03-26,0.0,-0.015614775091357882,0.3411938941465254
2014-03-27,0.0,-0.0019301299178732464,0.3357745983283747
2014-03-28,0.0,-0.004062294008878904,0.36853503464083753
2014-03-31,1.0,0.01345656599230306,0.37221141639906863
2014-04-01,1.0,0.01984842113233759,0.3811526959086274
2014-04-02,1.0,0.022097161947483568,0.3520550588014544
2014-04-03,1.0,0.01495713406474856,0.3341209296529115
2014-04-04,1.0,0.02734134560432108,0.32548897589804027
2014-04-08,0.0,-0.00019096724969722083,0.3012476228110946
2014-04-09,0.0,-0.010164053365831904,0.33373552199276957
2014-04-10,0.0,-0.017251721708489934,0.3080732451989737
2014-04-11,0.0,-0.017471885365836094,0.36048978694151645
2014-04-14,0.0,-0.03375847992495442,0.27446222206046395
2014-04-15,0.0,-0.015784735817480303,0.4094840198084072
2014-04-16,0.0,-0.009684367766505672,0.42813739710171067
2014-04-17,0.0,-0.006984894521951093,0.3803041964199131
2014-04-18,1.0,0.002321533253920734,0.46199561868978234
2014-04-21,1.0,0.022377476959335365,0.42737174219855684
2014-04-22,1.0,0.008693187171405319,0.42617945000761015
2014-04-23,1.0,0.013339975493070269,0.41197558723764965
2014-04-24,1.0,0.0249964946864576,0.38573409181502083
2014-04-25,1.0,0.02216792477056193,0.5768446069172091
2014-04-28,1.0,0.007222992816955423,0.4724705968866293
2014-04-29,1.0,0.0011534026653534555,0.46966214458745054
2014-04-30,0.0,-0.001537574779183433,0.5259436274323678
2014-05-05,0.0,-0.013574436522926964,0.39995318835077714
2014-05-06,0.0,-0.015811359015726674,0.49258355907759094
2014-05-07,0.0,-0.012195273093818243,0.4929159813417786
2014-05-08,1.0,0.006320044018587837,0.4632046735491544
2014-05-09,1.0,0.002113556363696921,0.48462920742630416
2014-05-12,1.0,0.005949542547229986,0.512872027043973
2014-05-13,0.0,-0.0015372793188863669,0.45299930609438044
2014-05-14,0.0,-0.0013429258612974587,0.43933815071397775
2014-05-15,0.0,-0.0034423441909726786,0.47017889142871105
2014-05-16,1.0,0.0019175461292718545,0.4841015775558205
2014-05-19,0.0,-0.0024906613124520303,0.44237453616389977
2014-05-20,0.0,-0.003467543447463385,0.40650549325657936
2014-05-21,0.0,-0.02055929668122002,0.47701039466514544
2014-05-22,0.0,-0.03370339453642206,0.49382029566639807
2014-05-23,0.0,-0.029945850315063832,0.40475965222674604
2014-05-26,0.0,-0.036531066664568276,0.3366556982518297
2014-05-27,0.0,-0.03016879141191733,0.28904444469834567
2014-05-28,0.0,-0.01580123731392669,0.3962057713417152
2014-05-29,1.0,0.004744029454756742,0.40811436292037684
2014-05-30,0.0,-0.001580403331710084,0.4461757343416349
2014-06-03,1.0,0.005159765366844225,0.32374256554377545
2014-06-04,1.0,0.011076062599206637,0.5203354356322871
2014-06-05,1.0,0.010102096409182429,0.41863334952433484
2014-06-06,1.0,0.00863936259070764,0.4742977976433899
2014-06-09,1.0,0.01957775921137942,0.5093035962843215
2014-06-10,1.0,0.008082843414222935,0.39099284998831835
2014-06-11,1.0,0.0031421864030724955,0.4105794866277373
2014-06-12,1.0,0.01622555389173185,0.3683534675079853
2014-06-13,1.0,0.03382986451840488,0.5347133410606592
2014-06-16,1.0,0.030172233391845885,0.506921340256623
2014-06-17,1.0,0.04097120781308045,0.45905572117833415
2014-06-18,1.0,0.036577706139928015,0.483544809691186
2014-06-19,1.0,0.024706801113275546,0.4985908957480803
2014-06-20,1.0,0.0022654342329981674,0.5850704564039975
2014-06-23,0.0,-0.007173902769866687,0.5114159382764655
2014-06-24,1.0,0.0011301564585848177,0.40010985610364236
2014-06-25,1.0,0.005467069889972369,0.45590723777778147
2014-06-26,1.0,0.0033994367014637886,0.5177985887420673
2014-06-27,1.0,0.0007540056907650969,0.4998495706486942
2014-06-30,0.0,-0.0037965117734428786,0.5353240879419965
2014-07-01,0.0,-0.005474293991954101,0.6132441863785677
2014-07-02,0.0,-0.0026355436942340337,0.6072291936212182
2014-07-03,1.0,0.0032000027306708497,0.6234911459451784
2014-07-04,1.0,0.01142869582362263,0.6032662489758902
2014-07-07,1.0,0.005311089874408153,0.5425290479079201
2014-07-08,0.0,-0.006456535912015987,0.5877740683076443
2014-07-09,0.0,-0.01999114647856473,0.6643824759266901
2014-07-10,0.0,-0.017249977537400717,0.6596731148047529
2014-07-11,0.0,-0.019374254083441768,0.5967750887251856
2014-07-14,0.0,-0.003790755107979779,0.5443341852781651
2014-07-15,0.0,-0.0013344773689479435,0.6052099654245475
2014-07-16,1.0,0.007281120498138413,0.6075002276694349
2014-07-17,0.0,-0.005752652489449811,0.58981346283214
2014-07-18,0.0,-0.018208457065601022,0.6722658250806949
2014-07-21,0.0,-0.009156874359581112,0.5213394924150047
2014-07-22,0.0,-0.004397292239938542,0.5432006103858537
2014-07-23,0.0,-0.008243121534329335,0.48939660274287955
2014-07-24,0.0,-0.0038535693159899662,0.4656600146147271
2014-07-25,0.0,-0.007377241766947687,0.44923281950851834
2014-07-28,0.0,-0.007695305385190742,0.5593480086499136
2014-07-29,0.0,-0.010981711364853873,0.4301357593455096
2014-07-30,0.0,-0.007147717092037721,0.4761558861672101
2014-07-31,1.0,0.005774799493883958,0.42697965965005025
2014-08-01,1.0,0.024065075083920917,0.437601301328727
2014-08-04,1.0,0.006352894597731852,0.4440713080742407
2014-08-05,1.0,0.011173300598125036,0.38936634979833196
2014-08-06,1.0,0.012140046969262458,0.4526778092669168
2014-08-07,1.0,0.004404871624795047,0.5345673884545445
2014-08-08,0.0,-0.00553172607533566,0.6735980810050137
2014-08-11,0.0,-0.0063528945977318636,0.5209692041137272
2014-08-12,0.0,-0.010979595997035409,0.44144810091693426
2014-08-13,0.0,-0.012721836959492132,0.5441353786121673
2014-08-14,0.0,-0.02751045246987172,0.5752077359099288
2014-08-15,0.0,-0.024396176042355777,0.4914353115047736
2014-08-18,0.0,-0.01694460640914685,0.5713950016908225
2014-08-19,0.0,-0.004464726430438247,0.4136200220934311
2014-08-20,0.0,-0.007008009993477092,0.4201774497191562
2014-08-21,1.0,0.006851353021680309,0.4265569409191747
2014-08-22,1.0,0.00644722366090195,0.3821296501103383
2014-08-25,1.0,0.006265930036866199,0.34292965267020814
2014-08-26,0.0,-0.012726554539222664,0.3767566961368351
2014-08-27,0.0,-0.014363257256580136,0.31601277083025886
2014-08-28,0.0,-0.015135424065100803,0.28075291515152256
2014-08-29,0.0,-0.021057552652520486,0.31000063707413145
2014-09-01,0.0,-0.02570327343859285,0.28322812073668274
2014-09-02,0.0,-0.01669023444037874,0.32569602035508716
2014-09-03,0.0,-0.016585453613562222,0.38407783509661547
2014-09-04,0.0,-0.024865929252726408,0.30719637963240704
2014-09-05,0.0,-0.0229340166290137,0.3938214111568649
2014-09-09,0.0,-0.01290080379523154,0.23695746529070863
2014-09-10,0.0,-0.010878431210746458,0.36065181807498836
2014-09-11,0.0,-0.015636423769755003,0.36023847325711517
2014-09-12,0.0,-0.010409319421037745,0.44694687553795764
2014-09-15,0.0,-0.01807030689614724,0.49861460427938664
2014-09-16,0.0,-0.019048194970694363,0.4633126973349734
2014-09-17,0.0,-0.013253328869129884,0.506729927099472
2014-09-18,0.0,-0.015053382514576379,0.52935207005877
2014-09-19,1.0,0.00204960104544379,0.6746966658613772
2014-09-22,1.0,0.00660886337714066,0.7242624012833454
2014-09-23,1.0,0.004333030611061542,0.6812612587924903
2014-09-24,0.0,-0.005144573544356999,0.6611053901253038
2014-09-25,1.0,0.01361969051272773,0.7108661965043679
2014-09-26,0.0,-0.004926118336055777,0.6985903681025816
2014-09-29,1.0,0.009220432089115339,0.568893104717797
2014-09-30,1.0,0.00840599516636817,0.4810846847023499
2014-10-08,1.0,0.0035011878006268302,0.5143278592901402
2014-10-09,1.0,0.006740910011141173,0.6378633841217498
2014-10-10,1.0,0.011456753791385981,0.673162321994878
2014-10-13,1.0,0.0026479290346922723,0.7595640566855811
2014-10-14,1.0,0.008538372669855044,0.6351732730173948
2014-10-15,1.0,0.015301736894622005,0.6302284555457246
2014-10-16,1.0,0.0014240669683615024,0.7826883864734533
2014-10-17,0.0,-0.0081699800847633,0.661266366600267
2014-10-20,0.0,-0.010634047039922611,0.6919177518255958
2014-10-21,0.0,-0.018180461936751605,0.6741584518782222
2014-10-22,0.0,-0.01633022613472181,0.6592936557419601
2014-10-23,0.0,-0.03243750974853174,0.6674938386261753
2014-10-24,0.0,-0.04338029563022517,0.6397505628830049
2014-10-27,0.0,-0.05623971832287596,0.5511527029364772
2014-10-28,0.0,-0.049439725738227684,0.5512260796709697
2014-10-29,0.0,-0.07453550190917894,0.5507704154139649
2014-10-30,0.0,-0.05259833001885951,0.5503682857290965
2014-10-31,0.0,-0.030222976493857245,0.6676483921424259
2014-11-03,1.0,0.009308433918048918,0.7667930237907743
2014-11-04,0.0,-0.011984019662655557,0.5401543578904499
2014-11-05,1.0,0.027339045503231598,0.7004516341027114
2014-11-06,1.0,0.019073251661458623,0.6932312798336481
2014-11-07,1.0,0.009447505180975552,0.6766109678462171
2014-11-10,1.0,0.01687893933842519,0.7138716874668827
2014-11-11,1.0,0.03425951770195354,0.6455273400031714
2014-11-12,1.0,0.021556698563886083,0.5480251688394326
2014-11-13,1.0,0.01743667037833384,0.6439679259188348
2014-11-14,1.0,0.03417850144022212,0.700253450542113
2014-11-17,1.0,0.010118130165584686,0.6588386901808508
2014-11-18,1.0,0.01074486267151992,0.4851434053456091
2014-11-19,1.0,0.006314481094845792,0.5268004772226229
2014-11-20,1.0,0.015037877364540502,0.5863320596510805
2014-11-21,0.0,-0.0023273045519905935,0.5137152988507415
2014-11-24,0.0,-0.0387007141480138,0.5422166992188261
2014-11-25,1.0,0.007307684676153903,0.5045864628724075
2014-11-26,1.0,0.005023032746273386,0.45701871333853233
2014-11-27,1.0,0.011703372870827865,0.4603414413814569
2014-11-28,1.0,0.017844495750127583,0.44575867027256044
2014-12-01,1.0,0.03765150620368838,0.47295142329025047
2014-12-02,1.0,0.006841531816716784,0.4721992972770168
2014-12-03,1.0,0.03507692189608791,0.3792300844990672
2014-12-04,1.0,0.019545936527692608,0.4436167457684436
2014-12-05,1.0,0.018553407895747834,0.40276963233667235
2014-12-08,1.0,0.028153380837714435,0.3078137535592149
2014-12-09,0.0,-0.005801922616107943,0.37293382693404953
2014-12-10,0.0,-0.030078993958031746,0.511989509297705
2014-12-11,0.0,-0.015192244567373777,0.3990818873804262
2014-12-12,0.0,-0.009439840260633207,0.4393012571010293
2014-12-15,0.0,-0.011496739235345553,0.4869118026359617
2014-12-16,0.0,-0.00855687157846241,0.45433150046918686
2014-12-17,0.0,-0.009182034460630343,0.488054969653557
2014-12-18,0.0,-0.015216552068909442,0.44779981467060864
2014-12-19,0.0,-0.012448293526567917,0.4075886388633851
2014-12-22,0.0,-0.002273902788578342,0.3678081888222599
2014-12-23,1.0,0.006059991379875302,0.4064020317200447
2014-12-24,1.0,0.013121087962697276,0.3597199196539309
2014-12-25,1.0,0.017076633208710265,0.3595532010287276
2014-12-26,1.0,0.020457372173684693,0.3076310973507591
2014-12-29,1.0,0.014994632384812596,0.3907049371723854
2014-12-30,1.0,0.018576385572935457,0.3908167673730244
2014-12-31,1.0,0.01437986980614913,0.5360248176152009
2015-01-05,1.0,0.02286280436085911,0.3129525590273205
2015-01-06,1.0,0.018442107440053094,0.5069731494527132
2015-01-07,1.0,0.010747340595672325,0.3558755809319731
2015-01-08,1.0,0.009160369398664195,0.3936754167379866
2015-01-09,1.0,0.034085095915456776,0.4866432845503893
2015-01-12,1.0,0.03995784728687068,0.5608117978269967
2015-01-13,1.0,0.03414917830952561,0.5267234919297253
2015-01-14,1.0,0.056082132288454684,0.4155025073119317
2015-01-15,1.0,0.048645414947206374,0.45620564059056706
2015-01-16,1.0,0.030096437177422535,0.43417450430810306
2015-01-19,1.0,0.014438599086075764,0.37939760812267
2015-01-20,1.0,0.008694866873211339,0.26784393265389156
2015-01-21,0.0,-0.005353741277101451,0.26181433213263444
2015-01-22,1.0,0.0009645992838214416,0.2786542478455412
2015-01-23,0.0,-0.02459219682118592,0.2808631683806143
2015-01-26,0.0,-0.009602532014979393,0.1937323855723322
2015-01-27,0.0,-0.0019256697651010902,0.25891913788839527
2015-01-28,0.0,-0.0172101318227883,0.2816917185189859
2015-01-29,0.0,-0.006965972440827871,0.24179283167758076
2015-01-30,1.0,0.006448483508159063,0.36447529128121764
2015-02-02,0.0,-0.03016879141191733,0.4053776389137292
2015-02-03,0.0,-0.02874379135370358,0.3559633193320857
2015-02-04,0.0,-0.02188788947094402,0.3240170614303054
2015-02-05,0.0,-0.03819599563720797,0.342518386648179
2015-02-06,0.0,-0.028649593570048364,0.3147937556209677
2015-02-09,0.0,-0.004385097718418441,0.4044625875531418
2015-02-10,0.0,-0.012174584063932296,0.38879680002019834
2015-02-11,0.0,-0.018105503632273354,0.34590204305947
2015-02-12,0.0,-0.005664591315196118,0.33787089774121926
2015-02-13,0.0,-0.011288166627299062,0.35974144562907756
2015-02-16,0.0,-0.004003207908216356,0.3336746173376478
2015-02-17,0.0,-0.007862151172948558,0.24687821660755963
2015-02-25,1.0,0.0016227184088187518,0.23512675253856075
2015-02-26,0.0,-0.003251374536729444,0.24687620390531095
2015-02-27,0.0,-0.006712117135020303,0.3102411004300169
2015-03-02,0.0,-0.038434820683863356,0.32862805862613403
2015-03-03,0.0,-0.03942312181706316,0.31493489514454454
2015-03-04,0.0,-0.03485248100099945,0.3242193688245675
2015-03-05,0.0,-0.029957823423462506,0.3967461125360148
2015-03-06,0.0,-0.03235454342115665,0.3586726622104278
2015-03-09,0.0,-0.007951496174174266,0.5159320581628123
2015-03-10,0.0,-0.005277057100843781,0.4742637545907494
2015-03-11,0.0,-0.019496273387876278,0.5092512561749524
2015-03-12,0.0,-0.002730233765695021,0.5442863671679403
2015-03-13,1.0,0.0008428150519973713,0.4636420164164849
2015-03-16,1.0,0.008784829555732811,0.44028018288072357
2015-03-17,1.0,0.0203212188132731,0.42016274744711063
2015-03-18,1.0,0.031594877368545646,0.567947216858802
2015-03-19,1.0,0.025538603796375015,0.5667118872277065
2015-03-20,1.0,0.024343238890546653,0.5585187357290072
2015-03-23,1.0,0.0012486994338450198,0.610304719742585
2015-03-24,0.0,-0.013571562308834889,0.5186572935516761
2015-03-25,0.0,-0.011678964864146262,0.5110319300865587
2015-03-26,0.0,-0.003902644369962659,0.4353426333683274
2015-03-27,0.0,-0.006185586732710746,0.41349150975660665
2015-03-30,1.0,0.014454102560822073,0.48108554120991737
2015-03-31,1.0,0.024502886999666008,0.50199917282557
2015-04-01,1.0,0.00897990789498123,0.5068892867841874
2015-04-02,0.0,-0.011175613001510041,0.6155865614340534
2015-04-03,1.0,0.00371594151782158,0.5130669446806385
2015-04-07,0.0,-0.015494577111041229,0.43028960893146917
2015-04-08,0.0,-0.015087606650748995,0.46919319447526214
2015-04-09,1.0,0.005184044787587919,0.4593943106501234
2015-04-10,1.0,0.0024942852258279446,0.5438200418313993
2015-04-13,1.0,0.0004120313202091422,0.5764966211035923
2015-04-14,0.0,-0.0010415582651844648,0.5775997002430872
2015-04-15,1.0,0.004570961625822774,0.6425794193871852
2015-04-16,0.0,-0.018157652157835977,0.5683491510211286
2015-04-17,0.0,-0.00812927874446591,0.5613167367911894
2015-04-20,0.0,-0.02587250509427715,0.5542095890762578
2015-04-21,1.0,0.0035368808325859803,0.4761931887208804
2015-04-22,1.0,0.005169038698330924,0.49895489240234725
2015-04-23,1.0,0.01587998267746261,0.504696852373921
2015-04-24,0.0,-0.0056669266988335345,0.48209861999458936
2015-04-27,1.0,0.008209708251238684,0.5035284804982756
2015-04-28,0.0,-0.004162336914687299,0.6461628419596563
2015-04-29,0.0,-0.009948268574411829,0.6077556593269535
2015-04-30,0.0,-0.0006220840013989929,0.5000982576353004
2015-05-04,1.0,0.015041018882050521,0.5099961030802994
2015-05-05,1.0,0.008766493212182593,0.3968640140424425
2015-05-06,1.0,0.012229398969008059,0.414590773048691
2015-05-07,1.0,0.02914820477601894,0.398060163803444
2015-05-08,1.0,0.02620416054626373,0.5324438429794971
2015-05-11,1.0,0.032836640398317074,0.43937547763967943
2015-05-12,1.0,0.029284369669518858,0.44987257975162676
2015-05-13,1.0,0.006366178190336414,0.48671986257976585
2015-05-14,0.0,-0.008329149218901457,0.6654079644078486
2015-05-15,0.0,-0.011584318144823072,0.6659095977971564
2015-05-18,0.0,-0.02026822523669379,0.6614988811552038
2015-05-19,0.0,-0.02141846283255947,0.6221831029427265
2015-05-20,0.0,-0.012980505735766725,0.611908246530838
2015-05-21,0.0,-0.016661909682435534,0.5996288450957212
2015-05-22,0.0,-0.015657509818405982,0.5583513792609234
2015-05-25,0.0,-0.01505959353114148,0.5755960234380321
2015-05-26,0.0,-0.006827377301308089,0.5044017414404253
2015-05-27,1.0,0.00020736132785565125,0.5010394615229047
2015-05-28,0.0,-0.007704358775154672,0.4714631110358453
2015-05-29,0.0,-0.010226531783831313,0.4859830148493708
2015-06-01,0.0,-0.011918593779314517,0.4362114283546964
2015-06-02,0.0,-0.009385823412414025,0.48313221648492416
2015-06-03,0.0,-0.006239620909340556,0.4893759633572933
2015-06-04,1.0,0.0037554811507308906,0.4603856394635626
2015-06-05,1.0,0.004813235200135222,0.46502355337926793
2015-06-08,1.0,0.008587339397399437,0.5427806078978499
2015-06-09,1.0,0.008139458481647006,0.49206327982999765
2015-06-10,0.0,-0.0041814821537347,0.4589254761536902
2015-06-11,1.0,0.0008326395152157202,0.48825211954435
2015-06-12,1.0,0.012654457840255737,0.46174185297478976
2015-06-15,1.0,0.00041701418452537155,0.4900507684772068
2015-06-16,0.0,-0.008139458481646999,0.5531831596521831
2015-06-17,0.0,-0.0016775009175940424,0.451136077660752
2015-06-18,0.0,-0.012352297745096252,0.5223317240853741
2015-06-19,0.0,-0.013698844358161915,0.6148294547338172
2015-06-23,0.0,-0.007532992307545036,0.3878558441145711
2015-06-24,0.0,-0.0037791352976674804,0.4458086144337763
2015-06-25,0.0,-0.009912556120682077,0.3739757774228848
2015-06-26,0.0,-0.0027423284773888347,0.31763033777862926
2015-06-29,0.0,-0.012195273093818355,0.5004865914276049
2015-06-30,0.0,-0.004842624475788015,0.4115814101464141
2015-07-01,0.0,-0.02556594292781769,0.40978448701701653
2015-07-02,0.0,-0.002121791587452965,0.3632179557307579
2015-07-03,0.0,-0.006357300495466412,0.3612512909814431
2015-07-06,0.0,-0.005090148848188302,0.37536749799476077
2015-07-07,0.0,-0.015312932137355515,0.3825839249894322
2015-07-08,1.0,0.007738645670621448,0.44352684893827204
2015-07-09,0.0,-0.016706321299887614,0.5278288896335238
2015-07-10,0.0,-0.01672064678707825,0.3866550475352635
2015-07-13,0.0,-0.041238482118046794,0.3471010702353073
2015-07-14,0.0,-0.04492921745311047,0.3779502665444623
2015-07-15,0.0,-0.056604341393395756,0.30813271584045854
2015-07-16,0.0,-0.0459647856628882,0.3934545703023881
2015-07-17,0.0,-0.053274913813551025,0.3377266493340998
2015-07-20,0.0,-0.00867925777692632,0.3658754902766374
2015-07-21,0.0,-0.005845340384584946,0.46254051512903105
2015-07-22,1.0,0.005423742109362137,0.6678385045093039
2015-07-23,0.0,-0.009315073603493046,0.621337488130448
2015-07-24,0.0,-0.005257755854223948,0.6253025078991183
2015-07-27,0.0,-0.009431913622955151,0.5601258484104491
2015-07-28,0.0,-0.011109965765846278,0.6241904088374585
2015-07-29,0.0,-0.012245050960100288,0.5097377871248684
2015-07-30,0.0,-0.0015990865771854435,0.6796188155918921
2015-07-31,1.0,0.013884370078561057,0.6534108449454921
2015-08-03,0.0,-0.00022565722763013746,0.650136429396642
2015-08-04,1.0,0.03142089721564926,0.6245331369751872
2015-08-05,1.0,0.07174214982474532,0.61290234328836
2015-08-06,1.0,0.06868799343580953,0.5574922471538217
2015-08-07,1.0,0.0513271997802066,0.5760874684916276
2015-08-10,1.0,0.04974617178288766,0.6559133524431507
2015-08-11,1.0,0.02681359549710195,0.660096350176662
2015-08-12,0.0,-0.008102389741446503,0.32564684122301135
2015-08-13,1.0,0.011460227295065791,0.3208255712438528
2015-08-14,1.0,0.03357224400627986,0.27491066777897133
2015-08-17,1.0,0.030244453913605102,0.22490270938043747
2015-08-18,1.0,0.029878268714376134,0.24271330086982135
2015-08-19,1.0,0.013819716061733545,0.34358096256109844
2015-08-20,0.0,-0.00932803032522495,0.3556901063771257
2015-08-21,0.0,-0.023317934969177046,0.4134882457609852
2015-08-24,0.0,-0.018715718195941086,0.36863344455635555
2015-08-25,0.0,-0.01154868478478232,0.35951230003045453
2015-08-26,0.0,-0.0008449514655642472,0.2548187849117944
2015-08-27,0.0,-0.0085562019311958,0.3062134617653976
2015-08-28,0.0,-0.012834400771541132,0.3595475627329833
2015-08-31,0.0,-0.011314028255754876,0.34007114588635323
2015-09-01,0.0,-0.02979536665153223,0.32897699554047594
2015-09-02,0.0,-0.03003228709887509,0.30164369616824194
2015-09-07,0.0,-0.01515180502060222,0.3133065470285743
2015-09-08,0.0,-0.012783187830089056,0.2520385706472191
2015-09-09,0.0,-0.015577987026436483,0.26269459417498864
2015-09-10,1.0,0.009312465783097192,0.2664455276897562
2015-09-11,1.0,0.01598651458197299,0.4849335884873906
2015-09-14,1.0,0.027746698805511234,0.4304667768130976
2015-09-15,1.0,0.022211155671736427,0.4268919741692909
2015-09-16,1.0,0.018579061090213064,0.376849876555514
2015-09-17,1.0,0.015189082258719781,0.42301608047060163
2015-09-18,1.0,0.016578488096185943,0.3888581699374047
2015-09-21,0.0,-0.004038691853713061,0.31516613889998346
2015-09-22,0.0,-0.00942796784164741,0.3483914345606352
2015-09-23,0.0,-0.011192540432278469,0.3795228194034643
2015-09-24,0.0,-0.00255102179160533,0.4424334851175901
2015-09-25,0.0,-0.00910540965343073,0.6113037906701466
2015-09-28,1.0,0.01479942444593925,0.3985883564237356
2015-09-29,1.0,0.017922391395936942,0.4749442985197358
2015-09-30,1.0,0.039678483818176236,0.44092981435126144
2015-10-08,1.0,0.02833050662622599,0.5507686489327628
2015-10-09,1.0,0.024791185616202232,0.7253678471283653
2015-10-12,1.0,0.008151367111571576,0.5501609770527385
2015-10-13,1.0,0.014693799214369837,0.4785300566997619
2015-10-14,0.0,-0.0006242846940865431,0.48271005317791316
2015-10-15,0.0,-0.009354605167220349,0.5128584653276422
2015-10-16,0.0,-0.00020753346551600452,0.5131644353050263
2015-10-19,0.0,-0.0062643763010988085,0.4239409050470303
2015-10-20,0.0,-0.004176243280087334,0.3525826159121641
2015-10-21,1.0,0.0010402580777884014,0.5230212982952189
2015-10-22,0.0,-0.006916091698373156,0.3907308768030438
2015-10-23,0.0,-0.025434897147821604,0.37494143504412897
2015-10-26,0.0,-0.022025456235832405,0.35353284520622624
2015-10-27,0.0,-0.02714906935406107,0.40828030606837973
2015-10-28,0.0,-0.04769905658709738,0.39366162244899794
2015-10-29,0.0,-0.04450912010906404,0.49119299973671
2015-10-30,0.0,-0.0304789614599223,0.5047115530325308
2015-11-02,0.0,-0.038638441592783,0.37579707595549705
2015-11-03,0.0,-0.03389413765056999,0.3304630976548017
2015-11-04,0.0,-0.008982424289577986,0.32925641145686696
2015-11-05,0.0,-0.004628107434468162,0.461875972779226
2015-11-06,0.0,-0.011035203574883006,0.43202982450314487
2015-11-09,1.0,0.01808606863946163,0.46147205608951003
2015-11-10,0.0,-0.0013354108372271186,0.40910092660412584
2015-11-11,0.0,-0.018210585408509387,0.37584602626211455
2015-11-12,0.0,-0.008652300233426344,0.3434853253490106
2015-11-13,1.0,0.002659576035758796,0.6154358391648025
2015-11-16,0.0,-0.02568217308214505,0.5732304775898984
2015-11-17,0.0,-0.006255605743822223,0.6234082125721561
2015-11-18,1.0,0.008258053848694524,0.6613616780986644
2015-11-19,0.0,-0.0037950709685516094,0.6391040964816808
2015-11-20,0.0,-0.01314489240047199,0.6461370740178374
2015-11-23,0.0,-0.017191104208667447,0.7266483571232727
2015-11-24,1.0,0.004695369162961676,0.591784131012393
2015-11-25,0.0,-0.009154914895357998,0.6300991588341256
2015-11-26,0.0,-0.016007556327628177,0.6274615109761092
2015-11-27,0.0,-0.004495399793441406,0.5245069904883877
2015-11-30,1.0,0.03761356759783274,0.47477459230038216
2015-12-01,1.0,0.005117376836750222,0.5364478888775769
2015-12-02,1.0,0.015138312247668552,0.5175682109979641
2015-12-03,1.0,0.025579137471128444,0.46939101848954523
2015-12-04,1.0,0.01786160457724438,0.5202712608485365
2015-12-07,0.0,-0.0026402655601764765,0.6363339629808697
2015-12-08,0.0,-0.001999334221482377,0.5680047140547908
2015-12-09,0.0,-0.004650656151044486,0.5724062821848093
2015-12-10,1.0,0.0006643782771231264,0.6408901015997345
2015-12-11,0.0,-0.0077752252192291645,0.6148719731353345
2015-12-14,1.0,0.001321004155113758,0.7071876759597865
2015-12-15,1.0,0.017196190938914335,0.6365568208360389
2015-12-16,1.0,0.010818076581246675,0.5911012513991925
2015-12-17,1.0,0.0092552445588373,0.6813126643226068
2015-12-18,1.0,0.018341028992948375,0.6576284507118018
2015-12-21,1.0,0.0017586287232029272,0.6324354266496591
2015-12-22,0.0,-0.001969150619880761,0.6593875012781516
2015-12-23,1.0,0.001974334303717608,0.6120045366547018
2015-12-24,0.0,-0.008370092918836131,0.5176206352874746
2015-12-25,0.0,-0.0006571022030327693,0.5560356114145941
2015-12-28,1.0,0.011573445045848351,0.5617573623373747
2015-12-29,1.0,0.013487261223826413,0.611277440937375
2015-12-30,1.0,0.03636764417087479,0.6213768869375553
2015-12-31,1.0,0.046459689269236396,0.6139968640461104
2016-01-04,1.0,0.03973463756715553,0.6007092725516363
2016-01-05,1.0,0.01849912939273558,0.678189529840967
2016-01-06,1.0,0.0036665629343716607,0.7014366302573117
2016-01-07,0.0,-0.010836183798206757,0.7135823834821606
2016-01-08,0.0,-0.017895662925286594,0.678120764059073
2016-01-11,0.0,-0.01677499788617876,0.6535925006096943
2016-01-12,0.0,-0.005985481743037841,0.6504912349716812
2016-01-13,1.0,0.00665167134402022,0.6465606096523948
2016-01-14,1.0,0.00935579862777251,0.6931031132003016
2016-01-15,1.0,0.011115975939907732,0.5900838612270807
2016-01-18,1.0,0.009801910994318624,0.6632538365352011
2016-01-19,1.0,0.024148599855426653,0.5568812479374501
2016-01-20,1.0,0.023460866800549998,0.5217325633246825
2016-01-21,1.0,0.010735815144594893,0.5247453747849788
2016-01-22,1.0,0.013094168080224695,0.5626034111596064
2016-01-25,1.0,0.017238181742378407,0.4909190679079384
2016-01-26,1.0,0.006882913813698783,0.525254842076339
2016-01-27,1.0,0.008735496481032756,0.5599427071118853
2016-01-28,1.0,0.021336904743399162,0.47236436396262893
2016-01-29,1.0,0.03139456511745047,0.46061825075251694
2016-02-01,1.0,0.06554104053956224,0.4925831163800797
2016-02-02,1.0,0.050856699405615616,0.5077691198802875
2016-02-03,1.0,0.05479719204938474,0.4441431189772382
2016-02-04,1.0,0.04371185052420446,0.4128889070246796
2016-02-05,1.0,0.048034635699470495,0.37649630760842046
2016-02-15,1.0,0.00019517907742272686,0.10382499375083817
2016-02-16,1.0,0.012563965818947111,0.1536318864748564
2016-02-17,1.0,0.013242647273112652,0.16632051140412993
2016-02-18,1.0,0.02575914671892689,0.1668823938663417
2016-02-19,1.0,0.014812235803879335,0.08978531406493986
2016-02-22,1.0,0.01241288241970965,0.22237668959025406
2016-02-23,1.0,0.025995494806790843,0.23987715840969637
2016-02-24,1.0,0.005402289812402614,0.291284127504395
2016-02-25,1.0,0.0021010417431976086,0.2785387472556331
2016-02-26,1.0,0.014219596876782079,0.21726177057908244
2016-02-29,1.0,0.02380838101460876,0.209630406728932
2016-03-01,1.0,0.013780303011152165,0.28895877270377357
2016-03-02,1.0,0.01603393769849127,0.27863300358000515
2016-03-03,0.0,-0.000572573734509193,0.2563912305777474
2016-03-04,1.0,0.0005645996197783359,0.210725770638987
2016-03-07,0.0,-0.011928570865273732,0.22966402713130035
2016-03-08,0.0,-0.033746410691000525,0.1552340826615045
2016-03-09,0.0,-0.01757447333919361,0.16697739306433224
2016-03-10,1.0,0.0053313149885976345,0.17718526652205224
2016-03-11,0.0,-0.009072071292658856,0.11977031443247518
2016-03-14,0.0,-0.010723963362975724,0.18900782666266397
2016-03-15,1.0,0.013673780693153344,0.22168317089465558
2016-03-16,0.0,-0.0042487510805549,0.20976555611676193
2016-03-17,0.0,-0.03163844135449813,0.26753769545580336
2016-03-18,0.0,-0.027915952723918763,0.1948495838981099
2016-03-21,0.0,-0.01806751429976712,0.251714106154289
2016-03-22,0.0,-0.021851396358385667,0.20488899622870238
2016-03-23,1.0,0.0009672116045635181,0.2672198862170286
2016-03-24,1.0,0.004107585237445615,0.2798897302305285
2016-03-25,1.0,0.0042859991579846145,0.2408660087062944
2016-03-28,1.0,0.003913133539623809,0.25331100650633975
2016-03-29,1.0,0.0039024439769317454,0.3457800984571883
2016-03-30,0.0,-0.008348752502479741,0.33728174943250727
2016-03-31,1.0,0.00719637453640613,0.34916968077007904
2016-04-01,1.0,0.012940788991759478,0.33504983557850804
2016-04-05,1.0,0.02220811556724034,0.27271803684591467
2016-04-06,1.0,0.014116061525746439,0.24037027230852567
2016-04-07,1.0,0.005250376669809755,0.3803614292643528
2016-04-08,0.0,-0.00310559255815313,0.2712334407396415
2016-04-11,0.0,-0.012357755256460004,0.3940841784261068
2016-04-12,0.0,-0.007476312021348594,0.41868691874878866
2016-04-13,1.0,0.0009596008797007979,0.3487124486856683
2016-04-14,1.0,0.02376501264122906,0.29440818314404654
2016-04-15,1.0,0.013132672327280546,0.2919999491037504
2016-04-18,1.0,0.005038770350760422,0.3474508246835285
2016-04-19,0.0,-0.006757434729882668,0.32134335673313963
2016-04-20,1.0,0.002490661312452052,0.40112663128727793
2016-04-21,0.0,-0.006650855869909574,0.38803008815899614
2016-04-22,1.0,0.022199944052046394,0.43516838004121283
2016-04-25,1.0,0.04848634292446619,0.4055774013436478
2016-04-26,1.0,0.04747936651841855,0.39488287097597286
2016-04-27,1.0,0.03367828399275077,0.32577701160037514
2016-04-28,1.0,0.031897638604693385,0.4750045222281554
2016-04-29,1.0,0.013420518296109005,0.47906453378078356
2016-05-03,0.0,-0.014468811119916661,0.4155572942617524
2016-05-04,0.0,-0.006486909968167929,0.3394931949068785
2016-05-05,0.0,-0.007987411277403914,0.41304203986710686
2016-05-06,0.0,-0.002403625082530058,0.330289739427868
2016-05-09,1.0,0.007378745893034254,0.3562803540556556
2016-05-10,1.0,0.00929893254449655,0.37892428341843687
2016-05-11,1.0,0.004822862251279601,0.6255277695492459
2016-05-12,0.0,-0.00805172405358712,0.6418637334201791
2016-05-13,0.0,-0.014920082814926381,0.7017260074106322
2016-05-16,0.0,-0.02455937390225392,0.6325604257496209
2016-05-17,0.0,-0.024359458170217705,0.6234353399837127
2016-05-18,0.0,-0.03963530685739575,0.5834811623719579
2016-05-19,0.0,-0.01993800024887054,0.637590268319418
2016-05-20,0.0,-0.02511547537770023,0.6519538160291488
2016-05-23,0.0,-0.03449278519440305,0.6476924063560032
2016-05-24,0.0,-0.017797809758451865,0.5959974159858382
2016-05-25,0.0,-0.001348617871293418,0.5679754700763447
2016-05-26,0.0,-0.0040357506491281265,0.5558812075784979
2016-05-27,0.0,-0.003280906156419362,0.5320422179208751
2016-05-30,1.0,0.030529394142253655,0.43942918782329504
2016-05-31,1.0,0.022528635120635243,0.4532676043750676
2016-06-01,1.0,0.027383342471360747,0.5319296431122722
2016-06-02,1.0,0.05434083155972947,0.554922974598005
2016-06-03,1.0,0.05527722889148443,0.5627971914978801
2016-06-06,1.0,0.04003499808165733,0.5636955149903238
2016-06-07,1.0,0.05544738780436658,0.602472555575739
2016-06-08,1.0,0.024642284427864862,0.6005346299813675
2016-06-13,0.0,-0.0014601207193468226,0.421895362603379
2016-06-14,0.0,-0.000548897644373434,0.466140785529913
2016-06-15,0.0,-0.02055872702103655,0.5660945360989725
2016-06-16,0.0,-0.0371154116566582,0.489284279062447
2016-06-17,1.0,0.032589075333136514,0.6143282348205106
2016-06-20,1.0,0.03904507426638026,0.5499684419447224
2016-06-21,1.0,0.036478754918993356,0.4950060868771693
2016-06-22,1.0,0.053090639618802164,0.5970890301236272
2016-06-23,1.0,0.04795129350499368,0.5981019242752306
2016-06-24,1.0,0.017211524280534074,0.5171531532360437
2016-06-27,1.0,0.026007013603355094,0.49555713325863615
2016-06-28,1.0,0.02595286304373599,0.4398676902161783
2016-06-29,1.0,0.04269150863982192,0.4228729739741598
2016-06-30,1.0,0.04389852921519396,0.4458416410526028
2016-07-01,1.0,0.019485054776851113,0.6940489191827339
2016-07-04,1.0,0.00970798733937378,0.431675876613221
2016-07-05,1.0,0.009582551080996156,0.3793843091584085
2016-07-06,0.0,-0.020085781637411725,0.48685635676267247
2016-07-07,0.0,-0.023437904631156893,0.3727083981860345
2016-07-08,0.0,-0.01323611932336959,0.33548825477319966
2016-07-11,0.0,-0.0234941784571445,0.410439762695338
2016-07-12,0.0,-0.016830210071471202,0.3268923077329853
2016-07-13,0.0,-0.011238987499601113,0.5337657160160625
2016-07-14,0.0,-0.014822836571522585,0.5319824694993539
2016-07-15,0.0,-0.009213450659717558,0.4475767984153245
2016-07-18,0.0,-0.011693998344854547,0.3770998969970472
2016-07-19,0.0,-0.012197398128748543,0.4145047736980034
2016-07-20,0.0,-0.00890757789111276,0.43485139072222273
2016-07-21,1.0,0.016206680418033925,0.43614993603119223
2016-07-22,1.0,0.0040087199652304875,0.7401113470566546
2016-07-25,1.0,0.01688611800481236,0.4031974945528051
2016-07-26,1.0,0.02064790974298808,0.41360650713201863
2016-07-27,1.0,0.026317308317373576,0.41473401929863235
2016-07-28,1.0,0.0017271161460751556,0.430662007344806
2016-07-29,1.0,0.020147043914105434,0.4726335967744086
2016-08-01,0.0,-0.009016880928987229,0.4923925325317904
2016-08-02,0.0,-0.015053489557663564,0.42087496295243276
2016-08-03,0.0,-0.005826923084868121,0.49857889217110163
2016-08-04,0.0,-0.004323396271706807,0.5515126285085722
2016-08-05,0.0,-0.017367816834236962,0.4304245792489583
2016-08-08,1.0,0.0022618539438563007,0.539387760926993
2016-08-09,1.0,0.0076415793869668595,0.46324226913754735
2016-08-10,0.0,-0.011408939654264214,0.51047329265771
2016-08-11,1.0,0.0027691260339352685,0.4323849617808695
2016-08-12,1.0,0.0036360528329210167,0.47040157810897326
2016-08-15,0.0,-0.003481897668178072,0.48980929855925703
2016-08-16,0.0,-0.006073771383567135,0.4279282277100007
2016-08-17,0.0,-0.0006956522019671781,0.454375987793612
2016-08-18,0.0,-0.01585260965479798,0.40387495143842234
2016-08-19,0.0,-0.015677032444268702,0.3424000157949764
2016-08-22,0.0,-0.009814309410398674,0.4179990740122887
2016-08-23,0.0,-0.009092561331774234,0.311928864630693
2016-08-24,0.0,-0.014015646388344528,0.29222669977866816
2016-08-25,0.0,-0.007048487331061739,0.3162348407874204
2016-08-26,0.0,-0.005810386978006816,0.2771331765020829
2016-08-29,1.0,0.009639895875466221,0.4063120960116297
2016-08-30,1.0,0.008047629157280668,0.2979794223001912
2016-08-31,1.0,0.025948343100190698,0.29882863135751964
2016-09-01,1.0,0.02686832944231172,0.2737937904987792
2016-09-02,1.0,0.019238088947128484,0.31837991747317446
2016-09-05,1.0,0.0029609008830135744,0.3179503711725674
2016-09-06,1.0,0.0017409475149283249,0.27359640481988495
2016-09-07,0.0,-0.016815859536917957,0.4923976210285743
2016-09-08,0.0,-0.0205224593894085,0.4128547957322172
2016-09-09,0.0,-0.013252155580537849,0.42213928760374175
2016-09-12,0.0,-0.007506363254687977,0.4530576038827266
2016-09-13,1.0,0.0008693384882023814,0.4504066624473707
2016-09-14,1.0,0.007489367062822651,0.382605937842759
2016-09-19,1.0,0.012398657041350042,0.32195304036730615
2016-09-20,1.0,0.009955544631097619,0.5364111559317396
2016-09-21,1.0,0.00035038542755107895,0.5480246862610829
2016-09-22,0.0,-0.010306668230210638,0.6640050013070183
2016-09-23,0.0,-0.009939919663220964,0.6325332187474249
2016-09-26,0.0,-0.05017953570241271,0.6271860440234654
2016-09-27,0.0,-0.04915519428846981,0.6467740155317387
2016-09-28,0.0,-0.043496789476245794,0.6137815843751633
2016-09-29,0.0,-0.03775383519907759,0.5660652998405538
2016-09-30,0.0,-0.04242246842667265,0.5626005836293569
2016-10-10,0.0,-0.0010954903414368369,0.14304155151672943
2016-10-11,1.0,0.004735029790156119,0.16150281917985918
2016-10-12,1.0,0.006928013125166115,0.2480418611206391
2016-10-13,1.0,0.011061859102262527,0.2982341304041631
2016-10-14,1.0,0.010368442136589232,0.34970009660709156
2016-10-17,1.0,0.012165379266725358,0.265262556913667
2016-10-18,1.0,0.009763230689269427,0.22678757504786698
2016-10-19,1.0,0.014430264829028837,0.22174867855637287
2016-10-20,1.0,0.0036003639251777665,0.17668353731221081
2016-10-21,1.0,0.007930827437967863,0.1684203188884423
2016-10-24,1.0,0.009340825954238133,0.17903638806185448
2016-10-25,1.0,0.008420725203811253,0.19324739795311047
2016-10-26,1.0,0.013341832700315392,0.20123368863607155
2016-10-27,1.0,0.019573578639958122,0.21801589833329205
2016-10-28,1.0,0.013906446251748224,0.213991197727683
2016-10-31,1.0,0.007836193259987237,0.253115608017184
2016-11-01,1.0,0.003384097984240494,0.1835703892656558
2016-11-02,1.0,0.030284249611113832,0.15970747418889789
2016-11-03,1.0,0.008422580059498747,0.180330756751856
2016-11-04,0.0,-0.002304352699201238,0.19689179752939992
2016-11-07,0.0,-0.03208638629981757,0.2012447796648528
2016-11-08,0.0,-0.01884647005099954,0.18052308810204207
2016-11-09,0.0,-0.051356457886287864,0.31071160991339775
2016-11-10,0.0,-0.034305327892721706,0.3299789654612062
2016-11-11,0.0,-0.029901363127104008,0.2897393500541438
2016-11-14,1.0,0.009480472101477809,0.3754979833214643
2016-11-15,1.0,0.0010865629464523617,0.31808600800295883
2016-11-16,0.0,-0.0016255760827007402,0.6369031331294001
2016-11-17,0.0,-0.010178204915756153,0.5087983296386115
2016-11-18,0.0,-0.007525042392013012,0.5657730897099519
2016-11-21,0.0,-0.006371187474895842,0.4898221057273374
2016-11-22,0.0,-0.012750628118782326,0.5821623194876406
2016-11-23,0.0,-0.020269113524310732,0.47582314688454963
2016-11-24,0.0,-0.016392300010135367,0.5990532580585147
2016-11-25,0.0,-0.0094401441450815,0.5494502563164517
2016-11-28,0.0,-0.01861633341247604,0.6401007416179146
2016-11-29,0.0,-0.017009099284246085,0.6181507239276813
2016-11-30,0.0,-0.012436355180040479,0.5816821404214727
2016-12-01,1.0,0.0018552881017461409,0.6409572379454477
2016-12-02,1.0,0.002414787093364584,0.5483580899184106
2016-12-05,0.0,-0.0029811835010133225,0.5992551007184118
2016-12-06,1.0,0.00018644541864404454,0.48286508870723804
2016-12-07,1.0,0.007257871256929194,0.5774627998960288
2016-12-08,0.0,-0.01043422919204884,0.617445153613749
2016-12-09,0.0,-0.015518681075147771,0.5790863310807113
2016-12-12,0.0,-0.005050988196250896,0.5473625023399796
2016-12-13,0.0,-0.011060193353485613,0.6019428043828786
2016-12-14,0.0,-0.0179611937927002,0.6139533339993773
2016-12-15,0.0,-0.013767308443931469,0.6918825464479014
2016-12-16,0.0,-0.006806605972688104,0.6292165354208615
2016-12-19,0.0,-0.006963423263092568,0.6505837177642247
2016-12-20,1.0,0.003199400489550961,0.6207140194145142
2016-12-21,1.0,0.009207995154337479,0.6536353808916381
2016-12-22,1.0,0.02048751293960887,0.5733340947540752
2016-12-23,1.0,0.02916639720819795,0.6317622767148615
2016-12-26,1.0,0.018709619656728238,0.6366306641507682
2016-12-27,1.0,0.01603016618516532,0.5459768606127754
2016-12-28,1.0,0.00819676720417849,0.5216342642562121
2016-12-29,1.0,0.0003720238138145274,0.5649267436708374
2016-12-30,0.0,-0.005913896371169876,0.648599206998867
2017-01-03,1.0,0.006466535235746134,0.5889045194954988
2017-01-04,1.0,0.005348099423120872,0.6528867394977886
2017-01-05,1.0,0.010152371464017908,0.6358362498505479
2017-01-06,1.0,0.00888730159898222,0.6185501133220386
2017-01-09,1.0,0.01179302408952251,0.6355628163062703
2017-01-10,1.0,0.011353353959880672,0.6203982447377602
2017-01-11,1.0,0.006051178270106132,0.5973821268900327
2017-01-12,0.0,-0.00570956519281444,0.6742584327667608
2017-01-13,1.0,0.0005528425460993377,0.5103330255292686
2017-01-16,0.0,-0.0007330035145863319,0.5219274851153894
2017-01-17,0.0,-0.008227489504187181,0.5229532433917647
2017-01-18,0.0,-0.014362242823883866,0.5441367246244233
2017-01-19,0.0,-0.01151786836618194,0.5248952137381551
2017-01-20,1.0,0.000736648283772573,0.48358834792013783
2017-01-23,1.0,0.005666773230377299,0.5581169660164154
2017-01-24,1.0,0.015122817132705881,0.5347572630035876
2017-01-25,1.0,0.026175192550594258,0.5195118169467852
2017-01-26,1.0,0.03884695123526901,0.5058202369173
2017-02-03,1.0,0.013349379918248236,0.4926529092595594
2017-02-06,1.0,0.007626693949957218,0.6290912822527078
2017-02-07,0.0,-0.0018099552452395303,0.6069840096525123
2017-02-08,0.0,-0.006525308634922627,0.4486283733932829
2017-02-09,0.0,-0.006672101210070484,0.4903343639802887
2017-02-10,1.0,0.007960961169120801,0.5912141113104707
2017-02-13,1.0,0.001626751375461459,0.5865239534247965
2017-02-14,1.0,0.005420067469339113,0.6673171830763425
2017-02-15,1.0,0.008150004361924408,0.7091571025196055
2017-02-16,1.0,0.005053250240467293,0.6946006416884026
2017-02-17,1.0,0.013247597966300423,0.6166067864946498
2017-02-20,1.0,0.018963001146172765,0.6133645673551873
2017-02-21,1.0,0.013245226750020505,0.5582653985506555
2017-02-22,1.0,0.007010004440621204,0.5811384410876727
2017-02-23,1.0,0.006101957195967724,0.5488877245621754
2017-02-24,0.0,-0.01342782685747953,0.6497734084763672
2017-02-27,0.0,-0.016798107643238754,0.6259512505896361
2017-02-28,0.0,-0.017217068042995082,0.6086056445152105
2017-03-01,0.0,-0.016615878031487685,0.5576231206470634
2017-03-02,0.0,-0.022436258659059124,0.5107107939704256
2017-03-03,0.0,-0.023157202174383867,0.6304809721986598
2017-03-06,0.0,-0.013790819181983176,0.6111840335409694
2017-03-07,0.0,-0.014761088063831194,0.513740733395628
2017-03-08,0.0,-0.007494779621582882,0.5256972493216587
2017-03-09,1.0,0.01417174880916571,0.5163386101244902
2017-03-10,1.0,0.021894689607011502,0.46743679808630656
2017-03-13,1.0,0.017388592445750424,0.4610931771981787
2017-03-14,1.0,0.01819224267156006,0.4280834824611281
2017-03-15,1.0,0.026436448128082157,0.4483035200579952
2017-03-16,1.0,0.009337471326220936,0.5617254597393962
2017-03-17,1.0,0.006834558978178707,0.44789475101990606
2017-03-20,1.0,0.012668560902436123,0.47102373219081933
2017-03-21,1.0,0.013785913435266257,0.4937593136802695
2017-03-22,1.0,0.002855105436979715,0.5940149628578067
2017-03-23,1.0,0.003033820476326012,0.5219192379836157
2017-03-24,0.0,-0.0012554929458318685,0.5560631794552138
2017-03-27,0.0,-0.002663117419483662,0.5630583936179279
2017-03-28,1.0,0.00017779358212012563,0.5263748308581752
2017-03-29,1.0,0.010281955499446126,0.49584997417518556
2017-03-30,1.0,0.005685871750352927,0.41819662405557295
2017-03-31,1.0,0.014786053650524374,0.49126398484535905
2017-04-05,1.0,0.016223244191350527,0.4055036302170369
2017-04-06,1.0,0.020760773791675624,0.577108015561677
2017-04-07,1.0,0.014706147389695487,0.6983608421988928
2017-04-10,1.0,0.017562797755355474,0.6494768726017928
2017-04-11,1.0,0.01300088585835699,0.5486305601464396
2017-04-12,1.0,0.0015730143940891124,0.7298616338168039
2017-04-13,0.0,-0.0036633272542407787,0.6462432163604167
2017-04-14,0.0,-0.0062761712292361,0.6252084390803063
2017-04-17,0.0,-0.011556773695143662,0.6864813541713385
2017-04-18,0.0,-0.008941937375661393,0.6831168244688458
2017-04-19,0.0,-0.013538668332798293,0.6669743430457463
2017-04-20,0.0,-0.011424678266899819,0.6130084183878647
2017-04-21,0.0,-0.009488737508701345,0.5969397232774674
2017-04-24,0.0,0.0,0.6746138917006576
2017-04-25,0.0,-0.0021156566424545544,0.52600608927076
2017-04-26,0.0,-0.009962722503674125,0.5926883596847305
2017-04-27,0.0,-0.0144220429027959,0.5935944346406352
2017-04-28,0.0,-0.01673530245222592,0.5824905851346641
2017-05-02,0.0,-0.0193835534432479,0.4718858904138651
2017-05-03,0.0,-0.02230841152311217,0.5172718247717355
2017-05-04,0.0,-0.008258574766353222,0.5705908443005023
2017-05-05,0.0,-0.002513917646449595,0.5672788640627932
2017-05-08,1.0,0.0032263874555227465,0.5965050135060894
2017-05-09,1.0,0.005551093133572135,0.6786516950846432
2017-05-10,1.0,0.013978722244848493,0.5780383805151397
2017-05-11,1.0,0.02104965340687204,0.5752254380731358
2017-05-12,1.0,0.016228621881380464,0.6447035155693881
2017-05-15,1.0,0.013861960013609441,0.6101016131699751
2017-05-16,1.0,0.018401085370891156,0.5966238317093979
2017-05-17,1.0,0.003198296969376925,0.5723765143791225
2017-05-18,1.0,0.0001765069283552805,0.7078762879709682
2017-05-19,1.0,0.0024734994943286545,0.691995760386168
2017-05-22,0.0,-0.00584124149574799,0.6414843385586076
2017-05-23,0.0,-0.011815674012556784,0.6652439569918044
2017-05-24,0.0,-0.003554295549142257,0.6658366923413637
2017-05-25,1.0,0.004402578212662139,0.5921288661970395
2017-05-26,1.0,0.010357329488441184,0.589522016388514
2017-05-31,1.0,0.01742235005334871,0.513201391352925
2017-06-01,1.0,0.013742288147335897,0.6351965595883114
2017-06-02,1.0,0.005857831608053888,0.5465427531658389
2017-06-05,0.0,-0.012376395601048862,0.6345930424937452
2017-06-06,0.0,-0.01815187736585877,0.5803482336790218
2017-06-07,0.0,-0.01724484051174473,0.6016509197867106
2017-06-08,0.0,-0.02086355733755133,0.5779012578008003
2017-06-09,0.0,-0.011213074681337747,0.6317058421563919
2017-06-12,0.0,-0.00785858661252127,0.5851857924984922
2017-06-13,0.0,-0.010368344582556394,0.6108232710127358
2017-06-14,0.0,-0.012682138361024706,0.6107326381808008
2017-06-15,1.0,0.00017865118403918677,0.62893678464036
2017-06-16,1.0,0.003929980049188013,0.4821748489255978
2017-06-19,1.0,0.0062561648327979025,0.4903931218642276
2017-06-20,1.0,0.004124456667207103,0.46314874275520546
2017-06-21,1.0,0.002154786253026465,0.4576260786483105
2017-06-22,0.0,-0.006271860000105613,0.5472897165268896
2017-06-23,0.0,-0.017807827361376732,0.5285769406619262
2017-06-26,0.0,-0.02161467433448987,0.49571240972328107
2017-06-27,0.0,-0.024638927560428982,0.5348785646087797
2017-06-28,0.0,-0.02304374849897125,0.528413071378884
2017-06-29,0.0,-0.019238342889061063,0.5085017019321174
2017-06-30,0.0,-0.0120505383756035,0.5225935040582994
2017-07-03,0.0,-0.02134788468487627,0.46605230959519545
2017-07-04,0.0,-0.009583560264057616,0.561985316628713
2017-07-05,0.0,-0.005152753395656329,0.4794976255599689
2017-07-06,0.0,-0.004039667630922167,0.5069716567029351
2017-07-07,0.0,-0.005710616974378869,0.415014201573089
2017-07-10,1.0,0.015504186535965254,0.45911673483933907
2017-07-11,1.0,0.013610657048258484,0.47940370277182126
2017-07-12,1.0,0.011191750612424526,0.484822314588387
2017-07-13,1.0,0.008975241126895125,0.4718850671242658
2017-07-14,1.0,0.01884949211621468,0.45300370867552575
2017-07-17,1.0,0.012558177598982203,0.47345813984172763
2017-07-18,1.0,0.011262607696881097,0.5033350761920138
2017-07-19,1.0,0.0012763243596046834,0.4832345764916489
2017-07-20,1.0,0.012323461504435602,0.468030281413465
2017-07-21,1.0,0.0052436608712749825,0.5398750407858542
2017-07-24,1.0,0.005770980849631082,0.5141866294598368
2017-07-25,1.0,0.00432588994712244,0.4811144655261557
2017-07-26,1.0,0.012854345547748421,0.46727341414370055
2017-07-27,0.0,-0.0025247984557334553,0.5153877413699904
2017-07-28,1.0,0.004318883805201073,0.47636601515206334
2017-07-31,0.0,-0.007581263748062782,0.4582636929674173
2017-08-01,0.0,-0.008307795660886002,0.37560983888652405
2017-08-02,0.0,-0.005411268615536545,0.4143400151446492
2017-08-03,1.0,0.005582079858761502,0.41864508602799094
2017-08-04,1.0,0.005015235301691156,0.3976835097719711
2017-08-07,1.0,0.013676657306524433,0.3975045380491616
2017-08-08,1.0,0.007768081696179391,0.35868068452737467
2017-08-09,1.0,0.0018070116951708385,0.4390629817302597
2017-08-10,1.0,0.005372505759224688,0.44936816667545526
2017-08-11,1.0,0.002319979625382299,0.5403264400348938
2017-08-14,0.0,-0.0001787469841206018,0.481536606971888
2017-08-15,1.0,0.004488740816346203,0.4746972786457239
2017-08-16,1.0,0.00791228727725642,0.40998673498790145
2017-08-17,0.0,-0.0025035778455922033,0.511945021407958
2017-08-18,0.0,-0.005182747728308389,0.4707569250834934
2017-08-21,1.0,0.00267785574643194,0.5000059035665918
2017-08-22,1.0,0.016699624183665676,0.46836080234455985
2017-08-23,1.0,0.004289550813312176,0.4527285142556976
2017-08-24,1.0,0.002324958572097601,0.4543404031038899
2017-08-25,1.0,0.00980662223013737,0.42463950665014666
2017-08-28,1.0,0.013282759708654364,0.5480322408919474
2017-08-29,0.0,-0.0005286809533662643,0.5930957645557724
2017-08-30,1.0,0.013287466290460657,0.5694079188066861
2017-08-31,1.0,0.011191163961261298,0.4729265582149091
2017-09-01,1.0,0.0067197423502257875,0.570171851458813
2017-09-04,0.0,-0.006353710043913339,0.6278440586826749
2017-09-05,0.0,-0.009030605860089882,0.5469842697007222
2017-09-06,0.0,-0.009193841280397222,0.5508988797770338
2017-09-07,0.0,-0.0067352257444583665,0.5063607278073549
2017-09-08,0.0,-0.004415798043534565,0.5538338892085275
2017-09-11,0.0,-0.009070760281718273,0.539934782218511
2017-09-12,0.0,-0.004635415681105443,0.43335291022076544
2017-09-13,0.0,-0.005164288923903701,0.4543075146149641
2017-09-14,0.0,-0.013067401551721388,0.5060126708657854
2017-09-15,0.0,-0.016060302371792668,0.484828272828592
2017-09-18,0.0,-0.008072516704719196,0.4456158965262461
2017-09-19,1.0,0.0071225372331990295,0.43893631260139604
2017-09-20,0.0,-0.0030397877676239366,0.40468113980196435
2017-09-21,1.0,0.0007204611262646558,0.465751706750812
2017-09-22,1.0,0.003412053233964805,0.44458100401485245
2017-09-25,0.0,-0.003066657043903273,0.4277339026359865
2017-09-26,0.0,-0.018444430120461174,0.5823673890121639
2017-09-27,0.0,-0.011165251952108499,0.4985988003532186
2017-09-28,0.0,-0.002162942443821004,0.46800856505033905
2017-09-29,0.0,-0.0061140273176950415,0.4460822063759888
2017-10-09,1.0,0.0070213628991561495,0.3890883101221139
2017-10-10,1.0,0.0021664568863577673,0.4588556463711028
2017-10-11,1.0,0.0001810774110875857,0.42009247090242063
2017-10-12,0.0,-0.005065133839181828,0.4243879038444166
2017-10-13,0.0,-0.004157258585694415,0.4047017809686001
2017-10-16,0.0,-0.013728539316702535,0.44050225293956596
2017-10-17,0.0,-0.005243660871274958,0.3711046410301938
2017-10-18,0.0,-0.005810802622314844,0.32130063413990073
2017-10-19,1.0,0.00036264732945044594,0.35747871210461124
2017-10-20,0.0,-0.007636400745628972,0.4048067333485091
2017-10-23,0.0,-0.002184997227642311,0.34966380669050806
2017-10-24,0.0,-0.004724704409616153,0.3316532403481571
2017-10-25,0.0,-0.002370317455849265,0.33360279430276285
2017-10-26,0.0,-0.0065478589711312485,0.38312431644818984
2017-10-27,1.0,0.0001824984036455871,0.33655235060105837
2017-10-30,0.0,-0.0032864736537085246,0.3639103599766194
2017-10-31,1.0,0.0009103323341453856,0.44218031238214955
2017-11-01,1.0,0.0032804840791619007,0.4110092980351321
2017-11-02,1.0,0.006366551745541688,0.41735291817183323
2017-11-03,1.0,0.024692612590371633,0.45959002148587197
2017-11-06,1.0,0.02260289697774788,0.4209311689358675
2017-11-07,1.0,0.01642487966740033,0.44163321977436737
2017-11-08,1.0,0.018031501883186477,0.39904541179729586
2017-11-09,1.0,0.012254613622757557,0.45372494995480456
2017-11-10,0.0,-0.002674036712378866,0.470821689988421
2017-11-13,1.0,0.007126344073125918,0.42043674566212563
2017-11-14,1.0,0.0021459235702766762,0.3932201039698771
2017-11-15,1.0,0.0005359535635213031,0.4824903770919078
2017-11-16,1.0,0.0033974105096935365,0.47197106790025245
2017-11-17,1.0,0.0012487736882830281,0.4838849735228942
2017-11-20,0.0,-0.004269709386376979,0.5707797527683712
2017-11-21,1.0,0.005877655179219809,0.5348240780307655
2017-11-22,1.0,0.006409137124983451,0.5404221903642269
2017-11-23,0.0,-0.0019655147934085513,0.564596389644824
2017-11-24,0.0,-0.00967402743460652,0.5045172593076994
2017-11-27,0.0,-0.010394358818175554,0.46371506141911756
2017-11-28,0.0,-0.013768657387873789,0.5518786603738984
2017-11-29,0.0,-0.02043814418983199,0.5128084719356397
2017-11-30,0.0,-0.01950576562259697,0.5069301073615456
2017-12-01,0.0,-0.019633424690055818,0.4655496134174515
2017-12-04,0.0,-0.018179013625880383,0.4993191048579518
2017-12-05,0.0,-0.021107042674328877,0.3723663074387399
2017-12-06,0.0,-0.015331565138123901,0.42939562021654604
2017-12-07,1.0,0.0003646973052822514,0.369859479394475
2017-12-08,1.0,0.0069520953256561446,0.4549947818885451
2017-12-11,1.0,0.006764812341440089,0.4550670769399015
2017-12-12,1.0,0.013334748690819546,0.4127391485019058
2017-12-13,1.0,0.011338819361893973,0.44123118746147794
2017-12-14,1.0,0.0016394939458885044,0.525803238754784
2017-12-15,1.0,0.002367296015860357,0.4972352460460949
2017-12-18,1.0,0.007985523378927944,0.5093872740178665
2017-12-19,1.0,0.00344172063314503,0.536426241987219
2017-12-20,1.0,0.007969612911989924,0.47452335002790125
2017-12-21,1.0,0.01212136053234482,0.4501262167727563
2017-12-22,1.0,0.01049403514904345,0.44722506176479215
2017-12-25,1.0,0.010072027592203502,0.49092077351624197
2017-12-26,1.0,0.013828001607292115,0.4046135068957931
2017-12-27,1.0,0.006652905955551951,0.47321000273999947
2017-12-28,1.0,0.006452791703795633,0.4613773221844152
2017-12-29,1.0,0.008602203582663068,0.45633998792571506
2018-01-02,1.0,0.004107515374119589,0.44794506298185177
2018-01-03,0.0,-0.0014278067747794017,0.5604042069294208
2018-01-04,1.0,0.0066089371570762084,0.5372513948418891
2018-01-05,1.0,0.006056306363258869,0.5428033716300616
2018-01-08,1.0,0.006580726283078563,0.5164739433165667
2018-01-09,1.0,0.00391320314374195,0.5068884748039062
2018-01-10,1.0,0.0030316563567537843,0.47405369560527244
2018-01-11,0.0,-0.005713281029131684,0.450651085843779
2018-01-12,0.0,-0.011430737071110711,0.4869610089236431
2018-01-15,0.0,-0.0126663008186464,0.5610443341885641
2018-01-16,0.0,-0.008020718517861548,0.46342084133493944
2018-01-17,0.0,-0.0003561887838192833,0.5279018678231501
2018-01-18,1.0,0.008912714970575488,0.5318021636845927
2018-01-19,1.0,0.00573170116538535,0.5035083985210675
2018-01-22,1.0,0.0007178751205637172,0.426327774592186
2018-01-23,0.0,-0.010976268543589372,0.4593157514740071
2018-01-24,0.0,-0.014714064137178805,0.48488361788269835
2018-01-25,0.0,-0.02043814418983199,0.5568191193506562
2018-01-26,0.0,-0.01276192390138747,0.5126246570038562
2018-01-29,0.0,-0.017007828099832246,0.4275660688232578
2018-01-30,0.0,-0.001267312562122038,0.4588650719061477
2018-01-31,0.0,-0.01566801955094394,0.42378445969621376
2018-02-01,0.0,-0.015883492297751677,0.39311824298513875
2018-02-02,0.0,-0.012194163295351999,0.39033139508726095
2018-02-05,0.0,-0.004022678673777527,0.46409706625318586
2018-02-06,0.0,-0.006360766561810347,0.49742030974132395
2018-02-07,1.0,0.01385871925639478,0.44581539442055695
2018-02-08,1.0,0.0071514011576250865,0.40514935372630423
2018-02-09,1.0,0.005660564735708013,0.4120477766896575
2018-02-12,1.0,0.010751812004147165,0.4098229137161074
2018-02-13,1.0,0.0005467966963903684,0.3754562895175656
2018-02-14,0.0,-0.014777246004174386,0.38423113362660344
2018-02-22,0.0,-0.007151401157625016,0.24572533688336037
2018-02-23,0.0,-0.00694320348232801,0.27649389592836326
2018-02-26,0.0,-0.008007322128512838,0.3131998956859658
2018-02-27,0.0,-0.004016802917707744,0.35314549659125344
2018-02-28,1.0,0.008965388017650941,0.4763666030270437
2018-03-01,1.0,0.008429589955768238,0.40074835935433656
2018-03-02,0.0,-0.0005502063412528352,0.4076675850238675
2018-03-05,0.0,-0.004211303486628348,0.41889988591511795
2018-03-06,0.0,-0.003665693254308462,0.3011757132782862
2018-03-07,0.0,-0.006395636236405092,0.415743789682468
2018-03-08,0.0,-0.00548949228477148,0.39461246360395585
2018-03-09,0.0,-0.004412583000876022,0.3986878878615393
2018-03-12,0.0,-0.009031487064398542,0.4225617121805152
2018-03-13,0.0,-0.0040478436134735295,0.38216345916820255
2018-03-14,0.0,-0.005883451426110591,0.3985960123056291
2018-03-15,1.0,0.00366300775873702,0.2856944942335863
2018-03-16,1.0,0.01880132045297568,0.28774567826443326
2018-03-19,1.0,0.02233706930829636,0.3073703008542955
2018-03-20,1.0,0.016819409292961086,0.3009509033775411
2018-03-21,1.0,0.01118559384114432,0.3384311686831558
2018-03-22,0.0,-0.008998316155688626,0.4952392766823583
2018-03-23,0.0,-0.018064536481535127,0.5225226073324138
2018-03-26,0.0,-0.016061670345877695,0.5615231071294468
2018-03-27,0.0,-0.007460684228490951,0.4853236065065093
2018-03-28,0.0,-0.00292184283836486,0.5024980680707558
2018-03-29,1.0,0.0055187778039425895,0.48306305026746443
2018-03-30,1.0,0.004226005370688415,0.46381667534780774
2018-04-02,1.0,0.00933987194223878,0.4111012364534644
2018-04-03,1.0,0.005282824928477902,0.5042328421990108
2018-04-04,0.0,-0.0009148294481225024,0.4440000932049859
2018-04-09,1.0,0.006218015645049601,0.40400749972859556
2018-04-10,1.0,0.007125269937086526,0.40894305452421
2018-04-11,1.0,0.0007288630060276624,0.46171977077525544
2018-04-12,0.0,0.0,0.5809572102262119
2018-04-13,1.0,0.002559416388003905,0.5636513947611077
2018-04-16,0.0,-0.006218015645049661,0.5786160851524736
2018-04-17,0.0,-0.010247116196699567,0.501783753503549
2018-04-18,0.0,-0.010620865265044152,0.5396321417870779
2018-04-19,0.0,-0.012063754420763616,0.4822301291594675
2018-04-20,0.0,-0.009908337942660885,0.4853264596701692
2018-04-23,0.0,-0.007919739341481023,0.44666248316006985
2018-04-24,1.0,0.008424958258127542,0.4510461402809431
2018-04-25,1.0,0.009892002259016451,0.4431927452968915
2018-04-26,1.0,0.011882051867342699,0.4338418673480865
2018-04-27,1.0,0.013917089666754048,0.4812037476670579
2018-05-02,1.0,0.015413149165061864,0.3613254755396459
2018-05-03,1.0,0.002368158498136858,0.4188621858246527
2018-05-04,1.0,0.0032757081156309883,0.46309293194403345
2018-05-07,0.0,0.0,0.46079119262660256
2018-05-08,0.0,-0.004191350099475067,0.4625962345782123
2018-05-09,0.0,-0.012274588479201478,0.5305536872466238
2018-05-10,0.0,-0.01817731128354239,0.519311049977829
2018-05-11,0.0,-0.017965652776786623,0.528811252989213
2018-05-14,0.0,-0.02074801315671587,0.4415759792798534
2018-05-15,0.0,-0.013050456335030904,0.44696005428238605
2018-05-16,0.0,-0.0027688065681331494,0.44685205415700513
2018-05-17,1.0,0.008854512748418019,0.3960344226556994
2018-05-18,1.0,0.011951967227432999,0.3509998503614704
2018-05-21,1.0,0.010519613480631735,0.41090342982223915
2018-05-22,1.0,0.011039670537330308,0.3861103932443673
2018-05-23,1.0,0.013403303563521228,0.3868897111893339
2018-05-24,1.0,0.008230499136515444,0.41636274016884484
2018-05-25,1.0,0.0010960907198954326,0.4522503606300335
2018-05-28,1.0,0.00018357044567365207,0.37095436291096356
2018-05-29,0.0,-0.00495277541822295,0.3405210843883634
2018-05-30,0.0,-0.006403827574700139,0.4589080930971248
2018-05-31,0.0,-0.008597876069376419,0.4981333682925427
2018-06-01,0.0,-0.00641086544052972,0.48496362980489766
2018-06-04,1.0,0.001100715576185493,0.43969294557331795
2018-06-05,1.0,0.0018372226369323791,0.46946561754656274
2018-06-06,0.0,-0.0011019284861565328,0.4982213593257355
2018-06-07,1.0,0.004399640460799408,0.4605133224884758
2018-06-08,1.0,0.005680271800726444,0.4465189571508855
2018-06-11,0.0,-0.00477854245077412,0.4520203418241026
2018-06-12,0.0,-0.00810914874925877,0.44824075652943474
2018-06-13,0.0,-0.009786801409695076,0.3636377169803209
2018-06-14,0.0,-0.01029610125226401,0.3932284122193081
2018-06-15,0.0,-0.009177744302857456,0.40259869759406985
2018-06-19,0.0,-0.000552842546099391,0.4388740394055358
2018-06-20,1.0,0.005167970158442598,0.4560521229504236
2018-06-21,1.0,0.005366904711543602,0.4070055090529398
2018-06-22,1.0,0.0031368233120243456,0.38663189144864035
2018-06-25,1.0,0.0034974725021311723,0.525515713337208
2018-06-26,1.0,0.002393446783755637,0.47865052789128165
2018-06-27,1.0,0.0038585256875292785,0.482966993483575
2018-06-28,1.0,0.006805875622130774,0.50372489739479
2018-06-29,1.0,0.006793379655879358,0.5139051254943895
2018-07-02,1.0,0.003668382690458638,0.535647352750871
2018-07-03,1.0,0.0003677146575723102,0.5650390491579647
2018-07-04,1.0,0.0007332722601704517,0.6252201249876375
2018-07-05,0.0,-0.003121273074755294,0.6003100847473445
2018-07-06,0.0,-0.005688610624345941,0.6019339968249965
2018-07-09,0.0,-0.0038521555477249764,0.5648451658205776
2018-07-10,0.0,-0.0016557818151429742,0.5905088375059032
2018-07-11,0.0,-0.014024957696812388,0.5723871649146908
2018-07-12,0.0,-0.005901898356023006,0.5411996075883387
2018-07-13,0.0,-0.0038720431893151976,0.5268518003665981
2018-07-16,0.0,-0.0005515212935094403,0.5149265763769936
2018-07-17,1.0,0.0005522319514477358,0.49313724133229797
2018-07-18,1.0,0.009801280496873356,0.516380426491985
2018-07-19,1.0,0.0066371925067987645,0.4961780685777801
2018-07-20,1.0,0.0031356661310032613,0.5084728703295508
2018-07-23,0.0,-0.0012880671575706,0.5363202003587612
2018-07-24,0.0,-0.00018404343476997284,0.5202600175816476
2018-07-25,0.0,-0.0009205560808419459,0.4913322664307981
2018-07-26,0.0,-0.004973759908100704,0.5338535835530613
2018-07-27,0.0,-0.004799713847891657,0.5586204294535888
2018-07-30,0.0,-0.004798827961536664,0.5333490284433033
2018-07-31,0.0,-0.005722212198962036,0.5447682936020697
2018-08-01,0.0,-0.007209570002408252,0.5739118698100817
2018-08-02,0.0,-0.004441983983422257,0.4932835440053733
2018-08-03,0.0,-0.002965161549834867,0.5050294408320992
2018-08-06,0.0,-0.0005551957207476928,0.5403201052457475
2018-08-07,0.0,-0.00911210395917972,0.4703720620496349
2018-08-08,0.0,-0.007822725681209156,0.4807381827733588
2018-08-09,0.0,-0.020804798751361566,0.485270814290341
2018-08-10,0.0,-0.02252347466708299,0.47738201321497487
2018-08-13,0.0,-0.018496557215431107,0.509479779795119
2018-08-14,0.0,-0.0048689234763819225,0.5034491645714763
2018-08-15,0.0,-0.0043099476442078856,0.4517334276391748
2018-08-16,1.0,0.008298802814695064,0.49847310559102886
2018-08-17,1.0,0.010949703510706071,0.4909738114212823
2018-08-20,1.0,0.008636929394120068,0.4784733084773943
2018-08-21,1.0,0.007294524068570249,0.49597199526635866
2018-08-22,1.0,0.003000189762144474,0.5021614095967885
2018-08-23,1.0,0.0046847270162477875,0.4847909459847167
2018-08-24,1.0,0.005616940437185494,0.4818546258255473
2018-08-27,0.0,-0.0031832252326507173,0.5515072264543126
2018-08-28,0.0,-0.010114339829299662,0.4956635271524984
2018-08-29,0.0,-0.005444489183500487,0.49995913020202665
2018-08-30,0.0,-0.003933694311025083,0.5128907016019862
2018-08-31,0.0,-0.0022429915945815218,0.5917467806276231
2018-09-03,0.0,-0.0013136907209734716,0.5186169043633522
2018-09-04,1.0,0.005257240797970698,0.4954591600395908
2018-09-05,1.0,0.004507896439189922,0.5141327950222403
2018-09-06,1.0,0.006361106575679714,0.5066254504784707
2018-09-07,1.0,0.005411975512339868,0.5573742341751842
2018-09-10,1.0,0.0041229443711056826,0.5079869593307257
2018-09-11,1.0,0.002431498439140624,0.4467602402410012
2018-09-12,1.0,0.0043010818993904805,0.5173578072921934
2018-09-13,1.0,0.000372925605664429,0.5129805678324564
2018-09-14,1.0,0.0014878187605983624,0.548033752317358
2018-09-17,1.0,0.002241734546118518,0.5143185810704363
2018-09-18,1.0,0.002611941783447627,0.5377442065309234
2018-09-19,0.0,-0.002054731273016467,0.47855962830098475
2018-09-20,0.0,-0.012380574569554204,0.47748272511246953
2018-09-21,0.0,-0.0014878187605982896,0.520904167638584
2018-09-25,0.0,-0.00018661939029627982,0.37030892957983813
2018-09-26,0.0,-0.0016783220722749956,0.4286532726719828
2018-09-27,1.0,0.007637179711663022,0.4271981739011184
2018-09-28,1.0,0.029569797354217074,0.4293001845927999
2018-10-08,1.0,0.02463359853366016,0.4614573707753607
2018-10-09,1.0,0.027065999052226307,0.5062023844411625
2018-10-10,1.0,0.02433748439902244,0.43697877038803434
2018-10-11,1.0,0.01947874890422504,0.46862441914376035
2018-10-12,1.0,0.011659815097812677,0.6015384990632245
2018-10-15,1.0,0.0018142240099493928,0.5747401335569935
2018-10-16,1.0,0.006157208876323432,0.578537709664534
2018-10-17,1.0,0.0096076149162283,0.5554206071595013
2018-10-18,1.0,0.013556466083608028,0.5477934438811323
2018-10-19,1.0,0.008117659801791395,0.5314529000686486
2018-10-22,1.0,0.007224160007490497,0.5296726866220713
2018-10-23,1.0,0.001082641751363522,0.501476258070909
2018-10-24,0.0,-0.008151480694613664,0.5368103297257231
2018-10-25,0.0,-0.011556647218777005,0.5199768631621623
2018-10-26,0.0,-0.010475082237290706,0.48622487240373186
2018-10-29,0.0,-0.0081308605864268,0.5249623529965464
2018-10-30,0.0,-0.005062386512036519,0.4999481847065064
2018-10-31,1.0,0.0036310860520403485,0.4907923610904295
2018-11-01,1.0,0.014783034674299702,0.45263660059543753
2018-11-02,1.0,0.011911348193348157,0.486882923199503
2018-11-05,1.0,0.0034410973011834664,0.4706111767855833
2018-11-06,0.0,-0.001451115799714389,0.45593841461878554
2018-11-07,0.0,-0.0014508526302711112,0.4521019843124445
2018-11-08,0.0,-0.008446451509502666,0.45757922763022396
2018-11-09,0.0,-0.004315001301413236,0.32406186042041646
2018-11-12,1.0,0.006128353714967155,0.4190644977654873
2018-11-13,1.0,0.01388034903240552,0.39408501555872183
2018-11-14,1.0,0.012624153228396407,0.4298891901112807
2018-11-15,1.0,0.009340825954238133,0.48129254723753906
2018-11-16,1.0,0.0077178880811076996,0.5056482689182288
2018-11-19,1.0,0.004482302439499606,0.5472730697475651
2018-11-20,0.0,-0.0014331783176879036,0.5332592538610459
2018-11-21,0.0,-0.0052106846851953425,0.5078973760567732
2018-11-22,0.0,-0.00035765379494258164,0.45934036174627113
2018-11-23,0.0,-0.0007154355518897722,0.4182480394391997
2018-11-26,0.0,-0.004122977965637027,0.43019170439800675
2018-11-27,0.0,-0.0019739800039263295,0.4291525967801144
2018-11-28,1.0,0.004852197497272825,0.46149724326353303
2018-11-29,1.0,0.001251229048753436,0.44031672568189845
2018-11-30,1.0,0.0028586762365620765,0.3286707174117532
2018-12-03,1.0,0.016920877488337177,0.3507912375505413
2018-12-04,1.0,0.015330068491782882,0.3389895813025246
2018-12-05,1.0,0.00821286530306656,0.31817809058795865
2018-12-06,1.0,0.0032102756302484106,0.403749900072924
2018-12-07,1.0,0.000356760617412212,0.3892206645761786
2018-12-10,0.0,-0.010296558214947439,0.4216457467042666
2018-12-11,0.0,-0.002656985001232966,0.35421868369976767
2018-12-12,1.0,0.0047893661393425754,0.3654182483436246
2018-12-13,1.0,0.0047961722634930135,0.3542657124716927
2018-12-14,1.0,0.015748356968139112,0.3673453344569436
2018-12-17,1.0,0.01856324850736159,0.3622823324703833
2018-12-18,1.0,0.018278189006951648,0.37538445838636525
2018-12-19,1.0,0.017367334161552755,0.3525688894054084
2018-12-20,1.0,0.014601367688920475,0.4146048664693594
2018-12-21,1.0,0.010652331583997964,0.42223681493072357
2018-12-24,1.0,0.00993472223408838,0.3860286844749341
2018-12-25,1.0,0.012461220437811815,0.3881402047212437
2018-12-26,1.0,0.010552818283709568,0.3425898992066471
2018-12-27,1.0,0.008174669402873171,0.43973417463738357
2018-12-28,0.0,-0.002086594392953589,0.3976487855964425
2019-01-02,0.0,-0.007310737522006064,0.30900334798300083
2019-01-03,0.0,-0.013158084577511199,0.3561455498712121
2019-01-04,0.0,-0.019461952240106068,0.3909711857362021
2019-01-07,0.0,-0.012550278029351573,0.426418561875556
2019-01-08,0.0,-0.010322898071910933,0.3749874162307199
2019-01-09,0.0,-0.005606181466598376,0.4269203301005077
2019-01-10,0.0,-0.0062937270686926105,0.4503342717688063
2019-01-11,1.0,0.00035087719658232375,0.4075879537599308
2019-01-14,0.0,-0.006511241658026251,0.39714136787812715
2019-01-15,0.0,-0.0037001187488384674,0.368784763054914
2019-01-16,0.0,-0.0035198909977795694,0.35098210358199977
2019-01-17,0.0,-0.006333589082155513,0.32888227392531705
2019-01-18,0.0,-0.007571125170069493,0.3525649209464535
2019-01-21,1.0,0.008438868645864824,0.35883885932582454
2019-01-22,1.0,0.01175761548595575,0.3670577106891581
2019-01-23,1.0,0.013831963501790657,0.36505596039387483
2019-01-24,1.0,0.015933104285347815,0.37876677843949996
2019-01-25,1.0,0.022025011977088244,0.4121730398767436
2019-01-28,1.0,0.010969031370573937,0.4577961456063812
2019-01-29,1.0,0.007820006833203077,0.43054024107523553
2019-01-30,1.0,0.0024314009894051995,0.4467473117964628
2019-01-31,0.0,-0.0008688852749270311,0.46781956900087
2019-02-01,1.0,0.0013821702269518957,0.4150870534713223
2019-02-11,1.0,0.007590169266675653,0.3605033464129421
2019-02-12,1.0,0.00861777136180872,0.4028678116889866
2019-02-13,1.0,0.01753827622270064,0.40734745505697756
2019-02-14,1.0,0.013469379943655414,0.4781730265913872
2019-02-15,0.0,0.0,0.4676636073450661
2019-02-18,0.0,-0.005687219120589464,0.4589969219278284
2019-02-19,0.0,-0.008098605476651144,0.4169453415315927
2019-02-20,0.0,-0.0161515538649265,0.46104849726243735
2019-02-21,0.0,-0.016080574742666956,0.45708865572080853
2019-02-22,0.0,-0.013033462801581006,0.49325823007168
2019-02-25,0.0,-0.026266612517509516,0.4335300321753915
2019-02-26,0.0,-0.028784015960776097,0.38976554593815776
2019-02-27,0.0,-0.022067445388096695,0.3562259496858793
2019-02-28,0.0,-0.02096069693768223,0.36249658103892685
2019-03-01,0.0,-0.008078723249943316,0.38589711057141296
2019-03-04,1.0,0.010414002862711642,0.37852128259701073
2019-03-05,1.0,0.012035543511344093,0.3540397440608066
2019-03-06,1.0,0.011619849051625736,0.3390278431279484
2019-03-07,1.0,0.014841261808428425,0.3829430737656731
2019-03-08,1.0,0.004749767043825427,0.39761475416665465
2019-03-11,1.0,0.001579086212849282,0.40966534315924386
2019-03-12,1.0,0.006138754698324842,0.39804021068916173
2019-03-13,0.0,-0.0003501400595995181,0.39257206949275114
2019-03-14,1.0,0.008034977726298059,0.42145316556286966
2019-03-15,1.0,0.005076597336003843,0.49587418627054025
2019-03-18,1.0,0.00994338763825142,0.47343581536277357
2019-03-19,1.0,0.008184634283031456,0.46375916052026656
2019-03-20,1.0,0.009411014038296537,0.4258969071596277
2019-03-21,1.0,0.00017395842437543913,0.4367051232657644
2019-03-22,0.0,-0.015307767901752813,0.4370973578925141
2019-03-25,0.0,-0.020872458170441442,0.3981023130941083
2019-03-26,0.0,-0.021562760229207518,0.4078933471599163
2019-03-27,0.0,-0.018734680841646947,0.36268595375914764
2019-03-28,0.0,-0.015778728480767043,0.4117855406927888
2019-03-29,1.0,0.007595196805016935,0.45191436298835397
2019-04-01,1.0,0.00812007992113508,0.3783752119589671
2019-04-02,1.0,0.01285342108061809,0.319432196162487
2019-04-03,1.0,0.011422670547589822,0.3339287779706732
2019-04-04,1.0,0.0012362032479380151,0.3288579155498088
2019-04-08,0.0,-0.008482114823244728,0.2426793766681915
2019-04-09,0.0,-0.010249250349340707,0.3110255090057916
2019-04-10,0.0,-0.020502662326517488,0.27426760966396724
2019-04-11,0.0,-0.028175869365768737,0.2973954998314479
2019-04-12,0.0,-0.013504114241317007,0.36973390369890435
2019-04-15,0.0,-0.005159694749143062,0.37160934712076543
2019-04-16,0.0,-0.008920665758379489,0.32713076139266495
2019-04-17,0.0,-0.00411560033368679,0.37028322988821943
2019-04-18,1.0,0.007876875671092347,0.31752360550476144
2019-04-19,1.0,0.006952519314881663,0.30985422587496664
2019-04-22,1.0,0.003561257325068613,0.2822438589122222
2019-04-23,1.0,0.009098269879262011,0.30813131493520535
2019-04-24,1.0,0.026191552032886548,0.35121192077620794
2019-04-25,1.0,0.018725154076292383,0.3513310572339093
2019-04-26,1.0,0.020049915400269958,0.37096681853799474
2019-04-29,1.0,0.02075712167825779,0.38054589901914254
2019-04-30,1.0,0.020042865028237555,0.3348863636754272
2019-05-06,1.0,0.01025293541616014,0.22712428053556952
2019-05-07,1.0,0.024376693241099347,0.2667148612868337
2019-05-08,1.0,0.014177277569604803,0.26835707023611144
2019-05-09,1.0,0.017772877447610618,0.2668114079773806
2019-05-10,1.0,0.015372960144810668,0.3280593750624564
2019-05-13,1.0,0.0006913239127738626,0.373463467255396
2019-05-14,0.0,-0.012373417873599551,0.45153411533522575
2019-05-15,0.0,-0.00810139740772085,0.4101554595130645
2019-05-16,0.0,-0.01031468660183168,0.35971112754999285
2019-05-17,0.0,-0.0020590261220980724,0.3466102857083091
2019-05-20,1.0,0.006372190682526943,0.3562187140505296
2019-05-21,1.0,0.006377682567265306,0.3335118576039712
2019-05-22,1.0,0.008787857019369351,0.3120732369356385
2019-05-23,1.0,0.002588663107510564,0.29139756332166533
2019-05-24,1.0,0.00804041625276574,0.32965828025903293
2019-05-27,1.0,0.01853952241686573,0.23012123338482454
2019-05-28,1.0,0.02962552673613101,0.19120781817124277
2019-05-29,1.0,0.03456468167345668,0.23122379651478797
2019-05-30,1.0,0.039207455037656984,0.2369381171640155
2019-05-31,1.0,0.024904534662017468,0.2613428740861429
2019-06-03,1.0,0.009559821233157885,0.3953391390745574
2019-06-04,1.0,0.009463007446632074,0.4010810652434233
2019-06-05,1.0,0.004959507603201221,0.3954728060350282
2019-06-06,1.0,0.01985461889954758,0.3869478295580904
2019-06-10,1.0,0.010744793016958168,0.2811778158652557
2019-06-11,1.0,0.02179382939402951,0.3026124895827993
2019-06-12,1.0,0.0056022555486697516,0.37886729098470245
2019-06-13,1.0,0.02620379401070084,0.35295582864951475
2019-06-14,1.0,0.018830523411689882,0.3632026562344344
2019-06-17,1.0,0.03775250713822271,0.38242498151524507
2019-06-18,1.0,0.04985505663431946,0.30263365872262055
2019-06-19,1.0,0.03899317899057329,0.45907365327833727
2019-06-20,1.0,0.01387914119280197,0.410131595961443
2019-06-21,1.0,0.010310187293273279,0.4330748545011892
2019-06-24,0.0,-0.022253379679633558,0.3677483874742468
2019-06-25,0.0,-0.03076680317823089,0.3835948553254309
2019-06-26,1.0,0.014745365201969549,0.3800719895494008
2019-06-27,1.0,0.006474558740822824,0.3929208165769557
2019-06-28,1.0,0.0036229070106508156,0.3785853642184202
2019-07-01,1.0,0.023993473450985063,0.35217564643953836
2019-07-02,1.0,0.004476426339925544,0.33800917177810386
2019-07-03,0.0,-0.024910636978820275,0.36814795891011615
2019-07-04,1.0,0.004240955072302487,0.351557620422415
2019-07-05,0.0,-0.004254319817737554,0.3005182568303914
2019-07-08,1.0,0.004415714476670131,0.27004894897724424
2019-07-09,1.0,0.013625052349585987,0.32733636171506386
2019-07-10,1.0,0.008267137704893823,0.3785280621376871
2019-07-11,1.0,0.0003134304993532444,0.33511206910181723
2019-07-12,1.0,0.020783621768948202,0.3691782472083724
2019-07-15,1.0,0.009085275525308413,0.39454991967831804
2019-07-16,1.0,0.002985311353727242,0.3796576241098225
2019-07-17,1.0,0.012117545391193947,0.3622089237040596
2019-07-18,1.0,0.003753523330914524,0.46187940556639856
2019-07-19,0.0,-0.013076151447189568,0.4080265286241498
2019-07-22,0.0,-0.0032799717027521312,0.4336350140338846
2019-07-23,1.0,0.006723502773233597,0.44186509334278234
2019-07-24,1.0,0.008100994606561024,0.41074477809899024
2019-07-25,0.0,-0.011618909168200669,0.37639912886079274
2019-07-26,1.0,0.016010289912355452,0.40141186125096867
2019-07-29,1.0,0.04407077908458075,0.41327464103848816
2019-07-30,1.0,0.044797252407723996,0.4201625926531235
2019-07-31,1.0,0.05889812886219374,0.46047815466726205
2019-08-01,1.0,0.08401943454379554,0.46583993262080853
2019-08-02,1.0,0.06463489274656965,0.45540822388854774
2019-08-05,1.0,0.030227144632063708,0.4266787793581439
2019-08-06,1.0,0.04871210874294364,0.46531776815299053
2019-08-07,1.0,0.0033588932638397174,0.3773403380714417
2019-08-08,1.0,0.008818271816297114,0.38259408665305233
2019-08-09,1.0,0.005334114860429395,0.3129886406202953
2019-08-12,1.0,0.0062260390795157924,0.38319015575702625
2019-08-13,0.0,-0.02166356867378082,0.2897192921302274
2019-08-14,1.0,0.0069737315896515415,0.344110231600907
2019-08-15,0.0,-0.0027383457336142376,0.2949728327807316
2019-08-16,0.0,-0.004322773302004027,0.27146890173868865
2019-08-19,1.0,0.03363689002000112,0.2298065319756247
2019-08-20,1.0,0.03966686786482566,0.25127616541098874
2019-08-21,1.0,0.0383460783410989,0.21048299210244165
2019-08-22,1.0,0.04611321016759134,0.18345330961398346
2019-08-23,1.0,0.02973403486329761,0.19719660910169662
2019-08-26,0.0,-0.006862291476546462,0.2132976050586914
2019-08-27,0.0,-0.003490892325376045,0.1925015075075072
2019-08-28,1.0,0.0004179146121978546,0.2386315507588263
2019-08-29,0.0,-0.005250806592238695,0.197071837528206
2019-08-30,0.0,-0.021250268399398666,0.24867884649204297
2019-09-02,0.0,-0.01472280274460061,0.36353811510417544
2019-09-03,0.0,-0.03588595233556053,0.31233533581281725
2019-09-04,0.0,-0.03702813254345878,0.3956672550212499
2019-09-05,0.0,-0.04172870452470846,0.31057201678292595
2019-09-06,0.0,-0.008483766463898854,0.4052803287698585
2019-09-09,0.0,-0.016246493495016515,0.33088685047446714
2019-09-10,1.0,0.0047732787526575905,0.3798321500580681
2019-09-11,1.0,0.00014451911290421169,0.3429666064107428
2019-09-12,1.0,0.0015876455669433284,0.32845856506152454
2019-09-16,1.0,0.011628872701892995,0.33113173217579484
2019-09-17,1.0,0.020373731973024514,0.4244537684203224
2019-09-18,1.0,0.02099027589183583,0.3520700874137918
2019-09-19,1.0,0.010207837900269898,0.35921749584176976
2019-09-20,0.0,-0.001010028222363632,0.32776583119597813
2019-09-23,0.0,-0.015100596136830248,0.326768349897383
2019-09-24,0.0,-0.021679120511429013,0.3892578364337184
2019-09-25,0.0,-0.012369532847928872,0.421801539781653
2019-09-26,0.0,-0.005306573944178541,0.4889898162641842
2019-09-27,0.0,-0.0014446694220202898,0.551277795902859
2019-09-30,0.0,-0.012687009399690016,0.5201222341020635
2019-10-08,0.0,-0.008307269226926059,0.5396906842378982
2019-10-09,0.0,-0.02696988171210359,0.5999072020869908
2019-10-10,0.0,-0.01448461013325258,0.5691878144068944
2019-10-11,0.0,-0.011194417983988656,0.5353400079562067
2019-10-14,1.0,0.0030771509371380233,0.48311178965621787
2019-10-15,0.0,-0.0035185492978116457,0.4552963938083129
2019-10-16,1.0,0.0051308475823436134,0.4634854735942355
2019-10-17,0.0,-0.0035077498697183547,0.4785102629035146
2019-10-18,1.0,0.007718672269055714,0.5010812393391497
2019-10-21,1.0,0.008304848489770394,0.42675492455314945
2019-10-22,1.0,0.00132090721488167,0.440088399709081
2019-10-23,0.0,-0.004102569856777578,0.3987445595422118
2019-10-24,0.0,-0.0011719895862446407,0.4201375864345107
2019-10-25,0.0,-0.0017424136831718244,0.4575032886362547
2019-10-28,0.0,-0.002615140238041125,0.5185203439862166
2019-10-29,1.0,0.0014656312164827447,0.5799813865610859
2019-10-30,0.0,-0.011815231230605246,0.6103318238381803
2019-10-31,0.0,-0.00809482674636555,0.5455227587648409
2019-11-01,0.0,-0.03535086726578798,0.5170381975738477
2019-11-04,0.0,-0.03614137422987101,0.47838595453249255
2019-11-05,0.0,-0.03912698585279314,0.47808586401167125
2019-11-06,0.0,-0.0013379917256621456,0.49340211649477334
2019-11-07,0.0,-0.0038495753787866497,0.4529616025761139
2019-11-08,1.0,0.012270092591814183,0.47367395050679895
2019-11-11,1.0,0.014078411348597985,0.474812975244254
2019-11-12,1.0,0.03000525127911572,0.4953368779443623
2019-11-13,1.0,0.009033752661028394,0.39715243432845837
2019-11-14,1.0,0.005178675478451498,0.4111326819197216
2019-11-15,1.0,0.0050437727457288885,0.4017629871315926
2019-11-18,0.0,-0.002382371585406808,0.4030691851761601
2019-11-19,0.0,-0.00920570717873489,0.4310290653056832
2019-11-20,0.0,-0.009926742748647962,0.5070874871370847
2019-11-21,0.0,-0.011876624162579098,0.48631114278378973
2019-11-22,0.0,-0.006532089734255016,0.49319727560504545
2019-11-25,1.0,0.002382371585406846,0.521347091578545
2019-11-26,1.0,0.004910358798740917,0.5358176414851263
2019-11-27,1.0,0.021506205220963682,0.5255097006650722
2019-11-28,1.0,0.01996074256253815,0.5039346212902005
2019-11-29,1.0,0.010077145145603818,0.4517753539288417
2019-12-02,1.0,0.000743328659811729,0.4216834234987798
2019-12-03,0.0,-0.000267216937205662,0.39339339010378394
2019-12-04,0.0,-0.018057720918793516,0.41300640765041235
2019-12-05,0.0,-0.00767098061263261,0.3879561680303506
2019-12-06,0.0,-0.013299489502075617,0.38715939924481085
2019-12-09,1.0,0.005306153047545959,0.4518201899196772
2019-12-10,1.0,0.003852884052568551,0.4755970255311419
2019-12-11,1.0,0.0047961722634930135,0.6147111629739881
2019-12-12,0.0,-0.002658868888944107,0.5950494649300937
2019-12-13,1.0,0.013299489502075743,0.5913703687913558
2019-12-16,1.0,0.005660392471710355,0.5638779236703015
2019-12-17,1.0,0.010768293761386341,0.5481931086280017
2019-12-18,1.0,0.01524151669090708,0.5275802873634889
2019-12-19,1.0,0.01782620207686578,0.5273774727531232
2019-12-20,1.0,0.01811855526435366,0.5046070220134903
2019-12-23,1.0,0.015460767111555217,0.5153711485497474
2019-12-24,1.0,0.016715421108301824,0.4939143133874281
2019-12-25,1.0,0.007130258318051231,0.4926814186237759
2019-12-26,1.0,0.020251526304860608,0.4865348851760774
2019-12-27,1.0,0.0370686519758051,0.5376984706056456
2019-12-30,1.0,0.027071898841280407,0.49603115778689255
2019-12-31,1.0,0.037284029239986236,0.5000234758340403
2020-01-02,1.0,0.0051852394797616,0.49901967055124496
2020-01-03,0.0,-0.005310808245221758,0.49696126830197507
2020-01-06,0.0,-0.02520761932545328,0.47340306568503476
2020-01-07,0.0,-0.029274287583599113,0.48957724354783694
2020-01-08,0.0,-0.037111372337597585,0.43988509674349296
2020-01-09,0.0,-0.00022988505848374135,0.4290986737570989
2020-01-10,0.0,-0.004361055858863578,0.3539293237551596
2020-01-13,0.0,-0.0042445859298943555,0.3685348565635544
2020-01-14,1.0,0.019079942062417088,0.38962631733094705
2020-01-15,1.0,0.002241831192128916,0.37581373512363025
2020-01-16,1.0,0.007900653680256092,0.34405671801309773
2020-01-17,1.0,0.032587598165550416,0.34045911133835516
2020-01-20,1.0,0.023462319739156953,0.32883293169688443
2020-01-21,1.0,0.00816377344324945,0.3111980431712726
2020-01-22,1.0,0.011645296575787065,0.34324279716083267
2020-01-23,1.0,0.010155827551830258,0.35402080958251714
2020-02-03,0.0,-0.010463682745998938,0.27193450426491544
2020-02-04,0.0,-0.004501977215453662,0.27932048697774575
2020-02-05,0.0,-0.0006212758947117576,0.31872869805731946
2020-02-06,1.0,0.011623445200492247,0.3170904393220337
2020-02-07,1.0,0.006975333451695113,0.2991519719304785
2020-02-10,1.0,0.006559606398505923,0.3480864360546228
2020-02-11,1.0,0.014224353625163971,0.3830572581223585
2020-02-12,1.0,0.028021776083978205,0.3751548007498102
2020-02-13,1.0,0.023671384372121625,0.40383192801748424
2020-02-14,1.0,0.0415056556079028,0.3701336866337689
2020-02-17,1.0,0.05912784946577658,0.3375607865751362
2020-02-18,1.0,0.03297993791493528,0.3201354995244402
2020-02-19,1.0,0.02763205383188966,0.3628240376219336
2020-02-20,1.0,0.024995891275745172,0.3886354609080932
2020-02-21,0.0,-0.005176050807781174,0.3525624103348262
2020-02-24,0.0,-0.0498389098551586,0.3471754805323017
2020-02-25,0.0,-0.03136869218479455,0.38262838217282835
2020-02-26,0.0,-0.01540148914292751,0.35765045503911863
2020-02-27,0.0,-0.015291311786906599,0.34337230311788997
2020-02-28,1.0,0.016352936592632008,0.4472765039609415
2020-03-02,1.0,0.033161234154591684,0.5685886558059153
2020-03-03,1.0,0.022994565072059357,0.4903276256867982
2020-03-04,1.0,0.007245624864237689,0.5149637184157042
2020-03-05,0.0,-0.003696259032443177,0.4493637480594353
2020-03-06,0.0,-0.05374819111922086,0.432736256606021
2020-03-09,0.0,-0.0728604140967866,0.4948670930325975
2020-03-10,0.0,-0.10806478618746214,0.45964651597859396
2020-03-11,0.0,-0.0905588110307477,0.42535748008649993
2020-03-12,0.0,-0.08711534639301324,0.5363982368338512
2020-03-13,0.0,-0.04775534624288568,0.6206668186526155
2020-03-16,0.0,-0.02201603192224801,0.6669494351701631
2020-03-17,1.0,0.08006130592344152,0.6877127864643645
2020-03-18,1.0,0.07201609764559845,0.6454743648415818
2020-03-19,1.0,0.07638433731257875,0.6512859665841065
2020-03-20,1.0,0.0786426326835595,0.6875726608936084
2020-03-23,1.0,0.07124775229647945,0.7129278828206288
2020-03-24,1.0,0.017806265638950786,0.4530892123543476
2020-03-25,0.0,-0.015988833321585367,0.5629235952918794
2020-03-26,0.0,-0.007292447101105565,0.5182997972790389
2020-03-27,0.0,-0.011216707210181646,0.5431415475073671
2020-03-30,1.0,0.024859792499748175,0.5699322434900866
2020-03-31,1.0,0.014420056696995143,0.6279590383622344
2020-04-01,1.0,0.03517785469497798,0.6270116468955986
2020-04-02,1.0,0.03551378058461581,0.6096517776714202
2020-04-03,1.0,0.026550952927837004,0.5884646543897166
2020-04-07,1.0,0.009900543956963104,0.5120631817315148
2020-04-08,1.0,0.0163964451308102,0.5045223958489825
2020-04-09,1.0,0.021097154539381015,0.4348923895450527
2020-04-10,0.0,-0.004182760281027972,0.43918797249327496
2020-04-13,0.0,-0.00661239406328329,0.43905897629838
2020-04-14,0.0,-0.008457272291223282,0.48921567822010875
2020-04-15,0.0,-0.008378968301104458,0.4003256521750728
2020-04-16,1.0,0.0011064570796086495,0.447356578309243
2020-04-17,1.0,0.028082803396845803,0.5467709265005016
2020-04-20,1.0,0.02487677223099136,0.5364295672208389
2020-04-21,1.0,0.007132242284189185,0.5084282141658639
2020-04-22,1.0,0.014789076865656116,0.6155856304175013
2020-04-23,1.0,0.0012630251126440493,0.5114948526365588
2020-04-24,0.0,-0.007078654731261133,0.44541033491675036
2020-04-27,0.0,-0.0051693331696176644,0.5043852729016671
2020-04-28,1.0,0.016516260145702743,0.5092981348158937
2020-04-29,1.0,0.007889794766987117,0.5053730490257105
2020-04-30,1.0,0.001576541395433593,0.4817595700850722
2020-05-06,1.0,0.00467229240665252,0.49910739074011623
2020-05-07,1.0,0.016469479571640397,0.5682946719130242
2020-05-08,1.0,0.01753024699178301,0.6499731959516848
2020-05-11,1.0,0.04962060161826129,0.5904925927116602
2020-05-12,1.0,0.0351347753996657,0.5123702683786003
2020-05-13,1.0,0.043205366873715324,0.4691115429772933
2020-05-14,1.0,0.02719789977514025,0.5136280787369497
2020-05-15,1.0,0.010758000101742583,0.5625433504373323
2020-05-18,0.0,-0.01917763568630843,0.5300751275513967
2020-05-19,1.0,0.002127013867854469,0.5748948724114566
2020-05-20,0.0,-0.019040477998371417,0.495957202131229
2020-05-21,0.0,-0.0022299943355061757,0.4503878496632601
2020-05-22,1.0,0.00010141987838323256,0.43034604531202836
2020-05-25,1.0,0.011269290750738441,0.4866147754058472
2020-05-26,1.0,0.004089365789707394,0.4541976767678834
2020-05-27,1.0,0.0046924496997306515,0.527523368208876
2020-05-28,0.0,-0.011327807628359948,0.455228977739725
2020-05-29,0.0,-0.010808160272807505,0.4543688304443315
2020-06-01,0.0,-0.029889510185720693,0.43574473653740076
2020-06-02,0.0,-0.027221250271255173,0.4432264989845233
2020-06-03,0.0,-0.006739533321455477,0.46724053532643345
2020-06-04,1.0,0.010109347813703479,0.49325231644987283
2020-06-05,1.0,0.00877780578617592,0.5094468624397684
2020-06-08,1.0,0.016075947759216055,0.42773558902538594
2020-06-09,1.0,0.01566745801897241,0.36422150640382656
2020-06-10,1.0,0.006281459767192885,0.31350334705389993
2020-06-11,0.0,-0.0038682798783210054,0.30897966439248337
2020-06-12,0.0,-0.0017290484372741181,0.31204516133344445
2020-06-15,1.0,0.012556491236453542,0.5021191472788029
2020-06-16,1.0,0.01155379225228295,0.41011756024309665
2020-06-17,1.0,0.01816122155297661,0.4770376933423683
2020-06-18,1.0,0.02009356780089918,0.4734991598401263
2020-06-19,1.0,0.019606000591344316,0.5205875277648404
2020-06-22,1.0,0.013989736028733463,0.6610435257357018
2020-06-23,1.0,0.0052762615808940785,0.6573358801709834
2020-06-24,1.0,0.0011991008181707298,0.6378735724438458
2020-06-29,0.0,-0.001200300219126703,0.5291282119518499
2020-06-30,0.0,-0.0009987017708151034,0.543926649896827
2020-07-01,0.0,-0.0018374598569826273,0.6210094244009327
2020-07-02,1.0,0.01462712645898529,0.6893907358477744
2020-07-03,1.0,0.003339899916835984,0.6196912721897986
2020-07-06,1.0,0.010156920775138644,0.5822709817411411
2020-07-07,1.0,0.006721961228281736,0.5943242521361117
2020-07-08,1.0,0.0031266309994319222,0.5559211620748431
2020-07-09,0.0,-0.006988356446150741,0.5503609434775182
2020-07-10,0.0,-0.005289169558163963,0.5794843115490473
2020-07-13,0.0,-0.004866431294278498,0.5653351039164857
2020-07-14,1.0,0.003764430618121346,0.5636032778171123
2020-07-15,1.0,0.02592339238243538,0.5459181060246573
2020-07-16,1.0,0.03518392812447589,0.5493125879304785
2020-07-17,1.0,0.050342271966846465,0.5698667318648132
2020-07-20,1.0,0.06802005870323936,0.5409885700466238
2020-07-21,1.0,0.060895044943040086,0.5595863187763453
2020-07-22,1.0,0.040592138546223136,0.6367119033907996
2020-07-23,1.0,0.029382569345120218,0.5551370438107941
2020-07-24,1.0,0.02920771108358726,0.5268365491956261
2020-07-27,1.0,0.0031110001178133876,0.4538585956978888
2020-07-28,1.0,0.004687327296569234,0.5099296051437402
2020-07-29,1.0,0.02897031624320209,0.44815535477037965
2020-07-30,1.0,0.04249355793270504,0.4553475496988323
2020-07-31,1.0,0.038210816795175705,0.4292000732203193
2020-08-03,1.0,0.03413487324098331,0.5023962336782708
2020-08-04,1.0,0.011462894533387695,0.42272502246521826
2020-08-05,0.0,-0.06248984718441785,0.3585051091581252
2020-08-06,0.0,-0.07134808079746621,0.32451784646658244
2020-08-07,0.0,-0.06765642487048791,0.3501187471573841
2020-08-10,0.0,-0.05039995419064962,0.36426348219821636
2020-08-11,0.0,-0.0068896102027209746,0.46253884147241847
2020-08-12,1.0,0.028359968515533265,0.554081683340168
2020-08-13,1.0,0.003688538588333793,0.5567864698109346
2020-08-14,0.0,-0.0019528930448666632,0.5589829086626669
2020-08-17,0.0,-0.021191773788749566,0.4678020517491016
2020-08-18,0.0,-0.041019814088328416,0.4251018692678902
2020-08-19,0.0,-0.03196219137761845,0.43002030070386144
2020-08-20,1.0,0.005388535009900502,0.5092179258504272
2020-08-21,1.0,0.002190790036591594,0.42456165752636327
2020-08-24,1.0,0.017036512356190095,0.5409177638012056
2020-08-25,1.0,0.024850712117280505,0.5645315988752698
2020-08-26,1.0,0.01655848679102927,0.5610519432473402
2020-08-27,0.0,-0.012538449103580582,0.5174942836603541
2020-08-28,0.0,-0.009224143591925823,0.5593031870412503
2020-08-31,0.0,-0.015065120925562375,0.45115779128039296
2020-09-01,0.0,-0.02470666486953438,0.39601563315748606
2020-09-02,0.0,-0.014539643575059012,0.49128678692706096
2020-09-03,1.0,0.00996701911524095,0.5982223527008632
2020-09-04,1.0,0.0043120036149037096,0.5533280776026341
2020-09-07,1.0,0.004983239828292384,0.5493401161566895
2020-09-08,1.0,0.0077478985318890645,0.48273463732359745
2020-09-09,1.0,0.005124900457054925,0.45344935762431504
2020-09-10,0.0,-0.009196788489379997,0.39113733782433635
2020-09-11,0.0,-0.003400142154652265,0.39192332855559114
2020-09-14,0.0,-0.0033513700157095467,0.4019231736770115
2020-09-15,0.0,-0.029541174955267088,0.3904513297105629
2020-09-16,0.0,-0.0432993424154911,0.3597418946245584
2020-09-17,0.0,-0.04689359509190938,0.374319927870988
2020-09-18,0.0,-0.03878331482223403,0.3252684136761346
2020-09-21,0.0,-0.04136765458758064,0.35987655087539205
2020-09-22,0.0,-0.004130408586413557,0.37084737224125275
2020-09-23,1.0,0.012887415043790863,0.4189595886567099
2020-09-24,1.0,0.02189777499699501,0.4221587888409513
2020-09-25,1.0,0.022094896947541475,0.4298886477856808
2020-09-28,1.0,0.020775342850660426,0.39707586362216196
2020-09-29,0.0,-0.004592940883868558,0.3606187102673387
2020-09-30,0.0,-0.006125593426682731,0.315624932463984
2020-10-09,0.0,-0.0009378779965310396,0.26397558337986804
2020-10-12,0.0,-0.01256581595831367,0.3154105340784317
2020-10-13,0.0,-0.012215095485192362,0.28446455170869517
2020-10-14,1.0,0.0015333253900651656,0.4309191425467108
2020-10-15,1.0,0.0030674870678618796,0.46457239405966094
2020-10-16,0.0,-0.003462949933385305,0.48904029112470876
2020-10-19,0.0,-0.008283161214789513,0.4765817747481281
2020-10-20,1.0,0.004252800396524846,0.5362682086285137
2020-10-21,1.0,0.0017283528166058158,0.5435335721960578
2020-10-22,0.0,-0.012626932530930531,0.5439632094488763
2020-10-23,0.0,-0.016186595100532213,0.534126315085666
2020-10-26,0.0,-0.002193858079762393,0.588081452872175
2020-10-27,0.0,-0.006684020428571714,0.5461252841724943
2020-10-28,0.0,-0.0026678539611925687,0.5420618653109972
2020-10-29,1.0,0.011044888398122952,0.5513809139463874
2020-10-30,1.0,0.02781406018832435,0.5156938810776329
2020-11-02,1.0,0.01668149064584813,0.5207628506324913
2020-11-03,0.0,-0.015166594495274717,0.5038664580375548
2020-11-04,0.0,-0.021603000334821754,0.521189957560888
2020-11-05,0.0,-0.023124153492783194,0.4795237618813834
2020-11-06,0.0,-0.028368230332736638,0.5383795174154877
2020-11-09,0.0,-0.02681552610253118,0.5091725348948785
2020-11-10,0.0,-0.0009082652758814559,0.5857886764139943
2020-11-11,0.0,-0.005067920840855189,0.6029936031598658
2020-11-12,0.0,-0.007573290917377894,0.6760246589066644
2020-11-13,0.0,-0.01191304992142274,0.6823893264872586
2020-11-16,0.0,-0.00972849180656954,0.6829234462868534
2020-11-17,0.0,-0.03299850395897357,0.6528224996905965
2020-11-18,0.0,-0.03726753598102632,0.6540472884599839
2020-11-19,0.0,-0.03051180722698188,0.6635897621909909
2020-11-20,0.0,-0.0285541563711409,0.6502215614195503
2020-11-23,0.0,-0.056182491500985754,0.6685047454254792
2020-11-24,0.0,-0.024079735635572183,0.762440037488047
2020-11-25,1.0,0.001054185212533071,0.7501095021564267
2020-11-26,1.0,0.009110964689425967,0.7257173528927783
2020-11-27,1.0,0.008672990624484378,0.7384594649707343
2020-11-30,1.0,0.03190857943068917,0.8066700346430044
2020-12-01,1.0,0.03925154769002059,0.7217992976681149
2020-12-02,1.0,0.019201257767490428,0.7258664026033746
2020-12-03,0.0,-0.0011473872125575234,0.7048527150545881
2020-12-04,0.0,-0.004379340714787153,0.6498281077578189
2020-12-07,0.0,-0.0014617595920505975,0.5779791527218515
2020-12-08,0.0,-0.009085809238550692,0.5908534302492011
2020-12-09,1.0,0.0036110433873880166,0.6093066673638105
2020-12-10,1.0,0.01871435923939145,0.6665769097983811
2020-12-11,1.0,0.02782393926901665,0.6603817945115236
2020-12-14,1.0,0.03979121424547508,0.6765075062708702
2020-12-15,1.0,0.018242586009630402,0.6245003214770468
2020-12-16,1.0,0.007796510563698362,0.5861778135799226
2020-12-17,1.0,0.006483418580652153,0.5162854501151724
2020-12-18,1.0,0.003601414022178299,0.5448499791722811
2020-12-21,0.0,-0.00649761774268128,0.5390481198609002
2020-12-22,1.0,0.0027967779029608097,0.585900145615496
2020-12-23,1.0,0.005756950968823642,0.5944778015087153
2020-12-24,1.0,0.004923742847447463,0.5713803620714453
2020-12-25,1.0,0.012678777207193485,0.5632403765769459
2020-12-28,1.0,0.016389290542951775,0.6263657003544724
2020-12-29,1.0,0.022643234651932,0.665032652576713
2020-12-30,1.0,0.013522583574693027,0.5784071727324323
2020-12-31,1.0,0.0027305842208940807,0.5690749467098464
2021-01-04,0.0,-0.0383212078205311,0.5021128773518763
2021-01-05,0.0,-0.037738415997278674,0.5236088344481206
2021-01-06,0.0,-0.03881968158354593,0.5094797264621317
2021-01-07,0.0,-0.035089529892272917,0.5152376845723969
2021-01-08,0.0,-0.02081814048281298,0.5106082965006107
2021-01-11,1.0,0.004716134262799523,0.6378139648605421
2021-01-12,1.0,0.000774053757976523,0.5465137399905604
2021-01-13,1.0,0.0032974423200573828,0.5886991129672018
2021-01-14,1.0,0.019074638117685106,0.5819537024800747
2021-01-15,1.0,0.007704198352987574,0.6001696764241599
2021-01-18,1.0,0.005619875067862544,0.5629221244748654
2021-01-19,1.0,0.006222219442379316,0.5482075501153175
2021-01-20,0.0,-0.00226582310234812,0.5234955495941062
2021-01-21,0.0,-0.016482620077561416,0.5357078353336704
2021-01-22,0.0,-0.006570528232601397,0.5606392492563089
2021-01-25,1.0,0.009313817904100243,0.6333715388263577
2021-01-26,0.0,-0.0016417837559835956,0.6398638723609256
2021-01-27,0.0,-0.0073476476692823905,0.6630078005794217
2021-01-28,0.0,-0.010513264315783895,0.6941622913676716
2021-01-29,0.0,-0.027357487921135737,0.667742955108915
2021-02-01,0.0,-0.0300937863958456,0.7233112576790872
2021-02-02,0.0,-0.010063302574412385,0.6956380938279899
2021-02-03,1.0,0.001453111470595885,0.6077040081707543
2021-02-04,0.0,-0.02136404029917922,0.5534862590947898
2021-02-05,0.0,-0.014394107141812171,0.5653918786111285
2021-02-08,0.0,-0.011456451360099781,0.5686984178557273
2021-02-09,0.0,-0.012893974476752543,0.5393661814066736
2021-02-10,0.0,-0.015838085555686145,0.5135459205800715
2021-02-18,1.0,0.004692591131176881,0.3743326934026028
2021-02-19,0.0,-0.007978909115103261,0.4667007114395451
2021-02-22,0.0,-0.023423042368963986,0.4524787142432339
2021-02-23,0.0,-0.05098086653026883,0.4679261559703958
2021-02-24,0.0,-0.04333876976219884,0.5214921991175956
2021-02-25,0.0,-0.04238152600089526,0.5561855420921479
2021-02-26,0.0,-0.035536034959216416,0.6502747655556008
2021-03-01,0.0,-0.020816349614397954,0.662011906589229
2021-03-02,0.0,-0.007491918835092386,0.6791096958389305
2021-03-03,0.0,-0.0016519827545494927,0.6462448851562284
2021-03-04,1.0,0.01525738060060964,0.720147475963357
2021-03-05,1.0,0.01159821186846723,0.7586738264386945
2021-03-08,1.0,0.009665646485418273,0.6897226258150765
2021-03-09,1.0,0.01525734406135031,0.6098417097361855
2021-03-10,1.0,0.009052318021385822,0.5613793559948809
2021-03-11,1.0,0.009141428333787149,0.5089578808477935
2021-03-12,1.0,0.01894568075721831,0.5883467164911211
2021-03-15,1.0,0.005044146886678003,0.5993073257268193
2021-03-16,1.0,0.006125593426682797,0.6661971034172929
2021-03-17,1.0,0.00010922396384632622,0.6410711239381673
2021-03-18,0.0,-0.005485715627909807,0.606945876339469
2021-03-19,0.0,-0.00386974185046916,0.590377029798609
2021-03-22,1.0,0.0020214719916724876,0.6294377194721138
2021-03-23,0.0,-0.014554698783490442,0.5863436173068698
2021-03-24,0.0,-0.02448921475374136,0.5962446035003733
2021-03-25,0.0,-0.006118565933371926,0.5426989197703322
2021-03-26,1.0,0.010160093918986425,0.634666042346818
2021-03-29,1.0,0.002344155678613796,0.5880483533290654
2021-03-30,1.0,0.020805568437133656,0.6668013852151838
2021-03-31,1.0,0.034919557032613804,0.641748000731894
2021-04-01,1.0,0.01894376404932746,0.5965408938790857
2021-04-02,0.0,-0.0021646201427891424,0.6017199033612454
2021-04-06,0.0,-0.004092216868856298,0.5434229309320743
2021-04-07,1.0,0.001191378891053985,0.47722575144131063
2021-04-08,0.0,-0.001460209556122039,0.4253750609326119
2021-04-09,1.0,0.0024166924573189833,0.522740627023628
2021-04-12,1.0,0.016974141223735455,0.4899307939162148
2021-04-13,1.0,0.01707589939581151,0.5129883046506956
2021-04-14,1.0,0.017276961558808406,0.5413674130778459
2021-04-15,1.0,0.018393418784217633,0.5939678570352802
2021-04-16,1.0,0.006256203064754109,0.5931091664158871
2021-04-19,0.0,-0.006304786860336567,0.533184078915509
2021-04-20,1.0,0.00370182026314826,0.4846486979192669
2021-04-21,0.0,-0.012256301567210118,0.47958364734776227
2021-04-22,0.0,-0.009932265129000252,0.47920915973395833
2021-04-23,0.0,-0.011904264124437644,0.46555810284916427
2021-04-26,1.0,0.008379862759897754,0.5217343684463447
2021-04-27,1.0,0.018358875055509913,0.4933229363414161
2021-04-28,1.0,0.02751248999094588,0.517399593420507
2021-04-29,1.0,0.02349555192514717,0.446043534978112
2021-04-30,1.0,0.03101682520961344,0.44696089274015316
2021-05-06,1.0,0.011625580100391953,0.4277916043129157
2021-05-07,1.0,0.006707214413018262,0.5109086234900393
2021-05-10,1.0,0.01440744761115535,0.5078916450287837
2021-05-11,1.0,0.021828475253699343,0.44602244626031384
2021-05-12,1.0,0.020343895969323882,0.40468428352305336
2021-05-13,1.0,0.025212727334794714,0.5044908650236761
2021-05-14,1.0,0.019241309454683858,0.41990990957109725
2021-05-17,1.0,0.011194529967983853,0.43490047119720954
2021-05-18,0.0,-0.0003590756405761264,0.43707391992392336
2021-05-19,1.0,0.007911231768389348,0.4873485953528154
2021-05-20,1.0,0.001433398422962053,0.5150740404114728
2021-05-21,1.0,0.0025071004971221494,0.39426161953398886
2021-05-24,1.0,0.006920795014849436,0.4292682401384971
2021-05-25,1.0,0.017999265668525152,0.4112445005534918
2021-05-26,0.0,-0.008731450197517919,0.3765731093186439
2021-05-27,0.0,-0.008889404168497664,0.33723215713741306
2021-05-28,0.0,-0.02263662548082432,0.417172495384543
2021-05-31,0.0,-0.023240753614116958,0.37987462762097846
2021-06-01,0.0,-0.022936785343098155,0.30833140664922287
2021-06-02,0.0,-0.005863611080557389,0.42332915784387803
2021-06-03,0.0,-0.002687479006547428,0.421117686307909
2021-06-04,1.0,0.018899260321660782,0.4318546929466605
2021-06-07,0.0,-0.006927291432566102,0.41588247570622644
2021-06-08,0.0,-0.01469889086842198,0.41361440493394896
2021-06-09,0.0,-0.031547365691609326,0.3545104892971186
2021-06-10,0.0,-0.03915654298224567,0.39739796660644405
2021-06-11,0.0,-0.047209038935013124,0.3740063437066256
2021-06-15,0.0,-0.024389517358665607,0.3035415535639765
2021-06-16,0.0,-0.021739411656925514,0.35261279079257246
2021-06-17,0.0,-0.009951928043391125,0.49985989915479034
2021-06-18,0.0,-0.0005921778860032317,0.532488408427875
2021-06-21,1.0,0.0005913183884166484,0.6280546582546781
2021-06-22,0.0,-0.007094515406491061,0.5478890834691933
2021-06-23,0.0,-0.017585953267682457,0.4234329635241987
2021-06-24,0.0,-0.00043026946288505575,0.5271651538103418
2021-06-25,1.0,0.0033331572174254156,0.5077430369973701
2021-06-28,1.0,0.004611020984082986,0.5049383623994214
2021-06-29,1.0,0.01780176911829311,0.5126640228856253
2021-06-30,1.0,0.026317308317373358,0.5648185602147219
2021-07-01,1.0,0.012934440078497476,0.48275581509831694
2021-07-02,1.0,0.013699209467642625,0.5201824203747047
2021-07-05,1.0,0.008310297133628035,0.47336341374882945
2021-07-06,1.0,0.0035437585019300164,0.36171468756116354
2021-07-07,1.0,0.005813969865419816,0.44894382518555914
2021-07-08,1.0,0.015439642760352708,0.4479420226822249
2021-07-09,1.0,0.009746409107038192,0.47149035289633284
2021-07-12,1.0,0.0022256381398508837,0.4558990576577794
2021-07-13,1.0,0.0049507658922195216,0.4467357974862416
2021-07-14,0.0,-0.0005798782418218252,0.46314315187278443
2021-07-15,0.0,-0.016289666718456358,0.4366840292015307
2021-07-16,0.0,-0.009111320437901435,0.40391912800540436
2021-07-19,1.0,0.0031709148226137605,0.4565456357087274
2021-07-20,0.0,-0.012795606293540063,0.40113885669742194
2021-07-21,1.0,0.0016333415997169104,0.4387528483736375
2021-07-22,1.0,0.012832536880595836,0.4221449527861894
2021-07-23,1.0,0.01178154899378034,0.3676121745809299
2021-07-26,0.0,-0.0031709148226138017,0.3619274997772282
2021-07-27,1.0,0.005254370818103639,0.39616992866164236
2021-07-28,0.0,-0.0032693553693765942,0.4286061614071141
2021-07-29,0.0,-0.008219224353132125,0.39879151011087466
2021-07-30,0.0,-0.017405502696458294,0.41227048376612946
2021-08-02,0.0,-0.03293098600786665,0.4679914834832436
2021-08-03,0.0,-0.03748382846695766,0.38178830033521527
2021-08-04,0.0,-0.04080438873147144,0.3974006557920867
2021-08-05,0.0,-0.029202289775965156,0.4662939281751035
2021-08-06,0.0,-0.021131522655971704,0.3942495150283629
2021-08-09,1.0,0.015308914147197062,0.35270191044250704
2021-08-10,1.0,0.03004529461982369,0.4328827303509195
2021-08-11,1.0,0.0321578080596765,0.45273868341637497
2021-08-12,1.0,0.019206460056821893,0.4127702087349359
2021-08-13,1.0,0.02006684329002895,0.36185731162391566
2021-08-16,1.0,0.009757221032293487,0.3670036121122887
2021-08-17,1.0,0.00706791835645878,0.3399187578706732
2021-08-18,1.0,0.0003728660122567198,0.35505498676433145
2021-08-19,0.0,-0.000855340584597297,0.36948320710496607
2021-08-20,1.0,0.006053544399484017,0.37760293790716126
2021-08-23,1.0,0.011035765650989904,0.4896479936322446
2021-08-24,1.0,0.003066676119869175,0.5210360942331459
2021-08-25,1.0,0.009487787494667723,0.5424194901721392
2021-08-26,1.0,0.013176261184218848,0.534209214846166
2021-08-27,1.0,0.002009732007099623,0.4518678900456006
2021-08-30,1.0,0.005052642328077106,0.46223772063259927
2021-08-31,1.0,0.0015298185664988273,0.3624612761407277
2021-09-01,0.0,-0.011033424044882261,0.391263311163922
2021-09-02,0.0,-0.015210632034145055,0.35767836986747414
2021-09-03,0.0,-0.008063276406583697,0.3887974982894332
2021-09-06,0.0,-0.02031199681801442,0.41263668413769267
2021-09-07,0.0,-0.014869372786367619,0.3338280209017337
2021-09-08,0.0,-0.00037344288091711305,0.4856896591372252
2021-09-09,0.0,-0.003865984196465906,0.4007743770587782
2021-09-10,0.0,-0.02055604020153778,0.35282175365837437
2021-09-13,0.0,-0.002091658267081217,0.33047063328182436
2021-09-14,0.0,-0.012273395170434664,0.32056527760644027
2021-09-15,0.0,-0.021683697464844606,0.36213301484347543
2021-09-16,0.0,-0.010546053774071204,0.3385777591176715
2021-09-17,0.0,-0.009944350334977927,0.3805359142396066
2021-09-22,0.0,-0.02181904739463961,0.2222516535782313
2021-09-23,0.0,-0.017704413037773665,0.3572733750220995
2021-09-24,1.0,0.002069942998589304,0.4621892621655074
2021-09-27,0.0,-0.004632034657264851,0.3796352661657383
2021-09-28,1.0,0.010922504961387086,0.37729160269128104
2021-09-29,1.0,0.009882960126158054,0.4212638168454147
2021-09-30,1.0,0.028425054435997837,0.44542459934262696
2021-10-08,1.0,0.013619623594284027,0.2969937374961815
2021-10-11,1.0,0.0038705856919411937,0.4522052163011513
2021-10-12,1.0,0.0014654403013329112,0.33907412263070763
2021-10-13,0.0,-0.0011960423302498399,0.36106707807702776
2021-10-14,0.0,-0.009962655438814333,0.3999519015625179
2021-10-15,0.0,-0.004034107076491809,0.43060261991372173
2021-10-18,1.0,0.006940330412274289,0.45581363766886074
2021-10-19,1.0,0.007779617842718068,0.44875597682675916
2021-10-20,1.0,0.0034212203127925063,0.45186503416766943
2021-10-21,1.0,0.008139109747114749,0.4843183424032638
2021-10-22,0.0,-0.0016182106125741053,0.458789350377461
2021-10-25,0.0,-0.0036810521725837214,0.5055677959655773
2021-10-26,0.0,-0.0010230179920346257,0.40518849761094283
2021-10-27,0.0,-0.0023881904533576232,0.4869456001388106
2021-10-28,0.0,-0.01618132013042005,0.4675049038939491
2021-10-29,1.0,0.0033952230077102436,0.4265077494320409
2021-11-01,1.0,0.019122890293113825,0.3824940217695517
2021-11-02,1.0,0.016561977028916108,0.3138076233440915
2021-11-03,1.0,0.02527297489583268,0.3144562699694005
2021-11-04,1.0,0.04475771694332818,0.3514059953383299
2021-11-05,1.0,0.03140565782907623,0.40796488585491303
2021-11-08,1.0,0.01662088123604028,0.49254353848651894
2021-11-09,1.0,0.017230031754777105,0.46442293633889853
2021-11-10,1.0,0.012636402546458593,0.5249908398560039
2021-11-11,1.0,0.0004694223583398012,0.5458301136761659
2021-11-12,0.0,-0.002244435527364229,0.5003344350655942
2021-11-15,0.0,-0.00803850179275379,0.5028458376073575
2021-11-16,0.0,-0.03239235308577252,0.4869781353785494
2021-11-17,0.0,-0.03324685883038124,0.5572903167912593
2021-11-18,0.0,-0.036535683643162876,0.5034616315263097
2021-11-19,0.0,-0.026582100996706295,0.4800857976395994
2021-11-22,0.0,-0.020572032248511916,0.5162892931891165
2021-11-23,0.0,-0.004150837473686194,0.5786578833415926
2021-11-24,0.0,-0.002762357883825867,0.5512142158081997
2021-11-25,0.0,-0.0075463861476364165,0.49216046082551584
2021-11-26,0.0,-0.018359076210741686,0.4673792348610651
2021-11-29,0.0,-0.007404438639443425,0.5795726935152268
2021-11-30,0.0,-0.006394645970814966,0.5117777826809919
2021-12-01,0.0,-0.001248270222599694,0.5493162649706179
2021-12-02,0.0,-0.0007632339682501191,0.5104264982516732
2021-12-03,0.0,-0.0008201875955318666,0.5417233148649399
2021-12-06,0.0,-0.0014657585208875514,0.5133861573147572
2021-12-07,1.0,0.0017381862062343099,0.537188754340331
2021-12-08,0.0,-0.010701128543035876,0.563103873012542
2021-12-09,1.0,0.0037016917608930413,0.5368902559008573
2021-12-10,1.0,0.019393890624718205,0.5098471146509714
2021-12-13,1.0,0.01134411473917493,0.5050933160814556
2021-12-14,1.0,0.003250978155845654,0.47620333019150696
2021-12-15,1.0,0.012383214726020794,0.525527544855806
2021-12-16,1.0,0.012688127456444303,0.436692708310146
2021-12-17,1.0,0.002090200937859598,0.47552819080639436
2021-12-20,1.0,0.0029499337544403783,0.4390199331660728
2021-12-21,1.0,0.012739025777429712,0.3929886921940507
2021-12-22,1.0,0.009926175258932517,0.34725392327530535
2021-12-23,0.0,-0.005325599611957265,0.3593803945511927
2021-12-24,1.0,0.0030470715581244526,0.4813755955628963
2021-12-27,0.0,-0.0045626639179842336,0.4067963981915507
2021-12-28,0.0,-0.0036385079468943112,0.437627149181046
2021-12-29,0.0,-0.005220538753169573,0.46819236202935277
2021-12-30,0.0,-0.007199533087124104,0.4349223604594754
2021-12-31,0.0,-0.016522185171980078,0.3924716412274884
2022-01-04,1.0,0.0005378657616760896,0.33876542417903227
2022-01-05,1.0,0.002195390563435656,0.42104863870024734
2022-01-06,1.0,0.011481428769892114,0.47401457805899566
2022-01-07,1.0,0.01734209769713183,0.4072671098189531
2022-01-10,1.0,0.010687207025795377,0.37403051498353407
2022-01-11,0.0,-0.0004840661651601579,0.37752140963395153
2022-01-12,0.0,-0.0023026061741313127,0.3949844946964575
2022-01-13,1.0,0.00923916729943801,0.4080652291496658
2022-01-14,1.0,0.009670638597419321,0.39359931396650394
2022-01-17,1.0,0.01248482310584531,0.3973263635941537
2022-01-18,1.0,0.016434048232274588,0.3954825445539688
2022-01-19,1.0,0.014688146561656868,0.43120092641328217
2022-01-20,0.0,-0.018187652999698642,0.5069098790035441
2022-01-21,0.0,-0.021702797507016616,0.5257777533818264
2022-01-24,0.0,-0.01350542319980712,0.5067798380546236
2022-01-25,0.0,-0.008289982644730418,0.45399135333565716
2022-01-26,0.0,-0.00529690310979101,0.46217951359685333
2022-01-27,1.0,0.015541448756425233,0.45731389329615485
2022-01-28,1.0,0.013792581865639803,0.4249677955892088
2022-02-07,1.0,0.02536483219168866,0.4814607109747485
2022-02-08,1.0,0.028356143807055582,0.4902019608288655
2022-02-09,1.0,0.008619603353020845,0.45170712687075953
2022-02-10,1.0,0.016138284910919835,0.3473447875477781
2022-02-11,1.0,0.029928206279078422,0.3578539492541573
2022-02-14,1.0,0.011202409713646805,0.36762130505931845
2022-02-15,1.0,0.01324249675101729,0.36435000597891865
2022-02-16,1.0,0.020172167676800138,0.3540020205290033
2022-02-17,1.0,0.03207129840894445,0.33508311176776306
2022-02-18,1.0,0.012287124739994541,0.3495416152229134
2022-02-21,1.0,0.007793386713715249,0.3047147940330534
2022-02-22,0.0,-0.004052014879110018,0.24596544973662257
2022-02-23,1.0,0.017696861187825538,0.3998359677390329
2022-02-24,0.0,-0.007196827981302486,0.4416695313075806
2022-02-25,1.0,0.008192804648659678,0.5706096852234517
2022-02-28,1.0,0.036049945700776416,0.47541576151552695
2022-03-01,1.0,0.057569492413128656,0.47322710495226583
2022-03-02,1.0,0.055850700967083326,0.467330888714351
2022-03-03,1.0,0.02709648968813851,0.511526343050649
2022-03-04,1.0,0.025369752712576753,0.46589082957758604
2022-03-07,0.0,-0.0019856050207043997,0.4464463688314283
2022-03-08,0.0,-0.04399092748100138,0.3216584972452921
2022-03-09,0.0,-0.06465998470983626,0.3606162803590291
2022-03-10,0.0,-0.021415808962446232,0.3628977844306112
2022-03-11,0.0,-0.02218205552597464,0.4314606615560385
2022-03-14,0.0,-0.019417111554811666,0.49088814479508686
2022-03-15,1.0,0.006821481190036033,0.6176370981440404
2022-03-16,1.0,0.009366796237870878,0.5922859797215214
2022-03-17,1.0,0.009012471948211169,0.5429420363254224
2022-03-18,1.0,0.014543887253151576,0.5544545782364545
2022-03-21,1.0,0.0073696764826107165,0.500069848484566
2022-03-22,0.0,-0.004087302271514492,0.4237629981666317
2022-03-23,1.0,5.066754491492658e-05,0.40792823455640553
2022-03-24,0.0,-0.01179805960879341,0.5200651785691959
2022-03-25,0.0,-0.013634979899123658,0.5135184886231597
2022-03-28,0.0,-0.008028521500488233,0.555046416034087
2022-03-29,0.0,-0.0015180652647154354,0.5753423971204898
2022-03-30,1.0,0.0032878959283524113,0.5701551211057052
2022-03-31,1.0,0.013250565436276805,0.5614987253499998
2022-04-01,1.0,0.01383411366789038,0.5462862169531482
2022-04-06,1.0,0.023052887572966276,0.44670535101021147
2022-04-07,1.0,0.023472789010720484,0.5090955479451535
2022-04-08,1.0,0.02439449528516433,0.5191428430508843
2022-04-11,1.0,0.02085214603618447,0.47321535214930516
2022-04-12,1.0,0.00822927507464181,0.5014349288746062
2022-04-13,0.0,-0.009057491999788232,0.5429731189884993
2022-04-14,1.0,0.0018285606419501243,0.4997505529016549
2022-04-15,1.0,0.0024119526349268066,0.47572536794325626
2022-04-18,0.0,-0.008862250902999518,0.4812405060793126
2022-04-19,0.0,-0.009424672935773823,0.4859717099021357
2022-04-20,1.0,0.002097483789354281,0.5502550903893365
2022-04-21,0.0,-0.010522755556551884,0.46170516792460137
2022-04-22,0.0,-0.0024119526349267216,0.4440876438541716
2022-04-25,1.0,0.00024723712638607395,0.5195693280580288
2022-04-26,1.0,0.005715011206582969,0.5370524783499633
2022-04-27,1.0,0.01106354151919308,0.5133471612097753
2022-04-28,1.0,0.0036856302304602664,0.5077045672023419
2022-04-29,0.0,-0.014595175682621309,0.5035153368540994
2022-05-05,0.0,-0.0006924180503164775,0.4854900120143517
2022-05-06,0.0,-0.00981010282631085,0.5685434198058171
2022-05-09,0.0,-0.02376547196353131,0.5424010624312267
2022-05-10,0.0,-0.010796326190222942,0.5258287689486735
2022-05-11,0.0,-0.016691005944901346,0.5725842548219804
2022-05-12,0.0,-0.023224267033045736,0.5565799968911017
2022-05-13,0.0,-0.0062246072171245285,0.5870456632915612
2022-05-16,1.0,0.0033291329612704255,0.5765969302192628
2022-05-17,1.0,0.00025123734524020065,0.5506360298822834
2022-05-18,1.0,0.013936804048636658,0.5171546055498976
2022-05-19,1.0,0.013579648400210762,0.5498966885694684
2022-05-20,1.0,0.012410708261482488,0.53673104222674
2022-05-23,1.0,0.006925304939921501,0.43579324195001384
2022-05-24,1.0,0.002408672380911729,0.4509673979289915
2022-05-25,0.0,-0.006237444769893463,0.49041424446422904
2022-05-26,0.0,-0.0034528520305532645,0.4601633185766944
2022-05-27,0.0,-0.010348281413063438,0.46477613530348055
2022-05-30,0.0,-0.00985031585083444,0.50768904869225
2022-05-31,0.0,-0.002559407213504751,0.46293914360761956
2022-06-01,1.0,0.006187298090846886,0.5723518120959078
2022-06-02,0.0,-0.0036157323578117385,0.5964484443687224
2022-06-06,1.0,0.015507278916185885,0.47059205563583234
2022-06-07,1.0,0.0022701485345390775,0.5302868304766735
2022-06-08,0.0,-0.008984514302809679,0.508460026206536
2022-06-09,0.0,-0.007702220362092351,0.43590175498270584
2022-06-10,1.0,0.002612672942751768,0.5535407936493906
2022-06-13,0.0,-0.018023003513433163,0.6401740656148136
2022-06-14,0.0,-0.0016137983229068133,0.6211819656516601
2022-06-15,1.0,0.004401393289093287,0.6466491991020836
2022-06-16,1.0,0.0023723606008312923,0.6154754359032611
2022-06-17,0.0,-0.012471444874419983,0.5906840215349195
2022-06-20,0.0,-0.0017143149461409774,0.6422271020581912
2022-06-21,0.0,-0.006075045262062567,0.5942622753331377
2022-06-22,0.0,-0.007244756463942703,0.5695188851097603
2022-06-23,0.0,-0.010134365936320531,0.5587887686020327
2022-06-24,0.0,-0.012011695954048513,0.5712065566868101
2022-06-27,0.0,-0.013719030270414349,0.5075160433800149
2022-06-28,0.0,-0.0085163318465796,0.6247763922100894
2022-06-29,0.0,-0.027004990692197237,0.6498243326734013
2022-06-30,0.0,-0.039634345924598996,0.6355748090476261
2022-07-01,0.0,-0.031073807461260754,0.6014626454474314
2022-07-04,0.0,-0.03625774802262425,0.619384759690735
2022-07-05,0.0,-0.03205602813311362,0.5867866388192067
2022-07-06,0.0,-0.01914463977420264,0.6647562648528701
2022-07-07,0.0,-0.003556550183074162,0.7032261357713946
2022-07-08,0.0,-0.009754614806293985,0.6868437992759925
2022-07-11,0.0,-0.005372496233206026,0.693093340520354
2022-07-12,0.0,-0.011595257832186475,0.6866349036628075
2022-07-13,0.0,-0.005553196671426347,0.6976220156117858
2022-07-14,0.0,-0.015487568753275742,0.6644545445838728
2022-07-15,1.0,0.00693928267663383,0.6738145315829732
2022-07-18,1.0,0.005849835869414457,0.6373634153690904
2022-07-19,1.0,0.009636704417822661,0.6311978108699557
2022-07-20,1.0,0.008318273409230317,0.619464293438452
2022-07-21,1.0,0.027696700089839984,0.6635006233432427
2022-07-22,1.0,0.026560452784375386,0.6379484476480047
2022-07-25,1.0,0.022596573387409682,0.6296736150350308
2022-07-26,1.0,0.030525967297233766,0.5301576271179966
2022-07-27,1.0,0.02790976244879477,0.509990073562075
2022-07-28,1.0,0.018683377633066316,0.4805758793149713
2022-07-29,1.0,0.012866878491277673,0.5086875469402627
2022-08-01,1.0,0.007488737386548708,0.5092497963952118
2022-08-02,1.0,0.003334961147429209,0.49728994070373606
2022-08-03,1.0,0.00996822558866525,0.4950077993282034
2022-08-04,1.0,0.0042703226470771774,0.4729183364046319
2022-08-05,1.0,0.0003067798367448495,0.41743891011671486
2022-08-08,1.0,0.008454001932285122,0.38259203846969797
2022-08-09,1.0,0.002711068439705288,0.4812898549785102
2022-08-10,0.0,-0.0032775161208201346,0.48356907913727465
2022-08-11,0.0,-0.004631305555877974,0.4582934948970897
2022-08-12,0.0,-0.009399386081410038,0.40802103447846555
2022-08-15,0.0,-0.014751121946009246,0.4395341478099195
2022-08-16,0.0,-0.01078537495103119,0.4304842786167902
2022-08-17,0.0,-0.0009237401867977936,0.4722402028148279
2022-08-18,1.0,0.007860504394676933,0.47133005701296343
2022-08-19,1.0,0.00955274071429839,0.4922457928225637
2022-08-22,1.0,0.004339970645692441,0.5065541481410554
2022-08-23,1.0,0.005099029873079726,0.5201299497767476
2022-08-24,0.0,-0.006748602487407491,0.5091673143963462
2022-08-25,0.0,-0.018386098678890697,0.5398618823224542
2022-08-26,0.0,-0.021336209092688196,0.5520652989422673
2022-08-29,0.0,-0.0027878180161939,0.5410863228238407
2022-08-30,0.0,-0.0008223262014507649,0.5463749854430259
2022-08-31,0.0,-0.0014483760032510506,0.543066318193302
2022-09-01,1.0,0.014900167020525473,0.5622001785830465
2022-09-02,1.0,0.016828004736032017,0.540809718606254
2022-09-05,1.0,0.007211693543789385,0.5521544712066291
2022-09-06,0.0,-0.004586573012537369,0.517751690240966
2022-09-07,0.0,-0.0029030606184316417,0.5137388770084079
2022-09-08,0.0,-0.01516082126414891,0.4968787099761726
2022-09-09,0.0,-0.012451402116196029,0.5295604600173732
2022-09-13,0.0,-0.009851788257024794,0.4761472136448385
2022-09-14,0.0,-0.0005683432946392234,0.5609789538112002
2022-09-15,1.0,0.0020744743462718478,0.5218880341717791
2022-09-16,1.0,0.010476730857066146,0.6055167014606487
2022-09-19,0.0,-0.0008321631519907846,0.5953928928447648
2022-09-20,0.0,-0.002491178369518111,0.538528905126828
2022-09-21,0.0,-0.0027947435642097134,0.5193254203316136
2022-09-22,1.0,0.009333572978805802,0.5380676418710503
2022-09-23,1.0,0.008170022065448108,0.5556569997261531
2022-09-26,1.0,0.022788465892465047,0.5890673535112626
2022-09-27,1.0,0.020165292358598954,0.5622716956468192
2022-09-28,1.0,0.01833311931681974,0.6116098688903434
2022-09-29,1.0,0.008535047851520013,0.6586426905351284
2022-09-30,1.0,0.004085598860158171,0.6440261772479474
2022-10-10,0.0,-0.007555682258974336,0.569731080770259
2022-10-11,0.0,-0.004952147963432078,0.5480330659237161
2022-10-12,0.0,-0.00730321675127733,0.5351406163143563
2022-10-13,0.0,-0.012546573494400587,0.5311843782568608
2022-10-14,0.0,-0.01272007713315572,0.6313682868091004
2022-10-17,1.0,0.006232459510047962,0.6683933227539095
2022-10-18,1.0,0.007749210330659065,0.6760141001961903
2022-10-19,1.0,0.00877780578617592,0.6442374002456653
2022-10-20,1.0,0.011782923209103187,0.6302564122374688
2022-10-21,1.0,0.013637041028277222,0.6142427594156576
2022-10-24,0.0,-0.002702773261106688,0.6634986994043023
2022-10-25,0.0,-0.006010613042646377,0.6721752081570788
2022-10-26,0.0,-0.003869067597005253,0.6654386236094322
2022-10-27,0.0,-0.004645354074533602,0.6212923215752393
2022-10-28,0.0,-0.005053738518449238,0.6177097263295096
2022-10-31,1.0,0.0059567928092435175,0.6355485401130927
2022-11-01,1.0,0.008546625763144126,0.616184711232832
2022-11-02,1.0,0.02806460591164354,0.5839511854709862
2022-11-03,1.0,0.031875007877101603,0.6003567591136565
2022-11-04,1.0,0.03992906783246168,0.5801708488241747
2022-11-07,1.0,0.023676868470535958,0.6281183900286399
2022-11-08,1.0,0.025358331959292168,0.6187086825617042
2022-11-09,1.0,0.00952646707064781,0.6876195770055185
2022-11-10,1.0,0.010255994438675677,0.6463800064401563
2022-11-11,1.0,0.0017196063883222657,0.591717367248858
2022-11-14,1.0,0.004352994606058512,0.5728928791745603
2022-11-15,0.0,-0.00024696846338260304,0.5742064454794406
2022-11-16,0.0,-0.006060773929528652,0.6139707347027438
2022-11-17,0.0,-0.0031937135609356486,0.6470083846835959
2022-11-18,1.0,0.0004417069591582429,0.623212969559015
2022-11-21,1.0,0.006935420436054685,0.5845277070806056
2022-11-22,1.0,0.004190191238422709,0.6098144546371395
2022-11-23,1.0,0.003601474081973474,0.5582450317556579
2022-11-24,1.0,0.001720959244661065,0.5509160163758154
2022-11-25,1.0,0.005187698219764057,0.5185920373599575
2022-11-28,0.0,-0.0056529263027881,0.5702890367492455
2022-11-29,0.0,-0.01182684443785073,0.6020234216266335
2022-11-30,0.0,-0.01243790965701467,0.5670647557730011
2022-12-01,0.0,-0.011512838085083266,0.5592465272205897
2022-12-02,0.0,-0.015396649362129373,0.575297200279484
2022-12-05,0.0,-0.005982564628472459,0.5692095710598416
2022-12-06,1.0,0.004370940252528736,0.5654487060402319
2022-12-07,1.0,0.017301469635752867,0.5358980593201894
2022-12-08,1.0,0.005995310909581265,0.521013461623129
2022-12-09,0.0,-0.0013889580089030975,0.4772274262206169
2022-12-12,1.0,0.004946831754940404,0.4337426032361124
2022-12-13,1.0,0.004647951405606243,0.45743334634855964
2022-12-14,1.0,0.0034246608813639536,0.5390186763409502
2022-12-15,1.0,0.012274309638381676,0.48543202222383375
2022-12-16,1.0,0.009633271977103303,0.5025508212275358
2022-12-19,1.0,0.004775158604732181,0.5120898923368118
2022-12-20,1.0,0.006245563590179135,0.5451596646947835
2022-12-21,0.0,-0.0022002209096024235,0.5914815619976642
2022-12-22,0.0,-0.0036664996709983087,0.5731158364962448
2022-12-23,1.0,0.009590052948425389,0.6145609114207631
2022-12-26,1.0,0.009677021901960247,0.6181602400078764
2022-12-27,1.0,0.012907804453141167,0.5870812019668895
2022-12-28,1.0,0.009499523391213956,0.6165246124721112
2022-12-29,1.0,0.002885440319599526,0.5994725282914461
2022-12-30,1.0,0.007954256702483982,0.5924157861491561
2023-01-03,1.0,0.006061359326410446,0.5452764728532361
2023-01-04,1.0,0.003719541519913751,0.5992635820115806
2023-01-05,1.0,0.005029753796629594,0.5619273297556663
2023-01-06,1.0,0.013773921627989053,0.5506973534548161
2023-01-09,1.0,0.007891485472919024,0.5703966806657961
2023-01-10,1.0,0.012729846454771923,0.5263598456763958
2023-01-11,1.0,0.0086414363953408,0.5260466467431645
2023-01-12,1.0,0.012178900055183671,0.5057177430471018
2023-01-13,1.0,0.019745013843705916,0.5036357736970236
2023-01-16,1.0,0.012857932274596575,0.47859173277723926
2023-01-17,1.0,0.0011449290440667024,0.47278750357272076
2023-01-18,1.0,0.007571645021035586,0.5113550604697136
2023-01-19,1.0,0.012314843265188615,0.5223262601136969
2023-01-20,0.0,-0.00987146737501649,0.5091533036698106
2023-01-30,0.0,-0.0212326262613874,0.4565576557457101
2023-01-31,0.0,-0.016488776406404605,0.5470261369793983
2023-02-01,0.0,-0.021288621013212432,0.47918547103704545
2023-02-02,0.0,-0.02705382200395382,0.479305578386856
2023-02-03,0.0,-0.020672944386998328,0.5941486987089096
2023-02-06,0.0,-0.0017414865082394939,0.6242993133264139
2023-02-07,1.0,0.00029078220617796577,0.6030980911425707
2023-02-08,0.0,-0.0025231708276816193,0.6246163441916955
2023-02-09,0.0,-0.004945464624954533,0.599507543251907
2023-02-10,0.0,-0.00121799727610349,0.5737669727082337
2023-02-13,0.0,-0.0018900390903488888,0.5431974760335919
2023-02-14,0.0,-0.002522925990118825,0.5375693061739529
2023-02-15,1.0,0.003104538025878862,0.589964942298211
2023-02-16,1.0,0.0011172914135023277,0.5451803710257187
2023-02-17,1.0,0.006995413516115758,0.584196428537566
2023-02-20,0.0,-0.00024257125649570442,0.6037687741242003
2023-02-21,1.0,0.0022806133571757164,0.5812577644167787
2023-02-22,1.0,0.002660283558816249,0.5761680500070485
2023-02-23,1.0,0.004069970248198728,0.5901549894777633
2023-02-24,1.0,0.00588861630162737,0.6358092449063634
2023-02-27,1.0,0.015024842019201377,0.6195684890985093
2023-02-28,1.0,0.014865691214971522,0.6043126271123412
2023-03-01,1.0,9.66043569316387e-05,0.6065895036853554
2023-03-02,1.0,0.0009666039126771108,0.5975195152663001
2023-03-03,1.0,0.0028353816722489827,0.6252313987030942
2023-03-06,1.0,0.004720701134937394,0.6135517102412217
2023-03-07,1.0,0.017842826472929865,0.5430205214479056
2023-03-08,1.0,0.02964695729696584,0.550592217523591
2023-03-09,1.0,0.038986583343956806,0.49359770193631197
2023-03-10,1.0,0.036933071880587705,0.5190985134092383
2023-03-13,1.0,0.05686501336602405,0.5611348645737566
2023-03-14,1.0,0.035029851329214906,0.6025492158692084
2023-03-15,1.0,0.020604933348653875,0.5222575030203376
2023-03-16,1.0,0.01813962541402713,0.5749242355935216
2023-03-17,1.0,0.01892078342337057,0.5121129565288096
2023-03-20,0.0,-0.015580730969168234,0.3963952113237057
2023-03-21,0.0,-0.012258908961070823,0.4005281929824568
2023-03-22,1.0,0.005359732476030395,0.49091369497630516
2023-03-23,1.0,0.001231106098996737,0.47580453789510935
2023-03-24,1.0,0.0011339155314062032,0.4614712126802451
2023-03-27,0.0,-0.005768190320271483,0.5382758332282909
2023-03-28,1.0,0.010309369658861287,0.490632043887973
2023-03-29,1.0,0.021290383127526454,0.49032986728612754
2023-03-30,1.0,0.019002625465799228,0.4527336258531189
2023-03-31,1.0,0.0036199134551343935,0.4292458959201784
2023-04-03,1.0,0.02094436326355925,0.4457599362693908
2023-04-04,1.0,0.018302104948724106,0.4389299405575569
2023-04-06,1.0,0.0036607183737730896,0.40838462281740756
2023-04-07,1.0,0.008193117342690731,0.43088996698496296
2023-04-10,1.0,0.00738010729762246,0.4666460373512663
2023-04-11,0.0,-0.0013046903211647142,0.4225673979598399
2023-04-12,0.0,-0.010886960424044242,0.5015630199200938
2023-04-13,0.0,-0.009581876838809943,0.5491408295960828
2023-04-14,0.0,-0.019026875054694095,0.5976144818434788
2023-04-17,0.0,-0.011090686694158173,0.5340712383483457
2023-04-18,1.0,0.0016193607065353487,0.6330693071962725
2023-04-19,1.0,0.005301477058683688,0.6392032693769472
2023-04-20,1.0,0.0061447570617693195,0.5465703265891058
2023-04-21,1.0,0.0034741840164621896,0.5443834466127427
2023-04-24,1.0,0.031461062881296284,0.5880914432236696
2023-04-25,1.0,0.028665159032074318,0.5288303152063202
2023-04-26,1.0,0.013397329571821343,0.4807308558397226
2023-04-27,1.0,0.013104600835021732,0.5208324737400718
2023-04-28,1.0,0.02416296611151184,0.45605919218347524
2023-05-04,0.0,-0.0009669480359592701,0.4933852916427574
2023-05-05,0.0,-0.014119123511046034,0.5322802764635831
2023-05-08,1.0,0.0023405252575572095,0.5488585519890253
2023-05-09,0.0,-0.0020321618585636392,0.5746534830518468
2023-05-10,0.0,-0.010296840649934105,0.5130379858796844
2023-05-11,0.0,-0.01198837653205453,0.5689047627540167
2023-05-12,0.0,-0.00863071466505683,0.5776181276576333
2023-05-15,0.0,-0.008594010544002367,0.5643547046014705
2023-05-16,0.0,-0.0103125775028647,0.5498331352922622
2023-05-17,0.0,-0.0007554380788977064,0.601894583397766
2023-05-18,0.0,-0.003120127336243634,0.5094479974291816
2023-05-19,0.0,-0.004747411281119333,0.488480168338787
2023-05-22,0.0,-0.008668508257859014,0.5128938937292112
2023-05-23,0.0,-0.0067246734181377315,0.5029497134371749
2023-05-24,1.0,0.002131534178860281,0.4723017559405151
2023-05-25,1.0,0.006629760206380449,0.5066782643317627
2023-05-26,1.0,0.015148429572933445,0.5448492272223442
2023-05-29,1.0,0.0035837515397488025,0.5152688557825881
2023-05-30,1.0,0.012649626712757645,0.5175258327713814
2023-05-31,1.0,0.0005321743883635529,0.5019038211703394
2023-06-01,0.0,-0.005603501275981,0.5524354721249244
2023-06-02,1.0,8.843296786799747e-05,0.5324872606594323
2023-06-05,1.0,0.01164768214140968,0.5135151322543723
2023-06-06,1.0,0.007522492219169469,0.4955088243091763
2023-06-07,0.0,-0.00044345898731189997,0.5223239916513235
2023-06-08,0.0,-0.0029477466632715876,0.5529541823026997
2023-06-09,0.0,-0.004076032403272866,0.5426857204592365
2023-06-12,0.0,-0.0027884144032612234,0.5562308542071039
2023-06-13,0.0,-0.004241038341191385,0.5704906348897337
2023-06-14,0.0,-0.0023536214430922215,0.5418233004870143
2023-06-15,1.0,0.004462898468282205,0.5509099771257865
2023-06-16,0.0,-0.0036470419360240007,0.5401730664488064
2023-06-19,0.0,-0.009217065496784633,0.5527727508518566
2023-06-20,0.0,-0.009474527649671185,0.49239995382104496
2023-06-21,0.0,-0.0027603418978382047,0.5429745454369128
2023-06-26,1.0,0.0008457036535473182,0.4364761525529181
2023-06-27,1.0,0.002403205428984327,0.5187289877051624
2023-06-28,1.0,0.008019646456667672,0.5464283474283727
2023-06-29,1.0,0.009253146674248126,0.5251608934145923
2023-06-30,1.0,0.004936524667706146,0.5596194822797292
2023-07-03,1.0,0.005678808517645045,0.5848369898348199
2023-07-04,1.0,0.005010319302516435,0.5464665454898264
2023-07-05,1.0,0.0031457016259277605,0.4807016380630978
2023-07-06,1.0,0.010264633396718292,0.5967836585989531
2023-07-07,1.0,0.007029051287533765,0.606653438805245
2023-07-10,1.0,0.00718523732228847,0.5841631158335486
2023-07-11,1.0,0.010427531402467433,0.5991345274343117
2023-07-12,1.0,0.02265568145169023,0.6136045009225812
2023-07-13,1.0,0.012283989461010354,0.6899965314723783
2023-07-14,1.0,0.011606393290399768,0.6466947512740295
2023-07-17,1.0,0.008223658611300115,0.5958317067472844
2023-07-18,0.0,-0.00030643290453632153,0.5871228343135141
2023-07-19,0.0,-0.008250513604116995,0.6438836751173319
2023-07-20,0.0,-0.0047736930474006406,0.6280785897948775
2023-07-21,0.0,-0.006553103398390855,0.6008891068148324
2023-07-24,0.0,-0.006819102351775653,0.5973975195309791
2023-07-25,1.0,0.0017060744749334135,0.6226359597558218
2023-07-26,0.0,-0.0032756127382014685,0.6055148805294561
2023-07-27,0.0,-0.010319287024664659,0.6040103243262004
2023-07-28,0.0,-0.004172620526415302,0.6634569335347817
2023-07-31,0.0,-0.0007459248716895165,0.6355229401824857
2023-08-01,0.0,-0.004248708785022745,0.6051012397574885
2023-08-02,0.0,-0.00398887153041458,0.5979748995667832
2023-08-03,0.0,-0.003125484022531665,0.6397340369338617
2023-08-04,1.0,0.0025495639992087157,0.6323534952071305
2023-08-07,1.0,0.00021944743224863917,0.6196916555737424
2023-08-08,1.0,0.00048272079928030585,0.6100053269847195
2023-08-09,1.0,0.0038138704362110525,0.6391957867778848
2023-08-10,1.0,0.0071171550754337756,0.6361703238574186
2023-08-11,0.0,-0.0010102563835540773,0.6163613872094998
2023-08-14,1.0,0.0029359588145532922,0.6151439080593928
2023-08-15,1.0,0.0014029552040315002,0.6103639012335206
2023-08-16,1.0,0.0017049557125768282,0.6453827093977305
2023-08-17,1.0,0.006936443996657169,0.6290327343921257
2023-08-18,1.0,0.007443116673923182,0.6288937116692624
2023-08-21,1.0,0.003363550184328946,0.637345756823503
2023-08-22,1.0,0.007942090969799611,0.625655502765336
2023-08-23,1.0,0.007831575008813303,0.6647122193096976
2023-08-24,1.0,0.006759124519691677,0.7279111773419447
2023-08-25,1.0,0.00859977502930195,0.6729864059240951
2023-08-28,1.0,0.012481202111377657,0.6541780752682926
2023-08-29,1.0,0.010463602904856475,0.6216785133280723
2023-08-30,1.0,0.005962943823263816,0.6795300492520621
2023-08-31,1.0,0.0020705727352723882,0.6381822051321735
2023-09-01,1.0,0.009426519818331279,0.622614212767178
2023-09-04,1.0,0.004640578946190449,0.606237652258525
2023-09-05,1.0,0.003820813028227253,0.581143749542476
2023-09-06,1.0,0.0073398762828943125,0.5640603836835455
2023-09-07,1.0,0.01683584610621074,0.5596282523532223
2023-09-08,1.0,0.0061501859527275235,0.5843231196336091
2023-09-11,1.0,0.0016704863285375785,0.6157755127235098
2023-09-12,1.0,0.0064918652869059195,0.5787469361176681
2023-09-13,1.0,0.007923026622994506,0.5884384913547595
2023-09-14,0.0,-0.0023757011003926972,0.6285836502787636
2023-09-15,1.0,0.001616677654820222,0.6880355439554094
2023-09-18,1.0,0.00886243550942113,0.6580388457344526
2023-09-19,1.0,0.001701404068449606,0.5813168770610334
2023-09-20,0.0,-0.009549460811350425,0.5998788055791755
2023-09-21,0.0,-0.02446434268942094,0.6339210111313129
2023-09-22,0.0,-0.033895688275319615,0.601624307111246
2023-09-25,0.0,-0.045341041609371996,0.5395240551339879
2023-09-26,0.0,-0.04387239946778159,0.569318223127615
2023-09-27,0.0,-0.028767083178657747,0.5873008766119284
2023-09-28,0.0,-0.010017362479497978,0.4930902983216985
2023-10-09,1.0,0.013974026518522963,0.5595016329602229
2023-10-10,1.0,0.028054970249279016,0.6648381329453564
2023-10-11,1.0,0.03820400574498119,0.6793286439227926
2023-10-12,1.0,0.03806193989799383,0.6432313085794892
2023-10-13,1.0,0.046723826906361704,0.5738558923099221
2023-10-16,1.0,0.03158606583651599,0.5810281567250559
2023-10-17,1.0,0.025145156050159427,0.4311885960789431
2023-10-18,1.0,0.012698448508972405,0.44405910804249615
2023-10-19,1.0,0.011393489777824811,0.4741170406770315
2023-10-20,1.0,0.0006291550655284454,0.5297912459250247
2023-10-23,1.0,0.004443892778360278,0.5242580531887252
2023-10-24,1.0,0.007839560556336798,0.5508279699078933
2023-10-25,1.0,0.006855247117664982,0.600473726466658
2023-10-26,1.0,0.004312426872005714,0.5920203910912235
2023-10-27,1.0,0.002554493736090459,0.5962446651223399
2023-10-30,0.0,-0.0045279299228275375,0.560207350308238
2023-10-31,0.0,-0.010368006909695375,0.5681699719856581
2023-11-01,0.0,-0.011253833130132854,0.5819675529108487
2023-11-02,0.0,-0.020726349250517223,0.5530023757218254
2023-11-03,0.0,-0.01440692174995881,0.5161263004397586
2023-11-06,0.0,-0.012643676479750518,0.5467513181451378
2023-11-07,0.0,-0.00524580270569199,0.5170813466819029
2023-11-08,1.0,0.0024131592329058047,0.5467053409827254
2023-11-09,1.0,0.006292805323026788,0.5790463292417015
2023-11-10,1.0,0.0044030553776340485,0.5651935673921037
2023-11-13,0.0,-0.004221844689555452,0.5079615755295643
2023-11-14,0.0,-0.009675088790032673,0.5151820923782331
2023-11-15,0.0,-0.014652900921176566,0.55934280174005
2023-11-16,0.0,-0.013656167502048393,0.5528673691490749
2023-11-17,0.0,-0.016054169829148483,0.5706203633776408
2023-11-20,1.0,0.004434597067865775,0.5924050926775195
2023-11-21,1.0,0.009844738463864154,0.5878235625106054
2023-11-22,1.0,0.019882553091431197,0.6155879058311968
2023-11-23,1.0,0.021803281942525735,0.6196679715425243
2023-11-24,1.0,0.020984543694369272,0.5550259703455616
2023-11-27,1.0,0.02425252838602803,0.5468589736775864
2023-11-28,1.0,0.007183635371425329,0.5325698332384109
2023-11-29,0.0,-0.0029066726448715137,0.4995750375199544
2023-11-30,0.0,-0.0017673053200837519,0.5185934549602126
2023-12-01,0.0,-0.001219794468685134,0.49999245248043295
2023-12-04,0.0,-0.02102425270832456,0.5823223643699221
2023-12-05,0.0,-0.010794897925871174,0.6178549262994301
2023-12-06,0.0,-0.010730672364961032,0.5943743347964696
2023-12-07,1.0,0.0027757935138014653,0.5849749894441595
2023-12-08,1.0,0.0005469884216914006,0.5924145176040623
2023-12-11,1.0,0.006973086891860094,0.6191146735517419
2023-12-12,1.0,0.012687842018294641,0.6134502643038723
2023-12-13,1.0,0.016703350477637196,0.6214993492946495
2023-12-14,1.0,0.0017204846777685893,0.5821381300249348
2023-12-15,1.0,0.008544554603498232,0.6015738997727856
2023-12-18,1.0,0.01234712766592179,0.5650098367580006
2023-12-19,1.0,0.011490777221906875,0.5697256399510007
2023-12-20,1.0,0.011839391253000067,0.5705177948815284
2023-12-21,1.0,0.013699700010106654,0.555730839933693
2023-12-22,1.0,0.004494202562550359,0.5655474104806334
2023-12-25,1.0,0.005227576938109655,0.6048978617629961
2023-12-26,1.0,0.004518236043493323,0.5650791561503298
2023-12-27,0.0,-0.001991206166913125,0.5638319375077138
2023-12-28,0.0,-0.002525933556942991,0.5213671556035998
2023-12-29,1.0,4.1518756104198116e-05,0.5725818771599397
2024-01-02,0.0,-0.004770110876192238,0.5171288825568429
2024-01-03,0.0,-0.007722366700189526,0.5296152377115859
2024-01-04,0.0,-0.0029109680804305983,0.5420767358661538
2024-01-05,0.0,-0.003322400165660482,0.5204255387430374
2024-01-08,1.0,0.003853729000185663,0.5631538103979126
2024-01-09,1.0,0.004811490471919322,0.5220012842036491
2024-01-10,0.0,-0.00041687511025592574,0.5643583386036337
2024-01-11,0.0,-0.003170103597529932,0.5611899468447793
2024-01-12,0.0,-0.0008739622255514992,0.6088340971130575
2024-01-15,0.0,-0.00976671728807606,0.5744750447919338
2024-01-16,0.0,-0.008644030051620706,0.5299558768539456
2024-01-17,0.0,-0.0020869863155507074,0.5794220397960607
2024-01-18,0.0,-0.003934870496256988,0.5665368211508826
2024-01-19,0.0,-0.0034199474464248407,0.5541141035794418
2024-01-22,1.0,0.0024193896588517584,0.5868996023512545
2024-01-23,1.0,0.0037909604025471028,0.5611046632597235
2024-01-24,1.0,0.006081831626618732,0.571231849125876
2024-01-25,1.0,0.012504330983125601,0.5840038437088598
2024-01-26,1.0,0.012661812683531434,0.5673892051757154
2024-01-29,1.0,0.002912179118494333,0.5293403330637935
2024-01-30,0.0,-0.000707110650680693,0.5538266385203182
2024-01-31,1.0,0.0010791965184892634,0.5899413351298952
2024-02-01,1.0,0.0014487057315487155,0.5823991467096914
2024-02-02,0.0,-0.008534313129674245,0.594985510506657
2024-02-05,0.0,-0.0021208915691376244,0.5961755897014844
2024-02-06,0.0,-0.0004994381424830442,0.55448844464385
2024-02-07,0.0,-0.0042404653214890555,0.5496886924736687
2024-02-08,0.0,-0.009516954947378385,0.5610211064316232
2024-02-19,1.0,0.0017459266157677108,0.5501317973872818
2024-02-20,1.0,0.002079348665698195,0.5551174290257795
2024-02-21,1.0,0.0017885000088226726,0.617976669953214
2024-02-22,1.0,0.003659504229540752,0.6002636240175615
2024-02-23,1.0,0.010054511558830356,0.602119345802234
2024-02-26,1.0,0.017620150399819113,0.5992243405073939
2024-02-27,1.0,0.03257403998278659,0.583562822343896
2024-02-28,1.0,0.03955789801447878,0.6028770925831398
2024-02-29,1.0,0.04872888669214731,0.5562206303146141
2024-03-01,1.0,0.04541827774832062,0.5673246043364739
2024-03-04,1.0,0.036462372537355014,0.7023804005936458
2024-03-05,1.0,0.01868394157986936,0.693798047216185
2024-03-06,1.0,0.009778279676418047,0.630866977225346
2024-03-07,1.0,0.0009088933861545016,0.6019024981585609
2024-03-08,1.0,0.0037064826944687426,0.5759217697328524
2024-03-11,0.0,-0.00841619445136436,0.5811376054015762
2024-03-12,0.0,-0.003004073566342137,0.572323342861964
2024-03-13,1.0,0.00023730422512870212,0.5786569904342892
2024-03-14,1.0,0.01831682065898313,0.6025452137066595
2024-03-15,1.0,0.008465327242131764,0.5553058681824006
2024-03-18,1.0,0.018438593656526028,0.5589672352375563
2024-03-19,1.0,0.01761831685717997,0.4926283620592884
2024-03-20,1.0,0.020897684651992328,0.4870503505635514
2024-03-21,1.0,0.008303610518559624,0.4412957931291479
2024-03-22,1.0,0.036065147596049306,0.5242090477973037
2024-03-25,1.0,0.03937651886387569,0.4919478281074465
2024-03-26,1.0,0.03916835262861673,0.4795714112013328
2024-03-27,1.0,0.04745961231091404,0.479154305191946
2024-03-28,1.0,0.06467072393685756,0.5050650582574311
2024-03-29,1.0,0.04709476958418715,0.46858792410338107
2024-04-01,1.0,0.04528509323972732,0.5108310673197622
2024-04-02,1.0,0.03758378413812916,0.5261232630370078
2024-04-03,1.0,0.0521331691017781,0.506995627086841
2024-04-08,1.0,0.016341927390394057,0.39049799390712037
2024-04-09,1.0,0.01793770068666747,0.44328946768521943
2024-04-10,1.0,0.015978183986574853,0.4174230153509081
2024-04-11,1.0,0.018381230264163387,0.4068476893768794
2024-04-12,0.0,-0.003863720999054643,0.3357123488185187
2024-04-15,0.0,-0.009730095477050619,0.48284418918609306
2024-04-16,0.0,-0.039867130148611075,0.39088796944565185
2024-04-17,0.0,-0.02999921059528181,0.3849220257803023
2024-04-18,0.0,-0.027318422269903817,0.40649989584963403
2024-04-19,0.0,-0.02443837779833439,0.41363839624498133
2024-04-22,0.0,-0.01254206082760079,0.4108571327515114
2024-04-23,1.0,0.008516600264535044,0.4257539766554399
2024-04-24,0.0,-0.004875751026615641,0.39799506040551846
2024-04-25,0.0,-0.0008362876589571897,0.43326098772135624
2024-04-26,0.0,-0.010112628995210714,0.34354648170441476
2024-04-29,0.0,-0.006111554546002468,0.3383095604500646
2024-04-30,1.0,0.021424890084106057,0.31855191062831906
2024-05-06,1.0,0.01681866868251261,0.34143673849313344
2024-05-07,1.0,0.00869224262430675,0.3727917644239452
2024-05-08,1.0,0.018086809180857963,0.4614984872178546
2024-05-09,1.0,0.029340903159844327,0.4634829022121699
2024-05-10,1.0,0.006144248903617235,0.4367243833076357
2024-05-13,1.0,0.03734837406098049,0.4853696075939387
2024-05-14,1.0,0.03124033826073166,0.4455390004472213
2024-05-15,1.0,0.025258774364626393,0.43860096093154316
2024-05-16,0.0,-0.00836199652440238,0.4186924820246239
2024-05-17,0.0,-0.01854717522166998,0.47551346689613755
2024-05-20,0.0,-0.04065356837580091,0.414313660938812
2024-05-21,0.0,-0.02882718360231872,0.4396094687821988
2024-05-22,0.0,-0.024043099157701,0.4341446395965637
2024-05-23,0.0,-0.009911026258634562,0.47447185198195196
2024-05-24,1.0,0.004283124225627164,0.43099805449637046
2024-05-27,0.0,-0.007621905520450781,0.5043780498364357
2024-05-28,1.0,0.0005035065742049948,0.48672541871234926
2024-05-29,0.0,-0.010922395078794476,0.4722525337746213
2024-05-30,1.0,0.01422529676227383,0.41777925836807156
2024-05-31,1.0,0.009721653462799488,0.42701197318466155
2024-06-03,0.0,-0.012368583531622842,0.42437463103381057
2024-06-04,0.0,-0.01485157880585453,0.4150926343287715
2024-06-05,0.0,-0.00940064633006514,0.43032811460170467
2024-06-06,0.0,-0.024600113221791592,0.4587429233656559
2024-06-07,0.0,-0.023099537552641058,0.5299492794038227
2024-06-11,1.0,0.009681678752566945,0.4732318026237274
2024-06-12,1.0,0.00792414455022918,0.5053578209853987
2024-06-13,1.0,0.015774567331376325,0.4587829827586516
2024-06-14,1.0,0.020321574231564363,0.5241047555734005
2024-06-17,1.0,0.003125456825389779,0.6195334098775582
2024-06-18,1.0,0.003774137155208701,0.4768006469674526
2024-06-19,0.0,-0.006720577470207202,0.4561784416692078
2024-06-20,0.0,-0.021332981408342507,0.42210671340958145
2024-06-21,0.0,-0.014794287432369524,0.41310331357976354
2024-06-24,1.0,0.0004353346703978489,0.40401731513910594
2024-06-25,1.0,0.0005793742919889742,0.48457748344792356
2024-06-26,1.0,0.012676736220945804,0.5003616478390542
2024-06-27,1.0,0.02344862540679166,0.5475882202697904
2024-06-28,1.0,0.014651353717636097,0.5294949302653426
2024-07-01,1.0,0.016760570740972723,0.5407039275683377
2024-07-02,1.0,0.01112382548681123,0.5199239653279119
2024-07-03,1.0,0.00967056247105075,0.5124966752760708
2024-07-04,1.0,0.012671463372300438,0.500878969612593
2024-07-05,1.0,0.0157422148272737,0.5023719196519999
2024-07-08,1.0,0.0134624912037126,0.551146551986748
2024-07-09,1.0,0.028724628398157138,0.4968098568778584
2024-07-10,1.0,0.03581500530629831,0.5257255250056235
2024-07-11,1.0,0.027937018367543955,0.5509307983425772
2024-07-12,0.0,-0.004583605796566017,0.5764460845971714
2024-07-15,0.0,-0.005186385926497842,0.5094201221206414
2024-07-16,0.0,-0.021696791470893956,0.5067747101993431
2024-07-17,0.0,-0.020709565711997814,0.4987076219302442
2024-07-18,0.0,-0.04538398856236032,0.48910719363381927
2024-07-19,0.0,-0.01524083198827849,0.5475048244452209
2024-07-22,0.0,-0.007384823733694737,0.49155624364909845
2024-07-23,0.0,-0.001031459606662382,0.5639790810691447
2024-07-24,0.0,-0.0059159268249305745,0.4682676856080363
2024-07-25,1.0,0.02702147397444966,0.5920734266606225
2024-07-26,1.0,0.0294518467741105,0.4244120908867894
2024-07-29,0.0,-0.0023189863939489168,0.4818162688107931
2024-07-30,0.0,-0.014047892726259587,0.4490693863517697
2024-07-31,0.0,-0.01821245342891047,0.4523186027868769
2024-08-01,0.0,-0.02626592877669516,0.3573217949585811
2024-08-02,0.0,-0.02351307717310406,0.4673845825523626
2024-08-05,1.0,0.009526928549398784,0.545851475331183
2024-08-06,1.0,0.027198999647621264,0.5424507244948695
2024-08-07,1.0,0.021632465576872033,0.5276048953773016
2024-08-08,1.0,0.019375895543507247,0.6110727662838282
2024-08-09,1.0,0.012477564314750013,0.6284891566663607
2024-08-12,1.0,0.014750047926580427,0.5051634441907933
2024-08-13,1.0,0.008358884028841305,0.5330259555368979
2024-08-14,1.0,0.013946154976170268,0.5437361777394363
2024-08-15,1.0,0.013106439366267401,0.5020729671984766
2024-08-16,1.0,0.008488896212840616,0.42438965221467084
2024-08-19,1.0,0.004348211042602705,0.48863474426488096
2024-08-20,1.0,0.0029560612042033962,0.46250026563559327
2024-08-21,0.0,-0.0018065596908880585,0.48452256520873727
2024-08-22,1.0,0.0010439140762886908,0.4649289269500506
2024-08-23,1.0,0.002581456816233747,0.4365910658790224
2024-08-26,0.0,-0.009380899119185479,0.3916364783438336
2024-08-27,0.0,-0.006654729016801327,0.38576778226795
2024-08-28,0.0,-0.012139595285282332,0.38523316082816855
2024-08-29,0.0,-0.005265464174847046,0.38704735223596926
2024-08-30,0.0,-0.0006621708991320653,0.43359285432048733
2024-09-02,0.0,-0.0028069208984022277,0.3635155017031515
2024-09-03,1.0,0.0019557176031715223,0.3401262794006598
2024-09-04,1.0,0.013807304656591517,0.36575100720115267
2024-09-05,1.0,0.0055436573122256945,0.3769066625671765
2024-09-06,1.0,0.017109796439101623,0.3653600118842881
2024-09-09,1.0,0.023885877811886808,0.4145148900422649
2024-09-10,1.0,0.015509554121652194,0.37996927942605374
2024-09-11,1.0,0.02485686027285883,0.3635605305314184
2024-09-12,1.0,0.03404409566899704,0.38296264280909964
2024-09-13,1.0,0.018101732150919956,0.48699547517045694
2024-09-18,1.0,0.026039699061532886,0.3766896138920863
2024-09-19,1.0,0.029948943347524352,0.39382064871481937
2024-09-20,1.0,0.014789688422232087,0.4029537204191414
2024-09-23,1.0,0.0026513196609504346,0.33895743691974906
2024-09-24,1.0,0.003326448306986069,0.357122550919715
2024-09-25,0.0,-0.01651370388225135,0.3406618935190008
2024-09-26,0.0,-0.015454700345857768,0.3307657949796151
2024-09-27,0.0,-0.003409094210772977,0.33302721640681576
2024-09-30,1.0,0.010966593799808093,0.35668128220661166
2024-10-08,1.0,0.012368267279022623,0.34680931310000757
2024-10-09,1.0,0.03902072661576091,0.45004620336751183
2024-10-10,1.0,0.03911001697186075,0.43252649115190106
2024-10-11,1.0,0.035648771705086194,0.3338072171439245
2024-10-14,1.0,0.036648204369746674,0.2777814626671411
2024-10-15,1.0,0.03717078058577335,0.29095071063570904
2024-10-16,1.0,0.028956723066610145,0.25988093433405596
2024-10-17,1.0,0.01659708747038144,0.2882005360000112
2024-10-18,1.0,0.009101350834166409,0.2846775065117786
2024-10-21,1.0,0.0012136699030495764,0.2794454090212103
2024-10-22,1.0,0.008424114031861857,0.3160399467843635
2024-10-23,1.0,0.013653272993126268,0.36258965467407905
2024-10-24,1.0,0.01764845044490166,0.4149521613961856
2024-10-25,1.0,0.007971726792008582,0.4366455890363107
2024-10-28,0.0,-0.0019169947402263227,0.43229906131768764
2024-10-29,0.0,-0.010789239143572372,0.37953825750414644
2024-10-30,0.0,-0.023063080706409715,0.3250380721817681
2024-10-31,0.0,-0.039043275540698016,0.35772086924421265
2024-11-01,0.0,-0.022872824957250855,0.37347675910659506
2024-11-04,0.0,-0.015469708093607995,0.37161448368341293
2024-11-05,0.0,-0.0314648767115807,0.397923193253473
2024-11-06,0.0,-0.031911020116357006,0.4865293328054794
2024-11-07,0.0,-0.030257534814954752,0.5319351864885363
2024-11-08,0.0,-0.03670227792457989,0.542135660695139
2024-11-11,0.0,-0.024960601336448,0.5296254059920812
2024-11-12,1.0,0.006877855167186711,0.5550804859025616
2024-11-13,1.0,0.010106582824037867,0.5365067304645008
2024-11-14,1.0,0.04063988385717263,0.5788016925139868
2024-11-15,1.0,0.056648892142408674,0.5774126833887044
2024-11-18,1.0,0.030434565156446776,0.5876822156104697
2024-11-19,1.0,0.0016384314049624489,0.5603231387793433
2024-11-20,1.0,0.009551357798018629,0.6008909411648242
2024-11-21,0.0,-0.0073117557041943474,0.5433541749592222
2024-11-22,0.0,-0.014566946708095168,0.49386936327736286
2024-11-25,0.0,-0.009542119073431832,0.6226690731424062
2024-11-26,1.0,0.013787042863655372,0.6865068450120885
2024-11-27,1.0,0.002850943065552784,0.6562978872646166
2024-11-28,1.0,0.00844435027555298,0.7167636758346256
2024-11-29,0.0,-0.004632562506734789,0.6997925382344782
2024-12-02,1.0,0.009477513329958711,0.6143654043269003
2024-12-03,1.0,0.003417263714269404,0.5748471652274431
2024-12-04,1.0,0.014197848670118295,0.6188457744193099
2024-12-05,1.0,0.020772402707563732,0.5148654782449209
2024-12-06,1.0,0.015561633038925094,0.5285477414185936
2024-12-09,1.0,0.0009686481658874631,0.5052208664310508
2024-12-10,0.0,-0.0037079473072275247,0.5667539187619796
2024-12-11,0.0,-0.013745038001924647,0.48845546915320154
2024-12-12,0.0,-0.028695036524172053,0.4710682498643822
2024-12-13,0.0,-0.01881398572856321,0.5156076702924713
2024-12-16,1.0,0.00067749587221932,0.6168168597412262
2024-12-17,0.0,-0.0025228035891548786,0.5895571464670073
2024-12-18,1.0,0.0008080808520535348,0.5706568290458618
2024-12-19,1.0,0.010087171789993325,0.6108360342514622
2024-12-20,1.0,0.010177050305910344,0.6834163758916373
2024-12-23,0.0,-0.004007114749457601,0.6276037911252108
2024-12-24,1.0,3.238394404334295e-05,0.5777505650456232
2024-12-25,1.0,0.005477700179585651,0.5606195469882679
2024-12-26,1.0,0.013176434925519719,0.5632625256004499
2024-12-27,1.0,0.0075493877352538555,0.6181092387745504
2024-12-30,1.0,0.011845504973559367,0.628934600316615
2024-12-31,1.0,0.016635471461550356,0.6312041196291186
2025-01-02,1.0,0.014198212509398034,0.6034090628371762
2025-01-03,1.0,0.011872675911516188,0.6393616722298117
2025-01-06,1.0,0.01936577010010689,0.637305367596409
2025-01-07,1.0,0.011263960253840629,0.6204954343543176
2025-01-08,1.0,0.014041976455687239,0.6223664537842805
2025-01-09,1.0,0.012311044800206722,0.6089851584855295
2025-01-10,1.0,0.008180966216462101,0.6152007416736063
2025-01-13,1.0,0.004166215871608379,0.6153965563971056
2025-01-14,1.0,0.012076757779890116,0.6247043523184677
2025-01-15,1.0,0.013444794271750696,0.5859810629540675
2025-01-16,1.0,0.011016823216611432,0.5920999224199618
2025-01-17,1.0,0.012748509327027731,0.5544802800886253
2025-01-20,1.0,0.012024940211988907,0.5562452703247746
2025-01-21,1.0,0.04710811307145882,0.5585288762730806
2025-01-22,1.0,0.03501331839972559,0.5606289635891355
2025-01-23,1.0,0.03601939412382397,0.5742182649681362
2025-01-24,1.0,0.045460319315310097,0.560094670923814
2025-01-27,1.0,0.057317979410155054,0.5510951731129854
2025-02-05,1.0,0.015652827980960456,0.45304149112573694
2025-02-06,1.0,0.023799736810519116,0.4876575971466941
2025-02-07,1.0,0.027241616823162368,0.4158134231404193
2025-02-10,0.0,-0.002919968450833091,0.41958379181672856
2025-02-11,0.0,-0.00426726549218199,0.38876616557508
2025-02-12,1.0,0.009612789687603459,0.5150387364125452
2025-02-13,1.0,0.007915301481505835,0.4452753168075042
2025-02-14,0.0,-0.0057690786736145595,0.4522707480371404
2025-02-17,1.0,0.013029500290333897,0.6080938430139563
2025-02-18,1.0,0.004033913684105129,0.5658328050261643
2025-02-19,0.0,-0.01225860496578235,0.4040148585031697
2025-02-20,0.0,-0.01902032467903011,0.46600786746272965
2025-02-21,0.0,-0.01816408965402848,0.5193701655593521
2025-02-24,0.0,-0.019995071247473035,0.4532883744597194
2025-02-25,0.0,-0.012859836646664995,0.44972865016254837
2025-02-26,1.0,0.004024741401410704,0.5064726549365447
2025-02-27,1.0,0.005362259099597415,0.5513849839857654
2025-02-28,1.0,0.010890903741369085,0.5329974820539758
2025-03-03,1.0,0.013442849602126897,0.5608694511974368
2025-03-04,1.0,0.001092751035361324,0.5445142377146444
2025-03-05,0.0,-0.0038187045200802107,0.558530439017118
2025-03-06,1.0,0.005655112716631325,0.5445514818420023
2025-03-07,1.0,0.022526490200554833,0.5640765920357856
2025-03-10,1.0,0.020967198585252592,0.584122556582597
2025-03-11,1.0,0.033581725658307145,0.5779292756541524
2025-03-12,1.0,0.04006592561837723,0.5867634222785545
2025-03-13,1.0,0.034461414402231653,0.5740845657835192
2025-03-14,1.0,0.017119797258083914,0.5849816341773882
2025-03-17,1.0,0.015965216373379904,0.5814290545639285
2025-03-18,1.0,0.008611310371961094,0.5595852429459051
2025-03-19,1.0,0.0023722793468879387,0.5065498793981438
2025-03-20,1.0,0.002537356873029043,0.48063692662588803
2025-03-21,1.0,0.022158471508324427,0.4714610741483675
2025-03-24,1.0,0.03154185790712747,0.47559076900152
2025-03-25,1.0,0.040946498626221815,0.4820567551122468
2025-03-26,1.0,0.03408018606327599,0.435398726108717
2025-03-27,1.0,0.039664630678530974,0.4182012702372625
2025-03-28,0.0,-0.006412324710105352,0.38996157471670057
2025-03-31,0.0,-0.014603232555283716,0.3873947488308519
2025-04-01,0.0,-0.011144306974431369,0.36254768644101276
2025-04-02,1.0,0.014722067154083232,0.36588738847648133
2025-04-03,1.0,0.02440742943748171,0.3321755164827846
2025-04-07,1.0,0.06137623991849056,0.39089909193639694
2025-04-08,1.0,0.06097624817371703,0.4573912735468466
2025-04-09,1.0,0.07084976332833329,0.45769072728030924
2025-04-10,1.0,0.05835912784961696,0.40946054736841847
2025-04-11,1.0,0.043563775778293914,0.4240824682033198
2025-04-14,1.0,0.05282033487606291,0.351865623510351
2025-04-15,1.0,0.08399154271789819,0.35905539507173756
2025-04-16,1.0,0.0034229987186479554,0.3353121603379153
2025-04-17,1.0,0.0037687692418609904,0.3214188318106856
2025-04-18,0.0,-0.004840906160026992,0.28460041106648587
2025-04-21,0.0,-0.031571608382481436,0.31787736308619813
2025-04-22,0.0,-0.05727303650861715,0.22334269802164655
2025-04-23,0.0,-0.005087638324505565,0.283935640063364
2025-04-24,1.0,0.003276625489845305,0.24561308327456863
2025-04-25,1.0,0.02049483943952365,0.21106063201806047
2025-04-28,1.0,0.013674599711888814,0.2788887375326349
2025-04-29,1.0,0.004168896960332642,0.2898784059110326
2025-04-30,0.0,-0.010331282555099523,0.1756152901186395
2025-05-06,0.0,-0.034717531026332064,0.18086019158249395
2025-05-07,0.0,-0.0533981510869513,0.19245301651783253
2025-05-08,0.0,-0.06661288676539243,0.1971778349781747
2025-05-09,0.0,-0.04756061166031645,0.22092810208330654
2025-05-12,0.0,-0.02149100472216173,0.3999034162791042
2025-05-13,0.0,-0.017476759818184837,0.3769561935453172
2025-05-14,1.0,0.022149558543522865,0.43071106137195975
2025-05-15,1.0,0.05301520322773114,0.5125839620816367
2025-05-16,1.0,0.036951785464190014,0.44021863723100546
2025-05-19,1.0,0.027970202390719595,0.3858080782448159
2025-05-20,1.0,0.022570061198429157,0.4125996729094589
2025-05-21,0.0,-0.008381414066522968,0.2736025419086189
2025-05-22,0.0,-0.020435566952615686,0.2944290982130174
2025-05-23,0.0,-0.01069666749074918,0.3103227727339226
2025-05-26,1.0,0.007434025520717994,0.34469140692907585
2025-05-27,1.0,0.01392539973450971,0.32793104651835314
2025-05-28,1.0,0.014704635134950126,0.4112965351567373
2025-05-29,1.0,0.02445261279347468,0.5083943206259511
2025-05-30,1.0,0.0037762246461754494,0.46238282221942784
2025-06-03,0.0,-0.010319956045429929,0.3528336758340291
2025-06-04,0.0,-0.0062565910907057655,0.3317416318145393
2025-06-05,1.0,0.001835704967081568,0.282074236109304
2025-06-06,1.0,0.014097596560837616,0.24167824976412153
2025-06-09,1.0,0.022438434221502435,0.3273574499246487
2025-06-10,1.0,0.01284517770641633,0.291127731849808
2025-06-11,1.0,0.01008351687565747,0.31338582150285066
2025-06-12,0.0,-0.005005117700957133,0.2892229145988214
2025-06-13,0.0,-0.020065011280276015,0.3089316893460226
2025-06-16,0.0,-0.013980908968497583,0.3305681664053914
2025-06-17,0.0,-0.0169824369887439,0.31256484915520794
2025-06-18,0.0,-0.014724255345935707,0.3287462664857525
2025-06-19,0.0,-0.007658146542395967,0.3692740873063845
2025-06-20,0.0,-0.015767521059037153,0.39333646742852413
2025-06-23,0.0,-0.01771649044569992,0.34685169702121255
2025-06-24,1.0,0.005478191430958791,0.38169429501617685
2025-06-25,1.0,0.0027097140414019767,0.398075766769394
2025-06-26,1.0,0.007709345887055422,0.3823475243775905
2025-06-27,1.0,0.0138133408069001,0.3549974219334365
2025-06-30,1.0,0.004834694382954814,0.3925007985911913
2025-07-01,1.0,0.00015460729777251709,0.3306492803329758
2025-07-02,0.0,-0.011951971994703964,0.3784004995546521
2025-07-03,0.0,-0.01026652869836044,0.36102281882177767
2025-07-04,0.0,-0.004514330969453077,0.3481307385417531
2025-07-07,1.0,0.013009779681016761,0.4159076482136332
2025-07-08,1.0,0.005370623591090501,0.47664607125659614
2025-07-09,1.0,0.01275058091201153,0.48285658659902914
2025-07-10,1.0,0.003846208228904585,0.4731754063849633
2025-07-11,1.0,0.0044628535680210114,0.5646947985865266
2025-07-14,1.0,0.0003838526053146065,0.4774415315304307
2025-07-15,1.0,0.005673266602944817,0.48415602215494247
2025-07-16,1.0,0.02069443611454393,0.4467316198651782
2025-07-17,1.0,0.003163949083828247,0.4196353825192699
2025-07-18,1.0,0.0003860159343840018,0.4180964881388193
2025-07-21,0.0,-0.008891917139669593,0.41240454638800467
2025-07-22,0.0,-0.017220977149771857,0.5941656917412568
2025-07-23,0.0,-0.024409514817922976,0.6502220582984004
2025-07-24,0.0,-0.010923143816035607,0.6132327362322846
2025-07-25,0.0,-0.008526963114592001,0.5550065022807481
2025-07-28,1.0,0.008533659292549945,0.5509062552103019
2025-07-29,1.0,0.014235024212179264,0.572937096457578
2025-07-30,1.0,0.012713178303372796,0.611620562280507
2025-07-31,1.0,0.018955110053176478,0.5667291720477017
2025-08-01,1.0,0.021919107654894854,0.553432713523338
2025-08-04,0.0,-0.0024857466832313474,0.6038703386823172
2025-08-05,0.0,-0.008289857167806627,0.558273698191318
2025-08-06,0.0,-0.007634211536177903,0.5434490966330273
2025-08-07,0.0,-0.008083332581923019,0.5655766936872528
2025-08-08,0.0,-0.015349495530938704,0.6475440184817991
2025-08-11,0.0,-0.002337620032595036,0.6415435348043839
2025-08-12,0.0,-0.001263619535039642,0.6236158502488054
2025-08-13,0.0,-0.006501570889532617,0.657834441199132
2025-08-14,0.0,-0.004608006506191722,0.695816315557087
2025-08-15,0.0,-0.00309837583267011,0.6836680526514576
2025-08-18,1.0,0.0019526739844452033,0.6327537659792002
2025-08-19,1.0,0.007788341493133203,0.668348050383949
2025-08-20,1.0,0.010915003076489252,0.6529576888806976
2025-08-21,1.0,0.010395771074998467,0.6331232650455296
2025-08-22,1.0,0.015040193168396684,0.6360013018137647
2025-08-25,1.0,0.02706939813441676,0.6607923489785072
2025-08-26,1.0,0.02926841273966987,0.6681639528617167
2025-08-27,1.0,0.042260868721713016,0.6730342661336094
2025-08-28,1.0,0.037292881847469844,0.6662806792761664
2025-08-29,1.0,0.038087466358706884,0.681091129186245
2025-09-01,1.0,0.027474594068617148,0.720624293467483
2025-09-02,1.0,0.036811576423450516,0.704319948370106
2025-09-03,1.0,0.02249685364426285,0.682945725272398
2025-09-04,1.0,0.021658509530501642,0.6659668988200992
2025-09-05,1.0,0.02257311784107882,0.6359688356378054
2025-09-08,1.0,0.010565479133040123,0.6770043885894702
2025-09-09,1.0,0.00906624523775326,0.6062049941617409
2025-09-10,1.0,0.0019898118642017507,0.619863070263324
2025-09-11,0.0,-0.00807313676038091,0.5660992411078968
2025-09-12,0.0,-0.004396984462460202,0.557327634565685
2025-09-15,1.0,0.017758645589332118,0.521623230171641
2025-09-16,1.0,0.015740934842932305,0.5001977116351937
2025-09-17,1.0,0.029404860602794458,0.48877305674053606
2025-09-18,1.0,0.03648204815225815,0.5310616217220681
2025-09-19,1.0,0.03024029506433545,0.5306248161304707
2025-09-22,1.0,0.023374988677900593,0.4389703085238826
2025-09-23,1.0,0.021921980413927525,0.44928395008194816
2025-09-24,1.0,0.06124823034178905,0.4335121763737665
2025-09-25,1.0,0.0533526662474735,0.4550790448706445
2025-09-26,1.0,0.08021701527298036,0.47541524102537575
2025-09-29,1.0,0.08030898947581393,0.5311778526482144
2025-09-30,1.0,0.09374945156401021,0.4737891442833245
2025-10-09,1.0,0.05541790274130028,0.3601607456420688
2025-10-10,1.0,0.10342866281040043,0.46383962758322067
2025-10-13,1.0,0.04506843158439038,0.34989273146271704
2025-10-14,1.0,0.05700338728098496,0.29895617647899303
2025-10-15,0.0,-0.008134291283419446,0.2619860552253522
2025-10-16,0.0,-0.02529605200623708,0.3174646720387139
2025-10-17,0.0,-0.06369870584756465,0.22008228599396673
2025-10-20,0.0,-0.03799959407098709,0.3969979956881697
2025-10-21,0.0,-0.09787064470550227,0.2414438704188218
2025-10-22,0.0,-0.044741931940147826,0.5251805131211909
2025-10-23,0.0,-0.03248705704113405,0.38985888779768507
2025-10-24,0.0,-0.017398101235741675,0.4623377640212266
2025-10-27,0.0,-0.012452226907784148,0.3862682995801913
2025-10-28,1.0,0.015630821937624318,0.5535653257604329
2025-10-29,1.0,0.0015138719610758144,0.42359886568170624
2025-10-30,1.0,0.006164088677461371,0.4570732521046683
2025-10-31,0.0,-0.000716153634705429,0.28176907942848484
2025-11-03,1.0,0.014420015706081956,0.35348997775944946
2025-11-04,1.0,0.03572459748100881,0.2696955294023933
2025-11-05,1.0,0.036063799912211626,0.46482476056085215
2025-11-06,1.0,0.046223809009289525,0.5447193926029529
2025-11-07,1.0,0.034082446963128954,0.4973105596512129
2025-11-10,0.0,-0.006990336381609185,0.4995716298275139
2025-11-11,0.0,-0.03251866267035082,0.5140412327822524
2025-11-12,0.0,-0.009305554837637177,0.5358292355847363
2025-11-13,0.0,-0.0302698183584458,0.470771462632222
2025-11-14,0.0,-0.027935906672573743,0.5406802161558326
2025-11-17,1.0,0.0009248406384612698,0.6389191262282633
2025-11-18,1.0,0.03000729159870802,0.6403690492661819
2025-11-19,1.0,0.010320096689961781,0.49584910252835046
2025-11-20,1.0,0.01553454089673441,0.5292625674757973
2025-11-21,1.0,0.028690971937693193,0.5013423424413971
2025-11-24,1.0,0.034815514599175736,0.4085022877366848
2025-11-25,1.0,0.012515124607593896,0.29591479798838743
2025-11-26,1.0,0.010486483755737614,0.38957428965790813
2025-11-27,1.0,0.006587486596405212,0.3531104952911144
2025-11-28,1.0,0.007436220923413082,0.31800555639361366
2025-12-01,0.0,-0.0047659275010126295,0.3815347241860832
2025-12-02,0.0,-0.007204370518406841,0.4441332771191841
2025-12-03,0.0,-0.00031362709995205827,0.39565077652892566
2025-12-04,1.0,0.004687868284129359,0.39931114063515233
2025-12-05,1.0,0.009960221079893314,0.41426600609689745
2025-12-08,1.0,0.02519367385877276,0.4617749117487548
2025-12-09,1.0,0.02067719380198096,0.41955982784925855
2025-12-10,1.0,0.024090580970630944,0.4023050839109887
2025-12-11,1.0,0.023319257247554917,0.3870446640090404
2025-12-12,1.0,0.00947427314875977,0.36011663789645354
2025-12-15,1.0,0.017843035452295524,0.3310758443868307
2025-12-16,1.0,0.04313592399531084,0.3334939510017272
2025-12-17,1.0,0.03506175427679691,0.3380700646555421
2025-12-18,1.0,0.028414487157605403,0.33105124754282983
2025-12-19,1.0,0.03647333450194803,0.34933991466559067
2025-12-22,1.0,0.006294716109576498,0.39139293771612405
2025-12-23,0.0,-0.029415651106235684,0.378281939475958
2025-12-24,0.0,-0.03726889978164896,0.38470944943214685
2025-12-25,0.0,-0.01373439563541367,0.36926655971818206
2025-12-26,0.0,-0.011200940346074545,0.3009364679004761
2025-12-29,0.0,-0.008254951965491543,0.3921875607518748
2025-12-30,1.0,0.013213962834068274,0.6440959876483207
2025-12-31,1.0,0.02915470299292691,0.6167997496551664
2026-01-05,1.0,0.03095315582389801,0.5164320040861111
2026-01-06,1.0,0.021849542543515354,0.4944497237919772
2026-01-07,1.0,0.04091729481435667,0.5291305689312104
2026-01-08,1.0,0.03665676948294726,0.44880172631624476
2026-01-09,1.0,0.02534960145391381,0.43345146181247673
2026-01-12,1.0,0.02178231420865582,0.506835926353493
2026-01-13,1.0,0.031602656770369636,0.5041808716635201
2026-01-14,1.0,0.04846887549703687,0.476542495685205
2026-01-15,1.0,0.04936039972895292,0.586053590848196
2026-01-16,1.0,0.0776195347589777,0.5962865573684256
2026-01-19,1.0,0.0862133824251498,0.5799244610865584
2026-01-20,1.0,0.07993241344906883,0.5208874807315625
2026-01-21,1.0,0.08246935555512877,0.5533687788924068
2026-01-22,1.0,0.13848425889639163,0.5427288765835253
2026-01-23,1.0,0.040215163129742555,0.374822629255332
2026-01-26,0.0,-0.12537307997367134,0.32666559351720853
2026-01-27,0.0,-0.04871266669350354,0.35616839568992253
2026-01-28,0.0,-0.03823654072234476,0.2414567006626807
2026-01-29,0.0,-0.12190642202889657,0.103687112731735
2026-01-30,0.0,-0.06335561247885209,0.1768404759128554
2026-02-02,1.0,0.11005501166923469,0.44955887116279253
2026-02-03,1.0,0.024777791295122503,0.33720652006961527
2026-02-04,0.0,-0.009946827311963715,0.2343703436631111
2026-02-05,1.0,0.01824521461422288,0.4501997281600182
2026-02-06,1.0,0.0181623194319441,0.25098619129564065
2026-02-09,1.0,0.021578388163560926,0.06660580514099415
2026-02-10,1.0,0.026265878784856415,0.2394065270830404
2026-02-11,1.0,0.0141248263794983,0.16255047020437335
2026-02-12,1.0,0.01915609011414395,0.07144785394054662
2026-02-13,1.0,0.07555210114691327,0.21520189961301908
2026-02-24,1.0,0.027011288490622884,0.42171224767054893
2026-02-25,1.0,0.0017360211293637208,0.31026919442984136
2026-02-26,1.0,0.004803183506020534,0.22989578496302102
2026-02-27,0.0,-0.006204415411419695,0.24307427035785373
2026-03-02,0.0,-0.04897394009697348,0.10972845051281623
2026-03-03,0.0,-0.027445976608747803,0.16161105869553635
2026-03-04,0.0,-0.0009370770824195271,0.2595601070266038
2026-03-05,0.0,-0.0033911601560703093,0.23956403832732084
2026-03-06,0.0,-0.006860788632025116,0.3180495691033209
2026-03-09,0.0,-0.019182819416773987,0.3231765772389432
2026-03-10,0.0,-0.02983188300296246,0.1469556578579733
2026-03-11,0.0,-0.033956032074874555,0.2349268682983096
2026-03-12,0.0,-0.07795447929788205,0.2863571938954463
2026-03-13,0.0,-0.08639855028329212,0.28636429053641144
2026-03-16,0.0,-0.17372084670771748,0.20839979044140156
2026-03-17,0.0,-0.13291213576412036,0.29245578290762725
2026-03-18,0.0,-0.09366271227785423,0.3204845797922989
2026-03-19,0.0,-0.06418202474018338,0.44120798814422507
2026-03-20,0.0,-0.039811330365418805,0.5554810328584661
2026-03-23,1.0,0.07664578262153736,0.8695682976232251
2026-03-24,1.0,0.0428827380982604,0.8127508562515783
2026-03-25,1.0,0.037950702055018666,0.6085954971970645
2026-03-26,1.0,0.027529761705527754,0.6023676485315135
2026-03-27,1.0,0.033808088740343,0.6146801454893898
2026-03-30,1.0,0.01893515356172109,0.3214423664181673
2026-03-31,1.0,0.040253261113410814,0.4632660205305259
2026-04-01,0.0,-0.011325019584126938,0.3749582482851966
2026-04-02,1.0,0.023725378577590234,0.47000908542537195
2026-04-03,1.0,0.010017421468653882,0.5220512929638013
2026-04-07,1.0,0.017766745903790827,0.6764014054232562
2026-04-08,0.0,-0.003546772008456187,0.5436689945075868
2026-04-09,1.0,0.01919386303112824,0.5456234863190786
2026-04-10,1.0,0.00538438690852785,0.39873223107651184
2026-04-13,1.0,0.011018239911151247,0.45346074307887535
2026-04-14,0.0,-0.0010643758251162282,0.367466906268642
2026-04-15,0.0,-0.006484541408080221,0.37402284892615806
2026-04-16,0.0,-0.020404598364337393,0.24560492170692552
2026-04-17,0.0,-0.02099648590195819,0.28352715809677737
2026-04-20,0.0,-0.014839986239914733,0.2427805058412843
2026-04-21,0.0,-0.028548568190952195,0.25452646378905786
2026-04-22,0.0,-0.038312622643852934,0.264131239565542
2026-04-23,0.0,-0.02328695137879054,0.3617059849600176
2026-04-24,0.0,-0.003532955242295273,0.3721479501950862
2026-04-27,1.0,0.0014997118750121553,0.3333813330233939
2026-04-28,1.0,0.015648373983508854,0.2636727051452522
2026-04-29,1.0,0.014637183255490356,0.28410281994303943
2026-04-30,1.0,0.013683847891703899,0.30397967939546466
2026-05-06,1.0,0.0020203596894874036,0.31510951820048944
2026-05-07,0.0,-0.010992199852624245,0.3110593240047197
2026-05-08,0.0,-0.03313727261886732,0.2824656550797021
2026-05-11,0.0,-0.02664719001751531,0.37374418601382303
2026-05-12,0.0,-0.030095388534453527,0.46383564889479506
2026-05-13,0.0,-0.04631302986442554,0.48086996346957395
2026-05-14,0.0,-0.036456859350752824,0.41512888970951073
2026-05-15,0.0,-0.011052712481456898,0.5490168554810759
2026-05-18,0.0,-0.0011008257303809037,0.535717012168964
2026-05-19,0.0,-0.004592453598840593,0.5499862718919779
2026-05-20,0.0,-0.0003659503568194493,0.6727813328725475
2026-05-21,0.0,-0.03230710060950366,0.4917856326443296
2026-05-22,0.0,-0.00397430342460689,0.44727203655751235
2026-05-25,0.0,-0.01525545658266908,0.4974568323104835
2026-05-26,0.0,-0.004431917004455383,0.5081066746565522
2026-05-27,0.0,-0.006610110570534208,0.5541861552182014
2026-05-28,1.0,0.01728662213793621,0.5583066645951285
2026-05-29,0.0,-0.015666861480986817,0.5474310889794594
2026-06-01,0.0,-0.042981410400479196,0.5509997282293884
2026-06-02,0.0,-0.044969489211722426,0.5421468325277796
2026-06-03,0.0,-0.0609342656900714,0.5862559144706043
2026-06-04,0.0,-0.08862460018474112,0.4988143127343464
2026-06-05,0.0,-0.06620860073463233,0.5666832363996278
2026-06-08,0.0,-0.003465986862805152,0.6000461869507081
2026-06-09,0.0,-0.005633340465665513,0.5959217823999917
2026-06-10,1.0,0.02536838756923803,0.6562189188467339
2026-06-11,1.0,0.04688358589885046,0.7787445805186286
2026-06-12,1.0,0.0057969908694865445,0.6295166017018948
2026-06-15,0.0,-0.04469287587637275,0.5049532161051731
2026-06-16,0.0,-0.04972293564113878,0.4350646495017759
2026-06-17,0.0,-0.0782132299769883,0.36553656170131443
2026-06-18,0.0,-0.06004241042261934,0.41920735754097016
2026-06-22,0.0,-0.031238002174008673,0.6355789012074241
2026-06-23,0.0,-0.018728696982398506,0.7996456098817144
2026-06-24,0.0,-0.029698761144749494,0.810171456496737
2026-06-25,1.0,0.021173337021493883,0.8871627932851879
2026-06-26,1.0,0.03131698507869574,0.8923504249783951
2026-06-29,1.0,0.02126389579063706,0.8395736686787616
2026-06-30,1.0,0.025233831874308915,0.7971994946909052
2026-07-01,1.0,0.03717044366926944,0.8180528731058997
2026-07-02,1.0,0.009164532826871985,0.7534415811612191
2026-07-03,0.0,-0.014878627904579828,0.7192781488905221
2026-07-06,0.0,-0.02439689284242522,0.6949640723887804
2026-07-07,0.0,-0.026346520039065645,0.7304916305107323
2026-07-08,0.0,-0.02542119998036438,0.7672024528050252
2026-07-09,0.0,-0.022137638879356866,0.795395398635449
2026-07-10,0.0,-0.027343292730582256,0.7584097954909051
2026-07-13,0.0,-0.013294290719362853,0.7843822604941274
2026-07-14,1.0,0.010622048885493594,0.8452675404490251
2026-07-15,1.0,0.0214254567844535,0.8357246761819659
2026-07-16,1.0,0.02238236339863793,0.8040870325490914
2026-07-17,1.0,0.008501960152806772,0.752160965649608
2026-07-20,1.0,0.02136601284564159,0.6989255720143314
2026-07-21,0.0,-0.005138734290269947,0.7221996000547755
2026-07-22,0.0,-0.016777712772076778,0.6314007633069892
2026-07-23,0.0,-0.019860465868739928,0.5941616420685493
2026-07-24,1.0,0.00804760542822833,0.6930270973669035
2026-07-27,0.0,-0.007281912880559788,0.6765829572356579
2026-07-28,1.0,0.0015579316532388183,0.7210715869468852
2026-07-29,1.0,0.029200781979923606,0.729245278302514
2026-07-30,1.0,0.05033413247390027,0.7463027003766116
2026-07-31,1.0,0.053117589047994046,0.7201496764790755
2026-08-03,1.0,0.06712641300062037,0.7620395378353234
2026-08-04,1.0,0.06914026007723584,0.6924204968359222
2026-08-05,1.0,0.05152723011560018,0.6746872999862449
